policy_index,actions,vrl_accuracy,vselect_accuracy,total_sparsity,frontier_regret_vrl,destructive,R0_reward_vrl,R0_rank_vrl,R0_utility_vrl,R0_score_vselect,R0_rank_vselect,R1a_reward_vrl,R1a_rank_vrl,R1a_utility_vrl,R1a_score_vselect,R1a_rank_vselect,R1b_reward_vrl,R1b_rank_vrl,R1b_utility_vrl,R1b_score_vselect,R1b_rank_vselect,R2_reward_vrl,R2_rank_vrl,R2_utility_vrl,R2_score_vselect,R2_rank_vselect
0,"[0, 0, 0, 0]",43.766666666666666,43.049999999999997,0,0.3333333333333357,False,1.55,177,1.5,1.55,191,-0.45000000000000001,854,-0.5,-0.45000000000000001,853,1.3202478344562079,137,1.2702478344562078,1.3202478344562079,154,1.55,516,1.5,1.55,513
1,"[0, 0, 0, 1]",44.100000000000001,43.100000000000001,6.8984600577478341,0,False,1.68040881992249,69,1.5804088199224899,1.670726760856224,89,-0.11263737834507501,571,-0.21263737834507501,-0.12231943741134108,584,1.4506566543786978,50,1.3506566543786978,1.4409745953124318,63,1.7997389365794947,268,1.6997389365794946,1.7888260228518769,282
2,"[0, 0, 0, 2]",43.600000000000001,43.100000000000001,13.798123195380173,0.13333333333333286,False,1.7322691222812963,45,1.6322691222812962,1.7397233922325475,50,0.14621281814270107,387,0.046212818142701062,0.15366708809395227,392,1.5025169567375041,28,1.402516956737504,1.5099712266887553,26,1.9672939650486552,160,1.8672939650486551,1.9757109482282538,165
3,"[0, 0, 0, 3]",43,41.100000000000001,20.696583253128008,0,False,1.7806901280377541,28,1.680690128037754,1.7390215816602002,51,0.40158762563159411,206,0.30158762563159414,0.35991907925404043,239,1.5509379624939619,15,1.4509379624939618,1.5092694161164082,27,2.1309504274013458,83,2.0309504274013457,2.0836159184485514,100
4,"[0, 0, 0, 4]",41.033333333333331,39.649999999999999,27.596246390760346,0,False,1.7822838652785098,25,1.6822838652785097,1.7574955649528998,34,0.61017125700132002,104,0.51017125700132004,0.58538295667571005,122,1.460111103007095,43,1.3601111030070949,1.435322802681485,65,2.241804424942671,27,2.1418044249426709,2.213264001719665,40
5,"[0, 0, 0, 5]",29.800000000000001,29.5,41.393166506256016,0,False,1.5352568745065815,185,1.4352568745065815,1.5418062295224906,195,0.77705186969426188,41,0.6770518696942619,0.78360122471017091,50,0.93714570992525326,375,0.83714570992525328,0.94369506494116229,366,2.1812307517099079,53,2.0812307517099078,2.1863107842655234,53
6,"[0, 0, 1, 0]",43.799999999999997,43.100000000000001,1.7252165543792108,0.30000000000000426,False,1.6183945874782932,117,1.5183945874782931,1.6189943258225377,131,-0.32984891589033072,745,-0.4298489158903307,-0.32924917754608629,744,1.3886424219345013,93,1.2886424219345012,1.3892421602787457,103,1.6480180378216653,392,1.5480180378216652,1.6487030622383774,393
7,"[0, 0, 1, 1]",43.766666666666666,42.799999999999997,8.6236766121270456,0,False,1.6862367661212705,64,1.5862367661212704,1.6775259647275425,84,-0.055052935514918383,523,-0.15505293551491839,-0.063763736908646423,526,1.4564846005774785,45,1.3564846005774784,1.4477737991837505,56,1.8335817166692012,240,1.7335817166692011,1.8237132956165698,255
8,"[0, 0, 1, 2]",43.733333333333334,42.649999999999999,15.523339749759383,0,False,1.8040909755630929,21,1.6540909755630928,1.7912961152676288,18,0.26979116805587433,294,0.11979116805587431,0.25699630776041038,302,1.5743388100193005,11,1.4243388100193006,1.5615439497238368,5,2.0691779822517633,106,1.9191779822517634,2.0546771683613674,129
9,"[0, 0, 1, 3]",42.633333333333333,40.850000000000001,22.42179980750722,0,False,1.8353756523020333,2,1.6853756523020333,1.797562945810264,11,0.50802964652724991,148,0.35802964652724989,0.47021694003548065,169,1.6056234867582413,1,1.4556234867582412,1.567810780266472,3,2.2135045476972377,39,2.0635045476972378,2.1704768754237707,58
10,"[0, 0, 1, 4]",39.899999999999999,39.399999999999999,29.321462945139558,0.033333333333331439,False,1.8106936850492632,17,1.6606936850492631,1.8160369291029634,6,0.69033757340344981,70,0.54033757340344979,0.69568081745715027,76,1.4540165916902641,46,1.3040165916902642,1.4593598357439643,45,2.294719369980831,7,2.1447193699808311,2.3001249586948842,6
11,"[0, 0, 1, 5]",29.266666666666666,29.300000000000001,43.118383060635225,0.10000000000000142,False,1.5842302890983553,147,1.4342302890983554,1.6020897539512999,146,0.8777817809174121,11,0.72778178091741208,0.89564124577035675,8,0.951614793429443,363,0.80161479342944297,0.96947425828238765,345,2.2573415730367272,18,2.1073415730367273,2.2751454254512691,14
12,"[0, 0, 2, 0]",42.399999999999999,42.450000000000003,3.4492300288739171,1.7000000000000028,False,1.5876530009741925,140,1.4876530009741924,1.6135863769437917,135,-0.3088700981595901,721,-0.40887009815959008,-0.28293672218999089,698,1.3579008354304003,113,1.2579008354304002,1.3838342113999995,109,1.6405911177742836,401,1.5405911177742835,1.6697419587943598,371
13,"[0, 0, 2, 1]",42.43333333333333,42.399999999999999,10.347690086621752,1.3000000000000043,False,1.7077800234861717,54,1.5577800234861716,1.7308288172425241,53,0.018210726084824214,463,-0.13178927391517581,0.041259519841176817,448,1.4780278579423793,36,1.3280278579423794,1.5010766516987322,29,1.8787321162094481,206,1.728732116209448,1.9046206132251835,205
14,"[0, 0, 2, 2]",42,41.25,17.247353224254091,1,False,1.7119251697139806,52,1.6119251697139805,1.7097557622076978,59,0.22934576644160312,329,0.12934576644160312,0.22717635893532054,329,1.4821730041701884,34,1.3821730041701883,1.4800035966639058,34,1.9988644642662377,147,1.8988644642662376,1.9961108017594551,153
15,"[0, 0, 2, 3]",40.666666666666664,40.299999999999997,24.145813282001924,0.36666666666666714,False,1.7852128929114128,24,1.6352128929114129,1.7956393174890088,13,0.50958729137147085,146,0.35958729137147083,0.52001371594906665,151,1.5320487928151665,21,1.3820487928151666,1.5424752173927625,14,2.1841704111550104,50,2.0341704111550105,2.1954631404008054,50
16,"[0, 0, 2, 4]",38.100000000000001,37.75,31.045476419634262,0,False,1.7662430353311485,34,1.6162430353311485,1.7757857746493042,25,0.69760732792017643,69,0.54760732792017641,0.70715006723833218,73,1.3750856724822555,104,1.2250856724822554,1.3846284118004113,108,2.2718285324076759,17,2.121828532407676,2.2816901710403399,11
17,"[0, 0, 2, 5]",28.033333333333335,27.600000000000001,44.842396535129936,0.099999999999997868,False,1.5592008122667602,167,1.4092008122667603,1.5600964392188952,180,0.90447270832065829,7,0.75447270832065827,0.90536833527279337,5,0.89210504710795357,409,0.74210504710795355,0.89300067406008876,398,2.2563579519584178,21,2.1063579519584179,2.2547369535861987,19
18,"[0, 0, 3, 0]",36.233333333333334,37.299999999999997,5.1744465832531281,7.8666666666666671,False,1.3935571086352732,289,1.2935571086352731,1.4513960337767822,258,-0.45120949386713305,855,-0.55120949386713303,-0.39337056872562404,812,1.1638049430914812,225,1.0638049430914811,1.2216438682329902,205,1.4489184339464645,604,1.3489184339464644,1.5131818631379996,552
19,"[0, 0, 3, 1]",36.733333333333334,37.299999999999997,12.072906641000962,7,False,1.5296780382302688,191,1.3796780382302687,1.5703806343542603,173,-0.10813476253970233,568,-0.25813476253970236,-0.067432166415710593,531,1.2999258726864764,146,1.1499258726864765,1.3406284688104684,142,1.7051006694950313,340,1.5551006694950311,1.75003420177935,310
20,"[0, 0, 3, 2]",35.899999999999999,36.549999999999997,18.9725697786333,7.1000000000000014,False,1.5701141212440635,157,1.4201141212440636,1.6132448615493993,136,0.13929121460306237,393,-0.010708785396937648,0.18242195490839819,371,1.3403619557002715,120,1.1903619557002714,1.3834926960056073,110,1.859769100026047,223,1.7097691000260469,1.9073138639978318,204
21,"[0, 0, 3, 3]",35.833333333333336,36.200000000000003,25.871029836381137,5.1999999999999957,False,1.5868138779525398,142,1.4868138779525397,1.6200343401756583,128,0.36294477304397377,238,0.26294477304397379,0.39616523526709224,217,1.2991454467687091,147,1.199145446768709,1.3323659089918276,149,1.9940441190797689,150,1.8940441190797688,2.0303504131654986,137
22,"[0, 0, 3, 4]",33.56666666666667,33.299999999999997,32.770692974013471,0,False,1.6281258177827853,108,1.4781258177827854,1.6379856753847339,113,0.61124660700318956,103,0.46124660700318953,0.62110646460513819,104,1.2024641238463083,204,1.0524641238463082,1.2123239814482569,209,2.143300178476764,73,1.9933001784767639,2.1527616543313486,72
23,"[0, 0, 3, 5]",22.866666666666667,22.699999999999999,46.567613089509145,0,False,1.3993775779628752,282,1.2493775779628751,1.4066168974456139,290,0.79640597064814944,37,0.64640597064814942,0.80364529013088837,41,0.69777748171648435,556,0.54777748171648433,0.70501680119922328,541,2.1033450619450318,91,1.9533450619450317,2.1080452789824706,97
24,"[0, 0, 4, 0]",30.800000000000001,31.5,6.8984600577478341,13.300000000000001,True,1.224582468056534,440,1.1245824680565339,1.2665455761872346,403,-0.56846373021103103,937,-0.668463730211031,-0.52650062208033044,902,0.99483030251274174,330,0.89483030251274176,1.0367934106434424,296,1.2855636788475362,737,1.1855636788475361,1.3309312860097715,676
25,"[0, 0, 4, 1]",30.466666666666665,31.350000000000001,13.796920115495668,13.266666666666669,True,1.3321428492890006,334,1.1821428492890007,1.3803036959284762,305,-0.25394954724612939,679,-0.40394954724612941,-0.205788700606654,642,1.1023906837452087,253,0.95239068374520852,1.1505515303846838,233,1.5095294195507418,555,1.3595294195507419,1.5618625720195429,500
26,"[0, 0, 4, 2]",30.066666666666666,30.5,20.696583253128008,12.933333333333334,True,1.3874304174513106,296,1.2374304174513107,1.4196836025661232,280,0.0083279150451508466,468,-0.14167208495484918,0.040581100159963746,449,1.1576782519075186,227,1.0076782519075185,1.1899314370223313,217,1.6809504274013456,362,1.5309504274013457,1.7151948658169722,339
27,"[0, 0, 4, 3]",28.233333333333334,28.550000000000001,27.595043310875841,12.799999999999997,True,1.393581811631226,288,1.2435818116312261,1.4207239522725215,278,0.2214331109575014,336,0.071433110957501378,0.2485752515987969,316,1.0714331109575015,275,0.92143311095750147,1.098575251598797,253,1.7969264773829021,272,1.646926477382902,1.8250735202477961,254
28,"[0, 0, 4, 4]",26.466666666666665,28.75,34.494706448508182,3.3333333333333357,True,1.3520300804789889,318,1.2520300804789888,1.4466892247638277,261,0.38687127393423426,215,0.28687127393423428,0.48153041821907305,160,0.89188811705261728,410,0.7918881170526173,0.98654726133745607,321,1.8655124336871141,220,1.765512433687114,1.9698531824662784,168
29,"[0, 0, 4, 5]",19.833333333333332,21,48.291626564003849,0,True,1.3126573166682181,353,1.1626573166682181,1.3646235827132092,315,0.76140611358833366,52,0.61140611358833363,0.81337237963332476,36,0.5765769509319334,699,0.42657695093193337,0.6285432169769245,624,2.0327738120007424,121,1.8827738120007425,2.0876368071173999,98
30,"[0, 0, 5, 0]",6.833333333333333,6.5499999999999998,10.348893166506256,36.899999999999999,True,0.43768542823779677,1292,0.33768542823779674,0.431711928180742,1295,-1.2518477767670155,1277,-1.3518477767670156,-1.2578212768240702,1274,0.20793326269400461,1213,0.10793326269400461,0.2019597626369499,1222,0.45247604315066015,1288,0.35247604315066017,0.43952162101284142,1291
31,"[0, 0, 5, 1]",7,6.7999999999999998,17.247353224254091,36,True,0.56238213848778085,1228,0.41238213848778082,0.55940733015194866,1239,-0.92019726478459629,1142,-1.0701972647845963,-0.92317207312042859,1142,0.33262997294398872,1042,0.18262997294398869,0.32965516460815647,1046,0.69577168076108287,1183,0.54577168076108284,0.68624238070682342,1186
32,"[0, 0, 5, 2]",6.8666666666666663,6.3499999999999996,24.147016361886429,34.166666666666664,True,0.62680908212609965,1164,0.47680908212609963,0.61272451901956115,1184,-0.64878042701730743,994,-0.79878042701730745,-0.66286499012384581,998,0.37362092043216316,972,0.22362092043216314,0.35953635732562472,996,0.87750196696220184,1072,0.72750196696220182,0.8553641481884634,1082
33,"[0, 0, 5, 3]",6.666666666666667,6.0999999999999996,31.045476419634262,31.433333333333334,True,0.68893915109657111,1099,0.53893915109657109,0.67299831820331124,1115,-0.37969655631440091,793,-0.52969655631440093,-0.39563738920766078,816,0.29778178824767804,1106,0.14778178824767801,0.28184095535441817,1134,1.0566223468406655,947,0.90662234684066556,1.0323480657771822,952
34,"[0, 0, 5, 4]",7.7999999999999998,7.3499999999999996,37.9451395572666,22,True,0.7967781282459333,936,0.64677812824593328,0.78554895654827572,937,-0.064867685036068656,535,-0.21486768503606868,-0.076096856733726237,544,0.2676275026443935,1153,0.11762750264439345,0.25639833094673592,1175,1.2873217052067329,733,1.137321705206733,1.2685750964167166,735
35,"[0, 0, 5, 5]",6.4333333333333336,6.0999999999999996,51.742059672762274,2.2999999999999989,True,0.83790803008634318,866,0.7379080300863432,0.8299641507345914,863,0.25080504644822954,309,0.15080504644822956,0.2428611670964777,322,0.032819002174889894,1277,-0.067180997825110111,0.024875122823138029,1278,1.5581913309430424,513,1.4581913309430423,1.5429376684362599,520
36,"[0, 1, 0, 0]",43.666666666666664,42.75,0.55341674687199227,0.43333333333333712,False,1.6021069016652165,130,1.5021069016652164,1.5950812057962462,153,-0.3812905959286238,796,-0.48129059592862378,-0.38831629179759408,807,1.3723547361214243,105,1.2723547361214242,1.3653290402524541,125,1.6111239187306987,439,1.5111239187306986,1.6031477928489841,440
37,"[0, 1, 0, 1]",43.93333333333333,42.700000000000003,7.4518768046198272,0,False,1.6802308777187041,70,1.580230877718704,1.6623236460949791,93,-0.09621281814270119,558,-0.1962128181427012,-0.11412004976642617,577,1.4504787121749119,51,1.3504787121749118,1.4325714805511869,68,1.8082855357225645,259,1.7082855357225644,1.7880264472798084,284
38,"[0, 1, 0, 2]",43.299999999999997,42.700000000000003,14.351539942252165,0.43333333333333712,False,1.7775214923395053,30,1.6275214923395054,1.7813202774713024,23,0.20806769060707053,352,0.05806769060707051,0.21186647573886741,344,1.5477693267957133,17,1.3977693267957134,1.5515681119275104,10,2.0206859250164668,130,1.8706859250164667,2.0249113726561849,140
39,"[0, 1, 0, 3]",42.399999999999999,40.450000000000003,21.25,0.23333333333333428,False,1.815660700685453,15,1.6656607006854531,1.7719076655052266,29,0.45316070068545311,170,0.30316070068545309,0.40940766550522667,208,1.5859085351416611,7,1.4359085351416612,1.5421554999614346,15,2.1727444492248273,58,2.0227444492248274,2.1229479218238509,92
40,"[0, 1, 0, 4]",40.700000000000003,39.049999999999997,28.149663137632338,0,False,1.8263938134022184,4,1.6763938134022185,1.792123809076672,17,0.67088370753118864,77,0.52088370753118862,0.63661370320564203,96,1.493152716193364,32,1.3431527161933638,1.4588827118678172,46,2.2939077251166684,8,2.1439077251166685,2.2545696893054905,20
41,"[0, 1, 0, 5]",29.666666666666668,29,41.946583253128004,0,False,1.5862213542372969,144,1.436221354237297,1.579918794203754,167,0.84461885183113716,21,0.69461885183113714,0.83831629179759426,23,0.977041854718529,344,0.82704185471852898,0.9707392946849861,342,2.2410660106467915,29,2.0910660106467915,2.2315638402724018,30
42,"[0, 1, 1, 0]",43.93333333333333,43.100000000000001,2.2786333012512032,0.1666666666666714,False,1.6284984426850178,106,1.5284984426850177,1.6245284932912576,122,-0.30314255827744618,719,-0.40314255827744616,-0.30711250767120635,721,1.3987462771412256,83,1.2987462771412255,1.3947763277474654,96,1.668162575109065,375,1.5681625751090649,1.6636929603505193,378
43,"[0, 1, 1, 1]",43.5,42.700000000000003,9.1770933589990378,0.23333333333333428,False,1.6826315581139812,67,1.5826315581139812,1.6795758116387711,82,-0.042055641116047621,514,-0.14205564111604763,-0.04511138759125774,512,1.4528793925701891,47,1.352879392570189,1.4498236460949792,54,1.8382623364308277,237,1.7382623364308276,1.8347558253076592,248
44,"[0, 1, 1, 2]",43.600000000000001,42.399999999999999,16.076756496631376,0,False,1.8050554552938083,20,1.6550554552938082,1.7881194813426204,19,0.28735815019274924,278,0.13735815019274922,0.27042217624156162,290,1.5753032897500159,10,1.425303289750016,1.5583673157988285,7,2.0790132411886475,102,1.9290132411886476,2.0597986454208774,125
45,"[0, 1, 1, 3]",41.966666666666669,40.350000000000001,22.975216554379212,0,False,1.8180613810807307,12,1.6680613810807305,1.7856755104915276,21,0.5073178777121069,149,0.35731787771210688,0.47493200712290384,165,1.5883092155369383,6,1.4383092155369384,1.5559233449477352,8,2.202721249933091,44,2.0527212499330911,2.1657299314306493,63
46,"[0, 1, 1, 4]",39.93333333333333,39.149999999999999,29.87487969201155,0,False,1.8173702744524842,13,1.6673702744524841,1.8128602951779551,8,0.71361666521283063,66,0.5636166652128306,0.70910668593830173,71,1.4496248461560453,53,1.2996248461560453,1.4451148668815166,58,2.3109979278867869,5,2.160997927886787,2.3052464357543943,5
47,"[0, 1, 1, 5]",29.366666666666667,29.050000000000001,43.67179980750722,0,False,1.5931917223705785,135,1.4431917223705786,1.5989131200262916,148,0.90334571659579521,8,0.75334571659579519,0.90906711425150832,4,0.94950789176422634,365,0.79950789176422632,0.95522928941993945,356,2.2761974505303129,16,2.1261974505303129,2.2802669025107791,12
48,"[0, 1, 2, 0]",41.93333333333333,42.299999999999997,4.0026467757459097,2.1666666666666714,False,1.6271932613598961,109,1.4771932613598961,1.6638940635762745,92,-0.25272733536772651,677,-0.40272733536772654,-0.21602653315134812,649,1.3974410958161041,85,1.247441095816104,1.4341418980324825,67,1.6875397787730231,352,1.5375397787730229,1.7288108042749224,322
49,"[0, 1, 2, 1]",42.133333333333333,41.649999999999999,10.901106833493744,1.6000000000000014,False,1.7030323935443814,55,1.5530323935443815,1.7102305805300593,58,0.030065598549193662,452,-0.11993440145080636,0.03726378553487153,452,1.4732802280005894,37,1.3232802280005893,1.4804784149862673,33,1.8821240761772602,202,1.7321240761772603,1.8900052481794303,214
50,"[0, 1, 2, 2]",41.799999999999997,40.549999999999997,17.800769971126083,1.2000000000000028,False,1.7606048055756935,37,1.6106048055756936,1.7408996857739787,47,0.29462790470947609,273,0.14462790470947606,0.27492278490776123,285,1.5308526400319016,22,1.3808526400319014,1.5111475202301867,25,2.0561224036154924,108,1.9061224036154925,2.0334691209242286,134
51,"[0, 1, 2, 3]",40.166666666666664,39.5,24.699230028873917,0.86666666666666714,False,1.8236107313626155,7,1.6236107313626156,1.8232989204977983,4,0.56458763222883301,127,0.36458763222883306,0.56427582136401577,130,1.5593782963289293,12,1.3593782963289294,1.5590664854641121,6,2.2298304123599362,31,2.029830412359936,2.2288740911445264,31
52,"[0, 1, 2, 4]",37.700000000000003,37.450000000000003,31.598893166506254,0,False,1.8080681395858549,19,1.6080681395858549,1.8208669804455504,5,0.75603493458104243,55,0.55603493458104247,0.76883377544073794,55,1.4058424417995219,75,1.2058424417995219,1.4186412826592174,81,2.3213545129940449,3,2.1213545129940448,2.3348379638893242,2
53,"[0, 1, 2, 5]",28.133333333333333,27.350000000000001,45.395813282001924,0,False,1.6181622455389835,119,1.4181622455389835,1.6069198052938869,143,0.98003664399904111,1,0.78003664399904116,0.96879420375394476,1,0.93999814544273708,372,0.73999814544273712,0.92875570519764072,377,2.3252138294520028,2,2.1252138294520027,2.3098584306457091,4
54,"[0, 1, 3, 0]",36.100000000000001,37.450000000000003,5.7278633301251203,8,False,1.4445215883659883,248,1.2945215883659884,1.5121566820817391,216,-0.3836425117302581,802,-0.53364251173025812,-0.31600741801450749,728,1.2147694228221964,195,1.0647694228221964,1.2824045165379467,173,1.5087536928833485,557,1.3587536928833484,1.5840928138817207,462
55,"[0, 1, 3, 1]",36.43333333333333,37.200000000000003,12.626323387872954,7.3000000000000043,False,1.524930408288478,193,1.3749304082884781,1.5724304812654895,172,-0.096279890075333108,559,-0.24627989007533313,-0.048779817098321909,516,1.2951782427446861,149,1.1451782427446859,1.342678315721697,140,1.7084926294628429,337,1.5584926294628429,1.7610767314704394,303
56,"[0, 1, 3, 2]",35.833333333333336,36.299999999999997,19.525986525505292,7.1666666666666643,False,1.6233634448437813,113,1.4233634448437813,1.660068227624391,96,0.2091430406089399,349,0.0091430406089398897,0.24584782338954964,320,1.3936112792999891,89,1.1936112792999891,1.4303160620805988,70,1.9221816785505601,177,1.7221816785505601,1.9624353410573423,173
57,"[0, 1, 3, 3]",35.200000000000003,35.700000000000003,26.424446583253129,5.8333333333333286,False,1.6206420286657379,115,1.4706420286657378,1.6581469048569217,98,0.41337542616333156,197,0.26337542616333154,0.45088030235451559,178,1.3219052625444672,136,1.1719052625444673,1.3594101387356514,128,2.0345494811094365,120,1.8845494811094363,2.075603469172377,105
58,"[0, 1, 3, 4]",32.966666666666669,32.950000000000003,33.324109720885467,0.10000000000000142,False,1.6630963904304845,80,1.4630963904304846,1.6813247209022346,79,0.66281968205704866,80,0.4628196820570486,0.68104801252879876,81,1.2263663615565674,188,1.0263663615565675,1.2445946920283175,197,2.185094200300246,48,1.9850942003002461,2.2039357629698069,44
59,"[0, 1, 3, 5]",22.800000000000001,22.600000000000001,47.121029836381133,0,False,1.4526269015625928,242,1.2526269015625928,1.4586667443568426,255,0.8662577966540268,14,0.66625779665402685,0.87229763944827665,15,0.73995847037876228,520,0.53995847037876232,0.74599831317301213,509,2.1657576404695447,66,1.9657576404695445,2.1690878086735599,60
60,"[0, 1, 4, 0]",29.933333333333334,30.199999999999999,7.4518768046198272,13.999999999999996,True,1.2504136652282241,420,1.1004136652282241,1.2767835764085675,392,-0.52603003063318099,902,-0.67603003063318101,-0.4996601194528375,884,1.0206614996844321,311,0.87066149968443196,1.0470314108647756,285,1.3170484223205028,700,1.1670484223205027,1.3446053946482293,668
61,"[0, 1, 4, 1]",29.666666666666668,30.5,14.35033686236766,14.066666666666666,True,1.3102588903296937,358,1.1602588903296935,1.3562211386585199,325,-0.25923100379927655,685,-0.40923100379927657,-0.2132687554704501,648,1.0805067247859013,267,0.93050672478590135,1.1264689731147279,248,1.4935914826113375,567,1.3435914826113375,1.5432998385527372,519
62,"[0, 1, 4, 2]",29.399999999999999,29.550000000000001,21.25,13.233333333333334,True,1.4201161462300076,264,1.2201161462300076,1.4421167247386759,262,0.057616146230007603,434,-0.14238385376999241,0.079616724738675926,424,1.1903639806862156,208,0.99036398068621556,1.212364559194884,208,1.7201671296371985,325,1.5201671296371986,1.7426847639291141,315
63,"[0, 1, 4, 3]",27.699999999999999,28.050000000000001,28.148460057747833,13.000000000000004,True,1.4308372281479276,259,1.2308372281479276,1.4588365169537849,254,0.27529102988036264,289,0.075291029880362625,0.30329031868621997,263,1.0976201925367632,257,0.89762019253676317,1.1256194813426206,249,1.841297818794013,234,1.641297818794013,1.870326576254675,230
64,"[0, 1, 4, 4]",26.266666666666666,27.949999999999999,35.048123195380171,3.533333333333335,True,1.4007097163407018,280,1.2507097163407019,1.4743488277726171,243,0.45215341220210714,172,0.30215341220210712,0.52579252363402218,148,0.92949941797689073,380,0.77949941797689071,1.0031385294088058,309,1.9227703730363692,176,1.7727703730363691,2.0032641332099992,147
65,"[0, 1, 4, 5]",19.766666666666666,20.550000000000001,48.845043310875845,0,True,1.3659066402679358,310,1.1659066402679359,1.4044783076732184,294,0.83125793959421124,24,0.63125793959421117,0.86982960699949374,16,0.6187579395942111,646,0.41875793959421109,0.65732960699949372,592,2.0951863905252557,94,1.8951863905252557,2.1348635473348057,83
66,"[0, 1, 5, 0]",6.7999999999999998,6.3499999999999996,10.902309913378248,36.933333333333337,True,0.49207717377201554,1275,0.34207717377201552,0.4802774545344794,1285,-1.1808535288266371,1251,-1.3308535288266372,-1.1926532480641732,1250,0.26232500822822341,1161,0.1123250082282234,0.25052528899068727,1180,0.51617728146898767,1269,0.36617728146898765,0.49661678228287803,1276
67,"[0, 1, 5, 1]",6.833333333333333,6.5,17.800769971126083,36.166666666666664,True,0.56220419628399498,1229,0.41220419628399502,0.55448853594819469,1246,-0.90377270458222247,1135,-1.0537727045822225,-0.91148836491802265,1134,0.33245203074020291,1043,0.18245203074020289,0.32473637040440256,1058,0.70431827990415241,1179,0.55431827990415239,0.68939017355580734,1184
68,"[0, 1, 5, 2]",6.833333333333333,6.1500000000000004,24.700433108758421,34.199999999999996,True,0.68120082766031831,1105,0.48120082766031835,0.66129004537329861,1123,-0.5777861790769292,942,-0.77778617907692915,-0.5976969613639489,952,0.41694433102894213,902,0.21694433102894209,0.3970335487419222,939,0.94120320528052925,1027,0.74120320528052919,0.91245930945849985,1033
69,"[0, 1, 5, 3]",6.6333333333333337,6.2999999999999998,31.598893166506254,31.06666666666667,True,0.74333089663078988,1008,0.54333089663078993,0.73550112678701374,1020,-0.30870230837402252,720,-0.50870230837402253,-0.31653207821779866,729,0.341105198844457,1027,0.14110519884445699,0.33327542900068086,1038,1.120323585158993,873,0.92032358515899293,1.1052327007314291,873
70,"[0, 1, 5, 4]",7.6333333333333337,7.3499999999999996,38.498556304138596,22.166666666666668,True,0.84660018604214771,848,0.64660018604214764,0.84108312401699581,843,0.0015568751663054825,478,-0.19844312483369453,-0.0039601868588464151,479,0.30638122550316782,1093,0.10638122550316781,0.30086416347801592,1102,1.3458683043498028,678,1.1458683043498028,1.3335649945288586,673
71,"[0, 1, 5, 5]",6.4333333333333336,6.0999999999999996,52.295476419634262,1.0999999999999996,True,0.89344219755506316,771,0.74344219755506313,0.88549831820331137,772,0.27866837657335003,287,0.12866837657335001,0.27072449722159819,289,0.077284834706170036,1262,-0.072715165293829986,0.069340955354418171,1268,1.6231812290551839,422,1.473181229055184,1.6079275665484016,434
72,"[0, 2, 0, 0]",42.399999999999999,42.049999999999997,1.1092396535129934,1.7000000000000028,False,1.5642530972205833,163,1.4642530972205832,1.576249190960217,168,-0.40246971317402702,816,-0.502469713174027,-0.39047361943439329,810,1.3345009316767911,124,1.234500931676791,1.3464970254164248,137,1.5772099181479446,481,1.4772099181479446,1.5905712854838101,451
73,"[0, 2, 0, 1]",41.833333333333336,41.549999999999997,8.0076997112608286,1.93333333333333,False,1.663816524911542,79,1.5138165249115421,1.6778121887502389,83,-0.095952483750633255,557,-0.24595248375063328,-0.081956819911936374,550,1.43406435936775,62,1.2840643593677499,1.4480600232064469,55,1.7921550402944497,276,1.6421550402944498,1.8076867820198976,268
74,"[0, 2, 0, 2]",42.200000000000003,41.75,14.907362848893166,1.5333333333333314,False,1.6953797975673781,59,1.595379797567378,1.7037774612415451,62,0.14260068303417298,391,0.04260068303417297,0.15099834670833992,394,1.4656276320235861,40,1.3656276320235861,1.4740252956977531,37,1.9432152234027855,167,1.8432152234027854,1.9524664442383797,179
75,"[0, 2, 0, 3]",40.733333333333334,40.149999999999999,21.805822906641001,1.8999999999999986,False,1.7640978330268062,35,1.6140978330268061,1.7670129328991626,33,0.41827252022603612,192,0.26827252022603609,0.4211876200983925,197,1.5343456674830143,20,1.3843456674830141,1.5372607673553706,18,2.1233665311163006,85,1.9733665311163007,2.1261608881428877,90
76,"[0, 2, 0, 4]",39.033333333333331,38.350000000000001,28.705486044273339,0.89999999999999858,False,1.7748309457435711,32,1.6248309457435712,1.773291794240643,27,0.63599552707177143,92,0.4859955270717714,0.63445637556884327,97,1.4304733904018967,63,1.2804733904018966,1.4289342388989685,71,2.2445298070081412,25,2.0945298070081413,2.2419931819403169,26
77,"[0, 2, 0, 5]",29.300000000000001,28.350000000000001,42.502406159769009,0.06666666666666643,False,1.5792129420241943,148,1.4292129420241944,1.5628289396464705,177,0.85428512681726454,18,0.70428512681726452,0.83790112443954079,24,0.95891698437260631,360,0.80891698437260628,0.94253298199488256,367,2.2419458244970278,26,2.0919458244970279,2.2209610171177547,36
78,"[0, 2, 1, 0]",42.43333333333333,42.450000000000003,2.8344562078922042,1.6666666666666714,False,1.6326476846988762,101,1.4826476846988761,1.6574386387339746,100,-0.2823186290643579,706,-0.43231862906435792,-0.25752767502925955,677,1.4028955191550838,80,1.2528955191550839,1.4276864731901822,73,1.6752279559696097,368,1.5252279559696096,1.7030901371958715,351
79,"[0, 2, 1, 1]",42.200000000000003,42.049999999999997,9.7329162656400392,1.5333333333333314,False,1.6936353317348467,61,1.5436353317348468,1.7124859570814874,56,-0.014377180295951919,492,-0.16437718029595194,0.0044734450506885848,469,1.4638831661910547,42,1.3138831661910548,1.482733791537695,32,1.8530596760542597,227,1.7030596760542596,1.8741530021530113,228
80,"[0, 2, 1, 2]",42.466666666666669,42,16.632579403272377,0.53333333333333144,False,1.7717713385871794,33,1.6217713385871795,1.7797404281790654,24,0.27074872068535061,292,0.12074872068535059,0.27871781027723663,281,1.5420191730433874,18,1.3920191730433873,1.5499882626352735,11,2.0502538797811516,109,1.9002538797811517,2.0590642433188617,126
81,"[0, 2, 1, 3]",40.866666666666667,40.200000000000003,23.53103946102021,0.1666666666666643,False,1.8359196863086029,1,1.635919686308603,1.8360072587217005,2,0.54185087013920907,135,0.34185087013920912,0.54193844255230661,142,1.5950510626319907,2,1.3950510626319907,1.5951386350450882,1,2.2252505483194094,36,2.0252505483194092,2.2248639503812653,32
82,"[0, 2, 1, 4]",38.366666666666667,38.350000000000001,30.430702598652552,0,False,1.8192346725973403,10,1.6192346725973403,1.8405439597844351,1,0.73215575055691695,59,0.53215575055691688,0.75346503774401175,56,1.4403727861680815,57,1.2403727861680816,1.4616820733551763,43,2.3154859891597037,4,2.1154859891597035,2.3387225599681685,1
83,"[0, 2, 1, 5]",29.033333333333335,28.300000000000001,44.227622714148218,0,False,1.6373257320919772,97,1.4373257320919772,1.6283389449115171,120,0.96415441351642373,2,0.76415441351642377,0.95516762633596364,2,0.98252544335280501,342,0.78252544335280505,0.97353865617234492,338,2.3283659241743635,1,2.1283659241743633,2.3157167109350789,3
84,"[0, 2, 2, 0]",40.266666666666666,40.200000000000003,4.5584696823869102,3.8333333333333357,False,1.5256303937012492,192,1.4256303937012491,1.5462815609353675,193,-0.33761551582714355,758,-0.43761551582714353,-0.31696434859302525,732,1.295878228157457,148,1.1958782281574569,1.3165293953915753,157,1.5881618606644963,471,1.4881618606644962,1.6109711390150119,427
85,"[0, 2, 2, 1]",39.93333333333333,39.950000000000003,11.456929740134745,3.8000000000000043,False,1.6331907749337162,100,1.4831907749337161,1.6565553601191176,101,-0.023101332862241475,502,-0.1731013328622415,0.0002632523231601569,475,1.4034386093899238,79,1.2534386093899239,1.4268031945753257,74,1.8121276013677021,252,1.6621276013677022,1.8379550566037306,245
86,"[0, 2, 2, 2]",39.966666666666669,39.549999999999997,18.356592877767085,3.0333333333333314,False,1.6533298282445408,86,1.5533298282445407,1.6616147092654758,95,0.20402761457755317,355,0.10402761457755316,0.21231249559848822,343,1.4235776627007486,65,1.3235776627007485,1.4318625437216836,69,1.9503011865378936,163,1.8503011865378935,1.9590505082958969,174
87,"[0, 2, 2, 3]",38.533333333333331,38.399999999999999,25.255052935514918,2.5,False,1.7231902856384695,50,1.5731902856384696,1.7405296234318044,49,0.48084187370391729,159,0.33084187370391727,0.49818121149725192,155,1.4478413924719633,54,1.2978413924719634,1.4651807302652982,41,2.1317411540452231,82,1.981741154045223,2.1505081100951418,73
88,"[0, 2, 2, 4]",35.766666666666666,36.700000000000003,32.154716073147256,0,False,1.6973658964511986,57,1.5473658964511985,1.7502928053307758,40,0.6620073786456161,81,0.51200737864561607,0.7149342875251935,67,1.2840237405320454,159,1.1340237405320455,1.336950649411623,145,2.211667316535002,40,2.0616673165350021,2.2702877723136239,15
89,"[0, 2, 2, 5]",26.966666666666665,25.949999999999999,45.951636188642929,0,False,1.5337357068978537,187,1.3837357068978535,1.5136975465554188,213,0.91228479255714146,6,0.76228479255714143,0.89224663221470679,10,0.84445514866878713,439,0.6944551486687871,0.82441698832635246,447,2.2451658082506927,24,2.0951658082506928,2.2196503443331665,38
90,"[0, 2, 3, 0]",32.133333333333333,34.350000000000001,6.2836862367661217,11.966666666666669,False,1.3141316072267624,352,1.1641316072267625,1.409700973865919,287,-0.49735780567025378,886,-0.64735780567025381,-0.40178843903109718,822,1.0843794416829704,263,0.93437944168297038,1.179948808322127,221,1.3704582490016253,656,1.2204582490016251,1.4767794644112837,574
91,"[0, 2, 3, 1]",32.133333333333333,33.899999999999999,13.182146294513956,11.600000000000001,False,1.4331162078042408,257,1.2331162078042408,1.5130061319346864,214,-0.17141940336034039,619,-0.37141940336034041,-0.091529479229894795,561,1.2033640422604486,203,1.0033640422604486,1.2832539663908942,171,1.6073105876429754,446,1.4073105876429755,1.6958686451578968,356
92,"[0, 2, 3, 2]",32.100000000000001,33.350000000000001,20.081809432146294,10.899999999999999,False,1.4509704172460633,243,1.3009704172460632,1.5128390002448082,215,0.05342470021045187,437,-0.096575299789548152,0.11529328320919674,408,1.2212182517022709,190,1.071218251702271,1.2830868347010158,172,1.7429068532255378,308,1.5929068532255379,1.8110430442184842,266
93,"[0, 2, 3, 3]",31.333333333333332,32.799999999999997,26.98026948989413,9.6999999999999993,False,1.493679313330015,212,1.3436793133300151,1.5626598377560841,178,0.30308739802683893,263,0.15308739802683891,0.37206792245290798,230,1.1838260890759247,211,1.0338260890759245,1.2528066135019937,191,1.9001200166091565,192,1.7501200166091564,1.976184856544045,164
94,"[0, 2, 3, 4]",29.5,31.149999999999999,33.879932627526465,0.43333333333333357,False,1.5498427383087756,178,1.3498427383087757,1.6241651799338013,123,0.56624071713456958,125,0.36624071713456963,0.64056315875959524,91,1.1019962513020385,254,0.90199625130203853,1.1763186929270641,222,2.0661286533257393,107,1.8661286533257393,2.1479382029730534,75
95,"[0, 2, 3, 5]",20.733333333333334,21.300000000000001,47.676852743022138,0,False,1.387354970689932,297,1.187354970689932,1.418928806175866,281,0.81766055298059626,30,0.61766055298059619,0.84923438846653032,21,0.66357008137328144,592,0.46357008137328137,0.6951439168592155,552,2.1009158048352443,92,1.9009158048352444,2.1328270907820701,84
96,"[0, 2, 4, 0]",24.866666666666667,26.449999999999999,8.0076997112608286,18.899999999999999,True,1.0823237602504605,550,0.9323237602504606,1.1516797845690543,497,-0.67744524841171472,1010,-0.82744524841171474,-0.60808922409312094,961,0.85257159470666843,425,0.70257159470666841,0.92192761902526221,383,1.1362272052429034,861,0.9862272052429033,1.21163415044095,793
97,"[0, 2, 4, 1]",24.800000000000001,26.550000000000001,14.906159769008662,18.933333333333334,True,1.1990235169589367,457,0.99902351695893676,1.2741487057040239,393,-0.35379168997080351,774,-0.55379168997080352,-0.27866650122571629,695,0.96927135141514453,351,0.76927135141514458,1.0443965401602318,286,1.3705022242966249,655,1.170502224296625,1.4524338575033529,596
98,"[0, 2, 4, 2]",24.733333333333334,26,21.805822906641001,17.899999999999999,True,1.2157353044662575,444,1.0657353044662576,1.2739815740141451,394,-0.13009000833451234,589,-0.28009000833451236,-0.071843738786624756,536,0.98598313892246559,339,0.83598313892246556,1.0442294084703532,287,1.5048098300853727,561,1.3548098300853728,1.5676082565639402,482
99,"[0, 2, 4, 3]",23.266666666666666,24.350000000000001,28.704282964388835,16.666666666666664,True,1.2844533399256857,384,1.0844533399256857,1.3354748853930172,343,0.14558182885735066,389,-0.054418171142649352,0.19660337432468228,357,0.94011984618170108,371,0.74011984618170112,0.99114139164903281,316,1.684961137798888,355,1.4849611377988881,1.739329016257922,318
100,"[0, 2, 4, 4]",22.866666666666667,23.850000000000001,35.603946102021176,6.9333333333333336,True,1.2897409080879956,381,1.1397409080879954,1.3370499139818843,340,0.35785929114863069,241,0.20785929114863066,0.40516829704251967,212,0.80741415159136409,469,0.65741415159136407,0.85472315748525307,426,1.8063821456494917,260,1.6563821456494916,1.8564770995290361,237
101,"[0, 2, 4, 5]",17.566666666666666,18.5,49.400866217516842,0.06666666666666643,True,1.2960650216572704,378,1.0960650216572705,1.338607965311057,339,0.77809100818277566,40,0.5780910081827757,0.82063395183656218,31,0.53779986285072567,748,0.33779986285072572,0.5803428065045122,689,2.0251899157156976,128,1.8251899157156977,2.0689975662854212,111
102,"[0, 2, 5, 0]",5.5333333333333332,5.1500000000000004,11.45813282001925,38.200000000000003,True,0.45422336932738216,1289,0.30422336932738214,0.44402383691099395,1292,-1.2020326460720403,1259,-1.3520326460720402,-1.2122321784884287,1261,0.22447120378359003,1201,0.074471203783589998,0.21427167136720182,1210,0.48226328088623377,1282,0.33226328088623375,0.46430343281244107,1286
103,"[0, 2, 5, 1]",5.4333333333333336,5.0499999999999998,18.356592877767085,37.566666666666663,True,0.56978070410135717,1222,0.3697807041013571,0.55952411693098103,1238,-0.87952150956563035,1124,-1.0795215095656303,-0.8897780967360065,1125,0.34002853855756499,1031,0.14002853855756497,0.32977195138718884,1045,0.71524964014614101,1172,0.51524964014614094,0.69720840303273879,1174
104,"[0, 2, 5, 2]",5.2333333333333334,4.9500000000000002,25.256256015399423,35.799999999999997,True,0.58192280387067363,1210,0.43192280387067361,0.57503642774981312,1216,-0.66038951566734372,1002,-0.81038951566734374,-0.66727589178820423,1001,0.30654984910647731,1091,0.15654984910647726,0.2996634729856168,1105,0.84440260675963108,1098,0.69440260675963106,0.83014595998806306,1099
105,"[0, 2, 5, 3]",5.2999999999999998,5.2000000000000002,32.154716073147256,30.466666666666665,True,0.70319224831715421,1076,0.50319224831715426,0.70273182972101966,1068,-0.33216626948842815,747,-0.53216626948842816,-0.33262668808456269,746,0.28985009239800125,1119,0.089850092398001222,0.28938967380186664,1125,1.0838322649886103,920,0.88383226498861034,1.0768667196820449,907
106,"[0, 2, 5, 4]",6.166666666666667,5.7999999999999998,39.054379210779594,23.633333333333333,True,0.80189184999050722,928,0.60189184999050727,0.79263438444229073,931,-0.026476773686104849,505,-0.22647677368610486,-0.035734239234321452,505,0.25055643131870758,1179,0.050556431318707573,0.24129896577049098,1190,1.3042223450041623,715,1.1042223450041624,1.2874358555847374,717
107,"[0, 2, 5, 5]",5.7666666666666666,5.2999999999999998,52.851299326275267,1.7666666666666666,True,0.87615198793145044,796,0.72615198793145042,0.86318198280979108,804,0.23358702161768699,326,0.083587021617686968,0.22061701649602766,335,0.048878166949737123,1274,-0.1011218330502629,0.035908161828077795,1276,1.61246310476109,436,1.4624631047610899,1.5914036907621751,450
108,"[0, 3, 0, 0]",38.333333333333336,38.549999999999997,1.6626564003849855,5.7666666666666657,False,1.4304117886801637,260,1.3304117886801636,1.4598321389167419,253,-0.51970851930828699,896,-0.61970851930828696,-0.4902881690717088,875,1.2006596231363715,205,1.1006596231363714,1.2300799733729497,202,1.4349833214147258,618,1.3349833214147258,1.4674032888591098,583
109,"[0, 3, 0, 1]",38.399999999999999,38.75,8.5611164581328207,5.3666666666666671,False,1.5516812331266441,175,1.4016812331266442,1.5857853806092028,158,-0.19148527312937114,637,-0.34148527312937116,-0.15738112564681239,613,1.3219290675828521,135,1.171929067582852,1.3560332150654109,130,1.6744129796437046,371,1.5244129796437047,1.7121503643425657,342
110,"[0, 3, 0, 2]",37.466666666666669,38.049999999999997,15.460779595765159,6.2666666666666657,False,1.5886900503369357,139,1.4386900503369358,1.6303917680830868,117,0.052513438209890739,441,-0.097486561790109283,0.094215155956041907,415,1.3589378847931437,112,1.2089378847931438,1.4006396025392949,91,1.8252154307932775,242,1.6752154307932776,1.871403710771574,229
111,"[0, 3, 0, 3]",36.633333333333333,37.450000000000003,22.359239653512994,6,False,1.5791141025518856,149,1.4791141025518855,1.6284704453156178,119,0.24989129215727526,312,0.14989129215727526,0.29924763492100748,269,1.3493619370080936,115,1.2493619370080935,1.3987182797718258,94,1.9298512745892673,172,1.8298512745892672,1.9845718388866087,159
112,"[0, 3, 0, 4]",35.033333333333331,35.799999999999997,29.258902791145331,4.8999999999999986,False,1.643274481072154,95,1.4932744810721541,1.689975787493335,69,0.52104156480651398,142,0.37104156480651396,0.56774287122769473,128,1.2878485907930397,154,1.1378485907930396,1.3345498972142202,147,2.1048805298625513,90,1.9548805298625511,2.1563251853156165,67
113,"[0, 3, 0, 5]",26.233333333333334,26,43.055822906640998,3.1333333333333329,False,1.4796442915188091,225,1.3296442915188091,1.4864815740141455,237,0.77131897871803912,44,0.62131897871803909,0.77815626121337522,53,0.84827999892978134,433,0.69827999892978132,0.85511728142511745,425,2.1383790215782414,78,1.9883790215782415,2.1431877573351596,78
114,"[0, 3, 1, 0]",38.033333333333331,38.049999999999997,3.3878729547641964,6.06666666666667,False,1.4873821568134455,216,1.3373821568134454,1.5096627016730775,220,-0.41098165454362856,821,-0.56098165454362858,-0.38870110968399663,808,1.2576299912696531,170,1.1076299912696532,1.2799105361292851,176,1.5201147612982466,546,1.3701147612982465,1.5443958247816978,517
115,"[0, 3, 1, 1]",37.93333333333333,38.5,10.286333012512031,5.8000000000000043,False,1.5529394915874204,173,1.4029394915874203,1.5943267447592668,154,-0.13847051803721888,593,-0.2884705180372189,-0.097083264865372443,564,1.323187326043628,133,1.1731873260436281,1.3645745792154744,126,1.7031011205581534,341,1.5531011205581535,1.7490113213177847,313
116,"[0, 3, 1, 2]",37.200000000000003,37.700000000000003,17.185996150144369,5.7999999999999972,False,1.6468028404047188,93,1.4468028404047188,1.6854488116756599,71,0.16238272490904976,381,-0.037617275090950253,0.20102869617999081,350,1.4170506748609266,70,1.2170506748609267,1.4556966461318677,47,1.911635530470613,184,1.711635530470613,1.9543172993257405,178
117,"[0, 3, 1, 3]",36.733333333333334,37,24.084456207892202,4.2999999999999972,False,1.6497935338991812,89,1.4997935338991812,1.6800431683506991,81,0.37232722013594721,229,0.22232722013594719,0.40257685458746517,213,1.3978565752851293,84,1.2478565752851292,1.4281062097366473,72,2.0304466319985615,124,1.8804466319985613,2.0635380590197223,119
118,"[0, 3, 1, 4]",34.266666666666666,35.649999999999999,30.984119345524544,3.8333333333333357,False,1.6842509421224197,66,1.4842509421224197,1.7520014722008899,37,0.61377452248815612,100,0.41377452248815605,0.68152505256662632,80,1.294320720755721,150,1.0943207207557211,1.3620712508341912,127,2.17197073263267,59,1.9719707326326699,2.2471335107118886,23
119,"[0, 3, 1, 5]",25.5,25.5,44.781039461020214,2.6333333333333329,False,1.521763174503576,195,1.3217631745035761,1.5363121367704808,199,0.86519435833418257,15,0.6651943583341825,0.8797433206010874,12,0.85589455082696397,424,0.65589455082696391,0.8704435130938688,418,2.2067578841421751,42,2.0067578841421749,2.2201802932577475,37
120,"[0, 3, 2, 0]",36.366666666666667,37.950000000000003,5.1118864292589024,7.7333333333333343,False,1.4475011948333356,247,1.2975011948333355,1.5234185158605333,207,-0.39914221228889757,814,-0.54914221228889759,-0.32322489126169962,738,1.2177490292895432,194,1.0677490292895433,1.2936663503167414,168,1.5023785629003492,563,1.3523785629003493,1.5871452476534693,458
121,"[0, 3, 2, 1]",36.133333333333333,37.850000000000001,12.010346487006737,7.6000000000000014,False,1.5584888418693057,168,1.3584888418693057,1.6389187958805205,112,-0.08120076352049227,547,-0.28120076352049228,-0.00077080950927749248,476,1.3287366763255135,129,1.1287366763255136,1.4091666303367283,87,1.7302102829849988,322,1.5302102829849988,1.8200502178737672,256
122,"[0, 3, 2, 2]",35.466666666666669,36.75,18.910009624639077,7.5333333333333314,False,1.5546370345556064,172,1.4046370345556063,1.6195879011244396,129,0.12193732329477858,400,-0.028062676705221445,0.186888189863612,367,1.3248848690118145,132,1.1748848690118143,1.3898357355806477,101,1.8413220124850871,233,1.6913220124850872,1.9135140906185648,200
123,"[0, 3, 2, 3]",34.966666666666669,36.100000000000001,25.80846968238691,6.0666666666666629,False,1.6064853061155677,128,1.4564853061155676,1.6659244180782244,91,0.38073939658717493,219,0.23073939658717491,0.44017850854983187,185,1.3200680780116216,138,1.1700680780116215,1.3795071899742783,116,2.0088444542192208,143,1.8588444542192208,2.0747085345230731,106
124,"[0, 3, 2, 4]",32.200000000000003,33.649999999999999,32.708132820019252,1.3666666666666671,False,1.6306609169282962,104,1.4306609169282962,1.6995551957960113,63,0.61190490152887378,101,0.41190490152887371,0.68079918039658893,83,1.2062504260717033,201,1.0062504260717033,1.2751447049394184,180,2.1387706167089995,77,1.9387706167089995,2.2148829335836604,39
125,"[0, 3, 2, 5]",23.666666666666668,23.75,46.505052935514918,0,False,1.4761701028509602,227,1.2761701028509602,1.4925766617593303,234,0.87132169091640788,13,0.67132169091640781,0.88772824982477783,11,0.77582120968445412,495,0.57582120968445405,0.79222776859282407,472,2.182578386775206,52,1.9825783867752058,2.1977981371821507,47
126,"[0, 3, 3, 0]",34.166666666666664,34.200000000000003,6.8371029836381139,9.9333333333333371,False,1.3393535127000522,330,1.2393535127000521,1.3600086604984023,323,-0.4555333977908046,860,-0.55553339779080457,-0.4348782499924545,846,1.1096013471562602,250,1.0096013471562602,1.1302564949546103,246,1.4140563945364475,627,1.3140563945364474,1.4358483098918464,611
127,"[0, 3, 3, 1]",33.899999999999999,34.100000000000001,13.735563041385948,9.8333333333333357,False,1.4491987378015212,245,1.2991987378015213,1.475508940518389,241,-0.13873437095690033,595,-0.28873437095690035,-0.11242416824003254,574,1.2194465722577292,192,1.0694465722577291,1.245756774974597,195,1.6405994548272824,400,1.4905994548272825,1.6687532801121443,374
128,"[0, 3, 3, 2]",32.700000000000003,33.149999999999999,20.635226179018286,10.299999999999997,False,1.477068179535804,226,1.3270681795358039,1.5114045265985454,218,0.096124964906352361,413,-0.053875035093647661,0.13046131196909372,404,1.2473160139920116,179,1.0973160139920117,1.281652361054753,175,1.7810926276263399,284,1.6310926276263398,1.8181382054885207,259
129,"[0, 3, 3, 3]",31.633333333333333,32.850000000000001,27.533686236766123,9.3999999999999986,False,1.4594952782092456,240,1.3594952782092455,1.5199361655035499,210,0.2855058653122291,279,0.18550586531222912,0.3459467526065334,248,1.1385737190177152,235,1.0385737190177151,1.1990146063120195,215,1.876707852865628,210,1.7767078528656279,1.9431484388667135,184
130,"[0, 3, 3, 4]",29,30.399999999999999,34.43334937439846,0.80000000000000071,False,1.4882405767599787,215,1.3382405767599785,1.5535669432213366,186,0.52124105799193243,141,0.37124105799193241,0.58656742445329035,121,1.0293257548158015,306,0.87932575481580144,1.0946521212771594,254,2.0117886545306649,137,1.8617886545306648,2.0833228379273003,101
131,"[0, 3, 3, 5]",20.166666666666668,20.649999999999999,48.230269489894127,0,False,1.3234679652721324,342,1.1734679652721325,1.3518148900208926,328,0.77037604996895626,46,0.62037604996895623,0.79872297471771625,43,0.58861474101804201,684,0.43861474101804204,0.616961665766802,639,2.0439984864525411,113,1.893998486452541,2.07215909415737,108
132,"[0, 3, 4, 0]",23.533333333333335,24.5,8.5611164581328207,20.233333333333331,True,1.0421610503391348,598,0.89216105033913484,1.0892697011666941,543,-0.70100545591688046,1017,-0.85100545591688048,-0.65389680508932124,990,0.81240888479534268,465,0.66240888479534266,0.8595175356229019,423,1.0996707116024682,903,0.94967071160246808,1.1496503643425655,841
133,"[0, 3, 4, 1]",23.5,24.25,15.459576515880654,20.233333333333334,True,1.1600032289821121,486,0.9600032289821121,1.1995435003504442,456,-0.37620947554146816,791,-0.57620947554146817,-0.33666920417313601,753,0.93025106343831987,379,0.73025106343831991,0.96979133480665203,344,1.3352343904500035,686,1.1352343904500035,1.3766342819312842,644
134,"[0, 3, 4, 2]",23.066666666666666,24.25,22.359239653512994,19.566666666666666,True,1.2141483752099205,446,1.0141483752099205,1.2685401317267675,399,-0.11507443518468968,574,-0.31507443518468969,-0.06068267866784266,524,0.98439620966612851,341,0.78439620966612844,1.0387879661829755,292,1.5053667385067928,560,1.3053667385067929,1.5635192073076609,494
135,"[0, 3, 4, 3]",22.100000000000001,22.800000000000001,29.257699711260827,17.833333333333329,True,1.2000027396868655,456,1.0500027396868656,1.2370020842206224,423,0.0777337310246905,423,-0.072266268975309522,0.11473307555844714,409,0.84460091100544132,438,0.6946009110054413,0.88160025553919796,409,1.6048479431275249,451,1.4548479431275247,1.643134703843748,399
136,"[0, 3, 4, 4]",20.966666666666665,22.25,36.157362848893165,8.8333333333333357,True,1.2301570252901501,434,1.0801570252901502,1.2868349525307439,377,0.31487791075694516,259,0.16487791075694513,0.37155583799753866,231,0.73676193385607902,523,0.586761933856079,0.79343986109667253,471,1.7479184355142108,306,1.5979184355142109,1.8083091029043357,267
137,"[0, 3, 4, 5]",16.699999999999999,17,49.954282964388838,0.10000000000000142,True,1.2718962188289606,397,1.0718962188289607,1.2918773244174075,371,0.77052470776062587,45,0.5705247077606258,0.79050581334907277,46,0.50256272508497601,786,0.302562725084976,0.52254383067342292,755,2.0066746591886639,144,1.806674659188664,2.0247769380817733,141
138,"[0, 3, 5, 0]",6.9000000000000004,6.7000000000000002,12.011549566891242,36.833333333333336,True,0.50659683611064898,1269,0.35659683611064891,0.50356497302082892,1272,-1.1330566768826138,1225,-1.2830566768826139,-1.1360885399724339,1228,0.2768446705668568,1139,0.12684467056685678,0.27381280747703673,1148,0.55008823054476741,1249,0.40008823054476733,0.54047754145089866,1252
139,"[0, 3, 5, 1]",7.0333333333333332,6.5499999999999998,18.910009624639077,35.966666666666669,True,0.63015112442613175,1163,0.43015112442613179,0.61732309276207031,1178,-0.80254858683469599,1071,-1.0025485868346959,-0.81537661849875764,1071,0.40039895888233973,933,0.20039895888233972,0.38757092721827813,948,0.79209520836137548,1122,0.59209520836137552,0.77140882746067008,1125
140,"[0, 3, 5, 2]",6.7999999999999998,6.75,25.809672762271415,34.233333333333334,True,0.69115080226094716,1096,0.49115080226094721,0.69328836525337612,1085,-0.53455901487091029,910,-0.73455901487091035,-0.53242145187848133,907,0.40470951255931104,927,0.20470951255931102,0.40684707555174005,922,0.96995951518105117,1007,0.76995951518105121,0.96618848967915216,995
141,"[0, 3, 5, 3]",6.7666666666666666,6.4500000000000002,32.708132820019252,26.800000000000004,True,0.70899298090392449,1069,0.55899298090392446,0.70182000415838075,1070,-0.30976303449549802,723,-0.45976303449549805,-0.31693601124104176,731,0.28458249004733155,1128,0.13458249004733153,0.27740951330178781,1140,1.1055231940285872,892,0.9555231940285871,1.0911987230573446,896
142,"[0, 3, 5, 4]",7.833333333333333,7.75,39.607795957651589,21.966666666666669,True,0.86454711418428443,822,0.66454711418428436,0.8661128027820908,800,0.052780992913832037,440,-0.14721900708616797,0.054346681511638517,438,0.30214336057504465,1098,0.10214336057504467,0.30370904917285113,1091,1.3836452328070259,644,1.1836452328070259,1.3793994379074057,642
143,"[0, 3, 5, 5]",6.7333333333333334,6.7000000000000002,53.404716073147256,0.79999999999999982,True,0.91481639150070337,751,0.76481639150070335,0.91749663808338899,739,0.24458058784334055,316,0.09458058784334053,0.24726083442602617,318,0.076474235581550365,1263,-0.073525764418449657,0.079154482164235984,1266,1.6648241368938503,378,1.5148241368938502,1.6616567467690535,381
144,"[0, 4, 0, 0]",32.133333333333333,30.850000000000001,2.2184793070259867,11.966666666666669,False,1.2234795379293613,442,1.1234795379293612,1.1970976850563229,459,-0.70996608285985918,1027,-0.80996608285985916,-0.73634793573289758,1034,0.99372737238556896,333,0.89372737238556899,0.96734551951253056,348,1.2103476713474357,803,1.1103476713474356,1.1785109920202519,816
145,"[0, 4, 0, 1]",31.966666666666665,30.75,9.1169393647738204,11.766666666666669,False,1.3367520288343337,331,1.1867520288343338,1.3125979650763098,353,-0.38973979022245164,807,-0.53973979022245167,-0.41389385398047585,829,1.1069998632905418,251,0.95699986329054165,1.0828457995325174,259,1.4407567110197141,614,1.290756711019714,1.4114159622405493,624
146,"[0, 4, 0, 2]",30.866666666666667,29.600000000000001,16.016602502406158,12.733333333333334,False,1.3680487363721197,309,1.2180487363721195,1.3415249100414832,336,-0.15145318855569567,605,-0.30145318855569569,-0.17797701488633189,633,1.1382965708283275,236,0.98829657082832745,1.1117727444976913,252,1.5851158632002145,473,1.4351158632002143,1.5529061507748212,510
147,"[0, 4, 0, 3]",30.199999999999999,29.199999999999999,22.915062560153995,11.766666666666669,False,1.4141848982595748,268,1.2641848982595749,1.3965722283889965,297,0.10163677506419477,409,-0.048363224935805249,0.08402410519361625,419,1.1844327327157829,210,1.034432732715783,1.1668200628452046,229,1.7461950059652764,307,1.5961950059652763,1.7239690157319609,326
148,"[0, 4, 0, 4]",29.366666666666667,28.75,29.814725697786333,10.566666666666663,False,1.4046209812733699,273,1.3046209812733698,1.3998894172566092,296,0.29906275220695966,266,0.19906275220695968,0.29433118819019899,273,1.0380786328614353,292,0.93807863286143522,1.0333470688446746,298,1.8508634364962921,228,1.7508634364962921,1.8430907832136008,242
149,"[0, 4, 0, 5]",20.466666666666665,20.149999999999999,43.611645813282003,8.9000000000000021,False,1.2875635259165215,383,1.1375635259165215,1.2882070504673147,374,0.59591290031498168,108,0.4459129003149816,0.59655642486577487,117,0.64508277519467361,619,0.49508277519467359,0.64572629974546691,607,1.9304959488305391,171,1.7804959488305392,1.9273217762857753,189
150,"[0, 4, 1, 0]",31.366666666666667,29.899999999999999,3.9436958614051973,12.733333333333334,False,1.2644559989796269,404,1.114455998979627,1.2312488053039474,428,-0.61723312517821716,971,-0.76723312517821718,-0.65044031885389664,988,1.0347038334358349,298,0.88470383343583492,1.0014966397601555,311,1.2774378741175547,747,1.1274378741175546,1.2377403700481024,771
151,"[0, 4, 1, 1]",31.300000000000001,30.100000000000001,10.842155919153031,12.433333333333334,False,1.3311557556881031,335,1.1811557556881029,1.3072020469964083,356,-0.34357956673730616,765,-0.49357956673730619,-0.36753327542900072,788,1.1014035901443109,255,0.95140359014431086,1.0774498814526163,263,1.4617128931712764,594,1.3117128931712763,1.4324874455315584,612
152,"[0, 4, 1, 2]",29.899999999999999,28.600000000000001,17.741819056785371,13.100000000000001,False,1.4021706658153785,276,1.2021706658153786,1.3739338700103625,309,-0.065574762481060256,536,-0.26557476248106027,-0.09381155828607618,562,1.1724185002715863,216,0.97241850027158638,1.1441817044665705,238,1.6444741072074465,397,1.4444741072074465,1.6101618445921455,429
153,"[0, 4, 1, 3]",29.566666666666666,28.300000000000001,24.640279114533204,11.466666666666665,False,1.4597310470478455,239,1.2597310470478456,1.4324655089153671,269,0.19893942048384156,358,-0.0010605795161584552,0.17167388235136311,381,1.1966776303009734,206,0.99667763030097345,1.169412092168495,228,1.8184398479106527,245,1.6184398479106528,1.7851720779703377,286
154,"[0, 4, 1, 4]",28.333333333333332,27.25,31.539942252165545,9.3666666666666707,False,1.4364580668476266,254,1.2864580668476264,1.4148767744380319,285,0.38265633441259284,218,0.23265633441259281,0.36107504200299823,238,1.0354113873481077,295,0.88541138734810765,1.0138300949385131,304,1.9076443609158957,186,1.7576443609158956,1.880609634925662,221
155,"[0, 4, 1, 5]",19.566666666666666,19.050000000000001,45.336862367661212,8.5666666666666664,False,1.3239702992287827,341,1.1239702992287828,1.3171316898787027,350,0.68407617025861911,72,0.48407617025861915,0.67723756090853904,85,0.64698521741935067,618,0.44698521741935066,0.6401466080692706,613,1.9924315124254004,151,1.7924315124254004,1.9806301016820471,161
156,"[0, 4, 2, 0]",31.433333333333334,30.149999999999999,5.6677093358999038,12.666666666666668,False,1.2839809775935764,386,1.1339809775935765,1.2571997414426228,411,-0.54598774232942648,918,-0.69598774232942651,-0.57276897848038033,932,1.0542288120497845,282,0.90422881204978434,1.0274475758988304,300,1.326711984998008,695,1.1767119849980081,1.2943055823935583,709
157,"[0, 4, 2, 1]",31.300000000000001,29.800000000000001,12.566169393647739,12.433333333333334,False,1.39839589043305,284,1.1983958904330501,1.3639892200688817,316,-0.22461902775751769,657,-0.4246190277575177,-0.25902569812168602,680,1.1686437248892578,220,0.96864372488925787,1.1342370545250895,242,1.5584096844641007,511,1.3584096844641007,1.5173421315612248,550
158,"[0, 4, 2, 2]",29.766666666666666,28.75,19.465832531280078,13.233333333333334,False,1.364841112822321,311,1.2148411128223209,1.3464004855915466,331,-0.051183911239276791,521,-0.20118391123927681,-0.069624538470051234,533,1.1350889472785288,238,0.9850889472785288,1.1166483200477544,250,1.6360162593250132,407,1.4860162593250132,1.6127796885165488,424
159,"[0, 4, 2, 3]",29.333333333333332,27.600000000000001,26.364292589027912,11.699999999999999,False,1.4689742282512843,234,1.2689742282512844,1.4253153997578749,272,0.25990300592212173,301,0.059903005922121721,0.21624417742871233,338,1.1714405420145184,218,0.97144054201451835,1.127781713521109,247,1.8561160206467762,226,1.6561160206467762,1.8042372903157939,270
160,"[0, 4, 2, 4]",27.266666666666666,26.899999999999999,33.263955726660249,5.8000000000000043,False,1.4171406996885372,267,1.267140699688537,1.4199217872317593,279,0.41505937148834449,195,0.26505937148834446,0.41784045903156675,198,0.98161375069912415,343,0.83161375069912413,0.98439483824234641,323,1.913104038806658,183,1.7631040388066581,1.9134906367448021,201
161,"[0, 4, 2, 5]",18.699999999999999,18.100000000000001,47.060875842155916,4.1000000000000014,False,1.3115074636767001,356,1.1115074636767002,1.3012707793274825,362,0.72333373894137765,64,0.52333373894137758,0.71309705459216,68,0.60004211237737382,669,0.40004211237737386,0.58980542802815639,675,2.0056231490790495,146,1.8056231490790493,1.9898268929748715,158
162,"[0, 4, 3, 0]",30.766666666666666,29.699999999999999,7.3929258902791144,13.166666666666664,False,1.2783847044473458,395,1.1283847044473456,1.2587724644777039,409,-0.49982751884428078,889,-0.6498275188442808,-0.51943975881392246,896,1.0486325389035536,289,0.89863253890355355,1.0290202989339119,299,1.3476681671495698,675,1.1976681671495699,1.3232718025266723,685
163,"[0, 4, 3, 1]",30.699999999999999,29.850000000000001,14.291385948026949,13.033333333333335,False,1.3950844611558217,287,1.1950844611558218,1.3829835458914195,303,-0.1761739604033698,623,-0.37617396040336981,-0.18827487566777207,636,1.1653322956120298,223,0.96533229561202971,1.1532313803476275,232,1.5819431862032916,477,1.3819431862032916,1.5660451937996018,486
164,"[0, 4, 3, 2]",30,29,21.191049085659287,12.633333333333333,False,1.4400902319076212,252,1.2400902319076212,1.4223634525290669,276,0.075821704477399721,426,-0.12417829552260029,0.058094925098845451,434,1.210338066363829,198,1.0103380663638291,1.1926112869852747,216,1.7417662559095652,310,1.5417662559095653,1.7193774875970311,331
165,"[0, 4, 3, 3]",28.600000000000001,28.5,28.08950914340712,12.100000000000001,False,1.4110931112360512,270,1.2610931112360513,1.4239264503190885,275,0.25377838553826504,305,0.10377838553826502,0.26661172462130234,293,1.079055093911701,268,0.92905509391170105,1.0918884329947383,257,1.8244948832107095,243,1.6744948832107096,1.8364929841331183,247
166,"[0, 4, 3, 4]",25.766666666666666,27,34.989172281039458,4.033333333333335,False,1.3829838781797776,303,1.2329838781797777,1.4406582733330429,264,0.43265904661096144,185,0.28265904661096142,0.49033344176422644,156,0.91295259810278073,394,0.76295259810278071,0.97062699325604573,343,1.9018437261128591,190,1.7518437261128592,1.9641673831937054,172
167,"[0, 4, 3, 5]",17.800000000000001,18.600000000000001,48.786092396535132,1.966666666666665,False,1.2979142369889614,373,1.0979142369889614,1.3359445476587313,341,0.76149700888501548,51,0.56149700888501541,0.79952731955478518,42,0.55194455460205094,730,0.35194455460205087,0.58997486527182064,674,2.0175587126739107,132,1.8175587126739108,2.0562931131079858,128
168,"[0, 4, 4, 0]",22.800000000000001,23.25,9.1169393647738204,20.933333333333334,True,0.9725859968465197,676,0.87258599684651972,1.001273923264463,639,-0.75390582221026581,1051,-0.85390582221026579,-0.72521789579232254,1028,0.74283383130272751,516,0.64283383130272753,0.77152175772067078,494,1.036375267720745,965,0.93637526772074497,1.0653633306616022,921
169,"[0, 4, 4, 1]",22.466666666666665,22.899999999999999,16.015399422521657,21.133333333333336,True,1.0801463780789864,556,0.93014637807898648,1.1080634018907216,524,-0.43939163924536395,847,-0.58939163924536397,-0.41147461543362873,827,0.85039421253519432,430,0.70039421253519429,0.87831123634692954,411,1.2603410084239508,756,1.1103410084239509,1.2883998798292682,715
170,"[0, 4, 4, 2]",22.199999999999999,22.649999999999999,22.915062560153995,19.766666666666669,True,1.1400036339793009,507,0.99000363397930091,1.1683492318733171,485,-0.17254448921607934,620,-0.32254448921607937,-0.14419889132206321,604,0.91025146843550875,396,0.76025146843550873,0.93859706632952489,369,1.4369166554498123,617,1.2869166554498124,1.4654163841530137,584
171,"[0, 4, 4, 3]",21.066666666666666,20.850000000000001,29.813522617901828,18.866666666666664,True,1.1701458887837402,480,1.0201458887837402,1.1746160624159523,478,0.064551567320795145,429,-0.085448432679204878,0.06902174095300706,427,0.8036276019694959,473,0.65362760196949587,0.80809777560170781,456,1.5799545611014718,479,1.4299545611014719,1.5812160912154165,466
172,"[0, 4, 4, 4]",20.033333333333335,20.899999999999999,36.71318575553417,9.7666666666666657,True,1.1537274401905284,492,1.0537274401905283,1.1953548540710213,461,0.25512301285655337,304,0.15512301285655339,0.29675042673704621,272,0.64921589062363705,613,0.54921589062363707,0.6908433045041299,559,1.6768910328696016,366,1.5768910328696015,1.7200747008023198,330
173,"[0, 4, 4, 5]",14.800000000000001,16.699999999999999,50.510105871029836,0,True,1.1623363976288057,484,1.0123363976288058,1.2369825918113437,424,0.6368311040773138,91,0.48683110407731378,0.71147729825985195,70,0.38188644575200104,958,0.23188644575200101,0.45653263993453919,848,1.8982761225234359,194,1.748276122523436,1.9779899044008098,163
174,"[0, 4, 5, 0]",9.1333333333333329,9.0999999999999996,12.567372473532243,34.600000000000001,True,0.58869733478863551,1203,0.43869733478863548,0.59274689546702974,1201,-1.0342814910053972,1187,-1.1842814910053971,-1.0302319303270027,1184,0.35894516924484338,993,0.20894516924484335,0.36299472992323767,987,0.65148350831252899,1207,0.50148350831252897,0.65026945513835643,1203
175,"[0, 4, 5, 1]",9.1999999999999993,9.1500000000000004,19.465832531280078,33.799999999999997,True,0.70996677923511609,1065,0.50996677923511613,0.71347365632325377,1051,-0.70605824482648161,1021,-0.90605824482648167,-0.70255136773834392,1015,0.48021461369132401,816,0.280214613691324,0.48372149077946169,804,0.89091316654150821,1062,0.69091316654150825,0.88909547799023314,1054
176,"[0, 4, 5, 2]",8.9333333333333336,8.6999999999999993,26.365495668912416,32.099999999999994,True,0.76982403513543041,972,0.56982403513543034,0.76679084519086627,970,-0.43921109479719717,846,-0.63921109479719718,-0.44224428474176108,848,0.47226628730097414,824,0.27226628730097413,0.46923309735641011,828,1.0674888135673697,938,0.86748881356736962,1.058217245471873,929
177,"[0, 4, 5, 3]",8.6333333333333329,8.8000000000000007,33.263955726660249,24.433333333333337,True,0.82852683830239826,889,0.62852683830239831,0.83925976632583588,849,-0.17355448989779415,622,-0.37355448989779416,-0.16282156187435654,617,0.39299988931298552,941,0.19299988931298551,0.40373281733642313,924,1.2427432140643899,772,1.04274321406439,1.249016952534276,755
178,"[0, 4, 5, 4]",8.5,8.3499999999999996,40.163618864292587,21.300000000000001,True,0.84295378194071724,853,0.69295378194071722,0.84257695519344866,840,0.047862347869494837,444,-0.10213765213050519,0.047485521122226204,444,0.2694335701986576,1150,0.11943357019865758,0.26905674345138897,1155,1.3744735002655091,651,1.2244735002655089,1.3681387200159159,653
179,"[0, 4, 5, 5]",7.4333333333333336,7.7999999999999998,53.960538979788261,0.099999999999999645,True,0.94436548119163743,717,0.79436548119163741,0.96138239328220321,681,0.24633853220222435,315,0.096338532202224325,0.26335544429279012,295,0.094906867139664286,1256,-0.055093132860335736,0.11192377923023006,1255,1.706941064146148,338,1.5569410641461481,1.7201328709828272,329
180,"[0, 5, 0, 0]",18.833333333333332,18.300000000000001,3.325312800769971,25.266666666666669,False,0.77872152100084513,961,0.67872152100084515,0.77088379002860574,959,-1.1215190949760556,1219,-1.2215190949760557,-1.1293568259482951,1224,0.54896935545705294,733,0.44896935545705297,0.54113162448481356,726,0.72615220983976059,1163,0.62615220983976061,0.71309605140243015,1166
181,"[0, 5, 0, 1]",19.5,18.699999999999999,10.223772858517805,24.233333333333334,False,0.92055456026834637,742,0.77055456026834634,0.90380567283604918,750,-0.77273225397611944,1056,-0.92273225397611947,-0.78948114140841663,1061,0.69080239472455429,564,0.54080239472455427,0.6740535072922571,575,0.98877774435739962,993,0.8387777443573996,0.96573786372799097,996
182,"[0, 5, 0, 2]",18.766666666666666,18.149999999999999,17.123435996150146,24.233333333333334,False,0.96441790908564462,689,0.8144179090856446,0.95363854114617053,694,-0.5218790110298509,898,-0.67187901102985093,-0.532658378969325,908,0.73466574354185243,526,0.58466574354185241,0.72388637560237834,520,1.147312154269859,849,0.99731215426985897,1.1309122627885784,852
183,"[0, 5, 0, 3]",19.333333333333332,18.100000000000001,24.021896053897979,21.699999999999999,False,1.0528236825496422,580,0.90282368254964229,1.0208809814449031,604,-0.22651943583341827,659,-0.37651943583341829,-0.25846213693815745,679,0.80213792701547493,474,0.65213792701547491,0.77019522591073575,496,1.3560717094060548,670,1.2060717094060547,1.3157909172194024,688
184,"[0, 5, 0, 4]",17.733333333333334,17.5,30.921559191530317,20.366666666666667,False,1.0669840610699111,566,0.91698406106991093,1.0689716894762791,562,-0.0053691631841794596,485,-0.15536916318417948,-0.0033815347778115568,478,0.67830504278309678,581,0.52830504278309676,0.68029267118946468,566,1.4811009646793387,577,1.3311009646793386,1.4789916320694632,570
185,"[0, 5, 0, 5]",14.233333333333333,13.85,44.718479307025987,13.9,False,1.0349989591022477,611,0.93499895910224762,1.0297631902828035,591,0.37655333831302729,224,0.27655333831302731,0.37131756949358308,232,0.37038153850552002,975,0.27038153850552005,0.36514576968607582,983,1.6694963636115241,374,1.569496363611524,1.6586173619837432,386
186,"[0, 5, 1, 0]",18.399999999999999,17.899999999999999,5.0505293551491821,25.700000000000003,False,0.83112220139612247,882,0.68112220139612245,0.82419867334243258,876,-1.017361917949402,1184,-1.1673619179494021,-1.0242854460030921,1182,0.6013700358523304,666,0.45137003585233038,0.5944465077986405,662,0.80612901054802377,1115,0.65612901054802375,0.79403595574607044,1116
187,"[0, 5, 1, 1]",18.899999999999999,18.5,11.948989412897017,24.833333333333336,False,0.91724313099111787,746,0.76724313099111785,0.91408919726485871,743,-0.72428718662197145,1037,-0.87428718662197147,-0.72744112034823061,1029,0.6874909654473258,569,0.53749096544732577,0.68433703172106664,564,1.0123112460965906,977,0.86231124609659071,1.0045725049137366,972
188,"[0, 5, 1, 2]",18.266666666666666,18,18.848652550529355,24.733333333333334,False,1.0145337456119197,639,0.8145337456119196,1.0156642258537256,614,-0.42000667787219975,832,-0.62000667787219976,-0.4188761976303938,835,0.78478158006812748,486,0.58478158006812753,0.78591206030993344,481,1.224711635390493,790,1.024711635390493,1.2217205881848503,785
189,"[0, 5, 1, 3]",18.766666666666666,17.699999999999999,25.747112608277188,22.266666666666666,False,1.1006546752069151,540,0.900654675206915,1.0741958647587302,555,-0.12693194654476941,588,-0.32693194654476943,-0.15339075699295429,608,0.81546458858516346,461,0.6154645885851634,0.78900577813697859,475,1.43089387093906,621,1.23089387093906,1.3967308215630425,628
190,"[0, 5, 1, 4]",16.966666666666665,16.699999999999999,32.64677574590953,16.600000000000005,False,1.1079605221201767,532,0.90796052212017675,1.1083492905601406,523,0.087363794497462621,419,-0.11263620550253739,0.087752562937426559,417,0.68477717274577832,574,0.48477717274577831,0.68516594118574226,562,1.5481911674494575,518,1.3481911674494576,1.5441420627288933,518
191,"[0, 5, 1, 5]",14.133333333333333,13.699999999999999,46.443695861405196,9.533333333333335,False,1.0988238588425365,543,0.94882385884253639,1.0917888749903586,539,0.49213473468469227,150,0.34213473468469224,0.48509975083251444,158,0.39970210715822463,935,0.24970210715822458,0.39266712330604681,945,1.7623597622579315,297,1.6123597622579315,1.7494256873800151,312
192,"[0, 5, 2, 0]",20.666666666666668,18.649999999999999,6.7745428296438881,23.433333333333334,False,0.92604702768714731,736,0.77604702768714728,0.86757121226856437,794,-0.87071668742353603,1120,-1.0207166874235361,-0.92919250284211896,1148,0.69629486214335512,557,0.5462948621433551,0.63781904672477219,615,0.94045466782022968,1029,0.79045466782022966,0.87033801019678947,1072
193,"[0, 5, 2, 1]",21,18.949999999999999,13.673002887391723,22.733333333333334,False,1.0564558476096371,577,0.856455847609637,0.99700877451851655,645,-0.53335406576861133,908,-0.7333540657686114,-0.59280113885973185,947,0.82670368206584488,452,0.62670368206584481,0.76725660897472436,499,1.1901936043997243,819,0.99019360439972437,1.1190324541012979,863
194,"[0, 5, 2, 2]",20.133333333333333,18.649999999999999,20.572666025024063,22.866666666666667,False,1.0457495086889308,591,0.89574950868893066,1.0055524442223662,634,-0.33707051056034754,757,-0.48707051056034756,-0.37726757502691211,797,0.8159973431451385,458,0.66599734314513848,0.77580027867857393,490,1.2935733751369258,727,1.1435733751369259,1.2440752742145165,759
195,"[0, 5, 2, 3]",20.333333333333332,18.75,27.471126082771896,20.699999999999999,False,1.1715886408734157,479,0.97158864087341579,1.1280213653573357,511,-0.0042775766434272611,483,-0.20427757664342727,-0.047844852159507345,515,0.85191828476177012,426,0.65191828476177005,0.80835100924569003,455,1.538157672541163,530,1.338157672541163,1.4848749812769197,566
196,"[0, 5, 2, 4]",18.433333333333334,17.949999999999999,34.370789220404234,11.366666666666667,False,1.1754672219831741,477,0.97546722198317415,1.1691434322737289,484,0.20659089859530105,353,0.0065908985953010424,0.2002671088858558,351,0.71780360311888147,541,0.51780360311888152,0.71147981340943622,534,1.651588989670117,390,1.4515889896701171,1.6401809592848753,404
197,"[0, 5, 2, 5]",14.366666666666667,13.85,48.1677093358999,5.8000000000000007,False,1.1240609471289913,517,0.97406094712899138,1.1142554905715425,519,0.5690922272059884,123,0.41909222720598838,0.5592867706485396,133,0.39045892595478554,945,0.24045892595478552,0.38065346939733674,957,1.8180771721074569,246,1.668077172107457,1.8020435313044185,272
198,"[0, 5, 3, 0]",17.600000000000001,16.899999999999999,8.4997593840230987,26.166666666666664,False,0.83819637525683421,865,0.68819637525683419,0.82384776805625892,877,-0.90681084322247274,1136,-1.0568108432224728,-0.92115945042304814,1141,0.60844420971304203,656,0.45844420971304206,0.59409560251246685,663,0.86862734481715265,1078,0.71862734481715262,0.84798844085621927,1088
199,"[0, 5, 3, 1]",17.933333333333334,17.399999999999999,15.398219441770934,25.800000000000001,False,0.96860519517932397,683,0.76860519517932402,0.96025397142119373,684,-0.56944822156754804,938,-0.769448221567548,-0.57779944532567828,936,0.73885302963553201,521,0.53885302963553194,0.73050180587740154,517,1.1183662813966473,876,0.91836628139664733,1.1045776216028327,875
200,"[0, 5, 3, 2]",17.433333333333334,16.949999999999999,22.297882579403272,25.199999999999999,False,1.0204654975381302,628,0.82046549753813025,1.0135711602888062,622,-0.31059802507977158,724,-0.51059802507977159,-0.31749236232909567,734,0.79071333199433824,482,0.59071333199433818,0.78381899474501404,486,1.2859213098658075,736,1.0859213098658076,1.2736993890844726,727
201,"[0, 5, 3, 3]",18.033333333333335,17.300000000000001,29.196342637151108,21.899999999999995,False,1.0600136929366291,573,0.91001369293662915,1.0447508828175041,579,-0.064096027948837619,534,-0.21409602794883764,-0.079358838067962623,546,0.70583900573739911,547,0.55583900573739908,0.6905761956182741,560,1.4459695247958178,609,1.2959695247958178,1.4243675171995074,619
202,"[0, 5, 3, 4]",16.933333333333334,15.75,36.096005774783443,12.866666666666667,False,1.1413104004744148,505,0.94131040047441483,1.1097405455527125,522,0.22419057371791812,333,0.024190573717918107,0.19262071879621584,360,0.64914245052253805,614,0.44914245052253809,0.61757259560083577,637,1.6403286769763181,402,1.4403286769763182,1.6000682320495683,442
203,"[0, 5, 3, 5]",12.833333333333334,12.449999999999999,49.892925890279116,3.9666666666666668,False,1.0887617036857311,547,0.93876170368573109,1.0827271683104567,548,0.58554948039410459,114,0.43554948039410457,0.57951494501883016,123,0.32065535142394092,1063,0.17065535142394089,0.31462081604866649,1073,1.805528199619844,263,1.6555281996198439,1.7935097514375324,277
204,"[0, 5, 4, 0]",17,16.5,10.223772858517805,26.733333333333334,True,0.83487291518076068,874,0.68487291518076066,0.82715062057124078,870,-0.85841389906370524,1109,-1.0084138990637053,-0.86613619367322492,1103,0.6051207496369686,661,0.45512074963696858,0.5973984550274487,658,0.89212825982131716,1060,0.74212825982131714,0.87889575846483314,1061
205,"[0, 5, 4, 1]",17.199999999999999,16.699999999999999,17.122232916265641,25.800000000000001,True,0.96071204736524596,696,0.76071204736524589,0.95310386226370181,696,-0.52562096514678469,900,-0.72562096514678476,-0.53322915024832884,909,0.73095988182145377,531,0.53095988182145371,0.72335169671990962,522,1.1367125572255543,860,0.93671255722555424,1.1236428339482889,859
206,"[0, 5, 4, 2]",16.600000000000001,16.350000000000001,24.021896053897979,24.43333333333333,True,1.0091450839205487,646,0.80914508392054874,1.0099053716888056,626,-0.27019803446251184,698,-0.47019803446251185,-0.26943774669425496,691,0.75845932838638142,507,0.55845932838638135,0.75921961615463829,502,1.3004016063132713,722,1.1004016063132713,1.2967119698509815,703
207,"[0, 5, 4, 3]",16.399999999999999,16.100000000000001,30.920356111645813,21.700000000000003,True,1.07127515289102,563,0.87127515289102009,1.0701791708725557,560,-0.0011141637596055465,481,-0.20111416375960556,-0.0022101457780699385,477,0.68262019620189607,575,0.482620196201896,0.68152421418343168,565,1.4795219861917348,578,1.2795219861917349,1.4736958874397001,579
208,"[0, 5, 4, 4]",14.366666666666667,14.25,37.820019249278154,15.433333333333334,True,1.020584046262774,627,0.87058404626277386,1.0247158719352902,598,0.15518462374111858,384,0.0051846237411185547,0.15931644941363493,390,0.49393582682100301,797,0.34393582682100299,0.49806765249351936,782,1.5377986641454315,531,1.3877986641454314,1.5375544970266035,529
209,"[0, 5, 4, 5]",11.733333333333333,12.550000000000001,51.61693936477382,0,True,1.0683019145921402,565,0.91830191459214028,1.1034516236128951,530,0.48745494635344933,155,0.3374549463534493,0.52260465537420409,150,0.26571529284045603,1156,0.11571529284045601,0.30086500186121079,1101,1.8096992177167919,254,1.6596992177167917,1.8441539111514094,240
210,"[0, 5, 5, 0]",5.3666666666666663,5.7999999999999998,13.674205967276228,38.366666666666667,True,0.42067199112744624,1294,0.32067199112744621,0.43883265200725707,1293,-1.169101829854267,1244,-1.2691018298542671,-1.1509411689744562,1235,0.19091982558365406,1223,0.090919825583654065,0.20908048646346494,1216,0.48584474783578169,1280,0.38584474783578165,0.49998609346790324,1274
211,"[0, 5, 5, 1]",5.4333333333333336,5.9500000000000002,20.572666025024063,37.566666666666663,True,0.54194143557392693,1241,0.39194143557392691,0.56304373342097236,1233,-0.84087858367535129,1096,-0.99087858367535131,-0.81977628582830586,1075,0.31218927003013475,1078,0.16218927003013475,0.33329156787718028,1037,0.72527440606476101,1165,0.57527440606476099,0.74275948474083264,1142
212,"[0, 5, 5, 2]",5.4333333333333336,5.5,27.472329162656401,35.599999999999994,True,0.61093806695025021,1183,0.46093806695025025,0.61636092228858497,1179,-0.56489205817005772,930,-0.71489205817005774,-0.55946920283172308,919,0.29124364924091439,1114,0.14124364924091437,0.29666650457924904,1114,0.91215933144113781,1047,0.76215933144113779,0.91188125222247252,1037
213,"[0, 5, 5, 3]",5.5666666666666664,5.4000000000000004,34.370789220404234,24.233333333333334,True,0.68449235526573315,1102,0.53449235526573313,0.68186120230857206,1105,-0.2843839681221399,709,-0.43438396812213992,-0.28701512107930105,703,0.22682873640144058,1199,0.076828736401440556,0.22419758344427945,1201,1.1041663092577458,894,0.95416630925774581,1.0947862224427702,889
214,"[0, 5, 5, 4]",5.8666666666666663,6,41.270452358036572,23.933333333333334,True,0.76377078405256682,985,0.6137707840525668,0.77176375702984312,954,0.0018843547936639449,476,-0.14811564520633608,0.0098773277709402751,466,0.16811390243562749,1231,0.018113902435627466,0.17610687541290382,1235,1.3026491727784522,718,1.1526491727784522,1.3053553583454627,696
215,"[0, 5, 5, 5]",5.2333333333333334,4.5499999999999998,55.067372473532245,0.033333333333333215,True,0.83003396845200184,885,0.73003396845200186,0.80921031010117617,905,0.076665344775389554,424,-0.023334655224610451,0.055841686424563858,436,-0.041561315474850952,1291,-0.14156131547485096,-0.062384973825676648,1291,1.601869313978679,456,1.501869313978679,1.5718231935229006,477
216,"[1, 0, 0, 0]",43.799999999999997,42.5,0.051732435033686235,0.30000000000000426,False,1.6016597462848381,131,1.501659746284838,1.581353561284135,164,-0.3967882806641515,813,-0.49678828066415148,-0.41709446566485464,832,1.3719075807410459,106,1.2719075807410458,1.3516013957403428,134,1.6026898893999495,453,1.5026898893999494,1.5796907032903458,471
217,"[1, 0, 0, 1]",43.700000000000003,42.649999999999999,6.9501924927815208,0.23333333333332718,False,1.6672170810588132,75,1.5672170810588131,1.6555646426978503,103,-0.12427714415774158,586,-0.22427714415774158,-0.13592958251870443,595,1.437464915515021,58,1.3374649155150209,1.4258124771540581,75,1.7856762486598567,282,1.6856762486598567,1.7724640945632752,293
218,"[1, 0, 0, 2]",43.5,42,13.84985563041386,0.23333333333333428,False,1.7793591808281293,29,1.6293591808281294,1.7519131904504803,38,0.19485484974054501,360,0.044854849740544989,0.16740885936289585,382,1.5496070152843373,16,1.3996070152843374,1.5221610249066879,21,2.0148292152733469,133,1.8648292152733468,1.9836911252028098,160
219,"[1, 0, 0, 3]",42.766666666666666,40.950000000000003,20.748315688161693,0,False,1.8232104988465827,8,1.6732104988465826,1.7843124251743001,22,0.44565996949143349,176,0.29565996949143347,0.40676189581915112,210,1.5934583333027903,4,1.4434583333027904,1.5545602596305081,9,2.1733310384507791,57,2.0233310384507792,2.1290960954231073,87
220,"[1, 0, 0, 4]",40.666666666666664,39.200000000000003,27.647978825794034,0.033333333333338544,False,1.8202345483493341,9,1.6702345483493342,1.792333446794526,16,0.64967391312315514,85,0.49967391312315512,0.62177281156834707,103,1.4970271373772457,31,1.3470271373772456,1.4691260358224376,38,2.279030396816847,14,2.1290303968168471,2.2469020734310634,24
221,"[1, 0, 0, 5]",29.5,29.149999999999999,41.444898941289701,0.16666666666666785,False,1.5754924014464082,152,1.4254924014464081,1.580128431921608,166,0.81883936968509896,29,0.66883936968509894,0.82347540016029874,29,0.97634658816440612,345,0.82634658816440609,0.9809826186396059,329,2.2210340431717124,37,2.0710340431717125,2.2238962243979743,33
222,"[1, 0, 1, 0]",43.033333333333331,42.75,1.7769489894128969,1.06666666666667,False,1.5926362073351039,137,1.4926362073351038,1.6073165282216553,142,-0.35405532298250952,776,-0.4540553229825095,-0.33937500209595817,757,1.3628840417913117,110,1.2628840417913116,1.3775643626778631,118,1.6197800921700682,429,1.5197800921700682,1.636288502370828,407
223,"[1, 0, 1, 1]",43.100000000000001,42.600000000000001,8.6754090471607324,0.63333333333333286,False,1.6639056517815847,78,1.5639056517815846,1.6710746479628968,88,-0.075832076803593468,544,-0.17583207680359347,-0.068663080622281297,532,1.4341534862377925,61,1.3341534862377924,1.4413224824191047,61,1.8092097503990479,256,1.7092097503990478,1.8172197883805996,261
224,"[1, 0, 1, 2]",43.06666666666667,42,15.57507218479307,0.53333333333333144,False,1.7817598612234069,26,1.631759861223407,1.7691653559942724,31,0.24901202676719902,313,0.099012026767199002,0.2364175215380645,325,1.5520076956796149,14,1.4020076956796148,1.5394131904504804,16,2.0448060159816097,112,1.8948060159816098,2.0304205032306601,136
225,"[1, 0, 1, 3]",42.033333333333331,40.75,22.473532242540905,0,False,1.8153293818313494,16,1.6653293818313495,1.7945959496031096,14,0.48953534910757679,151,0.33953534910757677,0.46880191687933681,172,1.5855772162875574,8,1.4355772162875575,1.5648437840593177,4,2.1917099010147125,47,2.0417099010147126,2.1679307366088527,61
226,"[1, 0, 1, 4]",39.833333333333336,38.950000000000003,29.373195380173243,0.099999999999994316,False,1.8089261655305977,18,1.6589261655305978,1.8008748109445896,10,0.69012202693579505,71,0.54012202693579503,0.68207067234978691,79,1.4512144234709252,49,1.3012144234709251,1.4431630688849171,60,2.2935432799993372,9,2.1435432799993372,2.2837630304062824,10
227,"[1, 0, 1, 5]",29.033333333333335,28.75,43.170115495668909,0.33333333333333215,False,1.5767506599071841,150,1.4267506599071842,1.583443315235435,161,0.87185412477725144,12,0.72185412477725142,0.87854678010550213,14,0.94310051553759811,369,0.79310051553759808,0.9497931708658488,364,2.2497221840861616,23,2.0997221840861617,2.2548361287416143,18
228,"[1, 0, 2, 0]",42.43333333333333,41.700000000000003,3.5009624639076034,1.6666666666666714,False,1.6393127472590301,96,1.4893127472590302,1.6379712971129439,114,-0.25565837882374176,680,-0.40565837882374178,-0.25699982896982798,676,1.4095605817152381,73,1.259560581715238,1.4082191315691519,88,1.6932810071742326,348,1.5432810071742327,1.6915379252426002,359
229,"[1, 0, 2, 1]",42.06666666666667,41.25,10.399422521655438,1.6666666666666643,False,1.6957307065569962,58,1.5457307065569963,1.6912764551817112,68,0.0077133822066594027,469,-0.14228661779334062,0.0032591308313744127,471,1.4659785410132042,39,1.3159785410132041,1.4615242896379192,44,1.8659580880836248,219,1.7159580880836247,1.8606271059892134,234
230,"[1, 0, 2, 2]",41.833333333333336,40.549999999999997,17.299085659287776,1.1666666666666643,False,1.7567303843918114,40,1.6067303843918115,1.7358828426555957,52,0.27570295417044488,288,0.12570295417044486,0.25485541243422893,306,1.5269782188480194,24,1.3769782188480193,1.5061306771118033,28,2.0438223949033003,114,1.8938223949033004,2.0198804524182217,143
231,"[1, 0, 2, 3]",40.5,39.049999999999997,24.197545717035609,0.53333333333333144,False,1.8300181075892441,3,1.6300181075892441,1.8026026348707045,9,0.55594447910031231,130,0.35594447910031235,0.52852900638177269,147,1.5758193587923242,9,1.3758193587923242,1.5484038860737845,12,2.2291283417920735,32,2.0291283417920734,2.1975222647437826,48
232,"[1, 0, 2, 4]",37.533333333333331,36.899999999999999,31.097208854667951,0.1666666666666714,False,1.7973391867949657,22,1.5973391867949658,1.7966863742609653,12,0.73025545243500423,60,0.53025545243500427,0.72960263990100382,64,1.4051471752453988,76,1.2051471752453988,1.4044943627113984,90,2.3013225455189659,6,2.1013225455189657,2.299538769067528,7
233,"[1, 0, 2, 5]",27.366666666666667,26.850000000000001,44.894128970163621,0.76666666666666572,False,1.5868696979270742,141,1.3868696979270743,1.5844813593880476,160,0.93369356703198281,3,0.73369356703198285,0.93130522849295616,3,0.91873928406759386,389,0.71873928406759391,0.91635094552856722,386,2.2819859856882645,13,2.0819859856882643,2.2765329200344393,13
234,"[1, 0, 3, 0]",36.399999999999999,37.25,5.226179018286814,7.7000000000000028,False,1.4497865426581158,244,1.2997865426581157,1.5001711978483736,228,-0.3934280867932799,812,-0.54342808679327992,-0.34304343160302209,762,1.2200343771143234,191,1.0700343771143235,1.2704190323045812,183,1.5067629625216714,559,1.3567629625216715,1.5626094085336084,497
235,"[1, 0, 3, 1]",36.799999999999997,37.25,12.124639076034649,6.9333333333333371,False,1.5324802064496077,189,1.3824802064496078,1.569155798425852,174,-0.10378062126935272,564,-0.25378062126935275,-0.067105029293108687,530,1.3027280409058157,144,1.1527280409058156,1.3394036328820595,143,1.7090792186887951,336,1.559079218688795,1.7494617471749589,311
236,"[1, 0, 3, 2]",35.833333333333336,36.700000000000003,19.024302213666989,7.1666666666666643,False,1.618346601725398,118,1.4183466017253981,1.668988666735973,90,0.18907566813540783,366,-0.010924331864592185,0.23971773314598283,323,1.3885944361816061,94,1.1885944361816061,1.4392365011921811,64,1.9085930100445532,185,1.7085930100445532,1.9646361462355462,171
237,"[1, 0, 3, 3]",35.56666666666667,35.850000000000001,25.922762271414822,5.4666666666666615,False,1.6281918268268671,107,1.4781918268268672,1.6583565425747753,97,0.40587469496931194,204,0.25587469496931192,0.43603941071722008,190,1.3394887469423629,121,1.189488746942363,1.369653462690271,122,2.0351360703353882,119,1.8851360703353883,2.067935853297949,113
238,"[1, 0, 3, 4]",33.06666666666667,32.350000000000001,32.822425409047163,0,False,1.661506813115605,82,1.461506813115605,1.6554019544389038,104,0.64617957538701987,86,0.44617957538701991,0.64007471671031868,92,1.2348104704784539,186,1.034810470478454,1.2287056118017528,203,2.1753715111756824,56,1.9753715111756824,2.1666628839374837,62
239,"[1, 0, 3, 5]",22.699999999999999,22.449999999999999,46.61934552454283,0.10000000000000142,False,1.4441827926407063,249,1.2441827926407063,1.4484234204022228,260,0.84276315837699123,22,0.64276315837699116,0.8470037861385078,22,0.7415480476936418,517,0.54154804769364184,0.74578867545515837,510,2.1483029925820945,70,1.9483029925820945,2.149578087535974,74
240,"[1, 0, 4, 0]",30.5,30.800000000000001,6.9501924927815208,13.43333333333333,True,1.2648179949963607,403,1.1148179949963606,1.2926726566351325,369,-0.52667623022019405,904,-0.67667623022019407,-0.49882156858142224,882,1.0350658294525683,296,0.8850658294525684,1.0629204910913401,274,1.3253669703093411,696,1.1753669703093412,1.3547009366685381,660
241,"[1, 0, 4, 1]",30.800000000000001,31.100000000000001,13.848652550529355,12.933333333333334,True,1.3440843929843491,326,1.1940843929843492,1.3721102188850849,311,-0.24045603049977038,666,-0.3904560304997704,-0.21243020459903483,647,1.1143322274405572,248,0.96433222744055702,1.1423580533412925,240,1.5238172470950215,542,1.3738172470950216,1.5533953805730465,509
242,"[1, 0, 4, 2]",30.233333333333334,31.050000000000001,20.748315688161693,12.533333333333331,True,1.443659851474153,250,1.243659851474153,1.4893646899826622,236,0.066109322119003944,428,-0.13389067788099607,0.1118141606275132,411,1.2139076859303608,196,1.0139076859303608,1.2596125244388701,189,1.7387949559765528,312,1.5387949559765528,1.7883066217388968,283
243,"[1, 0, 4, 3]",28.733333333333334,28.600000000000001,27.64677574590953,11.966666666666669,True,1.46123546499908,238,1.26123546499908,1.4729834369016042,244,0.29063873737636597,275,0.090638737376365963,0.30238670927889005,265,1.1380521156246817,237,0.9380521156246816,1.1498000875272056,235,1.8676576038962536,217,1.6676576038962536,1.8784484340644576,223
244,"[1, 0, 4, 4]",26.5,28.25,34.546438883541867,3.3000000000000007,True,1.4036898267638271,274,1.253689826763827,1.4797849463267081,238,0.44008299327008293,180,0.29008299327008291,0.51617811283296389,152,0.94251321463678173,370,0.7925132146367817,1.0186083341996626,301,1.9182023230870633,180,1.7682023230870634,2.0015175699671501,149
245,"[1, 0, 4, 5]",19.533333333333335,20.800000000000001,48.343358999037534,0.23333333333333073,True,1.3528928436080447,317,1.1528928436080448,1.4081722659485634,288,0.80319361357917085,36,0.6031936135791709,0.85847303591968949,18,0.61577782917108637,650,0.41577782917108635,0.671057251511605,580,2.0725771034625478,105,1.8725771034625476,2.1311432998814301,86
246,"[1, 0, 5, 0]",6.8666666666666663,6.7999999999999998,10.400625601539943,36.866666666666667,True,0.48934517452263476,1277,0.33934517452263474,0.49094005392480711,1281,-1.198636057431167,1256,-1.3486360574311669,-1.1970411780289947,1253,0.25959300897884263,1165,0.10959300897884261,0.26118788838101498,1166,0.50516593255060971,1272,0.35516593255060969,0.50079127167160808,1273
247,"[1, 0, 5, 1]",7.0666666666666664,6.9500000000000002,17.299085659287776,35.933333333333337,True,0.56518430670712005,1226,0.41518430670711998,0.56515113533852235,1227,-0.91584312351424668,1140,-1.0658431235142467,-0.91587629488284417,1136,0.33543214116332787,1038,0.18543214116332785,0.33539896979473027,1027,0.6997502299548467,1181,0.54975022995484668,0.69356466294453745,1181
248,"[1, 0, 5, 2]",7.0999999999999996,6.9500000000000002,24.198748796920114,33.93333333333333,True,0.68532336001794447,1101,0.48532336001794452,0.68414776671484567,1102,-0.58871417607445231,951,-0.78871417607445227,-0.58988976937755089,944,0.43110054962333433,880,0.23110054962333434,0.42992495632023564,888,0.93792381512503775,1030,0.7379238151250378,0.93044958832091407,1019
249,"[1, 0, 5, 3]",7,6.5999999999999996,31.097208854667951,30.700000000000003,True,0.75088069479191932,1002,0.55088069479191937,0.7409372453411045,1011,-0.31620303956804202,730,-0.51620303956804203,-0.32614648901885684,741,0.35868868324235254,994,0.15868868324235252,0.34874523379153771,1008,1.120910174384945,872,0.92091017438494505,1.1034861374885803,878
250,"[1, 0, 5, 4]",8.1999999999999993,7.7999999999999998,37.996871992300292,21.600000000000001,True,0.86100451581028392,827,0.66100451581028397,0.85174572340732335,821,0.00091067557929269682,479,-0.19908932442070731,-0.0083481168236677616,481,0.33081924150807018,1048,0.1308192415080702,0.32156044910510972,1064,1.3541868523386413,671,1.1541868523386414,1.3377394839175887,671
251,"[1, 0, 5, 5]",6.333333333333333,6.2999999999999998,51.793792107795959,1.2666666666666666,True,0.88499808863317664,790,0.73499808863317662,0.88745011619991077,768,0.29530848324337877,272,0.14530848324337872,0.2977605108101129,271,0.078874412021049611,1261,-0.071125587978950411,0.081326439587783794,1265,1.6057265811677337,448,1.4557265811677338,1.6022336348845001,441
252,"[1, 1, 0, 0]",43.56666666666667,42.149999999999999,0.60514918190567857,0.53333333333333144,False,1.5991969602120502,133,1.4991969602120501,1.5746926068016354,170,-0.38264856433077965,800,-0.48264856433077963,-0.40715291774119444,825,1.369444794668258,108,1.2694447946682579,1.3449404412578432,138,1.6086591689553906,444,1.5086591689553905,1.5808648119288033,470
253,"[1, 1, 0, 1]",43.899999999999999,42.200000000000003,7.503609239653513,0,False,1.6796057801345401,71,1.57960578013454,1.6454193676578597,110,-0.095285942675854635,556,-0.19528594267585464,-0.12947235515253505,589,1.4498536145907479,52,1.3498536145907478,1.4156672021140675,83,1.808398105534885,258,1.7083981055348849,1.7696908347806801,295
254,"[1, 1, 0, 2]",43.56666666666667,42,14.403272377285852,0.1666666666666643,False,1.7871781921658516,23,1.6371781921658517,1.7574473579192,35,0.21927636348442736,340,0.069276363484427339,0.18954552923777579,363,1.5574260266220596,13,1.4074260266220597,1.5276951923754081,20,2.0323964329731177,123,1.8823964329731178,1.9986810233149512,151
255,"[1, 1, 0, 3]",42.466666666666669,40.299999999999997,21.301732435033685,0.1666666666666643,False,1.8184628689047924,11,1.6684628689047925,1.7671985090193263,32,0.45751484195580294,167,0.30751484195580292,0.40625048207033687,211,1.5887107033610004,5,1.4387107033610003,1.5374463434755343,17,2.1767229984185916,55,2.0267229984185917,2.118428098798407,93
256,"[1, 1, 0, 4]",40.633333333333333,38.899999999999999,28.201395572666026,0,False,1.8246262938835529,5,1.674626293883553,1.7874146525907717,20,0.67066816106353377,78,0.52066816106353375,0.63345651977075257,98,1.4903505479740247,33,1.3403505479740245,1.4531389066812435,50,2.2927316351351745,10,2.1427316351351746,2.250049866280047,21
257,"[1, 1, 0, 5]",29.633333333333333,28.25,41.998315688161696,0,False,1.5855962566531328,146,1.4355962566531326,1.5543037143729062,184,0.8455457272979835,20,0.69554572729798347,0.81425318501775712,35,0.97538210843369078,346,0.82538210843369075,0.9440895661534644,365,2.241178580459112,28,2.0911785804591121,2.2033598067206426,45
258,"[1, 1, 1, 0]",43.333333333333336,42.25,2.3303657362848895,0.76666666666666572,False,1.6084521722143343,124,1.5084521722143343,1.5954290929029187,151,-0.32163685569711908,736,-0.42163685569711906,-0.33465993500853475,748,1.3787000066705422,100,1.2787000066705421,1.3656769273591265,123,1.6463679284265402,393,1.5463679284265401,1.6315415583777069,410
259,"[1, 1, 1, 1]",43.166666666666664,42.200000000000003,9.2288257940327245,0.56666666666666998,False,1.6217246631193067,114,1.5717246631193067,1.6126715332016517,137,-0.10141056305971156,563,-0.15141056305971157,-0.11046369297736662,571,1.3919724975755146,90,1.3419724975755145,1.3829193676578595,111,1.7767769680988181,287,1.7267769680988181,1.7664202128085309,296
260,"[1, 1, 1, 2]",43.06666666666667,41.450000000000003,16.128488931665064,0,False,1.7372940286921268,44,1.6372940286921267,1.7055357603967902,60,0.22114869664207851,337,0.1211486966420785,0.18939042834674172,364,1.5075418631483348,27,1.4075418631483347,1.475783594852998,35,2.0097959140937518,142,1.9097959140937517,1.9736998750270129,166
261,"[1, 1, 1, 3]",41.43333333333333,40.600000000000001,23.026948989412897,0,False,1.7502999544790492,43,1.6502999544790491,1.7449036362355925,44,0.44110842416143592,179,0.34110842416143594,0.43571210591797949,191,1.5195131402345832,25,1.4195131402345831,1.5141168219911267,24,2.1335039228381949,81,2.0335039228381948,2.1269995820894159,88
262,"[1, 1, 1, 4]",39.666666666666664,38.75,29.926612127045235,0,False,1.7587482233268119,39,1.6587482233268118,1.7494403372983272,41,0.65654658713816882,83,0.55654658713816885,0.64723870110968407,90,1.3899681463296993,92,1.2899681463296993,1.3806602603012146,115,2.2520898791424067,22,2.1520898791424066,2.2408581916763191,27
263,"[1, 1, 1, 5]",29.166666666666668,28.300000000000001,43.723532242540905,0,False,1.5368545151139088,184,1.4368545151139087,1.5232980401954441,208,0.84856048239013582,19,0.74856048239013584,0.83500400747167114,25,0.89213603580688272,408,0.79213603580688274,0.87857956088841804,410,2.2198667213735614,38,2.1198667213735614,2.2020628689590196,46
264,"[1, 1, 2, 0]",41.866666666666667,40.950000000000003,4.0543792107795955,2.2333333333333343,False,1.625425741841231,112,1.4754257418412309,1.6173730604004795,133,-0.25294288183538149,678,-0.40294288183538152,-0.26099556327613305,682,1.3956735762974386,88,1.2456735762974387,1.387620894856687,105,1.6863636887915292,354,1.5363636887915293,1.6769225601968469,366
265,"[1, 1, 2, 1]",41.5,40.75,10.952839268527431,2.2333333333333343,False,1.6318437011391969,102,1.5318437011391968,1.629389019862975,118,-0.03957112080498057,513,-0.13957112080498058,-0.042025802081202407,509,1.4020915355954047,81,1.3020915355954046,1.3996368543191828,92,1.809040769700921,257,1.7090407697009209,1.805880161996092,269
266,"[1, 1, 2, 2]",40.93333333333333,40.149999999999999,17.852502406159768,2.06666666666667,False,1.6814191596290007,68,1.5814191596290006,1.6774797278943503,85,0.21699423181379376,342,0.11699423181379376,0.21305480007914337,341,1.4516669940852085,48,1.3516669940852084,1.4477275623505581,57,1.9740184785824524,158,1.8740184785824523,1.969080876846153,170
267,"[1, 1, 2, 3]",40.233333333333334,38.549999999999997,24.750962463907605,0.79999999999999716,False,1.7764128995819548,31,1.6264128995819549,1.7407151995519681,48,0.51894177349918313,144,0.36894177349918311,0.48324407346919618,159,1.5111458158475948,26,1.3611458158475949,1.475448115817608,36,2.1838089615536997,51,2.0338089615536998,2.142775320750661,79
268,"[1, 1, 2, 4]",36.833333333333336,36.850000000000001,31.650625601539943,0,False,1.728882493639162,48,1.5788824936391621,1.7504783814509395,39,0.6784012616853603,74,0.52840126168536028,0.69999714949713776,74,1.3256221471521554,131,1.1756221471521553,1.3472180349639329,136,2.2392505879610041,30,2.0892505879610042,2.2625549829691431,17
269,"[1, 1, 2, 5]",27.633333333333333,26.600000000000001,45.447545717035609,0,False,1.5515432408718031,176,1.4015432408718032,1.531304725463039,200,0.91496961238287144,5,0.76496961238287142,0.89473109697410735,9,0.87234449207488307,421,0.72234449207488305,0.85210597666611898,428,2.2572851621509211,19,2.1072851621509212,2.2316543970939491,29
270,"[1, 1, 3, 0]",36.666666666666664,37.350000000000001,5.7795957651588061,7.4333333333333371,False,1.4644600856028447,237,1.3144600856028446,1.5091896858745848,221,-0.36215204144239144,780,-0.51215204144239146,-0.31742244117065133,733,1.2347079200590523,187,1.0847079200590524,1.2794375203307924,177,1.5320621389843287,535,1.3820621389843286,1.5815466750668028,465
271,"[1, 1, 3, 1]",36.600000000000001,37.350000000000001,12.678055822906641,7.1333333333333329,False,1.481159842311321,224,1.3811598423113209,1.5281742864520631,203,-0.13849848300147979,594,-0.2384984830014798,-0.091484038860737721,560,1.2514076767675288,178,1.1514076767675288,1.2984221209082709,165,1.6663371580380502,376,1.5663371580380501,1.7183990137081535,334
272,"[1, 1, 3, 2]",35.866666666666667,36.299999999999997,19.577718960538981,7.1333333333333329,False,1.575023191128619,154,1.4250231911286191,1.6105855519747276,140,0.16235475994478865,382,0.012354759944788629,0.19791712079089729,353,1.345271025584827,117,1.1952710255848271,1.3808333864309357,114,1.8748715679505095,213,1.7248715679505096,1.9138365706634772,199
273,"[1, 1, 3, 3]",35.166666666666664,35.5,26.476179018286814,5.8666666666666671,False,1.5700169310815735,158,1.4700169310815734,1.6016955880922761,147,0.36430230163017785,236,0.26430230163017787,0.39598095864088045,218,1.2702455162596293,165,1.1702455162596292,1.3019241732703319,163,1.9846620509217567,155,1.8846620509217566,2.0191099619364068,144
274,"[1, 1, 3, 4]",33.06666666666667,32.350000000000001,33.375842155919152,0,False,1.6170409805843251,121,1.467040980584325,1.6109361219076237,139,0.61831624526189954,96,0.46831624526189952,0.61221138658519836,108,1.179276303009734,215,1.0292763030097341,1.173171444333033,226,2.1403614092878245,74,1.9903614092878243,2.1316527820496258,85
275,"[1, 1, 3, 5]",22.666666666666668,22.699999999999999,47.172762271414825,0,False,1.3985745381749251,283,1.2485745381749251,1.4126683892646708,286,0.81375740631736992,33,0.6637574063173699,0.82785125740711563,27,0.68487145829042084,573,0.53487145829042082,0.69896530938016654,548,2.1120042309004221,88,1.9620042309004222,2.1244364067007475,91
276,"[1, 1, 4, 0]",30.300000000000001,30.300000000000001,7.503609239653513,13.599999999999998,True,1.2634976308580734,408,1.1134976308580735,1.2807852213163962,385,-0.51139409195232111,893,-0.66139409195232113,-0.4941065014939986,877,1.0337454653142815,301,0.88374546531428133,1.0510330557726038,281,1.3326249096585965,690,1.1826249096585966,1.3499539926754167,664
277,"[1, 1, 4, 1]",30.266666666666666,30.100000000000001,14.402069297401347,13.466666666666669,True,1.2813398095010511,389,1.181339809501051,1.2928011807788917,368,-0.28659811157690862,711,-0.3865981115769086,-0.27513674029906798,694,1.0515876439572589,286,0.95158764395725881,1.0630490152350995,273,1.4681885885061323,592,1.3681885885061322,1.478911594474662,571
278,"[1, 1, 4, 2]",29.600000000000001,29.850000000000001,21.301732435033685,13.033333333333331,True,1.3774880021873512,304,1.2274880021873513,1.403087010761487,295,0.016539975238361815,465,-0.13346002476163821,0.042138983812497366,447,1.1477358366435593,229,0.99773583664355925,1.1733348452176946,225,1.6793003180062205,363,1.5293003180062206,1.7059280987984069,348
279,"[1, 1, 4, 3]",27.866666666666667,27.949999999999999,28.200192492781522,12.766666666666666,True,1.3870666621707701,298,1.2370666621707702,1.4058695207466307,292,0.23307243695421587,327,0.083072436954215845,0.25187529553007615,307,1.052814977858932,284,0.90281497785893194,1.0716178364347924,269,1.7991423473692203,269,1.6491423473692204,1.8177804374397573,260
280,"[1, 1, 4, 4]",26.199999999999999,27.949999999999999,35.099855630413856,3.6000000000000014,True,1.3489421968220365,322,1.2489421968220364,1.424866152122954,273,0.40193786573445223,205,0.30193786573445225,0.47786182103536956,164,0.87669724975755148,418,0.7766972497575515,0.95262120505846892,360,1.8715942830548755,215,1.7715942830548754,1.9546653628161341,177
281,"[1, 1, 4, 5]",19.5,20.350000000000001,48.89677574590953,0,True,1.3072845891422635,360,1.1572845891422636,1.3480269909085729,330,0.77418786151954955,43,0.62418786151954953,0.8149302632858586,34,0.55910123976786519,720,0.40910123976786517,0.59984364153417424,656,2.036278341780875,118,1.8862783417808751,2.078370040098835,104
282,"[1, 1, 5, 0]",6.9000000000000004,6.75,10.954042348411935,36.833333333333336,True,0.49602176392585584,1273,0.34602176392585582,0.49473206111478141,1279,-1.1753569656217864,1248,-1.3253569656217863,-1.1766466684328609,1247,0.26626959838206377,1155,0.11626959838206372,0.26497989557098928,1164,0.52144449045656605,1267,0.37144449045656597,0.51380748557322364,1265
283,"[1, 1, 5, 1]",7,6.7999999999999998,17.852502406159768,36,True,0.51843363030683753,1262,0.41843363030683756,0.51545882197100534,1264,-0.94599129750836941,1159,-1.0459912975083694,-0.94896610584420149,1157,0.28868146476304546,1124,0.18868146476304548,0.28570665642721327,1131,0.66216280847935949,1204,0.56216280847935951,0.65263350842510015,1200
284,"[1, 1, 5, 2]",7.1333333333333337,6.9500000000000002,24.752165543792106,33.899999999999999,True,0.64199994942116556,1152,0.49199994942116554,0.63968193418356567,1154,-0.61543508426507132,970,-0.76543508426507134,-0.61775309950267121,968,0.37670880408911556,968,0.22670880408911556,0.37439078885151567,966,0.90420237303099404,1053,0.75420237303099402,0.89543948643305582,1049
285,"[1, 1, 5, 3]",6.833333333333333,6.7000000000000002,31.650625601539943,30.000000000000004,True,0.70070275258813364,1083,0.55070275258813361,0.69995573336731587,1075,-0.34977847936566814,771,-0.49977847936566816,-0.35052549858648596,776,0.29744240610112688,1108,0.14744240610112685,0.29669538688030911,1113,1.0794567735280145,924,0.92945677352801459,1.0724234040217748,913
286,"[1, 1, 5, 4]",7.9000000000000004,7.5499999999999998,38.550288739172281,21.899999999999999,True,0.80625688586849364,923,0.65625688586849362,0.7985690894823152,918,-0.037234451956338011,511,-0.18723445195633803,-0.044922248342516402,511,0.26500327662884005,1158,0.11500327662884005,0.25731548024266171,1174,1.3075788123064531,710,1.1575788123064532,1.2928609609770989,710
287,"[1, 1, 5, 5]",6.333333333333333,6.25,52.347208854667947,1.2000000000000002,True,0.84053225610189652,859,0.74053225610189655,0.84124212338988502,842,0.22317181336849917,335,0.12317181336849917,0.22388168065648767,333,0.02334024455232972,1280,-0.076659755447670286,0.024050111840318217,1279,1.5707164792798758,492,1.4707164792798757,1.5652498487861155,487
288,"[1, 2, 0, 0]",42.299999999999997,41.950000000000003,1.1609720885466794,1.8000000000000043,False,1.6113431557674165,123,1.4613431557674166,1.6232821947530627,126,-0.35382768157618305,775,-0.50382768157618307,-0.34188864259053686,761,1.3815909902236245,98,1.2315909902236244,1.3935300292092707,99,1.6247451683726362,419,1.474745168372636,1.6380251466688924,405
289,"[1, 2, 0, 1]",42.56666666666667,41.649999999999999,8.0594321462945135,1.1999999999999957,False,1.689467131820904,63,1.5394671318209041,1.681813833658067,78,-0.068749903790260691,537,-0.21874990379026071,-0.076403201953097688,545,1.4597149662771121,44,1.3097149662771119,1.4520616681142751,52,1.8219067853645026,244,1.6719067853645024,1.8130353800470851,264
290,"[1, 2, 0, 2]",42.600000000000001,41.600000000000001,14.959095283926853,1.1333333333333329,False,1.7596061851317288,38,1.6096061851317287,1.749068304755645,42,0.20837904364953441,350,0.05837904364953439,0.19784116327345058,354,1.5298540195879364,23,1.3798540195879365,1.5193161392118526,22,2.0100803705346935,141,1.8600803705346936,1.9979466212129355,152
291,"[1, 2, 0, 3]",41,40.049999999999997,21.857555341674686,1.6333333333333329,False,1.8237545328531519,6,1.623754532853152,1.8140459366920081,7,0.47948119310339249,161,0.27948119310339248,0.46977259694224865,170,1.5940023673093597,3,1.3940023673093598,1.5842937711482159,2,2.1850770390729508,49,1.9850770390729509,2.1736147493279701,56
292,"[1, 2, 0, 4]",38.799999999999997,38.5,28.757218479307024,1.1333333333333329,False,1.8173513165524,14,1.6173513165524001,1.8290355994272167,3,0.68006787093161059,73,0.48006787093161063,0.69175215380642729,77,1.4719591125100515,38,1.2719591125100516,1.4836433953848682,30,2.286910418057575,12,2.0869104180575748,2.2993154641780311,8
293,"[1, 2, 0, 5]",29.199999999999999,27.75,42.554138594802694,0.16666666666666785,False,1.6263030005710275,111,1.4263030005710275,1.5924403406518597,155,0.9029271584151084,9,0.70292715841510844,0.86906449849594058,17,1.0049723942187658,324,0.80497239421876587,0.97110973429959802,340,2.2894810747217198,11,2.0894810747217196,2.2486780361975742,22
294,"[1, 2, 1, 0]",42.466666666666669,42.25,2.8861886429258901,1.6333333333333329,False,1.6343074309837147,98,1.4843074309837145,1.6509873219693287,106,-0.27910690972850893,704,-0.42910690972850896,-0.26242701874289487,683,1.4045552654399223,77,1.2545552654399224,1.4212351564255363,76,1.6779178453695596,365,1.5279178453695594,1.6965966299599011,354
295,"[1, 2, 1, 1]",42.233333333333334,42.350000000000001,9.7846487006737242,1.5,False,1.6452950780196849,94,1.5452950780196848,1.6734562431042985,87,-0.061165460960103418,531,-0.16116546096010342,-0.033004295875489781,502,1.4155429124758927,71,1.3155429124758926,1.4437040775605063,59,1.8057495654542088,262,1.7057495654542087,1.8373963370223043,246
296,"[1, 2, 1, 2]",42.100000000000001,41.5,16.684311838306062,0.89999999999999858,False,1.7097220216580036,53,1.6097220216580035,1.7128361497419458,55,0.21025137680718534,347,0.11025137680718533,0.21336550489112752,340,1.4799698561142116,35,1.3799698561142115,1.4830839841981538,31,1.9874798516553278,152,1.8874798516553277,1.9907286308197336,157
297,"[1, 2, 1, 3]",40.700000000000003,39.799999999999997,23.582771896053899,0.3333333333333286,False,1.7807249009864341,27,1.6307249009864342,1.7725873008420718,28,0.4882080578680511,154,0.33820805786805108,0.48007045772368906,162,1.5388216286091483,19,1.3888216286091482,1.530684028464786,19,2.170208478956472,63,2.020208478956472,2.1604757063031892,65
298,"[1, 2, 1, 4]",38.100000000000001,38.399999999999999,30.482435033686237,0,False,1.7606126214716684,36,1.6106126214716683,1.7928034444135177,15,0.67508567248225537,76,0.52508567248225535,0.70727649542410465,72,1.3807160863417356,99,1.2307160863417357,1.4129069092835849,85,2.256577940415323,20,2.1065779404153231,2.2920974737848292,9
299,"[1, 2, 1, 5]",29,27.5,44.279355149181903,0,False,1.586700634507813,143,1.436700634507813,1.5509817048019237,189,0.91508128898327012,4,0.7650812889832701,0.87936235927738082,13,0.93086569706796707,378,0.78086569706796705,0.89514676736207777,396,2.2784784939866838,15,2.1284784939866839,2.2355389931727934,28
300,"[1, 2, 2, 0]",40.033333333333331,40.399999999999999,4.6102021174205969,4.06666666666667,False,1.5681507645100781,160,1.4181507645100779,1.603767526400687,145,-0.29354317196730417,714,-0.4435431719673042,-0.25792641007669526,678,1.3383985989662857,123,1.1883985989662857,1.3740153608568946,120,1.6305424717139303,411,1.4805424717139302,1.6702671054632519,370
301,"[1, 2, 2, 1]",39.666666666666664,40.5,11.508662175168432,4.06666666666667,False,1.5745687238080439,155,1.4745687238080438,1.6262364475356568,121,-0.080171410936903248,546,-0.18017141093690325,-0.02850368720929039,496,1.3448165582642517,118,1.2448165582642516,1.3964842819918646,95,1.7532195526233219,302,1.6532195526233218,1.811066812525655,265
302,"[1, 2, 2, 2]",39.833333333333336,39.049999999999997,18.40832531280077,3.1666666666666643,False,1.6492774648568731,90,1.549277464856873,1.6447104308283562,111,0.20152722424089622,357,0.10152722424089622,0.19696019021237934,356,1.4195252993130809,69,1.3195252993130808,1.414958265284564,84,1.9465477769687709,165,1.8465477769687708,1.9407148957967686,186
303,"[1, 2, 2, 3]",38.233333333333334,37.549999999999997,25.306785370548603,2.7999999999999972,False,1.7134258125782962,51,1.5634258125782963,1.711430223043465,57,0.47262937369475433,163,0.32262937369475431,0.47063378415992319,168,1.4370422707111166,60,1.2870422707111164,1.4350466811762854,66,2.1215444455070283,87,1.9715444455070283,2.1183567081223296,94
304,"[1, 2, 2, 4]",35.56666666666667,36.549999999999997,32.206448508180941,0,False,1.6910286891945283,62,1.5410286891945284,1.7455836488448755,43,0.65722214443995675,82,0.50722214443995672,0.71177710409030392,69,1.2766518845747017,161,1.1266518845747018,1.3312068442250489,150,2.2053365873782504,43,2.0553365873782505,2.2657679492881795,16
305,"[1, 2, 2, 5]",26.5,26,46.003368623676614,0,False,1.5182591241651746,198,1.3682591241651745,1.5159570311845014,212,0.89836018287547292,10,0.7483601828754729,0.89605808989479996,7,0.82794391723543426,451,0.67794391723543423,0.82564182425476129,446,2.2285258007434252,33,2.0785258007434253,2.223025258149828,34
306,"[1, 2, 3, 0]",32.799999999999997,34.450000000000003,6.3354186717998076,11.300000000000004,False,1.3874973702671221,295,1.1874973702671221,1.4637026187737474,251,-0.42244006957888364,835,-0.62244006957888365,-0.34623482107225828,767,1.1577452047233299,226,0.95774520472332991,1.2339504532299552,201,1.4476326744840486,605,1.2476326744840487,1.5321280624384712,534
307,"[1, 2, 3, 1]",32.533333333333331,34.299999999999997,13.233878729547643,11.200000000000003,False,1.3973425953685914,285,1.2473425953685913,1.4774607385149885,240,-0.20564104274497963,644,-0.35564104274497965,-0.12552289959858232,586,1.167590429824799,221,1.0175904298247991,1.2477085729711965,194,1.5741757347748835,486,1.4241757347748836,1.6630593484482423,379
308,"[1, 2, 3, 2]",32.766666666666666,34.100000000000001,20.133541867179982,10.233333333333334,False,1.4743361802864228,229,1.3243361802864229,1.5394887287763295,198,0.078342436301822249,422,-0.071657563698177773,0.14349498479172895,399,1.2445840147426308,180,1.0945840147426307,1.3097365632325375,160,1.7700812787079618,289,1.6200812787079617,1.8420495369825143,243
309,"[1, 2, 3, 3]",32.200000000000003,33.149999999999999,27.032001924927815,8.8333333333333286,False,1.5238996079773819,194,1.373899607977382,1.5753722840576403,169,0.3348596657252163,248,0.18485966572521628,0.38633234180547493,223,1.2130117350226177,197,1.0630117350226176,1.2644844111028761,187,1.9350264008544666,170,1.7850264008544667,1.9914018756238643,156
310,"[1, 2, 3, 4]",29.933333333333334,31,33.931665062560157,0,False,1.5652115478076274,162,1.3652115478076274,1.6194560234479012,130,0.58316149968443209,115,0.38316149968443214,0.63740597532470589,95,1.1163304121002164,245,0.91633041210021637,1.1705748877404902,227,2.0842824602514622,100,1.8842824602514623,2.1434183799476099,77
311,"[1, 2, 3, 5]",20.666666666666668,21.449999999999999,47.728585178055823,0,False,1.3855874511712665,299,1.1855874511712665,1.4246726113624397,274,0.81744500651294127,31,0.61744500651294132,0.85653016670411453,19,0.66076791315394234,597,0.46076791315394228,0.69985307334511537,547,2.0997397148537504,93,1.8997397148537505,2.140149373019784,81
312,"[1, 2, 4, 0]",25.533333333333335,26.300000000000001,8.0594321462945135,18.233333333333331,True,1.1556895232908202,491,0.95568952329082013,1.1969706280831542,460,-0.60252751232034463,963,-0.80252751232034458,-0.56124640752801036,922,0.92593735774702801,383,0.72593735774702806,0.96721846253936228,350,1.213401630725327,798,1.0134016307253271,1.2571143274155061,749
313,"[1, 2, 4, 1]",25.633333333333333,26.300000000000001,14.957892204042349,18.100000000000001,True,1.1781013896718022,472,1.0281013896718021,1.2159552286606328,439,-0.37316184420692744,787,-0.52316184420692746,-0.33530800521809678,750,0.94834922412800993,366,0.7983492241280099,0.98620306311684058,322,1.3541199487481208,672,1.2041199487481207,1.3939666660568566,630
314,"[1, 2, 4, 2]",25.433333333333334,25.850000000000001,21.857555341674686,17.199999999999999,True,1.2402434894411187,429,1.0902434894411186,1.2692724175282453,398,-0.10402985030864098,565,-0.254029850308641,-0.075000922221514332,541,1.0104913238973263,321,0.86049132389732641,1.0395202519844531,291,1.5332729153616107,533,1.3832729153616108,1.5630884335384962,495
315,"[1, 2, 4, 3]",24.133333333333333,25.149999999999999,28.756015399422523,15.799999999999997,True,1.3146736345730523,350,1.1146736345730524,1.3638667742032844,317,0.17735409655572792,372,-0.022645903444272086,0.22654723618596012,332,0.9693054921283939,350,0.76930549212839394,1.0184986317586262,302,1.7198675220441981,326,1.5198675220441982,1.7723091932324782,294
316,"[1, 2, 4, 4]",23.100000000000001,24,35.655678537054861,6.6999999999999993,True,1.2982551859798406,372,1.1482551859798404,1.342793719168458,334,0.3679255420914862,231,0.21792554209148618,0.41246407528010398,207,0.81489378078253527,462,0.66489378078253525,0.85943231397115305,424,1.8168039938123277,249,1.6668039938123276,1.8637993817667495,232
317,"[1, 2, 4, 5]",17.633333333333333,18.600000000000001,49.452598652550527,0,True,1.2988671898766095,371,1.0988671898766096,1.3426096102188851,335,0.78244514945312549,39,0.58244514945312542,0.82618756979540109,28,0.53956738236939117,743,0.33956738236939116,0.58330980271166677,684,2.0291684649094615,125,1.8291684649094615,2.0743461643126087,107
318,"[1, 2, 5, 0]",5.4000000000000004,5.4000000000000004,11.509865255052935,38.333333333333336,True,0.50017100593971442,1270,0.30017100593971446,0.503251962655059,1273,-1.1545330364086974,1239,-1.3545330364086974,-1.1514520796933529,1238,0.27041884039592234,1148,0.070418840395922319,0.27349979711126687,1150,0.52850987131711102,1264,0.32850987131711101,0.52557308347120757,1260
319,"[1, 2, 5, 1]",5.5666666666666664,5.2999999999999998,18.40832531280077,37.433333333333337,True,0.52486771618969852,1257,0.3748677161896985,0.51875224267504605,1262,-0.92288252442627827,1144,-1.0728825244262783,-0.92899799794093074,1147,0.29511555064590639,1110,0.14511555064590637,0.28900007713125392,1126,0.67180550892753355,1197,0.52180550892753352,0.65847805369150536,1198
320,"[1, 2, 5, 2]",5.4333333333333336,5.4500000000000002,25.307988450433108,35.599999999999994,True,0.58929465982801732,1201,0.4392946598280173,0.59297535488760633,1200,-0.65146568665898941,998,-0.80146568665898943,-0.64778499159940039,984,0.31288705636314729,1075,0.16288705636314729,0.31656775142273635,1072,0.85353579512865263,1093,0.70353579512865261,0.8512840316994611,1085
321,"[1, 2, 5, 3]",5.4666666666666668,5.5999999999999996,32.206448508180941,30.100000000000001,True,0.70942168233999681,1066,0.50942168233999674,0.71718643630132162,1041,-0.32438486241457504,739,-0.52438486241457505,-0.31662010845325023,730,0.29504487772017007,1111,0.095044877720170076,0.30280963168149494,1096,1.0916767935638174,910,0.89167679356381746,1.0940574229723905,890
322,"[1, 2, 5, 4]",6.4000000000000004,5.9000000000000004,39.106111645813279,23.399999999999999,True,0.81040612788235222,916,0.61040612788235216,0.7966360293501189,925,-0.0164105227432495,495,-0.21641052274324951,-0.030180621275482766,500,0.25803606050987871,1168,0.058036060509878695,0.24426596197764544,1187,1.3146441931669983,705,1.1146441931669984,1.2927844536119251,711
323,"[1, 2, 5, 5]",5.6333333333333337,5.0499999999999998,52.903031761308952,1.8999999999999995,True,0.87209962454378254,804,0.72209962454378251,0.85498850576639962,816,0.226948036478335,331,0.07694803647833498,0.20983691770095203,345,0.043791154861395676,1275,-0.10620884513860435,0.026680036084012704,1277,1.6087096951919673,443,1.4587096951919671,1.5829364993156787,463
324,"[1, 3, 0, 0]",38.93333333333333,38.950000000000003,1.7143888354186718,5.1666666666666714,False,1.5014927078515212,207,1.3514927078515211,1.5242867454970441,205,-0.44707562708591875,851,-0.59707562708591877,-0.42428158944039585,841,1.2717405423077288,163,1.1217405423077289,1.2945345799532517,166,1.5095804273095204,554,1.3595804273095202,1.5345939921494556,532
325,"[1, 3, 0, 1]",39.100000000000001,38.700000000000003,8.6128488931665057,4.6666666666666643,False,1.5761894181015053,151,1.4261894181015051,1.5845605446807944,159,-0.16542511510349966,614,-0.31542511510349969,-0.15705398852421049,612,1.3464372525577128,116,1.1964372525577129,1.354808379137002,131,1.702876064919943,342,1.5528760649199431,1.7115779097381743,343
326,"[1, 3, 0, 2]",37.966666666666669,38.149999999999999,15.512512030798845,5.7666666666666657,False,1.6563437037047897,84,1.4563437037047897,1.6843934129909153,73,0.1217190646287552,401,-0.078280935371244809,0.1497687739148808,396,1.4265915381609975,64,1.2265915381609975,1.4546412474471231,48,1.8959465573066292,196,1.6959465573066292,1.9267523087987615,191
327,"[1, 3, 0, 3]",37.266666666666666,37.549999999999997,22.410972088546679,5.3666666666666671,False,1.6513374436577442,87,1.501337443657744,1.6824720902234458,77,0.32366660631414435,254,0.17366660631414432,0.35480125287984621,243,1.4215852781139517,66,1.2715852781139518,1.4527199246796538,51,2.0057370402778765,145,1.8557370402778763,2.0399204369137962,133
328,"[1, 3, 0, 4]",34.799999999999997,35.899999999999999,29.31063522617902,5.1333333333333329,False,1.6857948518809829,65,1.4857948518809829,1.7439774324011632,46,0.56511390866635347,126,0.3651139086663534,0.6232964891865338,102,1.3293343129011945,128,1.1293343129011946,1.3875168934213749,106,2.1472611409119851,71,1.9472611409119849,2.2116737833428046,41
329,"[1, 3, 0, 5]",26.5,25.75,43.10755534167469,2.8666666666666671,False,1.5393009913451552,183,1.3393009913451552,1.528288096970754,202,0.83252765159539588,23,0.63252765159539592,0.82151475722099465,30,0.90690205005545343,397,0.70690205005545348,0.89588915568105221,395,2.2000895295348921,45,2.0000895295348919,2.184720565888663,54
330,"[1, 3, 1, 0]",38.5,38.450000000000003,3.4396053897978827,5.6000000000000014,False,1.5038933882467984,206,1.3538933882467985,1.5241173082533797,206,-0.39291845005926496,811,-0.54291845005926498,-0.37269453005268371,793,1.2741412227030064,162,1.1241412227030063,1.2943651427095877,167,1.5395572280177836,529,1.3895572280177837,1.5615865280720431,501
331,"[1, 3, 1, 1]",38.466666666666669,38.700000000000003,10.338065447545716,5.2666666666666657,False,1.5217355668897758,196,1.4217355668897758,1.5518127102245864,188,-0.16812246968385289,618,-0.26812246968385289,-0.13804532634904229,597,1.2919834013459837,151,1.1919834013459836,1.3220605446807943,153,1.6751209068653197,369,1.5751209068653196,1.7083072877660253,345
332,"[1, 3, 1, 2]",36.866666666666667,38.049999999999997,17.237728585178054,6.1333333333333329,False,1.5858959454100439,145,1.435895945410044,1.648161257977216,109,0.10302780296538561,407,-0.046972197034614416,0.16529311553255754,384,1.3561437798662519,114,1.206143779866252,1.4184090924334241,82,1.8501501621386036,229,1.7001501621386037,1.9195343184055598,194
333,"[1, 3, 1, 3]",36.633333333333333,37.100000000000001,24.136188642925891,4.3999999999999986,False,1.5968835924460145,134,1.4968835924460144,1.6340448132585275,116,0.32096925173379132,256,0.22096925173379134,0.35813047254630426,240,1.3439119851312888,119,1.2439119851312888,1.3810732059438018,113,1.9779818822232531,156,1.877981882223253,2.0188866570469099,145
334,"[1, 3, 1, 4]",34.666666666666664,35.549999999999997,31.035851780558229,3.4333333333333371,False,1.6484773296867705,92,1.4984773296867704,1.6990344759937357,64,0.57955288310351727,118,0.42955288310351725,0.63011002941048244,99,1.2575124596193978,171,1.1075124596193979,1.308069605926363,161,2.1388358797645779,76,1.988835879764578,2.1945873718969708,51
335,"[1, 3, 1, 5]",25.800000000000001,25.100000000000001,44.832771896053899,2.3333333333333321,False,1.4825622962644234,222,1.3325622962644235,1.4728921788908527,245,0.82754545314604033,25,0.67754545314604031,0.81787533577246974,33,0.81565902388713751,459,0.66565902388713749,0.80598890651356692,458,2.1697570518926397,64,2.0197570518926398,2.1557920491796718,68
336,"[1, 3, 2, 0]",36.766666666666666,38.149999999999999,5.1636188642925891,7.3333333333333357,False,1.5117275823976861,205,1.3117275823976862,1.5809044813258528,165,-0.33336385167353638,752,-0.53336385167353639,-0.26418695274536969,684,1.2819754168538939,160,1.081975416853894,1.3511523157820606,135,1.5692437100322576,494,1.3692437100322576,1.6464412141017095,395
337,"[1, 3, 2, 1]",36.366666666666667,37.649999999999999,12.062078922040424,7.3666666666666671,False,1.5170031197611507,200,1.3670031197611507,1.5824674791158748,162,-0.12113451257763652,581,-0.27113451257763654,-0.055670153222912577,518,1.2872509542173587,155,1.1372509542173586,1.3527153135720824,132,1.6906321311478347,349,1.5406321311478348,1.7635567106377965,299
338,"[1, 3, 2, 2]",35.633333333333333,36.850000000000001,18.961742059672762,7.3666666666666671,False,1.5608664685784488,165,1.4108664685784487,1.6235895460322678,125,0.12971873036863146,397,-0.020281269631368559,0.19244180782245046,361,1.3311143030346564,125,1.1811143030346565,1.3938373804884754,98,1.8491665410602938,230,1.6991665410602939,1.9188626886457523,195
339,"[1, 3, 2, 3]",34.966666666666669,35.850000000000001,25.860202117420595,6.0666666666666629,False,1.6070026304659044,126,1.4570026304659045,1.6577309410348331,99,0.38280869398852235,217,0.23280869398852233,0.43353700455745103,193,1.3195507536612849,139,1.1695507536612848,1.3702790642302136,121,2.0102456838253557,140,1.8602456838253558,2.0662413430765763,116
340,"[1, 3, 2, 4]",32.200000000000003,33.149999999999999,32.759865255052937,1.3666666666666671,False,1.6311782412786331,103,1.4311782412786331,1.6826509173588917,76,0.6139741989302212,99,0.41397419893022114,0.66544687501047983,86,1.2057331017213664,202,1.0057331017213664,1.257205777801625,190,2.1401718463151345,75,1.9401718463151345,2.1965473210845321,49
341,"[1, 3, 2, 5]",23.333333333333332,23.949999999999999,46.556785370548603,0,False,1.4652632078562855,236,1.2652632078562855,1.5000626272246496,229,0.86196676897274371,16,0.66196676897274376,0.89676618834110777,6,0.76387966598910562,504,0.56387966598910566,0.79867908535746968,466,2.1710930184431962,60,1.9710930184431961,2.207094103630391,43
342,"[1, 3, 3, 0]",34,34.350000000000001,6.8888354186717997,10.100000000000001,False,1.3841587273778835,302,1.2341587273778833,1.4157524656849758,284,-0.40917621006196259,820,-0.55917621006196261,-0.37758247175487003,798,1.1544065618340911,228,1.0044065618340912,1.1860003001411838,220,1.4590143251735102,597,1.3090143251735102,1.4931705921295602,560
343,"[1, 3, 3, 1]",33.966666666666669,34.299999999999997,13.787295476419635,9.7666666666666657,False,1.4020009060208607,277,1.3020009060208606,1.4329949059837086,268,-0.1843802296865503,633,-0.2843802296865503,-0.15338622972370239,607,1.1722487404770685,217,1.0722487404770684,1.2032427404399164,212,1.5945780040210464,464,1.4945780040210463,1.6280492465603844,414
344,"[1, 3, 3, 2]",32.866666666666667,34,20.686958614051974,10.133333333333333,False,1.4832976135586464,221,1.3332976135586465,1.5415385756875581,196,0.10390637198020569,405,-0.04609362801979433,0.16214733410911741,387,1.2535454480148545,177,1.1035454480148543,1.3117864101437662,158,1.7889371562015466,278,1.6389371562015467,1.8530920666736033,238
345,"[1, 3, 3, 3]",31.866666666666667,32.549999999999997,27.585418671799808,9.1666666666666643,False,1.4680095561010904,235,1.3680095561010903,1.5100005281814131,219,0.29557211625508462,271,0.19557211625508464,0.33756308833540705,252,1.1460533482088864,231,1.0460533482088863,1.1880443202892088,219,1.8871297010284642,199,1.7871297010284641,1.9327075632096904,188
346,"[1, 3, 3, 4]",29.033333333333335,30.050000000000001,34.485081809432145,0.76666666666666572,False,1.4899003230448167,214,1.3399003230448165,1.5418891456204542,194,0.52445277732778084,140,0.37445277732778082,0.57644159990341837,124,1.0299508523999656,305,0.87995085239996573,1.0819396749756032,261,2.0144785439306143,134,1.8644785439306144,2.0709082780597514,110
347,"[1, 3, 3, 5]",20.033333333333335,20.850000000000001,48.282001924927812,0,False,1.3194156018844647,348,1.1694156018844648,1.3593008554862123,324,0.76787565963229909,48,0.61787565963229907,0.80776091323404642,39,0.58352772892970062,691,0.4335277289297006,0.62341298253144795,629,2.0402450768834179,117,1.890245076883418,2.0814550606056099,103
348,"[1, 3, 4, 0]",23.933333333333334,25.199999999999999,8.6128488931665057,19.833333333333332,True,1.1063874379034855,535,0.90638743790348542,1.1641772694194701,487,-0.63522709530151933,983,-0.83522709530151928,-0.57743726378553473,935,0.8766352723596933,419,0.67663527235969334,0.9344251038756779,371,1.1665358587343762,835,0.9665358587343762,1.2286831728960688,776
349,"[1, 3, 4, 1]",23.833333333333332,25.350000000000001,15.511308950914341,19.900000000000002,True,1.1219447726774603,519,0.97194477267746027,1.1883883508331854,464,-0.41271595879510958,823,-0.56271595879510961,-0.34627238063938459,768,0.89219260713366821,407,0.74219260713366819,0.95863618528939321,352,1.2995222179942831,723,1.1495222179942832,1.3714565641689984,652
350,"[1, 3, 4, 2]",23.833333333333332,24.300000000000001,22.410972088546679,18.800000000000001,True,1.2409414040537836,428,1.0409414040537837,1.2707996163558501,397,-0.086729433289816027,552,-0.28672943328981604,-0.056871220987749604,520,1.0111892385099917,320,0.81118923850999158,1.041047450812058,290,1.5364071433706599,532,1.3364071433706599,1.5668941211243224,483
351,"[1, 3, 4, 3]",22,23.100000000000001,29.309432146294515,17.93333333333333,True,1.1970927982336992,458,1.0470927982336991,1.2479723702434331,415,0.076375762622534538,425,-0.073624237377465485,0.12725533463226846,405,0.84065632085160091,440,0.69065632085160089,0.89153589286133483,399,1.6023831933522166,455,1.4523831933522164,1.6563780387130413,388
352,"[1, 3, 4, 4]",21.366666666666667,22.5,36.20909528392685,8.4333333333333336,True,1.2443834128545008,423,1.0943834128545009,1.2960630782748086,364,0.33065627137230624,250,0.18065627137230622,0.38233593679261402,225,0.74995367271975588,512,0.59995367271975586,0.80163333814006366,464,1.7647835826461189,294,1.614783582646119,1.8195787535631021,257
353,"[1, 3, 4, 5]",16.800000000000001,16.899999999999999,50.006015399422523,0,True,1.2758408089828011,396,1.0758408089828011,1.288910328210253,373,0.7755400390116749,42,0.57554003901167483,0.78860955823912704,47,0.5054726665381426,779,0.30547266653814265,0.51854218576559474,759,2.0119418681762427,136,1.8119418681762425,2.0222307992668558,142
354,"[1, 3, 5, 0]",6.9333333333333336,7.0999999999999996,12.063282001924927,36.799999999999997,True,0.55825658239548681,1234,0.35825658239548686,0.56801957960113092,1223,-1.0798449575467655,1204,-1.2798449575467654,-1.0700819603411216,1196,0.32850441685169474,1051,0.12850441685169475,0.33826741405733873,1021,0.60277811994471675,1226,0.40277811994471674,0.60766824474124415,1221
355,"[1, 3, 5, 1]",7.2000000000000002,7.3499999999999996,18.961742059672762,35.799999999999997,True,0.58638055844897441,1205,0.43638055844897439,0.59571498157233738,1197,-0.84476717976084281,1100,-0.99476717976084283,-0.83543275663747985,1085,0.35662839290518233,996,0.20662839290518228,0.3659628160285453,980,0.74993973693658256,1151,0.59993973693658253,0.75438900443522605,1132
356,"[1, 3, 5, 2]",6.9666666666666668,7.1500000000000004,25.8614051973051,34.066666666666663,True,0.69738023628378976,1088,0.49738023628378975,0.70774297183367829,1059,-0.5267776077970574,905,-0.72677760779705736,-0.51641487224716887,895,0.40990429788147986,922,0.20990429788147988,0.42026703343136834,903,0.97780404375625829,999,0.77780404375625833,0.9833791929694975,987
357,"[1, 3, 5, 3]",6.9333333333333336,6.8499999999999996,32.759865255052937,26.633333333333336,True,0.71522241492676708,1057,0.56522241492676706,0.7162746107386827,1044,-0.30198162742164492,716,-0.45198162742164494,-0.30092943160972924,714,0.28977727536950038,1120,0.13977727536950035,0.29082947118141605,1123,1.1133677226037944,883,0.96336772260379422,1.1083894263476901,869
358,"[1, 3, 5, 4]",8.0333333333333332,7.75,39.659528392685274,21.766666666666666,True,0.87191897014162811,806,0.67191897014162805,0.86663012713242771,798,0.061704821922186293,431,-0.13829517807781372,0.056415978912985887,435,0.30848056783171474,1086,0.1084805678317147,0.30319172482251433,1094,1.3927784211760474,636,1.1927784211760475,1.3808006675135407,638
359,"[1, 3, 5, 5]",6.666666666666667,6.8499999999999996,53.456448508180941,0.86666666666666625,True,0.91304887198203799,753,0.76304887198203797,0.92324044326996269,734,0.24022644657299089,317,0.090226446572990865,0.25041801786091566,312,0.073672067362211241,1265,-0.076327932637788781,0.083863638650136019,1263,1.6636480469123565,382,1.5136480469123563,1.6689790290067674,373
360,"[1, 4, 0, 0]",31.199999999999999,30.100000000000001,2.2702117420596726,12.900000000000002,False,1.2420090481136663,426,1.0920090481136662,1.221482605225475,433,-0.68988459962454385,1012,-0.83988459962454387,-0.71041104251273512,1018,1.0122568825698739,318,0.86225688256987398,0.99173043968168273,315,1.2256664267267667,789,1.0756664267267666,1.200306958468492,802
361,"[1, 4, 0, 1]",31.233333333333334,30.199999999999999,9.1686717998075071,12.5,False,1.3121360706256455,354,1.1621360706256456,1.2939515263604444,366,-0.41280377538012936,824,-0.56280377538012938,-0.43098831964533046,844,1.0823839050818536,264,0.93238390508185343,1.0641993608166525,272,1.4138074251619313,628,1.2638074251619313,1.391106665530895,631
362,"[1, 4, 0, 2]",30.233333333333334,29.149999999999999,16.068334937439847,13.366666666666667,False,1.3968600439669345,286,1.1968600439669346,1.3763627918831092,307,-0.12108990790987012,580,-0.32108990790987013,-0.14158715999369548,600,1.1671078784231426,222,0.9671078784231425,1.1466106263393172,236,1.6120325567238754,437,1.4120325567238754,1.586544222486219,459
363,"[1, 4, 0, 3]",29.733333333333334,27.550000000000001,22.96679499518768,12.233333333333334,False,1.4487083155268958,246,1.2487083155268959,1.3895982635407271,300,0.13771216538252623,394,-0.062287834617473781,0.07860211339635742,425,1.2189561499831036,193,1.0189561499831037,1.1598460979969349,231,1.7795549984580092,285,1.5795549984580093,1.7102386663907274,344
364,"[1, 4, 0, 4]",28.733333333333334,27.800000000000001,29.866458132820018,11.199999999999996,False,1.4334322888681847,256,1.2834322888681848,1.4173056963107786,283,0.32942603285278549,251,0.17942603285278547,0.31329944029537915,261,1.0658552917555766,279,0.91585529175557667,1.0497286991981705,283,1.877780130019953,207,1.7277801300199529,1.8569920128197359,236
365,"[1, 4, 0, 5]",20.333333333333332,19.550000000000001,43.663378248315688,9.033333333333335,False,1.3335111625288538,333,1.1335111625288539,1.3178184514727038,348,0.64341250997832433,87,0.44341250997832438,0.62771979892217455,100,0.68999576310633204,566,0.48999576310633208,0.67430305205018226,574,1.9767425392614164,157,1.7767425392614165,1.9550387953655946,176
366,"[1, 4, 1, 0]",30.666666666666668,29.100000000000001,3.9954282964388836,13.433333333333334,False,1.24098246270544,427,1.0909824627054399,1.203891565194354,451,-0.63915468840139378,987,-0.7891546884013938,-0.67624558591247952,1008,1.0112302971616476,319,0.86123029716164767,0.97413939965056195,335,1.2517772480535867,762,1.1017772480535866,1.2075626522858167,795
367,"[1, 4, 1, 1]",30.566666666666666,29.149999999999999,10.893888354186718,13.166666666666668,False,1.256539797479415,414,1.1565397974794149,1.2246183260505781,430,-0.4166435518949837,827,-0.51664355189498368,-0.44856502332382064,850,1.0267876319356228,308,0.92678763193562275,0.99486616050678578,313,1.3847636073134937,643,1.2847636073134936,1.3463886751376932,667
368,"[1, 4, 1, 2]",29.199999999999999,28,17.793551491819056,13.800000000000001,False,1.3286971295411911,337,1.1786971295411912,1.3035452710157518,359,-0.13749632570423687,592,-0.28749632570423689,-0.16264818422967642,616,1.0989449639973992,256,0.94894496399739914,1.0737931054719596,265,1.5688134811434788,495,1.4188134811434789,1.5378788636719647,527
369,"[1, 4, 1, 3]",29.366666666666667,27.25,24.692011549566892,11.666666666666664,False,1.4033938397911752,275,1.2533938397911752,1.3463974674120451,332,0.14415418627818222,390,-0.0058458137218178052,0.087157813899052194,418,1.1393057743436297,234,0.98930577434362965,1.0823094019644997,260,1.7621091187539011,298,1.6121091187539012,1.6951259391554205,357
370,"[1, 4, 1, 4]",27.833333333333332,27.100000000000001,31.59167468719923,9.8666666666666707,False,1.3698390621804464,307,1.2698390621804463,1.3601676179521318,322,0.31758930279642317,258,0.21758930279642319,0.3079178585681086,262,0.96775773398025378,352,0.8677577339802538,0.95808628975193921,354,1.839715693614814,236,1.7397156936148139,1.8260898119002182,253
371,"[1, 4, 1, 5]",18.966666666666665,18.899999999999999,45.388594802694897,9.1666666666666679,False,1.2539240287580991,416,1.1039240287580989,1.2624225333928027,405,0.61558187283894594,98,0.46558187283894586,0.62408037747364964,101,0.57590429824799316,701,0.42590429824799314,0.58440280288269686,683,1.9206368657428752,178,1.7706368657428753,1.9261102786566031,192
372,"[1, 4, 2, 0]",30.600000000000001,29.350000000000001,5.7194417709335896,13.5,False,1.3059377535813848,362,1.1059377535813848,1.2798425013330295,387,-0.52247899329060754,899,-0.7224789932906075,-0.54857424553896283,913,1.0761855880375926,270,0.87618558803759261,1.0500903357892373,282,1.3458967197587819,677,1.1458967197587819,1.3141278646312726,692
373,"[1, 4, 2, 1]",30.433333333333334,28.850000000000001,12.617901828681424,13.300000000000001,False,1.3192102444863574,349,1.1692102444863575,1.2814054991230512,383,-0.30225270065319976,717,-0.45225270065319978,-0.34005744601650589,759,1.0894580789425654,261,0.93945807894256528,1.0516533335792593,279,1.4763057594310602,582,1.3263057594310603,1.4312433611673598,613
374,"[1, 4, 2, 2]",29.166666666666668,28.100000000000001,19.517564966313763,13.833333333333332,False,1.3447948423516372,325,1.1947948423516372,1.3242697263181902,345,-0.069678208658949914,539,-0.21967820865894994,-0.090203324692397113,558,1.1150426768078452,247,0.96504267680784517,1.094517560774398,255,1.6142216126424889,435,1.4642216126424887,1.5885230233858416,453
375,"[1, 4, 2, 3]",28.100000000000001,26.350000000000001,26.416025024061597,12.93333333333333,False,1.427221941025079,262,1.2272219410250791,1.3822787171395707,304,0.21970269174692697,338,0.019702691746926959,0.17475946786141866,377,1.1286536060876393,242,0.92865360608763925,1.083710382202131,258,1.8098368378817768,253,1.6098368378817769,1.756296414658771,304
376,"[1, 4, 2, 4]",26.800000000000001,26.149999999999999,33.315688161693934,6.2666666666666693,False,1.4016641169558577,278,1.2516641169558578,1.3943067074009114,298,0.40113476180667595,207,0.25113476180667593,0.3937773522517295,219,0.96510251926577129,355,0.81510251926577126,0.95774510971082483,355,1.896464031299391,195,1.7464640312993911,1.8852866031930424,216
377,"[1, 4, 2, 5]",18.166666666666668,17.550000000000001,47.112608277189608,4.6333333333333329,False,1.2937460370750187,379,1.0937460370750187,1.2826243406116173,381,0.70712428539070693,68,0.50712428539070697,0.6960025889273056,75,0.58124603707501876,694,0.3812460370750187,0.57012434061161743,699,1.9864058219841538,154,1.7864058219841539,1.9695175962652172,169
378,"[1, 4, 3, 0]",30.266666666666666,29.5,7.4446583253128011,13.666666666666664,False,1.3117656997801654,355,1.1117656997801655,1.3023211477130583,361,-0.46489455046045042,864,-0.66489455046045043,-0.47433910252755757,861,1.0820135342363733,265,0.8820135342363733,1.0725689821692661,268,1.3797394998484884,646,1.1797394998484885,1.3667782952907022,654
379,"[1, 4, 3, 1]",30.133333333333333,29.550000000000001,14.343118383060634,13.600000000000001,False,1.3261806126196394,340,1.1761806126196392,1.3230479085692823,346,-0.24352583588854182,670,-0.39352583588854184,-0.24665853993889864,671,1.096428447075847,258,0.94642844707584706,1.0932957430254904,256,1.5114371993145812,552,1.3614371993145813,1.5056043181425789,555
380,"[1, 4, 3, 2]",29.133333333333333,28.5,21.242781520692976,13.5,False,1.4109045859609284,271,1.2109045859609284,1.4054591740919473,293,0.048188031581717639,443,-0.15181196841828237,0.042742619712736574,446,1.1811524204171362,213,0.98115242041713613,1.1757070085481551,224,1.7096623308765249,334,1.5096623308765249,1.7010418750979031,353
381,"[1, 4, 3, 3]",27.966666666666665,28,28.141241578440809,12.733333333333338,False,1.3899044188308665,292,1.2399044188308666,1.4070221718819691,289,0.23414166618409094,324,0.084141666184090913,0.25125941923519357,310,1.0568317528058426,280,0.90683175280584261,1.0739495058569453,264,1.8014115767343699,264,1.65141157673437,1.81815737163399,258
382,"[1, 4, 3, 4]",25.066666666666666,26.449999999999999,35.04090471607315,4.7333333333333343,False,1.3595103419055907,314,1.2095103419055906,1.4220118346171775,277,0.41073748338778515,199,0.26073748338778513,0.47323897609937216,166,0.88844441312791977,413,0.73844441312791975,0.95094590583950678,363,1.8761831000488915,211,1.7261831000488914,1.9438580864840511,183
383,"[1, 4, 3, 5]",17.600000000000001,17.949999999999999,48.837824831568817,2.1666666666666643,False,1.2915770297322913,380,1.0915770297322913,1.3138137883853747,351,0.75671177467935591,54,0.55671177467935584,0.77894853333243907,52,0.54457269864470725,737,0.34457269864470719,0.56680945729779042,706,2.0112279835171591,138,1.8112279835171592,2.0320364479772786,135
384,"[1, 4, 4, 0]",22.733333333333334,22.5,9.1686717998075071,21,True,1.0208184773278544,626,0.87081847732785422,1.0256588434336151,596,-0.70412136867792063,1020,-0.85412136867792066,-0.69928100257215975,1014,0.79106631178406217,481,0.64106631178406215,0.79590667788982306,467,1.0851991777392511,919,0.93519917773925099,1.0871592971098423,900
385,"[1, 4, 4, 1]",22.466666666666665,22.399999999999999,16.067131857555342,21.133333333333336,True,1.0306637024293233,615,0.93066370242932328,1.0411591234536022,581,-0.48732234184401657,880,-0.58732234184401655,-0.47682692081973765,866,0.80091153688553118,475,0.70091153688553121,0.8114069579098101,452,1.211742238030086,800,1.1117422380300859,1.2200642673301401,786
386,"[1, 4, 4, 2]",22.333333333333332,21.899999999999999,22.96679499518768,19.633333333333336,True,1.1450906460676422,503,0.99509064606764219,1.1427341520424692,503,-0.16590550407672744,615,-0.31590550407672746,-0.16826199810190046,625,0.91533848052385014,392,0.76533848052385012,0.91298198649867712,389,1.443472524231205,612,1.2934725242312051,1.4372123506012535,610
387,"[1, 4, 4, 3]",20.666666666666668,20.199999999999999,29.865255052935513,19.266666666666662,True,1.1569541499200633,490,1.0069541499200634,1.1524853031425955,496,0.052911801508128908,439,-0.097088198491871114,0.048442954730660959,443,0.78940121440514532,484,0.6394012144051453,0.78493236762767737,483,1.5658918731818336,497,1.4158918731818337,1.5569594260847093,507
388,"[1, 4, 4, 4]",20.133333333333333,20.449999999999999,36.764918190567855,9.6666666666666679,True,1.1576720303443686,489,1.0576720303443685,1.1801927359126474,476,0.26061957606140418,299,0.1606195760614042,0.28314028162968286,278,0.65212583207680352,608,0.55212583207680355,0.6746465376450822,572,1.6821582418571799,360,1.5821582418571798,1.703712772513718,350
389,"[1, 4, 4, 5]",14.266666666666667,16.149999999999999,50.561838306063521,0,True,1.1445749710271242,504,0.99457497102712422,1.2183361530954784,435,0.61648305572394824,97,0.46648305572394816,0.69024423779230226,78,0.36309037044964593,985,0.21309037044964591,0.43685155251800006,878,1.87905879542854,205,1.7290587954285401,1.9576806076911555,175
390,"[1, 4, 5, 0]",9.2333333333333325,9.1999999999999993,12.619104908565928,34.5,True,0.64264192494247574,1150,0.44264192494247567,0.64674854037485785,1145,-0.97878492780054649,1171,-1.1787849278005464,-0.97467831236816416,1164,0.41288975939868355,916,0.21288975939868357,0.41699637483106577,910,0.7067507173001073,1177,0.50675071730010723,0.70561805316554405,1170
391,"[1, 4, 5, 1]",9.2666666666666675,9.0999999999999996,19.517564966313763,33.733333333333334,True,0.66276894745445525,1125,0.51276894745445523,0.66224882039484501,1120,-0.75170410355613193,1050,-0.90170410355613195,-0.75222423061574217,1043,0.43301678191066317,873,0.28301678191066315,0.43249665485105288,883,0.84489171573527211,1097,0.69489171573527209,0.83852302338584173,1093
392,"[1, 4, 5, 2]",9.0999999999999996,8.9499999999999993,26.417228103946101,31.93333333333333,True,0.77605346915827278,962,0.57605346915827282,0.77601897093493144,949,-0.43142968772334406,843,-0.63142968772334407,-0.43146418594668562,845,0.47746107262314302,820,0.27746107262314301,0.47742657439980152,814,1.0753333421425766,930,0.87533334214257663,1.0694868961306396,916
393,"[1, 4, 5, 3]",8.7666666666666675,8.9499999999999993,33.315688161693934,24.300000000000004,True,0.83361385039073976,876,0.63361385039073981,0.84500357151240979,835,-0.16691550475844213,616,-0.36691550475844215,-0.15552578363677222,610,0.39705225270065325,937,0.19705225270065324,0.40844197382232317,917,1.2492990828457826,767,1.0492990828457827,1.2563392347719897,750
394,"[1, 4, 5, 4]",8.3666666666666671,8.5999999999999996,40.215351299326272,21.433333333333334,True,0.83890141855304956,862,0.68890141855304954,0.85180508093751361,819,0.045361957532837671,445,-0.10463804246716235,0.058265619917301781,433,0.26434655811031615,1159,0.11434655811031613,0.27725022049478026,1142,1.3707200906963863,654,1.2207200906963862,1.3794083706746827,641
395,"[1, 4, 5, 5]",7.5333333333333332,8.0500000000000007,54.012271414821946,0,True,0.94831007134547762,711,0.7983100713454776,0.97061051902626827,667,0.24769650060438039,314,0.097696500604380371,0.26999694828517096,292,0.097816808592830873,1255,-0.052183191407169149,0.12011725627362146,1254,1.7122082731337263,331,1.5622082731337263,1.731402521641594,321
396,"[1, 5, 0, 0]",18.966666666666665,18,3.3770452358036573,25.133333333333336,False,0.83380853308918657,875,0.68380853308918654,0.81094815270646858,901,-1.0648801098367038,1197,-1.2148801098367037,-1.0877404902194217,1201,0.60405636754539449,662,0.45405636754539447,0.58119598716267651,687,0.78270807862115332,1127,0.6327080786211533,0.7526551757454073,1134
397,"[1, 5, 0, 1]",19.333333333333332,18.399999999999999,10.275505293551491,24.400000000000002,False,0.91535977494617748,750,0.76535977494617746,0.89387003551391209,764,-0.77637506624727781,1060,-0.92637506624727783,-0.79786480567954321,1068,0.68560760940238541,571,0.53560760940238539,0.66411786997012001,587,0.98373567499446246,996,0.83373567499446244,0.95529698807096797,1003
398,"[1, 5, 0, 2]",18.699999999999999,18,17.175168431183831,24.300000000000001,False,1.0126503895669792,641,0.81265038956697921,0.99892938466027026,642,-0.47209455749750567,869,-0.67209455749750568,-0.48581556240421458,872,0.78289822402318721,488,0.58289822402318714,0.76917721911647829,497,1.1961360642883649,816,0.99613606428836499,1.1763924397631345,819
399,"[1, 5, 0, 3]",19.233333333333334,17.699999999999999,24.073628488931664,21.799999999999997,False,1.0999137410964759,541,0.89991374109647593,1.0574610235652748,571,-0.17787740423557413,624,-0.37787740423557414,-0.22033012176677519,653,0.84819333686163478,434,0.64819333686163472,0.80574061933043373,459,1.4036069596307463,632,1.2036069596307464,1.3514026731413269,663
400,"[1, 5, 0, 4]",17.133333333333333,16.600000000000001,30.973291626564002,20.966666666666669,False,1.0969377905992272,544,0.89693779059922718,1.0881301288091942,545,0.026136539396147185,456,-0.17386346060385283,0.017328877606114179,461,0.70722412361173914,546,0.50722412361173919,0.69841646182170625,550,1.5093063179968136,556,1.3093063179968136,1.4948665458861246,558
401,"[1, 5, 0, 5]",14.133333333333333,13.65,44.770211742059672,14,False,1.0820890176490812,551,0.93208901764908114,1.0733118735181577,556,0.42519536991087131,190,0.27519536991087129,0.41641822577994786,201,0.41643694835167983,905,0.2664369483516798,0.40765980422075637,918,1.7170316138362156,327,1.5670316138362157,1.7021238547477728,352
402,"[1, 5, 1, 0]",18.300000000000001,17.850000000000001,5.102261790182868,25.800000000000001,False,0.828212259942956,890,0.67821225994295598,0.82297383741402397,882,-1.0187198863515583,1185,-1.1687198863515582,-1.02395830888049,1181,0.59846009439916381,672,0.44846009439916379,0.59322167187023178,665,0.80366426077271547,1117,0.65366426077271544,0.79346350114167918,1117
403,"[1, 5, 1, 1]",18.833333333333332,18.25,12.000721847930702,24.900000000000002,False,0.86547561147245244,819,0.76547561147245247,0.85589572022146732,811,-0.77450273308962636,1058,-0.87450273308962634,-0.78408262434061149,1058,0.63572344592866026,631,0.53572344592866028,0.62614355467767513,626,0.96113515611509681,1016,0.86113515611509683,0.94610531346724003,1010
404,"[1, 5, 1, 2]",18.266666666666666,17.699999999999999,18.90038498556304,24.733333333333334,False,0.96505106996225642,688,0.8150510699622564,0.9557285885315886,692,-0.46793738047085232,865,-0.61793738047085234,-0.47725986190152014,867,0.73529890441846435,525,0.58529890441846433,0.72597642298779652,519,1.1761128649966279,828,1.026112864996628,1.1612797125278274,832
405,"[1, 5, 1, 3]",18.533333333333335,17.25,25.798845043310877,22.499999999999996,False,1.0431750460157438,596,0.89317504601574393,1.0090337466003563,628,-0.18285960268492973,628,-0.33285960268492976,-0.21700090210031753,650,0.75695031069331864,508,0.60695031069331862,0.72280901127793085,523,1.3732744819884943,652,1.2232744819884942,1.3303688932744411,678
406,"[1, 5, 1, 4]",16.399999999999999,16.550000000000001,32.698508180943215,17.166666666666671,False,1.0390566735839943,603,0.88905667358399421,1.0536401340742407,574,0.020011919012290602,461,-0.12998808098770942,0.034595379502536994,454,0.61483867550892202,652,0.46483867550892199,0.62942213599916841,623,1.4776851805607469,579,1.327685180560747,1.4896222397034493,563
407,"[1, 5, 1, 5]",13.766666666666667,13.4,46.495428296438881,9.9000000000000004,False,1.0367745419133607,606,0.93677454191336074,1.0318532376682217,586,0.43163739080652708,186,0.3316373908065271,0.42671608656138804,196,0.33661814152837521,1037,0.23661814152837521,0.33169683728323612,1041,1.6995857341321079,344,1.5995857341321078,1.6889848117229922,361
408,"[1, 5, 2, 0]",20.133333333333333,18.25,6.8262752646775748,23.966666666666669,False,0.95828560108546568,701,0.75828560108546572,0.90415125438893607,749,-0.83692614097420681,1092,-1.0369261409742068,-0.89106048767073665,1127,0.72853343554167349,533,0.52853343554167354,0.67439908884514388,573,0.97123734072533363,1004,0.77123734072533368,0.90594976611871392,1042
409,"[1, 5, 2, 1]",20.533333333333335,18.550000000000001,13.72473532242541,23.199999999999999,False,0.99097926487695787,663,0.84097926487695784,0.93358881663888837,719,-0.59727867545027991,958,-0.74727867545027993,-0.6546691236883494,993,0.76122709933316579,506,0.61122709933316577,0.7038366510950963,542,1.1235535968924575,868,0.97355359689245735,1.0546442100232225,934
410,"[1, 5, 2, 2]",19.600000000000001,18.550000000000001,20.624398460057748,23.399999999999999,False,1.0279880820872491,617,0.87798808208724921,1.0025854480152119,637,-0.35327996411101836,773,-0.50327996411101839,-0.37868259818305583,800,0.79823591654345716,477,0.64823591654345714,0.77283328247141969,492,1.27435604804203,749,1.12435604804203,1.241529135399599,766
411,"[1, 5, 2, 3]",19.666666666666668,18.350000000000001,27.522858517805581,21.366666666666664,False,1.1492575265337299,499,0.94925752653372997,1.1146014074777075,517,-0.025056717932102568,504,-0.22505671793210258,-0.059712836988125073,522,0.82855252172141047,449,0.62855252172141052,0.79389640266538786,470,1.5137857062710092,551,1.3137857062710092,1.4704867371988442,581
412,"[1, 5, 2, 4]",17.766666666666666,17.399999999999999,34.422521655437919,12.033333333333335,False,1.1531361076434881,493,0.95313610764348811,1.1504969935578635,498,0.18581175730662564,369,-0.014188242693374375,0.18317264322100107,369,0.69443784007852183,559,0.49443784007852182,0.69179872599289727,557,1.627217023399963,415,1.427217023399963,1.6198716625752207,419
413,"[1, 5, 2, 5]",14.266666666666667,13.6,48.219441770933592,5.9000000000000004,False,1.1211510056758249,521,0.97115100567582491,1.1060620135281511,526,0.56773425880383277,124,0.41773425880383269,0.55264526665615898,137,0.38651433580094524,949,0.23651433580094522,0.37142534365327157,969,1.8156124223321486,251,1.6656124223321487,1.7935763398579216,276
414,"[1, 5, 3, 0]",17.5,16.300000000000001,8.5514918190567855,26.266666666666666,False,0.88528643380366767,788,0.68528643380366772,0.8534591690616482,817,-0.85816881162462888,1107,-1.0581688116246288,-0.88999607636664835,1126,0.65553426825987549,603,0.45553426825987553,0.62370700351785602,628,0.91616259504184439,1045,0.71616259504184432,0.87570545993603854,1066
415,"[1, 5, 3, 1]",17.933333333333334,16.699999999999999,15.44995187680462,25.800000000000001,False,0.91912251952966095,743,0.76912251952966093,0.88638105186909166,770,-0.61737892416620055,972,-0.76737892416620057,-0.65012039182676984,987,0.68937035398586877,567,0.53937035398586874,0.65662888632529948,594,1.0697675110027824,935,0.91976751100278231,1.0283472722615994,957
416,"[1, 5, 3, 2]",17.399999999999999,16.399999999999999,22.34961501443696,25.233333333333334,False,1.019840399953966,629,0.81984039995396596,0.9949247215729411,646,-0.30967114961292536,722,-0.50967114961292537,-0.33458682799395029,747,0.79008823441017384,483,0.59008823441017377,0.76517255602914891,500,1.2860338796781281,735,1.0860338796781281,1.2533900923748182,753
417,"[1, 5, 3, 3]",18.133333333333333,17.399999999999999,29.248075072184793,21.799999999999997,False,1.0639582830904692,570,0.91395828309046934,1.0487525277253322,576,-0.058599464743986807,525,-0.20859946474398683,-0.073805220109123937,538,0.70874894719056569,544,0.55874894719056567,0.69354319182542856,556,1.451236733783396,602,1.3012367337833961,1.4297161152266948,615
418,"[1, 5, 3, 4]",16.566666666666666,15.4,36.147738209817135,13.233333333333334,False,1.1292610835452392,511,0.92926108354523917,1.0980627479518299,535,0.2136932298397532,345,0.013693229839753185,0.18249489424634396,370,0.63605848489268868,630,0.43605848489268861,0.60486014929927934,648,1.6275546488504946,413,1.4275546488504947,1.5876536721820194,455
419,"[1, 5, 3, 5]",12.6,12.050000000000001,49.944658325312801,4.2000000000000011,False,1.0812820744945597,553,0.9312820744945598,1.0693072104308285,561,0.57962182425394393,117,0.42962182425394391,0.56764696019021255,129,0.31214107353209597,1079,0.16214107353209595,0.30016620946836453,1104,1.797908810669278,271,1.6479088106692779,1.7791215073594571,292
420,"[1, 5, 4, 0]",16.333333333333332,16.149999999999999,10.275505293551491,27.400000000000002,True,0.86254180084107457,824,0.66254180084107461,0.8654728229703581,801,-0.82919304035238084,1086,-1.0291930403523808,-0.82626201822309731,1078,0.6327896352972826,633,0.43278963529728254,0.63572065742656592,618,0.91775629355116339,1042,0.71775629355116344,0.91648119859728383,1031
421,"[1, 5, 4, 1]",16.800000000000001,16.100000000000001,17.173965351299326,26.199999999999999,True,0.89752030850156905,767,0.74752030850156903,0.88271526326909089,775,-0.58726073095945097,949,-0.73726073095945099,-0.60206577619192914,955,0.66776814295777698,588,0.51776814295777696,0.65296309772529881,599,1.0726498693059159,934,0.92264986930591597,1.0513598530281081,938
422,"[1, 5, 4, 2]",16.100000000000001,15.35,24.073628488931664,24.93333333333333,True,0.99252607925336855,661,0.79252607925336849,0.97557949046422965,663,-0.28526506607868157,710,-0.48526506607868158,-0.30221165486782048,716,0.74080567501852723,518,0.54080567501852728,0.72385908622938833,521,1.2824729390121896,741,1.0824729390121897,1.2586395152465901,747
423,"[1, 5, 4, 3]",15.9,15.85,30.972088546679501,22.200000000000003,True,1.0546561482238399,579,0.85465614822383995,1.0619856938291643,569,-0.016181195375775059,494,-0.21618119537577507,-0.0088516497704506647,484,0.66496654283404211,591,0.46496654283404204,0.6722960884393665,577,1.4615933188906536,595,1.2615933188906536,1.4652286959932037,585
424,"[1, 5, 4, 4]",13.9,13.949999999999999,37.871751684311839,15.9,True,1.0051074635300949,651,0.85510746353009481,1.0147802346131534,617,0.14126001405944999,392,-0.0087399859405500324,0.15093278514250841,395,0.47742459538765014,821,0.32742459538765012,0.48709736647070856,794,1.5211586566381641,545,1.3711586566381642,1.5271136213695802,543
425,"[1, 5, 4, 5]",11.6,12.15,51.668671799807505,0,True,1.0642495512044725,569,0.9142495512044726,1.0900316657332669,542,0.48081596121409736,160,0.33081596121409734,0.5065980757428914,154,0.26062828075211464,1163,0.11062828075211462,0.28641039528090873,1129,1.8059458081476691,261,1.6559458081476692,1.829765667073334,250
426,"[1, 5, 5, 0]",5.8666666666666663,6,13.725938402309913,37.866666666666667,True,0.48832564449530019,1278,0.33832564449530017,0.49631861747257655,1276,-1.0998962034354025,1210,-1.2498962034354024,-1.0919032304581262,1203,0.25857347895150806,1167,0.10857347895150805,0.26656645192878442,1160,0.55657587434913314,1246,0.40657587434913312,0.55928205991614344,1242
427,"[1, 5, 5, 1]",5.8666666666666663,5.9500000000000002,20.624398460057748,37.133333333333333,True,0.50731024507277855,1267,0.40731024507277852,0.51356105777130923,1265,-0.87395780112548904,1121,-0.97395780112548902,-0.86770698842695848,1105,0.27755807952898637,1135,0.17755807952898639,0.28380889222751704,1132,0.69342821299048352,1186,0.59342821299048354,0.69416071434696758,1180
428,"[1, 5, 5, 2]",5.5999999999999996,5.6500000000000004,27.524061597690086,35.43333333333333,True,0.61716750097309281,1174,0.46716750097309279,0.62210472747515877,1176,-0.55711065109620461,927,-0.70711065109620463,-0.55217342459413865,915,0.29643843456308316,1109,0.14643843456308317,0.30137566106514913,1100,0.92000386001634493,1040,0.77000386001634491,0.91920353446018654,1030
429,"[1, 5, 5, 3]",5.666666666666667,5.5499999999999998,34.422521655437919,24.133333333333333,True,0.68843694541957345,1100,0.53843694541957343,0.68760500749514575,1097,-0.27888740491728903,703,-0.42888740491728905,-0.27971934284171673,696,0.22973867785460717,1197,0.079738677854607157,0.22890673993017951,1197,1.1094335182453241,887,0.95943351824532397,1.1021085046804839,879
430,"[1, 5, 5, 4]",5.7999999999999998,5.9500000000000002,41.322184793070257,24,True,0.76200326453390144,987,0.61200326453390141,0.77053892110143429,962,0.0016688083260090469,477,-0.14833119167399098,0.010204464893541987,465,0.16531173421628836,1235,0.015311734216288342,0.1738473907838213,1236,1.3014730827969583,720,1.1514730827969584,1.3047829037410712,698
431,"[1, 5, 5, 5]",5.2666666666666666,4.5,55.11910490856593,0,True,0.83169371473683984,879,0.73169371473683986,0.80798547417276734,907,0.075738469308543305,427,-0.024261530691456701,0.052030228744470802,441,-0.04093621789068666,1290,-0.14093621789068667,-0.064644458454759163,1292,1.6045592033786287,452,1.5045592033786286,1.5712507389185093,478
432,"[2, 0, 0, 0]",40.366666666666667,40.75,0.10346487006737247,3.7333333333333343,False,1.4845076113815576,218,1.3845076113815575,1.5208952758783745,209,-0.51238844251642146,894,-0.61238844251642144,-0.47600077801960461,865,1.2547554458377654,174,1.1547554458377653,1.2911431103345823,169,1.4713591602431979,587,1.3713591602431978,1.5120129855280595,553
433,"[2, 0, 0, 1]",40.299999999999997,40.100000000000001,7.0019249278152067,3.6333333333333329,False,1.6012073680900332,132,1.4512073680900333,1.6172317928321593,134,-0.18873488407551042,636,-0.33873488407551045,-0.17271045933338425,629,1.3714552025462412,107,1.2214552025462411,1.3874796272883674,107,1.7056341792969194,339,1.5556341792969195,1.7232074294325681,327
434,"[2, 0, 0, 2]",40.700000000000003,40.149999999999999,13.901588065447546,3.0333333333333314,False,1.6339130626803706,99,1.5339130626803705,1.6379705844872281,115,0.0509607046437969,442,-0.049039295356203105,0.055018226450654378,437,1.4041608971365784,78,1.3041608971365783,1.4082184189434359,89,1.8579830221990694,224,1.7579830221990693,1.862066039019471,233
435,"[2, 0, 0, 3]",39,38.399999999999999,20.800048123195381,3.6333333333333329,False,1.6946341445982904,60,1.5446341445982905,1.6959795753086091,66,0.31863558829415195,257,0.16863558829415193,0.3199810190044704,259,1.4648819790544985,41,1.3148819790544983,1.4662274097648167,39,2.0291137113558837,127,1.8791137113558838,2.0298394302924003,139
436,"[2, 0, 0, 4]",37.833333333333336,37.200000000000003,27.699711260827719,2.8666666666666671,False,1.7236460082670737,49,1.5736460082670738,1.723164359995037,54,0.55463734609190551,132,0.40463734609190549,0.55415569781986862,136,1.3994039485943115,82,1.2494039485943116,1.3989223003222748,93,2.1708955439487556,61,2.0208955439487557,2.1693559346161453,59
437,"[2, 0, 0, 5]",27.266666666666666,26.649999999999999,41.496631376323386,2.4000000000000021,False,1.4994674561851684,209,1.3494674561851683,1.4935377423346625,232,0.74436639747486988,58,0.59436639747486986,0.73843668362436399,60,0.89928699420249281,402,0.74928699420249278,0.89335728035198692,397,2.1360950665922807,79,1.9860950665922807,2.1266132434777933,89
438,"[2, 0, 1, 0]",40.166666666666664,40.350000000000001,1.8286814244465832,3.9333333333333371,False,1.5449052453183425,181,1.3949052453183424,1.5742101591922011,171,-0.4002343119482602,815,-0.55023431194826022,-0.3709293980744014,791,1.3151530797745501,142,1.1651530797745502,1.3444579936484091,139,1.560356579508162,506,1.4103565795081621,1.5929528898716998,447
439,"[2, 0, 1, 1]",40.200000000000003,40.549999999999997,8.7271414821944173,3.5333333333333314,False,1.6150322678303222,122,1.465032267830322,1.650163400884662,108,-0.12315348770384549,585,-0.27315348770384551,-0.088022354649505474,556,1.3852801022865298,96,1.2352801022865298,1.42041123534087,79,1.7484975779433269,305,1.5984975779433268,1.7876999653551553,285
440,"[2, 0, 1, 2]",39.700000000000003,39.850000000000001,15.626804619826757,3.8999999999999986,False,1.6668925701891282,76,1.5168925701891283,1.6947697883585464,67,0.13569670878393103,395,-0.014303291216068992,0.16357392695334905,386,1.4371404046453362,59,1.2871404046453363,1.4650176228147544,42,1.9160526064124874,181,1.7660526064124873,1.946953311784164,181
441,"[2, 0, 1, 3]",38.100000000000001,38.700000000000003,22.52526467757459,3.8666666666666671,False,1.7310409179105517,47,1.5310409179105517,1.773684702524875,26,0.40679885823778955,203,0.20679885823778954,0.44944264285211283,180,1.5012887523667595,30,1.3012887523667596,1.5439325369810828,13,2.0910492749507448,96,1.8910492749507448,2.1384109135834093,82
442,"[2, 0, 1, 4]",36.799999999999997,36.600000000000001,29.424927815206928,3.1333333333333329,False,1.7554830938413306,42,1.5554830938413307,1.7695106021938813,30,0.63823092829753847,88,0.4382309282975384,0.6522584366500892,87,1.3967367030809841,87,1.1967367030809841,1.4107642114335348,86,2.227676468368359,34,2.0276764683683588,2.2424011021176806,25
443,"[2, 0, 1, 5]",27.100000000000001,26.600000000000001,43.221847930702602,2.2666666666666657,False,1.5610075120564548,164,1.3610075120564549,1.5590477475997089,181,0.85766294997753301,17,0.65766294997753305,0.85570318552078706,20,0.92632271898619511,382,0.72632271898619505,0.92436295452944917,380,2.2263811456510596,35,2.0263811456510594,2.221368937295118,35
444,"[2, 0, 2, 0]",39.833333333333336,39.350000000000001,3.5526948989412896,4.2666666666666657,False,1.5007211607182784,208,1.4007211607182783,1.5066070883622353,223,-0.39269799231348312,809,-0.4926979923134831,-0.38681206466952622,804,1.2709689951744862,164,1.1709689951744862,1.2768549228184431,179,1.5441667728628423,522,1.4441667728628422,1.5501759969539981,511
445,"[2, 0, 2, 1]",40.033333333333331,39.200000000000003,10.451154956689123,3.7000000000000028,False,1.6265602929027629,110,1.476560292902763,1.6203652081034767,127,-0.059905058396563127,526,-0.20990505839656315,-0.066100143195849337,529,1.396808127358971,86,1.2468081273589711,1.3906130425596848,100,1.7887510702670792,279,1.6387510702670791,1.7811072829637697,290
446,"[2, 0, 2, 2]",38.899999999999999,38.75,17.350818094321465,4.1000000000000014,False,1.6067145785060479,127,1.5067145785060478,1.6236823969710894,124,0.12723912133569196,398,0.027239121335691951,0.14420693980073343,398,1.3769624129622557,102,1.2769624129622557,1.3939302314272972,97,1.8818215626537653,203,1.7818215626537652,1.9002290504454096,209
447,"[2, 0, 2, 3]",37.06666666666667,36.799999999999997,24.249278152069298,3.9666666666666615,False,1.6628659726859634,81,1.5128659726859635,1.6747227466774874,86,0.39034431724804242,213,0.24034431724804239,0.40220109123956627,214,1.4076325751883698,74,1.2576325751883697,1.4194893491798934,80,2.0477976126353217,111,1.8977976126353218,2.0601077048762333,124
448,"[2, 0, 2, 4]",34.799999999999997,34.450000000000003,31.148941289701636,2.9000000000000057,False,1.654177912516209,85,1.5041779125162091,1.6618378449527658,94,0.58864615120725805,111,0.43864615120725803,0.59630608364381477,118,1.2609512522659685,168,1.1109512522659684,1.2686111847025252,185,2.147053672032317,72,1.9970536720323169,2.1542294723578732,70
449,"[2, 0, 2, 5]",25.533333333333335,25,44.945861405197306,2.5999999999999979,False,1.4745538158798479,228,1.324553815879848,1.4705387534247953,246,0.82292965803576734,26,0.67292965803576732,0.81891459558071455,32,0.80538875331969406,471,0.65538875331969404,0.80137369086464127,465,2.1625109266346056,67,2.0125109266346057,2.1549078338511003,69
450,"[2, 0, 3, 0]",34.966666666666669,34.899999999999999,5.2779114533205007,9.1333333333333329,False,1.4011797238249035,279,1.2511797238249036,1.4188069890976651,282,-0.44048293257548143,849,-0.59048293257548146,-0.42285566730272006,839,1.1714275582811116,219,1.0214275582811114,1.1890548235538727,218,1.452751820993786,601,1.3027518209937858,1.4712474802450064,580
451,"[2, 0, 3, 1]",34.833333333333336,35.25,12.176371511068336,8.8999999999999986,False,1.5155946366643773,203,1.3155946366643774,1.5499867116263628,192,-0.11911421800357241,578,-0.31911421800357243,-0.084722143041586928,553,1.2858424711205851,158,1.0858424711205852,1.3202345460825706,155,1.6844495204598784,356,1.4844495204598784,1.7219156083600411,328
452,"[2, 0, 3, 2]",34.299999999999997,33.600000000000001,19.076034648700674,8.7000000000000028,False,1.5163125170886822,201,1.3663125170886823,1.5114920538040799,217,0.088593556549702579,418,-0.061406443450297443,0.083773093265100296,420,1.2865603515448902,156,1.1365603515448903,1.281739888260288,174,1.800715889135224,265,1.650715889135224,1.7936689547890494,275
453,"[2, 0, 3, 3]",33.43333333333333,31.449999999999999,25.974494706448507,7.6000000000000014,False,1.5555941473691308,171,1.4055941473691309,1.5055637623954956,224,0.33482898856258614,249,0.18482898856258612,0.28479860358895071,277,1.2658564187839532,166,1.115856418783953,1.2158260338103175,207,1.9540630731373989,162,1.804063073137399,1.8956528723777679,211
454,"[2, 0, 3, 4]",30.533333333333335,29.550000000000001,32.874157844080848,2.533333333333335,False,1.5752000704438551,153,1.3752000704438552,1.5583583031794845,182,0.56142480576628051,129,0.36142480576628055,0.54458303850190992,140,1.1474690791060302,230,0.94746907910603029,1.1306273118416597,245,2.0788345964519208,103,1.8788345964519206,2.0575377977541449,127
455,"[2, 0, 3, 5]",21.133333333333333,20.350000000000001,46.671077959576515,1.6666666666666679,False,1.3910062860694894,291,1.1910062860694894,1.3757700130452426,308,0.79113862485678488,38,0.59113862485678481,0.77590235183253808,54,0.68733689242175111,570,0.48733689242175116,0.67210061939750432,578,2.0891372118789513,97,1.8891372118789511,2.0680845803000039,112
456,"[2, 0, 4, 0]",27.133333333333333,27.199999999999999,7.0019249278152067,16.799999999999997,True,1.149950703962082,498,0.99995070396208208,1.1677544409157825,486,-0.63999154820346149,988,-0.78999154820346151,-0.62218781124976086,971,0.92019853841828991,387,0.77019853841828989,0.93800227537199066,370,1.1966135607402184,815,1.0466135607402183,1.2139969031167781,790
457,"[2, 0, 4, 1]",26.899999999999999,27.350000000000001,13.900384985563042,16.833333333333336,True,1.2609383509980521,410,1.0609383509980521,1.2919655223294981,370,-0.32205009943505652,737,-0.52205009943505654,-0.29102292810361058,707,1.0311861854542601,302,0.83118618545426015,1.0622133567857062,275,1.4244452808248675,623,1.2244452808248676,1.4567702943897076,590
458,"[2, 0, 4, 2]",27,26.75,20.800048123195381,15.633333333333333,True,1.283362248177879,387,1.1333622481778791,1.2900562303608738,372,-0.092636308126259448,555,-0.24263630812625947,-0.085942325943264897,555,1.0536100826340871,283,0.90361008263408704,1.0603040648170816,277,1.5651961855826877,499,1.4151961855826878,1.5699710092397687,479
459,"[2, 0, 4, 3]",25.166666666666668,25.399999999999999,27.698508180943215,15.533333333333335,True,1.3395136423577947,329,1.1395136423577947,1.3620025034122196,319,0.17046888778609121,377,-0.029531112213908806,0.19295774884051614,359,1.0152956442827226,315,0.81529564428272261,1.0377845053371475,293,1.7311722355642447,320,1.5311722355642448,1.7535338741969084,307
460,"[2, 0, 4, 4]",24.5,25.699999999999999,34.598171318575552,5.3000000000000007,True,1.3356618350440952,332,1.1856618350440953,1.3914520964610166,299,0.37360697460136183,226,0.22360697460136181,0.42939723601828339,194,0.8734505742163764,420,0.72345057421637637,0.92924083563329796,376,1.8422839650643326,232,1.6922839650643324,1.9022609048364432,207
461,"[2, 0, 4, 5]",17.899999999999999,19,48.395091434071219,1.8666666666666671,True,1.2974314931678255,374,1.0974314931678255,1.3459718202640572,333,0.74928423618996209,56,0.54928423618996214,0.79782456328619378,44,0.55928183003019338,719,0.35928183003019332,0.60782215712642507,645,2.0108340031717757,139,1.8108340031717756,2.0614918979086179,121
462,"[2, 0, 5, 0]",6.4000000000000004,6.7999999999999998,10.452358036573628,37.333333333333336,True,0.47386859178995566,1284,0.32386859178995564,0.49145737827514396,1280,-1.2125606671128355,1262,-1.3625606671128354,-1.194971880627647,1252,0.24411642624616353,1183,0.094116426246163509,0.26170521273135183,1165,0.48852592504334258,1277,0.33852592504334256,0.50219250127774295,1272
463,"[2, 0, 5, 1]",6.5,6.75,17.350818094321465,36.5,True,0.59628045817093733,1192,0.39628045817093738,0.60869981857387678,1189,-0.88319499899941856,1129,-1.0831949989994185,-0.87077563859647933,1107,0.36652829262714526,978,0.16652829262714527,0.3789476530300846,961,0.72924424306613633,1159,0.52924424306613638,0.73707115570856718,1146
464,"[2, 0, 5, 2]",6.5666666666666664,6.6500000000000004,24.250481231953803,34.466666666666669,True,0.61756193341626309,1173,0.46756193341626306,0.62421212939270876,1175,-0.65492362962512285,1000,-0.80492362962512287,-0.64827343364867718,985,0.36230447432097923,988,0.21230447432097918,0.3689546702974249,972,0.86870648803014194,1077,0.71870648803014192,0.87000871266389124,1073
465,"[2, 0, 5, 3]",6.2999999999999998,6.5,31.148941289701636,31.400000000000002,True,0.72740715851773219,1033,0.52740715851773223,0.73797024913395015,1014,-0.33812460279121875,759,-0.53812460279121876,-0.32756151217500079,742,0.33418049826749169,1039,0.13418049826749168,0.3447435888837096,1013,1.0952495483209768,908,0.89524954832097681,1.1009399986736625,881
466,"[2, 0, 5, 4]",7.0999999999999996,7.5,38.048604427333977,22.700000000000003,True,0.82382191632208301,899,0.62382191632208306,0.84181008608518648,841,-0.034719950857897586,509,-0.2347199508578976,-0.016731781094794229,489,0.29260199331919567,1112,0.092601993319195691,0.31059016308229903,1078,1.3130623087489,708,1.1130623087489,1.3272986082605658,682
467,"[2, 0, 5, 5]",6.4333333333333336,6.0999999999999996,51.845524542829644,1.1666666666666661,True,0.88894267878701705,781,0.73894267878701703,0.88099879943526516,777,0.29666645164553479,268,0.14666645164553477,0.28872257229378295,275,0.081784353474216198,1259,-0.068215646525783824,0.073840474122464334,1267,1.6109937901553124,440,1.4609937901553123,1.5957401276485297,443
468,"[2, 1, 0, 0]",40.966666666666669,40.450000000000003,0.65688161693936475,3.1333333333333329,False,1.5606053736712977,166,1.4106053736712978,1.5659764816746207,176,-0.41968817782052137,830,-0.56968817782052139,-0.41431706981719862,830,1.3308532081275057,127,1.1808532081275056,1.3362243161308283,146,1.5595449346439993,507,1.4095449346439994,1.5651607783770438,489
469,"[2, 1, 0, 1]",40.700000000000003,39.950000000000003,7.5553416746871989,3.0666666666666629,False,1.6204505987727669,116,1.470450598772767,1.617539479464642,132,-0.15288915098661693,607,-0.30288915098661695,-0.15580027029474175,611,1.3906984332289749,91,1.240698433228975,1.3877873139208501,104,1.7360879949348345,315,1.5860879949348343,1.7322762749131311,320
470,"[2, 1, 0, 2]",40.166666666666664,39.850000000000001,14.455004812319538,3.56666666666667,False,1.671168479197072,73,1.5211684791970719,1.6830517902834741,75,0.10481862356665805,404,-0.045181376433341969,0.11670193465306034,406,1.4414163136532796,56,1.2914163136532797,1.4532996247396821,49,1.9023543636101801,189,1.7523543636101802,1.9152138318684546,198
471,"[2, 1, 0, 3]",38.466666666666669,38.200000000000003,21.353464870067373,4.1666666666666643,False,1.7318895611149923,46,1.5318895611149923,1.7445451016623463,45,0.37249350721701352,228,0.17249350721701351,0.38514904776436759,224,1.5021373955712001,29,1.3021373955712001,1.5147929361185541,23,2.0734850527669946,104,1.8734850527669946,2.0869345915624371,99
472,"[2, 1, 0, 4]",37.166666666666664,36.549999999999997,28.253128007699711,2.7666666666666657,False,1.7563317370457707,41,1.5563317370457708,1.7560504438400633,36,0.60392557727676222,105,0.40392557727676215,0.60364428407105475,113,1.4210213424355687,68,1.2210213424355687,1.4207400492298612,77,2.2101122461846083,41,2.0101122461846082,2.2086879379914448,42
473,"[2, 1, 0, 5]",27.100000000000001,26.699999999999999,42.050048123195381,2.2666666666666657,False,1.5492895139813827,179,1.3492895139813827,1.550814070082128,190,0.81079095767724407,34,0.61079095767724412,0.81231551377798938,37,0.93804071706126724,374,0.73804071706126728,0.93956527316201255,368,2.1946416657353507,46,1.9946416657353505,2.1935768258004615,52
474,"[2, 1, 1, 0]",40.06666666666667,40.399999999999999,2.3820981713185754,4.0333333333333314,False,1.5470121469835592,180,1.397012146983559,1.5814864869396668,163,-0.38152490787688376,797,-0.53152490787688378,-0.34705056792077615,769,1.3172599814397667,141,1.1672599814397668,1.3517343213958743,133,1.5714804982388606,490,1.4214804982388607,1.6099164721943682,430
475,"[2, 1, 1, 1]",40.133333333333333,40.25,9.2805582290664095,3.6000000000000014,False,1.5682815914300396,159,1.4682815914300396,1.5952446066809083,152,-0.15330166169796841,608,-0.25330166169796842,-0.12633864644709977,587,1.3385294258862475,122,1.2385294258862474,1.3654924411371161,124,1.7109101564678399,333,1.6109101564678399,1.7408477582041395,316
476,"[2, 1, 1, 2]",39.56666666666667,39.850000000000001,16.180221366698749,3.43333333333333,False,1.6178570499198437,120,1.5178570499198436,1.6503039558272663,107,0.10326369092080592,406,0.0032636909208059173,0.13571059682822853,403,1.3881048843760517,95,1.2881048843760516,1.4205517902834743,78,1.8758878653493714,212,1.7758878653493713,1.9119432098963056,202
477,"[2, 1, 1, 3]",37.766666666666666,37.799999999999997,23.078681424446582,3.2666666666666657,False,1.6751508660342602,72,1.5251508660342603,1.6978599849761733,65,0.36751130876765792,233,0.2175113087676579,0.39022042770957077,221,1.4433294030891211,55,1.2933294030891209,1.4660385220310337,40,2.0431525751247421,115,1.8931525751247422,2.0678744959060769,114
478,"[2, 1, 1, 4]",36.5,36,29.978344562078924,1.8666666666666671,False,1.70073546389954,56,1.5507354638995401,1.7041388463176532,61,0.60008580076190776,106,0.45008580076190774,0.60348918318002098,114,1.3309207382017538,126,1.1809207382017537,1.334324120619867,148,2.1810684283361703,54,2.0310684283361704,2.1837067897035065,55
479,"[2, 1, 1, 5]",26.5,25.949999999999999,43.77526467757459,2.533333333333335,False,1.4959780847041544,210,1.3459780847041543,1.4919338314447357,235,0.80923602503139191,35,0.65923602503139189,0.80519177177197321,40,0.85022495669645448,431,0.70022495669645446,0.84618070343703577,432,2.1681751674745415,65,2.0181751674745416,2.1607009406704178,64
480,"[2, 1, 2, 0]",39.166666666666664,38.700000000000003,4.1061116458132823,4.9333333333333371,False,1.533406889496975,188,1.3834068894969751,1.539493172207262,197,-0.34340976112862631,764,-0.49340976112862633,-0.33732347841833932,754,1.303654723953183,143,1.1536547239531829,1.30974100666347,159,1.583383475098695,475,1.4333834750986951,1.5895080003292978,452
481,"[2, 1, 2, 1]",39.299999999999997,38.649999999999999,11.004571703561117,4.4333333333333371,False,1.5569611778124579,169,1.4569611778124578,1.5567356125059946,183,-0.11290167108070856,572,-0.21290167108070857,-0.1131272363871719,575,1.3272090122686659,130,1.2272090122686659,1.3269834469622026,151,1.7253904529153035,323,1.6253904529153034,1.7243866547601219,325
482,"[2, 1, 2, 2]",38.233333333333334,38.049999999999997,17.904234841193457,4.7666666666666657,False,1.5894003072847449,138,1.4894003072847448,1.6048263205373701,144,0.1265273525205485,399,0.026527352520548497,0.14195336577317366,400,1.3596481417409527,111,1.2596481417409526,1.3750741549935779,119,1.8710382648896187,216,1.7710382648896186,1.8875873696101828,215
483,"[2, 1, 2, 3]",36.5,36.100000000000001,24.80269489894129,4.5333333333333314,False,1.6489789672681638,91,1.4989789672681637,1.6558666702437685,102,0.39305981423640246,212,0.24305981423640244,0.39994751721200716,216,1.38267723483313,97,1.2326772348331301,1.3895649378087347,102,2.0408802942526183,116,1.8908802942526184,2.0474660240410065,130
484,"[2, 1, 2, 4]",33.93333333333333,34.049999999999997,31.702358036573628,1.8333333333333357,False,1.630009109687899,105,1.4800091096878991,1.65343473019152,105,0.58107985078510804,116,0.43107985078510802,0.604505471288729,112,1.2257141145002186,189,1.0757141145002187,1.2491397350038396,193,2.1285384155052833,84,1.9785384155052834,2.1534298967858043,71
485,"[2, 1, 2, 5]",24.833333333333332,24.699999999999999,45.499278152069294,2.1333333333333329,False,1.456097122724044,241,1.3060971227240441,1.4656199592210415,250,0.82107546728612302,27,0.671075467286123,0.83059830378312027,26,0.77586372522645042,494,0.6258637252264504,0.78538656172344767,482,2.1504389690766446,69,2.0004389690766446,2.1580556267000843,66
486,"[2, 1, 3, 0]",35.333333333333336,34.700000000000003,5.8313282001924929,8.7666666666666657,False,1.469280532573136,233,1.269280532573136,1.4673725154514026,248,-0.35577962142108926,777,-0.55577962142108928,-0.35768763854282265,781,1.2395283670293438,185,1.0395283670293438,1.2376203499076104,200,1.5319169768378864,536,1.3319169768378865,1.528342641515043,541
487,"[2, 1, 3, 1]",34.799999999999997,34.5,12.729788257940328,8.9333333333333371,False,1.4699863821985959,231,1.319986382198596,1.4793884749138981,239,-0.14811997006319422,603,-0.29811997006319424,-0.13871787734789198,598,1.2402342166548039,182,1.0902342166548038,1.2496363093701062,192,1.6481507587782058,391,1.4981507587782057,1.6573002433142885,387
488,"[2, 1, 3, 2]",34.133333333333333,32.899999999999999,19.629451395572666,8.8666666666666671,False,1.5161345748848967,202,1.3661345748848965,1.492635977370361,233,0.10501811675207662,403,-0.044981883247923404,0.081519519237540972,423,1.2863824093411043,157,1.1363824093411043,1.2628838118265686,188,1.8092624882782937,255,1.6592624882782938,1.7810272739538227,291
489,"[2, 1, 3, 3]",32.833333333333336,31.199999999999999,26.527911453320499,8.1999999999999957,False,1.5405647200168304,182,1.3905647200168303,1.5023871284704873,226,0.33640206361644531,247,0.18640206361644529,0.29822447207010216,270,1.2397586564942125,184,1.0897586564942126,1.2015810649478693,213,1.9458570949608816,166,1.7958570949608814,1.9007743494372784,208
490,"[2, 1, 3, 4]",30.300000000000001,29.25,33.427574590952837,0,False,1.5727372843710665,156,1.3727372843710666,1.5534395089757307,187,0.5755645220996517,120,0.37556452209965174,0.55626674670431564,134,1.133937958095802,239,0.93393795809580205,1.1146401827004659,251,2.0848038760073613,98,1.8848038760073613,2.0606855906031289,123
491,"[2, 1, 3, 5]",21.233333333333334,20.050000000000001,47.22449470644851,0,False,1.3999677193417128,281,1.1999677193417129,1.3708512188414888,312,0.81670256053516832,32,0.61670256053516825,0.78758606003494402,49,0.6852299907565349,572,0.48522999075653483,0.65611349025631061,596,2.1079930893725365,89,1.9079930893725363,2.0712323731489879,109
492,"[2, 1, 4, 0]",26.333333333333332,26.550000000000001,7.5553416746871989,17.433333333333334,True,1.1780667450027744,473,0.97806674500277446,1.2006405247608092,454,-0.59527300475660949,956,-0.79527300475660956,-0.57269922499857473,931,0.94831457945898223,367,0.74831457945898228,0.97088835921701722,341,1.2306756238008136,784,1.0306756238008137,1.2533289064920778,754
493,"[2, 1, 4, 1]",26.199999999999999,26.5,14.453801732435034,17.533333333333335,True,1.1924816578422481,463,1.0424816578422482,1.217882965059542,437,-0.37390429018470084,789,-0.52390429018470086,-0.34850298296740712,772,0.96272949229845628,356,0.81272949229845626,0.98813079951574989,318,1.3623733232669064,664,1.2123733232669065,1.3882075609229019,635
494,"[2, 1, 4, 2]",25.966666666666665,26.25,21.353464870067373,16.666666666666668,True,1.2534813356770638,417,1.1034813356770636,1.278168795042137,390,-0.10591471822091514,566,-0.25591471822091516,-0.0812272588558417,548,1.0237291701332716,310,0.87372917013327156,1.048416629498345,284,1.5402376300865823,528,1.3902376300865824,1.5652240652466474,488
495,"[2, 1, 4, 3]",24.533333333333335,24.600000000000001,28.251924927815207,15.399999999999995,True,1.3233417930709928,343,1.1233417930709928,1.3396621064210092,338,0.17089954090544907,376,-0.029100459094550946,0.18721985425546545,366,0.98805546005848099,337,0.78805546005848093,1.0043757734084973,308,1.721677597593912,324,1.5216775975939121,1.7369448249406292,319
496,"[2, 1, 4, 4]",23.966666666666665,24.699999999999999,35.151588065447548,5.8333333333333357,True,1.322917251560797,345,1.1729172515607971,1.3621430583548237,318,0.37746489352422341,223,0.22746489352422339,0.4166907003182504,200,0.8496376557956381,432,0.69963765579563808,0.88886346258966509,403,1.8366553064754436,239,1.6866553064754435,1.8777771187380585,224
497,"[2, 1, 4, 5]",17.800000000000001,18.699999999999999,48.948508180943215,0,True,1.2995383948330421,370,1.0995383948330422,1.3410530260603033,337,0.76799364026133876,47,0.56799364026133869,0.80950827148859972,38,0.55032039675797007,731,0.35032039675797005,0.59183502798523113,669,2.0219579219024739,129,1.821957921902474,2.0646396907576015,118
498,"[2, 1, 5, 0]",6.4000000000000004,6.4500000000000002,11.00577478344562,37.333333333333336,True,0.52940275925867564,1253,0.32940275925867557,0.53479642379264436,1253,-1.1404239972379562,1231,-1.3404239972379561,-1.1350303327039872,1227,0.29965059371488345,1100,0.09965059371488344,0.30504425824885228,1088,0.55351582315548442,1248,0.35351582315548441,0.55336660991620068,1244
499,"[2, 1, 5, 1]",6.4333333333333336,6.5999999999999996,17.904234841193457,36.566666666666663,True,0.54952978177065503,1239,0.39952978177065507,0.55900750520635967,1241,-0.91334317299354117,1139,-1.0633431729935412,-0.90386544955783676,1130,0.31977761622686296,1064,0.16977761622686294,0.32925533966256754,1050,0.69165682159064934,1187,0.54165682159064932,0.69614000118913,1175
500,"[2, 1, 5, 2]",6.2999999999999998,6.2000000000000002,24.803897978825795,34.733333333333334,True,0.61395672540897395,1180,0.46395672540897387,0.61406685435271791,1182,-0.6419263352262522,990,-0.79192633522625222,-0.64181620628250824,979,0.34763093137625012,1010,0.1976309313762501,0.34774106031999413,1010,0.87338710779176842,1074,0.7233871077917684,0.86723545288129633,1077
501,"[2, 1, 5, 3]",6.2000000000000002,6.2000000000000002,31.702358036573628,29.566666666666666,True,0.72951406018294884,1031,0.52951406018294889,0.7330514549301963,1024,-0.31941519871984231,733,-0.51941519871984232,-0.31587780397259496,727,0.32521906499526837,1058,0.12521906499526836,0.32875645974251577,1052,1.1063734670516754,891,0.90637346705167543,1.1040877915226466,876
502,"[2, 1, 5, 4]",7.166666666666667,7.0999999999999996,38.602021174205966,22.633333333333333,True,0.83164092765980535,880,0.6316409276598054,0.83340697132394115,853,-0.010298437114015735,490,-0.21029843711401575,-0.0085323934498798271,482,0.28935266971947815,1123,0.089352669719478112,0.29111871338361406,1122,1.3306295264486705,693,1.1306295264486705,1.3264990326884969,684
503,"[2, 1, 5, 5]",6.2999999999999998,6.0999999999999996,52.398941289701639,1.2333333333333334,True,0.88990715851773239,780,0.73990715851773237,0.88653296690398509,769,0.26996009403265037,293,0.11996009403265034,0.26658590241890312,294,0.071680498267491677,1266,-0.078319501732508345,0.068306306653744403,1270,1.6208290490921962,428,1.4708290490921963,1.6107300257606716,428
504,"[2, 2, 0, 0]",39.700000000000003,39.100000000000001,1.2127045235803657,4.3999999999999986,False,1.4727515692266646,230,1.3727515692266645,1.4744963832148978,242,-0.49086729506592486,882,-0.59086729506592484,-0.48912248107769141,874,1.2429994036828724,181,1.1429994036828723,1.2447442176711059,196,1.4756309340612459,583,1.3756309340612458,1.4769263762750278,573
505,"[2, 2, 0, 1]",39.733333333333334,38.950000000000003,8.1111645813282003,4.0333333333333314,False,1.5928785917386437,136,1.4428785917386437,1.588254502956139,157,-0.16378647082151032,612,-0.31378647082151034,-0.16841055960401496,627,1.3631264261948517,109,1.2131264261948518,1.358502337412347,129,1.7137719324964107,329,1.5637719324964106,1.7078576622847992,346
506,"[2, 2, 0, 2]",39.600000000000001,39,15.010827718960538,4.1333333333333329,False,1.6073055353769627,125,1.5073055353769627,1.6089932946112084,141,0.05763036694577886,433,-0.042369633054221145,0.05931812618002455,432,1.3775533698331706,101,1.2775533698331705,1.3792411290674162,117,1.8455022186975296,231,1.7455022186975295,1.8467162718717021,239
507,"[2, 2, 0, 3]",37.399999999999999,37.649999999999999,21.909287776708375,5.2333333333333343,False,1.6508902882773655,88,1.5008902882773656,1.6809395676625543,80,0.30816892157861686,262,0.15816892157861684,0.33821820096380539,251,1.4211381227335735,67,1.2711381227335734,1.4511874021187618,53,1.9973030109471273,148,1.8473030109471273,2.0302791368288418,138
508,"[2, 2, 0, 4]",35.799999999999997,35.850000000000001,28.808950914340713,4.1333333333333329,False,1.6650506667976339,77,1.515050666797634,1.6872184290040342,70,0.52931919422785523,139,0.37931919422785521,0.55148695643425572,138,1.3186238140546118,140,1.1686238140546117,1.3407915762610121,141,2.1223322662204112,86,1.9723322662204112,2.1461114306262714,76
509,"[2, 2, 0, 5]",26.433333333333334,25.449999999999999,42.605871029836379,2.9333333333333336,False,1.4819993043577697,223,1.3319993043577696,1.4628182921798971,252,0.76017543525286102,53,0.610175435252861,0.74099442307498831,59,0.85963404930483422,423,0.7096340493048342,0.84045303712696151,438,2.1339235414412565,80,1.9839235414412566,2.1092897921194984,96
510,"[2, 2, 1, 0]",39.399999999999999,39.450000000000003,2.9379210779595764,4.7000000000000028,False,1.529721937359946,190,1.3797219373599461,1.5539436707099097,185,-0.38214043030126665,798,-0.53214043030126668,-0.35791869695130318,782,1.299969771816154,145,1.1499697718161539,1.3241915051661173,152,1.5607623739447662,505,1.4107623739447663,1.5874715437765627,456
511,"[2, 2, 1, 1]",39.5,39.299999999999997,9.8363811357074109,4.2333333333333343,False,1.5521338037409282,174,1.4521338037409282,1.567701790451151,175,-0.15277476218784955,606,-0.25277476218784956,-0.1372067754776268,596,1.3223816381971361,134,1.222381638197136,1.3379496249073588,144,1.7014806919675605,343,1.6014806919675604,1.7184028297863341,333
512,"[2, 2, 1, 2]",39.06666666666667,38.600000000000001,16.736044273339751,3.93333333333333,False,1.6062789499687367,129,1.5062789499687366,1.6123081779250352,138,0.10836027816892915,402,0.0083602781689291472,0.11438950612522772,410,1.3765267844249447,103,1.2765267844249446,1.3825560123812433,112,1.8716130400243496,214,1.7716130400243495,1.8776561762153425,225
513,"[2, 2, 1, 3]",37.100000000000001,37.25,23.634504331087584,3.93333333333333,False,1.6578606564106475,83,1.5078606564106474,1.6842544509763813,74,0.36689578634327502,234,0.216895786343275,0.39328958090900878,220,1.4149227353326879,72,1.264922735332688,1.4413165298984216,62,2.0324344508306482,122,1.8824344508306483,2.0612190411724822,122
514,"[2, 2, 1, 4]",35.466666666666669,35.299999999999997,30.534167468719922,2.6333333333333329,False,1.670878612996415,74,1.5208786129964149,1.6853068314816246,72,0.58690363705801252,112,0.4369036370580125,0.6013318555432221,115,1.2899474291658084,152,1.1399474291658085,1.304375647651018,162,2.1561750463101177,68,2.0061750463101178,2.1711302823383321,57
515,"[2, 2, 1, 5]",26.166666666666668,25.050000000000001,44.331087584215595,1.966666666666665,False,1.490112094425553,213,1.3401120944255529,1.4661331754937241,249,0.82004472195202072,28,0.67004472195202069,0.79606580302019192,45,0.8332425082850331,446,0.68324250828503308,0.8092635893532043,454,2.1703436411185919,62,2.020343641118592,2.1402296964631389,80
516,"[2, 2, 2, 0]",37.133333333333333,37.399999999999999,4.6619345524542828,6.9666666666666686,False,1.4192773805588155,266,1.3192773805588154,1.4497552340262851,259,-0.44086458286755603,850,-0.54086458286755601,-0.41038672940008636,826,1.1895252150150235,209,1.0895252150150234,1.2200030684824932,206,1.4698302992582095,590,1.3698302992582094,1.503247282437808,556
517,"[2, 2, 2, 1]",37.299999999999997,37.100000000000001,11.560394610202117,6.4333333333333371,False,1.4939740908087995,211,1.3939740908087994,1.5082868729312897,222,-0.15921407088513692,610,-0.25921407088513693,-0.14490128876264671,605,1.2642219252650075,167,1.1642219252650075,1.2785347073874977,178,1.663125936868632,383,1.5631259368686319,1.6782575158160005,364
518,"[2, 2, 2, 2]",36.033333333333331,36.799999999999997,18.460057747834455,6.9666666666666686,False,1.4695586886740797,232,1.4195586886740796,1.5168305426351389,211,0.023360421109113141,460,-0.026639578890886861,0.070632275070172404,426,1.2398065231302875,183,1.1898065231302875,1.2870783770913468,170,1.7510417900800603,304,1.7010417900800603,1.8033003359292192,271
519,"[2, 2, 2, 3]",34.466666666666669,35.649999999999999,25.358517805582292,6.5666666666666629,False,1.5348494583300043,186,1.4348494583300042,1.5957454568014675,150,0.29560499249747285,270,0.19560499249747287,0.35650099096893606,241,1.2574312677621506,172,1.1574312677621506,1.3183272662336138,156,1.9273271184121326,174,1.8273271184121325,1.9947579377284643,154
520,"[2, 2, 2, 4]",31.966666666666665,32.700000000000003,32.258180943214633,1.600000000000005,False,1.5181644446187419,199,1.4181644446187418,1.561954631731798,179,0.48590987291518084,156,0.38590987291518086,0.529700060028237,146,1.1027529912982414,252,1.0027529912982414,1.1465431784112976,237,2.0175625592524269,131,1.9175625592524268,2.0651954946837887,117
521,"[2, 2, 2, 5]",24.033333333333335,23.149999999999999,46.055101058710299,0,False,1.3842372253624269,301,1.2842372253624268,1.3671712196463366,314,0.76589025712373571,50,0.66589025712373573,0.74882425140764541,58,0.69288736973201293,563,0.59288736973201295,0.67582136401592263,570,2.0845662056072927,99,1.9845662056072928,2.0619264877559629,120
522,"[2, 2, 3, 0]",30.633333333333333,31.25,6.3871511068334934,13.466666666666669,False,1.263757268874885,407,1.1137572688748849,1.3027216852843631,360,-0.5446281979201103,916,-0.69462819792011032,-0.50566378151063229,887,1.0340051033310926,300,0.88400510333109272,1.0729695197405706,266,1.315271017492246,704,1.1652710174922458,1.357213502570922,658
523,"[2, 2, 3, 1]",31,31.149999999999999,13.285611164581328,12.733333333333334,False,1.3453085107318761,323,1.1953085107318759,1.3682219653043499,313,-0.25612315433068444,681,-0.40612315433068447,-0.23320969975821038,660,1.1155563451880837,246,0.96555634518808375,1.138469799760558,241,1.5162986138655548,548,1.3662986138655548,1.5401184727912196,525
524,"[2, 2, 3, 2]",30.600000000000001,30.399999999999999,20.185274302213667,12.399999999999999,False,1.3505960788941855,321,1.2505960788941854,1.3610861924994886,321,-0.043845692039404444,516,-0.14384569203940445,-0.033355578434101391,503,1.1208439133503934,244,1.0208439133503933,1.1313340269556964,244,1.6377196217161587,406,1.5377196217161586,1.6473981350097016,394
525,"[2, 2, 3, 3]",29.733333333333334,29.100000000000001,27.0837343599615,11.299999999999997,False,1.3898777091746342,293,1.2898777091746341,1.3847746258295803,301,0.20238973997347912,356,0.10238973997347911,0.19728665662842529,355,1.0779551875191962,269,0.97795518751919619,1.0728521041741423,267,1.7910668057183339,277,1.6910668057183338,1.7829346841773679,288
526,"[2, 2, 3, 4]",27.699999999999999,27,33.983397497593842,2.1000000000000014,False,1.4391866025463877,253,1.2891866025463878,1.4306005254985865,270,0.45868852747420308,166,0.30868852747420306,0.45010245042640185,179,0.98927081813830309,336,0.83927081813830307,0.98068474109050185,331,1.9493434836720303,164,1.7993434836720301,1.9369248727116393,187
527,"[2, 2, 3, 5]",19,18.949999999999999,47.780317613089508,1.1666666666666679,False,1.2789836787965463,392,1.1289836787965464,1.2880819217754942,375,0.71239320718923149,67,0.56239320718923147,0.72149145016817962,66,0.55312949207854822,728,0.4031294920785482,0.56222773505749635,709,1.9867079547691637,153,1.8367079547691638,1.9928663920996033,155
528,"[2, 2, 4, 0]",22.399999999999999,22.600000000000001,8.1111645813282003,21.366666666666667,True,0.99881918579804962,656,0.8488191857980496,1.0185680918063134,610,-0.75784587676210458,1052,-0.9078458767621046,-0.73809697075384084,1036,0.76906702025425744,501,0.61906702025425742,0.78881592626252128,476,1.0436688397129052,961,0.89366883971290512,1.0624629254426936,926
529,"[2, 2, 4, 1]",22.300000000000001,22.5,15.009624639076035,21.433333333333334,True,1.0643765205720248,568,0.91437652057202468,1.0840683718263004,547,-0.48533474025569423,879,-0.63533474025569425,-0.46564288900141848,860,0.83462435502823251,443,0.68462435502823249,0.85431620628250837,427,1.2266551989728125,788,1.0766551989728126,1.2453678956629912,757
530,"[2, 2, 4, 2]",22.133333333333333,22.449999999999999,21.909287776708375,20.5,True,1.0776610422758424,559,0.97766104227584227,1.1013228429238784,531,-0.2650603244229065,692,-0.36506032442290648,-0.24139852377487045,666,0.84790887673205018,435,0.7479088767320502,0.8715706773800862,417,1.357096825380117,668,1.2570968253801169,1.3802791368288421,640
531,"[2, 2, 4, 3]",21.533333333333335,21,28.807747834456208,18.399999999999995,True,1.1760820480323,476,1.0260820480323001,1.1697847954177329,483,0.040314483065986395,447,-0.10968551693401363,0.034017230451419134,455,0.8296792568869682,448,0.67967925688696817,0.82338200427240094,448,1.5707532877328076,491,1.4207532877328077,1.5598946333649288,502
532,"[2, 2, 4, 4]",20.699999999999999,21.5,35.707410972088546,9.1000000000000014,True,1.1665181310460948,482,1.0665181310460947,1.2062030295815127,450,0.2377404602087512,320,0.13774046020875119,0.27742535874416907,283,0.68212207714811601,577,0.58212207714811603,0.72180697568353391,525,1.6754217182638236,367,1.5754217182638235,1.7165164008465692,336
533,"[2, 2, 4, 5]",15.9,17.449999999999999,49.504331087584212,0.90000000000000036,True,1.1899785736328869,466,1.039978573632887,1.253057248158072,412,0.67510850626041352,75,0.5251085062604135,0.73818718078559853,61,0.42964411742499498,884,0.27964411742499495,0.49272279195017998,788,1.9135593852372459,182,1.7635593852372458,1.9803526570766379,162
534,"[2, 2, 5, 0]",5.333333333333333,5.1500000000000004,11.561597690086622,38.399999999999999,True,0.44840348642104905,1290,0.29840348642104902,0.44505848561166766,1291,-1.2047485828763524,1260,-1.3547485828763524,-1.2080935836857338,1259,0.21865132087725692,1205,0.068651320877256894,0.21530632006787553,1208,0.47733378133561716,1284,0.32733378133561714,0.46710589202471103,1285
535,"[2, 2, 5, 1]",5.4000000000000004,5.0999999999999996,18.460057747834455,37.600000000000001,True,0.51967293086752964,1260,0.36967293086752961,0.51230092591040033,1266,-0.92652533669743675,1145,-1.0765253366974368,-0.93389734165456628,1149,0.28992076532373756,1118,0.13992076532373751,0.28254876036660814,1133,0.66676343956459649,1201,0.51676343956459647,0.65198454645553516,1201
536,"[2, 2, 5, 2]",5.1333333333333337,5.25,25.359720885466796,35.899999999999999,True,0.52953018676784391,1251,0.42953018676784394,0.53652403812296068,1251,-0.70967818666815219,1025,-0.80967818666815217,-0.70268433531303542,1016,0.25208793460230011,1177,0.15208793460230011,0.25908178595741688,1168,0.79333908659045771,1120,0.69333908659045773,0.79479052446349086,1115
537,"[2, 2, 5, 3]",5.166666666666667,5.25,32.258180943214633,28.400000000000002,True,0.6496572092798234,1138,0.49965720927982338,0.65550863870043907,1131,-0.38259736242373765,799,-0.53259736242373767,-0.37674593300312198,796,0.2342457559593229,1191,0.084245755959322877,0.24009718537993852,1192,1.0314800850256227,969,0.88148008502562258,1.0316428631048413,954
538,"[2, 2, 5, 4]",5.6333333333333337,5.75,39.157844080846971,24.166666666666668,True,0.73464774773916275,1021,0.58464774773916273,0.74192687286421888,1008,-0.090616929835428073,553,-0.24061692983542809,-0.083337804710371999,551,0.18124303166601552,1227,0.031243031666015497,0.18852215679107159,1228,1.2364062475154016,780,1.0864062475154015,1.2382646305864813,770
539,"[2, 2, 5, 5]",5.7000000000000002,5.5499999999999998,52.954764196342637,1.833333333333333,True,0.82490179276312181,897,0.72490179276312183,0.8229274329041929,883,0.17716358294598988,373,0.077163582945989878,0.17518922308706106,376,-0.0044413256199389017,1288,-0.10444132561993891,-0.0064156854788677276,1285,1.5626882443857311,504,1.462688244385731,1.5540745710270767,508
540,"[2, 3, 0, 0]",34.666666666666664,34.799999999999997,1.7661212704523581,9.4333333333333371,False,1.3557800245857115,316,1.2057800245857115,1.3802047667114921,306,-0.59123633730071756,952,-0.74123633730071758,-0.56681159517493696,926,1.1260278590419195,243,0.97602785904191958,1.1504526011677001,234,1.3460332033074081,676,1.1960332033074079,1.3721794322819059,651
541,"[2, 3, 0, 1]",34.93333333333333,34.75,8.6645813282001924,8.8000000000000043,False,1.483904000639199,219,1.2839040006391991,1.4974472070102247,231,-0.25615855951479499,682,-0.456158559514795,-0.24261535314376931,668,1.2541518350954071,175,1.0541518350954071,1.2676950414664327,186,1.5931948202992736,467,1.3931948202992737,1.60705808671273,435
542,"[2, 3, 0, 2]",34.399999999999999,34.299999999999997,15.564244465832532,9.2000000000000028,False,1.4846218810635041,217,1.3346218810635042,1.5007643958778374,227,-0.048450784961519999,518,-0.19845078496152002,-0.032308270147186735,501,1.2548697155197122,173,1.104869715519712,1.2710122303340454,182,1.7094611889746196,335,1.5594611889746197,1.72617985419437,323
543,"[2, 3, 0, 3]",33.399999999999999,33.149999999999999,22.462704523580367,8.6333333333333329,False,1.5193338236059484,197,1.3693338236059482,1.5296793100441661,201,0.1932149593133593,362,0.04321495931335928,0.20356044575157706,348,1.289581658062156,153,1.1395816580621561,1.2999271445003737,164,1.8576537338015369,225,1.707653733801537,1.8676374559936151,231
544,"[2, 3, 0, 4]",31.266666666666666,31.699999999999999,29.362367661212705,8.6666666666666643,False,1.5652154511741985,161,1.3652154511741985,1.5981532933368656,149,0.44608648101057974,175,0.24608648101057973,0.47902432317324689,163,1.2077202634937365,199,1.0077202634937366,1.2406581056564037,198,2.0120644323737902,135,1.8120644323737902,2.0472855392647289,131
545,"[2, 3, 0, 5]",23.366666666666667,23.100000000000001,43.159287776708375,6,False,1.4324306538523846,258,1.2324306538523846,1.4364709265475717,266,0.72720928715363597,63,0.52720928715363591,0.73124955984882289,63,0.79899706386200919,476,0.59899706386200924,0.80303733655719611,461,2.0803567385224704,101,1.8803567385224704,2.0815165323369036,102
546,"[2, 3, 1, 0]",34.600000000000001,34.450000000000003,3.491337824831569,9.5,False,1.4207473462605018,263,1.2207473462605019,1.4352618103040651,267,-0.4745125189945511,872,-0.67451251899455111,-0.45999805495098783,858,1.1909951807167096,207,0.99099518071670967,1.2055096447602729,211,1.4401852617476301,615,1.2401852617476301,1.4550930208360728,594
547,"[2, 3, 1, 1]",34.5,34.450000000000003,10.389797882579403,9.2333333333333343,False,1.4363046810344766,255,1.2863046810344765,1.4542464108815434,256,-0.25200138248814163,676,-0.40200138248814166,-0.23405965264107464,663,1.2065525154906842,200,1.0565525154906843,1.2244942453377514,204,1.5731716210075368,489,1.4231716210075369,1.5919453594774233,449
548,"[2, 3, 1, 2]",33.866666666666667,33.75,17.289461020211743,9.1333333333333329,False,1.4835952956552783,220,1.3335952956552781,1.4988527983554274,230,0.0022791262616305152,475,-0.14772087373836951,0.017536628961779877,460,1.2538431301114858,176,1.1038431301114859,1.2691006328116354,184,1.7355720103014396,316,1.5855720103014397,1.7511987059064316,308
549,"[2, 3, 1, 3]",32.700000000000003,32.549999999999997,24.187921077959576,8.3333333333333286,False,1.5125951285252168,204,1.3625951285252167,1.5260255522430106,204,0.23823276086400391,318,0.08823276086400389,0.25166318458179771,309,1.2585888725098173,169,1.1085888725098174,1.2720192962276111,181,1.8773212561592851,208,1.727321256159285,1.8906826234951501,213
550,"[2, 3, 1, 4]",30.5,31,31.087584215591914,7.2000000000000028,False,1.5561919122244643,170,1.3561919122244643,1.5910152149782186,156,0.48881943869222183,152,0.28881943869222182,0.52364274144597611,149,1.1641923934564182,224,0.96419239345641827,1.1990156962101726,214,2.0291546351439091,126,1.829154635143909,2.066383338345211,115
551,"[2, 3, 1, 5]",22.5,22.75,44.884504331087584,5.6333333333333329,False,1.4199798490991469,265,1.2199798490991469,1.4415279701401442,263,0.76651497903177446,49,0.5665149790317745,0.78806310007277158,48,0.75204192802118741,510,0.55204192802118746,0.77359004906218454,491,2.0935809619111461,95,1.8935809619111459,2.1144301208910701,95
552,"[2, 3, 2, 0]",33.200000000000003,34.549999999999997,5.2153512993262749,10.899999999999999,False,1.3400057597564006,328,1.1900057597564007,1.405986265606503,291,-0.50353370126381114,891,-0.65353370126381116,-0.43755319541370874,847,1.1102535942126086,249,0.9602535942126087,1.176234100062711,223,1.3827583417002485,645,1.2327583417002483,1.4557371805499497,593
553,"[2, 3, 2, 1]",33.299999999999997,34.350000000000001,12.113811357074109,10.433333333333337,False,1.4124176261373824,269,1.2624176261373823,1.4680022250689988,247,-0.22416803315039424,656,-0.37416803315039426,-0.16858343421877764,628,1.1826654605935905,212,1.0326654605935903,1.2382500595252068,199,1.5734766597230418,487,1.4234766597230417,1.6346947823491949,408
554,"[2, 3, 2, 2]",32.700000000000003,32.950000000000003,19.013474494706447,10.299999999999997,False,1.4108506626926856,272,1.3108506626926855,1.4382183686404446,265,-0.018745102466121238,499,-0.11874510246612124,0.0086226034816378194,467,1.1810984971488934,214,1.0810984971488933,1.2084662030966524,210,1.6871657088107592,353,1.5871657088107591,1.716316549830835,337
555,"[2, 3, 2, 3]",31.199999999999999,31.350000000000001,25.911934552454284,9.8333333333333321,False,1.4284262762176123,261,1.3284262762176122,1.4514538402980623,257,0.20578431279124068,354,0.10578431279124068,0.22881187687169072,328,1.1399397507123188,233,1.0399397507123187,1.1629673147927688,230,1.8160283567304598,250,1.7160283567304597,1.8400109937353433,244
556,"[2, 3, 2, 4]",28.166666666666668,29.449999999999999,32.811597690086622,4.9000000000000021,False,1.4434625115543316,251,1.2934625115543317,1.5042483810820508,225,0.42781044225693021,189,0.27781044225693019,0.48859631178464968,157,1.0169827232963913,314,0.86698272329639126,1.0777685928241107,262,1.9356452408697233,169,1.7856452408697234,2.0018959191117198,148
557,"[2, 3, 2, 5]",21.433333333333334,21.100000000000001,46.608517805582288,1.3666666666666671,False,1.3506624819400574,320,1.2006624819400575,1.3512768156864849,329,0.74891801610752606,57,0.59891801610752604,0.74953234985395378,57,0.64824429137220385,617,0.49824429137220383,0.64885862511863146,604,2.0490406398019085,110,1.8990406398019084,2.0459953332365259,132
558,"[2, 3, 3, 0]",31.533333333333335,30.899999999999999,6.9405678537054865,12.399999999999995,False,1.3001368285751358,368,1.1501368285751357,1.2960607308018632,365,-0.49164613581369976,883,-0.64164613581369978,-0.49572223358697209,878,1.0703846630313434,277,0.92038466303134348,1.0663085652580713,271,1.3650547300373774,661,1.2150547300373775,1.3583876112093796,657
559,"[2, 3, 3, 1]",31.333333333333332,30.800000000000001,13.83902791145332,12.400000000000002,False,1.3622668975456071,312,1.212266897545607,1.3615610108218505,320,-0.22256226511079336,655,-0.37256226511079338,-0.22326815183454995,654,1.1325147320018147,240,0.98251473200181483,1.1318088452780581,243,1.5441751099158409,521,1.394175109915841,1.5412925814296772,524
560,"[2, 3, 3, 2]",30.699999999999999,30.600000000000001,20.738691049085659,12.066666666666666,False,1.359557512166409,313,1.2595575121664089,1.3735890010831913,310,-0.018281756361021223,498,-0.11828175636102123,-0.0042502674442389254,480,1.1298053466226168,241,1.0298053466226167,1.1438368355393991,239,1.6565754992097439,386,1.5565754992097438,1.6702827699639489,369
561,"[2, 3, 3, 3]",28.633333333333333,28.899999999999999,27.637151106833493,12.06666666666667,False,1.3577119528048163,315,1.2577119528048162,1.3833401521833175,302,0.18682648600982091,367,0.086826486009820902,0.21245468538832216,342,1.0347210962119384,297,0.93472109621193844,1.0603492955904397,276,1.763530930634599,295,1.6635309306345989,1.7900298454474042,281
562,"[2, 3, 3, 4]",26.199999999999999,26.800000000000001,34.53681424446583,3.6000000000000014,False,1.3933117829625563,290,1.2433117829625564,1.4291660518523237,271,0.42941621029653121,188,0.27941621029653119,0.46527047918629882,174,0.93232766361703179,376,0.78232766361703177,0.9681819325067994,347,1.9063436910625224,187,1.7563436910625225,1.9440200339816758,182
563,"[2, 3, 3, 5]",18.833333333333332,18.75,48.333734359961504,0.93333333333333357,False,1.2788057365927603,394,1.1288057365927604,1.2866474481292318,378,0.72881776739160553,61,0.57881776739160551,0.73665947892807693,62,0.5418832149373225,740,0.39188321493732248,0.5497249264737939,717,1.9952545539122335,149,1.8452545539122336,1.9999615533696398,150
564,"[2, 3, 4, 0]",21.933333333333334,22.350000000000001,8.6645813282001924,21.800000000000001,True,1.0383594461837538,605,0.83835944618375369,1.0653914578813053,566,-0.70170311397024054,1018,-0.9017031139702405,-0.67467110227268901,1006,0.80860728063996157,468,0.60860728063996161,0.83563929233751311,442,1.0906175007116452,912,0.89061750071164514,1.1175844025022039,864
565,"[2, 3, 4, 1]",21.933333333333334,22.300000000000001,15.563041385948027,21.666666666666668,True,1.1073440467612321,533,0.90734404676123204,1.1326338981800379,507,-0.42576471166032731,839,-0.62576471166032732,-0.40047486024152151,821,0.87759188121743992,417,0.67759188121743985,0.90288173263624572,392,1.2774698393529955,746,1.0774698393529956,1.302463056933028,700
566,"[2, 3, 4, 2]",21.899999999999999,22.550000000000001,22.462704523580367,20.133333333333333,True,1.1251982562030542,515,0.97519825620305423,1.1603413309500894,491,-0.20092060808953471,641,-0.35092060808953474,-0.16577753334249945,621,0.89544609065926206,405,0.74544609065926204,0.93058916540629733,375,1.4130661049355577,629,1.2630661049355576,1.4492164033620361,601
567,"[2, 3, 4, 3]",19.966666666666665,20.350000000000001,29.3611645813282,19.966666666666665,True,1.1279223845794664,513,0.97792238457946634,1.1526708792627596,495,0.0087573220193123413,467,-0.14124267798068768,0.03350581670260544,456,0.77045125849669449,499,0.62045125849669447,0.79519975317998759,468,1.525176175535671,540,1.3751761755356708,1.5492266367402285,515
568,"[2, 3, 4, 4]",19.966666666666665,21.050000000000001,36.260827718960542,9.8333333333333357,True,1.1969190159557899,459,1.0469190159557897,1.2460577545415217,416,0.28474384752460602,281,0.134743847524606,0.33388258611033816,254,0.7014546271203711,552,0.55145462712037108,0.75059336570610313,508,1.7120611009120479,332,1.5620611009120478,1.7637431410639741,298
569,"[2, 3, 4, 5]",15.466666666666667,16.699999999999999,50.057747834456208,0,True,1.2306612559530923,432,1.0306612559530923,1.2824590114456076,382,0.72777386423028179,62,0.52777386423028172,0.77957161972279709,51,0.45925846480776011,838,0.2592584648077601,0.51105622030027542,768,1.9617967060298003,161,1.7617967060298003,2.0157372920308854,146
570,"[2, 3, 5, 0]",6.4333333333333336,7,12.115014436958614,37.299999999999997,True,0.54163757772830667,1242,0.34163757772830666,0.56505258339397646,1228,-1.0949119891629349,1208,-1.2949119891629348,-1.0714969834972652,1197,0.31188541218451454,1080,0.11188541218451452,0.33530041785018433,1028,0.5848494526436353,1234,0.38484945264363529,0.60512210592632654,1222
571,"[2, 3, 5, 1]",6.5999999999999996,7.2000000000000002,19.013474494706447,36.399999999999999,True,0.61633428797829071,1176,0.41633428797829064,0.64100582508643744,1152,-0.813261477180516,1077,-1.013261477180516,-0.78858994007236927,1060,0.38658212243449852,948,0.18658212243449854,0.41125365954264526,914,0.77814509025405787,1133,0.5781450902540578,0.79986918140978225,1112
572,"[2, 3, 5, 2]",6.666666666666667,7.1500000000000004,25.913137632338788,34.366666666666667,True,0.63761576322361646,1158,0.48761576322361644,0.65826029618401516,1126,-0.58499010780621996,947,-0.73499010780621998,-0.56434557484582126,923,0.34910517612063274,1007,0.19910517612063275,0.36974970908103144,970,0.91760733521806348,1043,0.76760733521806346,0.93478042257563265,1018
573,"[2, 3, 5, 3]",6.5666666666666664,7.2000000000000002,32.811597690086622,26.500000000000004,True,0.70317309799759131,1077,0.55317309799759129,0.72898705704023914,1029,-0.31247897129981006,725,-0.46247897129981008,-0.28666501225716223,701,0.27669330973965101,1141,0.12669330973965098,0.30250726878229883,1097,1.1005936944779706,900,0.9505936944779706,1.1236064454275094,860
574,"[2, 3, 5, 4]",7.333333333333333,7.5999999999999996,39.711260827718959,22.466666666666669,True,0.84844543386744098,844,0.64844543386744091,0.86192097064652762,805,0.039783258699009727,448,-0.16021674130099028,0.053258795478096366,440,0.28397238285685389,1129,0.08397238285685385,0.29744791963594053,1110,1.3671177951120792,659,1.1671177951120792,1.3762808444880967,646
575,"[2, 3, 5, 5]",6.4333333333333336,6.9500000000000002,53.508180943214633,1.0999999999999996,True,0.90556924279086692,762,0.7555692427908669,0.92724208817779097,729,0.23016019563013521,328,0.080160195630135184,0.25183304101705928,308,0.065157789470366323,1271,-0.084842210529633699,0.086830634857290423,1261,1.6560286579617904,388,1.5060286579617905,1.6743276270339553,367
576,"[2, 4, 0, 0]",28.366666666666667,26.600000000000001,2.3219441770933589,15.733333333333334,False,1.1454205080314059,502,0.99542050803140592,1.1000487100636165,533,-0.78492116665579348,1063,-0.9349211666557935,-0.83029296462358282,1081,0.91566834248761386,391,0.76566834248761384,0.87029654451982441,419,1.1175315738586749,877,0.96753157385867472,1.0635502933377849,923
577,"[2, 4, 0, 1]",28.466666666666665,26.449999999999999,9.2204042348411939,15.266666666666669,False,1.2678323744123874,401,1.0678323744123874,1.2138068298048579,440,-0.45555549854237659,861,-0.6555554985423766,-0.50958104314990615,891,1.0380802088685954,291,0.83808020886859547,0.98405466426106591,324,1.3582498918814685,667,1.1582498918814685,1.2944815793475564,707
578,"[2, 4, 0, 2]",27.199999999999999,25.75,16.120067372473532,15.866666666666671,False,1.2434169722776676,425,1.0934169722776674,1.2084132172787423,447,-0.27298100654812663,701,-0.42298100654812665,-0.30798476154705179,722,1.0136648067338754,317,0.86366480673387536,0.97866105173495022,332,1.4461657450928969,608,1.2961657450928969,1.4037349257765648,627
579,"[2, 4, 0, 3]",27.466666666666665,24.899999999999999,23.018527430221365,13.966666666666665,False,1.3715409483311549,306,1.171540948331155,1.2977810931175446,363,0.062096771237795834,430,-0.13790322876220418,-0.011663083975814448,486,1.1409225652705197,232,0.94092256527051976,1.0671627100569094,270,1.6933273620847626,347,1.4933273620847627,1.6070346328389675,436
580,"[2, 4, 0, 4]",25.666666666666668,25.449999999999999,29.918190567853706,13.999999999999996,False,1.328846795244417,336,1.178846795244417,1.3359414875600701,342,0.2263925122800281,332,0.07639251228002808,0.2334872045956814,326,0.96023514943113497,358,0.81023514943113495,0.96732984174678827,349,1.7606246585951602,300,1.6106246585951602,1.7656300845311339,297
581,"[2, 4, 0, 5]",16.699999999999999,17.649999999999999,43.715110683349373,12.466666666666669,False,1.2095044960185659,448,1.009504496018566,1.2521336852307063,413,0.52095781651904716,143,0.3209578165190472,0.56358700573118758,131,0.56495444789537075,713,0.36495444789537068,0.60758363710751095,646,1.837679851341778,238,1.6376798513417781,1.8814400249717291,220
582,"[2, 4, 1, 0]",27.633333333333333,26.5,4.0471607314725695,16.466666666666669,False,1.1875393910161727,467,0.98753939101617272,1.1638165550499173,488,-0.69104578703965003,1013,-0.89104578703965009,-0.71476862300590538,1024,0.95778722547238071,361,0.75778722547238064,0.93406438950612536,372,1.1859104364226081,822,0.98591043642260812,1.1563323029445831,837
583,"[2, 4, 1, 1]",27.533333333333335,26.550000000000001,10.945620789220404,16.199999999999999,False,1.2030967257901479,454,1.0530967257901478,1.1845433159061414,468,-0.46853465053323995,866,-0.61853465053323997,-0.48708806041724639,873,0.97334456024635574,348,0.82334456024635572,0.95479115036234929,357,1.3188967956825155,699,1.1688967956825154,1.2951583257964598,706
584,"[2, 4, 1, 2]",26.566666666666666,25.25,17.845283926852744,16.433333333333334,False,1.2389631210659378,430,1.0889631210659378,1.2082437800350783,448,-0.22567836112847972,658,-0.37567836112847974,-0.25639770215933955,674,1.0092109555221458,322,0.85921095552214577,0.97849161449128597,333,1.4684105870382735,591,1.3184105870382736,1.4307274616991523,614
585,"[2, 4, 1, 3]",26.366666666666667,25.100000000000001,24.743743984600577,14.666666666666664,False,1.3510931900364094,319,1.1510931900364094,1.3220018997763194,347,0.093405509574426671,416,-0.10659449042557334,0.064314219314336729,429,1.0859704758881901,262,0.88597047588819,1.0568791856281001,278,1.6975309669167371,346,1.4975309669167371,1.661658747708924,380
586,"[2, 4, 1, 4]",24.600000000000001,24.699999999999999,31.643407122232915,12.233333333333334,False,1.3095414588841723,359,1.1595414588841724,1.3270612489226776,344,0.2588436725511597,303,0.10884367255115968,0.27636346258966504,284,0.90642548198330608,398,0.75642548198330606,0.92394527202181143,382,1.7661169232209488,292,1.6161169232209489,1.78275419940109,289
587,"[2, 4, 1, 5]",16.100000000000001,17.050000000000001,45.440327237728589,11.533333333333331,False,1.2061930667413376,451,1.0061930667413377,1.2484799274295506,414,0.56940288387319549,122,0.36940288387319542,0.61168974456140845,109,0.52713868753055815,758,0.32713868753055808,0.56942554821877112,701,1.8612133530809694,222,1.6612133530809694,1.9044851924732644,206
588,"[2, 4, 2, 0]",28.266666666666666,27.25,5.7711742059672764,15.833333333333336,False,1.1764855425166414,475,1.0264855425166415,1.157189093976049,493,-0.65037923130434006,996,-0.80037923130434008,-0.66967567984493248,1003,0.94673337697284954,368,0.79673337697284952,0.92743692843225711,379,1.2070917637979068,808,1.0570917637979067,1.1826343573953024,815
589,"[2, 4, 2, 1]",28.366666666666667,27,12.66963426371511,15.366666666666667,False,1.2488974088976232,421,1.0988974088976233,1.2174628931597993,438,-0.37101356319092338,785,-0.5210135631909234,-0.40244807892874757,823,1.0191452433538313,313,0.86914524335383125,0.98771072761600709,319,1.3978100818207002,634,1.2478100818207003,1.3596182749840211,655
590,"[2, 4, 2, 2]",27.233333333333334,26.050000000000001,19.569297401347448,15.766666666666666,False,1.229051694500908,435,1.1290516945009079,1.2033584792399554,452,-0.18386938345866874,632,-0.28386938345866874,-0.20956259871962132,645,0.99929952895711571,327,0.89929952895711573,0.97360631369616313,337,1.4908805742073865,569,1.3908805742073864,1.4590032003603979,589
591,"[2, 4, 2, 3]",25.833333333333332,24.5,26.467757459095285,15.199999999999999,False,1.3000545738293381,369,1.1500545738293382,1.2683361111763185,400,0.094087297602196807,415,-0.055912702397803216,0.062368834949177221,431,1.0004515901912248,326,0.85045159019122474,0.96873312753820517,346,1.6736092015085307,373,1.5236092015085307,1.6346713284754322,409
592,"[2, 4, 2, 4]",24.066666666666666,24.25,33.367420596727619,9.0000000000000036,False,1.2585028426771012,413,1.1585028426771011,1.2786219411589139,389,0.25952546057892956,302,0.15952546057892958,0.27964455906074237,279,0.82090659628634077,454,0.7209065962863408,0.84102569476815359,437,1.7421951578127426,309,1.6421951578127425,1.7616878327991778,301
593,"[2, 4, 2, 5]",16.199999999999999,16.600000000000001,47.164340712223293,6.4666666666666686,False,1.1768604672897882,474,1.0268604672897883,1.2000406196657871,455,0.59179068865648699,110,0.44179068865648696,0.61497084103248589,106,0.46332581858911448,833,0.31332581858911446,0.48650597096511339,796,1.861776123755237,221,1.7117761237552371,1.883418825871352,219
594,"[2, 4, 3, 0]",28.266666666666666,26.850000000000001,7.496390760346487,15.633333333333333,False,1.2437377080604337,424,1.0437377080604338,1.2105039772898762,446,-0.53137056912917191,906,-0.73137056912917187,-0.56460429989972938,924,1.0139855425166415,316,0.81398554251664157,0.98075181174608406,330,1.3038211418257573,716,1.1038211418257573,1.2635742617389425,738
595,"[2, 4, 3, 1]",28.199999999999999,26.899999999999999,14.394850818094321,15.533333333333335,False,1.3104374647689097,357,1.1104374647689097,1.2812307381460999,384,-0.25771701068826086,683,-0.45771701068826087,-0.28692373731107051,702,1.0806852992251175,266,0.88068529922511751,1.0514785726023079,280,1.4880961608794789,573,1.288096160879479,1.452400284590819,597
596,"[2, 4, 3, 2]",27.5,26.100000000000001,21.294513955726661,15.133333333333333,False,1.3054432355207091,364,1.1554432355207092,1.2723528050624933,396,-0.055721345807490885,524,-0.20572134580749091,-0.088811776265706799,557,1.0756910699769171,271,0.92569106997691708,1.0426006395187013,289,1.5979192305857528,460,1.4479192305857529,1.5577062625987748,504
597,"[2, 4, 3, 3]",26.133333333333333,25.100000000000001,28.192974013474494,14.5,False,1.3275885367836406,338,1.1775885367836405,1.3064942000650586,358,0.17337775718787529,374,0.02337775718787527,0.15228342046929344,393,0.99348122205794276,334,0.84348122205794274,0.97238688533936091,339,1.7319365176807113,319,1.5819365176807114,1.7050849170295992,349
598,"[2, 4, 3, 4]",23.5,23.199999999999999,35.092637151106835,6.3000000000000007,False,1.3063338353343741,361,1.1563338353343739,1.3092887408490474,355,0.35911294986757891,240,0.20911294986757889,0.3620678553822525,237,0.83423325785602931,444,0.68423325785602929,0.8371881633707029,439,1.8170173193457479,248,1.667017319345748,1.8169698424059759,262
599,"[2, 4, 3, 5]",16.466666666666665,16.399999999999999,48.889557266602502,3.033333333333335,False,1.2532520083095893,418,1.0532520083095893,1.2603241440945963,407,0.71993872630766442,65,0.51993872630766436,0.72701086209267141,65,0.50521302852133143,781,0.30521302852133142,0.51228516430633853,767,1.9688147801336031,159,1.7688147801336032,1.9722534670570975,167
600,"[2, 4, 4, 0]",21.433333333333334,20.800000000000001,9.2204042348411939,22.300000000000001,True,0.97678134623264656,675,0.82678134623264654,0.96694271830660017,673,-0.74660652672211758,1048,-0.8966065267221176,-0.75644515464816398,1044,0.74702918068885438,515,0.59702918068885436,0.73719055276280809,514,1.0363426753866234,966,0.88634267538662326,1.0214552635580829,962
601,"[2, 4, 4, 1]",21.300000000000001,20.75,16.118864292589027,21.766666666666669,True,1.0411962590721204,599,0.89119625907212041,1.0341851586053328,585,-0.47523781215020888,873,-0.6252378121502089,-0.48224891261699643,869,0.81144409352832825,466,0.66144409352832823,0.8044329930615407,460,1.2180403748527158,795,1.0680403748527159,1.2063339179889065,797
602,"[2, 4, 4, 2]",20.833333333333332,20.399999999999999,23.018527430221365,20.599999999999998,True,1.0441989833654277,594,0.94419898336542774,1.0409866680304367,582,-0.26524519372793143,693,-0.36524519372793141,-0.26845750906292254,687,0.81358060030479251,463,0.71358060030479253,0.8103682849698014,453,1.3368840631156906,684,1.2368840631156905,1.3294030538915993,679
603,"[2, 4, 4, 3]",19.133333333333333,18.100000000000001,29.916987487969202,20.533333333333331,True,1.104920065283348,537,0.95492006528334783,1.0798318957856154,550,0.0024296899224238722,474,-0.14757031007757615,-0.022658479575308532,493,0.73633248106775595,524,0.58633248106775593,0.71124431157002355,535,1.5080147522725049,558,1.358014752272505,1.4754659188487391,577
604,"[2, 4, 4, 4]",18.600000000000001,19.100000000000001,36.81665062560154,11.199999999999999,True,1.1056379457076531,536,1.005637945707653,1.1336717327368517,506,0.21013746447569906,348,0.11013746447569905,0.23817125150489785,324,0.59905709873941426,670,0.49905709873941428,0.62709088576861305,625,1.6242811209478507,420,1.5242811209478506,1.6518245284356423,389
605,"[2, 4, 4, 5]",13.233333333333333,15.1,50.613570741097206,0,True,1.1096772154079255,530,0.9596772154079255,1.1822681115921565,473,0.57899867835306518,119,0.42899867835306521,0.65158957453729649,88,0.32715796612977355,1053,0.17715796612977353,0.39974886231400475,934,1.8405115714264277,235,1.6905115714264276,1.9176344688762379,197
606,"[2, 4, 5, 0]",8.3666666666666671,8.6999999999999993,12.670837343599615,35.366666666666667,True,0.61345627899578292,1181,0.41345627899578286,0.62984426193773824,1166,-1.0064186006962286,1178,-1.2064186006962285,-0.99003061775427326,1171,0.38370411345199079,955,0.18370411345199078,0.40009209639394622,932,0.67464679226706703,1194,0.47464679226706702,0.68728244066641586,1185
607,"[2, 4, 5, 1]",8.3666666666666671,8.8000000000000007,19.569297401347448,34.633333333333333,True,0.68244087957326127,1103,0.48244087957326121,0.70231318307270807,1069,-0.73048019838631539,1041,-0.93048019838631535,-0.7106078948868686,1019,0.45268871402946914,844,0.25268871402946913,0.47256101752891583,822,0.86149913090841723,1086,0.66149913090841728,0.87808214772881876,1062
608,"[2, 4, 5, 2]",8.4000000000000004,8.3499999999999996,26.46896053897979,32.633333333333333,True,0.70257993288408582,1078,0.5525799328840858,0.70563037194032063,1065,-0.50335125094652056,890,-0.65335125094652058,-0.50030081189028575,885,0.40295288764828213,929,0.25295288764828211,0.40600332670451694,923,0.99967271607860864,984,0.84967271607860861,0.99720391521045892,977
609,"[2, 4, 5, 3]",8.2333333333333325,8.5999999999999996,33.367420596727619,24.833333333333336,True,0.81585242378905831,910,0.61585242378905836,0.83332577391152696,855,-0.18312495830911313,630,-0.38312495830911314,-0.16565160818664443,620,0.37825617739829809,963,0.17825617739829808,0.39572952752076679,942,1.2300817557508867,786,1.0300817557508868,1.2439246749044408,760
610,"[2, 4, 5, 4]",7.5,8.4000000000000004,40.267083734359964,22.300000000000001,True,0.80971577260635674,918,0.65971577260635672,0.84535376417286801,834,0.017728284637155645,464,-0.13227171536284438,0.053366276203666907,439,0.23412626346294957,1192,0.084126263462949546,0.26976425502946083,1154,1.3386161656633462,682,1.1886161656633463,1.3729148634387123,649
611,"[2, 4, 5, 5]",6.6333333333333337,7.5499999999999998,54.064003849855631,0.099999999999999645,True,0.91798200346428371,745,0.76798200346428369,0.95370624058914866,693,0.21478181097150217,344,0.064781810971502152,0.25050604809636712,311,0.06645409201096325,1270,-0.083545907989036772,0.10217832913582819,1259,1.6788156883068717,364,1.5288156883068715,1.7130669091424657,340
612,"[2, 5, 0, 0]",16.399999999999999,16.800000000000001,3.4287776708373436,27.700000000000003,False,0.74635936848293549,1006,0.59635936848293547,0.76965363036691015,963,-1.1507773013919445,1238,-1.3007773013919444,-1.1274830395079696,1221,0.51660720293914331,768,0.36660720293914334,0.53990146482311796,729,0.68488250410357698,1190,0.53488250410357696,0.70668798429891078,1169
613,"[2, 5, 0, 1]",17,17.300000000000001,10.327237728585178,26.733333333333334,False,0.88590756388143443,785,0.68590756388143448,0.90605983373184484,747,-0.80427530426101046,1072,-1.0042753042610104,-0.78412303441059983,1059,0.65615539833764225,601,0.45615539833764229,0.67630766818805266,569,0.94493071903358716,1025,0.74493071903358721,0.9632771650455243,1000
614,"[2, 5, 0, 2]",16.066666666666666,16.600000000000001,17.226900866217516,26.933333333333334,False,0.87291638109172587,800,0.72291638109172585,0.90066622120572937,756,-0.61027659292174852,968,-0.76027659292174854,-0.58252675280774502,939,0.64316421554793368,621,0.49316421554793366,0.67091405566193718,581,1.0457331701831598,957,0.8957331701831599,1.0725305114745325,912
615,"[2, 5, 0, 3]",16.399999999999999,16.25,24.125360923965353,24.633333333333333,False,1.0033252010142155,653,0.80332520101421556,1.0074556998319881,630,-0.27291397126682398,700,-0.472913971266824,-0.26878347244905149,688,0.75057014807870059,511,0.55057014807870064,0.7547006468964732,505,1.2954721067626547,725,1.0954721067626547,1.2955670606421987,704
616,"[2, 5, 0, 4]",15.333333333333334,15.449999999999999,31.025024061597691,22.766666666666666,False,1.0357643304865023,608,0.83576433048650234,1.0485777667483811,577,-0.033484947665566922,508,-0.23348494766556693,-0.020671511403688225,491,0.64501601479834081,620,0.44501601479834074,0.65782945106021939,591,1.4411199187369694,613,1.2411199187369695,1.4508730386501545,598
617,"[2, 5, 0, 5]",12.066666666666666,12.550000000000001,44.821944177093357,16.066666666666666,False,1.011776182060347,642,0.86177618206034712,1.0355016717360903,584,0.35643450737314786,242,0.20643450737314781,0.38015999704889114,226,0.34508946406227209,1014,0.19508946406227207,0.36881495373801543,973,1.6385359362258556,404,1.4885359362258557,1.6601040317223288,385
618,"[2, 5, 1, 0]",16.033333333333335,16.25,5.1539942252165547,28.066666666666666,False,0.80104489274721513,931,0.60104489274721506,0.81774203284449998,895,-1.0443352804962882,1190,-1.2443352804962882,-1.0276381403990034,1183,0.57129272720342295,706,0.37129272720342299,0.58798986730070801,678,0.76743662439946903,1141,0.56743662439946907,0.78170683601097202,1124
619,"[2, 5, 1, 1]",16.199999999999999,16.449999999999999,12.052454282964389,27.533333333333335,False,0.82574160299719912,894,0.6757416029971991,0.84369527453696103,836,-0.81268476851386906,1075,-0.96268476851386908,-0.79473109697410715,1067,0.59598943745340704,676,0.44598943745340702,0.61394310899316895,642,0.91073226200989155,1048,0.76073226200989152,0.92645391149442757,1022
620,"[2, 5, 1, 2]",15.9,16.100000000000001,18.952117420596728,27.100000000000001,False,0.88445643696301224,791,0.73445643696301222,0.9004967839620649,757,-0.54698004041908599,919,-0.69698004041908601,-0.53093969342003333,904,0.65470427141922016,604,0.50470427141922014,0.67074461841827282,582,1.0860192492419385,918,0.93601924924193858,1.0995230473971205,885
621,"[2, 5, 1, 3]",15.733333333333333,15.550000000000001,25.850577478344562,25.299999999999997,False,0.99772892786798484,657,0.79772892786798488,1.0003176214733411,640,-0.22675374778167828,660,-0.42675374778167829,-0.22416505417632199,655,0.71046954384488581,543,0.51046954384488574,0.71305823745024211,533,1.3164282889142167,702,1.1164282889142167,1.3146648597226811,690
622,"[2, 5, 1, 4]",15.066666666666666,14.9,32.7502406159769,18.500000000000004,False,1.0438771205542854,595,0.84387712055428543,1.0466661692259711,578,0.026384339033592441,455,-0.17361566096640757,0.029173387705278164,459,0.61862447377853957,647,0.41862447377853956,0.6214135224502253,631,1.4775400184143048,580,1.2775400184143049,1.4758918903622156,575
623,"[2, 5, 1, 5]",11.766666666666667,11.6,46.547160731472573,11.566666666666665,False,1.018746550193629,631,0.86874655019362912,1.0196527919837153,608,0.41516137213780624,194,0.26516137213780622,0.41606761392789249,202,0.31755550110796971,1069,0.16755550110796968,0.31846174289805596,1068,1.673667376109377,372,1.5236673761093771,1.66933340975018,372
624,"[2, 5, 2, 0]",17.399999999999999,17.699999999999999,6.8780076997112607,26.700000000000003,False,0.81512432680670899,911,0.66512432680670897,0.83550481567307089,851,-0.97853544220195332,1170,-1.1285354422019533,-0.95815495333559142,1159,0.5853721612629168,689,0.43537216126291678,0.6057526501292787,647,0.8169684672386851,1109,0.66696846723868508,0.83564046940905956,1094
625,"[2, 5, 2, 1]",17.733333333333334,17.800000000000001,13.776467757459095,26,False,0.89553314672919881,770,0.74553314672919879,0.9079737368080405,746,-0.69117282054702844,1014,-0.84117282054702847,-0.67873223046818676,1011,0.66578098118540663,590,0.51578098118540661,0.67822157126424831,568,1.01670740381818,975,0.8667074038181799,1.0264401764714626,958
626,"[2, 5, 2, 2]",17.399999999999999,17.899999999999999,20.676130895091433,25.600000000000001,False,0.90310555876051068,764,0.80310555876051071,0.93045468874185511,727,-0.4766105143867464,874,-0.57661051438674638,-0.44926138440540198,852,0.6733533932167185,585,0.57335339321671852,0.70070252319806292,546,1.1407057312564124,856,1.0407057312564123,1.1672724702688919,826
627,"[2, 5, 2, 3]",17.433333333333334,17.350000000000001,27.574590952839269,23.599999999999998,False,1.0232325812724903,623,0.87323258127249015,1.0302755262531313,589,-0.14952969014233164,604,-0.29952969014233166,-0.14248674516169035,602,0.70149292775949701,551,0.55149292775949699,0.7085358727401383,539,1.3788467296915772,648,1.2288467296915773,1.382414282594453,636
628,"[2, 5, 2, 4]",16.100000000000001,16.25,34.474254090471611,13.699999999999999,False,1.0465323352687679,587,0.89653233526876797,1.0609446314970508,570,0.080759957982916242,421,-0.06924004201708378,0.095172254211198903,414,0.58679941900312782,686,0.43679941900312785,0.60121171523141048,654,1.514185263315377,550,1.3641852633153768,1.5258781553392509,544
629,"[2, 5, 2, 5]",12.066666666666666,12.65,48.271174205967277,7.9666666666666686,False,0.99626848234908627,659,0.89626848234908629,1.0234782925823209,600,0.44440370852810462,177,0.34440370852810465,0.47161351876133917,167,0.26059716377353292,1164,0.16059716377353289,0.28780697400676747,1127,1.681962105546531,361,1.5819621055465309,1.7074775694640569,347
630,"[2, 5, 3, 0]",16.566666666666666,16.75,8.6032242540904722,27.199999999999999,False,0.85381594398797245,838,0.65381594398797249,0.86965593592069568,793,-0.88808732838931337,1130,-1.0880873283893133,-0.87224733645659036,1112,0.62406377844418048,643,0.42406377844418042,0.63990377037690349,614,0.88148135042117515,1068,0.68148135042117508,0.89486984743691034,1050
631,"[2, 5, 3, 1]",16.766666666666666,16.75,15.501684311838305,26.966666666666669,False,0.92965507617245757,735,0.72965507617245762,0.93864053649817403,715,-0.60529439447239319,967,-0.80529439447239326,-0.59630893414667696,951,0.6999029106286655,553,0.49990291062866549,0.70888837095438184,538,1.076065647825412,929,0.87606564782541207,1.0817221860782607,905
632,"[2, 5, 3, 2]",16.466666666666665,17,22.401347449470645,26.166666666666668,False,0.93836991013827076,728,0.78836991013827074,0.96634796926822564,674,-0.38958966637760994,806,-0.53958966637760997,-0.36161160724765506,785,0.70861774459447868,545,0.55861774459447866,0.73659580372443356,515,1.201352635057459,811,1.0513526350574591,1.2284755325072689,777
633,"[2, 5, 3, 3]",16.533333333333335,16.149999999999999,29.299807507218478,23.399999999999995,False,1.0096393545847515,645,0.85963935458475149,1.0057158451070278,633,-0.11136642019869414,569,-0.26136642019869416,-0.11528992967641771,578,0.65339536998417402,606,0.503395369984174,0.64947186050645045,603,1.3907822932864384,638,1.2407822932864385,1.3817752395696723,637
634,"[2, 5, 3, 4]",15,15.199999999999999,36.19947064485082,14.800000000000001,False,1.0760845769740224,561,0.87608457697402242,1.0916114311871841,540,0.16206869631954696,383,-0.037931303680453055,0.17759555053270876,374,0.58184732962079799,693,0.38184732962079804,0.5973741838339599,660,1.5683888681473512,496,1.3683888681473513,1.5811601649460487,468
635,"[2, 5, 3, 5]",11.833333333333334,11.300000000000001,49.996390760346486,4.9666666666666668,False,1.0555236943513706,578,0.90552369435137048,1.0436921305999807,580,0.55541541716176501,131,0.40541541716176499,0.54358385341037518,141,0.28534804468823283,1126,0.1353480446882328,0.27351648093684294,1149,1.7696708650176807,290,1.6196708650176808,1.7509174738076969,309
636,"[2, 5, 4, 0]",15.1,15,10.327237728585178,28.633333333333333,True,0.82078951361486929,902,0.62078951361486934,0.82592046090954518,872,-0.8693933545275756,1119,-1.0693933545275756,-0.86426240723289971,1101,0.59103734807107711,681,0.39103734807107715,0.596168295365753,661,0.87147711078616452,1075,0.67147711078616457,0.87248769136131377,1069
637,"[2, 5, 4, 1]",15.133333333333333,15.300000000000001,17.225697786333011,27.866666666666667,True,0.89091653612684873,776,0.69091653612684878,0.90535802315949732,748,-0.59231253028316067,955,-0.79231253028316062,-0.57787104325051208,937,0.66116437058305677,596,0.4611643705830567,0.67560585761570535,571,1.0596181092213293,943,0.85961810922132931,1.071182135265822,914
638,"[2, 5, 4, 2]",14.933333333333334,15.5,24.125360923965353,26.099999999999998,True,0.90305863589616531,765,0.75305863589616528,0.93132329565080341,726,-0.37318053638487425,788,-0.52318053638487427,-0.34491587663023615,766,0.65030358296065038,611,0.50030358296065036,0.67856824271528848,567,1.1887710758348198,821,1.0387710758348196,1.215961797484304,788
639,"[2, 5, 4, 3]",13.9,14.4,31.023820981713186,24.200000000000003,True,0.98662815650410818,668,0.78662815650410822,1.0119803700958776,624,-0.082657214044496163,548,-0.28265721404449617,-0.057305000452726851,521,0.59590390241363678,677,0.39590390241363671,0.62125611600540598,632,1.3856749608679224,641,1.1856749608679225,1.4093930834940755,625
640,"[2, 5, 4, 4]",12.566666666666666,12.699999999999999,37.923484119345524,17.233333333333334,True,0.95992791050038584,698,0.80992791050038582,0.97174355199484908,666,0.097632434080751618,412,-0.052367565919248404,0.10944807557521474,413,0.43121039365726754,879,0.28121039365726752,0.44302603515173067,870,1.4710134944917219,588,1.3210134944917218,1.4791727457125572,569
641,"[2, 5, 4, 5]",10.4,10.4,51.72040423484119,0,True,1.0236396859127685,622,0.87363968591276842,1.029573380327506,592,0.4376194741707089,181,0.28761947417070888,0.44355316858544652,183,0.21898376675973669,1203,0.068983766759736664,0.22491746117447431,1200,1.7609552851764843,299,1.6109552851764843,1.7620879493110477,300
642,"[2, 5, 5, 0]",5.3666666666666663,5.2000000000000002,13.777670837343599,38.366666666666667,True,0.47170663982811994,1285,0.32170663982811992,0.46896137736298305,1289,-1.1149632350515724,1215,-1.2649632350515723,-1.1177084975167091,1216,0.24195447428432781,1184,0.091954474284327792,0.23920921181919094,1193,0.53864720704805169,1255,0.38864720704805161,0.52910434215385738,1259
643,"[2, 5, 5, 1]",5.2666666666666666,5.5,20.676130895091433,37.733333333333334,True,0.53726397460209485,1247,0.38726397460209483,0.54839893961293529,1248,-0.84245209854516212,1098,-0.99245209854516214,-0.83131713353432179,1083,0.30751180905830272,1087,0.1575118090583027,0.3186467740691431,1067,0.72163356630795861,1168,0.57163356630795858,0.72779878605836557,1153
644,"[2, 5, 5, 2]",5.333333333333333,5.5,27.575794032723774,35.699999999999996,True,0.55854544984742061,1233,0.45854544984742057,0.56739557098925864,1224,-0.61418072917086619,969,-0.71418072917086617,-0.60533060802902816,958,0.23678173473673719,1188,0.13678173473673719,0.24563185587857531,1184,0.86109581127196433,1087,0.76109581127196435,0.86468371143474243,1078
645,"[2, 5, 5, 3]",5.3666666666666663,5.2000000000000002,34.474254090471611,24.433333333333334,True,0.67867247235940009,1109,0.52867247235940007,0.67592720989426314,1113,-0.28709990492645165,712,-0.43709990492645168,-0.28984516739158855,706,0.21893955609375995,1204,0.068939556093759929,0.21619429362862308,1206,1.0992368097071292,905,0.94923680970712931,1.089693944812935,897
646,"[2, 5, 5, 4]",5.4333333333333336,5.6500000000000004,41.373917228103949,24.366666666666667,True,0.74995394760472578,1003,0.59995394760472576,0.76060328377929742,978,-0.0088285355521557918,488,-0.15882853555215581,0.0018208006224157969,473,0.15222776858643891,1245,0.0022277685864388885,0.1628771047610105,1241,1.288699054671135,732,1.1386990546711349,1.2943420280840487,708
647,"[2, 5, 5, 5]",4.833333333333333,4.2999999999999998,55.170837343599615,0.13333333333333375,True,0.81735955393866189,906,0.71735955393866191,0.80153415740812162,915,0.058817686758681043,432,-0.041182313241318963,0.042992290228140828,445,-0.056305027389538326,1293,-0.15630502738953833,-0.07213042392007854,1293,1.5892078556651761,470,1.489207855665176,1.5647572316825391,492
648,"[3, 0, 0, 0]",28.133333333333333,26.199999999999999,0.15640038498556305,15.966666666666669,False,1.06576811656882,567,0.96576811656881989,1.0144559899125736,619,-0.92953987188161336,1148,-1.0295398718816133,-0.98085199853785976,1166,0.83601595102502768,441,0.7360159510250277,0.78470382436878128,485,0.99985483225446226,983,0.89985483225446228,0.93910469660606299,1017
649,"[3, 0, 0, 1]",28.466666666666665,26.600000000000001,7.0548604427333972,15.466666666666665,False,1.1961769364913097,461,1.0461769364913096,1.147377872720017,500,-0.59217725022668832,954,-0.74217725022668835,-0.64097631399798094,978,0.96642477094751744,353,0.81642477094751742,0.91762570717622483,385,1.2495937688339569,766,1.099593768833957,1.1917465089316237,805
650,"[3, 0, 0, 2]",28.333333333333332,26.449999999999999,13.954523580365736,15.400000000000002,False,1.2606038801296284,411,1.1106038801296283,1.2111480232601033,442,-0.32076041245939957,734,-0.47076041245939959,-0.37021626932892449,790,1.0308517145858362,303,0.88085171458583622,0.98139585771631133,326,1.4313240550350761,619,1.2813240550350762,1.3727103816764217,650
651,"[3, 0, 0, 3]",27.633333333333333,25.100000000000001,20.852983638113571,15,False,1.2555976200825829,415,1.1555976200825828,1.1830942963114495,470,-0.11881287077401012,577,-0.21881287077401013,-0.19131619454514345,637,1.0258454545387907,309,0.92584545453879064,0.95334213076765728,359,1.5411145380063234,526,1.4411145380063233,1.4562732466335617,592
652,"[3, 0, 0, 4]",26.033333333333335,23.850000000000001,27.752646775745909,14.666666666666668,False,1.3197579986028516,347,1.1697579986028515,1.2585369207191319,410,0.15233740187522871,385,0.002337401875228684,0.091116323991509041,416,0.99445722863172537,331,0.84445722863172534,0.9332361507480057,373,1.7161437932796075,328,1.5661437932796076,1.6438160667467803,397
653,"[3, 0, 0, 5]",19.266666666666666,19.199999999999999,41.549566891241575,10.400000000000002,False,1.2258155470540761,438,1.075815547054076,1.2344852159507433,425,0.4723025537913233,164,0.32230255379132328,0.48097222268799061,161,0.62457637477303662,641,0.4745763747730366,0.63324604366970394,621,1.8282505324179783,241,1.6782505324179782,1.8339681124505338,249
654,"[3, 0, 1, 0]",28.066666666666666,25.899999999999999,1.8816169393647739,16.033333333333335,False,1.1307354382436097,509,0.98073543824360965,1.0712551937838919,559,-0.81281605357544717,1076,-0.96281605357544719,-0.87229629803516506,1113,0.90098327269981759,400,0.75098327269981757,0.8415030282400997,436,1.0940068906946845,909,0.94400689069468435,1.0239919693707558,960
655,"[3, 0, 1, 1]",28.166666666666668,26,8.7800769971126087,15.566666666666666,False,1.2031473046245913,453,1.0531473046245914,1.1437241149188613,502,-0.53345038546203039,909,-0.68345038546203041,-0.5928735751677604,948,0.97339513908079933,347,0.82339513908079931,0.91397194937506931,388,1.2847252087174779,739,1.134725208717478,1.2147916764331588,789
656,"[3, 0, 1, 2]",28.199999999999999,26.300000000000001,15.679740134744947,15.400000000000002,False,1.3232863579354157,344,1.1232863579354158,1.2731737079676586,395,-0.20632143802223574,646,-0.40632143802223575,-0.25643408798999295,675,1.0935341923916237,259,0.89353419239162379,1.0434215424238666,288,1.5228987938876692,543,1.3228987938876693,1.4635187070726936,586
657,"[3, 0, 1, 3]",27.033333333333335,24.75,22.57820019249278,14.933333333333334,False,1.3022861908053542,366,1.1522861908053543,1.238151339904022,421,-0.020367803419862107,500,-0.17036780341986213,-0.084502654321194526,552,1.0725340252615623,273,0.92253402526156225,1.0083991743602299,306,1.6146480397455143,433,1.4646480397455144,1.5391868351877278,526
658,"[3, 0, 1, 4]",25.5,23.449999999999999,29.477863330125121,14.43333333333333,False,1.3687314131946251,308,1.1687314131946251,1.3118518040329585,354,0.25306731309837877,306,0.053067313098378754,0.19618770393671209,358,1.0089263121359149,323,0.80892631213591482,0.95204670297424809,361,1.7922546146064273,275,1.5922546146064274,1.7247559710904208,324
659,"[3, 0, 1, 5]",19.133333333333333,18.949999999999999,43.274783445620791,10.233333333333334,False,1.2884980248598636,382,1.0884980248598637,1.2930265801008072,367,0.58674152822848746,113,0.38674152822848745,0.591270083469431,120,0.65275452149124003,607,0.45275452149123996,0.65728307673218356,593,1.9198252712705715,179,1.7198252712705715,1.9208290694257533,193
660,"[3, 0, 2, 0]",27.5,25.449999999999999,3.6056304138594801,16.600000000000001,False,1.1285544001020376,512,0.97855440010203742,1.072815886020128,558,-0.76327668748217825,1053,-0.91327668748217827,-0.81901520156408769,1074,0.89880223455824526,403,0.74880223455824524,0.84306372047633582,435,1.1187964654926632,875,0.96879646549266329,1.0529256027688434,937
661,"[3, 0, 2, 1]",27.866666666666667,25.350000000000001,10.504090471607315,15.866666666666667,False,1.2601056419590282,412,1.0601056419590282,1.1883161660401151,465,-0.4247716438927524,837,-0.62477164389275242,-0.49656111981166556,880,1.030353476415236,304,0.83035347641523605,0.95856400049632295,353,1.3698240618659723,657,1.1698240618659723,1.2858305729891411,719
662,"[3, 0, 2, 2]",27.433333333333334,25.5,17.403753609239654,15.566666666666666,False,1.2642507881868368,405,1.1142507881868366,1.2125392782526752,441,-0.21363660353597347,650,-0.36363660353597349,-0.26534811347013487,685,1.0344986226430446,299,0.88449862264304457,0.98278711270888319,325,1.4899564099227618,571,1.3399564099227617,1.4286365509970969,617
663,"[3, 0, 2, 3]",26.366666666666667,24.399999999999999,24.302213666987488,14.666666666666664,False,1.2966778868602784,376,1.1466778868602785,1.2431963526977494,417,0.025744296869903205,457,-0.12425570313009682,-0.027737237292625894,495,1.0403857790643209,290,0.89038577906432093,0.98690424490179185,320,1.6355716351620502,408,1.4855716351620503,1.5720678370068684,476
664,"[3, 0, 2, 4]",24.300000000000001,23,31.201876804619825,13.400000000000002,False,1.3448443582975311,324,1.1448443582975312,1.3134124962691949,352,0.28090066243612583,285,0.080900662436125814,0.24946880040778957,313,0.95055898774892666,364,0.75055898774892671,0.91912712572059041,384,1.7925596533219321,274,1.5925596533219322,1.753689604488508,306
665,"[3, 0, 2, 5]",18.100000000000001,18.300000000000001,44.998796920115495,10.033333333333331,False,1.2703230796352754,400,1.0703230796352754,1.287618631222061,376,0.62028698723874021,95,0.4202869872387402,0.63758253882552585,94,0.60009930677675749,668,0.40009930677675754,0.61739485836354313,638,1.9265736089551482,175,1.7265736089551482,1.9418679659817353,185
666,"[3, 0, 3, 0]",26.399999999999999,25,5.3308469682386912,17.700000000000003,False,1.0581066418072917,575,0.95810664180729166,1.0243886090552092,599,-0.78196794914554768,1062,-0.88196794914554766,-0.8156859818976302,1072,0.82835447626349956,450,0.72835447626349958,0.79463644351141705,469,1.0730000703246378,933,0.97300007032463776,1.0318918229019576,953
667,"[3, 0, 3, 1]",25.933333333333334,24.649999999999999,12.229307025986525,17.800000000000001,False,1.1610973353017542,485,1.0110973353017541,1.1311780876814681,508,-0.47202345391864997,868,-0.62202345391864999,-0.50194270153893605,886,0.931345169757962,377,0.78134516975796198,0.90142592213767592,393,1.2918111718525864,729,1.1418111718525863,1.2549283720696236,752
668,"[3, 0, 3, 2]",25.5,24.850000000000001,19.128970163618863,17.5,False,1.2152424815295624,445,1.0652424815295625,1.2071433601727741,449,-0.21088841356187149,648,-0.36088841356187151,-0.21898753491865997,651,0.98549031598577053,340,0.8354903159857705,0.97739119462898205,334,1.4619435199093753,593,1.3119435199093754,1.4497080342881055,599
669,"[3, 0, 3, 3]",24.633333333333333,23.449999999999999,26.0274302213667,16.399999999999999,False,1.2045241118100112,452,1.1045241118100111,1.1773474729453743,477,-0.014652981548987837,493,-0.11465298154898784,-0.041829620413624785,508,0.91372767292646928,393,0.8137276729264693,0.88655103406183233,406,1.5652907039115505,498,1.4652907039115504,1.5312972150347193,536
670,"[3, 0, 3, 4]",22.899999999999999,21.25,32.927093358999038,10.166666666666671,False,1.264114802592275,406,1.1141148025922751,1.2196890520568893,434,0.25192760336224629,308,0.10192760336224627,0.20750185282686051,346,0.83532510095608647,442,0.68532510095608645,0.7908993504207007,473,1.7351653200095765,317,1.5851653200095766,1.681340035147938,363
671,"[3, 0, 3, 5]",16.899999999999999,16.699999999999999,46.724013474494704,5.9000000000000021,False,1.1964480555370263,460,1.0464480555370264,1.1991216678459926,458,0.59816845977186739,107,0.44816845977186737,0.60084207208083362,116,0.4917199515909243,803,0.34171995159092428,0.49439356389989053,785,1.8769112344056795,209,1.7269112344056794,1.875439449272744,227
672,"[3, 0, 4, 0]",21.633333333333333,20.399999999999999,7.0548604427333972,22.299999999999997,True,0.9619804399185754,692,0.81198043991857538,0.93134999815555697,725,-0.82637374679942255,1085,-0.97637374679942257,-0.85700418856244098,1098,0.73222827437478322,529,0.58222827437478319,0.70159783261176478,545,0.98541851110199818,995,0.83541851110199816,0.94700966682636056,1008
673,"[3, 0, 4, 1]",21.133333333333333,20.550000000000001,13.953320500481231,22.600000000000001,True,1.0638287114785365,571,0.86382871147853657,1.0555610795692723,573,-0.5175716735070266,895,-0.71757167350702655,-0.52583930541629065,900,0.83407654593474434,445,0.63407654593474438,0.82580891402548029,445,1.2029409528361321,810,1.0029409528361322,1.1897830580992899,807
674,"[3, 0, 4, 2]",21.033333333333335,20,20.852983638113571,21.599999999999998,True,1.1293980770513565,510,0.92939807705135657,1.1053939478793935,527,-0.24501241380523625,673,-0.44501241380523626,-0.26901654297719929,689,0.89964591150756457,401,0.6996459115075645,0.87564178233560153,413,1.385959898831066,640,1.185959898831066,1.3549574571598775,659
675,"[3, 0, 4, 3]",19.833333333333332,19.199999999999999,27.751443695861404,20.866666666666671,True,1.107255487986794,534,0.95725548798679383,1.0965039839969415,537,-0.060201201137364158,528,-0.21020120113736418,-0.070952705127216298,535,0.78197877961335782,489,0.6319787796133578,0.77122727562350568,495,1.4764204848950961,581,1.3264204848950962,1.4602308484328064,588
676,"[3, 0, 4, 4]",19.300000000000001,19.699999999999999,34.651106833493742,10.5,True,1.1579733684110991,488,1.007973368411099,1.1829222181607215,472,0.19750657341591116,359,0.047506573415911135,0.22245542316553368,334,0.69470339728501618,558,0.54470339728501616,0.7196522470346387,527,1.6426868535704422,399,1.4926868535704423,1.6668526159144466,375
677,"[3, 0, 4, 5]",14.566666666666666,14.35,48.448026948989416,5.1999999999999993,True,1.1837186548668934,468,0.98371865486689347,1.1844802694898942,469,0.63715946333657592,90,0.4371594633365759,0.63792107795957664,93,0.44451028143089727,859,0.24451028143089726,0.445271896053898,866,1.8834018401314936,201,1.6834018401314936,1.8793730826708317,222
678,"[3, 0, 5, 0]",7.5,7.1500000000000004,10.505293551491819,36.233333333333334,True,0.51209787077767532,1264,0.36209787077767525,0.5041818553755455,1271,-1.1727433226775701,1246,-1.3227433226775702,-1.1806593380797001,1249,0.28234570523388314,1132,0.13234570523388312,0.27442968983175331,1147,0.53248551458038029,1260,0.38248551458038027,0.51744210709258875,1263
679,"[3, 0, 5, 1]",7.7333333333333334,7.0999999999999996,17.403753609239654,35.266666666666666,True,0.63907942489666159,1157,0.43907942489666163,0.62142429567427815,1177,-0.83880796682614878,1095,-1.0388079668261487,-0.85646309604853221,1097,0.40932725935286951,923,0.20932725935286947,0.39167213013048596,947,0.77835847177843176,1131,0.5783584717784318,0.75232076152341265,1135
680,"[3, 0, 5, 2]",7.7666666666666666,7.25,24.303416746871992,33.266666666666666,True,0.70921847820748618,1068,0.50921847820748611,0.69564740788683843,1081,-0.56167901938635412,929,-0.76167901938635407,-0.57525008970700187,934,0.45290230881383842,843,0.25290230881383841,0.43933123849319072,874,0.96653205694862288,1012,0.76653205694862292,0.9451267395313685,1011
681,"[3, 0, 5, 3]",8.0333333333333332,7.25,31.201876804619825,29.666666666666671,True,0.73734245426097356,1019,0.58734245426097353,0.71463200846431685,1048,-0.32660124160043169,741,-0.47660124160043171,-0.34931168739708851,773,0.3430570837123692,1019,0.19305708371236918,0.32034663791571238,1065,1.1136936739404888,882,0.96369367394048866,1.0819790781727188,904
682,"[3, 0, 5, 4]",7.833333333333333,7.0999999999999996,38.101539942252167,21.966666666666669,True,0.84948455403029,842,0.64948455403029004,0.82840215900440328,866,-0.00746924770214491,487,-0.20746924770214492,-0.02855164272803179,497,0.31720592072903886,1071,0.11720592072903888,0.29612352570315204,1115,1.342846640553979,679,1.142846640553979,1.3129429509175166,693
683,"[3, 0, 5, 5]",6.5333333333333332,6.5499999999999998,51.898460057747833,1.0666666666666664,True,0.89289929973970217,772,0.74289929973970215,0.89720759709315778,759,0.29797629685231058,267,0.14797629685231056,0.30228459420576614,266,0.084682264128537688,1258,-0.065317735871462335,0.088990561481993247,1260,1.616293585877917,432,1.4662935858779169,1.6149371018844279,423
684,"[3, 1, 0, 0]",28.033333333333335,26,0.70981713185755535,16.066666666666666,False,1.1178750182340365,525,0.96787501823403643,1.063021516266311,568,-0.86083046781023709,1111,-1.0108304678102371,-0.91568396977796251,1135,0.88812285269024427,414,0.73812285269024425,0.83326935072251873,443,1.0609787509851611,942,0.91097875098516101,0.99619985787609955,978
685,"[3, 1, 0, 1]",28.266666666666666,26.100000000000001,7.6082771896053902,15.5,False,1.1948565723530229,462,1.0448565723530228,1.1354904374012806,505,-0.5768951119588156,941,-0.72689511195881562,-0.63626124691055774,976,0.9651044068092306,354,0.81510440680923057,0.90573827185748845,391,1.2568517081832122,759,1.1068517081832121,1.1869995649385023,812
686,"[3, 1, 0, 2]",28.466666666666665,26.449999999999999,14.507940327237728,15.266666666666669,False,1.3207077353363528,346,1.1207077353363528,1.2666821907288233,402,-0.24405405484651527,671,-0.44405405484651528,-0.29807959945404477,711,1.0909555697925608,260,0.89095556979256074,1.0369300251850313,295,1.5014685923224758,564,1.3014685923224758,1.4377002797885634,608
687,"[3, 1, 0, 3]",27.233333333333334,25.100000000000001,21.406400384985563,15.399999999999999,False,1.2974227243372889,375,1.147422724337289,1.2386284637801692,420,-0.060385264113144044,529,-0.21038526411314407,-0.11917952467026371,580,1.0676705587934969,278,0.9176705587934969,1.0088762982363773,305,1.590640518592692,469,1.440640518592692,1.5212631447457032,548
688,"[3, 1, 0, 4]",26.433333333333334,23.949999999999999,28.306063522617901,13.499999999999996,False,1.3890012292855849,294,1.1890012292855849,1.3175554087453427,349,0.23818313496412186,319,0.038183134964121845,0.16673731442387968,383,1.0526321243770189,285,0.85263212437701896,0.98118630383677674,327,1.7965976089175224,273,1.5965976089175224,1.7127533332799747,341
689,"[3, 1, 0, 5]",18.966666666666665,18.850000000000001,42.102983638113571,10.400000000000002,False,1.2710679171122856,399,1.0710679171122857,1.2778242614682438,391,0.53415742625569285,137,0.33415742625569284,0.54091377061165091,143,0.65876040989380646,599,0.4587604098938064,0.66551675424976442,584,1.88164249238579,204,1.68164249238579,1.8851422210889914,217
690,"[3, 1, 1, 0]",28.433333333333334,25.949999999999999,2.4350336862367663,15.666666666666668,False,1.1488362469918423,500,0.99883624699184215,1.0785315215313571,551,-0.77811274242105488,1061,-0.9281127424210549,-0.84841746788153982,1091,0.91908408144805009,388,0.76908408144805007,0.84877935598756515,429,1.1231720465387851,870,0.97317204653878497,1.0409555516934241,946
691,"[3, 1, 1, 1]",28.166666666666668,26.149999999999999,9.3334937439846009,15.566666666666666,False,1.1586814720933114,487,1.0586814720933113,1.1044847632238182,528,-0.56131371558715049,928,-0.66131371558715046,-0.61551042445664372,964,0.92892930654951911,381,0.82892930654951913,0.87473259768002587,415,1.2497151068296199,765,1.1497151068296199,1.1857026271768796,814
692,"[3, 1, 1, 2]",28.233333333333334,26.149999999999999,16.233156881616939,14.766666666666666,False,1.2799629473386371,391,1.1299629473386372,1.2234813946001415,431,-0.23304234621285491,663,-0.38304234621285493,-0.28952389895135056,705,1.0502107817948452,287,0.90021078179484504,0.99372922905634942,314,1.4891773517936251,572,1.3391773517936252,1.4225875525532561,620
693,"[3, 1, 1, 3]",26.866666666666667,24.550000000000001,23.131616939364775,14.166666666666664,False,1.2521082486015687,419,1.1521082486015686,1.1867168662577596,466,-0.053943243217488307,522,-0.15394324321748831,-0.11933462556129734,581,1.0192280753580651,312,0.91922807535806506,0.953836693014256,358,1.5731946388885842,488,1.4731946388885842,1.4962819964577649,557
694,"[3, 1, 1, 4]",25.566666666666666,23.25,30.031280076997113,12.800000000000001,False,1.3265504245323472,339,1.1765504245323473,1.2604173303866957,406,0.22748882684226068,330,0.077488826842260661,0.1613557326966093,388,0.95567698853619709,362,0.80567698853619707,0.88954389439054571,402,1.7598218323061983,301,1.6098218323061981,1.6818511323604572,362
695,"[3, 1, 1, 5]",18.666666666666668,18.699999999999999,43.82820019249278,10.366666666666667,False,1.2280382852455678,437,1.0780382852455677,1.239849946175799,419,0.54288429102035107,134,0.39288429102035105,0.55469595195058241,135,0.5812264469395042,695,0.43122644693950418,0.59303810786973554,666,1.8667739322693113,218,1.7167739322693112,1.8759505464852633,226
696,"[3, 1, 2, 0]",27.699999999999999,25.149999999999999,4.1590471607314727,16.400000000000002,False,1.1909430991777641,465,0.99094309917776413,1.117897091816374,515,-0.6842854860002916,1011,-0.88428548600029155,-0.75733149336168171,1045,0.9611909336339719,357,0.76119093363397194,0.88814492627258179,404,1.1915183223676917,818,0.99151832236769166,1.1060733956178272,871
697,"[3, 1, 2, 1]",27.899999999999999,25.149999999999999,11.057507218479307,15.833333333333336,False,1.2167822313622492,443,1.0667822313622493,1.1368816923938523,504,-0.45149255208337158,857,-0.6014925520833716,-0.53139309105176846,905,0.98703006581845709,338,0.83703006581845707,0.90712952685006021,390,1.3361026197719288,685,1.1861026197719287,1.2429257342591775,762
698,"[3, 1, 2, 2]",27.699999999999999,25.5,17.957170356111646,15.300000000000001,False,1.2789243311315657,393,1.1289243311315658,1.2180734457213953,436,-0.18236055818508479,627,-0.33236055818508481,-0.24321144359525537,669,1.0491721655877737,288,0.89917216558777369,0.98832128017760312,317,1.5152555863854187,549,1.3652555863854188,1.4436264491092388,604
699,"[3, 1, 2, 3]",26.199999999999999,23.949999999999999,24.85563041385948,14.833333333333332,False,1.2964999446564929,377,1.1464999446564927,1.2330510776577586,426,0.042168857072277244,446,-0.10783114292772278,-0.021280009926457066,492,1.0291395019230953,307,0.87913950192309531,0.96569063492436102,351,1.6441182343051199,398,1.4941182343051198,1.569294577224273,481
700,"[3, 1, 2, 4]",24.100000000000001,22.649999999999999,31.755293551491818,11.666666666666664,False,1.3435239941592441,327,1.1435239941592441,1.3067515417866953,357,0.29618280070399866,269,0.09618280070399865,0.25941034833144977,298,0.93817028867319996,373,0.73817028867319989,0.90139783630065096,394,1.7998175926711872,267,1.5998175926711873,1.7548637131269658,305
701,"[3, 1, 2, 5]",17.966666666666665,18.050000000000001,45.552213666987491,9,False,1.2712875593659907,398,1.0712875593659907,1.2844419972970527,379,0.63785396937561534,89,0.43785396937561538,0.65100840730667731,89,0.58999545157003297,682,0.38999545157003301,0.60314988950109494,651,1.9364088678920324,168,1.7364088678920324,1.9469894430412455,180
702,"[3, 1, 3, 0]",26.399999999999999,24.899999999999999,5.8842637151106834,17.700000000000003,False,1.1136408092760117,527,0.96364080927601159,1.0764384559664379,553,-0.70983127927066791,1026,-0.85983127927066794,-0.74703363258024169,1040,0.88388864373221954,415,0.73388864373221951,0.84668629042264576,431,1.1379899684367796,859,0.98798996843677955,1.0929343525930464,894
703,"[3, 1, 3, 1]",26.133333333333333,24.75,12.782723772858517,17.600000000000001,False,1.1234860343774808,518,1.0234860343774808,1.0901965757076795,541,-0.49303225243676374,884,-0.59303225243676372,-0.52632171110656512,901,0.89373386883368855,406,0.79373386883368857,0.86044441016388717,422,1.2645330287276146,751,1.1645330287276145,1.2238656386028179,783
704,"[3, 1, 3, 2]",25.733333333333334,24.800000000000001,19.682386910490855,17.266666666666666,False,1.2287736025397904,436,1.0787736025397905,1.2109353673627483,443,-0.18075479014548368,625,-0.3307547901454837,-0.19859302532252598,638,0.99902143699599844,328,0.84902143699599841,0.98118320181895613,328,1.4859540365782182,575,1.3359540365782181,1.4627242481897209,587
705,"[3, 1, 3, 3]",24.533333333333335,23.75,26.580846968238692,16.499999999999996,False,1.2066310134752278,450,1.1066310134752277,1.1933346020865683,463,0.0040564225223884975,472,-0.095943577477611508,-0.0092399888662711704,485,0.90476623965424596,399,0.80476623965424599,0.89146982826558629,400,1.5764146226422491,483,1.476414622642249,1.5581292184100191,503
706,"[3, 1, 3, 4]",22.666666666666668,21.75,33.480510105871026,7.2666666666666657,False,1.2616520165194873,409,1.1116520165194872,1.2426448223130659,418,0.26606731969561792,297,0.1160673196956179,0.24706012548919654,319,0.82179397994585879,453,0.67179397994585877,0.8027867857394374,462,1.7411345995650174,311,1.5911345995650175,1.7160667753653427,338
707,"[3, 1, 3, 5]",17.100000000000001,16.550000000000001,47.2774302213667,3.6333333333333329,False,1.208836754612753,449,1.0588367546127531,1.1994293544784753,457,0.627159661253754,93,0.47715966125375403,0.61775226111947634,105,0.4930403157292112,800,0.34304031572921118,0.48363291559493354,805,1.899633091280708,193,1.7496330912807081,1.8845082947533069,218
708,"[3, 1, 4, 0]",21.033333333333335,20.25,7.6082771896053902,22.733333333333331,True,0.99695101256627483,658,0.79695101256627487,0.98165768478804005,657,-0.77480067174556355,1059,-0.97480067174556351,-0.79009399952379833,1062,0.76719884702248264,503,0.56719884702248269,0.75190551924424787,507,1.0272125329254804,971,0.82721253292548047,1.0060785123069236,970
709,"[3, 1, 4, 1]",20.833333333333332,19.949999999999999,14.506737247353223,22.900000000000002,True,1.0090810815367464,648,0.85908108153674623,0.99018932369304447,651,-0.55571680104265719,926,-0.70571680104265722,-0.57460855888635898,933,0.77932891599295417,492,0.62932891599295415,0.76043715814925239,501,1.1563329128039439,843,1.006332912803944,1.131088745685116,851
710,"[3, 1, 4, 2]",20.633333333333333,20.100000000000001,21.406400384985563,22,True,1.1212231813060627,520,0.92122318130606273,1.1144124359056047,518,-0.2365848071443703,664,-0.43658480714437031,-0.24339555254482831,670,0.89147101576227072,411,0.69147101576227066,0.88466027036181272,407,1.3854858794174343,642,1.1854858794174343,1.3738947236930719,647
711,"[3, 1, 4, 3]",19.600000000000001,18.5,28.304860442733396,20.333333333333329,True,1.1047927019140058,538,0.95479270191400567,1.0776479075632226,552,-0.046061484803992414,517,-0.19606148480399244,-0.073206279154775622,537,0.76844765860312991,502,0.61844765860312989,0.7413028642523467,512,1.4823897644505371,576,1.3323897644505371,1.4475891675975801,602
712,"[3, 1, 4, 4]",18.966666666666665,19.25,35.204523580365738,10.833333333333336,True,1.1520833165348074,496,1.0020833165348073,1.1727769431207307,479,0.20821902394577951,351,0.058219023945779491,0.22891265053170273,327,0.67774501047128477,583,0.52774501047128475,0.69843863705720799,549,1.6447901537444398,396,1.4947901537444399,1.6640793561318517,377
713,"[3, 1, 4, 5]",14.366666666666667,14.949999999999999,49.001443695861404,3.2666666666666657,True,1.1823982907286064,471,0.9823982907286064,1.2109203603035619,444,0.65244160160444853,84,0.45244160160444857,0.68096367117940404,82,0.43212158235517045,877,0.23212158235517044,0.46064365193012585,838,1.8906597794807489,197,1.690659779480749,1.9180471913092891,196
714,"[3, 1, 5, 0]",7.3666666666666663,7.2000000000000002,11.058710298363811,36.366666666666667,True,0.5630623505083906,1227,0.36306235050839059,0.56145818312301099,1236,-1.1051763405406951,1214,-1.3051763405406951,-1.1067805079260749,1212,0.33331018496459847,1040,0.13331018496459845,0.33170601757921886,1040,0.59232077351726442,1231,0.39232077351726435,0.58440568941525672,1229
715,"[3, 1, 5, 1]",7.666666666666667,7.2000000000000002,17.957170356111646,35.333333333333336,True,0.59232874849637929,1197,0.44232874849637921,0.5804427837004893,1211,-0.86895614082027139,1118,-1.0189561408202714,-0.88084210561616139,1117,0.3625765829525871,986,0.21257658295258708,0.35069061815669722,1005,0.74077105030294466,1156,0.59077105030294463,0.72125802805660721,1157
716,"[3, 1, 5, 2]",7.4000000000000004,7.0499999999999998,24.856833493743984,33.633333333333333,True,0.70218600439669343,1080,0.50218600439669348,0.69421293424057584,1083,-0.55210899079098708,923,-0.75210899079098703,-0.56008206094710467,920,0.43480150006560592,871,0.23480150006560591,0.42682842990948822,894,0.96734669732880607,1010,0.767346697328806,0.95222190080140501,1005
717,"[3, 1, 5, 3]",7.7000000000000002,7.1500000000000004,31.755293551491818,28.066666666666666,True,0.73145240238468212,1029,0.5814524023846821,0.71668185537554541,1043,-0.31588879107056339,729,-0.46588879107056341,-0.33065933807970005,745,0.32609869689863785,1056,0.17609869689863783,0.31132814988950119,1076,1.1157969741144864,879,0.96579697411448628,1.093021607863808,893
718,"[3, 1, 5, 4]",7.9666666666666668,7.2999999999999998,38.654956689124155,21.833333333333336,True,0.85958840923701452,830,0.65958840923701456,0.84090496758810573,845,0.019237109910739292,462,-0.18076289008926072,0.00055366826183034235,474,0.31624144099832363,1074,0.11624144099832365,0.29755799934941474,1109,1.3629911778413784,663,1.1629911778413784,1.3358275858717636,672
719,"[3, 1, 5, 5]",6.2999999999999998,6.5,52.451876804619829,1.2333333333333334,True,0.89043651366691423,778,0.74043651366691421,0.90099960428313219,755,0.26784267343592277,296,0.11784267343592275,0.27840576405214068,282,0.071151143118309779,1267,-0.078848856881690244,0.081714233734527686,1264,1.622262865433358,426,1.4722628654333578,1.6279533157860437,415
720,"[3, 2, 0, 0]",28.133333333333333,26.75,1.2656400384985562,15.966666666666669,False,1.1268605131039497,514,0.97686051310394983,1.0947121495139056,538,-0.83517028574109375,1090,-0.98517028574109378,-0.86731864933113811,1104,0.89710834756015767,404,0.74710834756015765,0.86495998397011331,420,1.0798998019487986,921,0.92989980194879862,1.0408601926161889,947
721,"[3, 2, 0, 1]",28.699999999999999,27.100000000000001,8.1641000962463899,15.066666666666666,False,1.2652662865679476,402,1.0652662865679476,1.2258918720426033,429,-0.48981071054466091,881,-0.68981071054466092,-0.52918512507000526,903,1.0355141210241554,294,0.83551412102415545,0.99613970649881112,312,1.3386593570849945,681,1.1386593570849946,1.2915283207312234,712
722,"[3, 2, 0, 2]",28.699999999999999,26.75,15.06376323387873,15.033333333333335,False,1.2842629179442708,385,1.1342629179442709,1.232693381467707,427,-0.26382418503936711,691,-0.41382418503936713,-0.31539372151593092,726,1.0545107524004789,281,0.90451075240047885,1.0029412159239151,310,1.4755442824613714,584,1.3255442824613715,1.4145974566339161,623
723,"[3, 2, 0, 3]",27.233333333333334,25.75,21.962223291626565,15.399999999999999,False,1.3029809534036989,365,1.152980953403699,1.2668347764702728,401,-0.038152347847503987,512,-0.18815234784750401,-0.074298524780930353,539,1.0732287878599069,272,0.92322878785990692,1.0370826109264806,294,1.6056955901748866,449,1.4556955901748867,1.5619761110647401,499
724,"[3, 2, 0, 4]",26.133333333333333,24.800000000000001,28.861886429258902,13.799999999999997,False,1.3842776609414846,300,1.1842776609414847,1.3527303625504288,327,0.25013425381925164,311,0.050134253819251628,0.21858695542819578,337,1.0367920979000986,293,0.83679209790009867,1.0052447995090428,307,1.800054742355387,266,1.600054742355387,1.7613610364411167,302
725,"[3, 2, 0, 5]",19.133333333333333,18.75,42.658806544754569,10.233333333333334,False,1.2823382558512015,388,1.0823382558512016,1.2798981699771625,386,0.56210245219383848,128,0.36210245219383852,0.55966236631979949,132,0.65891429049990213,598,0.45891429049990218,0.65647420462586314,595,1.9031408629370568,188,1.7031408629370568,1.8962499242501332,210
726,"[3, 2, 1, 0]",28.366666666666667,26.649999999999999,2.9908565928777673,15.733333333333334,False,1.2021096321892499,455,1.00210963218925,1.1584799945002062,492,-0.70816467002441708,1024,-0.90816467002441703,-0.75179430771346079,1042,0.97235746664545775,349,0.77235746664545779,0.92872782895641404,378,1.1856497985333505,823,0.98564979853335044,1.1336422022229871,849
727,"[3, 2, 1, 1]",28.633333333333333,26.75,9.8893166506256023,15.100000000000001,False,1.2302336082427372,433,1.0802336082427373,1.180948915635176,475,-0.47308689223849465,871,-0.62308689223849467,-0.52237158484605606,898,1.0004814426989452,325,0.8504814426989451,0.95119675009138371,362,1.3328114155252164,689,1.1828114155252163,1.27444190928539,725
728,"[3, 2, 1, 2]",28.699999999999999,27.149999999999999,16.78897978825794,14.300000000000001,False,1.3015150834880629,367,1.151515083488063,1.2638828292414646,404,-0.19481552286419868,639,-0.3448155228641987,-0.23244777711079723,658,1.0717629179442709,274,0.92176291794427101,1.0341306636976726,297,1.5222736604892222,544,1.3722736604892221,1.4771163083459773,572
729,"[3, 2, 1, 3]",27.066666666666666,25.050000000000001,23.687439846005773,13.966666666666665,False,1.3145210092749853,351,1.1645210092749854,1.2596966981116258,408,0.025144204655158764,459,-0.12485579534484126,-0.029680106508200854,499,1.0705243778986622,276,0.92052437789866215,1.0157000667353024,303,1.6459816692336653,394,1.4959816692336654,1.5810739101452222,469
730,"[3, 2, 1, 4]",25.366666666666667,24.399999999999999,30.587102983638115,12.733333333333334,False,1.3752541219917507,305,1.1752541219917507,1.3560452458642558,326,0.29286721150089406,274,0.092867211500894054,0.27365833537339918,287,0.99326422786278035,335,0.79326422786278039,0.97405535173528546,336,1.817144945125506,247,1.617144945125506,1.792300940784757,278
731,"[3, 2, 1, 5]",18.566666666666666,18.350000000000001,44.384023099133785,9.5666666666666664,False,1.2801692485084741,390,1.0801692485084742,1.2832130532909896,380,0.61168994148248768,102,0.41168994148248772,0.6147337462650031,107,0.62224095206959062,645,0.42224095206959061,0.62528475685210594,627,1.9279630244700623,173,1.7279630244700623,1.9271898285937736,190
732,"[3, 2, 2, 0]",27.866666666666667,24.949999999999999,4.7148700673724733,16.233333333333334,False,1.15221343791668,495,1.0022134379166798,1.0664866797678014,563,-0.70634046006214601,1022,-0.85634046006214604,-0.79206721821102433,1065,0.92246127237288766,385,0.77246127237288764,0.83673451422400935,440,1.1630166929189585,837,1.0130166929189584,1.0632337303579167,924
733,"[3, 2, 2, 1]",27.933333333333334,25.199999999999999,11.613330125120308,15.800000000000001,False,1.2234828823631605,441,1.0734828823631606,1.1441820817390083,501,-0.42811721388323021,841,-0.57811721388323023,-0.50741801450738266,890,0.99373071681936842,332,0.8437307168193684,0.91442991619521596,387,1.3524463511479379,673,1.202446351147938,1.2599544900518986,746
734,"[3, 2, 2, 2]",27.433333333333334,25.149999999999999,18.512993262752648,15.566666666666666,False,1.2253431847219667,439,1.1253431847219666,1.1614365528365858,489,-0.21926701739545393,653,-0.31926701739545393,-0.28317364928083488,699,0.9955910191781745,329,0.89559101917817452,0.93168438729279357,374,1.4700013796170981,589,1.370001379617098,1.3948657312177493,629
735,"[3, 2, 2, 3]",25.800000000000001,24.350000000000001,25.411453320500481,15.233333333333331,False,1.2383491105088893,431,1.1383491105088892,1.2025465889541338,453,0.00069271012390351161,480,-0.099307289876096494,-0.035109811430851873,504,0.95987220964267161,359,0.85987220964267164,0.92406968808791623,381,1.5937093883615414,466,1.4937093883615413,1.5501391224906786,512
736,"[3, 2, 2, 4]",24.300000000000001,23.149999999999999,32.311116458132823,9.2666666666666693,False,1.3059367548326613,363,1.1559367548326611,1.2797313736405616,388,0.27527024857664573,290,0.1252702485766457,0.24906486738454636,314,0.88946659121379679,412,0.73946659121379676,0.86326121002169742,421,1.7726046230162686,288,1.6226046230162687,1.7396556268144234,317
737,"[3, 2, 2, 5]",17.5,17.550000000000001,46.108036573628489,6.1666666666666679,False,1.2108518813493849,447,1.0608518813493848,1.2225786235760063,432,0.59409297855823939,109,0.44409297855823937,0.6058197207848609,110,0.51844331542060706,764,0.36844331542060704,0.53017005764722858,744,1.883422702360825,200,1.7334227023608251,1.8923076725181773,212
738,"[3, 2, 3, 0]",25.266666666666666,23.600000000000001,6.4400866217516839,18.833333333333336,False,1.0803566925693828,555,0.93035669256938291,1.0367005177854614,583,-0.72644070877806655,1039,-0.87644070877806657,-0.77009688356198824,1052,0.85060452702559086,429,0.70060452702559084,0.80694835224166916,457,1.1092306070292834,888,0.95923060702928331,1.0566736347015571,930
739,"[3, 2, 3, 1]",25.333333333333332,23.550000000000001,13.338546679499519,18.400000000000002,False,1.1516261370158634,497,1.0016261370158634,1.1039429580841937,529,-0.44821746259915118,852,-0.59821746259915121,-0.49590064153082081,879,0.92187397147207129,386,0.77187397147207126,0.87419079254040166,416,1.2986602652582628,724,1.1486602652582629,1.2415522891323811,765
740,"[3, 2, 3, 2]",24.800000000000001,23.5,20.238209817131857,18.199999999999999,False,1.1523440174401687,494,1.0523440174401686,1.1211974291817719,513,-0.24050968804587555,667,-0.34050968804587556,-0.27165627630427258,693,0.92259185189637649,384,0.82259185189637651,0.89144526363797949,401,1.4149266339336088,626,1.3149266339336088,1.3764635302982315,645
741,"[3, 2, 3, 3]",23.699999999999999,22.649999999999999,27.136669874879694,17.333333333333332,False,1.1836286941791092,469,1.0836286941791091,1.1605653050205742,490,-0.0022712095745000827,482,-0.10227120957450009,-0.025334598733035202,494,0.87064746222530731,422,0.77064746222530733,0.84758407306677219,430,1.559253199379083,508,1.4592531993790829,1.5297632373606347,540
742,"[3, 2, 3, 4]",22.100000000000001,21.449999999999999,34.036333012512031,7.6999999999999993,False,1.2477890726993777,422,1.0977890726993778,1.237750089707002,422,0.26887906307473874,295,0.11887906307473872,0.25884008008236281,299,0.79681457799292932,478,0.6468145779929293,0.78677559500055338,478,1.7342824546523667,318,1.5842824546523668,1.7192797416843795,332
743,"[3, 2, 3, 5]",16.433333333333334,15.550000000000001,47.833253128007698,3.7333333333333343,False,1.1915465449891403,464,1.0415465449891403,1.1701443779699727,482,0.62654413882937132,94,0.47654413882937124,0.60514197181020357,111,0.46463364797277851,832,0.31463364797277849,0.44323148095361076,869,1.8889149669866137,198,1.7389149669866137,1.8600896821249751,235
744,"[3, 2, 4, 0]",19.300000000000001,19.199999999999999,8.1641000962463899,24.466666666666665,True,0.94310330103862539,720,0.74310330103862543,0.9506305480007915,700,-0.81197369607398318,1074,-1.0119736960739831,-0.80444644911181706,1070,0.7133511354948332,542,0.51335113549483324,0.72087838245699931,526,0.97525729522932436,1002,0.77525729522932441,0.97968621546806545,989
745,"[3, 2, 4, 1]",19.266666666666666,19.100000000000001,15.062560153994225,24.466666666666669,True,1.0109454796816024,643,0.81094547968160247,1.0161308280207786,612,-0.53717771569857065,912,-0.73717771569857071,-0.5319923673593947,906,0.78119331413781046,490,0.58119331413781039,0.7863786624769864,479,1.1608209740768602,841,0.96082097407686029,1.1625911856883633,828
746,"[3, 2, 4, 2]",19.133333333333333,19,21.962223291626565,23.5,True,1.0253724233199213,620,0.87537242331992138,1.0316431388396108,587,-0.3157608779312816,728,-0.46576087793128162,-0.30949016241159233,723,0.79562025777612932,480,0.6456202577761293,0.8018909732958186,463,1.2925512602779796,728,1.1425512602779795,1.2955287426436874,705
747,"[3, 2, 4, 3]",18.5,17.649999999999999,28.860683349374398,21.43333333333333,True,1.0726510071418782,562,0.92265100714187809,1.0535894118909566,575,-0.061528492376890065,532,-0.21152849237689009,-0.080590087627811502,547,0.72518950569818219,536,0.57518950569818217,0.70612791044726075,540,1.4549190628368556,599,1.3049190628368557,1.4290916076008271,616
748,"[3, 2, 4, 4]",17.666666666666668,17.550000000000001,35.760346487006736,12.133333333333333,True,1.1130870901556729,528,0.96308709015567295,1.1191017227097886,514,0.18589748476587498,368,0.035897484765874954,0.1919121173199908,362,0.62763232595933027,637,0.47763232595933025,0.6336469585134461,620,1.6095874933678713,441,1.4595874933678714,1.6120291645561515,425
749,"[3, 2, 4, 5]",14.233333333333333,14.300000000000001,49.557266602502409,2.5666666666666682,True,1.1833868320570118,470,0.98338683205701183,1.1938305057462786,462,0.67010483013208422,79,0.47010483013208415,0.68054850382135079,84,0.42199366555075585,895,0.22199366555075584,0.43243733924002248,884,1.9005602118876859,191,1.7005602118876859,1.9074443681546418,203
750,"[3, 2, 5, 0]",6.2000000000000002,6.0499999999999998,11.614533205004813,37.533333333333331,True,0.52863581186726072,1254,0.32863581186726065,0.52694672577827117,1258,-1.1229281919825951,1220,-1.322928191982595,-1.1246172780715846,1219,0.29888364632346853,1102,0.098883646323468535,0.29719456023447904,1111,0.56227275231595386,1242,0.36227275231595379,0.55406602415534612,1243
751,"[3, 2, 5, 1]",6.2666666666666666,6.0499999999999998,18.512993262752648,36.733333333333334,True,0.59990525631374125,1191,0.39990525631374124,0.59593132635574952,1196,-0.84470494580367927,1099,-1.0447049458036792,-0.84867887576167123,1092,0.37015309076994912,976,0.17015309076994911,0.36617916081195739,979,0.75170241054493325,1148,0.55170241054493319,0.74091836279669665,1144
752,"[3, 2, 5, 2]",6.2999999999999998,5.9000000000000004,25.412656400384986,34.733333333333334,True,0.6200443096245658,1170,0.47004430962456578,0.60970147689583598,1187,-0.61757599836388455,973,-0.76757599836388457,-0.62791883109261437,973,0.34154334716065821,1024,0.19154334716065818,0.33120051443192838,1042,0.88987599571512432,1064,0.7398759957151243,0.87188223554149435,1070
753,"[3, 2, 5, 3]",6.333333333333333,6.1500000000000004,32.311116458132823,27.233333333333338,True,0.69017133213654536,1097,0.54017133213654533,0.68739687886704248,1098,-0.34049517411947006,761,-0.49049517411947008,-0.34326962738897282,763,0.273701168517681,1144,0.12370116851768097,0.27092671524817824,1153,1.0780169941502893,925,0.92801699415028926,1.0686029952354765,920
754,"[3, 2, 5, 4]",6.9333333333333336,6.4000000000000004,39.21077959576516,22.866666666666667,True,0.82973155833388912,887,0.62973155833388916,0.81510431163709418,898,0.0060549462068440474,470,-0.19394505379315596,-0.0085723004899510014,483,0.27526813196237815,1142,0.075268131962378138,0.2606408852655831,1167,1.3380977958153255,683,1.1380977958153256,1.3153563416644845,689
755,"[3, 2, 5, 5]",6.0333333333333332,5.6500000000000004,53.007699711260827,1.5,True,0.88685536725731506,784,0.73685536725731504,0.87694110861086616,783,0.2364703816942737,321,0.086470381694273693,0.2265561230478248,331,0.056453538575890611,1273,-0.093546461424109412,0.046539279929441679,1273,1.6270086586650367,417,1.4770086586650366,1.6094557557892903,431
756,"[3, 3, 0, 0]",24.199999999999999,23.550000000000001,1.8190567853705486,19.900000000000002,False,0.94758889230153487,713,0.84758889230153489,0.93874805914290416,714,-0.99783940413734873,1177,-1.0978394041373487,-1.0066802372959793,1176,0.71783672675774268,540,0.6178367267577427,0.70899589359911197,537,0.89282784439083762,1059,0.79282784439083764,0.87953430125464649,1058
757,"[3, 3, 0, 1]",24.5,23.800000000000001,8.7175168431183838,19.233333333333334,False,1.0768552902895236,560,0.92685529028952351,1.0664434611141109,564,-0.6616192044169249,1003,-0.81161920441692492,-0.67203103359233773,1004,0.84710312474573146,436,0.69710312474573144,0.83669129557031863,441,1.1412781211765177,854,0.9912781211765177,1.1262550609486284,854
758,"[3, 3, 0, 2]",24.333333333333332,23.149999999999999,15.617179980750722,19.266666666666669,False,1.140139811993341,506,0.99013981199334111,1.1127920088667409,520,-0.39134478858413735,808,-0.54134478858413737,-0.4186925917107378,834,0.91038764644954906,395,0.76038764644954904,0.8830398433229486,408,1.3217197475838223,697,1.1717197475838224,1.2874820915881631,716
759,"[3, 3, 0, 3]",22.899999999999999,22.75,22.515640038498557,19.06666666666667,False,1.1100002693872704,529,1.0100002693872703,1.1178393272142539,516,-0.21453052945777293,651,-0.31453052945777293,-0.20669147163078935,644,0.88024810384347818,416,0.7802481038434782,0.88808716167046176,405,1.4031597150911521,633,1.303159715091152,1.408544956545303,626
760,"[3, 3, 0, 4]",21.300000000000001,21.149999999999999,29.415303176130895,18.633333333333329,False,1.1741606479075393,478,1.0241606479075391,1.1810868296707167,474,0.056619743191465899,436,-0.093380256808534123,0.063545924954643507,430,0.81560674992871329,460,0.66560674992871327,0.8225329316918909,450,1.5781889703644363,480,1.4281889703644364,1.5822719871848374,464
761,"[3, 3, 0, 5]",16.133333333333333,16.949999999999999,43.212223291626565,13.233333333333334,False,1.1350544492148185,508,0.98505444921481855,1.1727145674110391,480,0.43142114796361553,187,0.2814211479636155,0.46908126615983603,171,0.50056214892607942,788,0.3505621489260794,0.53822226712229992,733,1.7521513796059001,303,1.6021513796058999,1.7901871907833278,280
762,"[3, 3, 1, 0]",24.233333333333334,23.300000000000001,3.5442733397497594,19.866666666666667,False,1.0159834797798282,634,0.86598347977982826,0.99728942329296821,644,-0.87768832002767894,1122,-1.027688320027679,-0.896382376514539,1128,0.78623131423603621,485,0.63623131423603618,0.76753725774917614,498,0.99084588221250269,990,0.84084588221250267,0.96639525822986572,994
763,"[3, 3, 1, 1]",24.566666666666666,23.25,10.442733397497594,19.166666666666668,False,1.0463922997023178,589,0.94639229970231786,1.0145318635917007,618,-0.64032569837275455,989,-0.74032569837275453,-0.67218613448337172,1005,0.81664013415852577,456,0.71664013415852579,0.78477969804790859,484,1.1405848187919978,857,1.0405848187919977,1.1012739126606899,880
764,"[3, 3, 1, 2]",24.033333333333335,22.5,17.342396535129932,18.966666666666665,False,1.147110180126623,501,0.99711018012662311,1.1073960907868394,525,-0.33261792381947886,748,-0.48261792381947888,-0.37233201315926256,792,0.91735801458283095,390,0.76735801458283093,0.87764392524304724,412,1.3568511874673437,669,1.2068511874673435,1.3085535748791717,695
765,"[3, 3, 1, 3]",22.100000000000001,22.600000000000001,24.240856592877766,18.93333333333333,False,1.0998343085030351,542,0.99983430850303512,1.129865011921809,510,-0.17293999371063204,621,-0.27293999371063205,-0.14290929029185814,603,0.84476934218927191,437,0.74476934218927193,0.87480004560804581,414,1.4189612580674567,625,1.3189612580674566,1.4493532819415749,600
766,"[3, 3, 1, 4]",20.633333333333333,21.5,31.140519730510107,17.06666666666667,False,1.1685643747613081,481,1.0185643747613082,1.2105341171657282,445,0.10277996667661149,408,-0.047220033323388533,0.14474970908103157,397,0.77550614569489829,496,0.62550614569489826,0.81747588809931837,451,1.5991451525159981,459,1.4491451525159982,1.6428171546863726,400
767,"[3, 3, 1, 5]",15.333333333333334,16.75,44.937439846005773,12.799999999999999,False,1.1248884883305834,516,0.97488848833058328,1.1829980918398486,471,0.47301168371075641,162,0.32301168371075639,0.53112128722002183,144,0.45589185695425993,842,0.30589185695425991,0.51400146046352535,765,1.7679529225822042,291,1.6179529225822042,1.8290218319690732,251
768,"[3, 3, 2, 0]",23.466666666666665,23.199999999999999,5.2682868142444654,20.633333333333336,False,1.0069479100312488,650,0.85694791003124882,1.0110452374804237,625,-0.83500348554141735,1089,-0.98500348554141737,-0.83090615809224244,1082,0.77719574448745676,493,0.62719574448745674,0.78129307193663167,487,1.0079034982475952,979,0.85790349824759515,1.0091446811016374,968
769,"[3, 3, 2, 1]",23.633333333333333,23.050000000000001,12.1667468719923,20.100000000000001,False,1.0816446202812329,552,0.93164462028123296,1.0748033572216653,554,-0.55335297355899793,924,-0.70335297355899795,-0.56019423661856571,921,0.85189245473744091,427,0.70189245473744089,0.84505119167787313,433,1.2011991358580176,812,1.0511991358580175,1.1900759671114089,806
770,"[3, 3, 2, 2]",23.066666666666666,22.449999999999999,19.06641000962464,19.933333333333334,False,1.0812200787710371,554,0.98122007877103701,1.072894065253041,557,-0.34678762094022375,768,-0.44678762094022373,-0.35511363445821986,779,0.85146791322724491,428,0.75146791322724493,0.8431418997092488,434,1.3161768447395494,703,1.2161768447395493,1.3032766819614701,699
771,"[3, 3, 2, 3]",21.866666666666667,21.600000000000001,25.964870067372473,19.166666666666664,False,1.1090774897064744,531,1.0090774897064743,1.1122619410918435,521,-0.11197640827235164,570,-0.21197640827235165,-0.10879195688698248,570,0.81953225390281681,455,0.71953225390281683,0.82271670528818597,449,1.4566374308035801,598,1.35663743080358,1.456576389023873,591
772,"[3, 3, 2, 4]",20.033333333333335,20.300000000000001,32.864533205004811,13.033333333333335,False,1.1652409146852349,483,1.0152409146852348,1.18596240522078,467,0.1511769108353791,386,0.0011769108353790747,0.17189840137092427,380,0.73770241612893062,522,0.58770241612893059,0.75842390666447579,503,1.6226460675201628,424,1.4726460675201629,1.6421455249265655,401
773,"[3, 3, 2, 5]",14.633333333333333,15.949999999999999,46.661453320500485,8.1666666666666679,False,1.1181377624510063,524,0.96813776245100636,1.1723636621248654,481,0.51798136206602097,145,0.36798136206602095,0.57220726173988001,126,0.41466086158478888,911,0.26466086158478885,0.46888676125864792,829,1.7875878582049256,281,1.6375878582049257,1.8441396758934769,241
774,"[3, 3, 3, 0]",22.833333333333332,22.199999999999999,6.9935033686236769,21.099999999999998,False,0.95249405881951921,708,0.85249405881951923,0.94345419744930292,707,-0.83770084012177048,1094,-0.93770084012177046,-0.84674070149198677,1090,0.72274189327572713,537,0.62274189327572715,0.71370203190551085,532,0.9801483401929717,998,0.88014834019297172,0.96640037491896191,993
775,"[3, 3, 3, 1]",22.5,22.300000000000001,13.891963426371511,21.233333333333334,False,1.0100544400519864,644,0.91005444005198632,1.0159231185842728,613,-0.57318665715686834,939,-0.67318665715686832,-0.567317978624582,928,0.78030227450819412,491,0.68030227450819414,0.78617095304048046,480,1.1541140808961778,845,1.0541140808961778,1.157200081981365,836
776,"[3, 3, 3, 2]",21.933333333333334,21.5,20.791626564003849,20.699999999999999,False,1.0596298985417902,574,0.95962989854179026,1.0570451855006657,572,-0.31662130453809445,731,-0.41662130453809443,-0.31920601757921896,736,0.82987773299799805,447,0.72987773299799807,0.82729301995687354,444,1.3190917897777092,698,1.2190917897777092,1.3125060599893206,694
777,"[3, 3, 3, 3]",21.166666666666668,21.199999999999999,27.690086621751686,19.533333333333335,False,1.0523387946257425,581,1.0023387946257425,1.0655768244056703,565,-0.11695860672170703,576,-0.16695860672170704,-0.10372057694177921,568,0.72828922773450078,534,0.67828922773450073,0.74152725751442872,511,1.4263049531613279,622,1.3763049531613278,1.4375162933675132,609
778,"[3, 3, 3, 4]",18.899999999999999,19.550000000000001,34.58974975938402,10.900000000000002,False,1.093650734455988,545,0.99365073445598795,1.1270821665833874,512,0.13134322723750849,396,0.031343227237508486,0.1647746593649079,385,0.63160790481209961,634,0.53160790481209963,0.66503933693949902,586,1.5755610125583228,484,1.4755610125583227,1.6092696397965216,432
779,"[3, 3, 3, 5]",14.666666666666666,14.800000000000001,48.386669874879694,5.0999999999999996,False,1.0865323499292996,549,0.98653234992929961,1.0995461412575078,534,0.53813244617569045,136,0.43813244617569042,0.55114623750389868,139,0.34855111797549787,1009,0.24855111797549784,0.36156490930370611,992,1.785605896026591,283,1.6856058960265909,1.7954743170792227,274
780,"[3, 3, 4, 0]",16.666666666666668,17.050000000000001,8.7175168431183838,27.066666666666666,True,0.8083861356817551,921,0.65838613568175508,0.83125182348344862,859,-0.93008835902469345,1149,-1.0800883590246935,-0.90722267122299971,1132,0.57863397013796292,697,0.42863397013796289,0.60149965793965654,652,0.83844306963012605,1100,0.68844306963012603,0.85980769252757583,1080
781,"[3, 3, 4, 1]",16.733333333333334,16.899999999999999,15.615976900866217,26.866666666666667,True,0.87965558012823564,794,0.72965558012823561,0.89500994322469019,762,-0.65186511284577797,999,-0.80186511284577799,-0.63651074974932353,977,0.64990341458444356,612,0.49990341458444354,0.665257777680898,585,1.0278727278591053,970,0.87787272785910531,1.0407389785373473,949
782,"[3, 3, 4, 2]",17.133333333333333,17.050000000000001,22.515640038498557,24.833333333333336,True,0.96236127471857269,691,0.81236127471857267,0.96923305543725047,670,-0.36216952412647052,781,-0.51216952412647054,-0.35529774340779285,780,0.73260910917478061,528,0.58260910917478059,0.73948088989345828,513,1.2302215707612554,785,1.0802215707612552,1.2335449565453032,775
783,"[3, 3, 4, 3]",15.766666666666667,15.949999999999999,29.41410009624639,24.166666666666664,True,0.93450657598150422,730,0.83450657598150424,0.94989012988232446,701,-0.18307042113110403,629,-0.28307042113110403,-0.16768686723028378,624,0.57597673960036855,700,0.47597673960036857,0.59136029350118879,670,1.3142388578562141,707,1.214238857856214,1.3269762425550744,683
784,"[3, 3, 4, 4]",15.5,16.050000000000001,36.313763233878731,14.300000000000001,True,0.99436383188181854,660,0.89436383188181856,1.0223710818161393,602,0.08377672889818058,420,-0.016223271101819425,0.11178397883250127,412,0.49784073274803609,791,0.39784073274803611,0.52584798268235677,751,1.4908145048820753,570,1.3908145048820753,1.517808536352504,549
785,"[3, 3, 4, 5]",12.5,12.800000000000001,50.110683349374398,2.3000000000000007,True,1.0795150589316722,557,0.9295150589316723,1.0970998648526291,536,0.5739808914629525,121,0.42398089146295248,0.59156569738390918,119,0.30705355748797658,1089,0.15705355748797656,0.32463836340893332,1059,1.798539800721477,270,1.6485398007214769,1.8132237399509941,263
786,"[3, 3, 5, 0]",7.6333333333333337,7.4500000000000002,12.167949951876805,36.100000000000001,True,0.53329412251952979,1249,0.38329412251952971,0.53126138105186915,1256,-1.1016673789241662,1211,-1.2516673789241661,-1.1037001203918266,1209,0.3035419569757376,1094,0.15354195697573758,0.30150921550807702,1098,0.58267502156211637,1235,0.43267502156211629,0.57431908016222488,1235
787,"[3, 3, 5, 1]",7.7999999999999998,7.4000000000000004,19.06641000962464,35.200000000000003,True,0.60799083276951382,1186,0.45799083276951374,0.59850382135060187,1192,-0.82001686694174702,1082,-0.97001686694174705,-0.82950387836065886,1080,0.37823866722572164,964,0.22823866722572161,0.36875165580680974,975,0.77597065917253893,1134,0.62597065917253891,0.75919773459304896,1130
788,"[3, 3, 5, 2]",7.9000000000000004,7.5,25.966073147256978,33.133333333333333,True,0.68041472994934049,1107,0.53041472994934047,0.67098477328441652,1116,-0.54060307563295018,914,-0.6906030756329502,-0.55003303229787426,914,0.39084543254799309,944,0.24084543254799307,0.38141547588306907,955,0.96672156393035891,1011,0.81672156393035888,0.95003002839047823,1006
789,"[3, 3, 5, 3]",7.7000000000000002,7.4000000000000004,32.864533205004811,25.366666666666671,True,0.69254479891981202,1093,0.59254479891981204,0.68648505330440357,1100,-0.3215192049300436,735,-0.42151920493004363,-0.32757895054545205,743,0.26500630036350792,1157,0.16500630036350791,0.25894655474809947,1169,1.0958419438088227,907,0.99584194380882263,1.0829349986107759,902
790,"[3, 3, 5, 4]",7.666666666666667,7.9000000000000004,39.764196342637149,22.133333333333333,True,0.81039900836163425,917,0.66039900836163423,0.82290328746818331,884,0.0033248986407486969,473,-0.14667510135925133,0.015829177747297807,463,0.2448672470526834,1181,0.094867247052683373,0.25737152615923253,1173,1.331438209391385,692,1.1814382093913849,1.3395567660924157,670
791,"[3, 3, 5, 5]",6.7999999999999998,7,53.561116458132823,0.73333333333333339,True,0.86866523921956129,815,0.76866523921956131,0.87951360360571862,779,0.19060941631292014,364,0.090609416312920132,0.20145778069907738,349,0.02719507560069695,1278,-0.072804924399303056,0.038043439986854194,1275,1.6216377320349107,427,1.5216377320349106,1.6277351275856433,416
792,"[3, 4, 0, 0]",20.366666666666667,19.149999999999999,2.3748796920115494,23.733333333333334,False,0.87176859890031355,808,0.72176859890031353,0.84099618367969731,844,-1.0569850103393401,1195,-1.20698501033934,-1.0877574255599565,1202,0.64201643335652148,625,0.49201643335652145,0.61124401813590523,644,0.80968703968437239,1113,0.65968703968437237,0.77090516231052519,1126
793,"[3, 4, 0, 1]",20.399999999999999,19.100000000000001,9.2733397497593835,23.333333333333336,False,0.99189562141229293,662,0.79189562141229297,0.95823862397843018,688,-0.72990418609492536,1040,-0.92990418609492542,-0.76356118352878832,1049,0.76214345586850096,505,0.5621434558685009,0.728486458434638,518,1.0478280381195371,954,0.84782803811953711,1.0057838167413493,971
794,"[3, 4, 0, 2]",19.966666666666665,18.550000000000001,16.173002887391721,23.033333333333335,False,1.0460407676401016,590,0.8460407676401015,1.0080714922885514,629,-0.46876914573814693,867,-0.66876914573814694,-0.50673842108969702,889,0.81628860209630938,457,0.61628860209630942,0.77831932674475945,489,1.217960386176326,796,1.017960386176326,1.1709582158019367,824
795,"[3, 4, 0, 3]",19.366666666666667,18.350000000000001,23.071462945139558,21.666666666666664,False,1.0444617733965593,593,0.89446177339655941,1.0200874517510474,606,-0.26339433824925385,690,-0.41339433824925387,-0.28776865989476597,704,0.81278468003756033,464,0.6627846800375603,0.78841035839204821,477,1.3316168485290167,691,1.1816168485290168,1.2999158176011818,701
796,"[3, 4, 0, 4]",18.699999999999999,18.25,29.971126082771896,19.666666666666668,False,1.0906099660828601,546,0.94060996608285996,1.0855997625698794,546,-0.010256251433983232,489,-0.16025625143398325,-0.015266454946963881,488,0.72093960997121409,538,0.57093960997121407,0.71592940645823344,530,1.4927285780291046,568,1.3427285780291047,1.4828533745565058,568
797,"[3, 4, 0, 5]",14.066666666666666,14.15,43.768046198267562,14.966666666666669,False,1.1197825183421577,522,0.91978251834215774,1.1307118208676932,509,0.43282390429018458,184,0.2328239042901846,0.44375320681571995,182,0.47417375992059863,822,0.27417375992059861,0.48510306244613399,802,1.7373095439715993,313,1.5373095439715994,1.7447159465760487,314
798,"[3, 4, 1, 0]",19.766666666666666,19.350000000000001,4.10009624639076,24.333333333333336,False,0.91845716962308499,744,0.71845716962308503,0.91521699033847215,741,-0.95853994298519218,1165,-1.1585399429851921,-0.96178012226980503,1160,0.6887050040792928,568,0.48870500407929285,0.68546482479467996,561,0.88322054142356321,1066,0.68322054142356325,0.87552927718048146,1067
799,"[3, 4, 1, 1]",19.666666666666668,19.300000000000001,10.998556304138594,24.066666666666666,False,0.93401450439706013,731,0.78401450439706011,0.93245943063720482,723,-0.73602880647878199,1043,-0.88602880647878202,-0.7375838802386373,1035,0.70426233885326794,548,0.55426233885326792,0.70270726509341264,544,1.0162069006834704,976,0.8662069006834705,1.0104079316113053,965
800,"[3, 4, 1, 2]",19.300000000000001,18.399999999999999,17.898219441770934,23.699999999999999,False,1.0404444944938709,600,0.84044449449387082,1.0200971769961065,605,-0.42260892225300112,836,-0.62260892225300113,-0.44295623975076542,849,0.8106923289500787,467,0.61069232895007863,0.79034501145231428,474,1.2389165683278882,777,1.0389165683278883,1.2117665411982081,792
801,"[3, 4, 1, 3]",19.033333333333335,17.949999999999999,24.796679499518767,21.999999999999996,False,1.05028971959534,582,0.9002897195953401,1.0234023350648742,601,-0.205809895419097,645,-0.35580989541909702,-0.23269727994956291,659,0.78410829514875691,487,0.63410829514875688,0.757220910618291,504,1.3654596286187233,660,1.2154596286187234,1.3308557219448218,677
802,"[3, 4, 1, 4]",18.533333333333335,17.850000000000001,31.696342637151108,17.233333333333331,False,1.1021500219541465,539,0.95215002195414633,1.0889146458837065,544,0.053040301068679629,438,-0.096959698931320393,0.039804924998239621,450,0.69797533475491635,555,0.54797533475491633,0.68473995868447635,563,1.5330146570878838,534,1.3830146570878838,1.5137932789001463,551
803,"[3, 4, 1, 5]",13.533333333333333,14.15,45.493262752646778,13.433333333333332,False,1.1187559329339316,523,0.91875593293393165,1.1479639864114852,499,0.48355381551333504,158,0.28355381551333503,0.5127618689908886,153,0.43864284342478821,865,0.2386428434247882,0.46785089690234183,831,1.7634203652984197,296,1.5634203652984198,1.7914453246038999,279
804,"[3, 4, 2, 0]",20.5,19.100000000000001,5.8241097208854669,23.600000000000001,False,0.96083058692705725,694,0.76083058692705718,0.92374632368969101,733,-0.86444612144637878,1113,-1.0644461214463787,-0.90153038468374502,1129,0.73107842138326506,530,0.53107842138326511,0.69399415814589882,554,0.9582678481803053,1017,0.75826784818030535,0.91235764742067427,1034
805,"[3, 4, 2, 1]",20.399999999999999,19.350000000000001,12.722569778633302,23.333333333333336,False,1.0263879217010321,619,0.82638792170103215,1.0014417256608976,638,-0.59193498493996888,953,-0.79193498493996894,-0.61688118098010358,965,0.79663575615724014,479,0.59663575615724007,0.77168956011710543,493,1.1412542074402123,855,0.94125420744021238,1.1090784071146562,868
806,"[3, 4, 2, 2]",20.066666666666666,18.300000000000001,19.622232916265641,22.933333333333334,False,1.033960333732344,613,0.88396033373234406,0.9838529911835624,656,-0.37737267877968661,792,-0.52737267877968663,-0.4274800213284683,843,0.80420816818855201,472,0.65420816818855199,0.75410082563977032,506,1.2652525348784449,750,1.115252534878445,1.2045159640699805,798
807,"[3, 4, 2, 3]",18.5,17.350000000000001,26.520692974013475,22.533333333333331,False,1.049251103388269,584,0.89925110338826886,1.0197365464648738,607,-0.15512810739132699,609,-0.30512810739132701,-0.1846426643147222,634,0.74858940945179142,514,0.5985894094517914,0.7190748525283962,528,1.3915378632105169,637,1.241537863210517,1.3538683027113305,661
808,"[3, 4, 2, 4]",17.600000000000001,17.100000000000001,33.420356111645816,12.699999999999999,False,1.0874023425330615,548,0.93740234253306132,1.0800223764474688,549,0.090013025882435871,417,-0.059986974117564151,0.082633059796843211,422,0.64874738584393721,616,0.49874738584393719,0.64136741975834455,611,1.5436289741539042,524,1.3936289741539041,1.530884807035076,537
809,"[3, 4, 2, 5]",12.966666666666667,13.9,47.217276227141483,8.2666666666666675,False,1.1165748947923593,526,0.91657489479235932,1.1564933197627041,494,0.53309318160660379,138,0.33309318160660373,0.57301160657694861,125,0.40198153579332174,930,0.2019815357933217,0.44189996076366655,871,1.7882099400963984,280,1.5882099400963985,1.8282736948440925,252
810,"[3, 4, 3, 0]",20.366666666666667,19.399999999999999,7.5493262752646775,23.399999999999999,False,0.92351306473284489,739,0.77351306473284487,0.90145145090595691,753,-0.85000714700921509,1102,-1.0000071470092151,-0.87206876083610296,1111,0.69376089918905282,562,0.54376089918905279,0.67169928536216472,579,0.94984258703289837,1022,0.79984258703289834,0.92092913071168281,1028
811,"[3, 4, 3, 1]",20.566666666666666,19.149999999999999,14.447786333012512,23.166666666666668,False,0.99935219691733002,655,0.84935219691732999,0.961725250089707,678,-0.56721421309229458,934,-0.71721421309229461,-0.6048411599199176,957,0.76960003137353794,500,0.61960003137353792,0.73197308454591481,516,1.1444268844371353,853,0.99442688443713534,1.0979130483004016,887
812,"[3, 4, 3, 2]",19.633333333333333,18.550000000000001,21.34744947064485,23,False,1.0363610141276214,607,0.88636101412762136,1.0098159581210828,627,-0.32321550175303326,738,-0.47321550175303329,-0.34976055775957182,774,0.8066088485838292,470,0.65660884858382917,0.78006379257729064,488,1.2952293355867077,726,1.1452293355867078,1.2611137631504628,741
813,"[3, 4, 3, 3]",18.266666666666666,17.300000000000001,28.245909528392684,21.666666666666664,False,1.0085063153905529,649,0.90850631539055282,0.98524655172991993,655,-0.14411639875766666,600,-0.24411639875766666,-0.16737616241829964,623,0.67334029036649135,586,0.57334029036649137,0.65008052670585836,602,1.3792466226816664,647,1.2792466226816663,1.3486239965286551,665
814,"[3, 4, 3, 4]",17.333333333333332,16.149999999999999,35.145572666025025,12.466666666666669,False,1.0455151326008443,592,0.9455151326008443,1.0141734966950935,621,0.099882312581594995,411,-0.00011768741840501029,0.068540676675844098,428,0.57235584482413593,704,0.4723558448241359,0.54101420891838503,727,1.5300490738312393,538,1.4300490738312392,1.4901141850629267,562
815,"[3, 4, 3, 5]",12.800000000000001,13.25,48.942492781520691,5,False,1.0781149506636458,558,0.92811495066364569,1.1010974016828028,532,0.54638973410926639,133,0.39638973410926637,0.56937218512842347,127,0.32901726057702396,1050,0.17901726057702394,0.3519997115961811,1002,1.7784960191551771,286,1.6284960191551769,1.7993451781351011,273
816,"[3, 4, 4, 0]",15.5,16.149999999999999,9.2733397497593835,28.233333333333334,True,0.77395959704062511,966,0.62395959704062509,0.80545116753243695,913,-0.94784021046659317,1160,-1.0978402104665932,-0.91634863997478144,1137,0.54420743149683304,738,0.39420743149683302,0.57569900198864488,696,0.80839504842881549,1114,0.65839504842881547,0.83933644832029664,1091
817,"[3, 4, 4, 1]",15.366666666666667,16.100000000000001,16.17179980750722,27.633333333333333,True,0.83837450988009887,864,0.68837450988009885,0.87269360783116989,787,-0.67647149589468458,1009,-0.8264714958946846,-0.64215239794361356,980,0.60862234433630669,655,0.45862234433630666,0.64294144228737771,610,0.99009274789490831,992,0.84009274789490829,1.0242151027511208,959
818,"[3, 4, 4, 2]",14.633333333333333,15.550000000000001,23.071462945139558,26.399999999999999,True,0.88223785869739724,792,0.73223785869739721,0.92252647614129113,735,-0.42561825294841604,838,-0.57561825294841606,-0.38532963550452204,802,0.65056076533839813,609,0.50056076533839811,0.69084938278229213,558,1.1486271578073675,848,0.99862715780736733,1.189389501811708,808
819,"[3, 4, 4, 3]",13.766666666666667,14.199999999999999,29.969923002887391,24.600000000000001,True,0.87151948897784581,811,0.77151948897784584,0.89447274919263708,763,-0.22938282093553244,661,-0.32938282093553245,-0.20642956072074123,643,0.50187319446389012,787,0.40187319446389008,0.52482645467868128,752,1.2519743418095426,761,1.1519743418095425,1.2729523667688478,730
820,"[3, 4, 4, 4]",13.566666666666666,14.6,36.869586140519729,16.233333333333334,True,0.93366158874716232,732,0.83366158874716234,0.97740666279892552,661,0.039749172962754126,449,-0.06025082703724588,0.083494247014517381,421,0.42602203148055984,889,0.32602203148055986,0.46976710553232304,827,1.4311273084230329,620,1.3311273084230328,1.4756267658294355,576
821,"[3, 4, 4, 5]",11.266666666666667,11.699999999999999,50.666506256015403,0.46666666666666501,True,1.0428036764215403,597,0.89280367642154024,1.064330567786635,567,0.50947836362077004,147,0.35947836362077001,0.53100525498586471,145,0.25922571684502427,1166,0.10922571684502425,0.28075260821011894,1138,1.7659144599325378,293,1.6159144599325377,1.7848577589016097,287
822,"[3, 4, 5, 0]",8.1666666666666661,8.5500000000000007,12.723772858517805,35.56666666666667,True,0.60713110253795799,1188,0.40713110253795792,0.6251471362506833,1173,-1.011155711706508,1180,-1.2111557117065079,-0.99313967799378244,1172,0.3773789369941658,966,0.17737893699416579,0.39539497070689122,943,0.6683486498453417,1199,0.46834864984534175,0.68279520437599839,1190
823,"[3, 4, 5, 1]",8.3000000000000007,8.5,19.622232916265641,34.700000000000003,True,0.68068539085344093,1106,0.48068539085344092,0.69238957654941602,1088,-0.73064762165858976,1042,-0.93064762165858983,-0.71894343596261479,1025,0.4509332253096488,848,0.25093322530964879,0.46263741100562389,836,0.86035562766194995,1088,0.66035562766195,0.86767385880682246,1075
824,"[3, 4, 5, 2]",8.4000000000000004,8.1500000000000004,26.521896053897979,32.633333333333333,True,0.75310928803326771,1000,0.55310928803326775,0.74919108597451989,997,-0.45123383034979297,856,-0.65123383034979299,-0.45515203240854069,856,0.45242353249910022,845,0.25242353249910021,0.44850533044035246,859,1.0511065324197699,951,0.85110653241976997,1.040742994709515,948
825,"[3, 4, 5, 3]",8.0666666666666664,8.1500000000000004,33.420356111645816,22.233333333333334,True,0.76066966926573465,990,0.61066966926573463,0.7681756865519983,969,-0.23671964738489087,665,-0.3867196473848909,-0.22921363009862722,657,0.32201471257661046,1060,0.17201471257661044,0.32952072986287412,1049,1.1750722731229759,829,1.025072273122976,1.1775953333508653,818
826,"[3, 4, 5, 4]",7.3666666666666663,7.7000000000000002,40.320019249278154,22.433333333333334,True,0.80567544001753399,924,0.65567544001753397,0.8214928754196108,888,0.015276017495878647,466,-0.13472398250412138,0.031093452897955454,458,0.22902722057576308,1198,0.079027220575763057,0.24484465597783989,1185,1.3348953428292498,687,1.1848953428292497,1.3467171008325054,666
827,"[3, 4, 5, 5]",6.7333333333333334,6.5999999999999996,54.11693936477382,0,True,0.92193862441696905,740,0.77193862441696903,0.9211345504421633,737,0.216091656178278,343,0.066091656178277974,0.2152875822034723,339,0.06935200266528474,1269,-0.080647997334715282,0.068547928690479043,1269,1.6841154840294763,358,1.5341154840294762,1.677000725483627,365
828,"[3, 5, 0, 0]",14.433333333333334,12.75,3.4817131857555341,29.666666666666668,False,0.67948582949655001,1108,0.52948582949654999,0.62906800293769471,1168,-1.216062774930784,1264,-1.3660627749307841,-1.2664806014896395,1277,0.44973366395275793,851,0.29973366395275791,0.39931583739390264,935,0.61028539260968695,1223,0.46028539260968687,0.54825337958744047,1250
829,"[3, 5, 0, 1]",14.733333333333333,13.1,10.380173243503368,29,False,0.80875222748453868,919,0.60875222748453861,0.76024772546639263,980,-0.87984257521036047,1125,-1.0798425752103604,-0.92834707722850651,1146,0.57900006194074649,696,0.37900006194074654,0.53049555992260045,743,0.85873566939536716,1091,0.6587356693953671,0.79892150770247516,1113
830,"[3, 5, 0, 2]",13.833333333333334,12.35,17.279836381135706,29.166666666666664,False,0.84690346662933114,847,0.64690346662933118,0.80311195266153135,914,-0.6347014419365975,981,-0.83470144193659745,-0.67849295590439729,1010,0.61715130108553906,649,0.41715130108553905,0.57335978711773916,697,1.0108267803387543,978,0.81082678033875422,0.95620116992095716,1002
831,"[3, 5, 0, 3]",13.533333333333333,12.4,24.178296438883542,27.5,False,0.85560626979629928,834,0.70560626979629926,0.82383871351775528,878,-0.41904483703719453,828,-0.56904483703719455,-0.45081239331573852,854,0.60179250656242056,664,0.45179250656242054,0.57002495028387656,700,1.1360811808357747,862,0.98608118083577467,1.0950271927728337,888
832,"[3, 5, 0, 4]",12.699999999999999,11.949999999999999,31.07795957651588,25.000000000000004,False,0.94604235281009408,715,0.74604235281009412,0.92715590238536794,730,-0.12161885989442955,582,-0.32161885989442957,-0.14050531031915575,599,0.55423532682356869,725,0.35423532682356862,0.53534887639884232,738,1.3407496113667907,680,1.1407496113667908,1.3141489602544738,691
833,"[3, 5, 0, 5]",9.9333333333333336,9.4000000000000004,44.874879692011547,18.199999999999999,False,0.93919053340145597,725,0.78919053340145595,0.92627492932429678,731,0.28543692416180233,280,0.13543692416180234,0.27252132008464314,288,0.27144510510501713,1147,0.1214451051050171,0.25852950102785788,1171,1.5574955257628935,514,1.4074955257628934,1.5371957428003324,530
834,"[3, 5, 1, 0]",13.633333333333333,12.65,5.2069297401347452,30.466666666666669,False,0.71931986861231478,1052,0.51931986861231472,0.69283584792399555,1086,-1.1244722391836428,1221,-1.3244722391836428,-1.150956259871962,1236,0.48956770306852254,804,0.28956770306852253,0.46308368238020342,834,0.67608693558599131,1193,0.47608693558599124,0.64103538919423864,1207
835,"[3, 5, 1, 1]",13.933333333333334,12.800000000000001,12.10538979788258,29.800000000000001,False,0.74858626660030336,1004,0.59858626660030334,0.71704692933771097,1042,-0.88825203946321929,1131,-1.0382520394632193,-0.91979137672581157,1140,0.51883410105651118,763,0.36883410105651121,0.48729476379391884,793,0.82453721237167155,1106,0.67453721237167152,0.78380878046716806,1123
836,"[3, 5, 1, 2]",13.333333333333334,12.35,19.005052935514918,29.666666666666664,False,0.84701930315560614,846,0.64701930315560618,0.8203641182053234,890,-0.58282910877894634,946,-0.78282910877894629,-0.60948429372922908,962,0.61726713761181418,648,0.41726713761181411,0.59061195266153121,672,1.0382262614593887,964,0.83822626145938861,1.002930547948808,974
837,"[3, 5, 1, 3]",13.133333333333333,12,25.903512993262751,27.899999999999999,False,0.85914937212607767,831,0.70914937212607765,0.82715359683158229,869,-0.36374523807603987,783,-0.51374523807603989,-0.39574101337053513,817,0.57083127780461473,707,0.42083127780461477,0.53883550251011947,732,1.1673466413378524,834,1.0173466413378522,1.1259670971164741,855
838,"[3, 5, 1, 4]",12.1,11.15,32.803176130895089,20.966666666666669,False,0.94273092353286558,722,0.74273092353286563,0.91653350346922968,740,-0.073173792540281724,541,-0.27317379254028173,-0.099371212603917625,566,0.51641956645875586,769,0.31641956645875591,0.49022214639512002,790,1.3642831131059816,662,1.1642831131059816,1.3292993909139035,680
839,"[3, 5, 1, 5]",9.5,9.0999999999999996,46.600096246390763,13.300000000000001,False,0.94159121379673327,723,0.79159121379673325,0.93307413319561505,721,0.33959410118845612,244,0.1895941011884561,0.33107702058733784,255,0.23934145441271013,1185,0.089341454412710103,0.23082437381159185,1196,1.5874723264711568,472,1.4374723264711566,1.5720830155650254,475
840,"[3, 5, 2, 0]",15.433333333333334,13.25,6.9309432146294512,28.499999999999996,False,0.79825078782032355,934,0.59825078782032348,0.73098190601389046,1027,-0.99382091574079312,1176,-1.1938209157407931,-1.0610897975472262,1191,0.56849862227653136,710,0.36849862227653141,0.50122974047009827,777,0.79237135574479511,1121,0.59237135574479505,0.71141639101337883,1168
841,"[3, 5, 2, 1]",15.766666666666667,13.85,13.829403272377286,27.966666666666669,False,0.87865960774281326,795,0.6786596077428132,0.82087242993631637,889,-0.70645829408586835,1023,-0.90645829408586831,-0.76424547189236502,1050,0.64890744219902108,615,0.44890744219902112,0.59112026439252441,671,0.99211029232428971,989,0.79211029232428976,0.92195294018104512,1024
842,"[3, 5, 2, 2]",15.033333333333333,13.25,20.729066410009626,27.733333333333334,False,0.87252295656011147,802,0.72252295656011145,0.81896313796769216,893,-0.50560505113959964,892,-0.65560505113959966,-0.55916486973201895,918,0.6427707910163194,623,0.49277079101631938,0.58921097242390008,676,1.1006447022367492,899,0.95064470223674913,1.035153655031106,951
843,"[3, 5, 2, 3]",14.1,13.35,27.627526467757459,26.600000000000001,False,0.9095197429715578,755,0.75951974297155778,0.89143205910266177,766,-0.26165446299571848,689,-0.41165446299571851,-0.27974214686461457,697,0.58672137916020073,687,0.43672137916020071,0.5686336952913047,704,1.2514145666512952,763,1.1014145666512953,1.225953362093509,778
844,"[3, 5, 2, 4]",12.966666666666667,12.15,34.5271896053898,16.833333333333336,False,0.98967402857484243,665,0.78967402857484248,0.96861684378908963,671,0.025489716736536383,458,-0.17451028326346363,0.0044325319507836358,470,0.52888240201083847,756,0.32888240201083851,0.50782521722508578,772,1.4444850590379812,611,1.2444850590379812,1.4154698664172543,622
845,"[3, 5, 2, 5]",10.266666666666667,9.9000000000000004,48.324109720885467,9.4999999999999982,False,0.98510705303520651,669,0.83510705303520649,0.97818883240049237,660,0.43483034466177056,183,0.28483034466177054,0.42791212402705636,195,0.24837702416128937,1180,0.09837702416128935,0.24145880352657517,1189,1.6638082930217131,381,1.5138082930217132,1.650358754226271,392
846,"[3, 5, 3, 0]",14.333333333333334,12.65,8.6561597690086618,29.399999999999999,False,0.72780302952557796,1032,0.57780302952557794,0.67732814821273479,1112,-1.0125121774041625,1181,-1.1625121774041625,-1.0629870587170056,1192,0.49805086398178577,790,0.34805086398178575,0.44757598266894261,863,0.74657496057676964,1154,0.59657496057676962,0.68446155851491397,1188
847,"[3, 5, 3, 1]",14.9,12.85,15.554619826756497,28.700000000000003,False,0.81620880298957565,909,0.66620880298957563,0.75328138990519566,991,-0.71715260220772958,1034,-0.86715260220772961,-0.78008001529210957,1055,0.58645663744578347,688,0.43645663744578345,0.52352922436140348,754,0.95533451571296535,1019,0.80533451571296533,0.87920863399836946,1060
848,"[3, 5, 3, 2]",14.5,12.550000000000001,22.454282964388835,27.533333333333331,False,0.87149637115188539,812,0.72149637115188536,0.81182505960904527,900,-0.45487513991644968,859,-0.6048751399164497,-0.51454645145928979,894,0.6417442056080932,626,0.49174420560809318,0.58207289406525309,686,1.1267555235635689,867,0.97675552356356887,1.0542514541115886,935
849,"[3, 5, 3, 3]",14.033333333333333,11.6,29.352743022136671,25.899999999999999,False,0.87448706464634773,797,0.77448706464634776,0.79770861489035627,923,-0.2449306446895522,672,-0.3449306446895522,-0.32170909444554363,737,0.51718436974740634,767,0.41718436974740636,0.44040591999141498,872,1.2455666250915174,769,1.1455666250915173,1.1536037927529388,838
850,"[3, 5, 3, 4]",12.5,11.550000000000001,36.252406159769009,17.300000000000001,False,0.94093228703561849,724,0.79093228703561846,0.91496308598793397,742,0.028504471828688815,453,-0.12149552817131121,0.0025352707810043507,472,0.44563632938403042,857,0.29563632938403039,0.41966712833634601,906,1.42317319995243,624,1.2731731999524301,1.3885150339187891,634
851,"[3, 5, 3, 5]",9.8666666666666671,9.0999999999999996,50.049326275264676,5.5999999999999996,False,0.93865015536498486,727,0.83865015536498488,0.91756643348435396,738,0.43618384160175117,182,0.33618384160175113,0.41510011972112026,203,0.16741579540348353,1232,0.067415795403483525,0.14633207352285268,1247,1.6450737535237907,395,1.5450737535237906,1.6155091848857006,422
852,"[3, 5, 4, 0]",12.066666666666666,11.800000000000001,10.380173243503368,31.666666666666668,True,0.7173584727244473,1054,0.51735847272444724,0.7149515582190058,1047,-0.97123632997045184,1168,-1.1712363299704518,-0.97364324447589312,1163,0.48760630718065506,805,0.28760630718065505,0.48519939267521378,801,0.75564288589021245,1144,0.55564288589021249,0.74760571822879096,1139
853,"[3, 5, 4, 1]",12.133333333333333,12,17.278633301251205,30.866666666666667,True,0.78862791717092784,945,0.58862791717092788,0.79090479991146689,932,-0.69301308379153603,1015,-0.89301308379153599,-0.69073620105099698,1012,0.55887575162713565,721,0.3588757516271357,0.56115263436767471,710,0.94507254411919184,1024,0.74507254411919188,0.94235279371224667,1014
854,"[3, 5, 4, 2]",12.066666666666666,11.75,24.178296438883542,28.966666666666665,True,0.85533970467824894,835,0.65533970467824898,0.85119062989406191,823,-0.41931140215524482,829,-0.61931140215524483,-0.42346047693943184,840,0.60152594144437022,665,0.4015259414443702,0.5973768666601833,659,1.1293801499079397,865,0.9293801499079396,1.1193692980359917,862
855,"[3, 5, 4, 3]",11.300000000000001,10.9,31.076756496631376,26.400000000000002,True,0.84804860076220112,845,0.6980486007622011,0.84055850573286428,846,-0.21964870433885764,654,-0.36964870433885766,-0.22713879936819442,656,0.45626563637336576,841,0.30626563637336573,0.44877554134402897,858,1.2365933132915581,779,1.0865933132915579,1.2226690050983948,784
856,"[3, 5, 4, 4]",10.566666666666666,10.4,37.976419634263713,19.233333333333334,True,0.89191194957949926,774,0.74191194957949924,0.89213353432173126,765,0.031204538607410626,451,-0.1187954613925894,0.031426123349642621,457,0.36213572243801712,989,0.21213572243801709,0.36235730718024911,990,1.3951277232040171,635,1.2451277232040172,1.3898170883695085,633
857,"[3, 5, 4, 5]",8.7333333333333325,9.25,51.773339749759387,0,True,0.96704794433689323,686,0.81704794433689321,0.99003304906553813,652,0.37838095684892387,222,0.22838095684892384,0.40136606157756882,215,0.16133331488549757,1238,0.011333314885497547,0.18431841961414253,1231,1.6979561118269242,345,1.5479561118269243,1.718127028810104,335
858,"[3, 5, 5, 0]",4.8666666666666663,5.25,13.830606352261791,38.866666666666667,True,0.45509966595978468,1288,0.30509966595978466,0.47123289279091063,1288,-1.1299821434723616,1223,-1.2799821434723617,-1.1138489166412358,1215,0.22534750041599261,1200,0.075347500415992572,0.2414807272471185,1188,0.52075112648199662,1268,0.37075112648199654,0.53251184270554519,1256
859,"[3, 5, 5, 1]",4.7666666666666666,5.1500000000000004,20.729066410009626,38,True,0.52065700073375965,1259,0.37065700073375962,0.53673317281089772,1250,-0.85747100696595158,1106,-1.0074710069659516,-0.8413948348888135,1088,0.29090483518996751,1115,0.14090483518996749,0.30698100726710559,1083,0.70373748574190376,1180,0.55373748574190373,0.71541681292584303,1161
860,"[3, 5, 5, 2]",4.7999999999999998,5.0999999999999996,27.628729547641964,35.900000000000006,True,0.59079605404458424,1200,0.44079605404458416,0.60398764390847548,1190,-0.58034205952615692,944,-0.73034205952615694,-0.56715046966226568,927,0.26797362863553698,1151,0.11797362863553698,0.28116521849942822,1137,0.89191107091209487,1061,0.74191107091209485,0.90032805409169336,1047
861,"[3, 5, 5, 3]",5.0666666666666664,4.9000000000000004,34.5271896053898,24.733333333333334,True,0.61892003009807162,1171,0.51892003009807164,0.61600360337097115,1181,-0.34526428174023438,767,-0.44526428174023436,-0.34818070846733484,771,0.15812840353406776,1239,0.058128403534067757,0.15521197680696733,1244,1.0390726879039607,963,0.9390726879039607,1.0292856558909385,956
862,"[3, 5, 5, 4]",4.666666666666667,4.7000000000000002,41.426852743022138,25,True,0.72420759826038139,1039,0.57420759826038137,0.72803159363231207,1031,-0.032986819448954485,506,-0.18298681944895451,-0.029162824077023836,498,0.12542270894373073,1253,-0.024577291056269296,0.12924670431566138,1251,1.2604936957545645,754,1.1104936957545644,1.25827584442521,748
863,"[3, 5, 5, 5]",4.1333333333333337,4.2000000000000002,55.223772858517805,0.83333333333333304,True,0.79389804846331968,942,0.69389804846331971,0.7985791919998122,917,0.032709405537429487,450,-0.067290594462570519,0.037390549073921975,451,-0.080825243163244187,1294,-0.18082524316324419,-0.076144099626751699,1294,1.5635798163362342,500,1.4635798163362341,1.5622436796026475,498
864,"[4, 0, 0, 0]",12.433333333333334,12.050000000000001,0.20813282001924927,31.666666666666668,False,0.5282047097691186,1255,0.42820470976911862,0.5219419553778929,1261,-1.4655513056303038,1295,-1.5655513056303039,-1.4718140600215295,1296,0.29845254422532652,1103,0.19845254422532652,0.29218978983410077,1120,0.39429729897399945,1294,0.29429729897399942,0.38195329463325067,1295
865,"[4, 0, 0, 1]",12.366666666666667,12.199999999999999,7.1065928777670839,31.566666666666663,False,0.6449044664775947,1146,0.49490446647759467,0.64615303679160818,1146,-1.1418977471893927,1232,-1.2918977471893929,-1.1406491768753795,1231,0.41515230093380262,910,0.2651523009338026,0.416400871247816,911,0.62857231802772096,1219,0.47857231802772093,0.62472668590617997,1214
866,"[4, 0, 0, 2]",12.300000000000001,12.35,14.006256015399423,31.433333333333334,False,0.71161625398491579,1062,0.56161625398491577,0.72037614900416846,1037,-0.86819606555310169,1116,-1.0181960655531017,-0.8594361705338488,1099,0.48186408844112372,813,0.33186408844112369,0.49062398346037639,789,0.8128799238164689,1112,0.66287992381646887,0.8175326639141357,1104
867,"[4, 0, 0, 3]",12.166666666666666,12.1,20.904716073147256,30.466666666666669,False,0.77603116682438955,963,0.62603116682438953,0.78064994818791866,941,-0.59682735098119277,957,-0.74682735098119279,-0.59220856961766366,946,0.54627900128059736,734,0.3962790012805974,0.55089778264412648,716,0.99457762328256138,988,0.84457762328256136,0.99451658150285438,981
868,"[4, 0, 0, 4]",11.866666666666667,11.5,27.804379210779597,28.833333333333336,False,0.78474600079020262,950,0.68474600079020265,0.77874065621929434,947,-0.38112262288640941,795,-0.48112262288640939,-0.38712796745731781,806,0.4584105821184028,839,0.35841058211840282,0.4524052375474944,853,1.1198646105146084,874,1.0198646105146083,1.1077172963529156,870
869,"[4, 0, 0, 5]",11.033333333333333,10.5,41.601299326275267,18.633333333333333,False,0.94415465358263095,718,0.79415465358263093,0.93186665179933814,724,0.19219363337088885,363,0.042193633370888828,0.17990563158759609,373,0.34188083260091762,1021,0.19188083260091762,0.32959283081762492,1047,1.5113527929519486,553,1.3613527929519484,1.4919482894250899,561
870,"[4, 0, 1, 0]",12.366666666666667,12.199999999999999,1.93334937439846,31.733333333333334,False,0.5931720314439084,1196,0.44317203144390843,0.59442060175792188,1198,-1.3488274873241379,1289,-1.4988274873241378,-1.3475789170101242,1287,0.36341986590011632,983,0.21341986590011633,0.36466843621412981,985,0.48844935741422135,1278,0.33844935741422133,0.48460372529268031,1278
871,"[4, 0, 1, 1]",12.300000000000001,12.25,8.8318094321462937,31.433333333333334,False,0.65987178815238456,1131,0.50987178815238454,0.66514736261414587,1119,-1.0751739288832267,1203,-1.2251739288832266,-1.0698983544214653,1195,0.43011962260859238,883,0.28011962260859236,0.43539519707035379,881,0.67272437646794281,1195,0.52272437646794279,0.67342974814455703,1195
872,"[4, 0, 1, 2]",12.533333333333333,12.300000000000001,15.731472569778633,31.06666666666667,False,0.78686537307021598,948,0.58686537307021591,0.78588615426921504,936,-0.74119044983642524,1047,-0.94119044983642519,-0.74216966863742617,1039,0.55711320752642379,723,0.35711320752642373,0.55613398872542286,713,0.91862992040102065,1041,0.71862992040102069,0.91228835773146022,1036
873,"[4, 0, 1, 3]",12.1,12.050000000000001,22.629932627526468,29.866666666666667,False,0.84099848849917946,857,0.6409984884991794,0.84615995345296513,832,-0.48010353267502665,877,-0.68010353267502666,-0.47494206772124098,862,0.61124632295538728,654,0.41124632295538721,0.61640778790917294,640,1.0887296817227834,913,0.88872968172278344,1.0892722753201789,899
874,"[4, 0, 1, 4]",11.666666666666666,11.550000000000001,29.529595765158806,28.266666666666666,False,0.84514363472698795,851,0.69514363472698792,0.84773498204183195,829,-0.26896849231824793,697,-0.41896849231824795,-0.26637714500340381,686,0.4843038849676039,808,0.33430388496760388,0.48689523228244802,795,1.2088620297795725,806,1.0588620297795726,1.2064203585912927,796
875,"[4, 0, 1, 5]",10.966666666666667,10.6,43.326515880654476,18.399999999999999,False,1.0091219752574205,647,0.80912197525742058,1.0026031379006215,636,0.30891745167705492,261,0.10891745167705491,0.30239861432025572,264,0.37234382318812326,973,0.17234382318812325,0.36582498583132406,981,1.6055048513921701,450,1.4055048513921702,1.5926250358739933,448
876,"[4, 0, 2, 0]",12.266666666666667,11.75,3.6573628488931664,31.833333333333336,False,0.60698490038535202,1189,0.45698490038535206,0.59598129399415822,1195,-1.2832942141478529,1280,-1.4332942141478531,-1.2942978205390467,1281,0.37723273484156,967,0.22723273484155998,0.36622912845036615,978,0.53128016932560251,1262,0.38128016932560249,0.51353735869076789,1266
877,"[4, 0, 2, 1]",12.466666666666667,11.75,10.555822906641001,31.266666666666666,False,0.73282403256983741,1025,0.53282403256983735,0.71496589457163662,1046,-0.95050128023093272,1161,-1.1505012802309327,-0.96835941822913352,1161,0.50307186702604523,784,0.30307186702604516,0.48521372902784449,800,0.77586446672983933,1136,0.57586446672983937,0.75038969733211824,1136
878,"[4, 0, 2, 2]",12.1,11.85,17.455486044273339,30.899999999999999,False,0.73925402266664808,1015,0.58925402266664806,0.73744684650545123,1016,-0.73708139600515155,1045,-0.88708139600515157,-0.7388885721663484,1037,0.50950185712285601,776,0.35950185712285593,0.50769468096165915,773,0.89857413437425737,1057,0.74857413437425735,0.8912219911295477,1053
879,"[4, 0, 2, 3]",11.433333333333334,11.65,24.353946102021172,29.599999999999998,False,0.83539018455410363,873,0.63539018455410357,0.84946280596794699,824,-0.43399143238526122,844,-0.63399143238526123,-0.41991881097141776,836,0.57806342805747224,698,0.37806342805747223,0.59213604947131571,668,1.109653277139319,886,0.90965327713931909,1.1201795929287928,861
880,"[4, 0, 2, 4]",11.166666666666666,11.35,31.253609239653514,26.533333333333339,False,0.8452474404544178,850,0.69524744045441778,0.85800647567179644,809,-0.21714428235597677,652,-0.36714428235597679,-0.20438524713859818,641,0.44992742120513973,850,0.29992742120513971,0.46268645642251827,835,1.2362289241651805,781,1.0862289241651804,1.2452224130420118,758
881,"[4, 0, 2, 5]",10.633333333333333,9.6999999999999993,45.05052935514918,17.5,False,1.0149378906573563,636,0.81493789065735633,0.98848438762814683,653,0.36645377131183166,235,0.16645377131183167,0.34000026828262231,250,0.34367946909816477,1017,0.14367946909816476,0.31722596606895537,1070,1.6393150447468503,403,1.4393150447468503,1.6037955113773439,439
882,"[4, 0, 3, 0]",11.233333333333333,12.199999999999999,5.382579403272377,32.866666666666667,False,0.58882198595960866,1202,0.4388219859596087,0.62891290204666106,1169,-1.2497006319422201,1275,-1.3997006319422201,-1.2096097158551675,1260,0.35906982041581659,992,0.20906982041581659,0.39916073650286898,936,0.53806109374520572,1256,0.38806109374520575,0.57802989461335552,1231
883,"[4, 0, 3, 1]",11.633333333333333,12.5,12.281039461020212,32.100000000000001,False,0.72151564975110083,1049,0.52151564975110076,0.75835046429661324,984,-0.9100531664182927,1138,-1.1100531664182927,-0.8732183518727803,1114,0.4917634842073087,801,0.29176348420730869,0.52859829875282105,746,0.79037734991232922,1123,0.59037734991232926,0.82672433851786375,1101
884,"[4, 0, 3, 2]",11.533333333333333,12.25,19.180702598652552,31.466666666666669,False,0.78708501532392083,947,0.58708501532392088,0.81863629427920848,894,-0.63749390671650263,986,-0.8374939067165027,-0.60594262776121521,959,0.55733284978012865,722,0.35733284978012869,0.58888412873541629,677,0.97339629590726284,1003,0.77339629590726289,1.003740842841609,973
885,"[4, 0, 3, 3]",11.4,11.85,26.079162656400385,29.633333333333333,False,0.80149992816339466,929,0.65149992816339464,0.82368361262672163,880,-0.41612519214459387,826,-0.56612519214459389,-0.39394150768126679,813,0.50966884057917905,774,0.35966884057917903,0.53185252504250613,741,1.1050939953733554,893,0.95509399537335549,1.1248037077987489,857
886,"[4, 0, 3, 4]",11.233333333333333,10.800000000000001,32.978825794032723,21.833333333333336,False,0.86478444986721226,820,0.71478444986721223,0.85609487814938656,810,-0.1458507763118061,601,-0.29585077631180612,-0.15454034802963174,609,0.43496009953034986,870,0.28496009953034984,0.42627052781252422,895,1.2855356217806602,738,1.13553562178066,1.2702412647540728,733
887,"[4, 0, 3, 5]",10.066666666666666,9.9499999999999993,46.775745909528389,12.733333333333334,False,1.0127688833146289,640,0.81276888331462893,1.0144473545656671,620,0.41604126060048058,193,0.21604126060048057,0.41771973185151884,199,0.30700613066785321,1090,0.10700613066785322,0.30868460191889147,1082,1.6641372062798556,380,1.4641372062798557,1.6603933104578263,384
888,"[4, 0, 4, 0]",10.166666666666666,9.9000000000000004,7.1065928777670839,33.766666666666666,True,0.51950461880051924,1261,0.41950461880051926,0.51601366396930848,1263,-1.2672975948664682,1278,-1.3672975948664683,-1.270788549697679,1278,0.28975245325672716,1121,0.18975245325672715,0.2862614984255164,1130,0.4935207716359683,1275,0.39352077163596832,0.48393721222196939,1279
889,"[4, 0, 4, 1]",10.1,9.8499999999999996,14.005052935514918,33.633333333333333,True,0.63620437550899533,1160,0.48620437550899531,0.63325610426804124,1160,-0.94364403642555705,1157,-1.0936440364255571,-0.94659230766651137,1155,0.4064522099652032,925,0.25645220996520318,0.40350393872424906,925,0.7277957906896898,1161,0.57779579068968978,0.71881586665279351,1160
890,"[4, 0, 4, 2]",10.266666666666667,9.9499999999999993,20.904716073147256,32.366666666666667,True,0.71091311655782452,1063,0.5609131165578245,0.70573705620185578,1063,-0.6619454012477578,1004,-0.81194540124775783,-0.66712146160372654,1000,0.48116095101403233,814,0.33116095101403231,0.47598489065806371,818,0.92112401503513874,1038,0.77112401503513872,0.90964816045022279,1039
891,"[4, 0, 4, 3]",9.7333333333333325,9.8499999999999996,27.803176130895093,30.966666666666669,True,0.76161896618328451,988,0.61161896618328448,0.77123733622184287,955,-0.40428574988986277,819,-0.55428574988986279,-0.3946673798513044,815,0.43530760910917476,869,0.28530760910917474,0.44492597914773324,867,1.0873577969754584,915,0.93735779697545829,1.0925531306705207,895
892,"[4, 0, 4, 4]",10.199999999999999,10.15,34.702839268527427,19.600000000000001,True,0.79660950464262392,938,0.69660950464262394,0.80068692927064011,916,-0.16230531730155331,611,-0.26230531730155332,-0.15822789267353701,614,0.33230488481586745,1044,0.23230488481586745,0.33638230944388375,1024,1.2422839594652371,774,1.142283959465237,1.2412801613100553,767
893,"[4, 0, 4, 5]",9.2666666666666675,9.0999999999999996,48.4997593840231,10.499999999999998,True,0.95259089163154864,707,0.80259089163154862,0.95207076457193829,698,0.40758367315224164,201,0.25758367315224162,0.40706354609263135,209,0.21234786949487877,1211,0.062347869494878749,0.21182774243526847,1214,1.629906162521134,412,1.4799061625211338,1.6235374701717036,417
894,"[4, 0, 5, 0]",5.2999999999999998,5.5999999999999996,10.557025986525506,38.433333333333337,True,0.43721534745093671,1293,0.28721534745093669,0.45069221108476731,1290,-1.2460738729532981,1274,-1.3960738729532982,-1.2325970093194676,1269,0.20746318190714461,1215,0.057463181907144584,0.22094004554097516,1202,0.44883519779476272,1289,0.2988351977947627,0.45765912617240784,1288
895,"[4, 0, 5, 1]",5.2999999999999998,5.5999999999999996,17.455486044273339,37.700000000000003,True,0.55619994802841499,1236,0.35619994802841504,0.5696768116622456,1221,-0.92013547064338463,1141,-1.1201354706433846,-0.90665860700955414,1131,0.32644778248462292,1055,0.12644778248462291,0.33992464611845347,1017,0.68568753643611302,1189,0.48568753643611307,0.69451146481375825,1179
896,"[4, 0, 5, 2]",5.166666666666667,5.25,24.355149181905677,35.866666666666667,True,0.6206268916667339,1169,0.42062689166673384,0.62647832108734947,1172,-0.64871863287609588,993,-0.84871863287609584,-0.6428672034554801,982,0.36327607357241243,984,0.16327607357241244,0.3691275029930281,971,0.86741782263723199,1081,0.66741782263723204,0.86758060071645082,1076
897,"[4, 0, 5, 3]",5.4333333333333336,5.3499999999999996,31.253609239653514,32.266666666666666,True,0.69875086772022144,1087,0.49875086772022137,0.69894724222231908,1077,-0.36364085509017324,782,-0.56364085509017325,-0.36344448058807549,786,0.30343084847094326,1095,0.10343084847094322,0.30362722297304101,1092,1.064579439629098,940,0.864579439629098,1.0583803077788538,928
898,"[4, 0, 5, 4]",5.4000000000000004,5.4000000000000004,38.153272377285852,24.399999999999999,True,0.71660507716204369,1055,0.56660507716204367,0.71968603387738816,1038,-0.13879675151938081,596,-0.28879675151938083,-0.13571579480403628,594,0.18329179516011873,1226,0.033291795160118709,0.18637275187546329,1229,1.2001757052116604,813,1.0501757052116603,1.1972389173657572,803
899,"[4, 0, 5, 5]",4.2999999999999998,4.4500000000000002,51.950192492781518,3.2333333333333334,True,0.81687435447846257,907,0.66687435447846255,0.82455418973617756,875,0.21936472983938665,339,0.06936472983938663,0.22704456509710166,330,0.0076226701666242958,1282,-0.14237732983337573,0.015302505424339308,1281,1.5313546092984849,537,1.3813546092984847,1.5334435946484577,533
900,"[4, 1, 0, 0]",12.033333333333333,11.75,0.76154956689124154,32.06666666666667,False,0.57002981402382491,1221,0.42002981402382483,0.56702316117413898,1225,-1.4071236989694378,1292,-1.5571236989694379,-1.4101303518191237,1293,0.34027764848003272,1030,0.1902776484800327,0.33727099563034685,1022,0.44382327956036804,1290,0.29382327956036802,0.43510108748223453,1292
901,"[4, 1, 0, 1]",12.133333333333333,12.15,7.6600096246390761,31.633333333333333,False,0.64244168040480654,1151,0.49244168040480651,0.64994504398158237,1141,-1.1277580308560213,1222,-1.2777580308560212,-1.1202546672792453,1218,0.41268951486101446,917,0.26268951486101444,0.4201928784377903,904,0.63454159758316175,1217,0.48454159758316173,0.63774289980779553,1209
902,"[4, 1, 0, 2]",12.266666666666667,12.199999999999999,14.559672762271415,31.466666666666669,False,0.76600799951913445,981,0.5660079995191345,0.77068383563665144,961,-0.79720181761272291,1069,-0.99720181761272286,-0.79252598149520592,1066,0.53625583397534249,749,0.33625583397534242,0.54093167009285925,728,0.87658116213479631,1073,0.67658116213479624,0.87660150939469839,1064
903,"[4, 1, 0, 3]",11.800000000000001,11.949999999999999,21.458132820019248,30.833333333333332,False,0.81899869301359685,904,0.61899869301359689,0.83095763482040153,862,-0.53725732238582569,913,-0.73725732238582564,-0.52529838057902101,899,0.58924652746980488,683,0.38924652746980481,0.60120546927660945,655,1.0453922636627446,959,0.84539226366274456,1.0535854269834173,936
904,"[4, 1, 0, 4]",11.733333333333333,11.199999999999999,28.357795957651589,28.199999999999996,False,0.83571048052091801,872,0.68571048052091799,0.82382186201554031,879,-0.31355564074953435,727,-0.46355564074953437,-0.32544425925491205,740,0.49830672691167838,789,0.34830672691167835,0.48641810840630068,797,1.1796998694514924,826,1.0296998694514925,1.1608650892018995,833
905,"[4, 1, 0, 5]",10.699999999999999,10.65,42.154716073147256,18.666666666666668,False,0.98826460170633923,666,0.78826460170633927,0.9926273001042949,650,0.25290608390075692,307,0.052906083900756906,0.25726878229871258,301,0.37492244578718625,971,0.17492244578718624,0.37928514418514192,960,1.5634560931259458,501,1.3634560931259458,1.5628592401688106,496
906,"[4, 1, 1, 0]",12.233333333333333,11.800000000000001,2.4867661212704522,31.866666666666667,False,0.59413651117462374,1193,0.44413651117462377,0.58601748699667677,1207,-1.3312605051872626,1286,-1.4812605051872627,-1.33937952936521,1285,0.36438434563083166,980,0.21438434563083167,0.35626532145288459,998,0.49828461635110544,1274,0.34828461635110541,0.4838041497206117,1280
907,"[4, 1, 1, 1]",12.300000000000001,12,9.3852261790182876,31.433333333333334,False,0.61540595562110445,1177,0.51540595562110447,0.6119707286891376,1185,-1.1030372590083468,1213,-1.2030372590083469,-1.1064724859403134,1211,0.38565379007731226,950,0.28565379007731229,0.38221856314534552,953,0.63771427458008467,1216,0.53771427458008469,0.62855122520406737,1212
908,"[4, 1, 1, 2]",12.433333333333334,12.15,16.284889316650627,30.566666666666666,False,0.73897227473543248,1016,0.58897227473543246,0.73619384090169793,1019,-0.77248104576504883,1055,-0.92248104576504886,-0.77525947959878339,1054,0.50922010919164029,777,0.35922010919164027,0.50644167535790585,775,0.87975383913171934,1070,0.72975383913171932,0.87135720321202315,1071
909,"[4, 1, 1, 3]",11.733333333333333,11.949999999999999,23.18334937439846,29.299999999999997,False,0.78396601468838678,953,0.63396601468838676,0.79820980036419364,922,-0.52053350407965948,897,-0.6705335040796595,-0.50628971840385251,888,0.55005119274420966,732,0.40005119274420964,0.56429497842001664,708,1.0395443221029663,962,0.88954432210296641,1.0503148050112681,939
910,"[4, 1, 1, 4]",11.5,11.300000000000001,30.083012512030798,26.866666666666667,False,0.79496569252320215,941,0.69496569252320217,0.79455834811682358,927,-0.30254393211587394,718,-0.40254393211587391,-0.3029512765222524,717,0.42305760782637825,892,0.32305760782637827,0.42265026341999978,898,1.1674086289226422,833,1.0674086289226421,1.1615418356508029,831
911,"[4, 1, 1, 5]",10.666666666666666,10.6,43.879932627526465,18.366666666666667,False,0.95437434531563026,706,0.80437434531563023,0.95813730536934127,689,0.27077232414142421,291,0.12077232414142419,0.27453528419513529,286,0.30652785830889306,1092,0.15652785830889307,0.31029081836260419,1080,1.5588968113599821,509,1.4088968113599822,1.5576149339861352,505
912,"[4, 1, 2, 0]",11.800000000000001,11.75,4.2107795957651586,32.299999999999997,False,0.64652516077105604,1143,0.44652516077105603,0.6515154614628782,1137,-1.2271514513559894,1271,-1.4271514513559893,-1.2221611506641672,1266,0.41677299522726391,904,0.2167729952272639,0.42176329591908601,900,0.57822883032434214,1236,0.37822883032434218,0.57852725680290962,1230
913,"[4, 1, 2, 1]",12.066666666666666,11.949999999999999,11.109239653512994,31.666666666666668,False,0.67464913682454353,1113,0.5246491368245435,0.67746870315533902,1111,-0.99207367357006671,1175,-1.1420736735700667,-0.98925410723927121,1170,0.44489697128075134,858,0.29489697128075132,0.44771653761154689,862,0.72539044731620805,1164,0.57539044731620803,0.7232743322863654,1155
914,"[4, 1, 2, 2]",11.766666666666667,11.949999999999999,18.008902791145331,31.233333333333334,False,0.73336397079035665,1023,0.58336397079035662,0.74646533453166242,1001,-0.72636894547528341,1038,-0.87636894547528343,-0.71326758173397764,1023,0.50361180524656457,783,0.35361180524656449,0.51671316898787034,761,0.900677434548255,1056,0.75067743454825497,0.91015925766274208,1038
915,"[4, 1, 2, 3]",11.199999999999999,11.65,24.907362848893168,29.833333333333332,False,0.83292739848131547,878,0.63292739848131552,0.85499697343666692,815,-0.41985171605188948,831,-0.61985171605188949,-0.39778214109653803,820,0.56453230704724433,715,0.36453230704724426,0.58660188200259578,680,1.11562255669476,880,0.91562255669476,1.1351694910409347,847
916,"[4, 1, 2, 4]",10.966666666666667,11.6,31.807025986525506,24.799999999999997,False,0.84392707631613095,852,0.69392707631613093,0.87225144453424464,790,-0.20186214408810388,642,-0.3518621440881039,-0.1735377758699902,632,0.43753872212941297,867,0.28753872212941295,0.46586309034752665,832,1.2434868635144358,771,1.0934868635144357,1.2700807322067851,734
917,"[4, 1, 2, 5]",10.666666666666666,9.6999999999999993,45.603946102021176,16.299999999999997,False,1.0216144800605773,624,0.82161448006057736,0.99401855509686676,648,0.38973286312121269,214,0.18973286312121265,0.36213693815750214,236,0.33928772356394599,1034,0.13928772356394595,0.31169179860023544,1075,1.6555936026528066,389,1.4555936026528067,1.6187854094894858,420
918,"[4, 1, 3, 0]",11.300000000000001,12.15,5.9359961501443692,32.799999999999997,False,0.64664099729733104,1142,0.44664099729733103,0.68270490923663529,1103,-1.175279118198338,1247,-1.3752791181983379,-1.1392152062590337,1229,0.41688883175353897,903,0.21688883175353893,0.45295274369284327,851,0.60562831144497653,1225,0.40562831144497646,0.64104610851497101,1206
919,"[4, 1, 3, 1]",11.5,12.300000000000001,12.834456207892204,32.233333333333334,False,0.67248012948181624,1116,0.52248012948181621,0.70691599065035071,1062,-0.94248618428141773,1153,-1.0924861842814177,-0.90805032311288325,1133,0.44272796393802405,862,0.29272796393802403,0.47716382510655853,815,0.75021260884921348,1150,0.60021260884921346,0.78381949978790033,1122
920,"[4, 1, 3, 2]",11.466666666666667,12.050000000000001,19.734119345524544,31.533333333333331,False,0.79033433892363858,944,0.59033433892363851,0.81720182063294589,896,-0.61764208071062532,974,-0.81764208071062527,-0.59077459900131801,945,0.56058217337984639,717,0.36058217337984633,0.5874496550891537,679,0.98580887443177589,994,0.78580887443177583,1.0108360041116455,964
921,"[4, 1, 3, 3]",11.433333333333334,11.9,26.632579403272377,29.599999999999998,False,0.80817651756661568,922,0.65817651756661566,0.8309599403741873,861,-0.39284610033521306,810,-0.54284610033521308,-0.37006267752764144,789,0.50527709504496021,780,0.35527709504496019,0.52806051785253183,747,1.1213725532793117,871,0.97137255327931182,1.1417672901214171,846
922,"[4, 1, 3, 4]",11.266666666666667,10.800000000000001,33.532242540904718,18.666666666666664,False,0.87146103927043328,813,0.72146103927043326,0.86162904561810649,806,-0.12257168450242506,583,-0.27257168450242508,-0.1324036781547519,591,0.43056835399613114,882,0.28056835399613111,0.42073636034380424,901,1.3018141796866165,719,1.1518141796866166,1.2852311628662152,720
923,"[4, 1, 3, 5]",10.333333333333334,9.9000000000000004,47.329162656400385,10.4,False,1.027442426259358,618,0.82744242625935804,1.0182393617556416,611,0.44731730595136959,174,0.24731730595136958,0.4381142414476531,187,0.31061133867514246,1084,0.11061133867514245,0.30140827417142596,1099,1.6894363827425132,350,1.4894363827425132,1.673409524359442,368
924,"[4, 1, 4, 0]",10.066666666666666,9.5,7.6600096246390761,33.700000000000003,True,0.57161152046573571,1219,0.42161152046573575,0.5576105492080633,1242,-1.1985881907950922,1255,-1.3485881907950921,-1.2125891620527645,1262,0.34185935492194364,1022,0.19185935492194364,0.32785838366427122,1054,0.55464469036666686,1247,0.40464469036666684,0.53313763664990077,1255
925,"[4, 1, 4, 1]",10.166666666666666,9.6999999999999993,14.55846968238691,33.56666666666667,True,0.59402338684671752,1194,0.49402338684671754,0.58356379090052413,1208,-0.96922252268167497,1167,-1.0692225226816749,-0.97968211862786847,1165,0.36427122130292544,981,0.26427122130292541,0.35381162535673205,999,0.69536300838946052,1184,0.59536300838946055,0.67788471213335633,1192
926,"[4, 1, 4, 2]",10.166666666666666,9.8499999999999996,21.458132820019248,32.466666666666669,True,0.71302001822304095,1060,0.56302001822304093,0.70778690311308445,1058,-0.64323599717638158,991,-0.7932359971763816,-0.64846911228633808,986,0.48326785267924882,811,0.3332678526792488,0.47803473756929238,812,0.93224793376583726,1034,0.78224793376583723,0.92069069014131211,1029
927,"[4, 1, 4, 3]",9.6999999999999993,9.8000000000000007,28.356592877767085,30.233333333333331,True,0.76601071171750335,980,0.61601071171750332,0.77502934341181728,951,-0.38329150194948414,801,-0.53329150194948416,-0.3742728702551702,795,0.42863101970595374,886,0.27863101970595372,0.43764965140026774,876,1.1010590352937855,898,0.95105903529378555,1.1055693445721362,872
928,"[4, 1, 4, 4]",10.033333333333333,10.25,35.256256015399423,19.766666666666666,True,0.79643156243883806,939,0.69643156243883808,0.8097054172968513,904,-0.14588075709917922,602,-0.24588075709917923,-0.13260690224116592,592,0.32105860767464178,1061,0.22105860767464175,0.33433246253265503,1033,1.2508305586083068,764,1.1508305586083067,1.2602174278432499,744
929,"[4, 1, 4, 5]",9.0999999999999996,9.3000000000000007,49.053176130895089,8.5333333333333332,True,0.95241294942776278,709,0.80241294942776276,0.96457357315564085,675,0.42400823335461546,191,0.27400823335461544,0.43616885708249353,189,0.20110159235365316,1219,0.051101592353653136,0.21326221608153123,1212,1.6384527616642033,405,1.4884527616642034,1.6464221051259504,396
930,"[4, 1, 5, 0]",5,5.5499999999999998,11.110442733397498,38.733333333333334,True,0.48246771750914635,1281,0.28246771750914634,0.50448421827474155,1270,-1.1842190004889288,1253,-1.3842190004889288,-1.1622024997233336,1243,0.25271555196535422,1175,0.05271555196535424,0.27473205273094942,1146,0.50222715776257454,1273,0.30222715776257458,0.52067534007402339,1261
931,"[4, 1, 5, 1]",5.166666666666667,5.5499999999999998,18.008902791145331,37.833333333333336,True,0.5071644277591304,1268,0.35716442775913038,0.52346881885221985,1259,-0.95256848850650966,1162,-1.1025684885065097,-0.93626409741342009,1150,0.27741226221533832,1137,0.12741226221533827,0.29371665330842778,1118,0.64552279537299717,1209,0.49552279537299715,0.65752767871537365,1199
932,"[4, 1, 5, 2]",5.1333333333333337,5.2999999999999998,24.908565928777669,35.899999999999999,True,0.62501863720095274,1166,0.42501863720095268,0.63375464883481514,1159,-0.62772438493571725,978,-0.82772438493571721,-0.61898837330185486,969,0.35659948416919141,997,0.15659948416919137,0.3653354958030538,982,0.88111906095555947,1069,0.68111906095555941,0.88454418303911875,1055
933,"[4, 1, 5, 3]",5.4333333333333336,5.25,31.807025986525506,30.333333333333332,True,0.70428503518894137,1073,0.5042850351889413,0.70099708913354775,1071,-0.34150418521529352,762,-0.54150418521529353,-0.34479213127068703,765,0.29789668100222333,1105,0.097896681002223304,0.29460873494682976,1116,1.0795693377412399,923,0.8795693377412398,1.069422837469943,917
934,"[4, 1, 5, 4]",5.2999999999999998,5.4000000000000004,38.706689124157847,24.5,True,0.71871197882726012,1053,0.5687119788272601,0.72522020134610821,1034,-0.12008734744800442,579,-0.27008734744800444,-0.11357912492915645,576,0.17433036188789533,1229,0.024330361887895308,0.18083858440674333,1233,1.211299623942359,801,1.0612996239423589,1.2122288154778991,791
935,"[4, 1, 5, 5]",4.2000000000000002,4.2999999999999998,52.503609239653514,3.333333333333333,True,0.81898125614367911,905,0.66898125614367909,0.8248618763686606,873,0.1938007941610034,361,0.043800794161003381,0.19968141438598488,352,-0.0013387631055990501,1287,-0.15133876310559907,0.0045418571193824309,1283,1.5424785280291835,525,1.3924785280291836,1.5425124401290207,521
936,"[4, 2, 0, 0]",13.366666666666667,13.25,1.3173724735322425,30.733333333333334,False,0.62128492047028061,1168,0.47128492047028053,0.62484619860291835,1174,-1.3391939053237518,1287,-1.489193905323752,-1.3356326271911141,1284,0.39153275492648842,943,0.2415327549264884,0.39509403305912616,944,0.51042474289514006,1270,0.36042474289513998,0.50936668538021856,1268
937,"[4, 2, 0, 1]",13.300000000000001,13.25,8.2158325312800766,30.466666666666665,False,0.7379846771787566,1018,0.53798467717875664,0.74383079918039652,1006,-1.015540346882841,1182,-1.215540346882841,-1.0096942248812011,1177,0.50823251163496452,778,0.30823251163496451,0.51407863363660455,764,0.74469976194886156,1155,0.54469976194886149,0.74621902402156892,1141
938,"[4, 2, 0, 2]",13.333333333333334,13.050000000000001,15.115495668912416,30.399999999999999,False,0.75812373048958126,995,0.60812373048958124,0.75585878944173757,986,-0.78841139944304628,1064,-0.9384113994430463,-0.79067634049088997,1063,0.52837156494578907,757,0.37837156494578905,0.52610662389794538,749,0.88287334711905274,1067,0.73287334711905272,0.8752092125558405,1068
939,"[4, 2, 0, 3]",12.866666666666667,12.75,22.013955726660249,29.766666666666666,False,0.86111442398404359,826,0.66111442398404352,0.86439042834674185,802,-0.47846690421614896,876,-0.67846690421614897,-0.47519089985345059,863,0.6313622584402514,636,0.43136225844025139,0.63463826280294977,619,1.101684448647001,896,0.90168444864700092,1.1002194459340329,883
940,"[4, 2, 0, 4]",12.466666666666667,12.800000000000001,28.913618864292587,27.466666666666661,False,0.86640199214635316,818,0.71640199214635314,0.88512922000181105,773,-0.26618944192486921,695,-0.41618944192486923,-0.24746221406941138,672,0.51788178040429356,765,0.36788178040429353,0.53660900825975144,735,1.2231054564976045,793,1.0731054564976046,1.239078055520936,769
941,"[4, 2, 0, 5]",11.5,10.85,42.710538979788261,17.866666666666667,False,1.0212409572007768,625,0.82124095720077672,1.0051541702856874,635,0.30255712659442457,264,0.10255712659442456,0.28647033967933533,276,0.39678234314880367,938,0.19678234314880363,0.38069555623371443,956,1.6094389997596867,442,1.4094389997596868,1.5858090485931104,460
942,"[4, 2, 1, 0]",13.166666666666666,13.15,3.0425890279114531,30.933333333333337,False,0.68168255440706571,1104,0.48168255440706575,0.68861404358921918,1093,-1.2270397747555908,1270,-1.4270397747555907,-1.2201082855734373,1264,0.45193038886327369,847,0.25193038886327368,0.45886187804542705,842,0.59942216216010413,1228,0.39942216216010407,0.60214869498701673,1223
943,"[4, 2, 1, 1]",13.533333333333333,12.949999999999999,9.9410490856592872,30.200000000000003,False,0.71323379626405681,1059,0.56323379626405679,0.70063000305171486,1073,-0.98853473116616464,1174,-1.1385347311661647,-1.0011385243785065,1174,0.48348163072026462,809,0.3334816307202646,0.47087783750792278,823,0.75044975853341322,1149,0.6004497585334132,0.73110629678626182,1149
944,"[4, 2, 1, 2]",13.533333333333333,12.85,16.840712223291625,29.466666666666669,False,0.78223042764038009,956,0.63223042764038007,0.76614231387054688,971,-0.71254820566087107,1030,-0.86254820566087109,-0.72863631943070428,1031,0.55247826209658801,729,0.40247826209658799,0.5363901483267548,736,0.93733468390979013,1031,0.78733468390979011,0.91404385374158614,1032
945,"[4, 2, 1, 3]",13.066666666666666,13.15,23.739172281039462,27.966666666666665,False,0.88522112113484241,789,0.68522112113484246,0.89557987612049916,760,-0.40260371043397375,817,-0.60260371043397376,-0.39224495544831689,811,0.64018984105784527,627,0.44018984105784531,0.65054859604350213,601,1.1561457854377384,844,0.95614578543773843,1.1627382976460945,827
946,"[4, 2, 1, 4]",12.9,12.6,30.6388354186718,25.200000000000003,False,0.89850564283866019,766,0.74850564283866017,0.89541274443062047,761,-0.1823292946011858,626,-0.33232929460118582,-0.18542219300922547,635,0.51548110000901626,770,0.36548110000901629,0.51238820160097664,766,1.2865874118450429,734,1.136587411845043,1.2779126967066818,722
947,"[4, 2, 1, 5]",11.733333333333333,10.75,44.43575553416747,16.399999999999999,False,1.0464900762860767,588,0.84649007628607675,1.0189220152719882,609,0.37956274231110088,221,0.17956274231110089,0.35199468129701239,244,0.38752713114651954,946,0.18752713114651953,0.35995907013243106,994,1.6651889963442386,377,1.4651889963442386,1.6285910581999088,413
948,"[4, 2, 2, 0]",12.933333333333334,12.6,4.76660250240616,31.166666666666668,False,0.64092573561050492,1154,0.49092573561050484,0.6366904152679641,1158,-1.2160761893173104,1265,-1.3660761893173103,-1.2203115096598514,1265,0.41117357006671273,919,0.26117357006671271,0.40693824972417203,920,0.58709833489622754,1232,0.43709833489622751,0.57713495996405173,1232
949,"[4, 2, 2, 1]",13.066666666666666,12.75,11.665062560153995,30.666666666666668,False,0.71448002392598775,1058,0.56448002392598773,0.71090149668167935,1052,-0.93556809926939211,1152,-1.0855680992693921,-0.93914662651370062,1152,0.48472785838219562,807,0.3347278583821956,0.48114933113788722,808,0.77910531271283567,1129,0.62910531271283565,0.76990835123698109,1127
950,"[4, 2, 2, 2]",13.033333333333333,12.75,18.564725697786333,29.966666666666669,False,0.73233423336781001,1028,0.63233423336781003,0.72989812805800269,1028,-0.71072399569860001,1028,-0.81072399569859999,-0.71316010100840732,1022,0.50258206782401793,785,0.4025820678240179,0.50014596251421062,779,0.91470157829539789,1046,0.81470157829539791,0.90679327661335773,1041
951,"[4, 2, 2, 3]",12.5,12.949999999999999,25.463185755534166,28.533333333333331,False,0.83304008299327015,877,0.68304008299327013,0.85585136975046372,812,-0.40306434434070504,818,-0.55306434434070506,-0.38025305758351136,801,0.55352853342637887,727,0.40352853342637884,0.57633982018357255,693,1.1309353602357173,863,0.98093536023571737,1.1515403520968133,839
952,"[4, 2, 2, 4]",12.233333333333333,12.4,32.362848893166507,21.333333333333336,False,0.84289733889358431,854,0.74289733889358434,0.85568423806058491,813,-0.18621719431142045,634,-0.28621719431142045,-0.17343029514441985,631,0.42539252657404636,890,0.32539252657404633,0.43817942574104696,875,1.2575110072615789,758,1.1575110072615789,1.2667147511574008,737
953,"[4, 2, 2, 5]",10.833333333333334,10,46.159769008662174,12.833333333333334,False,0.98288481879949308,672,0.83288481879949305,0.96002974583575074,685,0.36767788905935828,232,0.21767788905935828,0.34482281609561594,249,0.28944160417004172,1122,0.13944160417004173,0.26658653120629938,1159,1.6270919732040734,416,1.4770919732040733,1.5956825863348381,445
954,"[4, 2, 3, 0]",11.766666666666667,12.5,6.4918190567853706,32.333333333333336,False,0.66819313344675701,1121,0.468193133446757,0.70045826025426483,1074,-1.1370522948496817,1230,-1.3370522948496817,-1.1047871680421739,1210,0.43844096790296494,866,0.2384409679029649,0.4707060947104727,824,0.63872462014057318,1215,0.43872462014057317,0.66991696957084979,1196
955,"[4, 2, 3, 1]",11.933333333333334,12.35,13.390279114533206,31.800000000000001,False,0.74288984369674105,1009,0.54288984369674109,0.7642163799955064,974,-0.85540178286726287,1104,-1.0554017828672628,-0.83407524656849774,1084,0.51313767815294886,771,0.31313767815294891,0.53446421445171421,739,0.83202025775099564,1105,0.63202025775099568,0.85084825558062116,1086
956,"[4, 2, 3, 2]",11.766666666666667,12.699999999999999,20.289942252165545,31.233333333333334,False,0.75617436540055882,997,0.6061743654005588,0.79540813332304927,926,-0.63512736703447492,982,-0.78512736703447494,-0.59589359911198447,950,0.52642219985676664,759,0.37642219985676661,0.56565596777925709,707,0.96246188415830036,1013,0.81246188415830034,1.0015489704306821,975
957,"[4, 2, 3, 3]",11.800000000000001,11.75,27.188402309913378,29.233333333333331,False,0.82630138791253827,893,0.67630138791253824,0.83129168860436031,858,-0.35804654279006043,778,-0.50804654279006045,-0.35305624209823827,777,0.51228550725806277,772,0.3622855072580628,0.51727580794988492,760,1.1506028825934651,847,1.0006028825934652,1.1509013090720326,840
958,"[4, 2, 3, 4]",11.699999999999999,11.35,34.088065447545716,18.100000000000001,False,0.89187075348535816,775,0.74187075348535814,0.88635103775071855,771,-0.08548728308827036,550,-0.23548728308827038,-0.091006998822910079,559,0.43986161007823599,864,0.28986161007823597,0.43434189434359627,882,1.3336218285883987,688,1.1836218285883986,1.3219967607641991,686
959,"[4, 2, 3, 5]",9.9000000000000004,10.1,47.884985563041383,10.266666666666667,False,1.0181491701772531,633,0.81814917017725319,1.0307662319370341,588,0.45469873706849462,169,0.25469873706849461,0.46731579882827551,173,0.29020162446021758,1117,0.090201624460217594,0.30281868621999852,1095,1.6877388770051198,351,1.4877388770051199,1.6963593327837416,355
960,"[4, 2, 4, 0]",10.199999999999999,10.449999999999999,8.2158325312800766,33.566666666666663,True,0.58173943727015032,1211,0.43173943727015035,0.59626982357064051,1194,-1.1717855867914473,1245,-1.3217855867914474,-1.1572552004909573,1242,0.35198727172635824,1004,0.20198727172635822,0.36651765802684838,977,0.57485440112411923,1237,0.42485440112411915,0.58569270823209529,1228
961,"[4, 2, 4, 1]",10,10.35,15.114292589027912,33.733333333333334,True,0.64386950624062189,1147,0.49386950624062187,0.66177010359062749,1122,-0.90270171608854077,1134,-1.0527017160885408,-0.88480111873853506,1122,0.41411734069682976,912,0.26411734069682974,0.43201793804683541,885,0.75397478100258297,1145,0.60397478100258295,0.76859767845239302,1128
962,"[4, 2, 4, 2]",10.300000000000001,10.4,22.013955726660249,32.333333333333329,True,0.67314793502745551,1115,0.57314793502745554,0.68250889524569658,1104,-0.66643339317273698,1007,-0.76643339317273695,-0.65707243295449591,995,0.44339576948366344,861,0.3433957694836634,0.4527567297019045,852,0.90245764452328958,1054,0.8024576445232896,0.90745628803929612,1040
963,"[4, 2, 4, 3]",10.433333333333334,10.15,28.912415784408086,29.499999999999996,True,0.7967022233429385,937,0.64670222334293848,0.79278269442944682,930,-0.33592530312481894,755,-0.48592530312481896,-0.33984483203831067,758,0.44820607319856892,853,0.2982060731985689,0.44428654428507719,868,1.1444646223398978,852,0.99446462233989774,1.134440205628015,848
964,"[4, 2, 4, 4]",10.300000000000001,10.300000000000001,35.812078922040421,19.5,True,0.81112916698125714,915,0.71112916698125717,0.81700580664200706,897,-0.1145084653575302,573,-0.21450846535753021,-0.1086318256967804,569,0.32463975408424095,1059,0.22463975408424094,0.33051639374499076,1043,1.2761949085410169,748,1.1761949085410168,1.2772461836359708,723
965,"[4, 2, 4, 5]",9.1666666666666661,9.3000000000000007,49.608999037536094,7.6333333333333346,True,0.96025602236317509,697,0.81025602236317507,0.97013180222205098,668,0.44852599348925792,173,0.2985259934892579,0.45840177334813376,177,0.19782820715624533,1220,0.047828207156245306,0.20770398701512116,1220,1.6560851528340268,387,1.5060851528340269,1.6614771767081455,382
966,"[4, 2, 5, 0]",5.166666666666667,4.8499999999999996,11.666265640038498,38.56666666666667,True,0.49373805624806205,1274,0.29373805624806204,0.48565220343871252,1283,-1.1562739745507831,1241,-1.356273974550783,-1.1643598273601325,1246,0.26398589070426992,1160,0.063985890704269938,0.25590003789492038,1176,0.52372552831384134,1266,0.32372552831384138,0.50809883270884948,1269
967,"[4, 2, 5, 1]",5.1333333333333337,5,18.564725697786333,37.866666666666667,True,0.56158023489103925,1232,0.3615802348910393,0.55986328485242787,1237,-0.88147799417537076,1128,-1.0814779941753707,-0.88319494421398237,1121,0.33182806934724718,1047,0.13182806934724714,0.33011111930863568,1044,0.70928920716137722,1175,0.50928920716137727,0.70087222398177884,1171
968,"[4, 2, 5, 2]",5.0333333333333332,4.8499999999999996,25.464388835418671,36,True,0.57714960046385921,1214,0.42714960046385919,0.57363343539251432,1218,-0.65891873447358074,1001,-0.80891873447358076,-0.66243489954492574,997,0.29761398929927796,1107,0.14761398929927791,0.29409782422793296,1117,0.8423081531563108,1099,0.69230815315631078,0.83183609672657666,1097
969,"[4, 2, 5, 3]",5,4.8499999999999996,32.362848893166507,28.56666666666667,True,0.69499177910683652,1091,0.49499177910683645,0.69261803596999261,1087,-0.33412275409816833,753,-0.53412275409816834,-0.33649649723501213,751,0.27748696678729845,1136,0.077486966787298425,0.2751132236504546,1145,1.0778718320038467,927,0.87787183200384677,1.0686884353679271,918
970,"[4, 2, 5, 4]",5.2333333333333334,4.7999999999999998,39.262512030798845,24.566666666666666,True,0.72198536402466784,1047,0.57198536402466782,0.70987250706757032,1055,-0.10013927505136683,561,-0.25013927505136685,-0.11225213200846429,573,0.16648728895248305,1233,0.016487288952483026,0.15437443199538559,1245,1.2237773759369244,792,1.0737773759369245,1.2035996765337775,799
971,"[4, 2, 5, 5]",4.2333333333333334,3.7999999999999998,53.059432146294512,3.2999999999999998,True,0.82568190714459033,895,0.67568190714459031,0.8129985026476142,899,0.17271029982986463,375,0.022710299829864625,0.16002689533288855,389,-0.0057545702375078611,1289,-0.15575457023750788,-0.01843797473448397,1287,1.5588222594051926,510,1.4088222594051925,1.537830669605952,528
972,"[4, 3, 0, 0]",10.633333333333333,11.35,1.8707892204042349,33.466666666666669,False,0.53314048930990676,1250,0.3831404893099068,0.56417827547930366,1230,-1.4107358340779661,1293,-1.5607358340779662,-1.3796980479085694,1291,0.30338832376611469,1096,0.15338832376611466,0.33442610993551153,1031,0.41974453791449828,1292,0.26974453791449826,0.44935658349236041,1290
973,"[4, 3, 0, 1]",10.933333333333334,11.5,8.7692492781520688,32.799999999999997,False,0.66240688729789543,1126,0.46240688729789542,0.68838935689301906,1095,-1.0745156343575428,1202,-1.2745156343575428,-1.0485331647624192,1188,0.4326547217541033,874,0.23265472175410329,0.45863719134922687,844,0.6681948147001785,1200,0.46819481470017849,0.6921299747652897,1182
974,"[4, 3, 0, 2]",11.033333333333333,11.25,15.668912415784408,32.56666666666667,False,0.73483078447772221,1020,0.53483078447772225,0.74867518687561407,998,-0.79510184304874576,1068,-0.99510184304874572,-0.7812574406508539,1056,0.50507861893393013,782,0.30507861893393012,0.518923021331822,758,0.85894571945799858,1090,0.65894571945799862,0.86914647908903486,1074
975,"[4, 3, 0, 3]",11.1,11.300000000000001,22.567372473532242,30.866666666666667,False,0.75610022892420292,998,0.6061002289242029,0.76940194773183812,964,-0.56687859686982978,932,-0.7168785968698298,-0.55357687806219458,916,0.52634806338041074,760,0.37634806338041077,0.53964978218804593,730,0.99837537768697782,985,0.84837537768697779,1.0079725019409116,969
976,"[4, 3, 0, 4]",10.466666666666667,11.5,29.467035611164583,29.466666666666661,False,0.80339084354500456,926,0.65339084354500454,0.84536722022314414,833,-0.31259808812005796,726,-0.46259808812005798,-0.27062171144191838,692,0.44380229686550504,860,0.29380229686550502,0.48577867354364462,799,1.1607757669808803,842,1.0107757669808803,1.2027521641593939,800
977,"[4, 3, 0, 5]",9.7666666666666675,9.5,43.263955726660249,19.600000000000001,False,0.96736918407543726,685,0.76736918407543731,0.96365001022827501,677,0.26528785587524478,298,0.065287855875244771,0.26156868202808253,297,0.3318422350860244,1046,0.13184223508602441,0.32812306123886215,1053,1.5574185885934779,515,1.357418588593478,1.5475094730210417,516
978,"[4, 3, 1, 0]",10.866666666666667,11.4,3.5960057747834457,33.233333333333334,False,0.60838960839520695,1184,0.40838960839520694,0.6331726013018415,1161,-1.28373021836129,1281,-1.4837302183612899,-1.2589472254546554,1275,0.37863744285141482,961,0.17863744285141481,0.40342043575804937,926,0.52549453449905004,1265,0.32549453449905008,0.54805964573073762,1251
979,"[4, 3, 1, 1]",11.133333333333333,11.4,10.494465832531279,32.600000000000001,False,0.63651358444869444,1159,0.48651358444869436,0.65215720187931991,1136,-1.0486524405753674,1192,-1.1986524405753674,-1.0330088231447419,1186,0.40676141890490225,924,0.25676141890490223,0.42240503633552773,899,0.67265615149091584,1196,0.52265615149091582,0.684911984372088,1187
980,"[4, 3, 1, 2]",11.433333333333334,11.4,17.394128970163617,31.566666666666666,False,0.76579201323552804,982,0.56579201323552797,0.77115383325564313,956,-0.71238411765956333,1029,-0.9123841176595634,-0.70702229763944824,1017,0.53603984769173585,750,0.33603984769173589,0.54140166771185116,722,0.92113901501162254,1037,0.72113901501162259,0.92179690974846462,1026
981,"[4, 3, 1, 3]",11.1,11.300000000000001,24.292589027911454,29.93333333333333,False,0.77335239446799509,968,0.62335239446799506,0.78665411327563028,935,-0.49786993469466134,887,-0.64786993469466136,-0.48456821588702614,870,0.51725277945355808,766,0.36725277945355805,0.53055449826119327,742,1.0451047557148287,960,0.89510475571482861,1.0547018799687624,933
982,"[4, 3, 1, 4]",10.233333333333333,11.199999999999999,31.192252165543792,27.466666666666669,False,0.81264605554728864,912,0.66264605554728861,0.8521664240944623,818,-0.25158637948639762,675,-0.40158637948639764,-0.21206601093922395,646,0.41855317778020495,899,0.26855317778020493,0.45807354632737862,846,1.1984845264520301,814,1.0484845264520302,1.2376394369240864,774
983,"[4, 3, 1, 5]",9.8333333333333339,9.3499999999999996,44.989172281039458,18.299999999999997,False,0.98690619348823172,667,0.78690619348823165,0.97567569493583006,662,0.3365813619194154,246,0.13658136191941539,0.32535086336701391,258,0.31687491341123464,1072,0.1168749134112346,0.30564441485883309,1085,1.6067252862089576,447,1.4067252862089576,1.5883177984173136,454
984,"[4, 3, 2, 0]",10.6,10.9,5.3200192492781522,33.5,False,0.61649036766414489,1175,0.41649036766414482,0.63299113325933209,1162,-1.2239090548575107,1269,-1.4239090548575106,-1.2074082892623235,1258,0.3867382021203527,947,0.18673820212035269,0.40323896771553996,927,0.56188204744135906,1243,0.36188204744135899,0.57501959491829879,1234
985,"[4, 3, 2, 1]",10.733333333333333,10.6,12.218479307025987,33,False,0.69004465597962772,1098,0.49004465597962771,0.69152277216433655,1089,-0.94340096480959268,1156,-1.1434009648095926,-0.94192284862488385,1153,0.46029249043583559,836,0.26029249043583558,0.46177060662054442,837,0.75388902525796708,1146,0.55388902525796713,0.75002982829649123,1137
986,"[4, 3, 2, 2]",10.566666666666666,10.75,19.118142444658325,32.433333333333337,False,0.70332917768344538,1075,0.55332917768344536,0.7157458843768969,1045,-0.72312654897680484,1036,-0.87312654897680486,-0.71070984228335332,1020,0.47357701213965325,823,0.32357701213965323,0.48599371883310477,798,0.88433065166527169,1065,0.73433065166527167,0.89283580630444692,1052
987,"[4, 3, 2, 3]",10.5,11,26.016602502406158,30.533333333333331,False,0.77002893439192144,971,0.62002893439192142,0.7934412863481034,928,-0.44947299053589373,853,-0.59947299053589376,-0.42606063857971177,842,0.47944904988759041,818,0.32944904988759038,0.50286140184377237,776,1.0686056707189933,937,0.91860567071899324,1.089556565998429,898
988,"[4, 3, 2, 4]",9.6999999999999993,10.6,32.916265640038496,23.366666666666671,False,0.8116074393402174,914,0.66160743934021737,0.84850063549446164,827,-0.20090459145862777,640,-0.35090459145862779,-0.16401139530438352,618,0.38303429208323958,957,0.23303429208323959,0.41992748823748383,905,1.2245627610438237,791,1.0745627610438235,1.2606520176905951,742
989,"[4, 3, 2, 5]",8.9000000000000004,8.75,46.71318575553417,13.9,False,0.97215851406714671,678,0.77215851406714675,0.97200990633582962,665,0.37355408673317181,227,0.17355408673317183,0.37340547900185461,229,0.26764696450025549,1152,0.06764696450025548,0.26749835676893829,1158,1.6173396032749781,431,1.4173396032749781,1.6113303791838225,426
990,"[4, 3, 3, 0]",10.300000000000001,10.65,7.0452358036573628,33.633333333333326,False,0.57346073579742662,1218,0.42346073579742666,0.59153249740939606,1203,-1.2151821900928526,1263,-1.3651821900928525,-1.1971104284808831,1254,0.34370857025363455,1016,0.19370857025363453,0.36178033186560388,991,0.54701348732487998,1250,0.3970134873248799,0.56188055189351793,1241
991,"[4, 3, 3, 1]",10.633333333333333,10.449999999999999,13.943695861405198,33.100000000000001,False,0.65386955571991645,1133,0.50386955571991643,0.65354845687189178,1134,-0.92781956843792768,1146,-1.0778195684379277,-0.92814066728595235,1145,0.42411739017612432,891,0.2741173901761243,0.42379629132809959,896,0.74675242390437468,1153,0.59675242390437466,0.74083815369276318,1145
992,"[4, 3, 3, 2]",10.666666666666666,10.300000000000001,20.843358999037537,31.966666666666669,False,0.72400860903074105,1041,0.57400860903074102,0.71731860741197828,1040,-0.65069062099813291,997,-0.80069062099813293,-0.65738062261689567,996,0.49425644348694886,795,0.34425644348694884,0.4875664418681861,792,0.93492600907456591,1032,0.78492600907456589,0.92180202643756104,1025
993,"[4, 3, 3, 3]",10.6,10.75,27.741819056785371,30.100000000000001,False,0.74070836573921695,1013,0.64070836573921697,0.75198265049816737,994,-0.42703706255722196,840,-0.52703706255722194,-0.41576277779827164,831,0.4156241501473017,909,0.31562415014730172,0.42689843490625201,893,1.0692010281282873,936,0.96920102812828735,1.0764175229736481,908
994,"[4, 3, 3, 4]",10.199999999999999,10.1,34.641482194417712,19.600000000000001,False,0.79599593390152668,940,0.6959959339015267,0.79833119825079735,920,-0.16475960026594197,613,-0.26475960026594197,-0.16242433591667135,615,0.33291845555696464,1041,0.23291845555696461,0.3352537199062352,1029,1.2406220359788911,775,1.140622035978891,1.2376445536131828,773
995,"[4, 3, 3, 5]",9,8.6500000000000004,48.438402309913378,10.766666666666666,False,0.94283794541444232,721,0.7928379454144423,0.93577775132213037,718,0.39599001471184359,210,0.24599001471184356,0.38892982061953169,222,0.20382206475996678,1216,0.053822064759966759,0.19676187066765488,1224,1.6179349606842721,430,1.4679349606842722,1.6041123887906203,438
996,"[4, 3, 4, 0]",8.7333333333333325,8.4000000000000004,8.7692492781520688,35,True,0.53700703962081997,1248,0.38700703962082,0.53037541961078905,1257,-1.1999154820346183,1258,-1.3499154820346182,-1.2065471020446492,1257,0.3072548740770279,1088,0.15725487407702787,0.30062325406699691,1103,0.53314326830842584,1259,0.38314326830842588,0.5197615537126582,1262
997,"[4, 3, 4, 1]",8.5999999999999996,8.75,15.667709335899904,35,True,0.60142195246029373,1190,0.45142195246029376,0.61155514213948692,1186,-0.92854676746270937,1147,-1.0785467674627094,-0.91841357778351618,1139,0.37166978691650165,974,0.22166978691650163,0.38180297659569479,954,0.71484096777451855,1173,0.56484096777451853,0.72042968182769285,1158
998,"[4, 3, 4, 2]",8.7666666666666675,8.6999999999999993,22.567372473532242,33.200000000000003,True,0.67613069350912292,1112,0.52613069350912289,0.67880961323706457,1109,-0.64684813228490978,992,-0.7968481322849098,-0.64416921255696813,983,0.44637852796533078,856,0.29637852796533076,0.44905744769327249,857,0.90816919211996761,1051,0.75816919211996758,0.9053409229935433,1043
999,"[4, 3, 4, 3]",8.9333333333333336,8.6500000000000004,29.465832531280078,30.999999999999996,True,0.70082740375910701,1082,0.60082740375910704,0.69605205353579735,1080,-0.41519762030249063,825,-0.51519762030249061,-0.41997297052580029,837,0.34126291867729752,1026,0.24126291867729754,0.33648756845398786,1023,1.0514648297303901,950,0.95146482973039015,1.0402195774243674,950
1000,"[4, 3, 4, 4]",8.9333333333333336,9.0500000000000007,36.365495668912416,20.866666666666667,True,0.7698240351354303,973,0.66982403513543032,0.7789859671420859,946,-0.1392110947971972,597,-0.23921109479719721,-0.13004916279054171,590,0.27226628730097413,1146,0.17226628730097415,0.28142821930762962,1135,1.2383497551067668,778,1.1383497551067667,1.2428939764849547,763
1001,"[4, 3, 4, 5]",7.7000000000000002,8.4000000000000004,50.162415784408083,7.1000000000000005,True,0.91552362471384485,749,0.76552362471384483,0.94430708467334923,706,0.40740283549344064,202,0.25740283549344062,0.43618629545294507,188,0.14202747456947523,1248,-0.0079725254305247906,0.17081093452897966,1238,1.6143740200183334,434,1.4643740200183335,1.6409407590308129,402
1002,"[4, 3, 5, 0]",5.166666666666667,5.25,12.21968238691049,38.56666666666667,True,0.49927222371678198,1271,0.29927222371678197,0.50512365313739771,1269,-1.1341373046759033,1227,-1.3341373046759033,-1.1282858752552878,1223,0.26952005817298985,1149,0.069520058172989868,0.27537148759360552,1144,0.53871542642598325,1254,0.33871542642598318,0.53887820450520185,1253
1003,"[4, 3, 5, 1]",5.2000000000000002,5.3499999999999996,19.118142444658325,37.799999999999997,True,0.56939924622876159,1223,0.36939924622876152,0.57759257427236732,1214,-0.85705648043148885,1105,-1.0570564804314888,-0.84886315238788312,1093,0.3396470806849694,1032,0.13964708068496937,0.34784040872857513,1009,0.72685642486114799,1162,0.52685642486114792,0.72967791156760486,1151
1004,"[4, 3, 5, 2]",5.0666666666666664,4.9500000000000002,26.017805582290663,35.966666666666669,True,0.63382618986708028,1162,0.43382618986708033,0.63265192341872556,1163,-0.58563964266419988,948,-0.78563964266419983,-0.5868139091125546,942,0.34322224376505917,1018,0.14322224376505915,0.34204797731670433,1016,0.90858671106226696,1050,0.70858671106226701,0.9007733632597712,1046
1005,"[4, 3, 5, 3]",5.4000000000000004,5.25,32.916265640038496,27.666666666666671,True,0.66423500978957006,1122,0.51423500978957004,0.66208948566867765,1121,-0.3482770210092751,769,-0.49827702100927512,-0.35042254513016746,775,0.23566186253259228,1190,0.085661862532592253,0.23351633841169989,1195,1.0583256476417617,945,0.90832564764176171,1.0494678071642793,940
1006,"[4, 3, 5, 4]",5.333333333333333,5.8499999999999996,39.815928777670834,24.466666666666669,True,0.73094679729689116,1030,0.58094679729689114,0.75199204038994882,993,-0.074575339372983829,542,-0.22457533937298385,-0.05353009627992622,517,0.16438038728726662,1236,0.014380387287266594,0.18542563038032422,1230,1.2426332534305096,773,1.0926332534305097,1.260036943066972,745
1007,"[4, 3, 5, 5]",4.7666666666666666,4.8499999999999996,53.612848893166507,2.7666666666666666,True,0.84949482556532852,841,0.69949482556532849,0.8551180359699927,814,0.16885238090700308,379,0.018852380907003058,0.17447559131166723,378,0.0069900132457904329,1283,-0.14300998675420959,0.012613223650454586,1282,1.5944307142183649,465,1.444430714218365,1.5942679361391465,446
1008,"[4, 4, 0, 0]",9.4333333333333336,10.25,2.4266121270452357,34.666666666666671,False,0.44757152873427564,1291,0.34757152873427566,0.48140897841330954,1284,-1.4796301074543672,1296,-1.5796301074543673,-1.4457926577753333,1295,0.21781936319048353,1206,0.11781936319048353,0.25165681286951735,1179,0.33840785691937325,1296,0.23840785691937325,0.3709906024429761,1296
1009,"[4, 4, 0, 1]",9.7333333333333325,9.9499999999999993,9.3250721847930702,34,False,0.5768379267222643,1215,0.42683792672226428,0.58994061731831393,1204,-1.1434099077339437,1234,-1.2934099077339436,-1.1303072171378941,1225,0.34708576117847217,1011,0.19708576117847215,0.36018845177452186,993,0.58685813370505358,1233,0.4368581337050535,0.59600083582116858,1224
1010,"[4, 4, 0, 2]",9.7333333333333325,10,16.22473532242541,33.266666666666666,False,0.6458345580985877,1145,0.49583455809858767,0.66067940897338306,1124,-0.86742338222865001,1115,-1.01742338222865,-0.85257853135385464,1095,0.41608239255479557,907,0.26608239255479554,0.43092724342959093,886,0.77374305908143037,1139,0.62374305908143035,0.78485944540807173,1120
1011,"[4, 4, 0, 3]",9.3666666666666671,9.9499999999999993,23.123195380173243,31.666666666666664,False,0.70225251739655359,1079,0.55225251739655357,0.72792184927211567,1032,-0.60405162119824907,964,-0.75405162119824909,-0.57838228932268698,938,0.46954077533688077,828,0.31954077533688074,0.49521010721244296,784,0.94642013999082197,1023,0.79642013999082195,0.9697380998388957,992
1012,"[4, 4, 0, 4]",9.1999999999999993,9.9000000000000004,30.022858517805581,29.166666666666668,False,0.71553703910037114,1056,0.61553703910037116,0.7451763203696935,1002,-0.38377720536546145,803,-0.48377720536546143,-0.35413792409613909,778,0.34483203428805165,1015,0.24483203428805164,0.37447131555737401,965,1.0768617663981266,928,0.97686176639812661,1.1046493410047464,874
1013,"[4, 4, 0, 5]",7.7666666666666666,8,43.819778633301254,21.266666666666669,False,0.8543820970717787,836,0.70438209707177868,0.86694343093231574,796,0.16897545607081638,378,0.018975456070816354,0.1815367899313533,372,0.20773868994954578,1214,0.057738689949545757,0.22030002381008271,1204,1.4451540725468068,610,1.2951540725468069,1.4533540182874471,595
1014,"[4, 4, 1, 0]",9.3333333333333339,9.8000000000000007,4.1518286814244467,34.766666666666666,False,0.51139642847456446,1266,0.36139642847456438,0.53298170144839085,1255,-1.3640487110827024,1290,-1.5140487110827023,-1.3424634381088758,1286,0.28164426293077227,1134,0.13164426293077225,0.30322953590459878,1093,0.43127125556578078,1291,0.28127125556578075,0.4499568225760901,1289
1015,"[4, 4, 1, 1]",9.0666666666666664,9.9499999999999993,11.050288739172281,34.666666666666671,False,0.52124165357603358,1258,0.42124165357603355,0.55719278286210605,1244,-1.147249684248798,1236,-1.2472496842487981,-1.1112985549627254,1214,0.2914894880322414,1113,0.19148948803224142,0.32744061731831398,1056,0.55781431585661567,1245,0.45781431585661569,0.59273021384901936,1226
1016,"[4, 4, 1, 2]",9.2333333333333325,10.050000000000001,17.949951876804619,33.766666666666666,False,0.64595039462486259,1144,0.49595039462486257,0.67967373479592075,1107,-0.81555104907099873,1079,-0.96555104907099876,-0.78182770889994058,1057,0.41619822908107051,906,0.26619822908107049,0.44992156925212867,855,0.80114254020206455,1118,0.65114254020206452,0.83356250764644879,1095
1017,"[4, 4, 1, 3]",8.9333333333333336,9.9000000000000004,24.848411934552455,32.099999999999994,False,0.70465319779183078,1072,0.55465319779183075,0.74343185453716221,1007,-0.5498944441715955,921,-0.69989444417159552,-0.51111578742626407,892,0.43743712464457379,868,0.28743712464457377,0.47621578138990528,816,0.97639694069908511,1001,0.82639694069908509,1.0144937936562202,963
1018,"[4, 4, 1, 4]",8.9000000000000004,9.3000000000000007,31.748075072184793,26.866666666666667,False,0.72250740723365292,1046,0.62250740723365294,0.74152256256853788,1010,-0.32505034060080329,740,-0.42505034060080327,-0.30603518526591833,719,0.31729807133374921,1070,0.21729807133374923,0.33631322666863417,1025,1.1119932062816476,884,1.0119932062816475,1.1276945085062813,853
1019,"[4, 4, 1, 5]",7.666666666666667,8.1500000000000004,45.544995187680463,19.299999999999997,False,0.86820699681206748,816,0.71820699681206746,0.88942207731234479,767,0.23455685244248131,323,0.08455685244248129,0.25577193294275868,305,0.18705925860225026,1225,0.037059258602250233,0.20827433910252763,1219,1.4880174711932144,574,1.3380174711932142,1.5060044489468769,554
1020,"[4, 4, 2, 0]",8.8333333333333339,10.15,5.8758421559191527,35.266666666666666,False,0.51150023420199431,1265,0.36150023420199429,0.5624169581445575,1235,-1.312224501120431,1284,-1.4622245011204311,-1.2613077771778678,1276,0.28174806865820218,1133,0.13174806865820216,0.33266479260076531,1039,0.45863814995138869,1287,0.30863814995138866,0.51046940334259872,1267
1021,"[4, 4, 2, 1]",8.6999999999999993,10.1,12.774302213666987,35.033333333333331,False,0.57591514704146807,1217,0.42591514704146805,0.62965939844329011,1167,-1.0408557865485224,1188,-1.1908557865485225,-0.98711153514670047,1169,0.34616298149767594,1013,0.19616298149767591,0.39990723289949798,933,0.64033584941748134,1212,0.49033584941748126,0.69534805777342268,1177
1022,"[4, 4, 2, 2]",8.6666666666666661,10.050000000000001,19.673965351299326,34.333333333333336,False,0.59376935648329032,1195,0.49376935648329029,0.64691386954086783,1144,-0.81601168297772986,1080,-0.91601168297772984,-0.76286716992015235,1048,0.36401719093949814,982,0.26401719093949816,0.41716170399707575,909,0.77593211500004367,1135,0.67593211500004369,0.83025929893927319,1098
1023,"[4, 4, 2, 3]",8.8666666666666671,9.5500000000000007,26.57242540904716,32.166666666666664,False,0.71960848866777549,1051,0.56960848866777547,0.74847686733088981,999,-0.48321874906080964,878,-0.63321874906080966,-0.45435037039769544,855,0.41791214603062443,900,0.26791214603062441,0.44678052469373869,864,1.0205164124042807,974,0.87051641240428068,1.0473747954753605,942
1024,"[4, 4, 2, 4]",8.4000000000000004,9.4000000000000004,33.472088546679501,21.533333333333331,False,0.72261121296108288,1045,0.6226112129610829,0.76224701787097626,976,-0.27322613063853207,702,-0.37322613063853205,-0.23359032572863872,661,0.28292160757128504,1131,0.18292160757128501,0.32255741248117831,1061,1.1393601006672553,858,1.0393601006672553,1.1783386682201582,817
1025,"[4, 4, 2, 5]",7.2666666666666666,7.4500000000000002,47.269008662175168,13.466666666666669,False,0.87173806834300072,809,0.72173806834300069,0.88227196815485276,776,0.28980832820825575,276,0.13980832820825573,0.30034222802010779,268,0.1561100606432895,1242,0.0061100606432894777,0.16664396045514154,1240,1.5192503449602652,547,1.3692503449602653,1.5250696612923327,546
1026,"[4, 4, 3, 0]",9.5999999999999996,9.9499999999999993,7.6010587102983642,34.166666666666664,False,0.55502810423931259,1237,0.40502810423931263,0.57270048257336692,1219,-1.2169401344517365,1266,-1.3669401344517367,-1.1992677561176825,1255,0.32527593869552052,1057,0.17527593869552049,0.34294831702957479,1014,0.53500670323697141,1257,0.38500670323697139,0.54930404452834414,1249
1027,"[4, 4, 3, 1]",9.5333333333333332,9.8499999999999996,14.499518768046197,34.200000000000003,False,0.62172786094778876,1167,0.47172786094778874,0.63820076259335401,1156,-0.94328657601082522,1155,-1.0932865760108252,-0.92681367436526008,1144,0.39197569540399663,942,0.2419756954039966,0.40844859704956188,916,0.71928172229069298,1169,0.56928172229069296,0.73220901474864197,1147
1028,"[4, 4, 3, 2]",9.5666666666666664,10.4,21.399181905678535,33.066666666666663,False,0.69186691425861324,1095,0.54186691425861322,0.72636115703587945,1033,-0.66615762857103078,1006,-0.8161576285710308,-0.63166338579376458,974,0.46211474871482117,835,0.31211474871482114,0.49660899149208737,783,0.9074553074608841,1052,0.75745530746088408,0.94080446644080806,1015
1029,"[4, 4, 3, 3]",9.5999999999999996,10.050000000000001,28.297641963426372,30.333333333333329,False,0.71199393677059264,1061,0.61199393677059266,0.73315063566213834,1022,-0.43907680432661622,845,-0.5390768043266162,-0.41792010543507063,833,0.37579326304585736,969,0.27579326304585738,0.39694996193740295,941,1.0455963058960491,958,0.94559630589604904,1.0638410156084745,922
1030,"[4, 4, 3, 4]",9,9.4000000000000004,35.19730510105871,20.800000000000001,False,0.76042697332589559,991,0.66042697332589562,0.77949918341476832,945,-0.18365387364234317,631,-0.28365387364234318,-0.1645816635534704,619,0.28623303684851342,1125,0.18623303684851344,0.30530524693738625,1086,1.2092853549837659,804,1.1092853549837658,1.225068046248009,781
1031,"[4, 4, 3, 5]",8.0666666666666664,7.4000000000000004,48.994225216554376,9.5666666666666664,False,0.9164083603148202,747,0.76640836031482018,0.89778197341989918,758,0.38623511681145151,216,0.23623511681145151,0.36760872991653049,235,0.16627602152752485,1234,0.016276021527524831,0.14764963463260383,1246,1.5969075580396628,462,1.4469075580396626,1.569825355109657,480
1032,"[4, 4, 4, 0]",8.1999999999999993,8.8499999999999996,9.3250721847930702,35.533333333333331,True,0.47428651773521169,1283,0.37428651773521171,0.5016130911859098,1274,-1.245961316720996,1273,-1.3459613167209961,-1.218634743270298,1263,0.24453435219141959,1182,0.14453435219141958,0.27186092564211772,1152,0.4775797831895896,1283,0.37757978318958962,0.50257978318958962,1271
1033,"[4, 4, 4, 1]",8.1333333333333329,9,16.223532242540905,34.866666666666667,True,0.54098627444368774,1244,0.44098627444368776,0.57582417259962504,1215,-0.97230775828008509,1169,-1.0723077582800851,-0.93746986012414768,1151,0.31123410889989567,1082,0.21123410889989563,0.34607200705583296,1011,0.66185480224331117,1205,0.56185480224331119,0.69535317446251899,1176
1034,"[4, 4, 4, 2]",8.0666666666666664,8.8499999999999996,23.123195380173243,32.966666666666669,True,0.60769806195100895,1187,0.50769806195100897,0.63959432313971154,1155,-0.69860607664379371,1016,-0.79860607664379368,-0.66670981545509111,999,0.37498631989133613,970,0.27498631989133615,0.40688258108003883,921,0.846162408032059,1095,0.74616240803205902,0.87631704720731673,1065
1035,"[4, 4, 4, 3]",7.8666666666666663,8.75,30.021655437921076,30.5,True,0.6698281309214803,1119,0.56982813092148032,0.70509460315969863,1067,-0.4295222059408873,842,-0.52952220594088728,-0.39425573370266909,814,0.299147187706851,1101,0.199147187706851,0.33441365994506922,1032,1.0252827879105229,972,0.92528278791052276,1.0592220174276146,927
1036,"[4, 4, 4, 4]",8.1999999999999993,8.75,36.921318575553414,21.600000000000001,True,0.70024898164281524,1084,0.65024898164281519,0.72409123453602198,1035,-0.19211146109058247,638,-0.24211146109058246,-0.16826920819737562,626,0.19157477567553899,1222,0.14157477567553897,0.21541702856874584,1207,1.175054311225044,830,1.125054311225044,1.1961069428039914,804
1037,"[4, 4, 4, 5]",7.7666666666666666,7.5499999999999998,50.718238691049088,3.9666666666666659,True,0.87336669764925701,798,0.77336669764925703,0.87024858900108326,792,0.33745476309680267,245,0.23745476309680269,0.33433665444862881,253,0.088754089372067441,1257,-0.011245910627932565,0.085635980723893584,1262,1.5820064111881571,476,1.482006411188157,1.5724431990340604,474
1038,"[4, 4, 5, 0]",5.9333333333333336,6.0499999999999998,12.775505293551491,37.799999999999997,True,0.48110615727671829,1282,0.33110615727671827,0.48855644666373799,1282,-1.1356286839167371,1229,-1.2856286839167372,-1.1281783945297175,1222,0.25135399173292616,1178,0.10135399173292614,0.2588042811199458,1170,0.53340967326590971,1258,0.38340967326590969,0.5355122234558175,1254
1039,"[4, 4, 5, 1]",6.1333333333333337,6,19.673965351299326,36.866666666666667,True,0.55694528946120347,1235,0.40694528946120345,0.55579888696247071,1245,-0.85283574999981659,1103,-1.0028357499998166,-0.85398215249854947,1096,0.3271931239174114,1052,0.17719312391741135,0.32604672141867852,1057,0.72799397067014682,1160,0.57799397067014679,0.72039087788664158,1159
1040,"[4, 4, 5, 2]",5.7999999999999998,5.75,26.573628488931664,35.233333333333334,True,0.6145177014925155,1179,0.46451770149251548,0.61608471694506584,1180,-0.58827344383953462,950,-0.73827344383953464,-0.58670642838698428,941,0.3127972972576743,1076,0.16279729725767428,0.31436431271022464,1074,0.90199229810837922,1055,0.7519922981083792,0.89740738221038685,1048
1041,"[4, 4, 5, 3]",6.1333333333333337,6.0999999999999996,33.472088546679501,23.800000000000001,True,0.69492652141500522,1092,0.54492652141500519,0.69726443947376371,1079,-0.30091082218460974,715,-0.45091082218460976,-0.29857290412585125,712,0.25523691602520737,1170,0.10523691602520732,0.25757483408396575,1172,1.101731234687874,895,0.95173123468787391,1.0980755103254212,886
1042,"[4, 4, 5, 4]",5.8666666666666663,5.8499999999999996,40.371751684311839,23.933333333333334,True,0.70478377731531949,1071,0.60478377731531952,0.70755026945635879,1060,-0.08406367215532537,549,-0.18406367215532538,-0.081297180014286013,549,0.12710090917287478,1251,0.027100909172874776,0.12986740131391414,1250,1.2283068817137353,787,1.1283068817137352,1.2250920146491668,780
1043,"[4, 4, 5, 5]",4.8666666666666663,5.25,54.168671799807505,1.4666666666666668,True,0.80848032043524187,920,0.70848032043524189,0.82461354726636782,874,0.10004673044486659,410,4.6730444866582843e-05,0.11617995727599251,407,-0.045140950017116127,1292,-0.14514095001711613,-0.029007723185990208,1289,1.563351765182003,502,1.4633517651820029,1.5751124814055515,473
1044,"[4, 5, 0, 0]",9.0999999999999996,8.9000000000000004,3.5334456207892204,35,False,0.49721564432670412,1272,0.3472156443267041,0.49543898582461698,1277,-1.3967809870496191,1291,-1.5467809870496192,-1.3985576455517066,1292,0.26746347878291199,1154,0.11746347878291194,0.2656868202808248,1162,0.40550105520551261,1293,0.25550105520551258,0.39768092498304919,1293
1045,"[4, 5, 0, 1]",9.0666666666666664,8.75,10.431905678537055,34.666666666666671,False,0.61505782296968126,1178,0.4150578229696813,0.60919710556585849,1188,-1.0719850066742069,1200,-1.2719850066742069,-1.0778457240780299,1198,0.38530565742588918,951,0.18530565742588914,0.3794449400220663,959,0.64106473405304842,1210,0.44106473405304847,0.62861221099282061,1211
1046,"[4, 5, 0, 2]",8.6999999999999993,8.75,17.331568816169394,34.299999999999997,False,0.67148781306649208,1117,0.47148781306649212,0.67819373694218177,1110,-0.80856512244842604,1073,-1.008565122448426,-0.80185919857273635,1069,0.4417356475227,863,0.24173564752269999,0.44844157139838969,860,0.8137744016974664,1110,0.61377440169746644,0.81549713636919741,1106
1047,"[4, 5, 0, 3]",8.6333333333333329,8.5,24.230028873917227,32.399999999999999,False,0.73818756977496824,1017,0.53818756977496818,0.73846753612593186,1013,-0.53491156400751505,911,-0.73491156400751512,-0.53463159765655144,910,0.48333915784041576,810,0.28333915784041575,0.48361912419137948,806,0.99804942075118808,986,0.79804942075118812,0.9924810539579163,983
1048,"[4, 5, 0, 4]",7.9666666666666668,7.75,31.129692011549565,29.733333333333334,False,0.73433576246126875,1022,0.58433576246126873,0.73133176332107064,1026,-0.33177347719224431,746,-0.48177347719224434,-0.33477747633244248,749,0.34149408777406959,1025,0.19149408777406957,0.33849008863387142,1020,1.1091611502512762,889,0.95916115025127624,1.0997607161763985,884
1049,"[4, 5, 0, 5]",7.0999999999999996,6.9000000000000004,44.926612127045239,21.033333333333331,False,0.84260199331919583,855,0.69260199331919581,0.8396842397373514,848,0.19040035713055292,365,0.0404003571305529,0.18748260354870855,365,0.1738219163220831,1230,0.023821916322083081,0.17090416274023873,1237,1.4493606728948016,603,1.2993606728948015,1.4399127618801515,607
1050,"[4, 5, 1, 0]",9.2666666666666675,8.5999999999999996,5.258662175168431,34.833333333333336,False,0.57017991954300196,1220,0.37017991954300195,0.55223818969593519,1247,-1.2720602152019451,1279,-1.4720602152019451,-1.2900019450490119,1280,0.34042775399920983,1028,0.14042775399920981,0.32248602415214306,1062,0.5086737322024355,1271,0.30867373220243555,0.48256819774774212,1283
1051,"[4, 5, 1, 1]",8.9000000000000004,8.5500000000000007,12.157122232916265,34.833333333333336,False,0.57659787884096769,1216,0.42659787884096767,0.56948062999466798,1222,-1.0586884541715444,1196,-1.2086884541715444,-1.0658057030178441,1193,0.34684571329717562,1012,0.1968457132971756,0.33972846445087584,1018,0.63135081311182717,1218,0.48135081311182715,0.61744685217856621,1217
1052,"[4, 5, 1, 2]",8.8000000000000007,8.6999999999999993,19.056785370548603,34.200000000000003,False,0.69216724441378763,1094,0.49216724441378767,0.6937037422072283,1084,-0.73612919446975433,1044,-0.93612919446975429,-0.73459269667631388,1033,0.4624150788699955,834,0.26241507886999549,0.46395157666343606,833,0.86436975910676073,1084,0.66436975910676066,0.86025283018652177,1079
1053,"[4, 5, 1, 3]",8.6666666666666661,8.5999999999999996,25.95524542829644,32.366666666666667,False,0.75658215725326139,996,0.55658215725326143,0.75920402222721517,982,-0.46476047989784547,863,-0.66476047989784548,-0.46213861492389158,859,0.46722941423112474,831,0.26722941423112473,0.46985127920507858,826,1.0460674585728533,956,0.84606745857285337,1.0431578004068196,944
1054,"[4, 5, 1, 4]",7.833333333333333,7.6500000000000004,32.854908565928781,25.233333333333338,False,0.74701824026705632,1005,0.5970182402670563,0.74509960830737143,1004,-0.26733450275508031,696,-0.41733450275508033,-0.26925313471476509,690,0.31967223449227278,1065,0.16967223449227276,0.317753602532588,1069,1.1507358891038693,846,1.0007358891038693,1.1425427257831964,845
1055,"[4, 5, 1, 5]",7.1333333333333337,6.9500000000000002,46.651828681424448,15.666666666666668,False,0.86099658079748898,828,0.71099658079748895,0.85867856555988908,808,0.26055144124022245,300,0.1105514412402224,0.25823342600262256,300,0.15771217271279217,1240,0.007712172712792148,0.15539415747519228,1243,1.4973787107164669,565,1.3473787107164668,1.4886158241185288,564
1056,"[4, 5, 2, 0]",8.6666666666666661,8.25,6.9826756496631379,35.266666666666666,False,0.56685645946692842,1225,0.36685645946692841,0.55728320248966279,1243,-1.2236632710431776,1268,-1.4236632710431776,-1.2332365280204434,1270,0.33710429392313629,1036,0.13710429392313628,0.32753103694587066,1055,0.53217464720660013,1261,0.33217464720660012,0.51544919956688229,1264
1057,"[4, 5, 2, 1]",8.8000000000000007,8.5500000000000007,13.881135707410973,34.933333333333337,False,0.64041074778241136,1156,0.44041074778241135,0.63672076473961503,1157,-0.94315518099525941,1154,-1.1431551809952594,-0.94684516403805574,1156,0.41065858223861923,921,0.21065858223861922,0.4069685991958229,919,0.72418162502320826,1166,0.52418162502320831,0.71414364347139059,1163
1058,"[4, 5, 2, 2]",8.9000000000000004,8.5999999999999996,20.780798845043311,33.733333333333334,False,0.66283464496223821,1124,0.51283464496223818,0.65745955639468401,1129,-0.71374138968646261,1031,-0.86374138968646264,-0.71911647825401681,1026,0.43308247941844608,872,0.28308247941844605,0.42770739085089188,891,0.86493252978102841,1083,0.71493252978102839,0.85300225305829369,1084
1059,"[4, 5, 2, 3]",8.8666666666666671,8.6999999999999993,27.679258902791144,31.833333333333336,False,0.78067682360521529,957,0.58067682360521533,0.77992847752965355,943,-0.38894540931105043,804,-0.58894540931105044,-0.38969375538661216,809,0.45684381109318462,840,0.2568438110931846,0.45609546501762288,849,1.1004962086285643,901,0.90049620862856428,1.0938019601206965,891
1060,"[4, 5, 2, 4]",8.1333333333333329,7.5999999999999996,34.578922040423485,21.666666666666668,False,0.77454017242251361,964,0.62454017242251358,0.76059758277357281,979,-0.18809216636478188,635,-0.3380921663647819,-0.20203475601372262,640,0.31271389715783598,1077,0.16271389715783596,0.29877130750889525,1107,1.2090306185410236,805,1.0590306185410236,1.1872658328654948,811
1061,"[4, 5, 2, 5]",7.5,6.9500000000000002,48.375842155919152,12.266666666666666,False,0.89080335682194856,777,0.74080335682194853,0.87591870030483621,784,0.34207862149952317,243,0.19207862149952315,0.32719396498241071,257,0.1530386792473577,1244,0.0030386792473576785,0.13815402273024524,1249,1.55825075974125,512,1.4082507597412501,1.5353126154113532,531
1062,"[4, 5, 3, 0]",8.5,8.25,8.7078922040423485,35.233333333333334,False,0.5783965153382149,1213,0.37839651533821483,0.57453536803345484,1217,-1.1603667185405147,1242,-1.3603667185405146,-1.1642278658452747,1245,0.34864434979442271,1008,0.1486443497944227,0.34478320248966277,1012,0.57246072626537869,1238,0.37246072626537874,0.562178577594733,1240
1063,"[4, 5, 3, 1]",8.5999999999999996,8.3499999999999996,15.606352261790184,35,False,0.65080838171919653,1137,0.45080838171919657,0.64700428916842456,1143,-0.88100105042709798,1126,-1.0810010504270979,-0.88480514297786983,1123,0.42105621617540445,897,0.22105621617540444,0.41725212362463243,908,0.76317904428817251,1143,0.56317904428817245,0.75297828465713601,1133
1064,"[4, 5, 3, 2]",8.8000000000000007,8.0999999999999996,22.506015399422523,33.166666666666671,False,0.72665954470252681,1034,0.52665954470252685,0.70729011915101969,1061,-0.59815999331479741,959,-0.79815999331479737,-0.61752941886630452,966,0.49690737915873473,792,0.29690737915873472,0.47753795360722756,813,0.95779592842743577,1018,0.75779592842743582,0.92999478898088128,1020
1065,"[4, 5, 3, 3]",8.6999999999999993,8.25,29.404475457170356,31.233333333333331,False,0.74221687947650172,1010,0.5922168794765017,0.731501200564735,1025,-0.37564885680838755,790,-0.52564885680838758,-0.38636453572015428,803,0.38387953587688672,953,0.23387953587688673,0.37316385696512,968,1.0907822876873428,911,0.94078228768734284,1.0727681802538105,911
1066,"[4, 5, 3, 4]",7.5999999999999996,7.3499999999999996,36.304138594802694,22.200000000000003,False,0.77351358701428741,967,0.62351358701428738,0.76913894692363671,966,-0.13736225514163181,591,-0.28736225514163183,-0.1417368952322825,601,0.27718298066202562,1138,0.12718298066202563,0.27280834057137493,1151,1.2351414398678435,782,1.0851414398678434,1.2241267898407138,782
1067,"[4, 5, 3, 5]",7.4333333333333336,6.5499999999999998,50.101058710298361,7.3666666666666671,False,0.90577067849673842,759,0.7557706784967384,0.87923358361866311,781,0.40071774298182039,208,0.25071774298182037,0.37418064810374507,228,0.1335016698345633,1249,-0.016498330165436725,0.10696457495648798,1256,1.602402818181472,454,1.4524028181814721,1.5662525197549932,485
1068,"[4, 5, 4, 0]",8.3000000000000007,8.0500000000000007,10.431905678537055,35.433333333333337,True,0.53878211847615509,1246,0.38878211847615507,0.5348068616634194,1252,-1.1482607111677332,1237,-1.2982607111677331,-1.1522359679804688,1239,0.30902995293236291,1085,0.15902995293236291,0.30505469611962721,1087,0.56142555879531653,1244,0.41142555879531656,0.55098063204545222,1247
1069,"[4, 5, 4, 1]",8.4000000000000004,7.9000000000000004,17.33036573628489,34.600000000000001,True,0.61119398485713683,1182,0.46119398485713681,0.59856498140466075,1191,-0.86889504305431664,1117,-1.0188950430543167,-0.88152404650679272,1120,0.3814418193133447,959,0.23144181931334468,0.36881281586086867,974,0.75214387681811024,1147,0.60214387681811021,0.73191191805522371,1148
1070,"[4, 5, 4, 2]",8.0666666666666664,7.5499999999999998,24.230028873917227,32.966666666666669,True,0.66876639688844874,1120,0.51876639688844872,0.65536649082976461,1132,-0.60433273689403444,965,-0.75433273689403446,-0.61773264295271868,967,0.41391798495389631,913,0.26391798495389629,0.40051807889521218,931,0.92614220425634275,1035,0.77614220425634273,0.90498105395791628,1044
1071,"[4, 5, 4, 3]",7.9333333333333336,8.0500000000000007,31.128488931665064,29.766666666666669,True,0.73318130972792261,1024,0.58318130972792259,0.74177269419469949,1009,-0.33296402232212557,750,-0.4829640223221256,-0.32437263785534864,739,0.34036369663841337,1029,0.19036369663841335,0.3489550811051903,1007,1.1078399037224353,890,0.95783990372243544,1.11157023470453,867
1072,"[4, 5, 4, 4]",7.3666666666666663,7.2999999999999998,38.028152069297398,22.433333333333334,True,0.7327567682177264,1026,0.63275676821772642,0.73463692138983816,1021,-0.12639866970335159,587,-0.2263986697033516,-0.12451851653123994,585,0.20194589237557062,1218,0.10194589237557061,0.20382604554768227,1221,1.2228176126039667,794,1.1228176126039666,1.2188498969230119,787
1073,"[4, 5, 4, 5]",7.4000000000000004,6.5999999999999996,51.825072184793072,0.19999999999999929,True,0.87186839130718441,807,0.77186839130718443,0.84821587864235581,828,0.28061478206753077,286,0.18061478206753073,0.25696226940270217,303,0.06511911315511501,1272,-0.034880886844884995,0.04146660049028647,1274,1.5978109496804822,461,1.4978109496804821,1.5649229952583443,490
1074,"[4, 5, 5, 0]",3.4333333333333331,3.9500000000000002,13.882338787295476,40.300000000000004,True,0.40649284712657241,1296,0.25649284712657239,0.42645404989386071,1296,-1.1770369892545633,1249,-1.3270369892545635,-1.1570757864872752,1241,0.17674068158278031,1228,0.026740681582780285,0.19670188435006858,1225,0.46673998495411084,1286,0.31673998495411082,0.48259728283799586,1282
1075,"[4, 5, 5, 1]",3.6666666666666665,3.9500000000000002,20.780798845043311,38.966666666666669,True,0.48347440124555879,1280,0.33347440124555877,0.49543865047133906,1278,-0.89310163340314197,1133,-1.043101633403142,-0.88113738417736165,1119,0.25372223570176666,1172,0.10372223570176664,0.26568648492754693,1163,0.66261294215216238,1203,0.51261294215216235,0.66944962147934639,1197
1076,"[4, 5, 5, 2]",3.3333333333333335,3.8999999999999999,27.680461982675649,37.366666666666667,True,0.54104681327687076,1243,0.39104681327687074,0.56269312156891682,1234,-0.62853932724285988,979,-0.7785393272428599,-0.60689301895081382,960,0.21718973916714993,1207,0.067189739167149903,0.23883604745919593,1194,0.83661126959039478,1102,0.68661126959039476,0.85436086264519673,1083
1077,"[4, 5, 5, 3]",3.5666666666666669,4.25,34.578922040423485,26.233333333333334,True,0.61802836739585709,1172,0.46802836739585713,0.64387284409761469,1149,-0.34460397139143834,766,-0.49460397139143836,-0.31875949468968079,735,0.15620209213117953,1241,0.006202092131179518,0.18204656883293707,1232,1.0324842267884464,968,0.88248422678844629,1.0550289907602315,932
1078,"[4, 5, 5, 4]",3.6666666666666665,4.0999999999999996,41.478585178055823,26,True,0.64045226457568394,1155,0.54045226457568396,0.65764299463770104,1128,-0.11519018008264142,575,-0.21519018008264143,-0.09799945002062424,565,0.040632726558359561,1276,-0.059367273441640445,0.057823456620376745,1272,1.1732351315462664,831,1.0732351315462663,1.1859928635050292,813
1079,"[4, 5, 5, 5]",3.1000000000000001,3.6499999999999999,55.27550529355149,1.8666666666666667,True,0.75900029284412107,994,0.65900029284412109,0.77993275328394696,942,-0.0047749718334533231,484,-0.10477497183345333,0.016157488606372478,462,-0.11675764748311646,1296,-0.21675764748311646,-0.095825187043290655,1295,1.5250325923341217,541,1.4250325923341216,1.541934382892993,523
1080,"[5, 0, 0, 0]",16.300000000000001,14.65,0.31159769008662175,27.800000000000001,False,0.66176030287192478,1128,0.5617603028719248,0.61356893857334005,1183,-1.3288917664254765,1285,-1.4288917664254766,-1.3770831307240612,1290,0.4320081373281327,878,0.33200813732813272,0.38381677302954798,951,0.54658429426874355,1251,0.44658429426874358,0.48738733279288904,1277
1081,"[5, 0, 0, 1]",16.833333333333332,14.800000000000001,7.2100577478344565,27.099999999999998,False,0.79902365440142142,932,0.6490236544014214,0.73778001998705545,1015,-0.98467461316354499,1173,-1.134674613163545,-1.045918247577911,1187,0.56927148885762935,709,0.41927148885762933,0.50802785444326337,771,0.80405518961112488,1116,0.65405518961112485,0.73016072406581845,1150
1082,"[5, 0, 0, 2]",16.633333333333333,14.9,14.109720885466794,27.100000000000001,False,0.86116575417073804,825,0.71116575417073802,0.8102609719208701,903,-0.7155426192652582,1032,-0.86554261926525822,-0.76644740151512614,1051,0.63141358862694597,635,0.48141358862694594,0.58050880637707802,688,0.98320815622461499,997,0.83320815622461497,0.92099301786324772,1027
1083,"[5, 0, 0, 3]",16,14.800000000000001,21.008180943214629,26.633333333333333,False,0.90844433799269475,757,0.75844433799269473,0.87576125194085719,785,-0.46131023371086644,862,-0.61131023371086646,-0.493993319762704,876,0.67869217244890268,580,0.52869217244890265,0.64600908639706511,606,1.1455759587834913,851,0.99557595878349125,1.1038979880835456,877
1084,"[5, 0, 0, 4]",15.333333333333334,14.75,27.907844080846967,25.366666666666667,False,0.95459253067899519,705,0.80459253067899517,0.94301572303843484,708,-0.20817214689559582,647,-0.35817214689559584,-0.21974895453615617,652,0.62618781460584794,640,0.47618781460584797,0.6146110069652877,641,1.3066876882835796,712,1.1566876882835795,1.288809229249396,714
1085,"[5, 0, 0, 5]",13.1,11.6,41.704764196342637,16.56666666666667,False,0.96601946222237534,687,0.86601946222237536,0.9212288266324159,736,0.21716238811265451,341,0.1171623881126545,0.17237175252269507,379,0.36167634383931468,991,0.26167634383931471,0.3168857082493553,1071,1.5440521593807133,523,1.4440521593807132,1.4881718012689391,565
1086,"[5, 0, 1, 0]",16.600000000000001,14.9,2.0368142444658326,27.5,False,0.73929426582622737,1014,0.58929426582622735,0.68953190551086052,1091,-1.1996013068397979,1257,-1.3496013068397978,-1.2493636671551647,1273,0.50954210028243518,775,0.35954210028243522,0.45977973996706839,840,0.65491161044092439,1206,0.50491161044092436,0.59398513187337143,1225
1087,"[5, 0, 1, 1]",16.699999999999999,15,8.9352743022136671,27.033333333333335,False,0.811706132207209,913,0.66170613220720897,0.76200082664583013,977,-0.92023563872638092,1143,-1.0702356387263809,-0.96994094428775968,1162,0.58195396666341681,692,0.43195396666341679,0.53224866110203795,740,0.84562992846371798,1096,0.69562992846371796,0.78478483893577444,1121
1088,"[5, 0, 1, 2]",16.5,14.699999999999999,15.834937439846005,27.100000000000001,False,0.92384823197652555,737,0.72384823197652559,0.87054449634967956,791,-0.60110364482809442,961,-0.80110364482809437,-0.6544073804549404,992,0.69409606643273336,560,0.49409606643273341,0.64079233080588738,612,1.074782895077208,931,0.87478289507720808,1.0098276590489932,966
1089,"[5, 0, 1, 3]",16.100000000000001,14.85,22.733397497593842,25.866666666666667,False,0.97912376933999035,674,0.77912376933999028,0.94475557776339492,705,-0.3388743057321944,760,-0.53887430573219441,-0.37324249730878983,794,0.74937160379619816,513,0.54937160379619809,0.71500341221960273,531,1.2461713161927854,768,1.0461713161927855,1.2026010503219227,801
1090,"[5, 0, 1, 4]",15.433333333333334,14.449999999999999,29.63306063522618,24.499999999999996,False,1.0252719620262909,621,0.82527196202629083,0.99981492690975315,641,-0.08573621891692379,551,-0.2857362189169238,-0.11119325403346153,572,0.66236291486555943,594,0.46236291486555936,0.63690587974902169,617,1.4072830456928735,630,1.2072830456928736,1.3736965020140888,648
1091,"[5, 0, 1, 5]",12.666666666666666,11.6,43.429980750721846,16.700000000000003,False,1.0184201426176527,632,0.86842014261765255,0.988480992176208,654,0.32131956513930798,255,0.17131956513930796,0.29138041469786341,274,0.37957269314700781,960,0.22957269314700779,0.34963354270556324,1006,1.6240289600889763,421,1.4740289600889762,1.5849011792967893,461
1092,"[5, 0, 2, 0]",16.966666666666665,15,3.760827718960539,27.133333333333336,False,0.76910104185068684,976,0.61910104185068682,0.71025636081329879,1054,-1.1180741265804968,1218,-1.2680741265804969,-1.1769188076178851,1248,0.53934887630689476,745,0.38934887630689474,0.48050419526950672,810,0.71578365946570732,1171,0.5657836594657073,0.64462929158724847,1204
1093,"[5, 0, 2, 1]",16.899999999999999,15.050000000000001,10.659287776708373,26.833333333333336,False,0.88580079855916294,786,0.68580079855916287,0.83098312166952271,860,-0.79442056813958573,1067,-0.99442056813958579,-0.84923824502922596,1094,0.65604863301537075,602,0.4560486330153708,0.60123095612573074,653,0.95005867851942893,1021,0.75005867851942887,0.88345531443912506,1056
1094,"[5, 0, 2, 2]",16.666666666666668,15.1,17.558950914340713,26.333333333333332,False,0.89680047639397831,768,0.74680047639397829,0.8517219133245918,822,-0.5764309961758004,940,-0.72643099617580043,-0.62150955924518692,970,0.66704831085018623,589,0.51704831085018621,0.62196974778079972,630,1.0779229853391048,926,0.92792298533910478,1.0223139240260282,961
1095,"[5, 0, 2, 3]",15.766666666666667,14.699999999999999,24.457410972088546,25.266666666666666,False,0.98493968473992588,670,0.78493968473992581,0.95676923167210504,690,-0.28133798609741784,705,-0.48133798609741785,-0.30950843916523868,724,0.72554363084194695,535,0.525543630841947,0.69737317777412622,551,1.2799815095474656,744,1.0799815095474656,1.2433767889831679,761
1096,"[5, 0, 2, 4]",15.233333333333333,14.4,31.357074109720884,22.466666666666669,False,1.0356575651642308,609,0.83565756516423084,1.0153129013759545,615,-0.023630211544142632,503,-0.22363021154414264,-0.043974875332418895,510,0.63826824851360531,629,0.4382682485136053,0.61792358472532904,636,1.4462478782228112,607,1.2462478782228112,1.418419609096387,621
1097,"[5, 0, 2, 5]",12.766666666666667,11.25,45.153994225216557,15.366666666666665,False,1.0390875431661031,602,0.88908754316610317,0.99352600496993559,649,0.3937073699225998,211,0.24370736992259981,0.34814583172643232,247,0.36575982420556408,979,0.21575982420556405,0.32019828600939659,1066,1.6745917307632441,370,1.5245917307632439,1.6177821811159299,421
1098,"[5, 0, 3, 0]",17.433333333333334,15.85,5.4860442733397496,26.666666666666668,False,0.80234711447749507,927,0.65234711447749505,0.75712525109576689,985,-1.0330715573223124,1186,-1.1830715573223123,-1.0782934207040404,1199,0.572594948933703,703,0.42259494893370292,0.52737308555197471,748,0.78055427460696036,1128,0.63055427460696034,0.72491130119404656,1154
1099,"[5, 0, 3, 1]",17.166666666666668,15.9,12.384504331087584,26.566666666666666,False,0.91219233957896417,754,0.71219233957896422,0.87785201195199081,782,-0.71627253048840833,1033,-0.9162725304884084,-0.7506128581153817,1041,0.68244017403517199,576,0.48244017403517203,0.64809984640819862,605,1.0070973348977954,980,0.80709733489779534,0.96373732404592327,999
1100,"[5, 0, 3, 2]",16.833333333333332,15.25,19.284167468719922,26.166666666666668,False,0.96976475161027609,681,0.76976475161027613,0.92420055970462101,732,-0.4517102243281263,858,-0.65171022432812631,-0.49727441623378149,881,0.7400125860664839,519,0.54001258606648395,0.69444839416082882,553,1.1810956623360276,824,0.98109566233602763,1.124964354685458,856
1101,"[5, 0, 3, 3]",15.9,15.550000000000001,26.182627526467758,25.133333333333333,False,0.95676153802172259,702,0.80676153802172257,0.9536381219545732,695,-0.25775963618424469,684,-0.40775963618424471,-0.26088305225139408,681,0.66286115303615956,593,0.51286115303615953,0.65973773696901017,589,1.2818655267505741,742,1.1318655267505739,1.2736587985899663,728
1102,"[5, 0, 3, 4]",14.699999999999999,13.9,33.0822906641001,18.366666666666671,False,1.0346309797560049,612,0.83463097975600486,1.0151434641322903,616,0.027099699679007883,454,-0.17290030032099213,0.0076121840552932363,468,0.602737332017795,663,0.40273733201779499,0.58324981639408036,685,1.4723586995496312,585,1.2723586995496312,1.4454121450189747,603
1103,"[5, 0, 3, 5]",12.566666666666666,11.15,46.879210779595766,10.233333333333334,False,1.0494851771028881,583,0.89948517710288822,1.0072938499562363,631,0.4558615004907613,168,0.30586150049076127,0.41367017334410944,206,0.34165312705476514,1023,0.19165312705476509,0.29946179990811328,1106,1.7135891500282083,330,1.5635891500282082,1.6605641907227278,383
1104,"[5, 0, 4, 0]",12.566666666666666,10.550000000000001,7.2100577478344565,31.366666666666664,True,0.65279364678527518,1134,0.50279364678527516,0.58969639629367565,1205,-1.1309046207796913,1224,-1.2809046207796912,-1.1940018712712908,1251,0.42304148124148311,893,0.27304148124148309,0.35994423074988358,995,0.63910673600287748,1214,0.48910673600287752,0.56239756617108161,1239
1105,"[5, 0, 4, 1]",12.266666666666667,10.449999999999999,14.108517805582292,31.466666666666669,True,0.76149644995224341,989,0.56149644995224335,0.70519667631366256,1066,-0.81524801588028795,1078,-1.0152480158802879,-0.87154778951886858,1109,0.53174428440845123,752,0.33174428440845122,0.47544451076987054,819,0.86436113649989799,1085,0.66436113649989803,0.79530253639137927,1114
1106,"[5, 0, 4, 2]",12.466666666666667,10.199999999999999,21.008180943214629,30.166666666666664,True,0.83734761293557369,869,0.63734761293557363,0.7654825062962578,972,-0.5324069587679876,907,-0.73240695876798756,-0.60427206540730349,956,0.60759544739178151,658,0.40759544739178144,0.53573034075246562,737,1.0589780206391612,944,0.85897802063916129,0.97231904071512432,991
1107,"[5, 0, 4, 3]",11.5,9.8499999999999996,27.906641000962463,29.200000000000003,True,0.87320197741251881,799,0.67320197741251875,0.82227198492251663,886,-0.28959879255860738,713,-0.48959879255860739,-0.34052878504860956,760,0.54482132293706165,736,0.34482132293706164,0.49389133044705952,786,1.2084592252598931,807,1.0084592252598932,1.1453555898827905,843
1108,"[5, 0, 4, 4]",11.6,9.5,34.806304138594804,18.200000000000003,True,0.89562587459234566,769,0.74562587459234564,0.82907349434762068,865,-0.060185001249810244,527,-0.21018500124981027,-0.12673738149453528,588,0.42925195736424165,885,0.27925195736424163,0.36269957711951661,988,1.3492101300177133,674,1.1992101300177131,1.2684247257854833,736
1109,"[5, 0, 4, 5]",9.3333333333333339,9.1999999999999993,48.60322425409047,10.433333333333332,True,0.95591038420122465,703,0.80591038420122463,0.95658973383010337,691,0.41400711182393873,196,0.26400711182393871,0.4146864614528174,204,0.21359806466320735,1210,0.063598064663207332,0.21427741429208602,1209,1.6352859413210328,409,1.4852859413210326,1.630287297805026,412
1110,"[5, 0, 5, 0]",7.6333333333333337,7.7999999999999998,10.660490856592878,36.100000000000001,True,0.46821953156669038,1286,0.36821953156669041,0.47838191205024927,1286,-1.211965742735523,1261,-1.3119657427355231,-1.2018033622519642,1256,0.23846736602289834,1186,0.13846736602289833,0.24862974650645722,1181,0.49184384257404301,1276,0.39184384257404298,0.49730369064783564,1275
1111,"[5, 0, 5, 1]",7.7666666666666666,7.6500000000000004,17.558950914340713,35.233333333333334,True,0.59177381988217337,1199,0.44177381988217335,0.59214003179149077,1202,-0.88145765268760534,1127,-1.0314576526876054,-0.88109144077828805,1118,0.36202165433838118,990,0.21202165433838119,0.3623878662476987,989,0.73385082039065119,1158,0.58385082039065117,0.72823497665760717,1152
1112,"[5, 0, 5, 2]",7.8666666666666663,7.0999999999999996,24.458614051973051,33.166666666666664,True,0.66419771706200015,1123,0.51419771706200013,0.64197290010161212,1150,-0.60204386137880839,962,-0.75204386137880841,-0.62426867833919653,972,0.4047776015663313,926,0.25477760156633128,0.38255278460594322,952,0.92460172514847117,1036,0.77460172514847114,0.89340937571819445,1051
1113,"[5, 0, 5, 3]",7.5999999999999996,6.6500000000000004,31.357074109720884,30.100000000000001,True,0.72404294216346932,1040,0.57404294216346929,0.69527805817037958,1082,-0.33524483454490417,754,-0.48524483454490419,-0.36400971853799391,787,0.32665362551284377,1054,0.17665362551284375,0.29788874151975403,1108,1.1011447854393062,897,0.95114478543930614,1.0624985564648082,925
1114,"[5, 0, 5, 4]",7.4666666666666668,7,38.256737247353222,22.333333333333336,True,0.78846988580178812,946,0.6384698858017881,0.7764698114979226,948,-0.063827996777615248,533,-0.21382799677761527,-0.075828071081480819,543,0.25308730639851579,1174,0.10308730639851577,0.24108723209465022,1191,1.2828750716404254,740,1.1328750716404252,1.263199271314869,739
1115,"[5, 0, 5, 5]",6.333333333333333,5.4000000000000004,52.053657362848895,1.2000000000000002,True,0.83759674118370597,868,0.737596741183706,0.80868988373301853,906,0.23491387304126124,322,0.13491387304126123,0.20600701559057383,347,0.026275759470520216,1279,-0.07372424052947979,-0.0026310979801671963,1284,1.5627653159334354,503,1.4627653159334353,1.5237460538607279,547
1116,"[5, 1, 0, 0]",16.466666666666665,14.949999999999999,0.86501443695861402,27.633333333333336,False,0.72300658001315043,1044,0.57300658001315041,0.67955606771453392,1108,-1.2510429868780912,1276,-1.4010429868780911,-1.2944934991767076,1282,0.49325441446935836,799,0.34325441446935834,0.44980390217074184,856,0.61801749134995754,1220,0.46801749134995752,0.56421933616818865,1238
1117,"[5, 1, 0, 1]",16.833333333333332,14.85,7.7634744947064487,26.933333333333334,False,0.80455782187014135,925,0.65455782187014133,0.7450563477345209,1005,-0.96253794328866504,1166,-1.1125379432886651,-1.0220394174242857,1180,0.57480565632634928,702,0.42480565632634926,0.51530418219072882,763,0.81904508772326667,1107,0.66904508772326665,0.74712430638848659,1140
1118,"[5, 1, 0, 2]",17.100000000000001,14.949999999999999,14.663137632338787,26.633333333333333,False,0.93269382872247397,733,0.73269382872247391,0.8675372996683357,795,-0.62741204230736258,977,-0.82741204230736254,-0.69256857136150085,1013,0.70294166317868179,549,0.50294166317868183,0.63778513412454352,616,1.0662392914501591,939,0.86623929145015899,0.98795660018591569,984
1119,"[5, 1, 0, 3]",16,14.85,21.561597690086622,26.633333333333333,False,0.96397850546141473,690,0.76397850546141466,0.93303757968832257,722,-0.38917356383598672,805,-0.58917356383598674,-0.42011448960907877,838,0.73422633991762254,527,0.53422633991762258,0.70328541414453061,543,1.210565856895633,802,1.0105658568956331,1.1708615704062135,825
1120,"[5, 1, 0, 4]",15.466666666666667,14.75,28.461260827718959,24.466666666666661,False,1.0146963858857196,638,0.81469638588571969,0.99854989050715481,643,-0.13146578928271152,590,-0.33146578928271153,-0.14761228466127646,606,0.67522333487513264,584,0.47522333487513263,0.6590768394965677,590,1.3768322255709791,649,1.1768322255709791,1.3537991273615377,662
1121,"[5, 1, 0, 5]",12.9,11.699999999999999,42.258180943214633,16.466666666666669,False,1.0146990980840886,637,0.86469909808408851,0.98024731465862713,658,0.28244452638052747,284,0.13244452638052745,0.24799274295506613,317,0.39928764476358797,936,0.24928764476358795,0.36483586133812662,984,1.6013100987299684,458,1.4513100987299683,1.5571090678021333,506
1122,"[5, 1, 1, 0]",16.5,15,2.5902309913378248,27.600000000000001,False,0.7414011674914438,1011,0.59140116749144378,0.69855039353707171,1078,-1.1808919027684213,1252,-1.3308919027684214,-1.2237426767227935,1268,0.51164900194765162,773,0.36164900194765165,0.46879822799327958,830,0.66603552917162279,1202,0.51603552917162276,0.61292239840656582,1220
1123,"[5, 1, 1, 1]",16.766666666666666,15,9.4886910490856593,26.966666666666669,False,0.76952514354493118,974,0.6695251435449312,0.71753499411455002,1039,-0.94581412498249906,1158,-1.045814124982499,-0.99780427441288044,1173,0.53977297800113899,742,0.43977297800113901,0.48778282857075783,791,0.81319714616348859,1111,0.71319714616348862,0.7497747370479162,1138
1124,"[5, 1, 1, 2]",16.733333333333334,14.9,16.388354186717997,26.266666666666666,False,0.88737935298675352,783,0.7373793529867535,0.83304730493338219,856,-0.62097002141170665,975,-0.77097002141170667,-0.67530206946507798,1007,0.65762718744296134,600,0.50762718744296131,0.60329513938959001,650,1.0487934117460509,953,0.89879341174605099,0.98271229400324034,988
1125,"[5, 1, 1, 3]",16.133333333333333,14.949999999999999,23.286814244465834,24.899999999999999,False,0.93580035874321132,729,0.7858003587432113,0.90377406578960617,751,-0.3655952139228138,784,-0.51559521392281382,-0.39762150687641895,819,0.69981623939768678,554,0.54981623939768676,0.66778994644408163,583,1.2124498740987417,799,1.0624498740987416,1.1715383168551168,822
1126,"[5, 1, 1, 4]",15.166666666666666,14.550000000000001,30.186477382098172,23.200000000000003,False,0.97166675401900149,679,0.82166675401900147,0.95883341493596441,686,-0.12273892451805335,584,-0.27273892451805337,-0.13557226360109054,593,0.59768937192083027,673,0.44768937192083025,0.58485603283779308,681,1.3619636654544998,665,1.2119636654544998,1.3426337685472833,669
1127,"[5, 1, 1, 5]",12.533333333333333,11.4,43.983397497593842,16.5,False,0.96938462234836786,682,0.86938462234836789,0.93704651852994536,717,0.28888654727618324,277,0.1888865472761832,0.25654844345776073,304,0.31946883794028325,1066,0.21946883794028324,0.28713073412186074,1128,1.5838642190258605,474,1.4838642190258604,1.5419963405668262,522
1128,"[5, 1, 2, 0]",16.899999999999999,15.1,4.3142444658325312,27.200000000000003,False,0.82235036545040452,901,0.62235036545040445,0.76927484883951003,965,-1.0482223005746196,1191,-1.2482223005746196,-1.1012978171855143,1207,0.59259819990661233,680,0.39259819990661238,0.53952268329571784,731,0.77819623799022031,1132,0.57819623799022035,0.7135665581204429,1164
1129,"[5, 1, 2, 1]",16.933333333333334,15.1,11.212704523580365,26.800000000000001,False,0.84247738796238403,856,0.69247738796238401,0.78825944941698833,933,-0.82114147633020507,1083,-0.97114147633020509,-0.87535941487560087,1116,0.61272522241859195,653,0.46272522241859193,0.55850728387319626,712,0.91633723642538523,1044,0.7663372364253852,0.85041889676179327,1087
1130,"[5, 1, 2, 2]",16.833333333333332,15.550000000000001,18.112367661212705,26.166666666666668,False,0.90804675353520392,758,0.7580467535352039,0.87293552330202262,786,-0.548582216628415,920,-0.69858221662841502,-0.5836934468615963,940,0.67829458799141185,582,0.52829458799141182,0.64318335775823055,609,1.0993561824203186,904,0.94935618242031861,1.0550669800329069,931
1131,"[5, 1, 2, 3]",16.033333333333335,14.75,25.010827718960538,24.999999999999996,False,0.99961322768465499,654,0.79961322768465493,0.96404555941957049,676,-0.25006194074652893,674,-0.45006194074652894,-0.28562960901161333,700,0.7291488388492362,532,0.52914883884923625,0.69358117058415192,555,1.3052806860101227,713,1.1052806860101227,1.2603403713058361,743
1132,"[5, 1, 2, 4]",15.066666666666666,14.6,31.91049085659288,20.699999999999999,False,1.0354796229604453,610,0.83547962296044531,1.027815709959657,593,-0.007205651341768371,486,-0.20720565134176838,-0.01486956434255654,487,0.62702197137237969,639,0.42702197137237974,0.61935805837159164,633,1.454794477365881,600,1.254794477365881,1.4413042440506338,605
1133,"[5, 1, 2, 5]",12.633333333333333,11.449999999999999,45.707410972088546,14.333333333333332,False,1.0400520228968184,601,0.89005202289681851,1.0060288135536379,632,0.41127435205947493,198,0.26127435205947491,0.37725114271629445,227,0.35565596899883972,999,0.2056559689988397,0.32163275965565924,1063,1.6844269897001283,357,1.5344269897001281,1.6406668160701767,403
1134,"[5, 1, 3, 0]",17.633333333333333,16.449999999999999,6.0394610202117418,26.466666666666669,False,0.86473581355322171,821,0.66473581355322175,0.83356534190943465,852,-0.95408035584042605,1163,-1.154080355840426,-0.98525082748421333,1168,0.63498364800942952,632,0.43498364800942957,0.60381317636564247,649,0.85327613148198878,1094,0.65327613148198882,0.81358540983250416,1107
1135,"[5, 1, 3, 1]",17.300000000000001,16.350000000000001,12.937921077959576,26.433333333333334,False,0.87229619478568887,803,0.72229619478568885,0.8490656219294217,825,-0.73956617287552395,1046,-0.88956617287552397,-0.76279674573179113,1047,0.64254402924189669,624,0.49254402924189666,0.61931345638562951,634,0.97724187218519487,1000,0.82724187218519485,0.94649038005280206,1009
1136,"[5, 1, 3, 2]",17.100000000000001,15.75,19.837584215591914,25.899999999999999,False,0.9844382945550052,671,0.78443829455500524,0.94715632996079724,704,-0.42043417897723739,833,-0.6204341789772374,-0.45771614357144536,857,0.75468612901121301,509,0.55468612901121306,0.71740416441700505,529,1.2063948387986849,809,1.006394838798685,1.1596910949028627,834
1137,"[5, 1, 3, 3]",15.699999999999999,15.6,26.736044273339751,25.333333333333332,False,0.95544117388343552,704,0.8054411738834355,0.96091444970203865,682,-0.24247749791637185,669,-0.39247749791637188,-0.23700422209776884,664,0.65047245396043274,610,0.50047245396043272,0.65594572977903576,597,1.2891234660998294,731,1.1391234660998293,1.2906223809126343,713
1138,"[5, 1, 3, 4]",14.933333333333334,14.1,33.635707410972088,15,False,1.0481621007662325,586,0.84816210076623255,1.0276462727159927,594,0.05723332309539525,435,-0.14276667690460476,0.036717495045155368,453,0.60520011809058305,660,0.40520011809058298,0.58468429004034306,682,1.4963692162184741,566,1.2963692162184741,1.4682967799732216,582
1139,"[5, 1, 3, 5]",12.766666666666667,11.5,47.432627526467755,7.9666666666666668,False,1.0618738761786153,572,0.91187387617861515,1.025023139376176,597,0.48485270197264774,157,0.33485270197264771,0.44800196517020852,181,0.34297349119305209,1020,0.1929734911930521,0.30612275439061287,1084,1.7363110069032368,314,1.5863110069032367,1.689369878308554,360
1140,"[5, 1, 4, 0]",12.633333333333333,10.9,7.7634744947064487,31.133333333333333,True,0.71061265812299745,1064,0.5106126581229975,0.65742568571361515,1130,-1.0564831070358089,1193,-1.2564831070358089,-1.1096700794451915,1213,0.48086049257920543,815,0.28086049257920542,0.42767352016982296,892,0.70667395370264807,1178,0.50667395370264812,0.64120325375690757,1205
1141,"[5, 1, 4, 1]",12.466666666666667,11.25,14.661934552454284,31.266666666666666,True,0.72388514902797019,1042,0.57388514902797017,0.68860540824231287,1094,-0.83625681439840138,1091,-0.9862568143984014,-0.8715365551840587,1108,0.494132983484178,796,0.34413298348417798,0.45885324269852079,843,0.83708299337492653,1101,0.68708299337492651,0.79187138187194217,1119
1142,"[5, 1, 4, 2]",12.800000000000001,10.5,21.561597690086622,29.833333333333332,True,0.85430599974930499,837,0.65430599974930492,0.78146963543745174,938,-0.49884606954809646,888,-0.69884606954809647,-0.57168243385994977,929,0.6245538342055128,642,0.42455383420551279,0.55171746989365955,714,1.0868545166894474,916,0.88685451668944748,0.9991510440904241,976
1143,"[5, 1, 4, 3]",11.699999999999999,10.199999999999999,28.460057747834455,28.233333333333331,True,0.88559067648824552,787,0.68559067648824557,0.84000127434245608,847,-0.26060759107672077,687,-0.46060759107672078,-0.30619699322251032,720,0.5461416870753486,735,0.34614168707534859,0.50055228492955905,778,1.2311810821349214,783,1.0311810821349214,1.1741612774686165,821
1144,"[5, 1, 4, 4]",11.733333333333333,10.35,35.359720885466793,18.06666666666667,True,0.90572972979907007,760,0.75572972979907005,0.86422438655501643,803,-0.033478643636926209,507,-0.18347864363692623,-0.074983986880979903,540,0.42828747763352631,887,0.27828747763352629,0.38678213438947262,950,1.3693546673051129,658,1.2193546673051128,1.3169672554765723,687
1145,"[5, 1, 4, 5]",9.5333333333333332,9.3499999999999996,49.156641000962466,8.0999999999999996,True,0.96829908327695147,684,0.81829908327695144,0.9673503821350603,672,0.4429983133058254,178,0.29299831330582538,0.44204961216393424,184,0.2149184288014942,1209,0.064918428801494177,0.21396972765960304,1211,1.6580077981960613,385,1.5080077981960611,1.6511982485487469,391
1146,"[5, 1, 5, 0]",7.7999999999999998,7.5,11.21390760346487,35.933333333333337,True,0.52946580870791604,1252,0.37946580870791602,0.52346311784649546,1260,-1.1341169631881378,1226,-1.2841169631881379,-1.1401196540495584,1230,0.29971364316412397,1099,0.14971364316412392,0.29371095230270328,1119,0.56327703965525688,1240,0.41327703965525692,0.5504514834968196,1248
1147,"[5, 1, 5, 1]",7.7666666666666666,7.4000000000000004,18.112367661212705,35.233333333333334,True,0.54730798735089325,1240,0.44730798735089328,0.53896339786648251,1249,-0.90932098281272566,1137,-1.0093209828127256,-0.91766557229713641,1138,0.31755582180710112,1068,0.21755582180710112,0.30921123232269038,1081,0.69884071850279283,1182,0.59884071850279286,0.6833564537171174,1189
1148,"[5, 1, 5, 2]",7.9000000000000004,7.2000000000000002,25.012030798845043,33.133333333333333,True,0.67087430646522117,1118,0.52087430646522115,0.65099138812782331,1139,-0.57876476956942757,943,-0.7287647695694276,-0.59864768790682543,953,0.40038585603211246,934,0.25038585603211244,0.38050293769471455,958,0.9408802830544275,1028,0.79088028305442748,0.91234664225138895,1035
1149,"[5, 1, 5, 3]",7.4666666666666668,6.5999999999999996,31.91049085659288,28.299999999999997,True,0.72500742189418477,1037,0.57500742189418474,0.69907006536035399,1076,-0.31767785240802893,732,-0.46767785240802895,-0.34361520894185971,764,0.31654977030611919,1073,0.16654977030611917,0.29061241377228841,1124,1.1109800443761901,885,0.96098004437619011,1.0755147703664236,909
1150,"[5, 1, 5, 4]",7.5999999999999996,6.7999999999999998,38.810153994225217,22.200000000000003,True,0.79857374100851264,933,0.64857374100851262,0.77503533785165979,950,-0.037121639164730824,510,-0.18712163916473085,-0.060660042321583618,523,0.25212282666780039,1176,0.1021228266678004,0.22858442351094763,1198,1.303019608927825,717,1.1530196089278248,1.2702944325849055,732
1151,"[5, 1, 5, 5]",6.2666666666666666,5.2000000000000002,52.607074109720884,1.2666666666666666,True,0.84084606478342361,858,0.74084606478342363,0.80725541008675583,909,0.21049235929737942,346,0.11049235929737941,0.1769017046007117,375,0.018456748132798045,1281,-0.08154325186720196,-0.015133906563869676,1286,1.5751778944579482,485,1.4751778944579481,1.5308412151307642,538
1152,"[5, 2, 0, 0]",17.733333333333334,14.85,1.4208373435996151,26.366666666666667,False,0.77197684259060395,969,0.62197684259060393,0.68162997622345256,1106,-1.1853980371014079,1254,-1.3353980371014078,-1.2757449034685591,1279,0.54222467704681188,739,0.39222467704681185,0.45187781067966049,854,0.6820416350971007,1191,0.53204163509710067,0.57532703932933082,1233
1153,"[5, 2, 0, 1]",17.766666666666666,15.050000000000001,8.3192974013474501,26,False,0.89210386510258344,773,0.69210386510258337,0.80758321791591348,908,-0.85831721285699314,1108,-1.0583172128569931,-0.9428378600436631,1154,0.66235169955879125,595,0.4623516995587913,0.57783105237212151,691,0.92018263353226537,1039,0.72018263353226541,0.82007411481278636,1103
1154,"[5, 2, 0, 2]",17.699999999999999,14.949999999999999,15.218960538979788,26.033333333333335,False,0.90881565260990449,756,0.75881565260990447,0.82309552873474567,881,-0.63461553122070191,980,-0.78461553122070193,-0.72033565509586073,1027,0.67906348706611241,579,0.52906348706611239,0.59334336319095349,664,1.0544902393210134,949,0.90449023932101336,0.95301167176811041,1004
1155,"[5, 2, 0, 3]",17,14.9,22.117420596727623,25.633333333333333,False,1.0038093925628588,652,0.80380939256285888,0.94033796903347833,710,-0.33266798953531246,749,-0.53266798953531247,-0.39613941306469297,818,0.77405722701906687,497,0.57405722701906681,0.71058580348968636,536,1.2642807222922607,752,1.0642807222922608,1.1878903261989346,809
1156,"[5, 2, 0, 4]",15.800000000000001,15,29.017083734359961,24.133333333333329,False,1.031678834297141,614,0.83167883429714107,1.0128189209672931,623,-0.097808653672060097,560,-0.29780865367206011,-0.11666856700190814,579,0.68108932515373399,578,0.48108932515373398,0.66222941182388595,588,1.4047738950913178,631,1.2047738950913178,1.3787226199963638,643
1157,"[5, 2, 0, 5]",13.133333333333333,11.5,42.814003849855631,16.233333333333334,False,1.0282542806920065,616,0.87825428069200639,0.97883690261005463,659,0.3126743961876754,260,0.16267439618767537,0.26325701810572355,296,0.40172636923868599,931,0.25172636923868597,0.35230899115673414,1001,1.6253857888688641,418,1.475385788868864,1.5642694025422226,493
1158,"[5, 2, 1, 0]",17.633333333333333,14.9,3.1460538979788257,26.466666666666669,False,0.83580174233089255,871,0.63580174233089259,0.7506243020459904,996,-1.0698166407297427,1199,-1.2698166407297427,-1.1549940810146448,1240,0.60604957678710047,659,0.40604957678710046,0.52087213650219832,757,0.77490503374350816,1137,0.57490503374350821,0.67403010156770782,1194
1159,"[5, 2, 1, 1]",17.566666666666666,15.050000000000001,10.044513955726661,26.166666666666668,False,0.85250149903936867,839,0.70250149903936865,0.77483538345970571,952,-0.84616308228883164,1101,-0.99616308228883166,-0.9238291978684946,1143,0.62274933349557648,644,0.47274933349557646,0.54508321791591352,719,0.90918005279722969,1049,0.75918005279722967,0.81680349284063725,1105
1160,"[5, 2, 1, 2]",17.633333333333333,15.199999999999999,16.944177093358999,25.366666666666667,False,0.92378297428469436,738,0.77378297428469434,0.84905849567226599,826,-0.56789171291453555,936,-0.71789171291453557,-0.64261619152696392,981,0.69403080874090217,561,0.54403080874090215,0.6193063301284738,635,1.0986422977612353,906,0.94864229776123532,1.0096094708485928,967
1161,"[5, 2, 1, 3]",16.933333333333334,15.25,23.842637151106832,24.099999999999998,False,1.0187767142376487,630,0.81877671423764875,0.9697852565284899,669,-0.26594417122914632,694,-0.46594417122914633,-0.31493562893830501,725,0.77167613675930413,498,0.57167613675930418,0.72268467905014555,524,1.3084327807324825,709,1.1084327807324825,1.2484354937004694,756
1162,"[5, 2, 1, 4]",16.033333333333335,15,30.742300288739173,22.066666666666666,False,1.0569279533824412,576,0.85692795338244121,1.0300710865110851,590,-0.020803037955383574,501,-0.22080303795538359,-0.047659904826739707,514,0.67183411315145003,587,0.47183411315144996,0.64497724628009379,608,1.4605238916758698,596,1.2605238916758699,1.4254519980242149,618
1163,"[5, 2, 1, 5]",12.933333333333334,11.449999999999999,44.53922040423484,15.199999999999999,False,1.0386519146287916,604,0.88865191462879167,0.99434690787510094,647,0.37482852675583689,225,0.22482852675583684,0.33052352000214613,256,0.37761967208788699,965,0.22761967208788697,0.33331466533419629,1036,1.6643832081338283,379,1.5143832081338282,1.6090250963595469,433
1164,"[5, 2, 2, 0]",17.466666666666665,15.199999999999999,4.8700673724735326,26.633333333333336,False,0.79732976740333394,935,0.64732976740333392,0.72831739846341126,1030,-1.0565682114224599,1194,-1.2065682114224598,-1.1255805803623828,1220,0.56757760185954187,711,0.41757760185954185,0.49856523291961918,781,0.76515852606726031,1142,0.61515852606726029,0.68256899812368999,1191
1165,"[5, 2, 2, 1]",17.199999999999999,15.449999999999999,11.768527430221367,26.533333333333335,False,0.85717499250480311,833,0.70717499250480309,0.80601280043461787,911,-0.78976918458855594,1065,-0.93976918458855596,-0.84093137665874118,1087,0.62742282696101104,638,0.47742282696101102,0.5762606348908258,694,0.9417015863580952,1026,0.79170158635809518,0.87928975781767205,1059
1166,"[5, 2, 2, 2]",17.100000000000001,14.9,18.668190567853706,25.899999999999999,False,0.87274435807762307,801,0.77274435807762309,0.80584566874473917,912,-0.5672099248867658,933,-0.66720992488676578,-0.6341086142196497,975,0.642992192533831,622,0.54299219253383102,0.5760935032009471,695,1.0747205323530289,932,0.97472053235302891,0.9944641568782594,982
1167,"[5, 2, 2, 3]",16.533333333333335,15.15,25.56665062560154,24.499999999999996,False,0.97230778576858212,677,0.8223077857685821,0.93354107071594583,720,-0.2606926954633717,688,-0.41069269546337173,-0.299459410516008,713,0.69072693880034342,565,0.54072693880034339,0.65196022374770712,600,1.289665654499534,730,1.1396656544995341,1.2411849165722413,768
1168,"[5, 2, 2, 4]",15.766666666666667,13.949999999999999,32.466313763233877,17.800000000000004,False,1.0150287126513793,635,0.86502871265137915,0.96072585540237365,683,-0.010981874451604479,491,-0.1609818744516045,-0.065284731700609999,528,0.59545460293049368,678,0.44545460293049371,0.54115174568148827,725,1.4469114046181786,606,1.2969114046181787,1.3807014208959862,639
1169,"[5, 2, 2, 5]",12.199999999999999,11.449999999999999,46.263233878729551,11.466666666666669,False,0.98075876681471363,673,0.88075876681471366,0.96158704262004802,679,0.36865578317660019,230,0.26865578317660022,0.34948405898193458,246,0.2852462547839148,1127,0.18524625478391479,0.26607453058924918,1161,1.6327294839627351,410,1.532729483962735,1.6057218876523716,437
1170,"[5, 2, 3, 0]",17.600000000000001,15.9,6.5952839268527432,26.5,False,0.86915162068513063,814,0.66915162068513068,0.8199598079096424,891,-0.93298986150928731,1150,-1.1329898615092873,-0.98218167428477554,1167,0.63939945514133845,628,0.43939945514133849,0.59020764236585022,673,0.867042543270369,1082,0.66704254327036905,0.8069299550989093,1109
1171,"[5, 2, 3, 1]",17.399999999999999,15.75,13.493743984600577,26.333333333333336,False,0.93128168965560221,734,0.73128168965560214,0.88371792765088397,774,-0.66390599080638069,1005,-0.86390599080638064,-0.71146975281109892,1021,0.70152952411181002,550,0.50152952411180995,0.65396576210709179,598,1.0461629231488325,955,0.84616292314883257,0.98786124110868068,985
1172,"[5, 2, 3, 2]",17.333333333333332,15.75,20.393407122232915,25.666666666666668,False,0.94799347716292315,712,0.79799347716292313,0.90271455902720732,752,-0.44020430917008935,848,-0.59020430917008937,-0.48548322730580529,871,0.71824131161913107,539,0.56824131161913105,0.67296239348341513,576,1.1804705289375805,825,1.0304705289375806,1.1247461664850573,858
1173,"[5, 2, 3, 3]",15.966666666666667,15.050000000000001,27.291867179980752,25.066666666666663,False,0.97013877842585472,680,0.8201387784258547,0.94730891570224662,703,-0.21110520617472261,649,-0.36110520617472264,-0.23393506889833082,662,0.65405360037003191,605,0.50405360037003188,0.6312237376464237,622,1.3144878160325391,706,1.1644878160325391,1.2839669261790396,721
1174,"[5, 2, 3, 4]",15.4,13.9,34.191530317613086,14.4,False,1.0697142369156587,564,0.86971423691565874,1.02623586066742,595,0.095460146444051264,414,-0.10453985355594875,0.051981770195812682,442,0.61563579610718899,651,0.41563579610718904,0.57215741985895052,698,1.5294655249140705,539,1.3294655249140706,1.4754571147133109,578
1175,"[5, 2, 3, 5]",12.233333333333333,11.25,47.98845043310876,7.9333333333333353,False,1.0491533542930069,585,0.8991533542930068,1.0218705670488575,603,0.48880686728626965,153,0.33880686728626963,0.46152408004212042,176,0.31913651117462383,1067,0.1691365111746238,0.2918537239304746,1121,1.7307475217844002,321,1.5807475217844003,1.6945565288381172,358
1176,"[5, 2, 4, 0]",12.433333333333334,10.75,8.3192974013474501,31.333333333333332,True,0.70931635558240069,1067,0.50931635558240063,0.65775743394378816,1127,-1.0411047223771759,1189,-1.2411047223771758,-1.0926636440157884,1204,0.47956419003860856,817,0.27956419003860855,0.42800526839999598,890,0.71399706652195616,1174,0.5139970665219562,0.65033727270752317,1202
1177,"[5, 2, 4, 1]",12.166666666666666,10.65,15.217757459095283,31.56666666666667,True,0.76916158068386986,975,0.56916158068386979,0.72325771396377525,1036,-0.77430569554327167,1057,-0.97430569554327173,-0.8202095622633665,1076,0.53940941514007767,744,0.33940941514007766,0.49350554841998306,787,0.89054012681279104,1063,0.69054012681279109,0.83324224292782101,1096
1178,"[5, 2, 4, 2]",12.066666666666666,10.5,22.117420596727623,30.566666666666666,True,0.78473094625668982,951,0.6347309462566898,0.73702786450386171,1017,-0.55174643584148153,922,-0.70174643584148155,-0.59944951759430964,954,0.55497878071289763,724,0.40497878071289761,0.50727569896006952,774,1.0235590728077246,973,0.8735590728077246,0.96420611567261882,997
1179,"[5, 2, 4, 3]",11.633333333333333,9.8499999999999996,29.015880654475456,28.299999999999997,True,0.88886406168565313,782,0.68886406168565317,0.83336438145764657,854,-0.24065951868008306,668,-0.44065951868008307,-0.29615919890808973,710,0.53829861413993618,746,0.33829861413993623,0.48279893391192957,807,1.2436588341294872,770,1.0436588341294872,1.1754005595771271,820
1180,"[5, 2, 4, 4]",11.533333333333333,10.25,35.915543792107798,18.266666666666666,True,0.90443342725847331,763,0.75443342725847329,0.86629829506393519,799,-0.018100258978292705,497,-0.16810025897829273,-0.056235391172830884,519,0.41587471696010947,908,0.26587471696010945,0.37773958476557135,962,1.376677780124421,650,1.2266777801244209,1.3280749586377145,681
1181,"[5, 2, 4, 5]",9.1666666666666661,9.3499999999999996,49.712463907603464,7.6333333333333346,True,0.9612906710638488,693,0.81129067106384878,0.97290861120147032,664,0.45266458829195272,171,0.3026645882919527,0.46428252842957418,175,0.19679355845557162,1221,0.046793558455571593,0.20841149859319308,1218,1.6588876120462968,384,1.5088876120462968,1.6662533201309415,376
1182,"[5, 2, 5, 0]",6.5333333333333332,6.5999999999999996,11.769730510105871,37.200000000000003,True,0.49161200426328266,1276,0.34161200426328264,0.4976624618954838,1275,-1.155296080433541,1240,-1.3052960804335412,-1.1492456228013399,1233,0.26185983871949048,1162,0.11185983871949048,0.26791029635169172,1156,0.52936303907250315,1263,0.37936303907250313,0.52998023928954052,1258
1183,"[5, 2, 5, 1]",6.5666666666666664,6.5499999999999998,18.668190567853706,36.433333333333337,True,0.56173902677526222,1231,0.41173902677526214,0.56490490219421652,1229,-0.87821525618912666,1123,-1.0282152561891267,-0.87504938077017236,1115,0.33198686123147003,1045,0.18198686123147001,0.33515273665042444,1030,0.717504037507668,1170,0.56750403750766798,0.71485889372036471,1162
1184,"[5, 2, 5, 2]",6.666666666666667,6.4000000000000004,25.567853705486044,34.366666666666667,True,0.58416292395508895,1206,0.48416292395508898,0.57867505273430297,1212,-0.64880146488032975,995,-0.74880146488032973,-0.65428933610111573,991,0.30255801538916016,1097,0.20255801538916018,0.29707014416837424,1112,0.85825494226548804,1092,0.75825494226548806,0.84582276646516252,1089
1185,"[5, 2, 5, 3]",6.4666666666666668,6.0999999999999996,32.466313763233877,27.100000000000001,True,0.69629299292556046,1090,0.54629299292556044,0.68720669163930748,1099,-0.32971759417742319,744,-0.47971759417742321,-0.33880389546367617,756,0.27671888320467497,1140,0.12671888320467498,0.26763258191842199,1157,1.0873753221439517,914,0.93737532214395181,1.070832999843355,915
1186,"[5, 2, 5, 4]",6.5666666666666664,6.0499999999999998,39.365976900866215,23.233333333333334,True,0.76871689010538724,977,0.61871689010538722,0.75446116273688524,988,-0.050303802868626318,520,-0.20030380286862634,-0.064559530237128376,527,0.21114951763185505,1212,0.061149517631855027,0.19689379026335299,1223,1.2781262269017719,745,1.1281262269017718,1.2557442410092055,751
1187,"[5, 2, 5, 5]",6.0333333333333332,4.75,53.162897016361889,1.5,True,0.83840734030832564,863,0.73840734030832567,0.79713419664445506,924,0.18026248949023121,370,0.080262489490231209,0.13898934582636072,401,0.0049015655248800249,1284,-0.095098434475119981,-0.036371578138990474,1290,1.5812123474834419,478,1.4812123474834418,1.5281331288182221,542
1188,"[5, 3, 0, 0]",13.800000000000001,12.15,1.9742540904716073,30.300000000000001,False,0.64270522178818901,1149,0.49270522178818904,0.59308748863990779,1199,-1.2980671554976628,1282,-1.448067155497663,-1.3476848886459445,1288,0.41295305624439693,915,0.26295305624439691,0.3633353230961156,986,0.54496967753913939,1252,0.39496967753913936,0.48373799007305152,1281
1189,"[5, 3, 0, 1]",13.5,12.199999999999999,8.8727141482194423,30.233333333333334,False,0.75140802495515713,1001,0.55140802495515706,0.7138142494961317,1050,-0.98241055059825988,1172,-1.1824105505982598,-1.0200043260572851,1179,0.52165585941136494,762,0.32165585941136499,0.48406208395233957,803,0.77022407803615978,1140,0.57022407803615982,0.722564012924928,1156
1190,"[5, 3, 0, 2]",13.633333333333333,12.65,15.77237728585178,29.966666666666669,False,0.824974344069485,896,0.62497434406948504,0.79849032338116599,919,-0.7018543373549615,1019,-0.90185433735496157,-0.72833835804328073,1030,0.59522217852569292,679,0.39522217852569291,0.5687381578373738,702,0.9622636425877944,1014,0.76226364258779444,0.92721209619604195,1021
1191,"[5, 3, 0, 3]",13.133333333333333,12.1,22.670837343599615,28.833333333333336,False,0.82682261562944637,891,0.67682261562944634,0.79831116089244214,921,-0.4930522640625653,885,-0.64305226406256533,-0.52156371879956931,897,0.59707045008565418,674,0.44707045008565416,0.56855899534865006,705,1.0797860843219285,922,0.92978608432192833,1.0423539085216027,945
1192,"[5, 3, 0, 4]",13.133333333333333,12.75,29.570500481231953,26.799999999999997,False,0.94581924700576958,716,0.74581924700576963,0.93995587589245888,711,-0.16706573855727169,617,-0.3670657385572717,-0.17292910967058245,630,0.58416140292492269,690,0.38416140292492273,0.57829803181161199,690,1.316671009698305,701,1.116671009698305,1.3048967286348214,697
1193,"[5, 3, 0, 5]",10.666666666666666,10.300000000000001,43.367420596727619,18.700000000000003,False,0.94924922500764175,710,0.79924922500764173,0.94255922338887899,709,0.25027184290947041,310,0.10027184290947039,0.24358184129070765,321,0.31165297861688157,1081,0.16165297861688152,0.30496297699811881,1089,1.5450148622387379,519,1.3950148622387379,1.531890879601733,535
1194,"[5, 3, 1, 0]",13.766666666666667,11.949999999999999,3.6994706448508179,30.333333333333336,False,0.70881496539748001,1070,0.50881496539748006,0.65337101306871725,1135,-1.1802009152569954,1250,-1.3802009152569954,-1.2356448675857583,1271,0.47906279985368794,819,0.27906279985368793,0.42361884752492512,897,0.64041039577317571,1211,0.44041039577317576,0.57257263125879687,1236
1195,"[5, 3, 1, 1]",13.699999999999999,12.050000000000001,10.597930702598653,30.033333333333335,False,0.72551472210595613,1035,0.57551472210595611,0.67583993420368693,1114,-0.95654735681608438,1164,-1.1065473568160844,-1.0062221447183535,1175,0.49576255656216395,793,0.34576255656216393,0.4460877686598948,865,0.77468541482689723,1138,0.62468541482689721,0.71337233832120006,1165
1196,"[5, 3, 1, 2]",13.5,12.4,17.497593840230991,29.5,False,0.83765682187527246,867,0.63765682187527251,0.80703168753122978,910,-0.63741536291779766,985,-0.83741536291779772,-0.66804049726184056,1002,0.6079046563314805,657,0.40790465633148043,0.57727952198743759,692,1.0038383814403875,981,0.80383838144038744,0.96407305317126091,998
1197,"[5, 3, 1, 3]",13.199999999999999,12.199999999999999,24.396053897978828,27.833333333333332,False,0.84635962504224072,849,0.69635962504224069,0.81904764699372556,892,-0.42175875801839458,834,-0.5717587580183946,-0.44907073606690961,851,0.58819071262645628,685,0.43819071262645626,0.56087873457794113,711,1.1290927819374079,866,0.9790927819374079,1.093030654970506,892
1198,"[5, 3, 1, 4]",13.066666666666666,12.25,31.295717035611165,24.633333333333336,False,0.96078656868055945,695,0.76078656868055949,0.93978643864879463,712,-0.10034192025110561,562,-0.30034192025110562,-0.12134205028287048,583,0.56462439351212823,714,0.36462439351212828,0.54362426348036341,720,1.3608230681385269,666,1.160823068138527,1.3318892645574092,675
1199,"[5, 3, 1, 5]",10.1,10,45.092637151106835,18.033333333333331,False,0.94708021766491457,714,0.79708021766491455,0.94935842726019726,702,0.29985933219811955,265,0.14985933219811956,0.30213754179340235,267,0.27497964018656995,1143,0.1249796401865699,0.27725784978185275,1141,1.5698370237717434,493,1.4198370237717433,1.5667781523664259,484
1200,"[5, 3, 2, 0]",13.633333333333333,12.449999999999999,5.4234841193455248,30.466666666666669,False,0.72148541240442254,1050,0.52148541240442248,0.68803275060112079,1096,-1.1158100640152118,1216,-1.3158100640152117,-1.1492627258185137,1234,0.49173324686063036,802,0.29173324686063035,0.4582805850573286,845,0.68195254789074244,1192,0.48195254789074243,0.63900626465688459,1208
1201,"[5, 3, 2, 1]",13.699999999999999,12.5,12.321944177093359,30.033333333333335,False,0.79275485685090308,943,0.59275485685090312,0.75875951145734466,983,-0.83758681783629618,1093,-1.0375868178362961,-0.8715821632298546,1110,0.563002691307111,716,0.36300269130711099,0.52900734591355258,745,0.87138220611972161,1076,0.67138220611972166,0.82783228750876114,1100
1202,"[5, 3, 2, 2]",13.4,12.35,19.221607314725699,29.600000000000001,False,0.80146969081671626,930,0.65146969081671624,0.77252966199743123,953,-0.62188208974151282,976,-0.77188208974151284,-0.65082211856079786,989,0.57171752527292408,705,0.42171752527292411,0.54277749645363915,721,0.99666919335176862,987,0.8466691933517686,0.95879616025355907,1001
1203,"[5, 3, 2, 3]",13.033333333333333,12,26.120067372473532,28,False,0.85788765011468204,832,0.70788765011468202,0.82931914062369005,864,-0.35851032871111199,779,-0.50851032871111201,-0.38707883820210387,805,0.56523846820900348,712,0.41523846820900351,0.5366699587180116,734,1.16934627426116,832,1.0193462742611601,1.1318327094212253,850
1204,"[5, 3, 2, 4]",12.533333333333333,11.75,33.019730510105873,20.533333333333339,False,0.95974795247348821,700,0.75974795247348825,0.93960497060628523,713,-0.049660132223335485,519,-0.2496601322233355,-0.069803114090538465,534,0.52910550781516297,755,0.3291055078151629,0.50896252594795999,769,1.3869013027303205,639,1.1869013027303206,1.3588492137449706,656
1205,"[5, 3, 2, 5]",9.9666666666666668,9.5500000000000007,46.81665062560154,12.833333333333334,False,0.9597506646718571,699,0.80975066467185708,0.9509191194964336,699,0.36425018343990323,237,0.21425018343990318,0.35541863826447972,242,0.25316981770361835,1173,0.10316981770361833,0.2443382725281949,1186,1.6113791758893097,438,1.4613791758893098,1.5957117857645131,444
1206,"[5, 3, 3, 0]",13.966666666666667,13.449999999999999,7.1487006737247354,29.966666666666661,False,0.70016179729322614,1085,0.55016179729322612,0.69012812171982574,1090,-1.0853771824950318,1206,-1.2353771824950319,-1.0954108580684321,1205,0.47040963174943395,826,0.32040963174943393,0.46037595617603366,839,0.6915685238567375,1188,0.54156852385673748,0.67520932689526159,1193
1207,"[5, 3, 3, 1]",13.699999999999999,13.35,14.047160731472569,30.033333333333335,False,0.7600070223946952,992,0.61000702239469518,0.75562840173981283,987,-0.81857815566112746,1081,-0.96857815566112748,-0.82295677631600983,1077,0.53025485685090312,753,0.3802548568509031,0.52587623619602075,750,0.8681115841475725,1079,0.71811158414757248,0.85811429711555942,1081
1208,"[5, 3, 3, 2]",13.733333333333333,13.449999999999999,20.946823869104907,28.899999999999999,False,0.83014607570551979,884,0.68014607570551977,0.82810935367362748,867,-0.54144920822133302,915,-0.69144920822133304,-0.54348593025322522,912,0.60039391016172761,667,0.45039391016172758,0.59835718812983529,657,1.0562851693177637,948,0.90628516931776359,1.0489465909129887,941
1209,"[5, 3, 3, 3]",12.966666666666667,12.85,27.845283926852744,27.733333333333334,False,0.82285497178947187,900,0.72285497178947189,0.82618803090615811,871,-0.3417865104049459,763,-0.44178651040494588,-0.33845345128825965,755,0.49570145879620908,794,0.3957014587962091,0.49903451791289533,780,1.1634983327013821,836,1.0634983327013821,1.1621147190280234,829
1210,"[5, 3, 3, 4]",12.199999999999999,12.65,34.744947064485082,17.600000000000001,False,0.91557589867226896,748,0.76557589867226894,0.93821602116749891,716,-0.042075689393178517,515,-0.19207568939317854,-0.019435566897948564,490,0.4504291229263595,849,0.30042912292635948,0.47306924542158946,821,1.370744082820027,653,1.2207440828200271,1.391104907562295,632
1211,"[5, 3, 3, 5]",10.466666666666667,10.699999999999999,48.541867179980748,9.2999999999999989,False,0.94413915923316616,719,0.84413915923316618,0.95824097145137543,687,0.40039517463258867,209,0.30039517463258864,0.41449698685079794,205,0.20305398117734333,1217,0.10305398117734332,0.2171557933955526,1205,1.6274384508243771,414,1.527438450824377,1.6378359006344694,406
1212,"[5, 3, 4, 0]",10.300000000000001,9.8499999999999996,8.8727141482194423,33.433333333333337,True,0.64173551924304739,1153,0.44173551924304744,0.63193271639508641,1164,-1.0920830563103694,1207,-1.2920830563103693,-1.1018858591583305,1208,0.41198335369925532,918,0.21198335369925533,0.40218055085129434,929,0.64651273782997432,1208,0.4465127378299743,0.62980085503019123,1210
1213,"[5, 3, 4, 1]",9.9000000000000004,9.5,15.771174205967275,33.700000000000003,True,0.69701105660651208,1089,0.49701105660651207,0.68872219502134535,1092,-0.82985371721446977,1087,-1.0298537172144697,-0.83814257879963638,1086,0.46725889106271995,830,0.26725889106271994,0.45897002947755317,841,0.81790115894555138,1108,0.61790115894555142,0.80283740419785743,1110
1214,"[5, 3, 4, 2]",9.8666666666666671,9.4000000000000004,22.670837343599615,32.100000000000001,True,0.76486526604833438,983,0.56486526604833431,0.75423450584017737,989,-0.55500961364367729,925,-0.75500961364367725,-0.5656403738518343,925,0.53511310050454219,751,0.33511310050454218,0.52448234029638519,753,1.0034974245281139,982,0.8034974245281139,0.98577496115318164,986
1215,"[5, 3, 4, 3]",9.2333333333333325,8.8499999999999996,29.569297401347448,30.699999999999996,True,0.76214384987029093,986,0.61214384987029091,0.75405534335145363,990,-0.35077722808928569,772,-0.50077722808928571,-0.35886573460812299,784,0.40051006738713407,932,0.25051006738713405,0.39242156086829677,946,1.11586522708699,878,0.96586522708698996,1.1009167734787426,882
1216,"[5, 3, 4, 4]",9.1999999999999993,8.5,36.468960538979786,20.600000000000001,True,0.82999805931211323,886,0.67999805931211321,0.8108568527765575,902,-0.075933124518493211,545,-0.22593312451849323,-0.095074331054048944,563,0.33037101407630964,1049,0.18037101407630959,0.31122980754075391,1077,1.301461492669552,721,1.1514614926695521,1.2739859093814352,726
1217,"[5, 3, 4, 5]",7.833333333333333,8.5999999999999996,50.26588065447546,6.9666666666666677,True,0.92112796115252304,741,0.77112796115252302,0.95231037448900546,697,0.40783392842875005,200,0.25783392842875003,0.43901634176523247,186,0.145562513606806,1246,-0.0044374863931940234,0.17674492694328842,1234,1.6223311184058615,425,1.4723311184058614,1.6516379550851887,390
1218,"[5, 3, 5, 0]",7,6.7999999999999998,12.323147256977864,36.733333333333334,True,0.51314007881501855,1263,0.36314007881501853,0.51016527047918636,1268,-1.1171655034756456,1217,-1.2671655034756455,-1.1201403118114777,1217,0.28338791327122642,1130,0.1333879132712264,0.28041310493539418,1139,0.56239417429804706,1241,0.41239417429804703,0.55286487424378772,1245
1219,"[5, 3, 5, 1]",7,6.8499999999999996,19.221607314725699,36,True,0.5821246793924969,1208,0.43212467939249688,0.58089203133541034,1210,-0.84122710116573218,1097,-0.99122710116573221,-0.84245974922281885,1089,0.35237251384870483,1002,0.20237251384870478,0.35113986579161816,1004,0.74924651293939737,1152,0.59924651293939735,0.74169089709566438,1143
1220,"[5, 3, 5, 2]",6.9333333333333336,6.7000000000000002,26.121270452358036,34.099999999999994,True,0.648836466899818,1140,0.49883646689981798,0.64466218187549673,1147,-0.56752541952944091,935,-0.71752541952944093,-0.57169970455376207,930,0.3561632233964494,998,0.20616322339644938,0.35198893837212819,1003,0.9335541187281452,1033,0.78355411872814518,0.92265476984046213,1023
1221,"[5, 3, 5, 3]",6.7333333333333334,6.3499999999999996,33.019730510105873,26.333333333333336,True,0.66096653587028953,1129,0.56096653587028955,0.65145166050175562,1138,-0.34844154882653422,770,-0.44844154882653425,-0.35795642419506812,783,0.23032409121196418,1196,0.13032409121196417,0.22080921584343027,1203,1.0626744986066092,941,0.96267449860660914,1.0456913190081285,943
1222,"[5, 3, 5, 4]",6.8666666666666663,6.2000000000000002,39.919393647738211,22.933333333333334,True,0.78453285498461744,952,0.63453285498461742,0.76522181104184206,973,-0.017885335583236239,496,-0.16788533558323626,-0.037196379526011625,506,0.21589714757364534,1208,0.065897147573645315,0.19658610363086995,1226,1.3047140631582437,714,1.1547140631582435,1.2766551917529263,724
1223,"[5, 3, 5, 5]",6.166666666666667,5.2999999999999998,53.716313763233877,1.3666666666666663,True,0.84851119551505017,843,0.74851119551505019,0.82183212717937715,887,0.16269550735335628,380,0.062695507353356272,0.13601643901768323,402,0.003937085794164713,1286,-0.096062914205835293,-0.022741982541508332,1288,1.6013568847708415,457,1.5013568847708414,1.5648335532461535,491
1224,"[5, 4, 0, 0]",11.866666666666667,11.15,2.5300769971126083,32.233333333333334,False,0.58200297865353279,1209,0.43200297865353277,0.56380251213140486,1232,-1.3420947114330892,1288,-1.4920947114330891,-1.360295177955217,1289,0.35225081310974071,1003,0.20225081310974066,0.33405034658761279,1035,0.48528248108009692,1281,0.33528248108009689,0.45931937744471979,1287
1225,"[5, 4, 0, 1]",11.866666666666667,11.199999999999999,9.4285370548604419,31.866666666666667,False,0.70098757923101118,1081,0.50098757923101112,0.68452927298762889,1101,-1.0161563091231758,1183,-1.2161563091231757,-1.0326146153665581,1185,0.471235413687219,825,0.27123541368721898,0.4547771074438367,850,0.72213481972144722,1167,0.52213481972144726,0.69814540029659633,1173
1226,"[5, 4, 0, 2]",11.566666666666666,11.699999999999999,16.32820019249278,31.433333333333334,False,0.75970241319682419,993,0.55970241319682423,0.7709475071514087,958,-0.75045158102839227,1049,-0.95045158102839233,-0.73920648707380798,1038,0.52995024765303211,754,0.3299502476530321,0.54119534160761651,724,0.89742180695349405,1058,0.69742180695349409,0.90476716777823629,1045
1227,"[5, 4, 0, 3]",11.633333333333333,11.35,23.226660250240617,29.399999999999999,False,0.83097185764330472,883,0.63097185764330477,0.82773698577766752,868,-0.47222833484947663,870,-0.67222833484947664,-0.47546320671511405,864,0.59619081818228459,675,0.39619081818228463,0.59295594631664728,667,1.0868514651824732,917,0.88685146518247326,1.0778037169459025,906
1228,"[5, 4, 0, 4]",10.9,11.25,30.126323387872954,27.466666666666669,False,0.82483520646060315,898,0.67483520646060313,0.84324929659649961,838,-0.27137509190320819,699,-0.42137509190320821,-0.25296100176731173,673,0.45206090424693618,846,0.30206090424693616,0.47047499438283263,825,1.1953858750949329,817,1.0453858750949327,1.2107412739012267,794
1229,"[5, 4, 0, 5]",9.2333333333333325,8.9499999999999993,43.923243503368624,19.800000000000004,False,0.90568331089050269,761,0.75568331089050267,0.90107912492915665,754,0.22338061599156142,334,0.073380615991561399,0.21877643003021538,336,0.25697060636692232,1169,0.10697060636692229,0.25236642040557627,1177,1.5046575626869116,562,1.3546575626869117,1.4936564774997172,559
1230,"[5, 4, 1, 0]",11.433333333333334,11.050000000000001,4.2552935514918193,32.666666666666671,False,0.63440365904881002,1161,0.43440365904881001,0.6275703571177057,1171,-1.2379375344064354,1272,-1.4379375344064353,-1.2447708363375398,1272,0.40465149350501795,928,0.20465149350501791,0.39781819157391363,938,0.56525928178835994,1239,0.36525928178835998,0.5521013870515179,1246
1231,"[5, 4, 1, 1]",11.566666666666666,11.1,11.153753609239654,32.166666666666671,False,0.65795794736429303,1132,0.50795794736429301,0.64829711797392964,1142,-1.0074294443585172,1179,-1.1574294443585171,-1.0170902737488805,1178,0.42820578182050084,888,0.27820578182050082,0.41854495243013751,907,0.70726625960496814,1176,0.55726625960496812,0.69092740990339463,1183
1232,"[5, 4, 1, 2]",11.766666666666667,11.5,18.053416746871992,31.233333333333334,False,0.78380911034762324,954,0.58380911034762328,0.78123103158021823,939,-0.67458838724621706,1008,-0.87458838724621701,-0.67716646601362207,1009,0.55405694480383105,726,0.3540569448038311,0.55147886603642604,715,0.95188314374423166,1020,0.7518831437442316,0.94360180896398194,1013
1233,"[5, 4, 1, 3]",11.366666666666667,11.15,24.951876804619825,29.666666666666664,False,0.83908464771108782,861,0.63908464771108786,0.83802051020647705,850,-0.41235904815031738,822,-0.61235904815031739,-0.41342318565492814,828,0.56979927716248346,708,0.36979927716248345,0.56873513965787259,703,1.1232715648598086,869,0.92327156485980866,1.1166383581316481,865
1234,"[5, 4, 1, 4]",10.833333333333334,10.75,31.851539942252167,24.93333333333333,False,0.83980252813539302,860,0.689802528135393,0.84307985935283536,839,-0.20465127359704199,643,-0.35465127359704202,-0.20137394237959971,639,0.43252389483414183,876,0.28252389483414181,0.43580122605158411,880,1.2395379335351548,776,1.0895379335351547,1.2377338098238142,772
1235,"[5, 4, 1, 5]",8.9666666666666668,8.6999999999999993,45.648460057747833,18,False,0.91379610095828567,752,0.76379610095828565,0.90962048907922055,745,0.2832499026907207,283,0.13324990269072068,0.27907429081165552,280,0.23057906534712116,1195,0.080579065347121143,0.22640345346805599,1199,1.541077662364247,527,1.3910776623642471,1.5305174344749362,539
1236,"[5, 4, 2, 0]",12.166666666666666,11.75,5.9793070259865253,31.933333333333337,False,0.67677707635278228,1111,0.47677707635278221,0.66920073576509176,1117,-1.143843712867622,1235,-1.3438437128676219,-1.1514200534553123,1237,0.44702491080899009,855,0.24702491080899008,0.43944857022129968,873,0.64030658854510203,1213,0.44030658854510196,0.6264297572917108,1213
1237,"[5, 4, 2, 1]",12.4,11.949999999999999,12.87776708373436,31.333333333333336,False,0.75375863047176872,999,0.55375863047176865,0.74515397745755263,1003,-0.85990835701620072,1110,-1.0599083570162007,-0.86851301003041659,1106,0.52400646492797653,761,0.32400646492797652,0.51540181191376055,762,0.83617954574315334,1104,0.63617954574315339,0.82117683277516629,1102
1238,"[5, 4, 2, 2]",12.333333333333334,11.6,19.7774302213667,30.666666666666664,False,0.77047041797908977,970,0.62047041797908975,0.75195548688265657,995,-0.63620667537990927,984,-0.78620667537990929,-0.65472160647634248,994,0.54071825243529759,741,0.39071825243529762,0.52220332133886438,756,0.97048715153190146,1006,0.82048715153190144,0.94424596867785904,1012
1239,"[5, 4, 2, 3]",11.566666666666666,11.050000000000001,26.675890279114533,29.466666666666665,False,0.86317931406304171,823,0.66317931406304176,0.85177632439393292,820,-0.33654397756352222,756,-0.53654397756352223,-0.34794696723263113,770,0.55941367402454323,718,0.35941367402454322,0.54801068435543432,718,1.1777003149155196,827,0.97770031491551967,1.1593877810034199,835
1240,"[5, 4, 2, 4]",10.699999999999999,11.1,33.575553416746871,19.233333333333334,False,0.85247297514233544,840,0.70247297514233542,0.87251511604900178,789,-0.14026042235525849,598,-0.29026042235525851,-0.12021828144859209,582,0.41071407235119012,920,0.2607140723511901,0.43075621325785651,887,1.2810800856527211,743,1.1310800856527212,1.298246390590323,702
1241,"[5, 4, 2, 5]",9.1999999999999993,8.8000000000000007,47.372473532242537,11.533333333333335,False,0.93903318924474066,726,0.78903318924474064,0.93034494438165882,728,0.36020739521201683,239,0.21020739521201681,0.35151915034893499,245,0.22133588414368208,1202,0.071335884143682055,0.21264763928060024,1213,1.596795072213772,463,1.4467950722137721,1.5811615941888131,467
1242,"[5, 4, 3, 0]",12.333333333333334,12.449999999999999,7.7045235803657359,31.43333333333333,False,0.69974135156908013,1086,0.49974135156908012,0.71084314521132286,1053,-1.0691229410199479,1198,-1.2691229410199478,-1.058021147377705,1190,0.469989186025288,827,0.26998918602528799,0.48109097966753073,809,0.69347926554202499,1185,0.49347926554202493,0.70079071426692985,1172
1243,"[5, 4, 3, 1]",12.300000000000001,12.199999999999999,14.602983638113571,31.433333333333334,False,0.76758353021205727,978,0.56758353021205732,0.77111694439507295,957,-0.79432696064453556,1066,-0.99432696064453563,-0.79079354646151989,1064,0.53783136466826509,747,0.33783136466826513,0.54136477885128087,723,0.87904294438956088,1071,0.67904294438956092,0.87777463185564875,1063
1244,"[5, 4, 3, 2]",12.066666666666666,12.300000000000001,21.502646775745909,30.566666666666666,False,0.82858320804687269,888,0.62858320804687262,0.84359789632888771,837,-0.52633738868075008,903,-0.72633738868075004,-0.51132270039873506,893,0.5988310425030805,671,0.39883104250308049,0.61384573078509552,643,1.0569072512092366,946,0.85690725120923661,1.0686069256530781,919
1245,"[5, 4, 3, 3]",11.266666666666667,11.85,28.401106833493746,28.666666666666664,False,0.82014968219632356,903,0.67014968219632354,0.84690305439765534,830,-0.32781711279886405,742,-0.47781711279886407,-0.30106374059753238,715,0.48187971107024086,812,0.33187971107024083,0.50863308327157253,770,1.1628317547990408,838,1.0128317547990406,1.1876961063996916,810
1246,"[5, 4, 3, 4]",10.766666666666667,10.800000000000001,35.30076997112608,19.033333333333331,False,0.87200998455512979,805,0.72200998455512977,0.87931431992032005,780,-0.0689669163110877,538,-0.21896691631108772,-0.061662580945897438,525,0.39574675067640042,939,0.24574675067640037,0.40305108604159068,928,1.3303867832682008,694,1.1803867832682009,1.3331336633550159,674
1247,"[5, 4, 3, 5]",10.199999999999999,9.1999999999999993,49.097690086621753,7.4333333333333336,False,0.99055801282356715,664,0.84055801282356712,0.96153439215541614,680,0.46348871542221975,165,0.31348871542221973,0.43446509475406875,192,0.23835637663492421,1187,0.088356376634924183,0.2093327559667732,1215,1.6821842440560562,359,1.5321842440560562,1.6436804459008747,398
1248,"[5, 4, 4, 0]",9.8666666666666671,9.6999999999999993,9.4285370548604419,33.866666666666667,True,0.58244226316094261,1207,0.43244226316094259,0.58226446462525949,1209,-1.134701625193244,1228,-1.2847016251932442,-1.1348794237289273,1226,0.35269009761715048,1001,0.20269009761715046,0.35251229908146736,1000,0.59481523209258125,1230,0.44481523209258128,0.58893487398080691,1227
1249,"[5, 4, 4, 1]",9.8000000000000007,9.5,16.326997112608279,33.200000000000003,True,0.64914201986941866,1139,0.49914201986941864,0.64428042408775532,1148,-0.8610480667523327,1112,-1.0110480667523327,-0.86590966253399626,1102,0.41938985432562659,898,0.26938985432562657,0.41452825854396325,912,0.77909025114630293,1130,0.6290902511463029,0.76789247578005215,1129
1250,"[5, 4, 4, 2]",9.9000000000000004,9.3499999999999996,23.226660250240617,31.133333333333333,True,0.72156591704924555,1048,0.57156591704924553,0.70805057462784171,1057,-0.58163427544353608,945,-0.7316342754435361,-0.5951496178649397,949,0.48678487758822531,806,0.33678487758822528,0.47326953516682158,820,0.96984115590412279,1008,0.81984115590412276,0.9488563485248499,1007
1251,"[5, 4, 4, 3]",9.1999999999999993,8.8499999999999996,30.12512030798845,29.166666666666668,True,0.76655965700219986,979,0.61655965700219983,0.75961357241786365,981,-0.32968673375814672,743,-0.47968673375814674,-0.33663281834248293,752,0.39380941638622297,940,0.24380941638622294,0.38686333180188676,949,1.12963163887537,864,0.97963163887536997,1.1159718450609371,866
1252,"[5, 4, 4, 4]",9.1333333333333329,9.0999999999999996,37.024783445620791,20.666666666666668,True,0.78327144450952091,955,0.68327144450952093,0.78732100518791526,934,-0.10598505212185536,567,-0.20598505212185536,-0.10193549144346106,567,0.27252794114089723,1145,0.17252794114089723,0.27657750181929153,1143,1.263939244664118,753,1.1639392446641179,1.2627251914899456,740
1253,"[5, 4, 4, 5]",7.5666666666666664,8.6999999999999993,50.821703561116458,4.1666666666666661,True,0.86754681474292394,817,0.76754681474292397,0.91135292411290669,744,0.32646163668710104,252,0.22646163668710106,0.3702677460570839,234,0.080864909064386897,1260,-0.019135090935613108,0.1246710184343697,1252,1.5770769116375407,482,1.4770769116375406,1.6206403950884358,418
1254,"[5, 4, 5, 0]",7.6333333333333337,8.0500000000000007,12.878970163618865,36.100000000000001,True,0.54040432463695032,1245,0.3904043246369503,0.55927750651423747,1240,-1.0732265704544837,1201,-1.2232265704544838,-1.0543533885771965,1189,0.31065215909315819,1083,0.16065215909315816,0.32952534097044534,1048,0.60193378196271596,1227,0.45193378196271589,0.61726205108914023,1218
1255,"[5, 4, 5, 1]",7.5999999999999996,8.1500000000000004,19.7774302213667,35.399999999999999,True,0.60824650327992746,1185,0.45824650327992744,0.63174642764920719,1165,-0.79843059007907158,1070,-0.9484305900790716,-0.77493066570979197,1053,0.37849433773613539,962,0.22849433773613534,0.401994262105415,930,0.78749746081025185,1125,0.63749746081025183,0.80806175815154324,1108
1256,"[5, 4, 5, 2]",7.5,8.1500000000000004,26.677093358999038,33.533333333333331,True,0.67381586885274747,1114,0.52381586885274745,0.70074305902553047,1072,-0.5258713303772814,901,-0.67587133037728142,-0.4989441402044984,883,0.37002616721655884,977,0.22002616721655882,0.3969533573893419,940,0.97051640680518525,1005,0.82051640680518523,0.99494668352791993,979
1257,"[5, 4, 5, 3]",7.2000000000000002,7.6500000000000004,33.575553416746871,22.733333333333334,True,0.73251867201971554,1027,0.58251867201971552,0.7523060568155524,992,-0.26021472547787838,686,-0.41021472547787841,-0.24042734068204152,665,0.29075976922857022,1116,0.1407597692285702,0.31054715402440708,1079,1.1457708073022057,850,0.9957708073022058,1.1620621800640074,830
1258,"[5, 4, 5, 4]",6.4333333333333336,6.9500000000000002,40.475216554379209,23.366666666666667,True,0.72523959890251255,1036,0.62523959890251257,0.74691244428943671,1000,-0.060503904466111119,530,-0.16050390446611112,-0.038831059079187019,507,0.14548743335872055,1247,0.045487433358720547,0.16716027874564465,1239,1.2530165574208507,760,1.1530165574208506,1.2713155264930156,731
1259,"[5, 4, 5, 5]",6.333333333333333,6.5999999999999996,54.272136669874882,0,True,0.85978153425396586,829,0.75978153425396588,0.87268652349317388,788,0.14617470076022177,388,0.04617470076022176,0.15907968999942979,391,0.0040909664002603818,1285,-0.095909033599739624,0.016995955639468402,1280,1.6228552553221083,423,1.5228552553221082,1.6312044143020323,411
1260,"[5, 5, 0, 0]",9.5,9.8000000000000007,3.636910490856593,34.600000000000001,False,0.46195935624139151,1287,0.36195935624139153,0.47783251954271233,1287,-1.4289333290329105,1294,-1.5289333290329106,-1.4130601657315898,1294,0.2322071906975994,1193,0.1322071906975994,0.24808035399892023,1183,0.37376743194355577,1295,0.27376743194355574,0.38600969998479295,1294
1261,"[5, 5, 0, 1]",9.6666666666666661,9.8000000000000007,10.535370548604428,34.06666666666667,False,0.58665606649137558,1204,0.43665606649137556,0.59681712012019072,1193,-1.0972828170504916,1209,-1.2472828170504915,-1.0871217634216763,1200,0.35690390094758345,995,0.20690390094758343,0.36706495457639859,976,0.61706306955397827,1221,0.46706306955397831,0.62286203862614342,1215
1262,"[5, 5, 0, 2]",9.3000000000000007,9.5999999999999996,17.435033686236768,33.700000000000003,False,0.64308605658818641,1148,0.49308605658818644,0.65884511038153148,1125,-0.8338629328247108,1088,-0.98386293282471082,-0.81810387903136572,1073,0.41333389104439433,914,0.26333389104439431,0.42909294483773935,889,0.78977273719839636,1124,0.63977273719839634,0.80185222716041482,1111
1263,"[5, 5, 0, 3]",9.6666666666666661,9.75,24.333493743984601,31.366666666666667,False,0.72463729844517732,1038,0.5746372984451773,0.73305619179524684,1023,-0.54535788923528461,917,-0.69535788923528463,-0.53693899588521521,911,0.46771958910927741,829,0.31771958910927739,0.47613848245934687,817,0.99080033357170538,991,0.84080033357170536,0.99462561843334407,980
1264,"[5, 5, 0, 4]",9.2333333333333325,8.8499999999999996,31.233156881616939,28.466666666666669,False,0.77878244467298585,960,0.62878244467298583,0.77069393815414855,960,-0.28422284887850602,708,-0.43422284887850604,-0.29231135539734332,708,0.38387147258443916,954,0.23387147258443913,0.37578296606560185,964,1.1609326816284944,840,1.0109326816284945,1.1459842280202472,842
1265,"[5, 5, 0, 5]",8.0666666666666664,8.0999999999999996,45.030076997112609,20.066666666666666,False,0.82676687812040262,892,0.72676687812040264,0.83253073512792053,857,0.17766918803378082,371,0.077669188033780812,0.18343304504129879,368,0.15591750372194252,1243,0.055917503721942513,0.16168136072946049,1242,1.4395342661276904,616,1.3395342661276903,1.4400836421450534,606
1266,"[5, 5, 1, 0]",9.4666666666666668,9.5,5.3621270452358036,34.633333333333333,False,0.52806909985068251,1256,0.37806909985068249,0.53463172341403054,1254,-1.3110670887922438,1283,-1.4610670887922437,-1.3045044652288955,1283,0.29831693430689044,1104,0.14831693430689039,0.30487955787023846,1090,0.4692081501775921,1285,0.31920815017759208,0.47089697274948583,1284
1267,"[5, 5, 1, 1]",9.5666666666666664,9.8499999999999996,12.260587102983639,34.166666666666671,False,0.55048096623166431,1238,0.45048096623166428,0.56581144594272836,1226,-1.0817014206788267,1205,-1.1817014206788268,-1.0663709409677626,1194,0.32072880068787213,1062,0.22072880068787215,0.33605928039893629,1026,0.60992646820038576,1224,0.50992646820038579,0.62156510086452033,1216
1268,"[5, 5, 1, 2]",9.3000000000000007,9.3499999999999996,19.160250240615976,33.700000000000003,False,0.66033822213197857,1130,0.51033822213197855,0.66738647453159539,1118,-0.76485427064954215,1054,-0.91485427064954217,-0.75780601824992522,1046,0.43058605658818644,881,0.28058605658818642,0.43763430898780326,877,0.83650211522624718,1103,0.68650211522624716,0.838713184135634,1092
1269,"[5, 5, 1, 3]",9.6333333333333329,9.4499999999999993,26.05871029836381,31.399999999999999,False,0.74074704205446829,1012,0.59074704205446826,0.73985539566656489,1012,-0.47749164899461738,875,-0.6274916489946174,-0.47838329538252078,868,0.44932500163098416,852,0.29932500163098413,0.44843335524308087,861,1.0362410518057419,967,0.88624105180574175,1.0295128911980371,955
1270,"[5, 5, 1, 4]",8.7666666666666675,8.3000000000000007,32.958373435996151,24.300000000000004,False,0.78004070313376206,958,0.63004070313376204,0.76878234063173856,968,-0.23120809378635354,662,-0.38120809378635356,-0.24246645628837693,667,0.35062539995763109,1006,0.20062539995763107,0.3393670374556077,1019,1.1896208225429432,820,1.0396208225429433,1.1710030797323085,823
1271,"[5, 5, 1, 5]",7.7000000000000002,8,46.755293551491818,15.100000000000001,False,0.83145240238468199,881,0.73145240238468201,0.84629858011422121,831,0.2341112089294366,325,0.13411120892943659,0.24895738665897582,315,0.12609869689863784,1252,0.026098696898637835,0.14094487462817706,1248,1.4720883864235823,586,1.3720883864235822,1.4828656517518515,567
1272,"[5, 5, 2, 0]",10.166666666666666,9.8499999999999996,7.0861405197305105,33.766666666666666,False,0.56930009522015357,1224,0.41930009522015355,0.56406698011019718,1231,-1.2181156891879312,1267,-1.3681156891879311,-1.2233488042978875,1267,0.33954792967636144,1033,0.18954792967636142,0.33431481456640499,1034,0.54296679714051965,1253,0.39296679714051963,0.53140955351599439,1257
1273,"[5, 5, 2, 1]",10.433333333333334,9.6999999999999993,13.984600577478345,33.299999999999997,False,0.6474240712736411,1141,0.49742407127364108,0.62782509985143853,1170,-0.93303791140200854,1151,-1.0830379114020086,-0.952636882824211,1158,0.41767190572984897,901,0.26767190572984895,0.3980729343076464,937,0.7401284141323855,1157,0.59012841413238548,0.71234083952576588,1167
1274,"[5, 5, 2, 2]",10,9.5,20.884263715110684,32.633333333333333,False,0.65156921750144958,1136,0.5515692175014496,0.63985309011277935,1153,-0.72190287104522988,1035,-0.82190287104522985,-0.7336189984339001,1032,0.42181705195765751,896,0.32181705195765747,0.41010092456898728,915,0.86026076218917458,1089,0.7602607621891746,0.84133102806003734,1090
1275,"[5, 5, 2, 3]",10.433333333333334,9.5999999999999996,27.782723772858517,30.266666666666669,False,0.78540530322744284,949,0.63540530322744282,0.76232201124774901,975,-0.38111298358680168,794,-0.5311129835868017,-0.40419627556649551,824,0.45950299331406458,837,0.30950299331406456,0.43641970133437075,879,1.1138656781501126,881,0.9638656781501127,1.0821307351224405,903
1276,"[5, 5, 2, 4]",9.3333333333333339,8.5,34.682386910490855,20.466666666666669,False,0.81670201076522841,908,0.66670201076522839,0.7929911164916682,929,-0.14282638192004582,599,-0.29282638192004584,-0.16653727619360614,622,0.35280643809920353,1000,0.20280643809920348,0.32909554382564321,1051,1.2582248303306129,757,1.108224830330613,1.225594607867238,779
1277,"[5, 5, 2, 5]",8.3666666666666671,7.9000000000000004,48.479307025986529,11.399999999999999,False,0.87154097581965206,810,0.77154097581965209,0.86005439430167707,807,0.32592018659924793,253,0.2259201865992479,0.31443360508127305,260,0.13170700084371359,1250,0.031707000843713584,0.12022041932573871,1253,1.5445583735926955,520,1.4445583735926955,1.5256150746236234,545
1278,"[5, 5, 3, 0]",10.333333333333334,9.5999999999999996,8.8113570741097202,33.399999999999999,False,0.59226437043645142,1198,0.44226437043645139,0.57260834426026097,1220,-1.1433949173402569,1233,-1.293394917340257,-1.1630509435164473,1244,0.36251220489265928,987,0.21251220489265926,0.3428561787164689,1015,0.59613947413744262,1229,0.44613947413744259,0.56827051049121358,1237
1279,"[5, 5, 3, 1]",10.366666666666667,9.5999999999999996,15.709817131857555,33.233333333333334,False,0.66239139294843097,1127,0.51239139294843095,0.64159294483773932,1151,-0.86631409309584251,1114,-1.0163140930958425,-0.88711254120653382,1124,0.43263922740463878,875,0.28263922740463876,0.41184077929394725,913,0.78428047257260736,1126,0.63428047257260733,0.75512284913256389,1131
1280,"[5, 5, 3, 2]",10.133333333333333,9.5500000000000007,22.609480269489893,31.833333333333336,False,0.72339107078324627,1043,0.57339107078324625,0.70884741593531708,1056,-0.59832452113205703,960,-0.74832452113205705,-0.61286817597998622,963,0.49363890523945414,798,0.34363890523945412,0.47909525039152501,811,0.96214477939228316,1015,0.81214477939228313,0.94003409029841445,1016
1281,"[5, 5, 3, 3]",10.166666666666666,9.8000000000000007,29.50794032723773,29.766666666666666,False,0.74351809329522578,1007,0.6435180932952258,0.73654281790652376,1018,-0.37124369688764236,786,-0.47124369688764234,-0.37821897227634438,799,0.38311145229426324,956,0.28311145229426327,0.37613617690556123,963,1.100285777827448,902,1.0002857778274479,1.0867548499923965,901
1282,"[5, 5, 3, 4]",9.4000000000000004,8.8499999999999996,36.407603464870064,20.399999999999999,False,0.83623902017802287,870,0.68623902017802285,0.82243840398667978,885,-0.071532875875875201,540,-0.22153287587587522,-0.085333492067218297,554,0.33783911642441372,1035,0.1878391164244137,0.32403850023307063,1060,1.3075315279460926,711,1.1575315279460927,1.2861397753687731,718
1283,"[5, 5, 3, 5]",8.4000000000000004,8,50.204523580365738,6.4000000000000004,False,0.88993556329794521,779,0.78993556329794523,0.88079088040296039,778,0.37970938427965839,220,0.27970938427965836,0.37056470138467357,233,0.11559725723442263,1254,0.015597257234422623,0.10645257433943786,1257,1.5925764114143606,468,1.4925764114143605,1.5762918210725267,472
1284,"[5, 5, 4, 0]",9.5,9.5500000000000007,10.535370548604428,34.233333333333334,True,0.5809439568188699,1212,0.43094395681886988,0.58810631872646246,1206,-1.1029949267229973,1212,-1.2529949267229972,-1.0958325648154048,1206,0.35119179127507777,1005,0.20119179127507775,0.35835415318267033,997,0.61061977058490613,1222,0.46061977058490616,0.61299361757351178,1219
1285,"[5, 5, 4, 1]",9.5666666666666664,9.3499999999999996,17.433830606352263,33.433333333333337,True,0.65221340126535055,1135,0.50221340126535052,0.65012227818895829,1140,-0.82477168054408179,1084,-0.97477168054408181,-0.82686280362047404,1079,0.42246123572155841,894,0.27246123572155839,0.42037011264516611,902,0.80004942881388541,1119,0.65004942881388539,0.79195121937275681,1118
1286,"[5, 5, 4, 2]",9.0666666666666664,9.1999999999999993,24.333493743984601,31.966666666666665,True,0.70407370362415678,1074,0.55407370362415675,0.71389242872904457,1049,-0.56592148405630516,931,-0.71592148405630518,-0.55610275895141725,917,0.44715599428825686,854,0.29715599428825684,0.45697471939314471,847,0.96760445728304567,1009,0.81760445728304565,0.97291509211755456,990
1287,"[5, 5, 4, 3]",9.2666666666666675,8.8000000000000007,31.231953801732434,28.433333333333337,True,0.77991283580864201,959,0.62991283580864199,0.76893974707655788,967,-0.28312855013938498,707,-0.433128550139385,-0.29410163887146912,709,0.38502592531778546,952,0.23502592531778541,0.37405283658570132,967,1.1621887546872829,839,1.0121887546872828,1.1439779570746946,844
1288,"[5, 5, 4, 4]",8.2666666666666675,8.5999999999999996,38.131616939364775,21.533333333333331,True,0.76463680914993104,984,0.66463680914993106,0.78096773733789859,940,-0.091414682669125641,554,-0.19141468266912565,-0.075083754481158144,542,0.23175663590642773,1194,0.13175663590642772,0.24808756409439522,1182,1.2604138862492267,755,1.1604138862492266,1.2729681456089663,729
1289,"[5, 5, 4, 5]",7.5999999999999996,7.0999999999999996,51.928537054860442,0,True,0.8797575716148649,793,0.77975757161486492,0.86667213013048594,797,0.2833307188718428,282,0.18333071887184277,0.27024527738746384,291,0.070938996061448184,1268,-0.029061003938551822,0.057853554577069283,1271,1.6083453676556387,445,1.5083453676556386,1.5874622965758773,457
1290,"[5, 5, 5, 0]",5.166666666666667,5.7000000000000002,13.985803657362849,38.56666666666667,True,0.41693343642130554,1295,0.31693343642130556,0.43846430835063199,1294,-1.1634924538578089,1243,-1.263492453857809,-1.1419615819284825,1232,0.18718127087751346,1224,0.087181270877513456,0.20871214280683989,1217,0.48655275344473148,1279,0.3865527534447315,0.50447868941868701,1270
1291,"[5, 5, 5, 1]",5.0999999999999996,5.7999999999999998,20.884263715110684,37.533333333333331,True,0.48363319312978159,1279,0.38363319312978161,0.5109332294856016,1267,-0.88983889541689787,1132,-0.98983889541689785,-0.86253885906107786,1100,0.25388102758598952,1171,0.15388102758598951,0.28118106394180953,1136,0.67082777249845293,1198,0.57082777249845296,0.69527839648108991,1178
1292,"[5, 5, 5, 2]",5.3666666666666663,5.75,27.783926852743022,35.333333333333336,True,0.56176919998211416,1230,0.46176919998211419,0.57818770058317936,1213,-0.60471299443559523,966,-0.70471299443559521,-0.58829449383453003,943,0.23584282847104582,1189,0.13584282847104581,0.25226132907211107,1178,0.86802197622534516,1080,0.76802197622534518,0.88018963764694047,1057
1293,"[5, 5, 5, 3]",5.2333333333333334,5.9500000000000002,34.682386910490855,24.566666666666666,True,0.62618411282158781,1165,0.52618411282158783,0.65414094227564024,1133,-0.33334427986368642,751,-0.4333442798636864,-0.305387450409634,718,0.16228854015556293,1237,0.062288540155562927,0.1902453696096153,1227,1.0497196756914378,952,0.94971967569143778,1.0749367131303962,910
1294,"[5, 5, 5, 4]",4.7000000000000002,5.4500000000000002,41.582050048123193,24.966666666666669,True,0.67690199324589295,1110,0.57690199324589297,0.70571597086450721,1064,-0.07563650531041119,543,-0.1756365053104112,-0.046822527691797011,513,0.075013157827221288,1264,-0.024986842172778717,0.10382713544583547,1258,1.2159860443667836,797,1.1159860443667835,1.2420847964015096,764
1295,"[5, 5, 5, 5]",4.9666666666666668,5.0499999999999998,55.378970163618867,0,True,0.7740105698768589,965,0.72401056987685886,0.77974788978949883,944,0.0050620616959155679,471,-0.044937938304084435,0.010799381608555439,464,-0.10381666785172637,1295,-0.15381666785172637,-0.0980793479390865,1296,1.55,516,1.5,1.55,513
