policy_index,actions,vrl_accuracy,vselect_accuracy,total_sparsity,frontier_regret_vrl,destructive,R0_reward_vrl,R0_rank_vrl,R0_utility_vrl,R0_score_vselect,R0_rank_vselect,R1a_reward_vrl,R1a_rank_vrl,R1a_utility_vrl,R1a_score_vselect,R1a_rank_vselect,R1b_reward_vrl,R1b_rank_vrl,R1b_utility_vrl,R1b_score_vselect,R1b_rank_vselect,R2_reward_vrl,R2_rank_vrl,R2_utility_vrl,R2_score_vselect,R2_rank_vselect
0,"[0, 0, 0, 0]",78.533333333333331,79,0,0,False,1.55,685,1.5,1.55,688,-0.45000000000000001,1178,-0.5,-0.45000000000000001,1173,1.2099276111685626,573,1.1599276111685626,1.2099276111685626,580,1.55,932,1.5,1.55,925
1,"[0, 0, 0, 1]",78.533333333333331,78.950000000000003,7.412099276111686,0,False,1.6741209927611169,406,1.5741209927611168,1.6731716256725093,427,-0.10351602895553244,938,-0.20351602895553245,-0.10446539604414004,937,1.3340486039296795,299,1.2340486039296794,1.3330992368410719,316,1.7868523386413506,668,1.6868523386413505,1.785578993989398,668
2,"[0, 0, 0, 2]",77.766666666666666,78.400000000000006,14.825491209927611,0.5,False,1.733611448601823,294,1.6336114486018229,1.7368625070359851,290,0.17837618489965115,731,0.078376184899651147,0.18162724333381344,728,1.3935390597703856,183,1.2935390597703855,1.3967901182045479,185,1.954387852912848,492,1.8543878529128479,1.958457128194298,481
3,"[0, 0, 0, 3]",77.466666666666669,78.599999999999994,22.237590486039299,0,False,1.802002390429154,189,1.7020023904291539,1.8147809681515323,173,0.46913010501033281,506,0.36913010501033283,0.48190868273271115,497,1.4619300015977166,87,1.3619300015977165,1.4747085793200949,84,2.1336686828609848,316,2.0336686828609847,2.1504028454434581,295
4,"[0, 0, 0, 4]",76.599999999999994,77.900000000000006,29.650982419855222,0.033333333333345649,False,1.8595828292919308,122,1.7595828292919307,1.8756237482491853,114,0.74911230188758726,286,0.64911230188758728,0.76515322084484183,279,1.5195104404604933,59,1.4195104404604932,1.5355513594177479,54,2.2986803609014106,179,2.1986803609014105,2.3194609456925002,167
5,"[0, 0, 0, 5]",68.5,69.900000000000006,44.475180972078597,2.7666666666666657,False,1.8531134396019406,130,1.7531134396019405,1.8719669995942039,117,1.1873688687642985,84,1.0873688687642984,1.2062224287565617,83,1.3036822089918061,369,1.203682208991806,1.3225357689840693,340,2.4679543034673421,77,2.367954303467342,2.4894304786628072,67
6,"[0, 0, 1, 0]",78.200000000000003,78.75,1.8536711478800414,0.3333333333333286,False,1.6121699882190383,542,1.5121699882190383,1.6137898760357625,547,-0.33221987734456049,1107,-0.43221987734456047,-0.33059998952783631,1099,1.2720975993876009,440,1.1720975993876008,1.2737174872043251,445,1.6383165905909469,833,1.5383165905909468,1.6403626547680887,827
7,"[0, 0, 1, 1]",78,78.75,9.2657704239917269,0.26666666666666572,False,1.6824709470242978,388,1.5824709470242977,1.6879108687968793,388,-0.039555940255950522,887,-0.13955594025595053,-0.034116018483368954,880,1.3423985581928604,281,1.2423985581928603,1.3478384799654419,279,1.8201212567701548,620,1.7201212567701547,1.827214993409439,608
8,"[0, 0, 1, 2]",77.700000000000003,78.400000000000006,16.679162357807652,0.56666666666666288,False,1.8008748154286707,190,1.6508748154286708,1.8053992185147854,189,0.30124968616290049,628,0.15124968616290047,0.30577408924901517,615,1.4608024265972333,89,1.3108024265972333,1.4653268296833479,92,2.0494346734533178,391,1.8994346734533178,2.0551865062221486,390
9,"[0, 0, 1, 3]",77.166666666666671,78.650000000000006,24.091261633919338,0.19999999999998863,False,1.8648090509741682,113,1.714809050974168,1.8842670467189406,102,0.58754689999174803,411,0.43754689999174801,0.6070048957365205,397,1.5247366621427307,52,1.3747366621427306,1.5441946578875032,46,2.2228265521956216,219,2.0728265521956217,2.2484055681232613,207
10,"[0, 0, 1, 4]",76.5,77.549999999999997,31.504653567735264,0,False,1.9262095237928025,44,1.7762095237928026,1.9375148901077326,43,0.87134913082486054,208,0.72134913082486052,0.88265449713979038,199,1.5861371349613651,15,1.4361371349613652,1.5974425012762952,10,2.3928859026981901,119,2.2428859026981902,2.4072769111566834,109
11,"[0, 0, 1, 5]",68,69.25,46.328852119958633,3.2666666666666657,False,1.9121000661910976,63,1.7621000661910975,1.9281619389211055,56,1.3019656297898563,46,1.1519656297898564,1.3180275025198642,42,1.3255954126233624,321,1.1755954126233623,1.3416572853533704,294,2.5520645003398363,39,2.4020645003398364,2.5696063762152757,36
12,"[0, 0, 2, 0]",75.966666666666669,76.549999999999997,3.706049638055843,2.5666666666666629,False,1.5880367272803888,601,1.4880367272803887,1.5905415090387864,604,-0.30078178357793617,1074,-0.40078178357793615,-0.29827700181953853,1071,1.2479643384489512,496,1.1479643384489511,1.2504691202073488,500,1.6286477060565139,844,1.5286477060565138,1.6310322813750047,835
13,"[0, 0, 2, 1]",76.566666666666663,77,11.118148914167529,1.7000000000000028,False,1.7236178219090776,314,1.5736178219090777,1.7232068055973717,320,0.057162289334103389,808,-0.092837710665896633,0.056751273022397242,805,1.3835454330776402,203,1.2335454330776403,1.3831344167659343,217,1.8806430620842916,556,1.7306430620842914,1.879344721883927,554
14,"[0, 0, 2, 2]",76.299999999999997,77.200000000000003,18.531540847983454,1.1666666666666714,False,1.7426583626394272,276,1.6426583626394271,1.7511381932899612,269,0.29860458807893064,632,0.19860458807893067,0.30708441872946468,614,1.4025859738079898,161,1.3025859738079897,1.4110658044585238,160,2.0107977575111451,435,1.910797757511145,2.0213230258681141,419
15,"[0, 0, 2, 3]",76.299999999999997,77.400000000000006,25.94364012409514,0.33333333333334281,False,1.8667793554005438,112,1.7167793554005439,1.8790566544055087,109,0.64508855912339813,357,0.49508855912339811,0.65736585812836279,346,1.5267069665691064,51,1.3767069665691065,1.5389842655740713,50,2.2476500961524954,206,2.0976500961524955,2.263268743117274,198
16,"[0, 0, 2, 4]",75.299999999999997,75.75,33.357032057911063,0.066666666666662877,False,1.921813104959416,49,1.7718131049594161,1.9218614598196169,62,0.92252406669674814,167,0.77252406669674811,0.92257242155694874,172,1.5817407161279791,18,1.4317407161279789,1.5817890709881794,24,2.4092966592181599,107,2.25929665921816,2.4081332949792196,108
17,"[0, 0, 2, 5]",70.066666666666663,70.200000000000003,48.181230610134435,1.2000000000000028,False,1.9700975353033816,17,1.8200975353033817,1.9647236985064076,19,1.4155344536074148,13,1.2655344536074147,1.4101606168104408,14,1.3465453119321302,271,1.1965453119321303,1.3411714751351562,296,2.6509205737414661,9,2.5009205737414661,2.6404967158951971,10
18,"[0, 0, 3, 0]",73.400000000000006,73.650000000000006,5.5597207859358839,5.1333333333333258,False,1.5575496696590196,672,1.4575496696590196,1.5540149293783463,678,-0.27565870676290427,1049,-0.37565870676290425,-0.2791934470435774,1048,1.2174772808275822,560,1.1174772808275821,1.2139425405469089,570,1.6105986208202032,863,1.5105986208202031,1.6039076695896126,873
19,"[0, 0, 3, 1]",73.400000000000006,74.200000000000003,12.97182006204757,4.86666666666666,False,1.6816706624201365,390,1.5316706624201364,1.6885789601141465,385,0.070825264281563327,797,-0.079174735718436695,0.077733561975573573,793,1.3415982735886991,283,1.191598273588699,1.3485065712827091,276,1.8474509594615536,590,1.6974509594615537,1.8547667994024399,573
20,"[0, 0, 3, 2]",72.63333333333334,73,20.385211995863497,4.8333333333333286,False,1.7411611182608424,281,1.5911611182608423,1.7399280693257237,283,0.35271747813674714,580,0.20271747813674712,0.35148442920162848,580,1.401088729429405,166,1.2510887294294049,1.3998556804942863,176,2.014986473733051,431,1.864986473733051,2.0110914531319581,431
21,"[0, 0, 3, 3]",72.36666666666666,73.049999999999997,27.797311271975182,4.2666666666666799,False,1.760188732414149,244,1.6601887324141489,1.7649984291754479,244,0.59410807057340431,406,0.49410807057340433,0.59891776733470325,406,1.4201163435827115,135,1.3201163435827115,1.4249260403440105,136,2.1451085824248781,305,2.045108582424878,2.149217136425261,296
22,"[0, 0, 3, 4]",73.400000000000006,74.299999999999997,35.210703205791106,0.56666666666666288,False,1.9040594938575715,75,1.7540594938575715,1.9128665257287971,72,0.96038059003130483,152,0.8103805900313048,0.96918762190253027,151,1.539917818573187,40,1.3899178185731869,1.5487248504444122,41,2.4080731488556575,108,2.2580731488556576,2.4179356781004486,104
23,"[0, 0, 3, 5]",62.799999999999997,63.049999999999997,50.034901758014477,1.7333333333333343,False,1.8498396797193637,132,1.6998396797193638,1.8475009163143219,140,1.34809459181864,30,1.1980945918186399,1.3457558284135982,32,1.1892140333905115,620,1.0392140333905115,1.1868752699854697,622,2.5142511856448078,59,2.3642511856448079,2.5051378086938456,62
24,"[0, 0, 4, 0]",69.166666666666671,70.700000000000003,7.412099276111686,9.36666666666666,False,1.4952160691617962,791,1.3952160691617961,1.5165260560522562,742,-0.28242095255485322,1056,-0.3824209525548532,-0.26111096566439318,1038,1.1551436803303587,689,1.0551436803303587,1.1764536672208188,641,1.5504530116643456,930,1.4504530116643455,1.5754771264172418,907
25,"[0, 0, 4, 1]",68.933333333333337,70.700000000000003,14.824198552223372,9.3333333333333286,False,1.6148803556410791,539,1.4648803556410792,1.6406470488133729,483,0.059606312207780454,804,-0.090393687792219568,0.085373005380074196,789,1.2748079668096417,437,1.1248079668096418,1.3005746599819354,383,1.781416399099863,681,1.6314163990998631,1.8123294650585922,628
26,"[0, 0, 4, 2]",69.533333333333331,71.099999999999994,22.237590486039299,7.9333333333333371,False,1.7004743768468109,357,1.5504743768468108,1.7223759048603928,323,0.36760209142798972,573,0.2176020914279897,0.38950361944157186,555,1.3604019880153735,247,1.2104019880153734,1.3823035160289554,218,1.983444341862667,461,1.8334443418626671,2.0094011476505886,435
27,"[0, 0, 4, 3]",66.599999999999994,68.25,29.649689762150981,10.033333333333346,False,1.7185682049220192,322,1.5685682049220191,1.7423829735708769,279,0.60805889778654842,390,0.4580588977865484,0.63187366643540632,366,1.3784958160905818,214,1.2284958160905817,1.4023105847394395,172,2.0962641510592612,349,1.9462641510592613,2.1236728411306487,327
28,"[0, 0, 4, 4]",69.333333333333329,71.25,37.063081695966908,1.9333333333333371,False,1.7949092549902295,199,1.6949092549902294,1.823478918225492,168,0.90680170586923659,175,0.80680170586923661,0.93537136910449914,166,1.3937200099023288,182,1.2937200099023287,1.4222896731375914,140,2.302133933418252,175,2.2021339334182519,2.3369584456241737,156
29,"[0, 0, 4, 5]",59.600000000000001,60.100000000000001,51.88728024819028,1.5333333333333314,False,1.8072429213274037,180,1.6572429213274038,1.810012042988232,182,1.2128789089178897,81,1.0628789089178896,1.2156480305787181,81,1.1095697051950355,763,0.95956970519503548,1.1123388268558638,752,2.4801852175433532,75,2.3301852175433533,2.4767072655214748,76
30,"[0, 0, 5, 0]",55.399999999999999,56.149999999999999,11.119441571871768,22.866666666666667,False,1.2693438214912136,1042,1.1693438214912135,1.277333656225047,1033,-0.39707293135263344,1149,-0.49707293135263342,-0.38908309661880003,1147,0.92927143265977608,969,0.8292714326597761,0.93726126739360949,963,1.2964636465759081,1121,1.196463646575908,1.2983925887547769,1113
31,"[0, 0, 5, 1]",55.733333333333334,56.299999999999997,18.531540847983454,21.733333333333334,False,1.3998315375120924,924,1.2498315375120925,1.4043027502519863,918,-0.04422223704840389,891,-0.19422223704840391,-0.039751024308510075,888,1.059759148680655,840,0.90975914868065511,1.0642303614205488,834,1.5417287726541624,941,1.3917287726541625,1.5390649613519845,937
32,"[0, 0, 5, 2]",55.466666666666669,55.549999999999997,25.94493278179938,21.166666666666671,False,1.468872078242442,833,1.3188720782424421,1.4641961632610316,834,0.24722006169642341,675,0.097220061696423388,0.24254414671501323,686,1.1287996894110046,732,0.97879968941100459,1.1241237744295944,740,1.7218834680810158,741,1.5718834680810159,1.7068497169490744,748
33,"[0, 0, 5, 3]",53.833333333333336,53.5,33.357032057911063,21.533333333333324,False,1.5117961270307236,758,1.3617961270307237,1.4993931053892369,778,0.51250708876805551,469,0.36250708876805549,0.50010406712656896,481,1.1717237381992862,652,1.0217237381992863,1.1593207165577999,678,1.8675131482815361,575,1.7175131482815362,1.841494924860374,590
34,"[0, 0, 5, 4]",53.633333333333333,54.450000000000003,40.770423991726993,17.633333333333333,False,1.5821100124130254,617,1.4321100124130255,1.5915649994109407,600,0.80522273216483531,254,0.65522273216483529,0.81467771916275056,245,1.106773921409923,770,0.95677392140992312,1.1162289084078383,748,2.0493504011957708,392,1.8993504011957709,2.0525733986238479,392
35,"[0, 0, 5, 5]",45.299999999999997,44.899999999999999,55.594622543950365,2.2000000000000028,False,1.5211839164412018,743,1.4211839164412017,1.508477871009124,764,0.7414527892436833,292,0.64145278924368332,0.72874674381160576,295,0.74936385439363162,1073,0.64936385439363165,0.73665780896155408,1071,2.1627353925558688,285,2.0627353925558687,2.1330692473836286,315
36,"[0, 1, 0, 0]",78.233333333333334,78.900000000000006,0.59462254395036196,0.29999999999999716,False,1.6002161745057175,574,1.5002161745057174,1.6040474912622886,572,-0.3819451491757716,1138,-0.48194514917577158,-0.37811383241920049,1137,1.2601437856742801,474,1.16014378567428,1.2639751024308512,472,1.6074183894189282,869,1.5074183894189281,1.6124432088082372,859
37,"[0, 1, 0, 1]",78.400000000000006,79.200000000000003,8.0067218200620474,0,False,1.6775205288967159,399,1.5775205288967158,1.6838646865550511,397,-0.082277816501422935,922,-0.18227781650142294,-0.075933658843087753,919,1.3374481400652782,293,1.2374481400652781,1.3437922977236134,288,1.798477121778731,647,1.6984771217787309,1.8069356153613023,640
38,"[0, 1, 0, 2]",77.966666666666669,78.799999999999997,15.420113753877972,0.29999999999999716,False,1.793377707997184,202,1.6433777079971839,1.8004036691843495,202,0.25598112061352285,665,0.10598112061352283,0.26300708180068832,660,1.4533053191657466,96,1.3033053191657464,1.460331280352912,103,2.0244254234871319,420,1.874425423487132,2.0336337835220588,405
39,"[0, 1, 0, 3]",77.433333333333337,79,22.83221302998966,0,False,1.857311943542681,125,1.7073119435426811,1.8783221302998965,110,0.54227833444237106,441,0.39227833444237103,0.5632885211995865,431,1.5172395547112436,61,1.3672395547112437,1.5382497414684591,51,2.1978173022294363,244,2.0478173022294364,2.2255795007712194,219
40,"[0, 1, 0, 4]",76.63333333333334,77.849999999999994,30.245604963805583,0,False,1.9161657270574106,54,1.7661657270574107,1.9306206066000811,51,0.82353387597157834,239,0.67353387597157832,0.83798875551424856,230,1.5760933382259732,22,1.4260933382259733,1.5905482177686436,17,2.364511537757243,137,2.2145115377572431,2.3831774991526893,123
41,"[0, 1, 0, 5]",68.966666666666669,70.700000000000003,45.069803516028955,2.2999999999999972,False,1.9179730776051116,53,1.7679730776051115,1.943103098451429,34,1.2700671830859802,60,1.1200671830859801,1.2951972039322976,57,1.3566493961159698,252,1.2066493961159697,1.3817794169622872,219,2.5447221039911496,46,2.3947221039911497,2.5747938912061881,33
42,"[0, 1, 1, 0]",78.333333333333329,79,2.4482936918304032,0.20000000000000284,False,1.6206629029624466,523,1.5206629029624465,1.624482936918304,521,-0.30588828628264142,1078,-0.4058882862826414,-0.30206825232678403,1075,1.2805905141310094,420,1.1805905141310093,1.2844105480868668,425,1.6566716036778502,813,1.5566716036778501,1.6617192761399928,796
43,"[0, 1, 1, 1]",78.233333333333334,78.700000000000003,9.8603929679420883,0.033333333333331439,False,1.692873878745635,369,1.5928738787456349,1.6929077271477757,378,-0.011314332216102535,861,-0.11131433221610254,-0.011280483813961822,861,1.3528014899141976,259,1.2528014899141975,1.3528353383163383,272,1.8410001060881294,597,1.7410001060881293,1.8409315468696283,593
44,"[0, 1, 1, 2]",77.799999999999997,78.700000000000003,17.273784901758013,0.46666666666666856,False,1.8087310578461029,176,1.658731057846103,1.8170416464859347,172,0.32694460489884325,598,0.17694460489884323,0.33525519353867506,590,1.4686586690146655,82,1.3186586690146656,1.4769692576544973,82,2.0669484077965308,378,1.9169484077965309,2.0778164722460049,368
45,"[0, 1, 1, 3]",77.233333333333334,78.549999999999997,24.685884177869699,0.13333333333332575,False,1.8720286210656241,102,1.7220286210656242,1.8883145379812287,96,0.61260514640171515,386,0.46260514640171513,0.62889106331731959,369,1.5319562322341866,45,1.3819562322341867,1.5482421491497913,43,2.239499007795144,209,2.0894990077951441,2.260848776931498,199
46,"[0, 1, 1, 4]",76.400000000000006,77.799999999999997,32.099276111685626,0,False,1.9302457322543773,40,1.7802457322543774,1.9482079509902737,31,0.89322401560494635,183,0.74322401560494633,0.91118623434084267,177,1.5901733434229399,10,1.44017334342294,1.6081355621588362,7,2.4053519645792609,110,2.255351964579261,2.4286335325285879,98
47,"[0, 1, 1, 5]",68.599999999999994,70.349999999999994,46.923474663908998,2.6666666666666714,False,1.9295063934981731,42,1.7795063934981732,1.954994240309976,25,1.337210633415443,34,1.1872106334154431,1.3626984802272459,29,1.3311092890514304,307,1.1811092890514305,1.3565971358632334,265,2.5821974158384058,28,2.4321974158384059,2.6126098566703715,18
48,"[0, 1, 2, 0]",75.666666666666671,76.200000000000003,4.3006721820062044,2.86666666666666,False,1.6382529017861063,483,1.4882529017861064,1.6398421648580368,485,-0.23272693275370748,1022,-0.3827269327537075,-0.23113766968177696,1015,1.2981805129546689,376,1.1481805129546689,1.2997697760265994,386,1.6860660954754421,781,1.5360660954754419,1.6871087669234792,771
49,"[0, 1, 2, 1]",76.266666666666666,76.450000000000003,11.71277145811789,2,False,1.7238339964147955,313,1.5738339964147954,1.7187099930621916,333,0.075217140158332252,792,-0.07478285984166777,0.070093136805728373,796,1.3837616075833581,202,1.233761607583358,1.3786376042307542,228,1.8880614515032197,551,1.7380614515032196,1.8803278288245919,553
50,"[0, 1, 2, 2]",76.13333333333334,76.799999999999997,19.126163391933815,1.3333333333333286,False,1.7954212264490499,197,1.64542122644905,1.7994894820206038,203,0.36920612820706433,572,0.21920612820706431,0.37327438377861843,565,1.4553488376176125,93,1.3053488376176126,1.4594170931891663,104,2.0715812619048348,372,1.9215812619048349,2.0761261667646358,370
51,"[0, 1, 2, 3]",75.799999999999997,77.049999999999997,26.538262668045501,0.83333333333334281,False,1.9131754959504041,60,1.7131754959504042,1.9283573102247589,55,0.7093233759917692,313,0.50932337599176913,0.72450519026612392,298,1.5731031071189667,25,1.3731031071189668,1.5882849213933214,19,2.3000208131092812,177,2.100020813109281,2.3193452286657488,168
52,"[0, 1, 2, 4]",74.933333333333337,75.349999999999994,33.951654601861428,0,False,1.9707559348131816,15,1.7707559348131816,1.9702127485502596,15,0.98930557286902454,141,0.78930557286902447,0.98876238660610261,144,1.6306835459817441,3,1.4306835459817442,1.6301403597188222,4,2.4650324911497075,81,2.2650324911497073,2.4629364358757417,83
53,"[0, 1, 2, 5]",70.433333333333337,70.400000000000006,48.7758531540848,0.8333333333333286,False,2.0330471563286241,1,1.8330471563286239,2.024467392300342,1,1.4963227509511678,1,1.2963227509511679,1.4877429869228855,1,1.3976024820783655,174,1.1976024820783655,1.3890227180500831,200,2.7251645380342029,1,2.5251645380342027,2.7105799926151493,1
54,"[0, 1, 3, 0]",73.5,74,6.1543433298862462,5.0333333333333314,False,1.6154059120764517,537,1.4654059120764518,1.6166067244381028,542,-0.1999637880269608,997,-0.34996378802696082,-0.19876297566530965,993,1.2753335232450143,435,1.1253335232450143,1.2765343356066654,441,1.6781123551634161,791,1.5281123551634159,1.6778109802654217,781
55,"[0, 1, 3, 1]",73.63333333333334,73.75,13.566442605997931,4.6333333333333258,False,1.6920735941414735,372,1.5420735941414736,1.6859808817561817,392,0.099066872321411759,781,-0.050933127678588264,0.092974159936119904,785,1.3520012053100361,262,1.2020012053100362,1.3459084929247442,282,1.8683298087795279,573,1.718329808779528,1.8582965956470097,569
56,"[0, 1, 3, 2]",72.900000000000006,73.5,20.979834539813858,4.5666666666666629,False,1.8022007223081558,188,1.6022007223081558,1.8053679656513031,190,0.43159575850257142,530,0.23159575850257141,0.43476300184571876,529,1.4621283334767183,86,1.2621283334767184,1.4652955768198657,93,2.0867066017947162,359,1.8867066017947161,2.0888147977636242,355
57,"[0, 1, 3, 3]",72.299999999999997,73.299999999999997,28.391933815925544,4.3333333333333428,False,1.8148616132017006,167,1.6648616132017005,1.8256914900579897,166,0.6666196276794667,340,0.51661962767946668,0.67744950453575581,337,1.4747892243702632,77,1.324789224370263,1.4856191012265523,79,2.208415923049639,233,2.0584159230496391,2.2205737577971645,223
58,"[0, 1, 3, 4]",73.033333333333331,74.299999999999997,35.805325749741471,0.93333333333333712,False,1.9530023237113365,22,1.7530023237113366,1.9688127511683007,16,1.0271620962035808,125,0.82716209620358072,1.0429725236605449,124,1.5769681975479446,21,1.3769681975479446,1.5927786250049087,15,2.4638089807872046,82,2.2638089807872044,2.4829255762125908,73
59,"[0, 1, 3, 5]",63.266666666666666,63.450000000000003,50.629524301964842,1.2666666666666657,False,1.9146993177225349,55,1.7146993177225349,1.9110420784626865,73,1.3832231026242927,19,1.1832231026242928,1.3795658633644443,19,1.2421812205146754,507,1.0421812205146754,1.238523981254827,523,2.5910189861686157,24,2.3910189861686155,2.5803144640216074,31
60,"[0, 1, 4, 0]",69.700000000000003,71.349999999999994,8.0067218200620474,8.7000000000000028,False,1.5613490518169195,666,1.4113490518169194,1.5848140536436586,618,-0.19844929358121932,994,-0.34844929358121934,-0.17498429175448027,979,1.2212766629854817,555,1.0712766629854817,1.2447416648122207,510,1.628903369675534,842,1.4789033696755338,1.6570205050047657,801
61,"[0, 1, 4, 1]",69.733333333333334,71.349999999999994,15.418821096173733,8.5333333333333314,False,1.6361067169040124,489,1.4861067169040125,1.6589350464047752,453,0.098671349789224316,782,-0.051328650210775706,0.12149967928998706,766,1.296034328072575,383,1.1460343280725751,1.3188626575733378,349,1.8165969870605743,625,1.6665969870605744,1.8438728436461158,585
62,"[0, 1, 4, 2]",70.36666666666666,71.400000000000006,22.83221302998966,7.0666666666666771,False,1.7723374104357199,229,1.57233741043572,1.7840183328315422,220,0.45730380133540988,515,0.25730380133540987,0.46898472373123218,502,1.4322650216042825,120,1.2322650216042825,1.4439459440001048,116,2.0694662085670692,374,1.869466208567069,2.0820311136744456,363
63,"[0, 1, 4, 3]",66.766666666666666,68.599999999999994,30.244312306101346,9.8666666666666742,False,1.7776977919914039,223,1.5776977919914039,1.8049747686306334,193,0.68502716117444429,328,0.48502716117444433,0.71230413781367385,309,1.4376254031599665,113,1.2376254031599665,1.464902379799196,94,2.1654604428898554,283,1.9654604428898554,2.1975761518064578,246
64,"[0, 1, 4, 4]",69.766666666666666,71.400000000000006,37.657704239917273,1.5,False,1.8591322206674241,124,1.7091322206674242,1.8822732449308184,104,0.98886334786494234,142,0.83886334786494232,1.0120043721283367,135,1.446050524700516,103,1.2960505247005161,1.4691915489639102,89,2.3780604551983688,127,2.2280604551983689,2.4057683776921723,113
65,"[0, 1, 4, 5]",59.966666666666669,60.799999999999997,52.481902792140644,1.1666666666666643,False,1.8701925423526458,105,1.6701925423526458,1.8792494076682418,108,1.2460974027456135,70,1.0460974027456136,1.2551542680612096,67,1.1606268753412703,673,0.96062687534127034,1.1696837406568663,659,2.5544291818360896,37,2.3544291818360894,2.5595239887609518,38
66,"[0, 1, 5, 0]",56.466666666666669,56.549999999999997,11.714064115822131,21.799999999999997,False,1.3456635613619565,986,1.1956635613619566,1.3408748183734112,984,-0.30291451516337953,1076,-0.45291451516337955,-0.3077032581519249,1081,1.0055911725305191,904,0.85559117253051908,1.0008024295419737,904,1.3883744644861431,1066,1.238374464486143,1.3735692440825384,1064
67,"[0, 1, 5, 1]",56.5,56.600000000000001,19.126163391933815,20.966666666666669,False,1.4204212264490494,899,1.2704212264490495,1.4159451782231356,900,-0.0057938717929358896,855,-0.15579387179293591,-0.010269920018849965,859,1.0803488376176122,812,0.93034883761761222,1.0758727893916982,814,1.5760680818711834,910,1.4260680818711835,1.5616949273758411,916
68,"[0, 1, 5, 2]",56.100000000000001,56.100000000000001,26.539555325749742,20.533333333333339,False,1.5369150778754939,710,1.3369150778754939,1.5305854266752188,720,0.33310173764798617,593,0.13310173764798616,0.32677208644771111,595,1.1968426890440564,602,0.99684268904405648,1.1905130378437814,615,1.8028576623232755,641,1.6028576623232755,1.7858464062326933,667
69,"[0, 1, 5, 3]",54.233333333333334,53.899999999999999,33.951654601861428,20.700000000000003,False,1.575382420381942,632,1.375382420381942,1.5629342675376015,664,0.59393205843778496,407,0.39393205843778489,0.58148390559344443,414,1.2353100315505046,522,1.0353100315505046,1.222861878706164,554,1.942598391317963,508,1.742598391317963,1.9166715801881355,528
70,"[0, 1, 5, 4]",54.266666666666666,54.850000000000001,41.365046535677351,17,False,1.6501530120460772,466,1.4501530120460773,1.6551061615593052,459,0.89110440811639791,189,0.69110440811639795,0.89605755762962569,184,1.1629244701639678,668,0.96292447016396776,1.1678776196771956,662,2.1303245954380303,319,1.9303245954380301,2.1277500539516092,323
71,"[0, 1, 5, 5]",46.233333333333334,45.450000000000003,56.189245087900723,1.2666666666666657,False,1.5949569670080392,584,1.4449569670080393,1.5748671344233109,642,0.7854947126130033,267,0.63549471261300328,0.765404880028275,278,0.8112444540814624,1042,0.66124445408146237,0.7911546214967341,1050,2.251281095491342,203,2.1012810954913421,2.2120659366672473,232
72,"[0, 2, 0, 0]",77.933333333333337,77.849999999999994,1.1918304033092038,0.59999999999999432,False,1.6004582021655203,572,1.5004582021655202,1.5900828609951174,607,-0.3637868857352039,1127,-0.46378688573520388,-0.37416222690560674,1133,1.2603858133340826,472,1.1603858133340825,1.2500104721636798,503,1.6149019523079093,858,1.5149019523079092,1.6007580426994297,875
73,"[0, 2, 0, 1]",78.13333333333334,78,8.6039296794208902,0.13333333333332575,False,1.7283992288824943,304,1.5783992288824942,1.7170519550220571,339,-0.013482880734879354,863,-0.16348288073487938,-0.024830154595316345,872,1.3883268400510569,192,1.2383268400510568,1.3769795661906197,234,1.8568019634114021,583,1.7068019634114022,1.8414304152966374,592
74,"[0, 2, 0, 2]",78.200000000000003,78.099999999999994,16.017321613236813,0.066666666666662877,False,1.753806492872606,253,1.6538064928726059,1.7430846085374314,278,0.23432614126971055,687,0.13432614126971054,0.22360425693453592,699,1.4137341040411686,145,1.3137341040411685,1.403012219705994,170,1.9953694462751597,451,1.8953694462751596,1.9808620299769191,465
75,"[0, 2, 0, 3]",77.433333333333337,78.049999999999997,23.429420889348499,0,False,1.8632840221362694,116,1.7132840221362695,1.8662562342099407,124,0.56616664881672463,422,0.4161666488167246,0.56913886089039567,426,1.523211633304832,56,1.3732116333048321,1.5261838453785033,60,2.2128723738116305,229,2.0628723738116306,2.216441023966317,228
76,"[0, 2, 0, 4]",76.200000000000003,77.150000000000006,30.842812823164426,0.29999999999999716,False,1.9138610654133084,58,1.7638610654133082,1.9233015459531635,59,0.83914545010824093,227,0.68914545010824091,0.84858593064809607,222,1.5737886765818709,23,1.4237886765818708,1.5832291571217261,21,2.3686299856714621,133,2.2186299856714622,2.38040574560755,127
77,"[0, 2, 0, 5]",69.666666666666671,70.799999999999997,45.667011375387794,1.5999999999999943,False,1.9373152750442006,33,1.7873152750442007,1.9509739112222326,27,1.3073256163058344,44,1.1573256163058345,1.3209842524838664,41,1.3640474363678821,242,1.2140474363678821,1.377706072545914,230,2.5774440291908425,31,2.4274440291908426,2.5923956520922875,28
78,"[0, 2, 1, 0]",77.599999999999994,78.349999999999994,3.0455015511892451,0.93333333333333712,False,1.6626281903845581,436,1.5126281903845582,1.6681132433599939,435,-0.24600676307976455,1032,-0.39600676307976457,-0.24052171010432899,1019,1.3225558015531207,329,1.1725558015531208,1.328040854528556,330,1.7032185428988558,759,1.5532185428988556,1.7102208672468051,742
79,"[0, 2, 1, 1]",77.900000000000006,77.849999999999994,10.457600827300931,0.36666666666666003,False,1.742479234079461,277,1.5924792340794611,1.7327405652350345,296,0.056207258898488877,809,-0.093792741101511146,0.046468590054062342,811,1.4024068452480236,162,1.2524068452480237,1.3926681764035971,190,1.8976423902334201,546,1.7476423902334202,1.8843397593686309,550
80,"[0, 2, 1, 2]",78.266666666666666,77.950000000000003,17.870992761116856,0,False,1.8236165490033587,158,1.6736165490033585,1.8087732187504093,186,0.359746331836864,575,0.20974633183686398,0.34490300158391463,584,1.4835441601719213,74,1.3335441601719211,1.4687008299189719,90,2.0937813817903912,352,1.9437813817903913,2.0737713740489125,374
81,"[0, 2, 1, 3]",77.36666666666666,78,25.283092037228542,0,False,1.9305473889631173,39,1.7305473889631173,1.9338435786001336,48,0.68904015007997366,325,0.48904015007997359,0.69233633971698993,325,1.5904750001316799,9,1.3904750001316799,1.5937711897686961,14,2.3079191943521007,173,2.1079191943521005,2.3118970573422155,171
82,"[0, 2, 1, 4]",76.299999999999997,77.25,32.696483971044465,0,False,1.9843077938700373,6,1.7843077938700374,1.9937369916091787,6,0.96520231300137116,149,0.7652023130013712,0.9746315107405128,149,1.6442354050385997,1,1.4442354050385997,1.6536646027777413,1,2.4678831999303847,78,2.2678831999303846,2.4796818129393055,75
83,"[0, 2, 1, 5]",69.36666666666666,70.150000000000006,47.520682523267837,1.9000000000000057,False,2.000121935589215,5,1.8001219355892148,2.0071688505491343,3,1.4257424112872499,10,1.2257424112872499,1.4327893262471694,11,1.3897806739552954,189,1.1897806739552954,1.3968275889152149,184,2.6666018985254798,6,2.4666018985254796,2.6725715496447568,6
84,"[0, 2, 2, 0]",74.533333333333331,74.5,4.8978800413650463,4,False,1.5725781212965027,637,1.4725781212965026,1.563535762438967,663,-0.28048547746254593,1055,-0.38048547746254591,-0.28952783632008161,1055,1.2325057324650652,526,1.1325057324650651,1.2234633736075295,552,1.6225176897721625,851,1.5225176897721624,1.6088701203392901,863
85,"[0, 2, 2, 1]",74.86666666666666,75,12.309979317476731,3.4000000000000057,False,1.7030658373173817,353,1.5530658373173818,1.6971504260861598,371,0.072365216841683844,795,-0.077634783158316178,0.066449805610461765,798,1.3629934484859443,245,1.2129934484859444,1.3570780372547224,263,1.8677828158504166,574,1.7177828158504167,1.8584559055001648,568
86,"[0, 2, 2, 2]",75.13333333333334,74.900000000000006,19.723371251292658,2.3333333333333286,False,1.7322931352633513,296,1.6322931352633512,1.719385611247104,332,0.32399427280213089,602,0.22399427280213091,0.3110867487858836,610,1.3922207464319138,186,1.2922207464319138,1.3793132224156666,227,2.0113979711763172,434,1.9113979711763172,1.9927941415726371,451
87,"[0, 2, 2, 3]",75.5,75.900000000000006,27.135470527404344,1.13333333333334,False,1.8634175236102064,115,1.7134175236102065,1.8624939457803729,129,0.67748163943233675,334,0.52748163943233672,0.67655806160250298,338,1.523345134778769,54,1.3733451347787691,1.5224215569489354,61,2.2575043759982618,200,2.1075043759982619,2.2551133732530366,201
88,"[0, 2, 2, 4]",74.200000000000003,74.099999999999994,34.548862461220267,0,False,1.9127212222352927,62,1.7627212222352928,1.9024506499286584,80,0.94918709607190088,156,0.79918709607190086,0.93891652376526635,164,1.5618163618423249,33,1.411816361842325,1.5515457895356906,36,2.4115794303707125,104,2.2615794303707126,2.3961578911591244,117
89,"[0, 2, 2, 5]",71.266666666666666,70.700000000000003,49.373061013443639,0,False,2.0049360430716181,3,1.8549360430716182,1.9861356734255757,9,1.4861278734749273,3,1.3361278734749271,1.4673275038288849,4,1.3575472116341829,250,1.2075472116341828,1.3387468419881405,305,2.7112515782086577,3,2.5612515782086578,2.6832751321090584,5
90,"[0, 2, 3, 0]",73.63333333333334,74.150000000000006,6.7515511892450881,4.8999999999999915,False,1.6239246799739453,514,1.4739246799739452,1.6254269042975142,518,-0.173528784348702,980,-0.32352878434870203,-0.17202656002513284,978,1.2838522911425079,412,1.1338522911425077,1.2853545154660768,421,1.6965325417203725,766,1.5465325417203724,1.6966860858034738,759
91,"[0, 2, 3, 1]",73.900000000000006,74.349999999999994,14.163650465356774,4.36666666666666,False,1.7531390513428717,254,1.5531390513428718,1.7533453654130611,262,0.1780485653035751,732,-0.02195143469642491,0.17825487937376444,729,1.4130666625114343,146,1.2130666625114344,1.4132729765816237,154,1.9401151103112462,510,1.7401151103112462,1.9386318030526335,501
92,"[0, 2, 3, 2]",73.066666666666663,73.799999999999997,21.577042399172701,4.4000000000000057,False,1.7613561625316252,241,1.6113561625316253,1.767036246776537,240,0.40866743450680632,543,0.25866743450680629,0.41434751875171816,539,1.4212837737001878,132,1.2712837737001879,1.4269638579450996,133,2.0559680670953626,387,1.9059680670953625,2.0615099372575334,386
93,"[0, 2, 3, 3]",72.933333333333337,73.75,28.989141675284383,3.7000000000000028,False,1.8329304659888375,148,1.6829304659888373,1.8402078724490463,149,0.70260471624736875,315,0.55260471624736873,0.70988212270757778,312,1.4928580771574,72,1.3428580771573999,1.5001354836176088,72,2.2394552907619514,210,2.0894552907619515,2.2470889312469313,209
94,"[0, 2, 3, 4]",73.966666666666669,73.950000000000003,36.40253360910031,0,False,1.9768012274322595,10,1.7768012274322595,1.9681392601416359,17,1.0688772357052689,117,0.86887723570526887,1.0602152684146453,119,1.5888229440816908,13,1.3888229440816908,1.5801609767910672,27,2.5024198571927312,64,2.302419857192731,2.4890672352311185,68
95,"[0, 2, 3, 5]",64.533333333333331,64.650000000000006,51.226732161323682,0,False,1.9448649447032198,28,1.7448649447032198,1.9397989671828573,38,1.3835283366370357,18,1.1835283366370357,1.3784623591166731,20,1.2604026903081835,470,1.0604026903081836,1.255336712787821,492,2.6380426500110454,14,2.4380426500110453,2.6259298072506612,15
96,"[0, 2, 4, 0]",69.700000000000003,71.599999999999994,8.6039296794208902,8.5666666666666629,False,1.5673211304105079,648,1.4173211304105078,1.5955329676802847,591,-0.17456097920686575,981,-0.32456097920686577,-0.1463491419370887,966,1.2272487415790705,537,1.0772487415790704,1.2554605788488473,491,1.6439584412577286,828,1.4939584412577285,1.6784422998467226,779
97,"[0, 2, 4, 1]",69.36666666666666,71.849999999999994,16.016028955532576,8.9000000000000057,False,1.6850753999118622,384,1.4850753999118622,1.7244007958844396,318,0.16555626857783939,740,-0.034443731422160617,0.20488166455041684,710,1.3450030110804247,277,1.1450030110804248,1.3843284070530022,214,1.8723979924621743,569,1.6723979924621744,1.9216613617478349,519
98,"[0, 2, 4, 2]",70.333333333333329,71.700000000000003,23.429420889348499,7.1000000000000085,False,1.7276728167033322,306,1.577672816703332,1.7456866139567762,277,0.43055544338378715,531,0.28055544338378713,0.44856924063723136,519,1.3876004278718947,194,1.2376004278718946,1.4056142251253387,169,2.0336800014055734,410,1.8836800014055735,2.0547262531683548,391
99,"[0, 2, 4, 3]",67.066666666666663,69.049999999999997,30.841520165460185,9.4333333333333371,False,1.7893999215187781,207,1.5893999215187782,1.8194911510216905,171,0.71464552648258373,307,0.51464552648258377,0.74473675598549605,291,1.4493275326873407,100,1.2493275326873408,1.479418762190253,81,2.1880870231652634,253,1.9880870231652634,2.2240913252562242,222
100,"[0, 2, 4, 4]",69.966666666666669,72.950000000000003,38.254912099276112,1.2999999999999972,False,1.8689243332168699,108,1.7189243332168698,1.9176757032712421,67,1.016571696195153,129,0.86657169619515306,1.0653230662495257,118,1.443898480062785,105,1.2938984800627849,1.4926498501171572,76,2.3981631992427057,116,2.2481631992427058,2.4602971334848935,84
101,"[0, 2, 4, 5]",61.133333333333333,62,53.079110651499484,0,False,1.8984481523554022,80,1.6984481523554023,1.9080062963884126,75,1.244492619780428,71,1.0444926197804281,1.2540507638134384,68,1.17693832815685,642,0.97693832815685,1.1864964721898603,623,2.5989290094474482,21,2.398929009447448,2.6051393319900047,22
102,"[0, 2, 5, 0]",56.533333333333331,56.049999999999997,12.311271975180972,21.733333333333334,False,1.3529089846074975,981,1.2029089846074974,1.337353226080924,989,-0.27775285613707357,1054,-0.42775285613707359,-0.2933086146636471,1061,1.0128365957760599,899,0.86283659577605987,0.99728083724948635,909,1.4051120935557182,1056,1.2551120935557183,1.3758908691452083,1062
103,"[0, 2, 5, 1]",56.700000000000003,56.350000000000001,19.723371251292658,20.766666666666666,False,1.4802133389984953,816,1.2802133389984953,1.4671704213736863,831,0.071914476537275063,796,-0.12808552346272495,0.058871558912466038,804,1.1401409501670579,718,0.94014095016705779,1.1270980325422488,735,1.6461708259155208,824,1.4461708259155208,1.6203832756982737,849
104,"[0, 2, 5, 2]",56.233333333333334,56.350000000000001,27.136763185108585,20.400000000000006,False,1.4954338457729874,788,1.3454338457729873,1.4913043407118454,793,0.30953674132624487,618,0.15953674132624485,0.30540723626510302,616,1.15536145694155,686,1.0053614569415499,1.1512319518804079,691,1.7712778488802319,690,1.621277848880232,1.7572682010746505,697
105,"[0, 2, 5, 3]",54.399999999999999,54.25,34.548862461220267,19.800000000000004,False,1.5845378606054115,609,1.3845378606054115,1.575551915751443,640,0.62100373444201962,374,0.42100373444201955,0.6120177895880512,390,1.2336330002124436,525,1.0336330002124436,1.2246470553584752,548,1.9618598566186096,483,1.7618598566186097,1.9406400643339974,497
106,"[0, 2, 5, 4]",55.43333333333333,56,41.962254395036197,15.833333333333336,False,1.6784086220488341,395,1.4784086220488342,1.6829136831908682,401,0.93727625389991998,163,0.73727625389992002,0.94178131504195406,161,1.1792359229795475,639,0.97923592297954754,1.1837409841215816,629,2.1748244230493889,267,1.974824423049389,2.1720920525287104,265
107,"[0, 2, 5, 5]",47.5,47.5,56.786452947259569,0,False,1.6251225939887246,512,1.4751225939887247,1.6197632636498107,532,0.78579994662574626,266,0.63579994662574624,0.78044061628683237,272,0.82946592387497076,1028,0.67946592387497073,0.82410659353605686,1026,2.2983047593337722,180,2.1483047593337723,2.2793281389794928,187
108,"[0, 3, 0, 0]",74.466666666666669,74.900000000000006,1.7864529472595656,4.0666666666666629,False,1.5401905057034957,701,1.4401905057034956,1.540016428206773,701,-0.4062159058787177,1156,-0.50621590587871768,-0.40638998337544041,1157,1.2001181168720583,590,1.1001181168720582,1.1999440393753356,595,1.5423988610762485,940,1.4423988610762484,1.5406206063463765,936
109,"[0, 3, 0, 1]",74.599999999999994,74.599999999999994,9.1985522233712516,3.6666666666666714,False,1.6668581877685171,422,1.5168581877685172,1.658441218436244,454,-0.057185245530345319,902,-0.20718524553034534,-0.065602214862618413,912,1.3267857989370797,317,1.1767857989370798,1.3183688296048066,352,1.7826163146923601,675,1.6326163146923602,1.7698328770760119,685
110,"[0, 3, 0, 2]",74.099999999999994,74.25,16.611944157187178,4.1666666666666714,False,1.731442022217033,298,1.5814420222170331,1.7259295681541502,314,0.2298003469326485,693,0.07980034693264848,0.22428789286976569,698,1.3913696333855956,187,1.2413696333855957,1.3858571793227128,210,1.9568820589133811,488,1.8068820589133809,1.9478043898887214,491
111,"[0, 3, 0, 3]",73.599999999999994,74.200000000000003,24.024043433298864,3.7666666666666657,False,1.7460129300885066,265,1.6460129300885065,1.7491011938266596,273,0.46673423308747231,509,0.36673423308747233,0.46982249682562538,501,1.4059405412570691,153,1.305940541257069,1.4090288049952222,165,2.0811152163993754,366,1.9811152163993753,2.0833833838781195,361
112,"[0, 3, 0, 4]",73.13333333333334,72.900000000000006,31.437435367114787,3.36666666666666,False,1.8612334368629986,120,1.7112334368629987,1.8485515688610215,138,0.80435649787644237,255,0.65435649787644234,0.79167462987446502,265,1.5211610480315612,57,1.3711610480315612,1.508479180029584,67,2.3062222393640863,174,2.1562222393640864,2.2871613483037323,181
113,"[0, 3, 0, 5]",67,67.650000000000006,46.261633919338159,4.2666666666666657,False,1.8923277144056057,83,1.7423277144056057,1.8971100100794578,83,1.2801767319857507,56,1.1301767319857505,1.2849590276596023,59,1.30716742485028,360,1.1571674248502801,1.3119497205241322,366,2.525131627807752,53,2.3751316278077521,2.527164837131425,52
114,"[0, 3, 1, 0]",74.13333333333334,74.450000000000003,3.640124095139607,4.3999999999999915,False,1.602360493922534,568,1.4523604939225339,1.6000088358881048,581,-0.28843578322327812,1064,-0.43843578322327814,-0.29078744125770706,1058,1.2622881050910966,468,1.1122881050910964,1.2599364470566674,480,1.6307154516671951,838,1.4807154516671952,1.6258898825066552,842
115,"[0, 3, 1, 1]",74.233333333333334,74.650000000000006,11.052223371251293,4.0333333333333314,False,1.6783915036615791,396,1.5283915036615792,1.6779272970036523,414,0.009958204799117909,844,-0.14004179520088211,0.0094939981411908958,839,1.3383191148301417,289,1.1883191148301417,1.3378549081722149,307,1.8200916265396168,621,1.6700916265396166,1.8178355997558153,622
116,"[0, 3, 1, 2]",73.799999999999997,74.200000000000003,18.465615305067217,3.6666666666666714,False,1.7942486827620472,200,1.5942486827620472,1.7935169125443429,210,0.34821714191406389,584,0.14821714191406388,0.34748537169635957,581,1.4541762939306098,94,1.2541762939306098,1.4534445237129054,107,2.0460399282480184,399,1.8460399282480182,2.0432604232646199,396
117,"[0, 3, 1, 3]",73.466666666666669,73.450000000000003,25.877714581178903,3.1666666666666714,False,1.812002952263402,173,1.6620029522634021,1.8033973989763461,199,0.58833438969876917,410,0.43833438969876914,0.57972883641171324,416,1.4719305634319646,80,1.3219305634319647,1.4633250101449087,99,2.1744794794524647,270,2.0244794794524648,2.1610125921266836,280
118,"[0, 3, 1, 4]",73.13333333333334,72.799999999999997,33.29110651499483,2.2333333333333201,False,1.9297701483417991,41,1.7297701483417991,1.9151895461626063,70,0.92850334379164412,165,0.72850334379164405,0.91392274161245135,174,1.5896977595103616,12,1.3896977595103617,1.5751171573311689,28,2.4029516173919374,113,2.2029516173919372,2.3813440370276782,126
119,"[0, 3, 1, 5]",65.86666666666666,66.349999999999994,48.115305067218202,5.4000000000000057,False,1.9392175668012139,32,1.739217566801214,1.9409631772544602,37,1.38267671881776,21,1.18267671881776,1.3844223292710063,17,1.3169838542882875,343,1.1169838542882875,1.3187294647415337,350,2.5932575285501285,23,2.3932575285501283,2.5907872542085113,29
120,"[0, 3, 2, 0]",69.13333333333334,69.349999999999994,5.4925025853154086,9.3999999999999915,False,1.5253834299278575,732,1.3753834299278573,1.5216971777518884,734,-0.30984149251268056,1084,-0.45984149251268058,-0.31352774468864963,1087,1.1853110410964196,628,1.0353110410964197,1.1816247889204505,632,1.5512204314064584,929,1.4012204314064582,1.5427055193003283,934
121,"[0, 3, 2, 1]",69.466666666666669,70.099999999999994,12.904601861427095,8.7999999999999972,False,1.6558711459487361,454,1.4558711459487361,1.6600586768421191,451,0.043009201791548934,814,-0.15699079820845108,0.047196732684931908,809,1.3157987571172987,348,1.1157987571172987,1.3199862880106816,347,1.7964855574847125,651,1.5964855574847125,1.7986580277209654,648
122,"[0, 3, 2, 2]",69.166666666666671,69.599999999999994,20.317993795243019,8.2999999999999972,False,1.6742750143531095,405,1.5242750143531094,1.6746989252942024,423,0.28381482821039994,639,0.13381482821039992,0.28423873915149278,640,1.3342026255216721,298,1.184202625521672,1.334626536462765,312,1.9257989741678756,522,1.7757989741678757,1.9228095065778175,517
123,"[0, 3, 2, 3]",68.933333333333337,69.700000000000003,27.730093071354705,7.7000000000000028,False,1.7439393008323925,271,1.5939393008323925,1.7507186522325342,270,0.57584209297303379,419,0.42584209297303377,0.58262144437317553,413,1.403866912000955,158,1.2538669120009551,1.4106462634010968,161,2.1067623616033933,342,1.9567623616033933,2.1122085345230732,340
124,"[0, 3, 2, 4]",68.599999999999994,69.400000000000006,35.143485005170632,5.3666666666666742,False,1.8617064969107895,119,1.6617064969107895,1.869156369039048,120,0.91601104706590841,173,0.71601104706590846,0.92346091919416695,171,1.4989091856388141,69,1.2989091856388142,1.5063590577670727,69,2.3352344995428655,160,2.1352344995428654,2.3414533919877352,153
125,"[0, 3, 2, 5]",66.36666666666666,65.299999999999997,49.967683557394004,0,False,1.9672914365926155,18,1.7672914365926156,1.9395502532954589,39,1.4663219433144357,5,1.2663219433144357,1.4385807600172791,8,1.3080101542761728,358,1.1080101542761729,1.2802689709790163,430,2.6525735009983094,8,2.4525735009983092,2.6107438078103344,20
126,"[0, 3, 3, 0]",67.333333333333329,67.349999999999994,7.3461737331954495,11.200000000000003,False,1.4595398358039411,847,1.359539835803941,1.452259205686385,848,-0.32007495220019566,1098,-0.42007495220019564,-0.32735558231775175,1096,1.1194674469725037,749,1.0194674469725036,1.1121868168549476,753,1.5025207572750268,976,1.4025207572750267,1.4885011112500806,975
127,"[0, 3, 3, 1]",67.36666666666666,67.349999999999994,14.758273009307135,10.900000000000006,False,1.5842975008910343,611,1.4342975008910341,1.5763801984475019,637,0.027045691170248021,830,-0.122954308829752,0.019128388726715628,833,1.2442251120595968,503,1.0942251120595967,1.2363078096160645,528,1.7402143746600673,724,1.5902143746600674,1.7253534498914309,728
128,"[0, 3, 3, 2]",66.799999999999997,66.599999999999994,22.171664943123062,10.666666666666671,False,1.6476079906875976,469,1.4976079906875974,1.6362736114565468,496,0.31275793898128923,612,0.16275793898128921,0.30142355975023871,620,1.3075356018561601,359,1.15753560185616,1.2962012226251094,398,1.9127975613937074,530,1.7627975613937075,1.8931382054885209,543
129,"[0, 3, 3, 3]",66.433333333333337,66.150000000000006,29.583764219234748,10.200000000000003,False,1.6647255878629759,428,1.5647255878629758,1.6518503004201956,467,0.55223851444001826,434,0.45223851444001828,0.53936322699723804,446,1.3246531990315384,323,1.2246531990315384,1.3117779115887582,367,2.0403958338544634,407,1.9403958338544633,2.0185304422622994,422
130,"[0, 3, 3, 4]",66.63333333333334,66.549999999999997,36.997156153050675,4.6333333333333258,False,1.7926795411569927,204,1.6426795411569926,1.7835791564672157,221,0.90259422574851278,176,0.75259422574851276,0.89349384105873575,188,1.3928088069274165,184,1.2428088069274164,1.3837084222376395,216,2.2823284316929828,188,2.1323284316929829,2.2656021248542957,196
131,"[0, 3, 3, 5]",55.366666666666667,55.149999999999999,51.821354705274047,5.7666666666666657,False,1.7257262804992601,309,1.57572628049926,1.7153654457869179,341,1.1346585452355575,99,0.98465854523555763,1.1242977105232153,101,1.0293715752252166,885,0.87937157522521647,1.0190107405128743,885,2.3716808936083251,130,2.2216808936083252,2.3489842214918353,147
132,"[0, 3, 4, 0]",69.5,70.25,9.1985522233712516,8.7666666666666657,False,1.5694473218941538,646,1.4194473218941539,1.5758462817273835,638,-0.15459611140470864,967,-0.30459611140470866,-0.14819715157147917,968,1.2293749330627164,534,1.0793749330627165,1.2357738928959461,529,1.6539006669077279,818,1.5039006669077279,1.6590518923561479,798
133,"[0, 3, 4, 1]",69.433333333333337,70.299999999999997,16.610651499482938,8.8333333333333286,False,1.6922949700033183,370,1.4922949700033183,1.7009166415771078,364,0.19061451498780674,720,-0.0093854850121932731,0.1992361865615962,712,1.3522225811718809,260,1.1522225811718809,1.3608442527456703,259,1.8890704480616975,550,1.6890704480616976,1.8971775756494507,540
134,"[0, 3, 4, 2]",69.833333333333329,70.349999999999994,24.024043433298864,7.5333333333333314,False,1.7740689572531922,227,1.5740689572531923,1.7759999280038747,230,0.49479026025215816,484,0.29479026025215815,0.49672123100284066,486,1.4339965684217548,117,1.2339965684217549,1.4359275391724373,124,2.0860507183623591,360,1.8860507183623589,2.08533584567778,359
135,"[0, 3, 4, 3]",67.13333333333334,67.900000000000006,31.436142709410547,9.36666666666666,False,1.7466194916102347,263,1.5966194916102348,1.7536019334232194,260,0.68970377289255114,323,0.53970377289255111,0.69668621470553582,322,1.4065471027787972,151,1.2565471027787973,1.4135295445917819,152,2.1547594787647864,297,2.0047594787647864,2.1597942963734602,283
136,"[0, 3, 4, 4]",68.900000000000006,69.400000000000006,38.849534643226477,2.36666666666666,False,1.8544970442251341,128,1.7044970442251342,1.8562168654196065,132,1.0199830835219286,127,0.86998308352192855,1.0217029047164008,129,1.4175787401920421,139,1.2675787401920422,1.4192985613865146,143,2.3862321775567548,124,2.2362321775567549,2.3848795613084106,122
137,"[0, 3, 4, 5]",57.133333333333333,58.049999999999997,53.673733195449842,0,False,1.8279936986777583,152,1.6279936986777583,1.8389525218279161,150,1.1443070389052661,98,0.94430703890526613,1.1552658620554239,96,1.0945914236001988,788,0.89459142360019883,1.1055502467503566,766,2.5129654583167409,61,2.3129654583167407,2.5195350025979022,58
138,"[0, 3, 5, 0]",53.43333333333333,52.950000000000003,12.905894519131333,24.833333333333336,False,1.2996446837312114,1022,1.1496446837312115,1.2844386920267565,1028,-0.31317848069484822,1089,-0.46317848069484824,-0.32838447239930335,1097,0.95957229489977414,946,0.80957229489977411,0.944366303195319,956,1.3418630685046518,1098,1.1918630685046518,1.3119333988362976,1101
139,"[0, 3, 5, 1]",53.666666666666664,52.850000000000001,20.317993795243019,23.800000000000004,False,1.4282223827741618,887,1.2282223827741618,1.406660950610658,912,0.03776219663145236,821,-0.16223780336854765,0.016200764467948547,835,1.0881499939427244,799,0.88814999394272443,1.0665885617792206,828,1.5846043583518352,898,1.3846043583518353,1.5462390481737429,930
140,"[0, 3, 5, 2]",52.766666666666666,51.899999999999999,27.731385729058946,23.866666666666674,False,1.4851661493109631,809,1.2851661493109632,1.462756895265273,839,0.31710772118273151,605,0.11710772118273149,0.29469846713704134,627,1.1450937604795257,707,0.94509376047952565,1.1226845064338355,745,1.7487747576485708,711,1.5487747576485709,1.7089304251630231,744
141,"[0, 3, 5, 3]",49.833333333333336,49.700000000000003,35.143485005170632,24.133333333333333,False,1.4532599773861716,857,1.3032599773861715,1.4451057361276556,857,0.50756452754129056,474,0.35756452754129053,0.49941028628277473,483,1.0904626661141963,798,0.94046266611419638,1.0823084248556807,803,1.8115945668451654,628,1.6615945668451653,1.789755599118465,659
142,"[0, 3, 5, 4]",50.633333333333333,50.299999999999997,42.556876938986555,20.633333333333333,False,1.5926740325477602,587,1.3926740325477602,1.580632060529106,630,0.86938034071735681,210,0.66938034071735686,0.85733836869870261,218,1.0816088825994665,808,0.88160888259946657,1.0695669105808123,825,2.0686701820701119,377,1.8686701820701119,2.0419206603182718,398
143,"[0, 3, 5, 5]",41.899999999999999,41.450000000000003,57.381075491209927,1.1666666666666714,False,1.5241078686642213,735,1.3741078686642214,1.5108360713677955,757,0.65505409410372517,345,0.50505409410372515,0.64178229680729904,359,0.71655874767146044,1099,0.56655874767146042,0.70328695037503441,1096,2.1719598285059254,274,2.0219598285059255,2.1402433342053868,304
144,"[0, 4, 0, 0]",71.599999999999994,71.25,2.3836608066184075,6.9333333333333371,False,1.491408764263128,797,1.3914087642631279,1.476684709332007,814,-0.43708141153831981,1169,-0.53708141153831979,-0.45180546646944075,1175,1.1513363754316905,695,1.0513363754316905,1.1366123205005696,717,1.4851039607010679,992,1.3851039607010678,1.4627215183360416,995
145,"[0, 4, 0, 1]",71.200000000000003,71.450000000000003,9.7957600827300926,7.0666666666666629,False,1.6078896891125303,552,1.4578896891125301,1.6046031704475543,569,-0.09823750840556722,936,-0.24823750840556724,-0.1015240270705432,934,1.2678173002810929,451,1.1178173002810927,1.2645307816161169,469,1.7118609544181331,751,1.5618609544181332,1.7046672355852017,750
146,"[0, 4, 0, 2]",70.433333333333337,70.25,17.209152016546017,7.8333333333333286,False,1.6673801449532362,419,1.5173801449532363,1.6559522796591311,456,0.1836547054496166,725,0.033654705449616573,0.17222684015551148,732,1.3273077561217987,315,1.1773077561217988,1.3158798908276936,355,1.8793964686896305,560,1.7293964686896306,1.860991889314719,566
147,"[0, 4, 0, 3]",70.700000000000003,71.150000000000006,24.621251292657703,6.6666666666666572,False,1.7465945163221628,264,1.5965945163221629,1.7471618800151849,276,0.48523205510189393,492,0.33523205510189391,0.48579941879491584,495,1.4065221274907254,152,1.2565221274907254,1.4070894911837475,167,2.0729790372805046,371,1.9229790372805045,2.0707644316912144,378
148,"[0, 4, 0, 4]",69.099999999999994,69.400000000000006,32.034643226473626,7.3000000000000114,False,1.740168164013463,282,1.6401681640134629,1.738067951252078,288,0.70120746080767171,317,0.60120746080767173,0.69910724804628677,319,1.4000957751820255,168,1.3000957751820255,1.3979955624206406,183,2.1694825829597413,277,2.0694825829597412,2.1630822942492549,277
149,"[0, 4, 0, 5]",64.066666666666663,64.700000000000003,46.858841778696998,7.2000000000000028,False,1.8422726283132858,139,1.6922726283132856,1.847069430445198,141,1.2480378816741955,68,1.0980378816741956,1.2528346838061077,69,1.2451681815707834,501,1.0951681815707832,1.2499649837026956,504,2.4661541699451903,79,2.3161541699451904,2.4670925742484235,79
150,"[0, 4, 1, 0]",71.400000000000006,70.900000000000006,4.2373319544984485,7.1333333333333258,False,1.556125441786071,674,1.4061254417860711,1.5385758511905543,705,-0.31675459957897523,1094,-0.46675459957897525,-0.3343041901744922,1105,1.2160530529546336,562,1.0660530529546337,1.1985034623591169,600,1.5767856662667765,908,1.4267856662667764,1.550537483800225,924
151,"[0, 4, 1, 1]",71.166666666666671,71.299999999999997,11.649431230610135,7.0999999999999943,False,1.6257897282653544,511,1.4757897282653543,1.6202917806605317,530,-0.024727334816341817,876,-0.17472733481634184,-0.030225282421164512,874,1.285717339433917,411,1.1357173394339168,1.2802193918290943,431,1.7577490537022937,701,1.6077490537022938,1.7475765796571947,706
152,"[0, 4, 1, 2]",70.433333333333337,70.25,19.06282316442606,7.0333333333333314,False,1.7359168564320366,288,1.5359168564320367,1.7244889911379315,317,0.30780155136481829,620,0.10780155136481828,0.29637368607071318,623,1.3958444676005992,177,1.1958444676005993,1.3844166023064941,213,1.9761258467174814,468,1.7761258467174814,1.9577212673425699,483
153,"[0, 4, 1, 3]",70.400000000000006,70.900000000000006,26.474922440537746,6.2333333333333343,False,1.8094011768671774,175,1.6094011768671774,1.8109517560509472,179,0.60364885008330971,394,0.40364885008330975,0.60519942926707948,402,1.46932878803574,81,1.26932878803574,1.4708793672195097,86,2.1621369066151415,286,1.9621369066151415,2.1611270864593028,279
154,"[0, 4, 1, 4]",68.933333333333337,69.099999999999994,33.888314374353669,6,False,1.8055215138623821,185,1.6555215138623822,1.8009084601992327,201,0.82217094509299238,240,0.67217094509299236,0.81755789142984292,242,1.4654491250309447,85,1.3154491250309448,1.4608360713677953,102,2.2620055672691399,197,2.11200556726914,2.2521716043653903,204
155,"[0, 4, 1, 5]",63.533333333333331,64.400000000000006,48.712512926577041,7.7333333333333343,False,1.9006225825764664,78,1.7006225825764665,1.9099099393923529,74,1.3619979703737777,27,1.1619979703737777,1.3712853271896641,24,1.2664447128763632,455,1.0664447128763632,1.2757320696922496,443,2.5494230880739948,42,2.3494230880739946,2.5561818843645603,42
156,"[0, 4, 2, 0]",66.5,66.349999999999994,6.0897104446742505,12.033333333333331,False,1.4810583947693234,815,1.3310583947693233,1.4707072310290208,825,-0.33625029189044919,1108,-0.48625029189044922,-0.34660145563075162,1117,1.140986005937886,717,0.99098600593788588,1.1306348421975834,728,1.49981448223711,980,1.3498144822371101,1.4813599117653751,981
157,"[0, 4, 2, 1]",66.799999999999997,66.650000000000006,13.501809720785936,11.466666666666669,False,1.6109094384642262,544,1.4109094384642262,1.6005244263217835,580,0.015963730087804218,840,-0.18403626991219579,0.0055787179453615221,843,1.2708370496327888,443,1.0708370496327888,1.2604520374903461,478,1.7442383295716744,718,1.5442383295716744,1.7258523183184404,725
158,"[0, 4, 2, 2]",66.63333333333334,65.950000000000003,20.915201654601862,10.833333333333329,False,1.6318599961725044,498,1.4818599961725043,1.6113672064194362,551,0.25931604581056023,661,0.1093160458105602,0.23882325605749222,689,1.291787607341067,394,1.1417876073410669,1.2712948175879988,449,1.8769168612295992,562,1.7269168612295993,1.8449104185674829,584
159,"[0, 4, 2, 3]",67,66.849999999999994,28.327300930713548,9.63333333333334,False,1.7629843845193596,236,1.5629843845193596,1.7525768067754897,264,0.61280341244076619,385,0.41280341244076613,0.60239583469689628,403,1.4229119956879221,128,1.2229119956879222,1.4125044179440522,157,2.1230232660515442,327,1.9230232660515441,2.1046829609439772,345
160,"[0, 4, 2, 4]",64.700000000000003,64.150000000000006,35.740692864529471,9.2666666666666657,False,1.7431879133651593,273,1.5931879133651592,1.7254449033288393,315,0.81540869930104332,245,0.66540869930104329,0.79766568926472325,260,1.3684464449060072,235,1.2184464449060071,1.3507034348696871,274,2.2018599581132823,241,2.0518599581132824,2.1728072751149212,264
161,"[0, 4, 2, 5]",63.100000000000001,62.600000000000001,50.564891416752843,1.43333333333333,False,1.9108696272405334,64,1.7108696272405335,1.8942565091042374,88,1.3826250564028912,22,1.1826250564028913,1.3660119382665952,25,1.239644187736914,513,1.039644187736914,1.2230310696006179,553,2.5851832556988437,27,2.3851832556988435,2.557038268187096,40
162,"[0, 4, 3, 0]",63.93333333333333,63.049999999999997,7.9433815925542914,14.466666666666676,False,1.4505713371479536,861,1.3005713371479537,1.4265857146597201,890,-0.31112721507541774,1085,-0.46112721507541776,-0.33511283756365129,1106,1.1104989483165162,762,0.96049894831651628,1.0865133258282826,798,1.4817653970007996,995,1.3317653970007994,1.4440485427643632,1009
163,"[0, 4, 3, 1]",64.299999999999997,63.399999999999999,15.355480868665977,13.966666666666669,False,1.5816957254948092,622,1.3816957254948092,1.5573522770410901,675,0.042360151554788505,816,-0.15763984844521151,0.018016703101069453,834,1.2416233366633718,510,1.0416233366633718,1.2172798882096527,567,1.7278718018227444,734,1.5278718018227444,1.6898142939693812,769
164,"[0, 4, 3, 2]",63.133333333333333,62.049999999999997,22.768872802481901,14.300000000000004,False,1.6335461134238003,496,1.4335461134238003,1.6058532849868441,565,0.31661229749825731,607,0.1166122974982573,0.28891946906130112,635,1.2934737245923629,390,1.0934737245923629,1.2657808961554067,465,1.8853119711699566,555,1.6853119711699567,1.8423189137430414,588
165,"[0, 4, 3, 3]",63.43333333333333,62.649999999999999,30.180972078593587,13.20000000000001,False,1.6633971571187032,433,1.5133971571187033,1.6413666828112521,480,0.56882631947651097,421,0.41882631947651094,0.54679584516905988,441,1.3233247682872658,326,1.1733247682872658,1.3012942939798147,381,2.0297358185045207,414,1.8797358185045208,1.9944513882078212,447
166,"[0, 4, 3, 4]",61.733333333333334,62.100000000000001,37.594364012409514,9.5333333333333314,False,1.7050607878320747,350,1.5550607878320748,1.7050575641747283,353,0.8328917082043602,228,0.68289170820436018,0.83288848454701359,235,1.2932458964153217,391,1.1432458964153218,1.2932426727579753,408,2.173715527952687,271,2.0237155279526871,2.1673295224127211,271
167,"[0, 4, 3, 5]",53.833333333333336,53.049999999999997,52.418562564632886,7.2999999999999972,False,1.7524114320979418,255,1.5524114320979419,1.7314641066589869,302,1.1314833038662975,100,0.93148330386629752,1.1105359784273425,103,1.0441125696367215,860,0.84411256963672154,1.0231652441977666,883,2.398037142980761,117,2.1980371429807608,2.3605588176920262,138
168,"[0, 4, 4, 0]",65.099999999999994,65.950000000000003,9.7957600827300926,13.166666666666671,False,1.4413786534588797,876,1.3413786534588796,1.4501727907007187,852,-0.26474854405921777,1041,-0.36474854405921775,-0.2559544068173788,1035,1.1013062646274423,777,1.0013062646274422,1.1101004018692813,757,1.5079069443227882,974,1.4079069443227881,1.5145993238704309,953
169,"[0, 4, 4, 1]",65.033333333333331,65.950000000000003,17.20785935884178,13.233333333333334,False,1.564226301568044,658,1.4142263015680441,1.5742937834618353,643,0.080462082333297658,791,-0.069537917666702365,0.090529564227089021,786,1.2241539127366066,546,1.0741539127366067,1.2342213946303979,531,1.7430767254767581,721,1.5930767254767579,1.7514516625117813,703
170,"[0, 4, 4, 2]",65.299999999999997,65.400000000000006,24.621251292657703,12.066666666666663,False,1.6434535995140136,479,1.4934535995140135,1.6379846648253116,490,0.38209113829374453,562,0.2320911382937445,0.3766222036050425,559,1.3033812106825762,371,1.153381210682576,1.2979122759938742,392,1.9366918808026581,513,1.786691880802658,1.9243297967166808,516
171,"[0, 4, 4, 3]",62.833333333333336,63.899999999999999,32.033350568769393,13.56666666666667,False,1.6704608401528893,412,1.5204608401528892,1.6836246449282002,398,0.63146135721597096,367,0.48146135721597094,0.64462516199128206,356,1.3303884513214519,309,1.1803884513214518,1.3435522560967628,289,2.0612895924109185,384,1.9112895924109183,2.0729817957994574,377
172,"[0, 4, 4, 4]",65.36666666666666,66.700000000000003,39.446742502585316,5.9000000000000057,False,1.7429818562652422,275,1.6429818562652421,1.7609231212283851,249,0.9263841313428014,166,0.82638413134280142,0.94432539630594436,160,1.2941193950449732,387,1.1941193950449731,1.3120606600081162,365,2.2621117023077661,196,2.1621117023077661,2.2811740216851724,185
173,"[0, 4, 4, 5]",56.399999999999999,56.700000000000003,54.270941054808688,0,False,1.7699589860998697,230,1.6199589860998698,1.7692916890290995,238,1.0564119333594353,119,0.90641193335943526,1.0557446362886651,120,1.0246125538351334,890,0.87461255383513337,1.0239452567643632,881,2.4595123975377464,85,2.3095123975377465,2.4502097685773805,89
174,"[0, 4, 5, 0]",54.399999999999999,54.299999999999997,13.503102378490176,23.866666666666667,False,1.3240802597781105,1009,1.1740802597781106,1.3160436820127499,1005,-0.27082666886718398,1045,-0.42082666886718401,-0.2788632466325448,1047,0.98400787094667319,930,0.83400787094667317,0.97597129318131237,929,1.3813152236538686,1072,1.2313152236538685,1.3613687760212088,1072
175,"[0, 4, 5, 1]",54.366666666666667,54.600000000000001,20.915201654601862,23.100000000000001,False,1.4475645802132511,868,1.2475645802132511,1.4458608773055122,856,0.07502062985130703,793,-0.12497937014869298,0.073316926943568117,794,1.1074921913818137,769,0.9074921913818137,1.1057884884740747,765,1.6173262835515285,855,1.4173262835515286,1.6058611825742737,871
176,"[0, 4, 5, 2]",53.56666666666667,52.850000000000001,28.328593588417785,23.06666666666667,False,1.5064183637279809,767,1.3064183637279809,1.4867669485424058,798,0.35627617138051443,579,0.15627617138051442,0.33662475619493931,588,1.1663459748965435,660,0.96634597489654339,1.1466945597109683,699,1.7840205190793355,673,1.5840205190793355,1.7481790451323145,705
177,"[0, 4, 5, 3]",51.033333333333331,51.649999999999999,35.740692864529471,22.933333333333337,False,1.5321522597149042,717,1.3321522597149043,1.5381031311769402,706,0.60437304565078831,393,0.40437304565078835,0.6103239171128243,392,1.1574107912557523,681,0.95741079125575224,1.1633616627177883,673,1.9069356732002145,536,1.7069356732002146,1.9044711121268059,537
178,"[0, 4, 5, 4]",51.600000000000001,52.899999999999999,43.154084798345401,19.666666666666664,False,1.5671096085946594,649,1.4171096085946595,1.5859712277302895,615,0.86173215254502145,213,0.71173215254502142,0.88059377168065156,200,1.0441003014591888,861,0.89410030145918873,1.0629619205948189,838,2.0581223372193285,385,1.9081223372193286,2.073189653801994,375
179,"[0, 4, 5, 5]",43.06666666666667,41.950000000000003,57.978283350568766,0,False,1.5523634786669782,682,1.4023634786669783,1.5263018208474599,729,0.65344931113853988,348,0.50344931113853986,0.62738765331902147,372,0.73287020048704032,1089,0.5828702004870403,0.70680854266752202,1092,2.216459656117284,224,2.0664596561172841,2.1680318523071058,268
180,"[0, 5, 0, 0]",65.200000000000003,65.700000000000003,3.5729058945191312,13.333333333333329,False,1.3810601285546991,952,1.281060128554699,1.3831974133755711,939,-0.51175269460972717,1207,-0.61175269460972714,-0.50961540978885511,1200,1.0409877397232616,866,0.94098773972326155,1.0431250245441337,857,1.353558238136793,1090,1.2535582381367929,1.3513600581936018,1081
181,"[0, 5, 0, 1]",64.933333333333337,65.900000000000006,10.985005170630817,13.333333333333329,False,1.5000877427080059,777,1.350087742708006,1.5111158744911184,755,-0.17036210217306957,979,-0.3203621021730696,-0.15933397038995711,975,1.1600153538765685,675,1.0100153538765686,1.171043485659681,655,1.5836803468286198,900,1.4336803468286199,1.593305775442762,884
182,"[0, 5, 0, 2]",64.233333333333334,65.200000000000003,18.398397104446744,13.233333333333334,False,1.5608515432006644,667,1.4108515432006645,1.5719586545887716,648,0.11280345633406685,770,-0.037196543665933168,0.12391056772217379,763,1.220779154369227,556,1.0707791543692271,1.2318862657573342,536,1.7528984185874981,705,1.6028984185874982,1.7623638756918045,690
183,"[0, 5, 0, 3]",65.566666666666663,66.5,25.81049638055843,11.066666666666677,False,1.6604394290008306,437,1.5104394290008305,1.6707631916536858,431,0.43475432041758333,528,0.28475432041758331,0.4450780830704385,525,1.3203670401693932,332,1.1703670401693931,1.3306908028222484,322,1.9734019069764646,472,1.8234019069764646,1.9823231752839185,463
184,"[0, 5, 0, 4]",62.866666666666667,64.200000000000003,33.223888314374356,12.499999999999993,False,1.6830028899349152,386,1.5330028899349151,1.7012262249158954,362,0.67971953936614582,332,0.5297195393661458,0.69794287434712621,321,1.3429305011034778,279,1.1929305011034776,1.3611538360844579,257,2.0921432541139184,353,1.9421432541139185,2.1106342466704824,342
185,"[0, 5, 0, 5]",51.600000000000001,52.399999999999999,48.048086866597728,19.666666666666664,False,1.5660496292771828,651,1.4660496292771827,1.5754175775267369,641,1.0074922352751146,134,0.90749223527511447,1.0168601835246687,132,0.94516028077666547,958,0.8451602807766655,0.95452822902621959,944,2.1314957160292614,318,2.0314957160292613,2.1338295860924021,312
186,"[0, 5, 1, 0]",64.400000000000006,65.400000000000006,5.426577042399173,14.133333333333326,False,1.4343167042100697,882,1.2843167042100698,1.4460379223227262,855,-0.40288598451795499,1152,-0.55288598451795501,-0.39116476640529874,1148,1.0942443153786323,790,0.9442443153786324,1.1059655334912888,764,1.4300969263160739,1034,1.280096926316074,1.4404493683097379,1011
187,"[0, 5, 1, 1]",63.93333333333333,65.299999999999997,12.838676318510858,14.333333333333336,False,1.4995242844075194,779,1.3495242844075193,1.5182601809066276,739,-0.11531542603715506,944,-0.26531542603715508,-0.096579529538046827,932,1.159451895576082,676,1.0094518955760818,1.1781877920751902,636,1.6051713625457582,875,1.4551713625457583,1.6247550176471832,845
188,"[0, 5, 1, 2]",63.700000000000003,65,20.252068252326783,13.766666666666666,False,1.6192014974638449,529,1.4192014974638449,1.6366978977131412,492,0.22676354503364854,697,0.026763545033648528,0.24425994528294487,679,1.2791291086324075,425,1.0791291086324075,1.2966255088817038,394,1.8361673367163023,601,1.6361673367163023,1.8539998751118449,577
189,"[0, 5, 1, 3]",64.599999999999994,66.150000000000006,27.664167528438469,12.033333333333346,False,1.7105126430263202,336,1.5105126430263203,1.7326543335122329,297,0.54043766887947431,444,0.34043766887947424,0.56257935936538694,432,1.3704402541948828,225,1.1704402541948828,1.3925819446807954,191,2.0457342014372939,401,1.8457342014372937,2.0701391407481022,379
190,"[0, 5, 1, 4]",62.633333333333333,63.399999999999999,35.077559462254392,11.333333333333336,False,1.7470828951318818,262,1.5470828951318818,1.7545730629769742,258,0.79940967899951354,259,0.59940967899951358,0.80689984684460603,256,1.3856040947182313,197,1.1856040947182314,1.3930942625633238,189,2.1829836809359362,259,1.9829836809359362,2.1869901102670934,255
191,"[0, 5, 1, 5]",50.700000000000003,51.75,49.901758014477764,15.666666666666657,False,1.617396187954625,533,1.4673961879546249,1.6316125168536386,508,1.114448928388958,103,0.9644489283889579,1.1286652572879716,99,0.95943341649650715,947,0.80943341649650713,0.97364974539552074,932,2.2055105679774702,235,2.0555105679774703,2.2140054836448706,230
192,"[0, 5, 2, 0]",62.633333333333333,63.700000000000003,7.2789555325749742,15.899999999999999,False,1.4190968558350878,900,1.2690968558350877,1.4322832262118261,880,-0.36253447818766305,1125,-0.51253447818766307,-0.34934810781092474,1118,1.0790244670036504,813,0.92902446700365027,1.0922108373803887,789,1.4322059441933064,1031,1.2822059441933065,1.4438524414361784,1010
193,"[0, 5, 2, 1]",62.966666666666669,64.5,14.69105480868666,15.299999999999997,False,1.5495845718559667,686,1.3495845718559667,1.5715940923906642,652,-0.0096837838834335499,856,-0.20968378388343356,0.012325736651263963,838,1.2095121830245292,574,1.0095121830245293,1.2315217035592267,540,1.6774710702715609,792,1.477471070271561,1.7010782945087681,753
194,"[0, 5, 2, 2]",62.533333333333331,63.700000000000003,22.104446742502585,14.933333333333337,False,1.5654417509564351,653,1.415441750956435,1.5805381383111019,632,0.22857515323151267,695,0.078575153231512651,0.24367154058617968,681,1.2253693621249977,541,1.0753693621249976,1.2404657494796645,522,1.8034193719799623,639,1.6534193719799624,1.8175897054539054,623
195,"[0, 5, 2, 3]",63.666666666666664,65.099999999999994,29.516546018614271,12.966666666666676,False,1.7112096028007435,334,1.5112096028007436,1.7312414095532311,304,0.59670598335917169,403,0.39670598335917173,0.6167377901116593,382,1.3711372139693061,223,1.1711372139693061,1.3911690207217937,197,2.0688751879067868,376,1.8688751879067866,2.0900956943499249,354
196,"[0, 5, 2, 4]",62.533333333333331,64.099999999999994,36.929937952430194,8.7333333333333343,False,1.7636966630557112,235,1.5636966630557112,1.7863879871192385,217,0.87159480162861702,207,0.67159480162861696,0.89428612569214438,187,1.3651702928385445,240,1.1651702928385446,1.3878616169020719,205,2.22715663599769,217,2.0271566359976898,2.2515137266872527,205
197,"[0, 5, 2, 5]",53,53.649999999999999,51.754136504653566,8.1333333333333329,False,1.6798503633487427,394,1.5298503633487428,1.6862122511224849,390,1.0921435381160645,110,0.94214353811606444,1.0985054258898066,106,0.98484002208710886,929,0.83484002208710884,0.99120190986085099,913,2.3102555925849333,172,2.1602555925849334,2.3090893717118885,173
198,"[0, 5, 3, 0]",59.799999999999997,59.75,9.1326266804550151,18.466666666666669,False,1.3835164196059084,947,1.2335164196059085,1.3758199376906264,952,-0.34250477998044093,1116,-0.49250477998044095,-0.3502012618957232,1119,1.043444030774471,862,0.89344403077447099,1.0357475488591887,868,1.4074266290074724,1054,1.2574266290074725,1.3899875919597844,1056
199,"[0, 5, 3, 1]",59.766666666666666,59.549999999999997,16.544725956566701,18.5,False,1.5070007400410492,766,1.3070007400410493,1.4961434620973124,785,0.0033425187380503041,851,-0.19665748126194971,-0.0075147592056865054,854,1.1669283512096118,659,0.96692835120961174,1.156071073265875,683,1.6434376889051323,831,1.4434376889051324,1.6217465519933252,847
200,"[0, 5, 3, 2]",58.299999999999997,58.299999999999997,23.958117890382628,19.066666666666663,False,1.553121077036254,680,1.3531210770362541,1.5465432042202818,691,0.27186461374773302,650,0.071864613747733008,0.2652867409317608,657,1.2130486882048166,567,1.0130486882048166,1.2064708153888444,584,1.793306349559131,658,1.5933063495591311,1.7767978610708903,679
201,"[0, 5, 3, 3]",58.866666666666667,58.850000000000001,31.370217166494314,17.633333333333333,False,1.5880654993389669,600,1.4380654993389668,1.5811072349560824,629,0.52917201433379624,455,0.37917201433379621,0.52221374995091174,459,1.2479931105075295,495,1.0979931105075293,1.241034846124645,520,1.9444604268432188,505,1.7944604268432187,1.927656990883718,512
202,"[0, 5, 3, 4]",59.766666666666666,60.549999999999997,38.783609100310237,11.5,False,1.7293895714784846,301,1.5293895714784846,1.7375196353068998,289,0.89289784448779153,184,0.69289784448779157,0.90102790831620672,181,1.2937897783037171,389,1.0937897783037172,1.3019198421321323,379,2.2040598782992364,237,2.0040598782992363,2.2078356344264787,236
203,"[0, 5, 3, 5]",46.899999999999999,46,53.607807652533609,10.233333333333334,False,1.5818760391738929,619,1.4318760391738929,1.5594957980443236,670,0.90148565654721247,177,0.75148565654721244,0.87910541541764298,203,0.84979227495465814,1017,0.69979227495465812,0.82741203382508866,1023,2.203030960517439,239,2.0530309605174391,2.1609970179910127,281
204,"[0, 5, 4, 0]",57.799999999999997,58.149999999999999,10.985005170630817,20.466666666666669,False,1.3638398649490924,975,1.2138398649490925,1.3639639757569411,965,-0.30660997993198313,1080,-0.45660997993198316,-0.30648586912413445,1080,1.023767476117655,892,0.87376747611765504,1.0238915869255036,882,1.403646695678872,1057,1.2536466956788721,1.3959373543901301,1051
205,"[0, 5, 4, 1]",57.700000000000003,58.600000000000001,18.397104446742503,19.766666666666666,False,1.4860508407322808,806,1.2860508407322808,1.4966292723155263,783,0.037963974134555933,820,-0.16203602586544408,0.048542405717801496,808,1.1459784519008434,704,0.9459784519008434,1.1565568834840889,681,1.6379751980891515,835,1.4379751980891515,1.6442497948990529,821
206,"[0, 5, 4, 2]",57.93333333333333,57.700000000000003,25.81049638055843,18.70000000000001,False,1.5646414663522736,655,1.3646414663522737,1.5536745840587489,679,0.3389563577690265,589,0.13895635776902648,0.32798947547550178,594,1.2245690775208362,543,1.0245690775208363,1.2136021952273115,571,1.8307490746713608,606,1.6307490746713609,1.8082145165402854,638
207,"[0, 5, 4, 3]",56.799999999999997,57.149999999999999,33.222595656670116,18.566666666666663,False,1.6171156000301985,534,1.4171156000301985,1.6173525388451822,540,0.61379346973030202,384,0.41379346973030195,0.61403040854528568,386,1.2770432111987611,431,1.0770432111987611,1.2772801500137447,439,1.9889979360272376,457,1.7889979360272377,1.9810600640101588,464
208,"[0, 5, 4, 4]",58.06666666666667,59,40.635987590486039,13.199999999999996,False,1.6654430677554548,425,1.5154430677554547,1.6766130404618225,418,0.88452269547003592,195,0.7345226954700359,0.89569266817640358,185,1.1927957047771716,608,1.0427957047771714,1.2039656774835392,588,2.15785145366385,292,2.0078514536638501,2.1650587415087768,272
209,"[0, 5, 4, 5]",46.166666666666664,47.200000000000003,55.460186142709411,1.3333333333333357,False,1.5863930329041738,603,1.4363930329041739,1.6008043930726639,578,0.81338372576870333,248,0.6633837257687033,0.82779508593719331,238,0.81726169888142308,1036,0.66726169888142306,0.83167305904991307,1020,2.2312196194490745,214,2.0812196194490746,2.2382540809306963,211
210,"[0, 5, 5, 0]",40.299999999999997,41.399999999999999,14.692347466390899,37.966666666666669,False,1.0166603167691721,1176,0.91666031676917203,1.0329994240309976,1162,-0.54256925923910104,1218,-0.64256925923910102,-0.52623015197727552,1209,0.67658792793773459,1121,0.57658792793773461,0.69292703519956012,1100,1.0054341112971088,1205,0.90543411129710871,1.0128256520417571,1198
211,"[0, 5, 5, 1]",40.43333333333333,41.600000000000001,22.104446742502585,37.033333333333339,False,1.1433279988341938,1122,0.99332799883419387,1.1609178851465449,1107,-0.19353859889072844,990,-0.34353859889072846,-0.17594871257837752,980,0.80325561000275647,1048,0.65325561000275645,0.82084549631510739,1030,1.2456515649132207,1134,1.0956515649132208,1.2547713692909173,1124
212,"[0, 5, 5, 2]",40.366666666666667,40.850000000000001,29.517838676318512,36.266666666666673,False,1.2161885735204008,1069,1.0661885735204009,1.2208112981555903,1064,0.10172373380995614,778,-0.048276266190043882,0.10634645844514545,774,0.87611618468896335,1000,0.72611618468896333,0.88073890932415266,995,1.4308539328022167,1033,1.2808539328022168,1.4225561248880072,1024
213,"[0, 5, 5, 3]",39.733333333333334,39.700000000000003,36.929937952430194,31.533333333333331,False,1.2782127920879693,1036,1.1282127920879692,1.2730968478787323,1036,0.38611093066087498,560,0.23611093066087496,0.38099498645163821,558,0.8796864218708027,998,0.72968642187080268,0.87457047766156593,998,1.6017219753134495,880,1.4517219753134494,1.5801215365344512,898
214,"[0, 5, 5, 4]",41.966666666666669,41.450000000000003,44.343329886246124,29.299999999999997,False,1.3950037572665361,931,1.245003757266536,1.3804586153181573,945,0.72530365385391982,301,0.57530365385391979,0.71075851190554118,310,0.84820954837305107,1021,0.69820954837305105,0.83366440642467243,1017,1.8449725765170837,593,1.6949725765170838,1.8115735247291642,630
215,"[0, 5, 5, 5]",36.100000000000001,35.25,59.167528438469496,0.13333333333333286,False,1.3811914134169532,951,1.2811914134169531,1.3609790818530496,966,0.42281499149347823,536,0.32281499149347825,0.40260265992957456,547,0.53791323347900055,1227,0.43791323347900057,0.51770090191509688,1234,2.0206121949102727,426,1.9206121949102726,1.9773834651697597,470
216,"[1, 0, 0, 0]",78,79.200000000000003,0.05558428128231644,0.53333333333333144,False,1.5903690855972037,592,1.4903690855972036,1.6043533111672537,571,-0.40796338596432713,1157,-0.50796338596432711,-0.39397916039427716,1149,1.2502966967657663,489,1.1502966967657662,1.2642809223358162,471,1.5879407697070886,893,1.4879407697070886,1.6064946082139451,867
217,"[1, 0, 0, 1]",78.266666666666666,79.299999999999997,7.4676835573940021,0.13333333333333997,False,1.6695834569661301,414,1.56958345696613,1.6803730381055857,410,-0.10638603631204999,940,-0.20638603631204999,-0.09559645517259438,931,1.3295110681346927,311,1.2295110681346926,1.3403006492741483,301,1.7815233382979625,678,1.6815233382979624,1.7958936361592004,653
218,"[1, 0, 0, 2]",77.733333333333334,78.5,14.881075491209927,0.53333333333333144,False,1.7835306190886695,213,1.6335306190886696,1.7893170840260231,216,0.22996288382496755,692,0.079962883824967523,0.23574934876232112,691,1.4434582302572321,106,1.2934582302572322,1.4492446951945857,113,2.0049478037752926,440,1.8549478037752924,2.0124050471043375,429
219,"[1, 0, 0, 3]",77,78.75,22.293174767321613,0.43333333333333712,False,1.8436448206783096,136,1.6936448206783097,1.8681849122301784,121,0.51244006369795791,470,0.36244006369795789,0.53698015524982645,449,1.5035724318468722,67,1.3535724318468723,1.5281125233987409,58,2.1732920100554538,273,2.0232920100554539,2.2056241090054503,240
220,"[1, 0, 0, 4]",76.566666666666663,77.599999999999994,29.70656670113754,0.066666666666677088,False,1.9095019997787777,67,1.7595019997787777,1.9204833885303625,65,0.8006990008129039,258,0.65069900081290388,0.81168038956448874,249,1.5694296109473402,28,1.4194296109473403,1.5804109996989251,26,2.3492403117638552,142,2.1992403117638553,2.3632221073869202,135
221,"[1, 0, 0, 5]",68.066666666666663,69.950000000000003,44.530765253360912,3.2000000000000028,False,1.8953925421770728,81,1.7453925421770726,1.9234722094956345,58,1.2313154997778999,73,1.0813154997779,1.259395167096462,66,1.3448496259412921,278,1.194849625941292,1.3729292932598538,237,2.5084189094055014,62,2.3584189094055015,2.5421050529208946,46
222,"[1, 0, 1, 0]",78.099999999999994,79.150000000000006,1.9092554291623578,0.43333333333333712,False,1.6108158140539326,545,1.5108158140539325,1.6219406555574465,526,-0.33190652307119695,1106,-0.43190652307119692,-0.32078168156768305,1092,1.2707434252224952,444,1.1707434252224951,1.2818682667260091,427,1.6371939839660103,836,1.5371939839660103,1.6519506415898433,809
223,"[1, 0, 1, 1]",78.13333333333334,79.299999999999997,9.3213547052740431,0.13333333333332575,False,1.6855734791410257,383,1.5855734791410256,1.6989097495843861,368,-0.034785879700753058,883,-0.13478587970075306,-0.021449609257392671,869,1.3455010903095883,276,1.2455010903095882,1.3588373607529487,262,1.8248876013510515,615,1.7248876013510515,1.842623014187051,587
224,"[1, 0, 1, 2]",77.466666666666669,78.799999999999997,16.73474663908997,0.79999999999999716,False,1.7969739519596604,195,1.6469739519596605,1.8135499980364691,176,0.29901635113235969,631,0.14901635113235967,0.31559239720916843,605,1.4569015631282229,91,1.306901563128223,1.4734776092050317,85,2.0449469518536199,403,1.8949469518536199,2.0667744930439031,383
225,"[1, 0, 1, 3]",76.86666666666666,78.549999999999997,24.146845915201656,0.5,False,1.8596348428532052,121,1.7096348428532051,1.8829241553545484,103,0.58404022030925462,415,0.4340402203092546,0.60732953281059776,396,1.5195624540217678,58,1.3695624540217677,1.542851766523111,48,2.2166562731085429,223,2.0666562731085429,2.2472601084254911,208
226,"[1, 0, 1, 4]",76.233333333333334,77.599999999999994,31.560237849017579,0.1666666666666714,False,1.9216719879978159,50,1.771671987997816,1.9390201000091629,42,0.86847912346834333,211,0.71847912346834331,0.88582723547969033,196,1.5815995991663785,19,1.4315995991663786,1.5989477111777255,9,2.387556902354802,122,2.2375569023548021,2.409951485414771,107
227,"[1, 0, 1, 5]",67.733333333333334,69.299999999999997,46.384436401240954,3.5333333333333314,False,1.9075625303961106,70,1.7575625303961107,1.9296671488225359,52,1.2990956224333394,51,1.1490956224333393,1.3212002408597647,40,1.319946191202729,334,1.1699461912027291,1.3420508096291544,292,2.5467354999964482,44,2.3967354999964483,2.5722809504733632,35
228,"[1, 0, 2, 0]",76.266666666666666,77.25,3.7616339193381592,2.2666666666666657,False,1.6443226210269981,475,1.4943226210269982,1.6543884910921158,463,-0.24282836139285713,1028,-0.39282836139285715,-0.23276249132773941,1016,1.3042502321955607,367,1.1542502321955608,1.3143161022606784,361,1.6876204443558622,777,1.5376204443558623,1.700260336108474,756
229,"[1, 0, 2, 1]",76.5,77.150000000000006,11.173733195449845,1.7666666666666657,False,1.7229003200699484,315,1.5729003200699485,1.7266107496760177,312,0.058112315933443681,806,-0.091887684066556341,0.061822745539512725,800,1.382827931238511,205,1.2328279312385111,1.3865383608445803,208,1.8803617342030456,558,1.7303617342030457,1.8845659854459198,549
230,"[1, 0, 2, 2]",75.766666666666666,77.299999999999997,18.587125129265772,1.7000000000000028,False,1.7830274482366306,214,1.6330274482366305,1.8035927702799994,198,0.34064120211460358,586,0.19064120211460356,0.36120652415797261,572,1.4429550594051932,107,1.2929550594051931,1.463520381448562,98,2.0487385272182337,393,1.8987385272182336,2.0752709447781537,372
231,"[1, 0, 2, 3]",75.599999999999994,77.700000000000003,25.999224405377458,1.0333333333333456,False,1.9039650793678662,76,1.7039650793678662,1.9353086997499771,46,0.68394181152918998,329,0.48394181152919002,0.7152854319113009,306,1.5638926905364288,32,1.3638926905364288,1.5952363109185397,12,2.2813844721411316,190,2.0813844721411314,2.322310040635124,164
232,"[1, 0, 2, 4]",75.36666666666666,75.950000000000003,33.412616339193384,0,False,1.9736422924241919,12,1.7736422924241919,1.9762147709868705,13,0.97602078259999336,147,0.77602078259999341,0.97859326116267198,147,1.6335699035927544,2,1.4335699035927545,1.6361423821554331,3,2.4623804463116756,83,2.2623804463116755,2.4646279031931648,82
233,"[1, 0, 2, 5]",70.099999999999994,70.200000000000003,48.236814891416756,1.1666666666666714,False,2.0212900504421811,2,1.821290050442181,2.0152795413192308,2,1.4683944971846836,4,1.2683944971846837,1.4623839880617335,5,1.3966261414452832,176,1.1966261414452832,1.3906156323223331,198,2.703163082091292,4,2.5031630820912918,2.6918979455013323,3
234,"[1, 0, 3, 0]",73.166666666666671,73.799999999999997,5.615305067218201,5.36666666666666,False,1.6036488061900087,564,1.4536488061900088,1.6074188734569921,558,-0.22789204179344502,1015,-0.37789204179344504,-0.22412197452646188,1008,1.2635764173585713,464,1.1135764173585714,1.2673464846255547,459,1.6561108992205051,814,1.5061108992205052,1.6591289331516048,797
235,"[1, 0, 3, 1]",72.933333333333337,73.450000000000003,13.027404343329886,5.3333333333333286,False,1.6733130926692925,407,1.5233130926692924,1.6748942965978562,422,0.064135222969188832,802,-0.08586477703081119,0.065716426897752478,799,1.3332407038378546,300,1.1832407038378547,1.3348219077664183,311,1.8370742866560228,600,1.6870742866560227,1.8370678592292884,598
236,"[1, 0, 3, 2]",72.5,72.450000000000003,20.440796277145811,4.9666666666666686,False,1.7891702717697602,208,1.5891702717697602,1.7800408741638631,226,0.40239416008413459,549,0.20239416008413458,0.39326476247823755,552,1.4490978829383228,101,1.2490978829383228,1.4399684853324257,120,2.0630225883644244,382,1.8630225883644242,2.048485891566616,395
237,"[1, 0, 3, 3]",72.233333333333334,72.75,27.852895553257497,4.4000000000000057,False,1.8081978859230672,177,1.6581978859230673,1.8098580694566255,183,0.64378475252079215,360,0.49378475252079213,0.64544493605435049,355,1.4681254970916298,83,1.3181254970916298,1.4697856806251881,88,2.1931446970562511,248,2.0431446970562512,2.1929782981196806,250
238,"[1, 0, 3, 4]",73.433333333333337,73.599999999999994,35.26628748707342,0.53333333333333144,False,1.9552520089963707,21,1.7552520089963708,1.9501312293011137,29,1.0132406336085735,132,0.81324063360857346,1.0081198539133165,136,1.5899986480863399,11,1.38999864808634,1.5848778683910829,20,2.460315657205483,84,2.2603156572054828,2.4515100825792495,88
239,"[1, 0, 3, 5]",62.399999999999999,62.149999999999999,50.090486039296792,2.1333333333333329,False,1.8927554546204719,82,1.6927554546204719,1.8809681515322081,106,1.3882311526556323,17,1.1882311526556324,1.3764438495673685,21,1.2310181226659735,532,1.0310181226659736,1.2192308195777097,561,2.5555570703266581,36,2.355557070326658,2.5336188345648365,50
240,"[1, 0, 4, 0]",68.799999999999997,70.200000000000003,7.4676835573940021,9.6000000000000085,False,1.5387685163888807,705,1.3887685163888805,1.5575882279790032,674,-0.23720097688929942,1024,-0.38720097688929944,-0.21838126529917667,1001,1.1986961275574433,596,1.0486961275574431,1.2175158391475658,566,1.5926001750898857,886,1.4426001750898858,1.6141449095038523,856
241,"[1, 0, 4, 1]",68.266666666666666,69.650000000000006,14.879782833505688,10,False,1.6027027519343777,566,1.4527027519343776,1.6212661827654369,529,0.049096236939548121,812,-0.1009037630604519,0.067659667770607279,797,1.2626303631029403,466,1.1126303631029402,1.2811937939339995,429,1.7659920538321896,695,1.6159920538321897,1.7869904569737258,664
242,"[1, 0, 4, 2]",69.033333333333331,70.349999999999994,22.293174767321613,8.4000000000000057,False,1.7414801347699904,280,1.5414801347699905,1.7586912413441023,252,0.41027537778963868,541,0.21027537778963867,0.42748648436375053,533,1.401407745938553,164,1.201407745938553,1.4186188525126648,145,2.0222263903134459,424,1.8222263903134457,2.0417022074774365,399
243,"[1, 0, 4, 3]",65.666666666666671,67.200000000000003,29.705274043433299,10.966666666666669,False,1.7512972226075081,256,1.5512972226075081,1.7730021075229405,234,0.64245544391050702,361,0.44245544391050706,0.66416032882593945,341,1.4112248337760707,147,1.2112248337760707,1.4329297186915031,130,2.1241095758420654,326,1.9241095758420652,2.1483338330457822,297
244,"[1, 0, 4, 4]",68.933333333333337,70.799999999999997,37.118665977249222,2.3333333333333286,False,1.8378250298913379,144,1.6878250298913378,1.8654904572408468,125,0.95138500920881441,155,0.80138500920881439,0.97905043655832336,146,1.4355240991777909,114,1.2855240991777908,1.4631895265272998,100,2.3434398181001019,149,2.193439818100102,2.3768995733627358,129
245,"[1, 0, 4, 5]",58.866666666666667,59.950000000000003,51.942864529472594,2.2666666666666657,False,1.8437919729687497,135,1.6437919729687498,1.8577197845352325,130,1.2466487464951199,69,1.04664874649512,1.2605765580616026,65,1.1450070712107352,708,0.94500707121073524,1.1589348827772179,680,2.5130783147882996,60,2.3130783147882994,2.5242884611717527,54
246,"[1, 0, 5, 0]",55.133333333333333,55.799999999999997,11.175025853154084,23.133333333333333,False,1.3148062856962266,1014,1.1648062856962267,1.3212439294176166,999,-0.34994293870915094,1121,-0.49994293870915096,-0.34350529498776095,1114,0.97473389686478928,935,0.82473389686478926,0.98117154058617928,923,1.3411346462325193,1099,1.1911346462325194,1.3408804057972445,1085
247,"[1, 0, 5, 1]",55.033333333333331,55.75,18.587125129265772,22.433333333333337,False,1.3870172614794147,943,1.2370172614794148,1.3944155550901263,929,-0.055368984642612085,901,-0.20536898464261211,-0.04797069103190077,895,1.0469448726479773,856,0.8969448726479774,1.0543431662586888,849,1.5254631486427987,958,1.3754631486427988,1.5264593997866429,946
248,"[1, 0, 5, 2]",54.899999999999999,55.299999999999997,26.000517063081695,21.733333333333341,False,1.5086044915136692,763,1.3086044915136692,1.5100051706308169,758,0.28862000340611987,636,0.088620003406119863,0.29002068252326757,634,1.1685321026822317,657,0.96853210268223167,1.1699327817993794,657,1.7589829590444139,699,1.558982959044414,1.7518842232954472,702
249,"[1, 0, 5, 3]",53.100000000000001,52.850000000000001,33.412616339193384,22.266666666666659,False,1.5483451786720697,690,1.3483451786720697,1.5376071760501617,707,0.55072366884787116,436,0.35072366884787121,0.53998566622596322,445,1.2082727898406322,578,1.0082727898406323,1.1975347872187243,601,1.9004062455264823,544,1.7004062455264823,1.8763426739911269,557
250,"[1, 0, 5, 4]",53.033333333333331,53.399999999999999,40.826008273009307,18.233333333333334,False,1.6212057533582764,522,1.4212057533582765,1.6221841333630043,525,0.84598600154855563,223,0.64598600154855568,0.84696438155328346,225,1.1447579767295277,709,0.94475797672952777,1.1457363567342556,700,2.0856086134154781,361,1.8856086134154781,2.077234390538981,369
251,"[1, 0, 5, 5]",44.366666666666667,44.549999999999997,55.650206825232679,3.1333333333333329,False,1.5539129341266902,677,1.4039129341266903,1.5523881442016938,682,0.77140259286505619,274,0.62140259286505617,0.76987780294006003,277,0.78098118645347403,1057,0.63098118645347401,0.77945639652847787,1055,2.1905808173386725,251,2.0405808173386726,2.175557064426096,263
252,"[1, 1, 0, 0]",77.599999999999994,79.25,0.65020682523267836,0.93333333333333712,False,1.5886752431249924,599,1.4886752431249923,1.6112489036953648,552,-0.39181855211802719,1145,-0.49181855211802716,-0.36924489154765483,1132,1.248602854293555,493,1.1486028542935549,1.2711765148639276,450,1.5928353228949454,885,1.4928353228949454,1.6227578509780392,846
253,"[1, 1, 0, 1]",77.86666666666666,79.349999999999994,8.0623061013443635,0.40000000000000568,False,1.667889614493919,416,1.5678896144939189,1.6872686306336968,389,-0.090241202465750264,928,-0.19024120246575027,-0.070862186325972271,915,1.3278172256624816,313,1.2278172256624815,1.3471962418022594,280,1.7864178914858189,669,1.6864178914858188,1.8121568789232942,629
254,"[1, 1, 0, 2]",77.766666666666666,78.700000000000003,15.47569803516029,0.5,False,1.7901135168541495,206,1.6401135168541496,1.7990607778199577,205,0.25438445790895836,668,0.10438445790895834,0.26333171887476625,659,1.4500411280227121,99,1.3000411280227122,1.4589883889885202,105,2.0207789806311247,425,1.8707789806311248,2.0324883238242895,408
255,"[1, 1, 0, 3]",77.200000000000003,79.099999999999994,22.887797311271974,0.23333333333333428,False,1.8534110800736707,129,1.7034110800736706,1.8807767072899351,107,0.54004499941182982,445,0.3900449994118298,0.56741062662809416,428,1.5133386912422333,63,1.3633386912422332,1.5407043184584976,49,2.1933295806297379,247,2.043329580629738,2.2295274196812591,215
256,"[1, 1, 0, 4]",76.433333333333337,78.049999999999997,30.301189245087901,0.066666666666662877,False,1.9129015359143766,61,1.7629015359143767,1.9349739177673344,47,0.82193721326701363,242,0.67193721326701361,0.84400959511997165,229,1.5728291470829392,26,1.4228291470829393,1.5949015289358974,13,2.3608650949012358,138,2.2108650949012358,2.3896721073666343,120
257,"[1, 1, 0, 5]",68.5,70.700000000000003,45.125387797311269,2.7666666666666657,False,1.9096155078542671,66,1.7596155078542672,1.943658941264252,32,1.2633771417736051,64,1.1133771417736051,1.2974205751835899,55,1.347180140739479,269,1.1971801407394791,1.3812235741494638,221,2.5343454311856188,48,2.3843454311856189,2.5761951208123235,32
258,"[1, 1, 1, 0]",77.766666666666666,79.549999999999997,2.5038779731127199,0.76666666666666572,False,1.6103953162336739,546,1.5103953162336738,1.6354818177058108,499,-0.31448834457294439,1090,-0.41448834457294437,-0.28940184310080752,1054,1.2703229274022365,445,1.1703229274022364,1.2954094288743734,400,1.6437710946412485,830,1.5437710946412484,1.6771272969176048,782
259,"[1, 1, 1, 1]",77.733333333333334,79.299999999999997,9.9159772492244063,0.53333333333333144,False,1.6338796366688146,495,1.5838796366688146,1.6548559750238898,460,-0.068641045854453339,915,-0.11864104585445334,-0.047664707499378164,893,1.293807247837377,388,1.243807247837377,1.3147835861924522,358,1.7797821545389083,682,1.7297821545389083,1.8076129122991929,639
260,"[1, 1, 1, 2]",77.63333333333334,78.950000000000003,17.329369183040331,0.63333333333332575,False,1.7561035390290454,250,1.6561035390290453,1.7723443247417958,235,0.27598461452025502,647,0.17598461452025504,0.29222540023300547,633,1.4160311501976079,142,1.3160311501976079,1.4322719359103584,131,2.0141432436842139,432,1.9141432436842138,2.0355844251119026,404
261,"[1, 1, 1, 3]",77.200000000000003,78.299999999999997,24.741468459152017,0.16666666666665719,False,1.8219477915524711,162,1.721947791552471,1.8341235453510139,156,0.56419184532703148,424,0.4641918453270315,0.57636759912557423,422,1.4818754027210337,76,1.3818754027210336,1.4940511565195764,74,2.1900589586575889,252,2.0900589586575888,2.205883283277871,239
262,"[1, 1, 1, 4]",76.233333333333334,77.599999999999994,32.15486039296794,0.066666666666662877,False,1.8776182134373198,96,1.7776182134373197,1.8949663254486668,87,0.84226402522635779,225,0.74226402522635782,0.8596121372377048,216,1.5375458246058822,43,1.4375458246058821,1.5548939366172292,35,2.3525468004669441,140,2.252546800466944,2.3749413835269126,130
263,"[1, 1, 1, 5]",67.933333333333337,69.849999999999994,46.979058945191312,3.3333333333333286,False,1.8673287897914721,110,1.767328789791472,1.8960564122367234,84,1.2767005581472113,57,1.1767005581472112,1.3054281805924626,50,1.2678199997190831,450,1.167819999719083,1.2965476221643344,395,2.516773070570733,56,2.4167730705707329,2.5512776397569823,44
264,"[1, 1, 2, 0]",75.63333333333334,76.950000000000003,4.3562564632885215,2.8999999999999915,False,1.6381720722729534,484,1.4881720722729532,1.654638513999974,461,-0.23114023382839111,1019,-0.38114023382839113,-0.2146737921013705,1000,1.2980996834415159,377,1.1480996834415158,1.3145661251685365,359,1.6866260463378864,780,1.5366260463378865,1.7076101663089012,746
265,"[1, 1, 2, 1]",76.299999999999997,77.049999999999997,11.768355739400207,1.9666666666666686,False,1.6750265115535947,403,1.5750265115535946,1.680658240938306,408,0.02807718373560078,826,-0.071922816264399225,0.033708913120312017,822,1.3349541227221573,296,1.2349541227221572,1.3405858521068685,299,1.8403039598530453,598,1.7403039598530452,1.8470091942541564,582
266,"[1, 1, 2, 2]",75.533333333333331,76.799999999999997,19.181747673216133,1.9333333333333371,False,1.7345169673943008,292,1.6345169673943007,1.7500453248334273,272,0.30996939759078457,617,0.20996939759078459,0.32549775502991107,598,1.3944445785628634,180,1.2944445785628633,1.4099729360019899,162,2.0078394741245424,438,1.9078394741245424,2.027527396370771,414
267,"[1, 1, 2, 3]",74.933333333333337,77.549999999999997,26.593846949327819,1.7000000000000028,False,1.8471778582878455,134,1.6971778582878456,1.888406823923658,95,0.6449932667676801,358,0.49499326676768007,0.68622223240349256,329,1.5071054694564081,66,1.3571054694564082,1.5483344350922206,42,2.2295487953794653,215,2.0795487953794654,2.2834799047914078,183
268,"[1, 1, 2, 4]",74.86666666666666,75.75,34.007238883143742,0,False,1.9200384329740521,51,1.7700384329740519,1.9283635280719436,54,0.94025559946836423,160,0.79025559946836421,0.94858069456625593,159,1.5799660441426147,20,1.4299660441426145,1.5882911392405061,18,2.4147511632684613,101,2.2647511632684614,2.424524422697496,101
269,"[1, 1, 2, 5]",70.433333333333337,70.549999999999997,48.831437435367114,0.8333333333333286,False,1.9836029991414472,7,1.8336029991414471,1.9778713363789877,12,1.4485461222024605,7,1.2985461222024606,1.442814459440001,7,1.3470466392655425,270,1.1970466392655423,1.341314976503083,295,2.6765657676403376,5,2.5265657676403377,2.6658012561771409,7
270,"[1, 1, 3, 0]",73.200000000000003,73.349999999999994,6.2099276111685624,5.3333333333333286,False,1.6102317039554888,549,1.4602317039554886,1.6048207950990272,568,-0.20347046770945465,999,-0.35347046770945467,-0.20888137656591599,997,1.2701593151240513,447,1.1201593151240512,1.2647484062675898,468,1.6719420760763373,798,1.5219420760763374,1.6626587293961745,794
271,"[1, 1, 3, 1]",73.200000000000003,73.299999999999997,13.622026887280247,5.0666666666666629,False,1.6343526967166055,493,1.5343526967166055,1.6279924207715366,515,0.043013503335012887,813,-0.056986496664987119,0.036653227389943949,820,1.2942803078851681,385,1.194280307885168,1.2879200319400992,417,1.808794414717688,632,1.7087944147176879,1.7982377233855726,650
272,"[1, 1, 3, 2]",72.666666666666671,72.25,21.035418821096172,4.7999999999999972,False,1.748299858839145,259,1.598299858839145,1.7321896312489362,299,0.3793624234720302,565,0.22936242347203017,0.36325219588182145,570,1.4082274700077075,150,1.2582274700077076,1.3921172424174988,193,2.0322188801950181,412,1.8822188801950182,2.0083824110709476,436
273,"[1, 1, 3, 3]",72.166666666666671,72.900000000000006,28.447518097207858,4.4666666666666686,False,1.7628707667106189,237,1.6628707667106188,1.768652396161952,239,0.61629630962685444,380,0.51629630962685447,0.62207793907818776,378,1.4227983778791815,129,1.3227983778791814,1.4285800073305146,132,2.1564520376810123,295,2.0564520376810123,2.1617882301876805,278
274,"[1, 1, 3, 4]",72.86666666666666,73.200000000000003,35.860910031023785,1.1000000000000085,False,1.9003748048942786,79,1.7503748048942784,1.898482518031757,82,0.97620210582499201,146,0.82620210582499198,0.97430981896247049,150,1.5232289931052403,55,1.3732289931052402,1.5213367062427188,63,2.4110038166748873,105,2.2610038166748874,2.4063132234757716,110
275,"[1, 1, 3, 5]",62.766666666666666,62.600000000000001,50.685108583247157,1.7666666666666657,False,1.8557050756457145,127,1.7057050756457146,1.8454586807691804,144,1.3214496464833565,37,1.1714496464833566,1.3112032516068228,44,1.1820752928122089,632,1.0320752928122088,1.1718288979356748,652,2.5298010346193944,50,2.3798010346193945,2.5100688345445508,61
276,"[1, 1, 4, 0]",69,70.950000000000003,8.0623061013443635,9.2666666666666657,False,1.5485347757842414,688,1.3985347757842415,1.5777749597476207,633,-0.20959604117542752,1004,-0.35959604117542754,-0.18035585721204817,982,1.2084623869528039,577,1.058462386952804,1.2377025709161833,524,1.6126377456641703,861,1.4626377456641702,1.6482349773952811,816
277,"[1, 1, 4, 1]",68.966666666666669,70.650000000000006,15.474405377456049,9.2999999999999972,False,1.5720190962193825,641,1.4720190962193824,1.5961997499770926,589,0.036251257543063936,823,-0.063748742456936069,0.060431911300773994,802,1.2319467073879451,530,1.131946707387945,1.2561273611456552,489,1.7486488055618303,712,1.6486488055618302,1.7774472481249166,678
278,"[1, 1, 4, 2]",69.63333333333334,70.5,22.887797311271974,7.7999999999999972,False,1.7088864620770665,343,1.5588864620770664,1.7174855680494288,336,0.39552038141522561,552,0.24552038141522559,0.40411948738758785,545,1.3688140732456291,234,1.218814073245629,1.3774131792179913,231,2.0023593058120155,443,1.8523593058120154,2.010512139545436,433
279,"[1, 1, 4, 3]",65.766666666666666,67.900000000000006,30.29989658738366,10.733333333333334,False,1.70915346502494,342,1.5591534650249401,1.7422394722029506,280,0.61815036264644996,377,0.46815036264644994,0.65123636982446031,351,1.3690810761935026,233,1.2190810761935027,1.4021670833715132,173,2.0916233101852781,354,1.9416233101852782,2.1311505562852586,318
280,"[1, 1, 4, 4]",69.599999999999994,70.900000000000006,37.713288521199587,1.6666666666666714,False,1.8065047018503659,183,1.7065047018503658,1.8233354168575657,169,0.93790335748635334,162,0.83790335748635336,0.95473407249355313,155,1.3923113202578115,185,1.2923113202578114,1.4091420352650113,164,2.3252552910860516,164,2.2252552910860515,2.3444361607787831,149
281,"[1, 1, 4, 5]",59.399999999999999,60.799999999999997,52.537487073422959,1.7333333333333343,False,1.809924955623873,174,1.6599249556238731,1.8298052504810651,162,1.1830506019527252,86,1.0330506019527252,1.2029308968099168,84,1.0992476029868512,781,0.94924760298685129,1.1191278978440433,747,2.4915286727994874,68,2.3415286727994875,2.510925218367086,60
282,"[1, 1, 5, 0]",55.899999999999999,56.299999999999997,11.769648397104447,22.366666666666667,False,1.3353959746331836,1000,1.1853959746331837,1.3366838257431963,990,-0.31151457345368272,1086,-0.46151457345368274,-0.31022672234367021,1083,0.9953235858017464,917,0.84532358580174638,0.99661143691175891,910,1.3754739554495408,1074,1.2254739554495409,1.3686037504289112,1068
283,"[1, 1, 5, 1]",56.06666666666667,56.5,19.181747673216133,21.399999999999999,False,1.3627003290241819,976,1.2627003290241818,1.3646022868587437,963,-0.061847240779334317,909,-0.16184724077933432,-0.059945282944772499,905,1.0226279401927443,893,0.9226279401927443,1.0245298980273061,879,1.5165326878093435,966,1.4165326878093434,1.5105494676780713,957
284,"[1, 1, 5, 2]",55.700000000000003,56.100000000000001,26.595139607032056,20.933333333333337,False,1.4798308527766024,817,1.3298308527766025,1.4811412694880421,805,0.27768504098756419,646,0.12768504098756417,0.27899545769900369,648,1.139758463945165,719,0.98975846394516509,1.1410688806566047,707,1.7441635470051255,719,1.5941635470051256,1.7372476358388282,715
285,"[1, 1, 5, 3]",53.466666666666669,53.149999999999999,34.007238883143742,21.399999999999991,False,1.5112947996973118,759,1.3612947996973117,1.499249604021311,779,0.531511966191624,454,0.38151196619162397,0.51946677051562318,463,1.1712224108658744,653,1.0212224108658743,1.1591772151898736,679,1.8746502098192184,565,1.7246502098192185,1.8489726400149835,580
286,"[1, 1, 5, 4]",53.5,54.299999999999997,41.420630816959672,17.766666666666666,False,1.5860653913614473,604,1.4360653913614474,1.5952189663974448,592,0.8286843158702375,234,0.67868431587023748,0.83783789090623495,231,1.0977251638536913,783,0.94772516385369132,1.1068787388896888,763,2.0623764139392859,383,1.9123764139392858,2.065144492386267,385
287,"[1, 1, 5, 5]",45.133333333333333,45.100000000000001,56.244829369183037,2.3666666666666671,False,1.5245026230636471,733,1.4245026230636471,1.5187774076158811,737,0.71226115460449513,308,0.61226115460449515,0.7065359391567293,313,0.73967842451142374,1085,0.63967842451142376,0.7339532090636578,1074,2.1749201265556937,266,2.0749201265556936,2.154553753709715,289
288,"[1, 2, 0, 0]",77.700000000000003,77.799999999999997,1.2474146845915202,0.8333333333333286,False,1.6465573386965096,471,1.4965573386965096,1.639689336719333,487,-0.31602022076574487,1092,-0.4660202207657449,-0.32288822274292162,1093,1.3064849498650721,363,1.1564849498650722,1.2996169478878952,388,1.6604142307082115,806,1.5104142307082113,1.6508859276536123,812
289,"[1, 2, 0, 1]",77.933333333333337,77.849999999999994,8.6595139607032063,0.3333333333333286,False,1.7251350377394603,310,1.5751350377394602,1.7147596965690575,342,-0.015079543439443621,865,-0.16507954343944364,-0.025454884609846462,873,1.3850626489080229,198,1.2350626489080228,1.37468730773762,236,1.8531555205553949,587,1.7031555205553948,1.839011610946915,595
290,"[1, 2, 0, 2]",77.799999999999997,77.549999999999997,16.072905894519131,0.46666666666666856,False,1.7967222677737142,196,1.6467222677737141,1.783197413375571,222,0.27890944460928802,641,0.12890944460928799,0.26538459021114502,656,1.4566498789422768,92,1.3066498789422767,1.4431250245441336,117,2.0366753309570096,408,1.8866753309570095,2.0182564684115771,424
291,"[1, 2, 0, 3]",77.266666666666666,78.349999999999994,23.485005170630817,0.099999999999994316,False,1.9106565033192113,65,1.7106565033192114,1.9225082795544093,61,0.61520665843813593,381,0.41520665843813598,0.62705843467333389,373,1.5705841144877739,27,1.370584114487774,1.5824358907229719,23,2.2600672096993137,199,2.0600672096993136,2.2754823214841671,190
292,"[1, 2, 0, 4]",76.5,77.400000000000006,30.898397104446744,0,False,1.9701469591599174,16,1.7701469591599175,1.9786042242090247,11,0.89709887229331975,179,0.69709887229331968,0.90555613734242701,179,1.63007457032848,4,1.4300745703284801,1.6385318353775873,2,2.4276027239708111,96,2.2276027239708109,2.438173698473447,94
293,"[1, 2, 0, 5]",69.033333333333331,70.349999999999994,45.722595656670116,2.2333333333333343,False,1.9757743436634754,11,1.7757743436634754,1.9929854502375872,7,1.3474522133635789,31,1.1474522133635789,1.3646633199376907,27,1.4013948193615104,165,1.2013948193615105,1.4186059259356223,146,2.61286096266686,18,2.4128609626668598,2.632336779830851,13
294,"[1, 2, 1, 0]",77.400000000000006,78.049999999999997,3.1010858324715613,1.1333333333333258,False,1.6593639992415237,442,1.5093639992415238,1.6629728836411712,444,-0.24760342578432926,1034,-0.39760342578432928,-0.24399454138468191,1026,1.3192916104100862,336,1.1692916104100863,1.3229004948097338,338,1.6995721000428485,762,1.5495721000428484,1.7039820289412253,751
295,"[1, 2, 1, 1]",77.799999999999997,78,10.513185108583247,0.46666666666666856,False,1.6911250599143555,373,1.5911250599143554,1.6861445093136809,391,0.0065206131718526239,848,-0.093479386828147382,0.0015400625711780302,845,1.351052671082918,263,1.251052671082918,1.3460721204822435,281,1.8465197836084837,591,1.7465197836084836,1.8395610229306234,594
296,"[1, 2, 1, 2]",77.799999999999997,77.799999999999997,17.926577042399174,0,False,1.7652589792525146,234,1.6652589792525145,1.7564809602974094,255,0.30305629052448968,626,0.2030562905244897,0.29427827156938446,628,1.4251865904210772,127,1.3251865904210771,1.416408571465972,148,2.0334047089848606,411,1.9334047089848605,2.0213525696991903,418
297,"[1, 2, 1, 3]",77.233333333333334,78.200000000000003,25.33867631851086,0,False,1.8785565424720359,95,1.7285565424720357,1.8881968897673871,97,0.63871683202736151,362,0.48871683202736149,0.64835717932271297,353,1.5384841536405984,42,1.3884841536405983,1.5481245009359497,44,2.2559553089834741,202,2.1059553089834742,2.2683916655561607,194
298,"[1, 2, 1, 4]",76.13333333333334,77.200000000000003,32.752068252326787,0,False,1.9316802750529796,38,1.7816802750529797,1.9433434673333947,33,0.91424232262278315,174,0.76424232262278313,0.92590551490319806,168,1.5916078862215421,8,1.4416078862215422,1.6032710785019573,8,2.4150780358180675,100,2.2650780358180675,2.429809697893488,97
299,"[1, 2, 1, 5]",68.666666666666671,70.049999999999997,47.576266804550158,2.5999999999999943,False,1.9373076595565375,34,1.7873076595565374,1.9558259591847422,23,1.3645956636930423,26,1.2145956636930422,1.383113963321247,18,1.3258547122969717,319,1.1758547122969716,1.3443730119251764,285,2.6003362745141163,20,2.4503362745141164,2.6214260899469868,16
300,"[1, 2, 2, 0]",74.700000000000003,74.900000000000006,4.9534643226473634,3.8333333333333286,False,1.6263173257392074,509,1.4763173257392073,1.621686541960651,527,-0.22507874458137189,1014,-0.37507874458137191,-0.22970952835992831,1014,1.28624493690777,409,1.1362449369077698,1.2816141531292136,428,1.6781253130967495,790,1.5281253130967496,1.6704581071610449,786
301,"[1, 2, 2, 1]",75,75.25,12.365563598759049,3.2666666666666657,False,1.6561683694341101,452,1.55616836943411,1.6524531043420208,466,0.027135277396881513,828,-0.072864722603118492,0.023420012304792209,829,1.3160959806026726,347,1.2160959806026725,1.3123807155105833,364,1.8225491604313135,619,1.7225491604313135,1.8162238583660626,624
302,"[1, 2, 2, 2]",75,75.150000000000006,19.778955532574972,2.4666666666666686,False,1.7303022887722694,299,1.6303022887722693,1.7246882895029652,316,0.32367095474951835,603,0.22367095474951837,0.31805695548021407,603,1.3902298999408318,188,1.2902298999408317,1.3846159006715277,211,2.0094340858076905,437,1.9094340858076904,2.0005620944385343,443
303,"[1, 2, 2, 3]",74.900000000000006,76.25,27.191054808686658,1.7333333333333343,False,1.8525132645554576,131,1.7025132645554577,1.8696953582134488,119,0.66824490881605736,338,0.51824490881605734,0.68542700247404853,331,1.5124408757240202,64,1.3624408757240203,1.5296229693820114,57,2.2437625882179693,207,2.0937625882179693,2.2654280154228386,197
304,"[1, 2, 2, 4]",74,74.849999999999994,34.604446742502589,0,False,1.9094570310922583,68,1.7594570310922584,1.9172469990705951,68,0.94759043336733606,158,0.79759043336733604,0.95538040134567292,154,1.5574404850736441,34,1.4074404850736442,1.5652304530519809,32,2.4079329875147053,109,2.2579329875147054,2.4166592905445463,105
305,"[1, 2, 2, 5]",71.233333333333334,71,49.428645294725953,0,False,2.0048552135584647,4,1.8548552135584648,1.9923877187700443,8,1.4877145724002436,2,1.3377145724002435,1.4752470776118232,2,1.3563546964953832,254,1.2063546964953833,1.3438872017069627,287,2.711811529071102,2,2.5618115290711021,2.6923164296269078,2
306,"[1, 2, 3, 0]",73.099999999999994,73.349999999999994,6.8071354705274043,5.4333333333333371,False,1.6642937655711483,429,1.4642937655711483,1.6607928736926156,449,-0.13149217031302957,955,-0.33149217031302958,-0.13499306219156221,960,1.3242213767397109,324,1.1242213767397109,1.3207204848611782,345,1.7344733114274606,727,1.5344733114274607,1.727713800978369,723
307,"[1, 2, 3, 1]",73,73.900000000000006,14.21923474663909,5.2666666666666657,False,1.6865047413543368,380,1.5365047413543367,1.6953569044284165,373,0.1130817837535093,769,-0.03691821624649072,0.12193394682758896,765,1.3464323525228994,272,1.1964323525228993,1.355284515596979,266,1.8688018138377398,572,1.7188018138377399,1.8785729307911967,555
308,"[1, 2, 3, 2]",73.033333333333331,72.25,21.632626680455015,4.4333333333333371,False,1.7612753330184723,242,1.6112753330184721,1.738161709842525,287,0.41025413343212247,542,0.26025413343212245,0.38714051025617524,556,1.4212029441870349,133,1.2712029441870347,1.3980893210110876,182,2.0565280179578069,386,1.906528017957807,2.0234374826531423,416
309,"[1, 2, 3, 3]",72.36666666666666,73.25,29.044725956566701,4.2666666666666799,False,1.8226628792600641,160,1.6726628792600642,1.8312700443757937,159,0.69400465795706512,320,0.5440046579570651,0.70261182307279446,317,1.4825904904286267,75,1.3325904904286268,1.4911976555443562,78,2.226554781725349,218,2.0765547817253491,2.2357567143335415,213
310,"[1, 2, 3, 4]",73.766666666666666,73.200000000000003,36.458117890382624,0,False,1.9735370362892253,13,1.7735370362892253,1.9544545966253453,26,1.067280573000704,118,0.86728057300070405,1.048198133336824,123,1.5844470673130102,16,1.3844470673130103,1.5653646276491302,31,2.4987734143367231,65,2.2987734143367229,2.4713682950579665,77
311,"[1, 2, 3, 5]",63.93333333333333,64.599999999999994,51.282316442605996,0,False,1.9339606856484706,36,1.7339606856484706,1.9394054429070724,40,1.3698448635181708,24,1.1698448635181709,1.3752896207767726,22,1.2483867456277882,494,1.0483867456277882,1.25383150288639,494,2.6243008622307533,16,2.4243008622307531,2.6260576922048435,14
312,"[1, 2, 4, 0]",69.13333333333334,70.700000000000003,8.6595139607032063,9.1333333333333258,False,1.6070535436817353,555,1.4070535436817353,1.6290002028981714,514,-0.13316103749716851,956,-0.33316103749716852,-0.11121437828073238,941,1.2669811548502978,454,1.0669811548502979,1.288927814066734,416,1.6810579322211265,787,1.4810579322211266,1.7069233257177132,747
313,"[1, 2, 4, 1]",69.13333333333334,70.700000000000003,16.071613236814891,9.1333333333333258,False,1.631174536442852,501,1.4811745364428521,1.6531211956592884,465,0.11332293354729883,768,-0.03667706645270119,0.13526959276373496,754,1.2911021476114146,397,1.1411021476114147,1.313048806827851,363,1.8179102708624768,624,1.6679102708624769,1.8437756643590637,586
314,"[1, 2, 4, 2]",69.36666666666666,70.650000000000006,23.485005170630817,8,False,1.7097651620628445,340,1.5597651620628445,1.7263057479088402,313,0.41431531718176917,538,0.26431531718176915,0.43085590302776466,532,1.369692773231407,230,1.2196927732314071,1.3862333590774027,209,2.0106841474446862,436,1.8606841474446862,2.029387245083488,411
315,"[1, 2, 4, 3]",66.766666666666666,68.099999999999994,30.897104446742503,9.7333333333333343,False,1.7842257133978154,211,1.5842257133978155,1.802009019150969,200,0.71113884680009054,311,0.51113884680009058,0.72892215255324411,294,1.444153324566378,104,1.2441533245663781,1.4619366303195316,101,2.181916744078185,260,1.9819167440781849,2.2012990064752627,243
316,"[1, 2, 4, 4]",69.833333333333329,72.299999999999997,38.310496380558426,1.4333333333333371,False,1.8669334867257881,111,1.7169334867257879,1.9058897739321665,77,1.0162483781425407,130,0.86624837814254063,1.0552046653489193,121,1.4407959479460568,109,1.2907959479460567,1.4797522351524353,80,2.3961993138740794,118,2.2461993138740795,2.4451448826156459,91
317,"[1, 2, 4, 5]",60.56666666666667,61.600000000000001,53.134694932781798,0,False,1.8881805656266295,86,1.6881805656266295,1.9009672024923749,81,1.2314458189875397,72,1.0314458189875397,1.2442324558532849,72,1.1655590558024309,662,0.96555905580243095,1.1783456926681763,635,2.5860285004108468,26,2.3860285004108466,2.5963538043805205,26
318,"[1, 2, 5, 0]",55.866666666666667,55.799999999999997,12.366856256463288,22.399999999999999,False,1.390731380900796,937,1.190731380900796,1.3831622334507088,940,-0.23826293140530547,1025,-0.43826293140530548,-0.24583207885539266,1029,1.0506589920693585,850,0.85065899206935847,1.0430898446192713,858,1.4396877482880448,1025,1.2396877482880448,1.4209253754915812,1025
319,"[1, 2, 5, 1]",55.966666666666669,56.149999999999999,19.778955532574972,21.5,False,1.4167623906398417,903,1.2667623906398415,1.4139287958320792,904,0.010131056617090572,843,-0.13986894338290945,0.0072974618093281096,841,1.076690001808404,814,0.926690001808404,1.0738564070006416,819,1.5790639231604668,905,1.4290639231604667,1.5666911266965986,911
320,"[1, 2, 5, 2]",56.200000000000003,56.350000000000001,27.192347466390899,20.433333333333337,False,1.4953530162598345,790,1.3453530162598344,1.4918601835246688,791,0.31112344025156136,614,0.16112344025156133,0.30763060751639559,611,1.1552806274283971,688,1.005280627428397,1.1517877946932313,687,1.7718377997426762,688,1.6218377997426763,1.7586694306807855,693
321,"[1, 2, 5, 3]",54.100000000000001,54.049999999999997,34.604446742502589,19.899999999999999,False,1.5793636524844488,626,1.3793636524844488,1.5723102902098358,646,0.61749705475952643,379,0.41749705475952648,0.61044369248491348,391,1.2273471064658346,536,1.0273471064658346,1.2202937441912216,558,1.9556895775315308,490,1.7556895775315309,1.9369479153323226,503
322,"[1, 2, 5, 4]",55.366666666666667,55.600000000000001,42.017838676318512,15.899999999999999,False,1.6776911202097047,398,1.4776911202097047,1.6758745892948306,421,0.93822628049926005,161,0.73822628049925998,0.93640974958438594,165,1.1774067355147719,641,0.97740673551477186,1.1755902045998978,645,2.1745430951681435,268,1.9745430951681433,2.1633065249192258,276
323,"[1, 2, 5, 5]",46.266666666666666,46.399999999999999,56.842037228541884,0,False,1.6021215607404273,570,1.4521215607404274,1.5994330305132669,582,0.76001969931333324,277,0.61001969931333322,0.75733116908617282,284,0.80535320500102714,1047,0.65535320500102712,0.80266467477386672,1043,2.2685786754233619,192,2.118578675423362,2.2527157862426734,203
324,"[1, 3, 0, 0]",74.066666666666663,74.5,1.842037228541882,4.4666666666666686,False,1.5831062806046039,615,1.4331062806046038,1.5829773343107352,624,-0.36163260253913976,1124,-0.51163260253913978,-0.36176154883300826,1127,1.2430338917731665,506,1.0930338917731663,1.2429049454792978,515,1.5837047457580984,899,1.4337047457580983,1.5818350787368916,895
325,"[1, 3, 0, 1]",74.666666666666671,74.75,9.2541365046535677,3.5999999999999943,False,1.6686873752332931,415,1.518687375233293,1.66184516251489,447,-0.053688529627100023,900,-0.20368852962710005,-0.06053074234550293,907,1.3286149864018557,312,1.1786149864018556,1.3217727736834526,343,1.7857001017858765,671,1.6357001017858763,1.7750541406380043,681
326,"[1, 3, 0, 2]",73.900000000000006,74.150000000000006,16.667528438469493,4.36666666666666,False,1.7781778310739991,222,1.5781778310739991,1.7745866767897585,233,0.27820368422808356,643,0.078203684228083548,0.27461252994384294,650,1.4381054422425616,112,1.2381054422425617,1.434514287958321,127,2.0032356160573737,442,1.8032356160573737,1.9966589301909516,444
327,"[1, 3, 0, 3]",73.766666666666666,73.299999999999997,24.079627714581179,3.5999999999999943,False,1.7997521345312109,193,1.6497521345312109,1.782568429044546,223,0.52214096596864612,463,0.3721409659686461,0.50495726048198109,476,1.4596797456997734,90,1.3096797456997735,1.4424960402131086,118,2.1367228397239622,313,1.9867228397239622,2.1118644097491099,341
328,"[1, 3, 0, 4]",72.86666666666666,73.099999999999994,31.493019648397105,3.63333333333334,False,1.9066959010680116,73,1.7066959010680116,1.9029048800282746,79,0.85148649051992487,220,0.6514864905199248,0.84769546948018792,223,1.5666235122365741,31,1.3666235122365742,1.5628324911968372,33,2.350893239020698,141,2.1508932390206978,2.3436559565176771,150
329,"[1, 3, 0, 5]",66,66.549999999999997,46.317218200620474,5.2666666666666657,False,1.9237833874391419,46,1.7237833874391419,1.9267797769429134,57,1.3132999334577562,42,1.1132999334577562,1.3162963229615277,43,1.3375114122581699,292,1.13751141225817,1.3405078017619414,300,2.5512944951031749,40,2.3512944951031747,2.5505524843946055,45
330,"[1, 3, 1, 0]",74,73.950000000000003,3.6957083764219236,4.5333333333333314,False,1.6003696474314517,573,1.4503696474314518,1.5910710078148522,602,-0.28875910127589044,1065,-0.43875910127589046,-0.29805774089249015,1069,1.2602972586000143,473,1.1102972586000144,1.2509986189834148,498,1.6287515662985683,843,1.4787515662985684,1.6145576655932654,855
331,"[1, 3, 1, 1]",74.36666666666666,74.150000000000006,11.107807652533609,3.9000000000000057,False,1.6314940357783072,500,1.5314940357783071,1.6189894689303996,534,-0.035271734645684644,884,-0.13527173464568465,-0.047776301493592216,894,1.2914216469468698,396,1.1914216469468697,1.2789170800989622,432,1.7748579711205132,686,1.6748579711205132,1.7565033828424257,701
332,"[1, 3, 1, 2]",73.833333333333329,73.950000000000003,18.521199586349535,3.63333333333334,False,1.7454411979008464,266,1.5954411979008465,1.739325919914128,284,0.30107718549133267,629,0.15107718549133264,0.29496190750461426,626,1.405368809069409,155,1.2553688090694091,1.3992535310826906,177,1.9982824365978433,449,1.8482824365978434,1.9882949296109929,455
333,"[1, 3, 1, 3]",72.86666666666666,73.099999999999994,25.933298862461221,3.7666666666666799,False,1.751098693208653,257,1.6510986932086529,1.747307672168916,275,0.5290976590824894,456,0.42909765908248942,0.52530663804275246,457,1.4110263043772155,148,1.3110263043772155,1.4072352833374786,166,2.1107376916721718,339,2.0107376916721718,2.1035004091691509,347
334,"[1, 3, 1, 4]",72.733333333333334,72.900000000000006,33.346690796277144,2.6333333333333258,False,1.8726859232429072,101,1.7226859232429073,1.8676441231526448,122,0.87308664713122164,206,0.72308664713122162,0.8680448470409593,208,1.5326135344114697,44,1.3826135344114698,1.5275717343212074,59,2.3442575020737872,146,2.1942575020737873,2.3352919559377181,157
335,"[1, 3, 1, 5]",65.13333333333334,65.849999999999994,48.170889348500516,6.1333333333333258,False,1.8757666184425603,98,1.7257666184425604,1.8820253491812076,105,1.3208932988975759,38,1.170893298897576,1.3271520296362231,38,1.2524212203039875,484,1.1024212203039876,1.2586799510426347,484,2.5261506257950743,52,2.3761506257950744,2.5294550372951217,51
336,"[1, 3, 2, 0]",68.533333333333331,69.599999999999994,5.5480868665977248,10,False,1.5644791708731081,656,1.3644791708731081,1.5769998560077494,635,-0.26907822312896007,1043,-0.46907822312896008,-0.25655753799431874,1036,1.2244067820416704,544,1.0244067820416705,1.2369274671763117,526,1.5874786436261656,895,1.3874786436261657,1.6004734721662255,876
337,"[1, 3, 2, 1]",68.86666666666666,69.950000000000003,12.960186142709411,9.4000000000000057,False,1.594966886893987,583,1.4449668868939871,1.6077664183891196,557,-0.016227528824730553,867,-0.16622752882473057,-0.003427997329597976,853,1.2548944980625496,481,1.1048944980625497,1.2676940295576822,458,1.7327437697044199,730,1.58274376970442,1.7462392233712434,708
338,"[1, 3, 2, 2]",68.733333333333334,69.700000000000003,20.373578076525337,8.7333333333333343,False,1.6665541169282414,423,1.5165541169282415,1.6771535022842405,416,0.27776145922400175,645,0.12776145922400173,0.28836084458000089,636,1.326481728096804,318,1.1764817280968041,1.3370811134528031,308,1.916263580106035,527,1.7662635801060351,1.9267574254878577,514
339,"[1, 3, 2, 3]",68.166666666666671,69.849999999999994,27.785677352637023,8.4666666666666686,False,1.7298516801477626,300,1.5798516801477624,1.7541225963111802,259,0.56342200072687321,425,0.41342200072687318,0.58769291689029102,410,1.3897792913163252,190,1.239779291316325,1.4140502074797427,150,2.0888141801046487,357,1.9388141801046488,2.1174297980850656,337
340,"[1, 3, 2, 4]",68.599999999999994,69.400000000000006,35.199069286452946,5.3666666666666742,False,1.8622623397236127,118,1.6622623397236127,1.8697122118518712,118,0.9182344183172011,172,0.71823441831720103,0.92568429044545963,169,1.498353342825991,70,1.298353342825991,1.5058032149542495,70,2.336635729149001,157,2.1366357291490008,2.3428546215938706,152
341,"[1, 3, 2, 5]",65.566666666666663,65.25,50.023267838676318,0,False,1.9525671435820093,23,1.7525671435820094,1.9391567290196745,41,1.4514037516481935,6,1.2514037516481935,1.4379933370858586,9,1.2921741756399203,393,1.0921741756399204,1.2787637610775855,435,2.6337840407558746,15,2.4337840407558744,2.6108716927645168,19
342,"[1, 3, 3, 0]",66.833333333333329,66.349999999999994,7.4017580144777666,11.700000000000003,False,1.5005455937271206,776,1.3505455937271207,1.4838277067270558,801,-0.27740166583854664,1052,-0.42740166583854666,-0.29411955283861124,1064,1.1604732048956832,674,1.0104732048956833,1.1437553178956186,703,1.5413028057258056,942,1.3913028057258054,1.5144354478171662,954
343,"[1, 3, 3, 1]",66.933333333333337,66.299999999999997,14.813857290589452,11.333333333333329,False,1.5265766034661663,728,1.4265766034661662,1.5069993323995654,768,-0.029007677816150185,878,-0.12900767781615019,-0.048584948882751083,897,1.1865042146347289,624,1.0865042146347288,1.166926943568128,667,1.6806789805982274,789,1.5806789805982273,1.6500144418065643,814
344,"[1, 3, 3, 2]",66.333333333333329,65.599999999999994,22.227249224405377,11.13333333333334,False,1.6392504209367531,481,1.4892504209367532,1.6178421124972182,539,0.30606789766891451,622,0.15606789766891449,0.2846595892293794,638,1.2991780321053157,375,1.1491780321053158,1.2777697236657808,438,1.9024208885881766,541,1.7524208885881767,1.8690725420556062,561
345,"[1, 3, 3, 3]",65.833333333333329,65.049999999999997,29.639348500517062,10.800000000000011,False,1.6538213288082266,460,1.5538213288082265,1.6315200672836516,510,0.54300178382373843,440,0.44300178382373845,0.52070052229916342,462,1.3137489399767892,353,1.2137489399767891,1.2914476784522142,413,2.0266540460741709,417,1.9266540460741708,1.99191808952548,453
346,"[1, 3, 3, 4]",65.966666666666669,65.900000000000006,37.052740434332989,5.2999999999999972,False,1.7805019374502908,220,1.6305019374502909,1.7717932271281405,237,0.89208415048028056,185,0.74208415048028054,0.88337544015812997,198,1.3795195175950683,212,1.2295195175950684,1.3708108072729179,241,2.2669040864253094,194,2.1169040864253095,2.2504498739850489,206
347,"[1, 3, 3, 5]",54,54.25,51.876938986556361,7.1333333333333329,False,1.7001785579470576,358,1.5501785579470577,1.698832681004804,369,1.1063316086192396,106,0.9563316086192396,1.104985731676986,105,1.0027121670473678,911,0.85271216704736785,1.0013662901051141,903,2.338589694723153,154,2.1885896947231531,2.3274652473628259,163
348,"[1, 3, 4, 0]",68.933333333333337,69.25,9.2541365046535677,9.3333333333333286,False,1.6091797351653812,551,1.4091797351653812,1.6074147827680547,559,-0.11319616969501184,943,-0.31319616969501185,-0.11496112209233827,946,1.2691073463339437,449,1.0691073463339438,1.2673423939366173,460,1.6910001578711258,775,1.4910001578711258,1.6849862289232336,775
349,"[1, 3, 4, 1]",68.733333333333334,69.400000000000006,16.666235780765252,9.5333333333333314,False,1.6294806939706405,503,1.4794806939706406,1.6343838767949941,501,0.12946776739359811,759,-0.020532232606401912,0.13437095021795165,755,1.2894083051392031,400,1.1394083051392032,1.2943114879635567,403,1.8228048240503338,617,1.6728048240503337,1.8256586015204417,610
350,"[1, 3, 4, 2]",69,69.349999999999994,24.079627714581179,8.36666666666666,False,1.7587079919166098,247,1.5587079919166098,1.7575684290445459,253,0.48109682335404497,495,0.28109682335404496,0.47995726048198112,498,1.4186356030851723,138,1.2186356030851724,1.4174960402131085,147,2.0664199793762337,379,1.8664199793762337,2.0612701822448658,387
351,"[1, 3, 4, 3]",65.933333333333337,66.799999999999997,31.491726990692865,10.566666666666663,False,1.7242551306879137,311,1.5742551306879136,1.7332717002866755,294,0.66900694040869946,337,0.51900694040869944,0.67802351000746131,336,1.3841827418564763,201,1.2341827418564761,1.3931993114552381,187,2.1258746735980663,324,1.9758746735980663,2.1331819436366404,314
352,"[1, 3, 4, 4]",68.299999999999997,69.150000000000006,38.905118924508791,2.9666666666666686,False,1.8435927851703848,137,1.6935927851703849,1.8520258727893917,135,1.0107463529056488,133,0.86074635290564872,1.0191794405246557,130,1.4055627955116465,154,1.2555627955116466,1.4139958831306534,151,2.3724903897764622,129,2.2224903897764623,2.379914067654783,128
353,"[1, 3, 4, 5]",56.06666666666667,56.649999999999999,53.729317476732163,0.3333333333333286,False,1.8081760270593421,178,1.6081760270593422,1.8129260861597267,178,1.1217101532227338,101,0.92171015322273386,1.1264602123231184,100,1.0736620663561363,824,0.87366206635613619,1.0784121254565209,809,2.487445768124783,72,2.2874457681247828,2.4852825819493685,72
354,"[1, 3, 5, 0]",53.166666666666664,52.100000000000001,12.96147880041365,25.100000000000001,False,1.3451071479362247,987,1.1451071479362247,1.3188552943332505,1001,-0.26604848805136577,1042,-0.46604848805136578,-0.29230034165433988,1060,1.0050347591047872,906,0.80503475910478728,0.97878290550181313,925,1.3865340681612635,1067,1.1865340681612635,1.3416877693592408,1084
355,"[1, 3, 5, 1]",52.93333333333333,52.450000000000003,20.373578076525337,24.533333333333339,False,1.3647714344155077,972,1.2147714344155078,1.3496218567146205,977,-0.024021223288731908,874,-0.17402122328873193,-0.039170800989619337,887,1.0246990455840703,889,0.87469904558407041,1.0095494678831831,897,1.5174974555967808,964,1.3674974555967809,1.4874535205642583,978
356,"[1, 3, 5, 2]",52.033333333333331,52.25,27.78697001034126,24.600000000000009,False,1.4717152009523089,828,1.2717152009523089,1.4699583076983493,826,0.30532430126254689,624,0.10532430126254688,0.30356740800858711,618,1.1316428121208717,729,0.93164281212087163,1.1298859188669119,730,1.7316678548935169,731,1.531667854893517,1.7192450673328252,736
357,"[1, 3, 5, 3]",49.366666666666667,49.25,35.199069286452946,24.600000000000001,False,1.4449024076353276,870,1.2949024076353275,1.4371172751430104,870,0.50087448622891584,478,0.35087448622891582,0.4930893537365989,491,1.0809934107377059,810,0.93099341073770592,1.0732082782453891,821,1.8012178940396346,645,1.6512178940396347,1.7796967268570283,673
358,"[1, 3, 5, 4]",49.733333333333334,49.899999999999999,42.61246122026887,21.533333333333331,False,1.5760397225592251,631,1.3760397225592251,1.5735929666330686,644,0.85441355916729123,217,0.65441355916729127,0.8519668032411345,221,1.0638628869852851,837,0.86386288698528513,1.0614161310591286,842,2.047356885596606,395,1.847356885596606,2.0331351327087868,407
359,"[1, 3, 5, 5]",40.799999999999997,40.600000000000001,57.436659772492241,2.2666666666666728,False,1.5036535247198288,771,1.3536535247198289,1.4952526736742895,787,0.63182053609521693,366,0.48182053609521697,0.62341968504967737,376,0.69499271810142171,1109,0.54499271810142169,0.68659186705588204,1107,2.1455988595702769,304,1.9955988595702767,2.1199977047283296,332
360,"[1, 4, 0, 0]",71.433333333333337,71.349999999999994,2.4392450879007237,7.0999999999999943,False,1.5387812454460703,704,1.3887812454460702,1.529139286322045,721,-0.38804140191690817,1144,-0.53804140191690819,-0.39768336104093327,1151,1.1987088566146329,595,1.0487088566146328,1.1890668974906076,617,1.5322987965887509,953,1.3822987965887508,1.5166694372460814,952
361,"[1, 4, 0, 1]",71.299999999999997,71.25,9.8513443640124088,6.9666666666666686,False,1.6103555489032817,547,1.4603555489032818,1.6013615449059468,575,-0.094104120176346062,931,-0.24410412017634608,-0.10309812417368092,936,1.2702831600718443,446,1.1202831600718444,1.2612891560745094,475,1.7157860202553392,745,1.5657860202553393,1.7009750865835267,754
362,"[1, 4, 0, 2]",70.36666666666666,70.5,17.264736297828335,7.9000000000000057,False,1.7166626431141068,327,1.5166626431141068,1.7112549579149923,344,0.23460473204895688,686,0.034604732048956865,0.22919704684984238,693,1.3765902542826693,218,1.1765902542826694,1.3711825690835548,240,1.9291151408083846,519,1.7291151408083847,1.9187598421806162,524
363,"[1, 4, 0, 3]",70.433333333333337,70.849999999999994,24.676835573940021,6.9333333333333229,False,1.7920569805271762,205,1.5920569805271763,1.7920215202963621,212,0.53236204774537677,453,0.33236204774537681,0.53232658751456263,452,1.4519845916957388,98,1.2519845916957388,1.4519491314649247,109,2.1176500369371158,330,1.9176500369371159,2.114525593385634,338
364,"[1, 4, 0, 4]",68.566666666666663,69.200000000000003,32.090227507755948,7.8333333333333428,False,1.7805372496106666,219,1.6305372496106665,1.7848263257104708,219,0.74324407484334498,289,0.59324407484334496,0.7475331509431492,289,1.4404648607792292,111,1.2904648607792291,1.4447539368790334,115,2.2074233526668299,234,2.05742335266683,2.2093901452475797,235
365,"[1, 4, 0, 5]",63.666666666666664,64,46.91442605997932,7.6000000000000014,False,1.885188403214394,89,1.685188403214394,1.8843341340175146,101,1.2926211850137737,54,1.0926211850137737,1.2917669158168943,58,1.2869722708462452,406,1.0869722708462453,1.2861180016493658,419,2.5074600546270407,63,2.3074600546270405,2.5006669787272249,64
366,"[1, 4, 1, 0]",71.200000000000003,71.049999999999997,4.2929162357807655,7.3333333333333286,False,1.552861250643037,681,1.4028612506430369,1.5419797952692003,698,-0.31835126228354016,1096,-0.46835126228354018,-0.32923271765737694,1098,1.2127888618115996,568,1.0627888618115995,1.2019074064377628,592,1.5731392234107688,911,1.4231392234107687,1.5557587473622174,921
367,"[1, 4, 1, 1]",70.966666666666669,71.299999999999997,11.705015511892451,7.2999999999999972,False,1.5725255371223203,638,1.4725255371223203,1.5708476234733548,654,-0.076323997520906101,919,-0.17632399752090611,-0.078001911169871624,921,1.2324531482908829,527,1.1324531482908828,1.2307752346419174,542,1.7041026108462862,758,1.6041026108462861,1.6989778092633299,757
368,"[1, 4, 1, 2]",70.400000000000006,69.950000000000003,19.118407445708378,7.0666666666666629,False,1.6858360269188837,382,1.5358360269188838,1.6693486314191093,434,0.25938825029013513,660,0.1093882502901351,0.24290085479036072,685,1.3457636380874463,275,1.1957636380874463,1.3292762425876719,328,1.9266857975799261,520,1.7766857975799262,1.9014824290369905,539
369,"[1, 4, 1, 3]",70.5,71.099999999999994,26.530506721820061,6.13333333333334,False,1.7618670366579292,239,1.6118670366579291,1.7653050672182005,243,0.55778223831253082,430,0.4077822383125308,0.5612202688728023,433,1.4217946478264918,130,1.2717946478264917,1.425232678386763,135,2.1160619724523477,331,1.9660619724523476,2.1176216946732471,336
370,"[1, 4, 1, 4]",68.966666666666669,69.200000000000003,33.943898655635991,5.9666666666666686,False,1.7567140290011818,249,1.6567140290011817,1.7533630371892712,261,0.77503098867026143,271,0.67503098867026146,0.77167999685835087,275,1.4166416401697444,141,1.3166416401697443,1.4132906483578338,153,2.2142480756189657,228,2.1142480756189657,2.2061195232754307,238
371,"[1, 4, 1, 5]",63.133333333333333,63.649999999999999,48.768097207859356,8.1333333333333329,False,1.8435383574775748,138,1.6935383574775749,1.846225275876062,143,1.3065812737133555,45,1.1565812737133556,1.3092681921118428,46,1.2082488021518252,579,1.0582488021518253,1.2109357205503124,576,2.4907289727558442,70,2.3407289727558442,2.4884829441914076,70
372,"[1, 4, 2, 0]",66.833333333333329,67,6.1452947259565667,11.700000000000003,False,1.5379809608419086,706,1.3379809608419087,1.5336048459937428,715,-0.27766019737939435,1053,-0.47766019737939436,-0.28203631222756015,1050,1.1979085720104712,597,0.99790857201047123,1.1935324571623054,610,1.559628499280149,923,1.3596284992801491,1.5493146218468923,927
373,"[1, 4, 2, 1]",66.900000000000006,67.099999999999994,13.557394002068252,11.36666666666666,False,1.5633752982549782,661,1.4133752982549781,1.559624572932075,669,-0.029902881682974392,879,-0.17990288168297441,-0.033653607005877606,879,1.2233029094235408,550,1.0733029094235407,1.2195521841006376,560,1.6981633954088808,765,1.5481633954088807,1.6887136497921476,770
374,"[1, 4, 2, 2]",66.299999999999997,66.299999999999997,20.970785935884177,11.166666666666671,False,1.6260491157255648,510,1.4760491157255649,1.6185686188525126,537,0.25517269380209029,666,0.10517269380209027,0.24769219692903788,677,1.2859767268941273,410,1.1359767268941274,1.2784962300210752,436,1.8699053033988298,570,1.7199053033988299,1.8552250607372849,572
375,"[1, 4, 2, 3]",66.566666666666663,67,28.382885211995863,10.066666666666677,False,1.7552634870944916,252,1.5552634870944917,1.7559807508541356,256,0.60675004345436756,391,0.4067500434543676,0.60746730721401154,395,1.4151910982630542,144,1.2151910982630543,1.4159083620226982,149,2.1134878719897037,336,1.9134878719897035,2.10990422450597,344
376,"[1, 4, 2, 4]",64.766666666666666,64.349999999999994,35.796277145811786,9.2000000000000028,False,1.7450171008299344,267,1.5950171008299345,1.7297982144960926,307,0.81890541520428806,243,0.66890541520428803,0.803686528870446,258,1.369163946745136,231,1.2191639467451361,1.3539450604112941,269,2.2049437452067981,236,2.0549437452067982,2.1793018833288658,262
377,"[1, 4, 2, 5]",63.233333333333334,62.549999999999997,50.620475698035158,1.2999999999999972,False,1.9139721593572616,57,1.7139721593572617,1.8938629848284527,89,1.3829483744555038,20,1.1829483744555038,1.3628391999266949,28,1.2416350342279958,509,1.0416350342279959,1.2215258596991869,556,2.5899496002797404,25,2.3899496002797402,2.5571661531412784,39
378,"[1, 4, 3, 0]",63.633333333333333,63.200000000000003,7.9989658738366085,14.766666666666673,False,1.495397129026991,789,1.295397129026991,1.4799896587383663,807,-0.26463389475791071,1040,-0.46463389475791073,-0.28004136504653537,1049,1.1553247401955535,687,0.95532474019555358,1.1399172699069289,709,1.5255951179137208,956,1.3255951179137209,1.4992698063263561,969
379,"[1, 4, 3, 1]",63.799999999999997,63.350000000000001,15.411065149948294,14.466666666666669,False,1.5227014834179888,739,1.3727014834179889,1.5069587527653057,769,-0.014966562083562285,864,-0.16496656208356231,-0.030709292736245453,875,1.1826290945865514,631,1.0326290945865515,1.1668863639338682,668,1.6666538502735233,803,1.5166538502735234,1.6399421789235635,828
380,"[1, 4, 3, 2]",62.833333333333336,61.5,22.824457083764219,14.600000000000001,False,1.6283719053028374,505,1.4283719053028374,1.5959660898249839,590,0.31310561781576413,610,0.11310561781576411,0.28069980233791064,645,1.2882995164714,403,1.0882995164714,1.2558937009935465,490,1.8791416920828783,561,1.6791416920828783,1.8297133521776994,602
381,"[1, 4, 3, 3]",62.899999999999999,61.799999999999997,30.236556359875905,13.733333333333341,False,1.653766242715907,461,1.5037662427159069,1.6257832851177465,517,0.56086293351218408,428,0.41086293351218406,0.53287997591402358,451,1.3136938538844696,354,1.1636938538844694,1.2857108962863091,420,2.0176765882116094,430,1.8676765882116095,1.9742057587307644,471
382,"[1, 4, 3, 4]",61.43333333333333,62.049999999999997,37.649948293691828,9.8333333333333357,False,1.6998865797111118,359,1.5498865797111119,1.7046640398989434,355,0.82938502852186657,233,0.67938502852186655,0.83416248870969822,232,1.2869600026687125,407,1.1369600026687126,1.2917374628565441,410,2.1675452488656082,281,2.0175452488656083,2.1674574073669035,270
383,"[1, 4, 3, 5]",53.366666666666667,52.299999999999997,52.4741468459152,7.7666666666666657,False,1.7440538623470978,270,1.5440538623470978,1.7177794431426963,335,1.1203465200513378,102,0.92034652005133777,1.0940721008469363,108,1.0346433142602312,875,0.83464331426023119,1.0083688950558296,898,2.3876604701752302,121,2.18766047017523,2.3428598775188743,151
384,"[1, 4, 4, 0]",64.933333333333337,65.549999999999997,9.8513443640124088,13.333333333333329,False,1.4887511346418218,803,1.3387511346418219,1.4931336968046809,789,-0.21570853443780591,1010,-0.36570853443780593,-0.21132597227494687,998,1.1486787458103844,701,0.99867874581038452,1.1530613079732435,686,1.5551017802104714,925,1.4051017802104713,1.5558137962609457,920
385,"[1, 4, 4, 1]",65,65.700000000000003,17.263443640124095,13.266666666666666,False,1.5141454720548913,755,1.4141454720548912,1.5201027908316207,735,0.032048781258614017,825,-0.067951218741385988,0.038006100035343465,815,1.1740730832234538,649,1.0740730832234537,1.1800304020001833,633,1.6936366763392026,772,1.5936366763392025,1.6964861688581538,761
386,"[1, 4, 4, 2]",65.066666666666663,65.200000000000003,24.676835573940021,12.299999999999997,False,1.6395527360450028,480,1.4895527360450029,1.6347430392837041,500,0.37985780326320351,563,0.22985780326320349,0.37504810650190479,563,1.2994803472135654,373,1.1494803472135655,1.2946706504522667,402,1.9322041592029602,516,1.78220415920296,1.9206376477150062,521
387,"[1, 4, 4, 3]",62.43333333333333,63.850000000000001,32.088934850051707,13.966666666666676,False,1.6633766150539975,434,1.5133766150539976,1.6832311206524158,399,0.62604466055554875,370,0.47604466055554873,0.64589916615396703,354,1.3233042262225601,327,1.1733042262225601,1.3431587318209783,290,2.0525954770927681,389,1.902595477092768,2.0731096807536402,376
388,"[1, 4, 4, 4]",64.833333333333329,66.400000000000006,39.50232678386763,6.4333333333333371,False,1.7333509418624455,295,1.6333509418624454,1.7557827615095625,257,0.9184207453784744,171,0.81842074537847442,0.94085256502559134,162,1.2833767950165305,414,1.1833767950165304,1.3058086146636474,375,2.2500524720148545,204,2.1500524720148544,2.2749351833795926,191
389,"[1, 4, 4, 5]",55.966666666666669,56,54.326525336091002,0,False,1.7622380886750015,238,1.6122380886750016,1.7565563926014161,254,1.0459118218704515,122,0.8959118218704516,1.040230125796866,125,1.0157799707846191,897,0.8657799707846191,1.0100982747110336,895,2.4499770034759059,91,2.2999770034759059,2.4337841730561807,95
390,"[1, 4, 5, 0]",53.733333333333334,53.299999999999997,13.558686659772492,24.533333333333331,False,1.3619026560714091,977,1.1619026560714092,1.3476121830534209,979,-0.23133674413541611,1020,-0.43133674413541612,-0.24562721715340435,1027,1.0218302672399717,894,0.82183026723997177,1.0075397942219835,900,1.4158908783861952,1047,1.2158908783861953,1.3873031125882944,1057
391,"[1, 4, 5, 1]",53.399999999999999,53.399999999999999,20.970785935884177,24.06666666666667,False,1.3796569255727635,956,1.2296569255727636,1.3736319099917531,955,0.008780503649289062,846,-0.14121949635071096,0.0027554880682784111,844,1.0395845367413261,869,0.8895845367413262,1.0335595211603157,870,1.5443304295906413,938,1.3943304295906414,1.5267021405335499,945
392,"[1, 4, 5, 2]",52.43333333333333,52.200000000000003,28.384177869700103,24.20000000000001,False,1.4853273474576123,808,1.2853273474576123,1.4749810192033304,818,0.33685268354861536,590,0.13685268354861535,0.32650635529433342,596,1.1452549586261749,706,0.94525495862617481,1.1349086303718929,720,1.7568182713999962,703,1.5568182713999963,1.7330267942630675,718
393,"[1, 4, 5, 3]",50.133333333333333,51.049999999999997,35.796277145811786,23.833333333333336,False,1.5155179497263691,753,1.3155179497263692,1.5272665689264724,726,0.58940626410072272,409,0.38940626410072277,0.601154883300826,405,1.1396647956415709,720,0.9396647956415709,1.1514134148416741,690,1.8856223767267084,554,1.6856223767267084,1.8905922059095108,546
394,"[1, 4, 5, 4]",51.100000000000001,52.950000000000003,43.209669079627716,20.166666666666664,False,1.5581153665178391,671,1.4081153665178392,1.5874764376317203,612,0.85440543890667064,218,0.70440543890667062,0.88376651002055173,197,1.0339943737567223,876,0.88399437375672218,1.0633554448706035,837,2.0469043856701075,396,1.8969043856701073,2.0758642280600816,371
395,"[1, 4, 5, 5]",42.833333333333336,41.350000000000001,58.033867631851088,0,False,1.5484626151979675,689,1.3984626151979676,1.5154652585969917,747,0.64676923360541327,355,0.49676923360541325,0.61377187700443747,388,0.72785765139238334,1094,0.57785765139238332,0.69486029479140754,1098,2.2119719345175866,230,2.0619719345175866,2.1541529460898112,290
396,"[1, 5, 0, 0]",65,65.75,3.6284901758014478,13.533333333333331,False,1.4277959374116649,888,1.2777959374116648,1.4347026232770017,875,-0.46334935731429183,1182,-0.61334935731429185,-0.45644267144895478,1177,1.0877235485802275,800,0.93772354858022733,1.0946302344455643,784,1.3999117952807851,1060,1.2499117952807852,1.404034632451689,1042
397,"[1, 5, 0, 1]",65.066666666666663,65.799999999999997,11.040589451913133,13.200000000000003,False,1.5031902748247341,772,1.353190274824734,1.5097729831267261,759,-0.16559204161787189,976,-0.31559204161787191,-0.15900933331587963,974,1.1631178859932967,667,1.0131178859932966,1.1697005942952887,658,1.5884466914095166,892,1.4384466914095166,1.5921603157449917,887
398,"[1, 5, 0, 2]",64.700000000000003,64.900000000000006,18.453981385729058,12.766666666666666,False,1.6203207985771551,525,1.4203207985771551,1.616818294869949,541,0.1739402401490267,736,-0.026059759850973307,0.17043773644182064,734,1.2802484097457174,421,1.0802484097457175,1.2767459060385116,440,1.8160775506052989,627,1.6160775506052989,1.8061250373862243,642
399,"[1, 5, 0, 3]",65.299999999999997,66.650000000000006,25.866080661840744,11.333333333333343,False,1.7059018932058438,347,1.5059018932058439,1.7241671357323316,319,0.48188431306106611,494,0.28188431306106609,0.50014955558755392,480,1.3658295043744064,239,1.1658295043744065,1.3840947469008942,215,2.0180729066330767,429,1.8180729066330765,2.0375444388459112,403
400,"[1, 5, 0, 4]",63.399999999999999,64.25,33.279472595656671,11.966666666666661,False,1.7437454899633578,272,1.5437454899633578,1.7527314348173262,263,0.742129667833058,290,0.54212966783305794,0.75111561268702642,288,1.4036731011319203,159,1.2036731011319204,1.4126590459858888,156,2.1570049436191003,294,1.9570049436191002,2.1633088209285698,275
401,"[1, 5, 0, 5]",51.266666666666666,52.700000000000003,48.103671147880043,20,False,1.6102387488302434,548,1.4602387488302435,1.6316696228712053,506,1.0533488832666449,120,0.90334888326664486,1.0747797573076068,115,0.98823771470408017,924,0.83823771470408015,1.0096685887450421,896,2.1744841581984917,269,2.0244841581984918,2.1928708836102513,251
402,"[1, 5, 1, 0]",64.233333333333334,65.599999999999994,5.4821613236814892,14.299999999999997,False,1.431689185393012,883,1.2816891853930119,1.4503912334899791,851,-0.40384597489654339,1153,-0.55384597489654341,-0.3851439267995761,1144,1.0916167965615746,795,0.94161679656157449,1.1103188446585417,756,1.4272917622037569,1039,1.2772917622037567,1.4469439765236825,1006
403,"[1, 5, 1, 1]",64.36666666666666,65.400000000000006,12.894260599793174,13.900000000000006,False,1.4583568674580336,849,1.3583568674580335,1.4707147578966662,824,-0.1548153145481713,968,-0.2548153145481713,-0.14245742410953874,962,1.1182844786265962,751,1.0182844786265961,1.1306423690652287,727,1.5675092158198687,919,1.4675092158198686,1.5787029365572232,899
404,"[1, 5, 1, 2]",63.833333333333336,64.799999999999997,20.307652533609101,13.633333333333333,False,1.5723040295805735,639,1.4223040295805733,1.5834562721715342,622,0.18153360558884624,728,0.031533605588846214,0.19268584817980694,719,1.2322316407491356,528,1.0822316407491357,1.2433838833400963,513,1.790933681297199,662,1.6409336812971991,1.8003077261101703,646
405,"[1, 5, 1, 3]",64.700000000000003,65.950000000000003,27.719751809720787,11.933333333333337,False,1.6629785028170723,435,1.5129785028170724,1.6794127079706258,412,0.49457105710869587,485,0.34457105710869584,0.51100526226224918,473,1.3229061139856348,328,1.1729061139856349,1.3393403191391884,304,1.9996592672745002,446,1.8496592672745,2.0164469917464274,426
406,"[1, 5, 1, 4]",62.799999999999997,63.700000000000003,35.133143743536714,11.166666666666671,False,1.700822099574586,355,1.5508220995745861,1.7108251083214432,345,0.75481641188068749,282,0.60481641188068747,0.76481942062754471,280,1.3382316135352892,290,1.1882316135352893,1.3482346222821464,278,2.1385913042605234,311,1.9885913042605234,2.1460314077849434,302
407,"[1, 5, 1, 5]",50.899999999999999,52.350000000000001,49.957342295760085,15.466666666666661,False,1.5717720647233056,642,1.4717720647233055,1.5935607647297529,596,1.0704923335961081,115,0.97049233359610809,1.0922810336025552,110,0.91269760763954122,986,0.81269760763954124,0.93448630764598839,965,2.1619594700457481,288,2.061959470045748,2.1806868490744358,259
408,"[1, 5, 2, 0]",62.700000000000003,63.649999999999999,7.3345398138572904,15.833333333333329,False,1.4709260432998634,831,1.2709260432998635,1.4818897019360413,803,-0.30903776228441798,1082,-0.50903776228441799,-0.29807410364824011,1070,1.130853654468426,730,0.93085365446842594,1.1418173131046039,705,1.4852897312868223,991,1.2852897312868223,1.4939803263903608,972
409,"[1, 5, 2, 1]",62.799999999999997,64.049999999999997,14.746639089968976,15.466666666666669,False,1.4969570530389089,784,1.3469570530389088,1.5136056314060191,750,-0.060643774262021943,906,-0.21064377426202197,-0.043995195894911743,891,1.1568846642074715,682,1.0068846642074714,1.1735332425745817,648,1.6246659061592439,849,1.4746659061592438,1.6410194222473309,825
410,"[1, 5, 2, 2]",62.533333333333331,63.799999999999997,22.160031023784903,14.933333333333337,False,1.5659975937692581,652,1.4159975937692582,1.5829927153011401,623,0.23079852448280536,691,0.080798524482805334,0.24779364601468734,676,1.2259252049378206,540,1.0759252049378207,1.2429203264697026,514,1.8048206015860977,636,1.6548206015860976,1.8215376243639456,616
411,"[1, 5, 2, 3]",63.633333333333333,64.950000000000003,29.572130299896589,13.000000000000007,False,1.7111287732875906,335,1.5111287732875907,1.7289491511002317,308,0.59829268228448829,400,0.39829268228448833,0.61611306009712941,384,1.3710563844561532,224,1.1710563844561532,1.3888767622687943,202,2.0694351387692311,375,1.8694351387692312,2.0876768900002025,357
412,"[1, 5, 2, 4]",62.799999999999997,64.349999999999994,36.985522233712516,8.4666666666666686,False,1.7693458844763441,231,1.5693458844763442,1.7916906653750997,213,0.87891155148771949,201,0.67891155148771953,0.90125633238647507,180,1.3697078286335311,229,1.1697078286335312,1.3920526095322867,194,2.2352880955533481,212,2.0352880955533479,2.2592816795531498,200
413,"[1, 5, 2, 5]",53.200000000000003,53.549999999999997,51.809720785935887,7.93333333333333,False,1.6842262401174235,385,1.5342262401174234,1.684869359758093,395,1.0937402008206289,109,0.94374020082062904,1.0943833204612985,107,0.98810421323014308,925,0.83810421323014306,0.98874733287081262,916,2.3167044946532109,169,2.166704494653211,2.3079439120141187,174
414,"[1, 5, 3, 0]",59.466666666666669,59.450000000000003,9.1882109617373313,18.799999999999997,False,1.4277055391589693,889,1.2277055391589693,1.4206795779718038,894,-0.29664813198891088,1072,-0.49664813198891089,-0.30367409317607635,1077,1.0876331503275318,801,0.88763315032753176,1.0806071891403664,805,1.4504150711767034,1017,1.2504150711767035,1.4337487536542051,1018
415,"[1, 5, 3, 1]",59.06666666666667,59.25,16.600310237849019,19.199999999999996,False,1.4441864640083715,871,1.2941864640083716,1.4410031023784904,867,-0.057804228856158102,904,-0.20780422885615812,-0.060987590486039411,909,1.1041140751769341,773,0.95411407517693414,1.100930713547053,775,1.577172064893769,907,1.4271720648937689,1.5655077136877456,912
416,"[1, 5, 3, 2]",57.666666666666664,57.75,24.013702171664942,19.699999999999996,False,1.5415801456555287,699,1.3415801456555287,1.5366560090584216,709,0.26199121080547699,658,0.061991210805476982,0.25706707420836988,671,1.2015077568240913,588,1.0015077568240913,1.1965836202269842,603,1.7787232830351483,684,1.5787232830351483,1.7641922995055481,686
417,"[1, 5, 3, 3]",57.966666666666669,58.399999999999999,31.425801447776628,18.533333333333331,False,1.5714311893504318,643,1.4214311893504319,1.5731187739714372,645,0.51420523278373076,466,0.36420523278373074,0.51589281740473591,467,1.2313588005189944,531,1.0813588005189945,1.2330463851399998,533,1.9231471303697125,524,1.7731471303697126,1.9175981186222808,527
418,"[1, 5, 3, 4]",59.600000000000001,60.200000000000003,38.839193381592551,11.666666666666664,False,1.7267620526614265,308,1.5267620526614265,1.73142990849947,303,0.8919378541092029,186,0.69193785410920294,0.89660570994724642,183,1.2900505738610126,399,1.0900505738610127,1.2947184296990562,401,2.2012547141869194,242,2.0012547141869192,2.2003234514689463,245
419,"[1, 5, 3, 5]",46.866666666666667,45.200000000000003,53.663391933815923,10.266666666666666,False,1.5817952096607399,621,1.43179520966074,1.5448617674394254,694,0.89862561296994381,178,0.74862561296994379,0.86169217074862903,215,0.84859975981585889,1020,0.69859975981585887,0.81166631759454411,1036,2.2035909113798837,238,2.0535909113798838,2.1420247331659086,303
420,"[1, 5, 4, 0]",57.533333333333331,57.649999999999999,11.040589451913133,20.733333333333334,False,1.4093023291541058,917,1.2093023291541058,1.4050261476836883,914,-0.25947998728850002,1039,-0.45947998728850004,-0.26375616875891755,1041,1.0692299403226684,831,0.86922994032266843,1.0649537588522509,831,1.4483176953354839,1018,1.248317695335484,1.4346051374767408,1017
421,"[1, 5, 4, 1]",57.633333333333333,57.899999999999999,18.452688728024818,19.833333333333336,False,1.4353333388931513,881,1.2853333388931514,1.4338939758878433,877,-0.011085999266103985,859,-0.16108599926610401,-0.01252536227141221,865,1.0952609500617139,787,0.94526095006171396,1.0938215870564059,786,1.5876938702079055,894,1.4376938702079056,1.577824199377853,902
422,"[1, 5, 4, 2]",57.666666666666664,57.149999999999999,25.866080661840744,18.966666666666676,False,1.5601039305572868,670,1.3601039305572868,1.5437873888968885,695,0.33608635041250906,591,0.13608635041250905,0.31976980875211075,602,1.2200315417258494,557,1.0200315417258494,1.2037150000654511,589,1.8254200743279727,613,1.6254200743279728,1.7956089549749434,654
423,"[1, 5, 4, 3]",56.100000000000001,57.200000000000003,33.27817993795243,19.266666666666659,False,1.6043013239975208,563,1.4043013239975208,1.6188577487466129,536,0.6026467221360936,396,0.40264672213609365,0.61720314688518574,381,1.2642289351660834,462,1.0642289351660834,1.2787853599151755,434,1.972732312015874,473,1.772732312015874,1.9837346382682461,459
424,"[1, 5, 4, 4]",57.733333333333334,58.5,40.691571871768353,13.533333333333331,False,1.6596321873085156,439,1.5096321873085154,1.6676752123885694,436,0.8803793434615661,198,0.73037934346156608,0.88842236854162016,193,1.185873138704586,625,1.0358731387045859,1.1939161637846398,607,2.1508398958330806,302,2.0008398958330806,2.1537265245953869,291
425,"[1, 5, 4, 5]",46.333333333333336,46.799999999999997,55.515770423991725,1.1666666666666643,False,1.5901322373468783,593,1.4401322373468783,1.593765299176626,595,0.81434371614729206,246,0.66434371614729204,0.81797677797703972,241,0.81988921769848122,1034,0.6698892176984812,0.82352227952822887,1028,2.2368272427736615,211,2.0868272427736616,2.2294685533212113,217
426,"[1, 5, 5, 0]",40.666666666666664,41.100000000000001,14.747931747673217,37.600000000000001,False,1.0742195551677338,1151,0.92421955516773391,1.0778590643121753,1142,-0.48334249240206939,1190,-0.63334249240206941,-0.47970298325762817,1186,0.73414716633629651,1088,0.58414716633629649,0.73778667548073773,1069,1.0660894070838385,1194,0.91608940708383835,1.0565868137361774,1183
427,"[1, 5, 5, 1]",40.5,41.549999999999997,22.160031023784903,36.966666666666669,False,1.0951571862989697,1136,0.99515718629896965,1.1105243608707605,1132,-0.24004188298748327,1027,-0.34004188298748328,-0.22467470841569256,1010,0.7550847974675321,1067,0.65508479746753212,0.77045197203932281,1059,1.198735352006737,1147,1.0987353520067369,1.2048992542451,1137
428,"[1, 5, 5, 2]",40.600000000000001,41.399999999999999,29.573422957600826,36.033333333333339,False,1.2212011226150574,1066,1.0712011226150575,1.2318101789430966,1058,0.10840381134308241,773,-0.04159618865691761,0.11901286767112162,769,0.88112873378362022,997,0.7311287337836202,0.89173779011165943,991,1.4381441136141846,1026,1.2881441136141847,1.4379641456656191,1014
429,"[1, 5, 5, 3]",39.966666666666669,39.700000000000003,36.985522233712516,31.299999999999997,False,1.283225341182626,1034,1.1332253411826261,1.2736526906915557,1034,0.39279100819400148,554,0.24279100819400146,0.383218357702931,557,0.88358728533981312,996,0.7335872853398131,0.87401463484874264,999,1.6090121561254174,866,1.4590121561254175,1.5815227661405862,897
430,"[1, 5, 5, 4]",41.666666666666664,41.450000000000003,44.398914167528439,29.600000000000001,False,1.3898295491455728,938,1.2398295491455729,1.3810144581309807,942,0.72179697417142608,303,0.57179697417142605,0.71298188315683375,307,0.84192365462644159,1024,0.69192365462644156,0.83310856361184926,1018,1.8388022974300049,599,1.688802297430005,1.8129747543352992,627
431,"[1, 5, 5, 5]",36.233333333333334,35.5,59.223112719751811,0,False,1.3842939455336811,946,1.284293945533681,1.3662817601089108,962,0.42313830954609055,535,0.32313830954609057,0.40512612412131999,544,0.53990407997008227,1223,0.4399040799700823,0.52189189454531171,1229,2.025378539491169,419,1.9253785394911691,1.9851514180356569,457
432,"[2, 0, 0, 0]",76.033333333333331,77.450000000000003,0.11116856256463288,2.5,False,1.5533612611774292,678,1.4533612611774291,1.5716813058788111,651,-0.44330368194563186,1173,-0.54330368194563183,-0.42498363724425003,1163,1.2132888723459918,564,1.1132888723459917,1.2316089170473736,539,1.5397065534354892,944,1.4397065534354891,1.5633287750017437,914
433,"[2, 0, 0, 1]",76.299999999999997,77.700000000000003,7.5232678386763183,2.1000000000000085,False,1.6825756325463557,387,1.5325756325463558,1.7005491340829657,365,-0.091726332293354695,929,-0.24172633229335472,-0.073752830756744658,918,1.3425032437149182,280,1.1925032437149183,1.3604767452515283,260,1.7832891220263631,674,1.6332891220263632,1.8065478369028565,641
434,"[2, 0, 0, 2]",75.733333333333334,77.450000000000003,14.936659772492243,2.5333333333333314,False,1.6958861223429191,366,1.595886122342919,1.7199362179780873,328,0.14398591551768605,751,0.043985915517686047,0.16803601115285419,736,1.3558137335114815,255,1.2558137335114814,1.3798638291466496,225,1.9058723087600031,537,1.805872308760003,1.9370660390194709,502
435,"[2, 0, 0, 3]",75.033333333333331,76.799999999999997,22.348759048603931,2.4000000000000057,False,1.8066369962585354,181,1.6566369962585352,1.8317154385873051,158,0.47709976771665297,497,0.32709976771665294,0.50217821004542296,479,1.4665646074270979,84,1.3165646074270978,1.4916430497558677,77,2.1250577937838546,325,1.9750577937838547,2.1573648971854391,287
436,"[2, 0, 0, 4]",75,76.25,29.762150982419854,1.63333333333334,False,1.8801342432707182,93,1.7301342432707181,1.8954063199507809,86,0.77299877274331374,272,0.62299877274331372,0.78827084942337644,267,1.5400618544392808,39,1.3900618544392807,1.5553339311193435,34,2.3111014404165409,171,2.161101440416541,2.3302430313903391,162
437,"[2, 0, 0, 5]",67.433333333333337,68.950000000000003,44.586349534643226,3.8333333333333286,False,1.8838516107963472,90,1.7338516107963473,1.9050407105363059,78,1.2214420968356441,78,1.0714420968356442,1.2426311965756027,73,1.3321970089349202,305,1.1821970089349203,1.3533861086748789,270,2.4938358428815186,67,2.3438358428815187,2.51803938948798,59
438,"[2, 0, 1, 0]",75.766666666666666,77.700000000000003,1.9648397104446742,2.7666666666666657,False,1.6168045940484195,535,1.4668045940484196,1.6449648528006495,477,-0.32425021463824033,1100,-0.47425021463824035,-0.2960899558860105,1067,1.2767322052169821,432,1.1267322052169821,1.3048924639692121,376,1.6297057015138168,841,1.4797057015138169,1.6664248762893568,790
439,"[2, 0, 1, 1]",76.066666666666663,77.75,9.3769389865563593,2.2000000000000028,False,1.6966556377433224,365,1.5466556377433225,1.720035212650374,327,-0.022036192659986686,871,-0.17203619265998671,0.0013433822470646506,846,1.356583248911885,253,1.2065832489118851,1.3799628238189365,224,1.8241295488483806,616,1.6741295488483807,1.8545505595826595,575
440,"[2, 0, 1, 2]",75.5,76.849999999999994,16.790330920372284,2.7666666666666657,False,1.7599661275398857,245,1.6099661275398858,1.7770805243935963,228,0.2636760551510543,656,0.11367605515105428,0.28079045200476471,644,1.4198937387084483,136,1.2698937387084483,1.4370081355621589,122,1.9967127355820207,450,1.8467127355820208,2.018515281223892,423
441,"[2, 0, 1, 3]",74.833333333333329,76.200000000000003,24.20243019648397,2.5333333333333314,False,1.871353673781478,104,1.671353673781478,1.8888597450028144,94,0.59742657967599722,401,0.39742657967599726,0.61493265089733362,385,1.5312812849500406,46,1.3312812849500406,1.548787356171377,40,2.216739499349563,222,2.0167394993495629,2.2388141393898606,210
442,"[2, 0, 1, 4]",74.799999999999997,76.25,31.615822130299897,1.6000000000000085,False,1.9448509207936611,29,1.7448509207936611,1.9639430314295812,20,0.89332558470265799,182,0.69332558470265804,0.91241769533857808,175,1.6047785319622236,5,1.4047785319622237,1.6238706425981437,5,2.4027831459822493,115,2.2027831459822491,2.4269724094181897,99
443,"[2, 0, 1, 5]",67.066666666666663,68.150000000000006,46.440020682523269,4.2000000000000028,False,1.945384926689409,27,1.745384926689409,1.9583875485973845,22,1.3385855471651071,32,1.1385855471651072,1.3515881690730827,31,1.3566569018703811,251,1.1566569018703812,1.3696595237783566,244,2.581311154728775,29,2.3813111547287749,2.594395253084592,27
444,"[2, 0, 2, 0]",73.799999999999997,74.5,3.8172182006204758,4.7333333333333343,False,1.5477647117175799,693,1.4477647117175798,1.5527291440315212,680,-0.33771874226380605,1109,-0.43771874226380603,-0.33275430994986477,1104,1.2076923228861425,582,1.1076923228861424,1.2126567552000838,572,1.5767670469289072,909,1.4767670469289071,1.5816276098572237,896
445,"[2, 0, 2, 1]",74.033333333333331,74.900000000000006,11.229317476732161,4.2333333333333343,False,1.6763424107605305,401,1.5263424107605306,1.6844450735014989,396,0.013221935062495471,842,-0.13677806493750455,0.021324597803463852,831,1.3362700219290931,295,1.1862700219290931,1.3443726846700614,286,1.8195083367760905,622,1.6695083367760903,1.8286667057141939,604
446,"[2, 0, 2, 2]",73.599999999999994,74.5,18.642709410548086,3.8666666666666742,False,1.6921995898609987,371,1.5921995898609986,1.7009840561307974,363,0.25148087217744119,670,0.15148087217744122,0.26026533844723987,667,1.3521272010295613,261,1.2521272010295612,1.36091166729936,258,1.9454566384844916,501,1.8454566384844915,1.9553648738749509,484
447,"[2, 0, 2, 3]",73.466666666666669,75,26.054808686659772,3.1666666666666714,False,1.8137738933182108,169,1.6637738933182107,1.8345987197779903,155,0.5954181539180039,404,0.44541815391800388,0.61624298037778336,383,1.4737015044867734,79,1.3237015044867733,1.4945263309465529,73,2.1789438621510806,261,2.0289438621510807,2.2049506590358257,241
448,"[2, 0, 2, 4]",72.5,73.200000000000003,33.468200620475699,2.4333333333333371,False,1.8694443152030593,106,1.7194443152030592,1.8745554239262763,115,0.8734903338173301,204,0.72349033381733008,0.87860144254054706,204,1.5293719263716219,48,1.3793719263716218,1.5344830350948389,56,2.3414317039604353,151,2.1914317039604354,2.3459951769419143,148
449,"[2, 0, 2, 5]",68.566666666666663,69,48.292399172699071,2.7000000000000028,False,1.9425589662600977,31,1.7925589662600978,1.9430505740054715,36,1.3913309414410699,16,1.2413309414410698,1.3918225491864438,16,1.3167833716375537,344,1.1667833716375537,1.3172749793829275,354,2.6158654894876681,17,2.4658654894876681,2.6127389034606083,17
450,"[2, 0, 3, 0]",72,72.400000000000006,5.6708893485005172,6.5333333333333314,False,1.5819211175936636,618,1.4319211175936637,1.5813924377888027,628,-0.24795220195132084,1035,-0.39795220195132086,-0.24848088175618177,1033,1.2418487287622262,508,1.0918487287622263,1.2413200489573653,519,1.6280673727974757,845,1.4780673727974758,1.6248765125030711,844
451,"[2, 0, 3, 1]",72.033333333333331,72.5,13.082988624612202,6.2333333333333343,False,1.706678782680757,346,1.5066787826807571,1.7074121647271345,351,0.099168441419122788,780,-0.10083155858087722,0.099901823465500528,781,1.3666063938493196,238,1.1666063938493196,1.3673397758956971,249,1.8657609901825165,576,1.6657609901825166,1.8642755404483262,563
452,"[2, 0, 3, 2]",70.900000000000006,71.25,20.496380558428129,6.5666666666666629,False,1.7091658429357244,341,1.5591658429357245,1.7078119068501043,350,0.32405725968856836,601,0.17405725968856833,0.32270332360294807,601,1.369093454104287,232,1.219093454104287,1.3677395180186669,246,1.9740424382734196,471,1.8240424382734197,1.9693268495258915,476
453,"[2, 0, 3, 3]",70.766666666666666,71.700000000000003,27.908479834539815,5.8666666666666742,False,1.7807401463929362,218,1.6307401463929363,1.7904772034086895,215,0.61799454142913079,378,0.46799454142913077,0.62773159844488391,371,1.4406677575614988,110,1.2906677575614989,1.4504048145772521,111,2.1575296619400084,293,2.0075296619400085,2.1676392900348143,269
454,"[2, 0, 3, 4]",71.733333333333334,71.75,35.321871768355741,2.2333333333333343,False,1.9233375631844065,47,1.7233375631844066,1.9155604898354561,69,0.98299371623507881,144,0.78299371623507874,0.97521664288612842,148,1.5569725166487289,35,1.356972516648729,1.5491954432997785,39,2.4188116708834073,99,2.2188116708834071,2.4057975600631436,112
455,"[2, 0, 3, 5]",61.399999999999999,61.649999999999999,50.146070320579113,3.1333333333333329,False,1.8742111276540083,99,1.6742111276540084,1.8720303234589555,116,1.3669076116250527,25,1.1669076116250527,1.3647268074299999,26,1.2113621100738634,571,1.0113621100738635,1.2091813058788106,582,2.5317199376220811,49,2.331719937622081,2.5222866176514467,57
456,"[2, 0, 4, 0]",67.799999999999997,69.299999999999997,7.5232678386763183,10.600000000000009,False,1.5202241894224167,745,1.3702241894224167,1.5410554631968898,699,-0.25407777541729371,1038,-0.40407777541729373,-0.23324650164282079,1017,1.1801518005909792,637,1.0301518005909793,1.2009830743654524,593,1.5687630423853087,917,1.4187630423853088,1.5926259353748429,886
457,"[2, 0, 4, 1]",67.766666666666666,69.349999999999994,14.935367114788004,10.5,False,1.6437085098575575,478,1.4437085098575575,1.6661258230466141,438,0.091769523301197753,786,-0.10823047669880226,0.11418683649025435,771,1.30363612102612,370,1.1036361210261201,1.3260534342151766,332,1.8047741022829684,637,1.6047741022829685,1.8307516186681456,601
458,"[2, 0, 4, 2]",68.433333333333337,69.549999999999997,22.348759048603931,9,False,1.6805758757152418,392,1.5305758757152417,1.6940572107392038,376,0.35103864717335942,582,0.2010386471733594,0.36451998219732162,568,1.3405034868838044,286,1.1905034868838043,1.3539848219077664,268,1.9584846025331535,487,1.8084846025331536,1.972729922652332,472
459,"[2, 0, 4, 3]",65.13333333333334,66.049999999999997,29.760858324715617,11.5,False,1.7416663082047115,279,1.5416663082047115,1.7517225072977891,267,0.63449205794617991,364,0.43449205794617995,0.64454825703925755,357,1.401593919373274,163,1.2015939193732741,1.4116501184663517,158,2.1120503455491537,338,1.9120503455491535,2.1204481356570106,330
460,"[2, 0, 4, 4]",68.433333333333337,69.299999999999997,37.174250258531544,2.8333333333333286,False,1.8288307878145176,151,1.6788307878145177,1.8375652873954418,152,0.94405829557046406,159,0.79405829557046403,0.95279279515138826,157,1.4254181714753242,126,1.2754181714753243,1.4341526710562484,128,2.3322218665508809,163,2.182221866550881,2.3401004634102973,155
461,"[2, 0, 4, 5]",57.56666666666667,58.25,51.998448810754915,3.5666666666666629,False,1.8195175950684999,163,1.6195175950684999,1.8259971463353974,165,1.2195951545307542,79,1.0195951545307542,1.2260747057976515,77,1.1196210076848392,747,0.91962100768483912,1.1261005589517366,737,2.4816696733905084,74,2.2816696733905082,2.4823959726115041,74
462,"[2, 0, 5, 0]",52.100000000000001,52.200000000000003,11.230610134436402,26.166666666666664,False,1.2574249468452132,1049,1.1074249468452131,1.2534453418506932,1046,-0.4056567491216948,1155,-0.55565674912169483,-0.40963635411621457,1159,0.91735255801377569,983,0.76735255801377567,0.91337295301925592,981,1.2659795101628273,1128,1.1159795101628274,1.2506008204628025,1128
463,"[2, 0, 5, 1]",52.43333333333333,52.350000000000001,18.642709410548086,25.033333333333339,False,1.3879126628660921,940,1.1879126628660921,1.3804144358776327,946,-0.052806054817465309,899,-0.25280605481746532,-0.060304281805924675,906,1.0478402740346546,854,0.84784027403465467,1.0403420470461953,861,1.5112446362410814,971,1.3112446362410815,1.49127319306001,973
464,"[2, 0, 5, 2]",51.899999999999999,51.5,26.056101344364013,24.733333333333341,False,1.4018598249886316,922,1.2518598249886317,1.388409114709463,934,0.183542865319552,726,0.033542865319551973,0.17009215504038344,735,1.0617874361571942,838,0.91178743615719415,1.0483367258780256,853,1.6346691017184121,837,1.4846691017184119,1.6065112593531952,866
465,"[2, 0, 5, 3]",49.799999999999997,49.25,33.468200620475699,25.13333333333334,False,1.4858704612132458,807,1.2858704612132459,1.4698085884832379,827,0.48991647982751679,489,0.28991647982751678,0.47385460709750898,500,1.1457980723818084,705,0.94579807238180835,1.1297361996518005,732,1.8185208795072667,623,1.6185208795072668,1.7860630886566848,666
466,"[2, 0, 5, 4]",49.833333333333336,50.450000000000003,40.881592554291622,21.43333333333333,False,1.5606410528773813,669,1.3606410528773814,1.5667273179479795,657,0.78708882950613002,265,0.58708882950613006,0.79317509457672819,264,1.0830815906229865,805,0.88308159062298641,1.0891678556935847,794,2.0062470836273341,439,1.8062470836273339,2.0035082856799207,440
467,"[2, 0, 5, 5]",42.766666666666666,41.649999999999999,55.705791106514994,4.7333333333333343,False,1.523908505292654,736,1.3739085052926541,1.4978806958752764,780,0.73861894996690447,294,0.58861894996690445,0.71259114054952688,308,0.74986507199379171,1072,0.59986507199379169,0.72383726257641412,1083,2.1516006672476675,300,2.0016006672476676,2.1031043042189883,348
468,"[2, 1, 0, 0]",76.333333333333329,77.450000000000003,0.70579110651499488,2.2000000000000028,False,1.6150375375507187,538,1.4650375375507185,1.6276275313183146,516,-0.36378872925383166,1128,-0.51378872925383168,-0.3511987354862357,1120,1.2749651487192812,436,1.1249651487192811,1.2875551424868772,418,1.6122679602408447,862,1.4622679602408448,1.6283186731138857,837
469,"[2, 1, 0, 1]",76.266666666666666,77.799999999999997,8.1178903826266797,2,False,1.6878851856598831,378,1.5378851856598832,1.7083940936996842,348,-0.06857810286131627,914,-0.21857810286131629,-0.048069194821515171,896,1.3478127968284457,268,1.1978127968284458,1.3683217048682468,245,1.7974377413948144,650,1.6474377413948142,1.8240844243189032,612
470,"[2, 1, 0, 2]",75.599999999999994,77.450000000000003,15.531282316442606,2.6666666666666714,False,1.7492856584785179,258,1.5992856584785178,1.7758824434175908,231,0.21522412797179602,705,0.065224127971795998,0.24182091291086893,687,1.4092132696470805,149,1.2592132696470804,1.4358100545861534,125,1.9674970918973829,477,1.817497091897383,2.0020559371316127,441
471,"[2, 1, 0, 3]",75.36666666666666,76.950000000000003,22.943381592554292,2.0666666666666771,False,1.8689499449578009,107,1.6689499449578009,1.8905097652926315,90,0.55725139273442958,431,0.35725139273442963,0.5788112130692602,419,1.5288775561263634,49,1.3288775561263635,1.5504373764611941,37,2.1984604793329003,243,1.9984604793329004,2.2261748292534387,218
472,"[2, 1, 0, 4]",74.799999999999997,76.450000000000003,30.356773526370215,1.7000000000000028,False,1.9322604347543642,37,1.7322604347543642,1.9551500137447146,24,0.84296364054547079,224,0.64296364054547073,0.86585321953582128,210,1.5921880459229267,7,1.3921880459229268,1.6150776249132772,6,2.3710436660665404,131,2.1710436660665402,2.4003263081102908,115
473,"[2, 1, 0, 5]",67.766666666666666,69.599999999999994,45.180972078593591,3.5,False,1.9461645594956134,26,1.7461645594956134,1.973328708127708,14,1.301593721853421,47,1.1015937218534211,1.3287578704855156,37,1.3826175067551789,206,1.182617506755179,1.4097816553872735,163,2.5672385284305648,34,2.3672385284305646,2.5995827680755044,24
474,"[2, 1, 1, 0]",76.166666666666671,77.5,2.5594622543950361,2.36666666666666,False,1.630390887399638,502,1.4803908873996381,1.6471136098857224,474,-0.29282524496851081,1068,-0.44282524496851083,-0.27610252248242639,1045,1.2903184985682006,398,1.1403184985682007,1.307041221054285,374,1.6547909445502436,817,1.5047909445502436,1.6763213957936887,783
475,"[2, 1, 1, 1]",76.400000000000006,77.799999999999997,9.9715615305067224,1.86666666666666,False,1.6589685864425885,444,1.5589685864425884,1.6769308051784848,417,-0.041884567642210019,889,-0.14188456764221002,-0.023922348906313701,870,1.3188961976111511,338,1.218896197611151,1.3368584163470474,309,1.7975322343974269,649,1.6975322343974268,1.8208138023467539,617
476,"[2, 1, 1, 2]",75.599999999999994,77.25,17.384953464322649,2.6666666666666714,False,1.7178223699573183,325,1.6178223699573182,1.7406216865419608,282,0.23937097388699771,684,0.13937097388699771,0.2621702904716402,661,1.3777499811258809,216,1.2777499811258808,1.4005492977105234,175,1.9642264699252339,481,1.8642264699252338,1.9936919365516537,449
477,"[2, 1, 1, 3]",75.233333333333334,76.349999999999994,24.797052740434331,2.1333333333333258,False,1.8349399671326965,147,1.6849399671326966,1.8476540717081407,139,0.57885154934572658,418,0.42885154934572656,0.59156565392117078,409,1.494867578301259,71,1.3448675783012591,1.5075816828767032,68,2.1918247423859896,249,2.0418247423859897,2.2076240714578592,237
478,"[2, 1, 1, 4]",75.13333333333334,76.400000000000006,32.210444674250262,1.1666666666666572,False,1.9071638694929272,72,1.7571638694929272,1.9227373581349076,60,0.87347720972043497,205,0.72347720972043494,0.88905069836241568,192,1.5670914806614897,30,1.4170914806614898,1.5826649693034707,22,2.3761858315312954,128,2.2261858315312955,2.3957823414861892,118
479,"[2, 1, 1, 5]",67.299999999999997,69.049999999999997,47.034643226473626,3.9666666666666686,False,1.9057878584107462,74,1.7557878584107462,1.9314223816318248,49,1.3168271552049551,40,1.1668271552049552,1.3424616784260337,34,1.3051673827127113,364,1.1551673827127114,1.3308019059337899,321,2.5521900040467496,38,2.4021900040467496,2.5823053549318775,30
480,"[2, 1, 2, 0]",73.166666666666671,74.099999999999994,4.4118407445708376,5.36666666666666,False,1.5916141629635354,589,1.4416141629635353,1.6010804327621639,577,-0.27603061469933954,1050,-0.42603061469933956,-0.26656434490071079,1042,1.251541774132098,486,1.1015417741320979,1.2610080439307265,476,1.6257726489109312,847,1.4757726489109311,1.6364307507537457,831
481,"[2, 1, 2, 1]",73.566666666666663,74.700000000000003,11.823940020682523,4.7000000000000028,False,1.6233752236363668,516,1.5233752236363667,1.6365938305865722,493,-0.021906575743157658,870,-0.12190657574315766,-0.0086879687929522775,855,1.2833028348049293,415,1.1833028348049293,1.2965214417551347,396,1.7727203324765666,687,1.6727203324765665,1.788563225218526,661
482,"[2, 1, 2, 2]",73.433333333333337,74.400000000000006,19.237331954498448,4.0333333333333314,False,1.6949624536706214,367,1.5949624536706213,1.7050315473930859,354,0.27208241230557462,649,0.17208241230557464,0.28215150602803918,642,1.3548900648391837,256,1.2548900648391836,1.3649591585616483,252,1.9562401428781817,489,1.8562401428781816,1.9678080826831879,479
483,"[2, 1, 2, 3]",73.200000000000003,74.650000000000006,26.649431230610134,3.4333333333333371,False,1.8146267401499041,168,1.6646267401499042,1.8338993755972406,157,0.61410967706820829,383,0.46410967706820827,0.63338231251554455,365,1.4745543513184671,78,1.324554351318467,1.4938269867658032,75,2.1872035303136994,254,2.0372035303136995,2.2110271445843006,234
484,"[2, 1, 2, 4]",71.666666666666671,72.950000000000003,34.062823164426057,2.5333333333333314,False,1.8594737324931572,123,1.7094737324931573,1.8757548139227418,113,0.88135842742593895,196,0.73135842742593893,0.89763950885552335,182,1.5182896580360734,60,1.3682896580360735,1.534570739465658,55,2.3353896334803168,159,2.1853896334803169,2.3546183517942936,142
485,"[2, 1, 2, 5]",69.066666666666663,69.599999999999994,48.887021716649429,2.2000000000000028,False,1.9580552765892447,20,1.8080552765892446,1.9603892045082665,21,1.4246659280887273,11,1.2746659280887274,1.426999856007749,12,1.3203872310876936,331,1.1703872310876935,1.3227211590067154,339,2.643474568755166,10,2.493474568755166,2.6430089373961789,9
486,"[2, 1, 3, 0]",71.933333333333337,72.099999999999994,6.2655118924508786,6.5999999999999943,False,1.6365939983812152,488,1.4365939983812153,1.6316424606966606,507,-0.17544064484525829,983,-0.3754406448452583,-0.18039218252981287,983,1.2965216095497778,381,1.0965216095497778,1.2915700718652232,411,1.6913747134222368,774,1.4913747134222368,1.6822263427034978,777
487,"[2, 1, 3, 1]",71.86666666666666,72.849999999999994,13.677611168562565,6.4000000000000057,False,1.6594416464903796,441,1.5094416464903795,1.6700039597868912,433,0.069769981547256443,798,-0.080230018452743579,0.080332294843768248,790,1.3193692576589422,335,1.1693692576589421,1.3299315709554538,326,1.8265444945762064,612,1.6765444945762062,1.8381788511241353,597
488,"[2, 1, 3, 2]",70.933333333333337,71.650000000000006,21.09100310237849,6.5333333333333314,False,1.7157487407012044,328,1.5657487407012045,1.7213530689984684,325,0.34847883377255917,583,0.19847883377255915,0.35408316206982338,579,1.375676351869767,219,1.2256763518697669,1.381280680167031,220,1.9898736151292518,455,1.8398736151292516,1.994503504853653,446
489,"[2, 1, 3, 3]",70.566666666666663,72.150000000000006,28.503102378490176,6.0666666666666771,False,1.7828663378765826,215,1.6328663378765826,1.8049677326456615,194,0.6379594092312878,363,0.48795940923128778,0.66006080400036671,344,1.4427939490451451,108,1.2927939490451452,1.464895343814224,95,2.1674718875900072,282,2.0174718875900073,2.1940892900145283,247
490,"[2, 1, 3, 4]",71.5,71.75,35.916494312306099,2.4666666666666686,False,1.9248270823420763,45,1.7248270823420764,1.9215067152749596,63,1.0023219117112594,138,0.80232191171125933,0.9990015446441427,140,1.5465695849273917,37,1.3465695849273918,1.543249217860275,47,2.4279126177897159,95,2.2279126177897157,2.4207874581752851,103
491,"[2, 1, 3, 5]",61.766666666666666,62.25,50.740692864529471,2.7666666666666657,False,1.8871607486792503,88,1.6871607486792504,1.8893689539617502,93,1.3501261054527769,28,1.1501261054527769,1.3523343107352768,30,1.2124192802200984,569,1.0124192802200984,1.2146274855025982,569,2.5559639019148173,35,2.3559639019148171,2.5525566515870186,43
492,"[2, 1, 4, 0]",68.666666666666671,69.650000000000006,8.1178903826266797,9.5999999999999943,False,1.5927238953373026,586,1.3927238953373027,1.6036472582566466,573,-0.16373939318389702,975,-0.36373939318389703,-0.15281603026455287,971,1.2526515065058652,483,1.0526515065058653,1.2635748694252091,473,1.6556261878334011,815,1.4556261878334011,1.666529246050652,789
493,"[2, 1, 4, 1]",68.733333333333334,69.950000000000003,15.529989658738366,9.5333333333333314,False,1.6181182327503718,532,1.4681182327503719,1.6334644535494092,504,0.084017922512522714,789,-0.065982077487477309,0.099364143311560071,782,1.2780458439189344,430,1.1280458439189345,1.2933920647179717,407,1.7941610839621323,657,1.6441610839621323,1.8110216526037171,632
494,"[2, 1, 4, 2]",69.066666666666663,69.75,22.943381592554292,8.3666666666666742,False,1.6986188753482931,360,1.5486188753482932,1.7038009045331379,358,0.38692032312492197,559,0.23692032312492195,0.39210235230976676,553,1.3585464865168557,249,1.2085464865168558,1.3637285157017005,254,1.9894587967754132,456,1.8394587967754132,1.992813199372284,450
495,"[2, 1, 4, 3]",65.63333333333334,67.049999999999997,30.355480868665978,10.86666666666666,False,1.7571626185338585,248,1.5571626185338585,1.7766560745094444,229,0.6678270445938379,339,0.46782704459383784,0.68732050056942384,328,1.417090229702421,140,1.2170902297024211,1.436583685678007,123,2.1396594248166516,310,1.9396594248166514,2.1609049268082012,282
496,"[2, 1, 4, 4]",68.799999999999997,70.349999999999994,37.768872802481901,2.4666666666666686,False,1.8417804088397594,140,1.6917804088397594,1.8634482216957049,127,0.9748465929142166,148,0.82484659291421658,0.99651440577016215,141,1.426475341621559,125,1.2764753416215588,1.4481431544775045,114,2.3564658308436166,139,2.2064658308436167,2.3818305992134405,125
497,"[2, 1, 4, 5]",58.333333333333336,59.25,52.593071354705273,2.7999999999999972,False,1.8401072840054569,141,1.6401072840054569,1.8509307135470527,136,1.2104537162701932,82,1.0104537162701932,1.221277145811789,79,1.1283182457427887,733,0.92831824574278876,1.1391416752843846,711,2.5160089826075298,57,2.3160089826075296,2.5228527637626952,56
498,"[2, 1, 5, 0]",53.266666666666666,52.75,11.825232678386763,25,False,1.3356547036938846,999,1.1356547036938847,1.3198346052648802,1000,-0.30958831595451247,1083,-0.50958831595451248,-0.32540841438351692,1094,0.99558231486244719,916,0.79558231486244724,0.97976221643344275,924,1.3604141643041334,1087,1.1604141643041335,1.3295975097464212,1090
499,"[2, 1, 5, 1]",53.233333333333334,53.149999999999999,19.237331954498448,24.233333333333334,False,1.3591390241290253,978,1.2091390241290254,1.3515505347348578,976,-0.063741017236021213,912,-0.21374101723602124,-0.071329506630188555,917,1.0190666352975879,895,0.86906663529758788,1.0114781459034206,894,1.4964252242017935,984,1.3464252242017933,1.4766366056033911,982
500,"[2, 1, 5, 2]",52.233333333333334,52.049999999999997,26.650723888314374,24.400000000000006,False,1.4141727736878975,910,1.2641727736878976,1.4047983781236502,915,0.21369449033732879,706,0.063694490337328769,0.20432009477308122,711,1.0741003848564601,822,0.92410038485646018,1.0647259892922127,832,1.658071787267458,810,1.5080717872674581,1.635507948636814,832
501,"[2, 1, 5, 3]",50.600000000000001,50.149999999999999,34.062823164426057,23.600000000000001,False,1.5070968224761792,765,1.3070968224761792,1.4928434215176782,790,0.52898151740896093,457,0.32898151740896087,0.51472811645046002,468,1.1659127480190954,661,0.96591274801909544,1.1516593470605945,688,1.8537014674679781,585,1.6537014674679782,1.8239731905039709,613
502,"[2, 1, 5, 4]",50.633333333333333,51.299999999999997,41.476215098241987,20.633333333333333,False,1.5818674141403146,620,1.3818674141403147,1.5888127838938122,608,0.8261538670875741,236,0.62615386708757415,0.8330992368410719,233,1.0924155010069123,794,0.89241550100691225,1.0993608707604101,777,2.0414276715880453,406,1.8414276715880453,2.0401450428752543,402
503,"[2, 1, 5, 5]",43.5,42.399999999999999,56.300413650465359,4,False,1.5438615219036351,697,1.393861521903635,1.5180674276438939,740,0.72884083938036703,298,0.57884083938036701,0.70304674512062615,316,0.75792563772576516,1065,0.60792563772576513,0.73213154346602438,1077,2.1850986977209987,255,2.0350986977209988,2.1371943721104172,306
504,"[2, 2, 0, 0]",76,76.150000000000006,1.3029989658738366,2.5333333333333314,False,1.5646428928845451,654,1.464642892884545,1.5589160656081056,671,-0.39626713813923986,1148,-0.49626713813923984,-0.40199396541567933,1154,1.2245705040531076,542,1.1245705040531075,1.2188436767766682,562,1.5689102443861356,916,1.4689102443861355,1.5602667837453161,918
505,"[2, 2, 0, 1]",75.86666666666666,76.150000000000006,8.7150982419855225,2.4000000000000057,False,1.6862171963417567,381,1.5362171963417566,1.6830370583692225,400,-0.052329856398677932,898,-0.20232985639867795,-0.055509994371212179,902,1.3461448075103188,273,1.1961448075103189,1.3429646695377846,291,1.8023974680527242,642,1.652397468052724,1.7971191223866665,652
506,"[2, 2, 0, 2]",75.86666666666666,76.150000000000006,16.128490175801449,2.4000000000000057,False,1.7103511156799158,337,1.6103511156799157,1.7071709777073816,352,0.19420582095395914,715,0.09420582095395913,0.19102568298142489,720,1.3702787268484784,226,1.2702787268484783,1.3670985888759442,250,1.9392823934291008,511,1.8392823934291007,1.9340040477630436,506
507,"[2, 2, 0, 3]",75.599999999999994,76.650000000000006,23.540589451913135,1.7666666666666657,False,1.8293787298332229,150,1.679378729833223,1.8407856413545742,147,0.53559641339061714,450,0.38559641339061712,0.54700332491196846,439,1.4893063410017855,73,1.3393063410017856,1.5007132525231368,71,2.1694045021209276,278,2.0194045021209277,2.1835898329239183,258
508,"[2, 2, 0, 4]",74.833333333333329,75.200000000000003,30.953981385729058,1.6666666666666714,False,1.8888691856739288,85,1.7388691856739289,1.8873879151231132,98,0.81748862724580074,244,0.66748862724580071,0.81600735669498514,244,1.5487967968424918,36,1.3987967968424917,1.5473155262916762,45,2.3369400163924254,155,2.1869400163924255,2.3335477633936739,158
509,"[2, 2, 0, 5]",68.099999999999994,69.950000000000003,45.77817993795243,3.1666666666666714,False,1.9085033613489641,69,1.758503361348964,1.93594635634155,45,1.281848759487537,55,1.1318487594875368,1.3092917544801228,45,1.3330121514213529,302,1.1830121514213527,1.3604551464139387,261,2.5407063874496632,47,2.3907063874496632,2.5735512522213662,34
510,"[2, 2, 1, 0]",75.766666666666666,75.700000000000003,3.156670113753878,2.7666666666666657,False,1.6287228980815116,504,1.4787228980815115,1.6189084732894377,535,-0.27657699850587225,1051,-0.42657699850587227,-0.2863914232979462,1053,1.2886505092500742,402,1.1386505092500743,1.2788360844580002,433,1.6597506712081533,807,1.5097506712081532,1.6455360599055946,819
511,"[2, 2, 1, 1]",75.733333333333334,76,10.568769389865563,2.5333333333333314,False,1.6522072185166523,462,1.5522072185166522,1.6487256685822003,471,-0.030729699787381021,881,-0.13072969978738103,-0.034211249721833065,881,1.3121348296852149,355,1.2121348296852148,1.3086532797507628,371,1.7957617311058136,654,1.6957617311058135,1.7900284664586599,658
512,"[2, 2, 1, 2]",75.86666666666666,76.299999999999997,17.982161323681488,1.6000000000000085,False,1.7288878271587163,302,1.6288878271587162,1.7285557904520048,309,0.26835266686916082,652,0.16835266686916084,0.26802063016244937,654,1.3888154383272788,191,1.2888154383272787,1.3884834016205674,203,1.9860117714569516,460,1.8860117714569515,1.9845534597467513,458
513,"[2, 2, 1, 3]",75.599999999999994,76.450000000000003,25.394260599793174,1.0333333333333456,False,1.8479154413120233,133,1.6979154413120234,1.8555248844789443,133,0.60974325930581863,388,0.45974325930581861,0.61735270247273955,380,1.5078430524805859,65,1.357843052480586,1.5154524956475068,65,2.2161338801487784,225,2.0661338801487785,2.2252258323439591,220
514,"[2, 2, 1, 4]",74.833333333333329,75.299999999999997,32.807652533609101,0.53333333333333144,False,1.9074058971527292,71,1.7574058971527293,1.9078233607791288,76,0.89163547316100245,187,0.74163547316100242,0.89205293678740205,190,1.5673335083212923,29,1.4173335083212921,1.5677509719476919,30,2.3836693944202758,125,2.2336693944202759,2.3828238307254295,124
515,"[2, 2, 1, 5]",67.700000000000003,69.349999999999994,47.631851085832473,3.5666666666666629,False,1.9194000049160498,52,1.7694000049160499,1.9430906627570588,35,1.3483555374910239,29,1.198355537491024,1.3720461953320329,23,1.3068353720308377,362,1.1568353720308377,1.3305260298718466,323,2.5773404205532295,32,2.4273404205532296,2.6050004944257874,23
516,"[2, 2, 2, 0]",72.266666666666666,73.150000000000006,5.0090486039296795,6.2666666666666657,False,1.5303960887557655,721,1.4303960887557654,1.5390145366722083,704,-0.31933245312634428,1097,-0.41933245312634426,-0.31071400520990144,1084,1.1903236999243281,614,1.090323699924328,1.1989421478407709,599,1.5681131944134845,918,1.4681131944134844,1.5772922739488437,903
517,"[2, 2, 2, 1]",72.766666666666666,73.150000000000006,12.421147880041365,5.5,False,1.6140671664065258,541,1.5140671664065257,1.6131355294333252,550,-0.013298397192233219,862,-0.11329839719223322,-0.014230034165433864,866,1.2739947775750884,439,1.1739947775750883,1.2730631406018877,448,1.7675847142101913,693,1.6675847142101912,1.7641446125901943,687
518,"[2, 2, 2, 2]",73.099999999999994,72.799999999999997,19.83453981385729,4.3666666666666742,False,1.6445678090044473,473,1.5945678090044473,1.6306238791512311,512,0.2396040034201658,683,0.18960400342016581,0.22566007356694956,694,1.3044954201730099,366,1.2544954201730099,1.2905514903197937,414,1.9128824270234721,529,1.8628824270234721,1.8921161254029035,545
519,"[2, 2, 2, 3]",72.733333333333334,73.099999999999994,27.246639089968976,3.9000000000000057,False,1.7616854061798257,240,1.6616854061798256,1.7604410744439936,250,0.57908457887889486,417,0.47908457887889488,0.5778402471430627,420,1.4216130173483883,131,1.3216130173483882,1.4203686856125561,142,2.140480699484228,309,2.0404806994842279,2.1366085319559689,307
520,"[2, 2, 2, 4]",71.200000000000003,71.549999999999997,34.660031023784903,2.7666666666666657,False,1.8065323985230783,182,1.7065323985230783,1.8051446140353173,192,0.8463333292366253,222,0.74633332923662532,0.8449455447488643,227,1.4534041668788178,95,1.3534041668788177,1.4520163823910568,108,2.2886668026508459,186,2.1886668026508458,2.2840197731218193,182
521,"[2, 2, 2, 5]",69.099999999999994,69.700000000000003,49.484229576008275,0,False,1.9146640275088096,56,1.8146640275088095,1.9182600172790703,66,1.3991909147890578,15,1.2991909147890577,1.4027869045593184,15,1.2650518248200813,460,1.1650518248200812,1.2686478145903419,456,2.609370919081051,19,2.5093709190810509,2.610610698282279,21
522,"[2, 2, 3, 0]",71.5,71.25,6.8627197518097205,7.0333333333333314,False,1.5842893367371125,612,1.4342893367371126,1.5714752987839202,653,-0.2098290707085958,1006,-0.35982907070859582,-0.22264310866178827,1007,1.2442169479056751,504,1.0942169479056751,1.2314029099524828,541,1.6454931613364558,826,1.4954931613364559,1.6256345552025011,843
523,"[2, 2, 3, 1]",71.400000000000006,71.549999999999997,14.274819027921406,6.86666666666666,False,1.6565003125203006,451,1.5065003125203007,1.6512924940766824,469,0.084744883357943057,788,-0.065255116642056965,0.079537064914324662,791,1.3164279236888632,345,1.1664279236888633,1.311220105245245,369,1.8298216637467353,608,1.6798216637467354,1.820126961755566,619
524,"[2, 2, 3, 2]",70.533333333333331,71,21.688210961737333,6.9333333333333371,False,1.6640807513830782,431,1.5640807513830781,1.6649833754401584,440,0.31472708023519791,609,0.21472708023519793,0.3156297042922781,604,1.3240083625516408,325,1.2240083625516407,1.324910986608721,334,1.9448333417871615,503,1.8448333417871614,1.9430050959604659,496
525,"[2, 2, 3, 3]",70.566666666666663,71.650000000000006,29.100310237849019,6.0666666666666771,False,1.7388384164701711,285,1.638838416470171,1.751446140353174,268,0.61184772360564155,387,0.51184772360564157,0.62445544748864446,375,1.3987660276387337,171,1.2987660276387336,1.4113737515217366,159,2.132526959172202,317,2.0325269591722019,2.1464109150771984,300
526,"[2, 2, 3, 4]",71.966666666666669,71.200000000000003,36.513702171664946,0,False,1.8897125734993319,84,1.7397125734993319,1.8670357558938648,123,0.98512363864928032,143,0.8351236386492803,0.96244682104381307,152,1.4995109188974705,68,1.3495109188974705,1.4768341012920034,83,2.4047455917835765,112,2.2547455917835766,2.3718357385860029,132
527,"[2, 2, 3, 5]",62.799999999999997,63.200000000000003,51.337900723888318,0,False,1.8628696693781022,117,1.7128696693781023,1.8633790072388834,128,1.2959746331836861,52,1.1459746331836862,1.2964839710444673,56,1.176184043731773,644,1.0261840437317731,1.1766933815925542,638,2.5470986145514143,43,2.3970986145514144,2.5418052715563095,47
528,"[2, 2, 4, 0]",68.233333333333334,69.700000000000003,8.7150982419855225,10.033333333333331,False,1.5404192336931999,700,1.3904192336932,1.5605687039388427,667,-0.19812781904723453,992,-0.34812781904723455,-0.17797834880159191,981,1.2003468448617625,589,1.0503468448617626,1.2204963151074049,557,1.6097446357476204,864,1.4597446357476203,1.632857662284799,833
529,"[2, 2, 4, 1]",68.433333333333337,69.799999999999997,16.127197518097208,9.8333333333333286,False,1.6183602604101743,531,1.4683602604101744,1.6365884308771745,494,0.10217618595309041,777,-0.047823814046909607,0.12040435642009062,767,1.2782878715787369,429,1.128287871578737,1.2965160420457371,397,1.8016446468511131,643,1.6516446468511132,1.8222566902300543,615
530,"[2, 2, 4, 2]",68.900000000000006,69.75,23.540589451913135,8.4666666666666544,False,1.6514075923120008,464,1.5514075923120008,1.6597729831267265,452,0.35762527586939485,576,0.25762527586939488,0.3659906666841205,567,1.3113352034805634,356,1.2113352034805633,1.3197005942952891,348,1.950307474639156,497,1.8503074746391559,1.9578682709544788,482
531,"[2, 2, 4, 3]",66.033333333333331,67.049999999999997,30.952688728024818,10.466666666666669,False,1.7207747650391618,317,1.5707747650391617,1.732628153103033,298,0.64935542687990622,353,0.49935542687990619,0.66120881494377737,342,1.3807023762077244,208,1.2307023762077243,1.3925557642715956,192,2.1148098413231309,333,1.9648098413231307,2.1259599983903961,326
532,"[2, 2, 4, 4]",69.63333333333334,70.900000000000006,38.366080661840748,1.6333333333333258,False,1.8136692955827542,172,1.7136692955827542,1.8298633382639773,161,0.96465171543797645,150,0.86465171543797648,0.9808457581191995,145,1.3864200711773766,196,1.2864200711773766,1.4026141138585997,171,2.3425528710180723,150,2.2425528710180722,2.3608924619671128,137
533,"[2, 2, 4, 5]",59.866666666666667,60.75,53.190279214064113,0,False,1.8253662895939518,155,1.6753662895939518,1.8353838047988691,153,1.1658523288907463,92,1.0158523288907462,1.1758698440956632,89,1.1016330941441068,776,0.95163309414410691,1.1116506093490242,754,2.5197628763994824,54,2.3697628763994825,2.5261081749034635,53
534,"[2, 2, 5, 0]",52.899999999999999,53.299999999999997,12.422440537745604,25.366666666666667,False,1.2846233867017345,1032,1.1346233867017346,1.2862497218331521,1027,-0.34270339716589759,1117,-0.49270339716589762,-0.34107706203447996,1109,0.94455099787029706,959,0.79455099787029704,0.94617733300171469,955,1.3162151697057336,1116,1.1662151697057337,1.308659372500093,1105
535,"[2, 2, 5, 1]",53.266666666666666,53.75,19.83453981385729,24.200000000000003,False,1.36574777504859,971,1.2157477750485901,1.3689150183917373,957,-0.039216030535691337,886,-0.18921603053569136,-0.036048787192544007,884,1.0256753862171526,888,0.87567538621715257,1.0288426295602999,872,1.5123215745276783,968,1.3623215745276784,1.5069718130090157,962
536,"[2, 2, 5, 2]",52.399999999999999,53.049999999999997,27.247931747673217,24.233333333333341,False,1.3733282139113672,961,1.2733282139113671,1.3797577984893903,947,0.19076616634156354,719,0.090766166341563537,0.19719575091958666,715,1.0332558250799297,878,0.93325582507992966,1.0396854096579529,862,1.6273332525681048,846,1.5273332525681047,1.626029913258058,841
537,"[2, 2, 5, 3]",51.033333333333331,50.75,34.660031023784903,22.933333333333337,False,1.4713456413074586,830,1.3213456413074585,1.460207905174558,843,0.51114657202100555,471,0.36114657202100553,0.50000883588810496,482,1.118217409663198,752,0.96821740966319791,1.1070796735302975,762,1.8296931627181481,609,1.6796931627181482,1.8043083979095949,643
538,"[2, 2, 5, 4]",52.266666666666666,52.299999999999997,42.073422957600826,19,False,1.569036436706738,647,1.4190364367067381,1.5637722042595525,661,0.83123912543476297,229,0.68123912543476295,0.82597489298757731,239,1.0676403663861591,833,0.91764036638615909,1.0623761339389735,839,2.0477054016110703,394,1.8977054016110702,2.0306670074964979,410
539,"[2, 2, 5, 5]",44.5,43.149999999999999,56.897621509824198,0.86666666666666714,False,1.5189337702765104,747,1.4189337702765104,1.4882800125665967,797,0.67405269478530039,335,0.57405269478530041,0.64339893707538653,358,0.72105372891146369,1098,0.62105372891146371,0.69039997120154994,1103,2.175392131613906,265,2.0753921316139059,2.121349613471899,328
540,"[2, 3, 0, 0]",71.033333333333331,71.349999999999994,1.8976215098241986,7.5,False,1.5257249417535901,729,1.3757249417535899,1.52372305054128,733,-0.41734641295168406,1160,-0.56734641295168409,-0.41934830416399416,1161,1.1856525529221527,626,1.0356525529221525,1.1836506617098426,630,1.5085496096884063,973,1.3585496096884062,1.5030155952700217,967
541,"[2, 3, 0, 1]",71.5,71.549999999999997,9.3097207859358839,6.7666666666666657,False,1.6587593470783741,445,1.4587593470783742,1.651641511656827,468,-0.061949029343549344,911,-0.26194902934354936,-0.069066864765096436,914,1.3186869582469367,339,1.1186869582469368,1.3115691228253896,368,1.7571798507414222,702,1.5571798507414223,1.7449613125191819,709
542,"[2, 3, 0, 2]",71.233333333333334,70.849999999999994,16.723112719751811,7.0333333333333314,False,1.6777998878087237,397,1.5277998878087236,1.6624842917544802,445,0.17949326940127774,730,0.029493269401277722,0.16417767334703426,742,1.3377274989772858,291,1.1877274989772859,1.3224119029230423,341,1.887334546168276,552,1.7373345461682759,1.8640194127682239,564
543,"[2, 3, 0, 3]",70.833333333333329,70.5,24.135211995863497,6.5333333333333314,False,1.7442808126581255,268,1.5942808126581256,1.7299597148953438,306,0.46833717253403051,508,0.31833717253403049,0.45401607477124883,516,1.4042084238266881,156,1.2542084238266882,1.3898873260639064,199,2.0640915398853412,381,1.9140915398853413,2.0419583388459071,397
544,"[2, 3, 0, 4]",70.599999999999994,70.25,31.54860392967942,5.8000000000000114,False,1.8639580257144512,114,1.6639580257144513,1.849346798790465,137,0.81041614360483383,250,0.61041614360483387,0.79580491668084763,261,1.5238856368830138,53,1.3238856368830139,1.5092744099590276,66,2.2950875140558855,182,2.0950875140558853,2.2724765409625221,193
545,"[2, 3, 0, 5]",63.5,64.400000000000006,46.372802481902795,7.7666666666666657,False,1.8765888058037479,97,1.6765888058037479,1.8865128349456104,99,1.2677728802608319,62,1.0677728802608319,1.2776969094026944,61,1.2892051449971296,401,1.0892051449971296,1.2991291741389921,389,2.489599818932529,71,2.2895998189325288,2.4971998939667852,65
546,"[2, 3, 1, 0]",71.033333333333331,71.25,3.7512926577042398,7.5,False,1.5942616532323903,585,1.3942616532323904,1.5903610278428653,606,-0.29319956703648237,1070,-0.49319956703648238,-0.29710019242600744,1068,1.2541892644009529,482,1.054189264400953,1.2502886390114278,502,1.605278987716257,873,1.405278987716257,1.5971982839939676,882
547,"[2, 3, 1, 1]",71.266666666666666,71.200000000000003,11.163391933815925,7,False,1.6228393522753408,518,1.4728393522753409,1.6135326535153744,548,-0.042258889710181324,890,-0.19225888971018135,-0.051565588470147694,899,1.2827669634439034,417,1.1327669634439035,1.273460264683937,446,1.7480202775634401,713,1.5980202775634402,1.7327772779833652,719
548,"[2, 3, 1, 2]",71.099999999999994,70.799999999999997,18.57678386763185,6.3666666666666742,False,1.6937899099836189,368,1.543789909983619,1.6800716361446728,411,0.25109342601257445,673,0.10109342601257443,0.23737515217362837,690,1.3537175211521815,257,1.2037175211521816,1.3399992473132354,302,1.9306988092213646,518,1.7806988092213647,1.9094754461441221,534
549,"[2, 3, 1, 3]",70.666666666666671,70.150000000000006,25.988883143743536,5.9666666666666686,False,1.7596341625070449,246,1.6096341625070449,1.7418508567538913,281,0.53930065681935091,446,0.38930065681935089,0.52151735106619734,461,1.4195617736756074,137,1.2695617736756075,1.4017784679224539,174,2.10661452419474,343,1.9566145241947401,2.0797743043100909,366
550,"[2, 3, 1, 4]",70.666666666666671,70.75,33.402275077559459,4.6999999999999886,False,1.8837680818452041,92,1.6837680818452041,1.8773771811553415,111,0.88583633417198793,194,0.68583633417198786,0.87944543348212534,201,1.5436956930137666,38,1.3436956930137667,1.537304792323904,52,2.3434994495711168,148,2.1434994495711166,2.3319393655098972,161
551,"[2, 3, 1, 5]",63.133333333333333,63.600000000000001,48.226473629782831,8.1333333333333329,False,1.8881221216968096,87,1.6881221216968096,1.8898596730066892,92,1.3349163305902945,36,1.1349163305902945,1.3366538819001741,36,1.2636650379325904,463,1.0636650379325905,1.2654025892424701,467,2.5270751307797852,51,2.327075130779785,2.523555757563396,55
552,"[2, 3, 2, 0]",65.933333333333337,66.200000000000003,5.6036711478800409,12.599999999999994,False,1.4653745722597855,838,1.3153745722597854,1.4629987367952562,838,-0.36651529330381349,1129,-0.51651529330381352,-0.36889112876834262,1131,1.1253021834283479,738,0.97530218342834785,1.1229263479638187,744,1.4732601312244489,1001,1.3232601312244487,1.4652872654395934,990
553,"[2, 3, 2, 1]",66.166666666666671,66.650000000000006,13.015770423991727,12.099999999999994,False,1.5439522713027358,696,1.3939522713027357,1.5456640333538414,693,-0.065574615977512685,913,-0.21557461597751271,-0.063862853926406893,911,1.203879882471298,586,1.053879882471298,1.205591644522404,586,1.6660014210716323,804,1.5160014210716322,1.6635997059485157,791
554,"[2, 3, 2, 2]",65.900000000000006,65.700000000000003,20.429162357807652,11.566666666666663,False,1.5629928120330854,663,1.4629928120330853,1.5517599780084563,684,0.17586768276731482,734,0.075867682767314815,0.16463484874268577,741,1.222920423201648,552,1.1229204232016479,1.2116875891770189,575,1.7961561164984858,653,1.6961561164984857,1.776291082937796,680
555,"[2, 3, 2, 3]",65.200000000000003,66,27.841261633919338,11.433333333333337,False,1.6237436859487011,515,1.523743685948701,1.6315771733012188,509,0.45898153496628114,514,0.35898153496628116,0.46681502231879879,505,1.2836712971172637,413,1.1836712971172636,1.2915047844697813,412,1.9653416015223375,480,1.8653416015223374,1.9707834894908611,475
556,"[2, 3, 2, 4]",65.200000000000003,65.799999999999997,35.254653567735261,8.7666666666666657,False,1.7478776052868601,260,1.5978776052868602,1.7519136242849473,265,0.80551721231891815,253,0.65551721231891813,0.80955323131700541,251,1.3828569227635925,204,1.2328569227635926,1.3868929417616798,206,2.202226526898714,240,2.0522265268987141,2.2025750362594279,242
557,"[2, 3, 2, 5]",64.033333333333331,63,50.078852119958633,0.5,False,1.8738360593999261,100,1.723836059399926,1.8469910528451563,142,1.3698934534019944,23,1.2198934534019943,1.3430484468472246,33,1.2123314058321908,570,1.0623314058321907,1.1854863992774209,626,2.5464864481522507,45,2.3964864481522508,2.5049724130327906,63
558,"[2, 3, 3, 0]",64.433333333333337,64.200000000000003,7.4573422957600828,13.966666666666669,False,1.4552610290696553,851,1.3052610290696554,1.4435607647297526,862,-0.32101870205754224,1099,-0.47101870205754226,-0.33271896639744469,1102,1.1151886402382178,756,0.96518864023821782,1.1034883758983154,770,1.4821319657862313,994,1.3321319657862312,1.461082857389346,997
559,"[2, 3, 3, 1]",64.5,64.299999999999997,14.869441571871768,13.766666666666666,False,1.5306553664827245,720,1.3806553664827246,1.5195804916680848,736,-0.023261386361122516,872,-0.17326138636112254,-0.034336261175762162,883,1.1905829776512871,612,1.0405829776512872,1.1795081028366474,634,1.6706668619149623,799,1.5206668619149624,1.6504818853346008,813
560,"[2, 3, 3, 2]",63.600000000000001,62.850000000000001,22.282833505687694,13.833333333333336,False,1.5375991330195258,707,1.4375991330195257,1.5161827654366238,743,0.2060841381901565,709,0.1060841381901565,0.18466777060725451,727,1.1975267441880884,598,1.0975267441880883,1.1761103766051864,642,1.7848372612116981,672,1.684837261211698,1.7504398158043566,704
561,"[2, 3, 3, 3]",63.299999999999997,63.399999999999999,29.69493278179938,13.333333333333343,False,1.6059900748468563,557,1.5059900748468562,1.6007467961724242,579,0.4968380583008376,481,0.39683805830083763,0.49159477962640552,493,1.2659176860154189,456,1.1659176860154188,1.2606744073409868,477,1.9641180911598348,482,1.8641180911598347,1.9512989456171839,487
562,"[2, 3, 3, 4]",63.93333333333333,63.899999999999999,37.108324715615304,7.3333333333333357,False,1.7422207683785635,278,1.5922207683785636,1.7343743863966594,292,0.85547050984702289,216,0.70547050984702286,0.84762412786511854,224,1.3401266628976951,288,1.1901266628976952,1.332280280915791,317,2.2169873126663293,221,2.0669873126663294,2.2009173175130852,244
563,"[2, 3, 3, 5]",53.799999999999997,53.649999999999999,51.932523267838675,7.3333333333333357,False,1.6969143668040236,364,1.5469143668040235,1.6879961187543362,387,1.1002882034120898,108,0.95028820341208964,1.0913699553624023,111,0.99833629027868731,914,0.84833629027868729,0.98941804222899987,915,2.3349432518671454,161,2.1849432518671454,2.3135863411455309,170
564,"[2, 3, 4, 0]",67.599999999999994,69.200000000000003,9.3097207859358839,10.666666666666671,False,1.584268684939155,613,1.384268684939155,1.6070212584922701,560,-0.13643969148276852,959,-0.33643969148276853,-0.11368711792965341,944,1.2441962961077175,505,1.0441962961077176,1.2669488696608326,461,1.6587502377296441,809,1.4587502377296442,1.6851141138774162,774
565,"[2, 3, 4, 1]",67.700000000000003,69.400000000000006,16.72182006204757,10.566666666666663,False,1.6602996946782007,438,1.4602996946782008,1.6849397196078173,394,0.16195429653962795,742,-0.03804570346037206,0.18659432146924454,725,1.3202273058467633,333,1.1202273058467633,1.3448673307763799,284,1.848126412602066,589,1.648126412602066,1.8770598311265765,556
566,"[2, 3, 4, 2]",67.566666666666663,68.450000000000003,24.135211995863497,9.7999999999999972,False,1.681886924712455,389,1.5318869247124549,1.6910356642624325,382,0.40594328458835982,545,0.2559432845883598,0.41509202413833746,538,1.3418145358810176,282,1.1918145358810175,1.350963275430995,273,1.9816462230036809,465,1.831646223003681,1.9897512081158566,454
567,"[2, 3, 4, 3]",65.066666666666663,66.700000000000003,31.547311271975182,11.333333333333343,False,1.7082574930253545,344,1.5582574930253545,1.7319288089222837,301,0.65467683118460995,346,0.50467683118460993,0.67834814708153901,335,1.368185104193917,236,1.2181851041939171,1.3918564200908463,196,2.105402655868251,346,1.9554026558682509,2.1320364839388706,317
568,"[2, 3, 4, 4]",67.233333333333334,68.400000000000006,38.960703205791106,4.0333333333333314,False,1.8237751135519691,157,1.673775113551969,1.8383412092731009,151,0.99259620972570217,140,0.84259620972570215,1.0071623054468342,137,1.3846334382675844,200,1.2346334382675843,1.3991995339887162,178,2.3469706995845043,144,2.1969706995845044,2.362215127481631,136
569,"[2, 3, 4, 5]",54.5,55.899999999999999,53.784901758014477,1.8999999999999986,False,1.7788082705512822,221,1.5788082705512823,1.7992414226434359,204,1.0895631826505585,112,0.88956318265055845,1.109996334742712,104,1.0431826242224302,863,0.84318262422243018,1.0636157763145837,835,2.4493068967774687,92,2.2493068967774685,2.4675836417762165,78
570,"[2, 3, 5, 0]",49.266666666666666,49.600000000000001,13.017063081695968,29,False,1.2711723286098289,1040,1.0711723286098289,1.2719427827156939,1037,-0.33831577893929204,1112,-0.53831577893929206,-0.33754532483342709,1108,0.93109993977839145,967,0.73109993977839149,0.93187039388425652,967,1.2895056847556206,1122,1.0895056847556206,1.2794217663677527,1122
571,"[2, 3, 5, 1]",49.06666666666667,49.700000000000003,20.429162357807652,28.399999999999999,False,1.3414732874150883,993,1.1414732874150884,1.3479625096540258,978,-0.045651841850682107,893,-0.24565184185068212,-0.039162619611744554,886,1.0014008985836509,912,0.80140089858365093,1.0078901208225886,899,1.4713103509348289,1003,1.2713103509348289,1.468820794313008,986
572,"[2, 3, 5, 2]",48.366666666666667,49,27.842554291623578,28.266666666666673,False,1.352237087907747,982,1.2022370879077471,1.3588052897516789,969,0.18751371665645433,723,0.03751371665645431,0.19408191850038614,717,1.0121646990763096,900,0.86216469907630955,1.0187329009202415,888,1.5905284226937071,888,1.440528422693707,1.5878788945620501,892
573,"[2, 3, 5, 3]",45.666666666666664,46.850000000000001,35.254653567735261,28.300000000000004,False,1.374787622264789,960,1.2247876222647891,1.3921034977026689,932,0.43242722929684685,529,0.28242722929684683,0.44974310473472701,517,1.0097669397415212,901,0.85976693974152119,1.0270828151794014,876,1.7092371830961341,753,1.5592371830961342,1.719977413169445,735
574,"[2, 3, 5, 4]",46.56666666666667,46.700000000000003,42.668045501551191,24.699999999999996,False,1.5161116944043065,752,1.3161116944043065,1.5133893157750056,751,0.79615305945084236,261,0.59615305945084229,0.79343068082154145,263,1.0028231732047201,910,0.80282317320472019,1.0001007945754192,905,1.968836634552152,476,1.768836634552152,1.9530423045899643,485
575,"[2, 3, 5, 5]",38.700000000000003,38.75,57.492244053774563,4.3666666666666671,False,1.4640990109961498,842,1.3140990109961499,1.4606819342086319,841,0.58948680830742162,408,0.43948680830742159,0.5860697315199036,411,0.65432651875209591,1141,0.50432651875209589,0.6509094419645779,1130,2.0939995283239163,351,1.9439995283239164,2.0742851822122237,373
576,"[2, 4, 0, 0]",68.299999999999997,67.400000000000006,2.4948293691830403,10.233333333333334,False,1.4794898896171276,819,1.3294898896171274,1.4546951291348686,846,-0.44566522930738139,1174,-0.59566522930738142,-0.47045998978964032,1183,1.1394175007856902,721,0.98941750078569002,1.1146227403034312,750,1.4546198242879873,1010,1.3046198242879872,1.417476439347972,1028
577,"[2, 4, 0, 1]",68.400000000000006,67.75,9.9069286452947267,9.86666666666666,False,1.6055208993561731,559,1.4055208993561732,1.5854616915162383,617,-0.097271241284984933,934,-0.29727124128498494,-0.1173304491249198,948,1.2654485105247357,458,1.0654485105247358,1.2453893026848009,509,1.6939959991604088,771,1.4939959991604088,1.6632421905529893,793
578,"[2, 4, 0, 2]",66.966666666666669,66.049999999999997,17.32032057911065,11.299999999999997,False,1.6022779086773546,569,1.4522779086773545,1.5773171298417394,634,0.12188752605067388,765,-0.028112473949326144,0.096926747215058895,783,1.2622055198459168,469,1.1122055198459169,1.237244741010302,525,1.7947059385580979,655,1.644705938558098,1.7568333977629824,700
579,"[2, 4, 0, 3]",67.900000000000006,67.049999999999997,24.732419855222336,9.4666666666666544,False,1.7442257265658059,269,1.5442257265658059,1.7204254643750081,326,0.486198322222476,491,0.28619832222247599,0.46239806003167822,510,1.4041533377343685,157,1.2041533377343685,1.3803530755435707,223,2.0551140820227798,388,1.8551140820227798,2.0191526294433819,421
580,"[2, 4, 0, 4]",65.333333333333329,64.099999999999994,32.145811789038262,10.966666666666669,False,1.719335876803795,321,1.569335876803795,1.688546725485319,386,0.68371023047494295,330,0.53371023047494293,0.65292107915646702,348,1.3792634879723575,213,1.2292634879723576,1.3484743366538816,277,2.1272205441349947,321,1.9772205441349948,2.0809102203545633,364
581,"[2, 4, 0, 5]",60.333333333333336,61.049999999999997,46.970010341261634,10.93333333333333,False,1.8220770134295943,161,1.6220770134295943,1.8288773186024898,163,1.2311773236674435,74,1.0311773236674435,1.2379776288403388,74,1.2227491954357992,553,1.0227491954357992,1.2295495006086945,544,2.4247334098641344,98,2.2247334098641343,2.4269408738681646,100
582,"[2, 4, 1, 0]",68.13333333333334,67.5,4.3485005170630817,10.399999999999991,False,1.5448432394660467,695,1.3448432394660468,1.5251305747908839,731,-0.32470174502206078,1101,-0.52470174502206079,-0.34441440969722364,1115,1.2047708506346093,584,1.0047708506346094,1.1850581859594465,628,1.5471428085973862,935,1.3471428085973862,1.5167525066797274,950
583,"[2, 4, 1, 1]",68.533333333333331,67.650000000000006,11.760599793174768,9.7333333333333343,False,1.5766043001388783,629,1.4266043001388784,1.5520996688178239,683,-0.070577706065878432,917,-0.22057770606587845,-0.095082337386933058,930,1.2365319113074409,520,1.086531911307441,1.2120272799863865,574,1.6940904921630211,770,1.5440904921630212,1.6574248792769355,800
584,"[2, 4, 1, 2]",67.066666666666663,65.849999999999994,19.173991726990693,10.400000000000006,False,1.6227246371340835,520,1.4727246371340834,1.5920563729661095,598,0.19794438894380406,712,0.047944388943804039,0.16727612477582998,737,1.2826522483026457,418,1.1326522483026458,1.2519839841346716,496,1.8439591528170198,594,1.6939591528170199,1.7984693971830232,649
585,"[2, 4, 1, 3]",67.799999999999997,66.75,26.586091003102378,8.8333333333333428,False,1.7608524210666774,243,1.5608524210666774,1.7332659733221629,295,0.55843515115974873,429,0.35843515115974867,0.53084870341523427,453,1.42078003223524,134,1.22078003223524,1.3931935844907255,188,2.0993196238195595,348,1.8993196238195595,2.058241939559518,389
586,"[2, 4, 1, 4]",65.433333333333337,64.349999999999994,33.999482936918305,9.4333333333333229,False,1.7397826052605243,283,1.5897826052605244,1.7118302724071577,343,0.75976709336807358,278,0.60976709336807355,0.73181476051470673,293,1.3997102164290869,169,1.249710216429087,1.3717578835757203,238,2.1764737583939175,263,2.0264737583939176,2.1340063216421767,311
587,"[2, 4, 1, 5]",60.100000000000001,60.700000000000003,48.823681489141677,11.166666666666664,False,1.836157018626561,146,1.636157018626561,1.8407684604610368,148,1.3008674633008115,49,1.1008674633008115,1.3054789051352873,49,1.1997557776751651,593,0.99975577767516499,1.2043672195096409,587,2.4655738366861528,80,2.2655738366861526,2.464756839332348,81
588,"[2, 4, 2, 0]",61.899999999999999,61.399999999999999,6.2008790072388829,16.633333333333333,False,1.3943092994102497,933,1.2443092994102496,1.3778315748825154,951,-0.4196643303725841,1162,-0.56966433037258413,-0.43614205490031821,1168,1.0542369105788121,846,0.90423691057881206,1.037759186051078,866,1.3865204748201041,1068,1.236520474820104,1.3581012504343515,1073
589,"[2, 4, 2, 1]",62.299999999999997,61.850000000000001,13.612978283350568,15.966666666666669,False,1.4760703600830816,821,1.3260703600830814,1.4604968714411006,842,-0.11554029141640154,946,-0.26554029141640156,-0.13111378005838226,959,1.1359979712516441,722,0.98599797125164401,1.1204244826096632,746,1.5834681583857391,901,1.4334681583857389,1.5564136909432742,919
590,"[2, 4, 2, 2]",61.899999999999999,61.600000000000001,21.026370217166495,15.56666666666667,False,1.4925642115095257,795,1.3925642115095256,1.479883955336222,808,0.12335531802452052,762,0.023355318024520511,0.11067506185121681,773,1.1524918226780883,694,1.0524918226780882,1.1398115665047845,710,1.7102577388378313,752,1.6102577388378312,1.6869318930598887,772
591,"[2, 4, 2, 3]",62.233333333333334,62.100000000000001,28.438469493278181,14.400000000000006,False,1.6230519275304047,517,1.4730519275304048,1.6134986189834146,549,0.47620601232875026,499,0.32620601232875024,0.46665270378176016,506,1.2829795386989673,416,1.1329795386989674,1.2734262301519772,447,1.9555228649160856,491,1.8055228649160855,1.9365176782207638,504
592,"[2, 4, 2, 4]",59.600000000000001,59.850000000000001,35.851861427094107,14.366666666666667,False,1.5968887331164421,579,1.496888733116442,1.5949110193342324,593,0.6724445759292651,336,0.57244457592926512,0.67046686214705542,340,1.2199238934059973,558,1.1199238934059972,1.2179461796237876,564,2.0259467695409201,418,1.92594676954092,2.0161020942592796,427
593,"[2, 4, 2, 5]",59.899999999999999,60.100000000000001,50.676059979317479,4.6333333333333329,False,1.8008607695724619,191,1.6508607695724618,1.7978998402995039,207,1.2670577706065878,63,1.1170577706065878,1.2640968413336302,63,1.1274119588175497,734,0.97741195881754961,1.1244510295445918,739,2.4572229555168343,87,2.3072229555168344,2.4461734948017426,90
594,"[2, 4, 3, 0]",60.233333333333334,59.850000000000001,8.0545501551189247,18.033333333333331,False,1.4310123945902387,885,1.2310123945902387,1.4169379066144805,898,-0.32735110075619372,1105,-0.52735110075619374,-0.34142558873195189,1111,1.0909400057588012,796,0.89094000575880117,1.0768655177830431,810,1.4411859156634341,1024,1.2411859156634342,1.4153569442516758,1032
595,"[2, 4, 3, 1]",60.100000000000001,60,15.466649431230611,18.166666666666664,False,1.5025866980474505,774,1.3025866980474505,1.4939070006414201,788,-0.033413819015631396,882,-0.23341381901563141,-0.042093516421661759,890,1.1625143092160131,670,0.96251430921601311,1.1538346118099827,685,1.6246731393300229,848,1.4246731393300229,1.6060293168488837,870
596,"[2, 4, 3, 2]",58.966666666666669,59.049999999999997,22.880041365046537,18.466666666666669,False,1.5050737583024181,768,1.3550737583024179,1.5000029452960351,777,0.19147499925381417,717,0.041474999253814149,0.18640418624743116,726,1.1650013694709807,663,1.0150013694709805,1.1599305564645976,677,1.7329545874209256,729,1.5829545874209257,1.7187206938381636,737
597,"[2, 4, 3, 3]",59.5,59.549999999999997,30.29214064115822,17,False,1.5893815082791543,597,1.4393815082791543,1.5836176089432277,621,0.49814572751390096,480,0.34814572751390094,0.49238182817797416,492,1.2493091194477168,491,1.0993091194477169,1.2435452201117903,512,1.9332673859613227,515,1.7832673859613228,1.9183064789990389,526
598,"[2, 4, 3, 4]",57.366666666666667,58.149999999999999,37.70553257497415,13.899999999999999,False,1.6227683987548351,519,1.472768398754835,1.6311692498003745,511,0.75393437600405944,284,0.60393437600405941,0.762335227049599,282,1.2087301360867895,575,1.0587301360867893,1.2171309871323288,568,2.0663104717415135,380,1.9163104717415134,2.0695377541207467,380
599,"[2, 4, 3, 5]",51.200000000000003,50.950000000000003,52.529731127197515,9.93333333333333,False,1.703226003971466,352,1.503226003971466,1.6927023745631145,379,1.0767394476115901,114,0.87673944761159017,1.0662158182032386,117,0.99270377025895296,920,0.792703770258953,0.98218014085060146,921,2.3343785814414884,162,2.1343785814414882,2.3098808015222927,172
600,"[2, 4, 4, 0]",64.033333333333331,64.75,9.9069286452947267,14.233333333333334,False,1.4721168246532867,825,1.3221168246532868,1.4784996661997827,811,-0.23067531598787128,1018,-0.3806753159878713,-0.22429247444137534,1009,1.1320444358218493,726,0.98204443582184942,1.1384272773683453,715,1.5337884837369651,949,1.3837884837369652,1.5368415114358416,939
601,"[2, 4, 4, 1]",63.700000000000003,64.75,17.319027921406413,14.566666666666663,False,1.5398710941546412,703,1.3898710941546413,1.5526206589608997,681,0.05944193179683388,805,-0.090558068203166142,0.072191496603092209,795,1.1997987053232038,592,1.0497987053232039,1.2125482701294623,573,1.7122280349414116,749,1.5622280349414115,1.7236938500771921,729
602,"[2, 4, 4, 2]",63.700000000000003,64.5,24.732419855222336,13.666666666666657,False,1.5640050134928007,659,1.4640050134928007,1.5720077428560211,647,0.3059776091494707,623,0.20597760914947072,0.31398033851269103,606,1.2239326246613633,547,1.1239326246613632,1.2319353540245837,535,1.8491129603177883,588,1.7491129603177882,1.8542120521938066,576
603,"[2, 4, 4, 3]",61.966666666666669,62.049999999999997,32.144519131334022,14.333333333333329,False,1.6550190453031535,456,1.5050190453031536,1.6496097482753656,470,0.61935461924317414,376,0.46935461924317412,0.613945322215386,387,1.314946656471716,350,1.1649466564717161,1.3095373594439281,370,2.0422188042872373,404,1.8922188042872374,2.028670502889486,413
604,"[2, 4, 4, 4]",63.166666666666664,63.850000000000001,39.557911065149945,8.1000000000000014,False,1.7020731683764569,354,1.6020731683764569,1.7079208828033983,349,0.88881050033095521,191,0.78881050033095523,0.89465821475789653,186,1.2509873359048955,487,1.1509873359048954,1.2568350503318368,488,2.2093897644364691,232,2.109389764436469,2.2113958357361518,233
605,"[2, 4, 4, 5]",54.466666666666669,54.200000000000003,54.382109617373317,0,False,1.7341436768188947,293,1.5841436768188948,1.7229350202243658,321,1.0150381959502288,131,0.86503819595022879,1.0038295393557002,138,0.98657387330286572,928,0.8365738733028657,0.97536521670833709,930,2.4135206896159729,103,2.263520689615973,2.3893449951920274,121
606,"[2, 4, 5, 0]",49.833333333333336,49.600000000000001,13.614270941054809,28.43333333333333,False,1.2879678367450134,1030,1.0879678367450134,1.2779148613092823,1032,-0.30360403502334227,1077,-0.50360403502334228,-0.31365701045907329,1088,0.94789544791357594,956,0.74789544791357587,0.93784247247784491,962,1.3188624949805523,1114,1.1188624949805523,1.2944768379499474,1114
607,"[2, 4, 5, 1]",50.06666666666667,49.850000000000001,21.026370217166495,27.399999999999999,False,1.3665455357879639,969,1.1665455357879639,1.3567826895134372,971,-0.0026633576970412354,853,-0.20266335769704125,-0.012426203971567962,864,1.0264731469565265,887,0.82647314695652652,1.0167103006819997,890,1.5116037848277355,970,1.3116037848277355,1.4876958998510601,977
608,"[2, 4, 5, 2]",48.700000000000003,49.100000000000001,28.439762150982421,27.933333333333337,False,1.3645758897610976,973,1.2145758897610976,1.3666761025224825,961,0.21776875429057019,703,0.067768754290570166,0.21986896705195502,702,1.0245035009296601,891,0.87450350092966012,1.0266037136910451,878,1.6139962817128057,859,1.4639962817128056,1.60548065544815,872
609,"[2, 4, 5, 3]",46.600000000000001,47.600000000000001,35.851861427094107,27.366666666666667,False,1.4485865259857118,864,1.2485865259857118,1.4623160826253714,840,0.52414236879853493,460,0.32414236879853497,0.53787192543819451,448,1.071621686275267,827,0.87162168627526704,1.0853512429149266,799,1.7978480595016604,648,1.5978480595016604,1.8041326545309266,644
610,"[2, 4, 5, 4]",47.966666666666669,48.799999999999997,43.26525336091003,23.299999999999997,False,1.4988240106888968,781,1.3488240106888967,1.5092348120901131,762,0.79678161151619753,260,0.64678161151619751,0.80719241291741384,255,0.97359133230213346,937,0.82359133230213344,0.98400213370334977,918,1.9692254133693439,475,1.819225413369344,1.9715778515541622,474
611,"[2, 4, 5, 5]",39.833333333333336,40.350000000000001,58.089451913133402,0,False,1.4917179486729299,796,1.34171794867293,1.4970337596376631,782,0.58724535301625991,412,0.43724535301625989,0.59256116398099312,407,0.67000129924169938,1127,0.52000129924169936,0.67531711020643259,1116,2.1376580771915847,312,1.9876580771915846,2.1300872826568971,319
612,"[2, 5, 0, 0]",63.533333333333331,64.950000000000003,3.684074457083764,15,False,1.4003381978815339,923,1.2503381978815338,1.4200685926721035,896,-0.4891395684059533,1194,-0.63913956840595332,-0.46940917361538348,1181,1.0602658090500965,839,0.91026580905009635,1.0799962038406661,807,1.3642967601645424,1083,1.2142967601645422,1.3850623476265849,1058
613,"[2, 5, 0, 1]",63.533333333333331,64.549999999999997,11.09617373319545,14.733333333333334,False,1.5244591906426506,734,1.3244591906426506,1.5365946487243594,710,-0.14265559736148598,963,-0.34265559736148599,-0.13052013927977718,957,1.1843868018112131,629,0.98438680181121319,1.1965222598929219,604,1.6011490988058925,881,1.4011490988058926,1.6117279290523154,861
614,"[2, 5, 0, 2]",62.899999999999999,64,18.509565667011376,14.56666666666667,False,1.5364963357872616,711,1.3864963357872617,1.5502855300878355,687,0.091783305797602854,785,-0.058216694202397168,0.10557250009817654,776,1.1964239469558242,603,1.0464239469558243,1.2102131412563981,579,1.7220497280521516,740,1.5720497280521517,1.7346060632572153,717
615,"[2, 5, 0, 3]",64.333333333333329,64.349999999999994,25.921664943123062,12.300000000000011,False,1.6879942385653564,377,1.4879942385653564,1.6810520924692052,405,0.46564418685904824,511,0.26564418685904823,0.45870204076289706,513,1.3479218497339189,267,1.147921849733919,1.3409797036377678,298,1.9950770526721893,452,1.7950770526721893,1.9803718144622324,467
616,"[2, 5, 0, 4]",61.700000000000003,62.850000000000001,33.335056876938985,13.666666666666657,False,1.7118310441513933,332,1.5118310441513934,1.7267049991491366,311,0.71188275045956284,309,0.51188275045956289,0.72675670545730608,297,1.3717586553199559,222,1.1717586553199559,1.3866326103176991,207,2.1155009572970243,332,1.9155009572970241,2.1290564002800361,321
617,"[2, 5, 0, 5]",49.866666666666667,51.299999999999997,48.159255429162357,21.399999999999999,False,1.5840543539520651,614,1.4340543539520649,1.6056431872030159,566,1.0288320168269358,124,0.87883201682693568,1.0504208500778867,122,0.96094163420025536,944,0.81094163420025533,0.98253046745120642,920,2.1405516805696294,308,1.9905516805696295,2.1586184629617176,284
618,"[2, 5, 1, 0]",63.166666666666664,64.450000000000003,5.5377456049638054,15.366666666666667,False,1.4618715137745955,843,1.2618715137745955,1.479111633264828,809,-0.37199611807649052,1134,-0.57199611807649053,-0.354755998586258,1122,1.121799124943158,744,0.92179912494315808,1.1390392444333906,712,1.4517720720117986,1016,1.2517720720117986,1.4690582791349109,985
619,"[2, 5, 1, 1]",63.200000000000003,64.5,12.94984488107549,15.066666666666663,False,1.4866291788616888,805,1.3366291788616886,1.5041819931145524,771,-0.12487547470604665,952,-0.27487547470604667,-0.10732266045318284,939,1.1465567900302513,703,0.99655679003025122,1.1641096042831149,671,1.5894656893968393,891,1.4394656893968392,1.6071839624282136,865
620,"[2, 5, 1, 2]",62.56666666666667,63.549999999999997,20.363236814891415,14.899999999999999,False,1.5486663240062994,687,1.3986663240062995,1.5602779377691673,668,0.15956342845304217,744,0.0095634284530421443,0.17117504221590985,733,1.208593935174862,576,1.0585939351748621,1.2202055489377299,559,1.760366318643098,697,1.6103663186430981,1.7698753394174935,684
621,"[2, 5, 1, 3]",64.033333333333331,64,27.775336091003101,12.600000000000009,False,1.7008008991103705,356,1.5008008991103705,1.6929432343277526,377,0.53406098184046358,451,0.33406098184046362,0.52620331705784551,456,1.3607285102789333,246,1.1607285102789333,1.3528708454963152,271,2.034234922006827,409,1.8342349220068268,2.0181877799264165,425
622,"[2, 5, 1, 4]",61.766666666666666,63.200000000000003,35.188728024819028,12.200000000000003,False,1.7316411002821459,297,1.531641100282146,1.7518872802481904,266,0.78730294102671672,264,0.58730294102671676,0.80754912099276122,253,1.3679389286172028,237,1.1679389286172028,1.3881851085832473,204,2.163912892812256,284,1.9639128928122558,2.1846991908715538,257
623,"[2, 5, 1, 5]",49.166666666666664,50.850000000000001,50.0129265770424,16.399999999999999,False,1.5892209465853644,598,1.4392209465853645,1.6156355948843482,544,1.0885746177332445,113,0.93857461773324458,1.1149892660322283,102,0.92903480387595405,971,0.77903480387595403,0.9554494521749376,942,2.169614204979982,276,2.0196142049799821,2.1938877391219962,249
624,"[2, 5, 2, 0]",61.299999999999997,61.700000000000003,7.3901240951396074,17.233333333333334,False,1.3947416484216846,932,1.2447416484216847,1.3954202282931685,927,-0.38355462872412727,1139,-0.53355462872412729,-0.38287604885264359,1142,1.0546692595902472,845,0.90466925959024713,1.0553478394617308,847,1.4013572536579599,1059,1.25135725365796,1.3957211145703501,1052
625,"[2, 5, 2, 1]",61.399999999999999,62,14.802223371251293,16.866666666666667,False,1.4707726581607301,832,1.3207726581607302,1.4752374235859307,817,-0.085160640701731016,925,-0.23516064070173104,-0.080695875276530438,924,1.1307002693292927,731,0.98070026932929277,1.1351650347544933,719,1.5907334285303816,887,1.4407334285303817,1.590213521123415,891
626,"[2, 5, 2, 2]",61.299999999999997,61.450000000000003,22.215615305067217,16.166666666666671,False,1.4929965605209607,793,1.3929965605209607,1.4889283049494064,796,0.15946501967297713,745,0.059465019672977126,0.15539676410142281,745,1.1529241716895233,692,1.0529241716895232,1.148855916117969,694,1.7250945176756871,736,1.625094517675687,1.7130916553283146,740
627,"[2, 5, 2, 3]",62.06666666666667,62.75,29.627714581178903,14.56666666666667,False,1.6317610167795311,499,1.481761016779531,1.6377328420143207,491,0.52059245421489808,464,0.37059245421489806,0.52656427944968764,455,1.2916886279480937,395,1.1416886279480936,1.2976604531828833,393,1.981296267421917,466,1.8312962674219171,1.9830509549204294,460
628,"[2, 5, 2, 4]",61.600000000000001,63.149999999999999,37.04110651499483,9.6666666666666643,False,1.6969815235540233,363,1.5469815235540232,1.7194616980613406,331,0.80821471900386799,251,0.65821471900386797,0.83069489351118553,237,1.296231782085564,382,1.1462317820855639,1.3187119565928813,351,2.1564032903866281,296,2.0064032903866282,2.1801226375124254,260
629,"[2, 5, 2, 5]",50.93333333333333,52,51.865305067218202,10.200000000000003,False,1.5914883647638629,590,1.4914883647638628,1.6059948228240808,564,0.99822311140295272,139,0.89822311140295275,1.0127295694631706,134,0.89425465225093614,992,0.79425465225093617,0.90876111031115403,983,2.2108987696883982,231,2.1108987696883981,2.2198714574097278,225
630,"[2, 5, 3, 0]",58.533333333333331,59.200000000000003,9.2437952430196493,19.733333333333334,False,1.4104345568444581,914,1.2104345568444581,1.4164885853415889,899,-0.31225158586495255,1087,-0.51225158586495256,-0.30619755736782167,1079,1.0703621680130206,828,0.87036216801302058,1.0764161965101515,811,1.4282604959595067,1037,1.2282604959595067,1.4287832600005776,1021
631,"[2, 5, 3, 1]",58.766666666666666,59.25,16.655894519131333,19.5,False,1.4890122558874084,802,1.2890122558874084,1.4915589451913134,792,-0.011310908538651521,860,-0.21131090853865153,-0.0087642192347465175,856,1.148939867055971,700,0.94893986705597089,1.151486556359876,689,1.6210017858066901,852,1.4210017858066901,1.6169089432938804,852
632,"[2, 5, 3, 2]",56.600000000000001,56.950000000000003,24.06928645294726,20.766666666666659,False,1.4717624740371127,827,1.3217624740371128,1.4720219784535233,821,0.19384106762553055,716,0.043841067625530528,0.1941005720419412,716,1.1316900852056753,728,0.98169008520567536,1.1319495896220859,724,1.7032035928431903,760,1.5532035928431904,1.6952200146804444,764
633,"[2, 5, 3, 3]",58.366666666666667,58.850000000000001,31.481385729058946,18.133333333333333,False,1.57962710007497,625,1.4296271000749698,1.5822189205817287,625,0.52406867194673823,461,0.37406867194673821,0.526660492453497,454,1.2395547112435326,514,1.0895547112435324,1.2421465317502913,516,1.9346437049001324,514,1.7846437049001325,1.930459450095988,509
634,"[2, 5, 3, 4]",58.866666666666667,59.700000000000003,38.894777662874873,12.399999999999999,False,1.7133111043027724,330,1.5133111043027725,1.7224920804262172,322,0.88015443418901862,199,0.68015443418901866,0.88933541031246333,191,1.2754879398767123,434,1.0754879398767123,1.284668916000157,423,2.1841478114318655,256,1.9841478114318654,2.1889912345555569,253
635,"[2, 5, 3, 5]",45.733333333333334,45.75,53.718976215098245,10.666666666666664,False,1.5607041933903711,668,1.4107041933903712,1.5558606482269317,677,0.87475538263545916,202,0.72475538263545913,0.8699118374720195,207,0.82639705791984386,1029,0.67639705791984384,0.82155351275640431,1029,2.176388663700545,264,2.026388663700545,2.1574327539435205,286
636,"[2, 5, 4, 0]",56.666666666666664,56.950000000000003,11.09617373319545,21.600000000000001,False,1.393304691491547,935,1.1933046914915471,1.3922908512560053,931,-0.27381009651258953,1046,-0.47381009651258954,-0.27482393674813127,1043,1.0532323026601096,848,0.85323230266010963,1.0522184624245678,851,1.4278456776056683,1038,1.2278456776056683,1.4181795419555414,1026
637,"[2, 5, 4, 1]",56.899999999999999,57.049999999999997,18.508273009307135,20.56666666666667,False,1.4718823905344973,826,1.2718823905344974,1.4683105781943371,829,0.027130580813711502,829,-0.17286941918628851,0.023558768473551261,828,1.1318100017030599,727,0.93181000170305994,1.1282381893628997,734,1.6205869674528515,853,1.4205869674528515,1.6075785699007965,864
638,"[2, 5, 4, 2]",56.266666666666666,56.299999999999997,25.921664943123062,20.366666666666674,False,1.4839195356791084,810,1.3339195356791085,1.4782039912033826,813,0.26156948397280033,659,0.11156948397280031,0.25585393949707436,672,1.143847146847671,711,0.99384714684767095,1.138131602371945,716,1.7414875966991104,723,1.5914875966991104,1.7253633254978862,727
639,"[2, 5, 4, 3]",55.833333333333336,55.75,33.333764219234745,19.533333333333324,False,1.5997637882025344,575,1.3997637882025344,1.5918819459898159,599,0.59977671477957673,398,0.39977671477957666,0.59189487256685824,408,1.259691399371097,475,1.059691399371097,1.2518095571583785,497,1.9674033116724854,478,1.7674033116724854,1.9482088729677598,490
640,"[2, 5, 4, 4]",58,57.899999999999999,40.747156153050675,13.266666666666666,False,1.6652814087291485,426,1.5152814087291484,1.6568386501381016,455,0.88769609332066868,192,0.73769609332066866,0.87925333472962197,202,1.1904106744995726,613,1.0404106744995725,1.1819679159085257,631,2.1589713553887391,291,2.0089713553887392,2.1398476183780923,305
641,"[2, 5, 4, 5]",45.43333333333333,46.25,55.571354705274047,2.06666666666667,False,1.5734979273583432,635,1.4234979273583432,1.5838781040147656,619,0.79493019209464089,262,0.64493019209464086,0.80531036875106354,257,0.80214322208429967,1049,0.65214322208429965,0.81252339874072232,1035,2.2155139463001552,227,2.0655139463001553,2.2168629917558693,227
642,"[2, 5, 5, 0]",40.366666666666667,39.700000000000003,14.803516028955533,37.899999999999999,False,1.0690453470467709,1153,0.91904534704677099,1.0518326286439859,1154,-0.48684917208456302,1193,-0.63684917208456304,-0.50406189048734829,1196,0.72897295821533359,1092,0.57897295821533357,0.71176023981254832,1091,1.0599191279967597,1195,0.90991912799675978,1.0223343930876436,1196
643,"[2, 5, 5, 1]",40.56666666666667,40,22.215615305067217,36.899999999999999,False,1.1469863737637453,1119,0.99698637376374522,1.1316498239367481,1121,-0.18654516708423829,985,-0.33654516708423832,-0.20188171691123535,994,0.80691398493230782,1046,0.65691398493230779,0.79157743510531076,1049,1.2518191391002524,1133,1.1018191391002525,1.2168267996407085,1132
644,"[2, 5, 5, 2]",39.56666666666667,39.600000000000001,29.629007238883144,37.06666666666667,False,1.1520201233226177,1115,1.0520201233226176,1.1481888065660466,1114,0.040890340489111804,817,-0.059109659510888202,0.037059023732540913,819,0.81194773449118007,1040,0.7119477344911801,0.80811641773460918,1040,1.3634657021659171,1086,1.263465702165917,1.3435249678014658,1083
645,"[2, 5, 5, 3]",39,38.299999999999997,37.04110651499483,32.266666666666666,False,1.2653176865421387,1043,1.1153176865421386,1.2476262550233659,1049,0.37655088199198339,567,0.22655088199198337,0.35885945047321088,574,0.8645679450736794,1009,0.71456794507367938,0.8468765135549069,1010,1.5860163021645306,897,1.4360163021645307,1.547270345492052,929
646,"[2, 5, 5, 4]",40.299999999999997,40,44.454498448810753,30.966666666666669,False,1.3642818265933707,974,1.2142818265933706,1.3540386553741834,975,0.6979167800576932,318,0.54791678005769318,0.68767360883850615,327,0.81526424644859297,1039,0.66526424644859294,0.80502107522940591,1042,1.8057110985448332,634,1.6557110985448331,1.7774489890348124,677
647,"[2, 5, 5, 5]",35.233333333333334,34.100000000000001,59.278697001034125,0,False,1.3657496185672175,970,1.2657496185672175,1.3402553244407212,985,0.40181476851551112,550,0.30181476851551114,0.37632047438901473,560,0.52024806737797236,1238,0.42024806737797232,0.49475377325147596,1249,2.001541406786592,444,1.9015414067865919,1.9508989973871231,489
648,"[3, 0, 0, 0]",73.666666666666671,75.900000000000006,0.16804550155118925,4.86666666666666,False,1.5087262954229823,762,1.4087262954229822,1.5428196955218412,696,-0.48623233953048206,1192,-0.58623233953048204,-0.4521389394316232,1176,1.1686539065915449,656,1.0686539065915448,1.2027473066904038,590,1.4814095789746318,996,1.3814095789746317,1.5252889071323787,947
649,"[3, 0, 0, 1]",73.86666666666666,76.25,7.5801447776628752,4.5333333333333456,False,1.6366673221399561,487,1.4866673221399562,1.673586257903211,426,-0.13592833453015751,958,-0.28592833453015754,-0.099009398766902845,933,1.2965949333085187,380,1.1465949333085188,1.3335138690717736,315,1.7233095900781246,738,1.5733095900781244,1.7710546583373965,683
650,"[3, 0, 0, 2]",73.566666666666663,75.75,14.9935367114788,4.7000000000000028,False,1.7050711905443294,349,1.5550711905443295,1.7382265063552942,286,0.15487729188869326,747,0.0048772918886932359,0.18803260769965802,722,1.364998801712892,241,1.2149988017128921,1.3981541175238568,181,1.9026230067612877,540,1.7526230067612876,1.9452061371942486,492
651,"[3, 0, 0, 3]",72.933333333333337,75.75,22.405635987590486,4.5,False,1.7170954091118984,326,1.6170954091118983,1.7623474991164112,248,0.38926448873961272,557,0.28926448873961275,0.43451657874412553,530,1.377023020280461,217,1.2770230202804609,1.4222751102849738,141,2.0234910492725202,421,1.9234910492725201,2.0820584758355989,362
652,"[3, 0, 0, 4]",73.766666666666666,75.25,29.819027921406413,2.8666666666666742,False,1.857146136599463,126,1.7071461365994631,1.8769877475684944,112,0.75171697424165562,285,0.6017169742416556,0.77155858521068676,276,1.5170737477680256,62,1.3670737477680257,1.536915358737057,53,2.2814079432411574,189,2.1314079432411575,2.3062099546924508,176
653,"[3, 0, 0, 5]",67.400000000000006,67.849999999999994,44.643226473629781,3.86666666666666,False,1.8837837078602369,91,1.7337837078602369,1.8847234039768042,100,1.2230805020691302,77,1.0730805020691303,1.2240201981856975,78,1.3309915672190789,308,1.1809915672190787,1.3319312633356462,319,2.4944283804789902,66,2.3444283804789903,2.4914596234861874,66
654,"[3, 0, 1, 0]",73.400000000000006,75.650000000000006,2.0217166494312306,5.1333333333333258,False,1.572169628293973,640,1.4221696282939729,1.6066095715576036,562,-0.36717887222309009,1130,-0.51717887222309011,-0.33273892895945945,1103,1.2320972394625356,529,1.0820972394625354,1.2665371827261662,463,1.5714087270529595,914,1.4214087270529594,1.6156515619004672,853
655,"[3, 0, 1, 1]",73.433333333333337,75.900000000000006,9.4338159255429161,4.8333333333333286,False,1.6469272933810659,470,1.4969272933810658,1.6854773997617585,393,-0.070058228852646676,916,-0.2200582288526467,-0.031508122471954114,877,1.3068549045496285,361,1.1568549045496284,1.3454050109303211,283,1.7591023444379998,698,1.6091023444379999,1.8088706238015799,637
656,"[3, 0, 1, 2]",73.599999999999994,75.700000000000003,16.847207859358843,4.6666666666666714,False,1.7742445743491062,226,1.5742445743491063,1.8058138507454873,188,0.27966081012987171,640,0.079660810129871695,0.31123008652625278,609,1.4341721855176688,116,1.2341721855176688,1.4657414619140499,91,2.0001936635328286,445,1.8001936635328286,2.0406621705701471,401
657,"[3, 0, 1, 3]",72.966666666666669,74.700000000000003,24.259307135470529,4.3999999999999915,False,1.7862687929166747,209,1.6362687929166748,1.8109475017344523,180,0.51404800698079056,468,0.36404800698079054,0.5387267157985679,447,1.4461964040852373,102,1.2961964040852374,1.4708751129030149,87,2.1210617060440615,329,1.9710617060440616,2.1520476161724482,293
658,"[3, 0, 1, 4]",73.933333333333337,74.75,31.672699069286452,2.4666666666666686,False,1.9288662097081446,43,1.7288662097081446,1.9360307881612189,44,0.87904718178673824,200,0.67904718178673817,0.88621176023981252,195,1.5887938208767072,14,1.3887938208767072,1.5959583993297815,11,2.3823437149874604,126,2.1823437149874603,2.3902058862007776,119
659,"[3, 0, 1, 5]",66.933333333333337,66.599999999999994,46.496897621509824,4.3333333333333286,False,1.9434070067753699,30,1.74340700677537,1.9295259382404144,53,1.3383139354206646,33,1.1383139354206646,1.3244328668857093,39,1.3535414431766108,258,1.1535414431766109,1.3396603746416555,303,2.5793798560951755,30,2.3793798560951753,2.5563553852152268,41
660,"[3, 0, 2, 0]",69.5,70.400000000000006,3.8740951396070322,9.0333333333333314,False,1.5162027510565119,750,1.3662027510565118,1.5254498121555642,730,-0.36757439475527709,1132,-0.51757439475527711,-0.35832733365622482,1124,1.1761303622250745,645,1.0261303622250744,1.1853774233241268,627,1.5196759053340059,961,1.3696759053340057,1.5286471647382833,941
661,"[3, 0, 2, 1]",70.033333333333331,71,11.286194415718718,8.2333333333333343,False,1.6505105010332481,465,1.4505105010332482,1.660963209979972,448,-0.010903666495190201,858,-0.21090366649519021,-0.00045095754846630198,849,1.3104381122018107,357,1.1104381122018108,1.3208908211485346,344,1.7699887038744027,691,1.5699887038744027,1.780779639203063,671
662,"[3, 0, 2, 2]",69.666666666666671,71.5,18.699586349534645,7.7999999999999972,False,1.6676410247856692,418,1.5176410247856691,1.6945908002042072,374,0.22862861527170841,694,0.078628615271708391,0.25557839069024657,673,1.3275686359542318,314,1.1775686359542317,1.3545184113727697,267,1.8976195630701849,547,1.747619563070185,1.9303980110989647,510
663,"[3, 0, 2, 3]",69.533333333333331,71,26.111685625646327,7.1000000000000085,False,1.7392153282428811,284,1.5892153282428811,1.7592181220792482,251,0.52256589701227085,462,0.37256589701227083,0.54256869084863801,443,1.3991429394114436,170,1.2491429394114435,1.4191457332478108,144,2.0811067867367736,367,1.9311067867367735,2.1045169032207904,346
664,"[3, 0, 2, 4]",69.799999999999997,69.650000000000006,33.525077559462254,5.13333333333334,False,1.86844262618885,109,1.6684426261888501,1.8577191300250024,131,0.87419495297271776,203,0.6741949529727177,0.86347145680887016,214,1.5283702373574126,50,1.3283702373574127,1.517646741193565,64,2.3247219420626739,165,2.1247219420626737,2.3070215229944511,175
665,"[3, 0, 2, 5]",67.5,69.049999999999997,48.349276111685626,3.7666666666666657,False,1.9727542212187237,14,1.7727542212187237,1.9945687104839449,5,1.4232325045692924,12,1.2232325045692924,1.4450469938345136,6,1.3458410878164486,274,1.1458410878164487,1.3676555770816698,247,2.6403783860307364,12,2.4403783860307362,2.6654460644537217,8
666,"[3, 0, 3, 0]",67.566666666666663,68.950000000000003,5.7277662874870732,10.966666666666669,False,1.4478124676286908,867,1.3478124676286907,1.4664548780647444,832,-0.38035454374669742,1137,-0.48035454374669739,-0.36171213331064378,1126,1.1077400787972533,768,1.0077400787972532,1.1263824892333067,736,1.4676111162278127,1004,1.3676111162278126,1.4884495478595126,976
667,"[3, 0, 3, 1]",68.066666666666663,69.799999999999997,13.139865563598759,10.200000000000003,False,1.5814835452794513,623,1.4314835452794512,1.60671511133219,561,-0.024320487812585889,875,-0.17432048781258591,0.00091107824015301819,847,1.2414111564480139,511,1.0914111564480138,1.2666427225007526,462,1.7170826360245193,744,1.5670826360245194,1.7469487455840547,707
668,"[3, 0, 3, 2]",66.533333333333331,68.349999999999994,20.553257497414684,10.933333333333337,False,1.6263305376227035,508,1.4763305376227036,1.653317385100729,464,0.24292826254514421,680,0.092928262545144191,0.2699151100231697,653,1.2862581487912661,408,1.1362581487912662,1.3132449962692916,362,1.8652687391911371,577,1.7152687391911372,1.8969066760538102,541
669,"[3, 0, 3, 3]",65.733333333333334,67.650000000000006,27.96535677352637,10.900000000000006,False,1.6351713945603912,491,1.5351713945603911,1.6641472386213398,443,0.47413209776618204,502,0.37413209776618206,0.50310794182713092,477,1.2950990057289535,384,1.1950990057289534,1.3240748497899024,337,1.9819303879839179,463,1.8819303879839178,2.0159321895678262,428
670,"[3, 0, 3, 4]",67.900000000000006,68.599999999999994,35.378748707342297,6.0666666666666629,False,1.8006890150870056,192,1.6506890150870055,1.806319132643043,187,0.86205147630727441,212,0.71205147630727439,0.86768159386331201,209,1.433186429771597,118,1.2831864297715969,1.4388165473276344,121,2.2734984317001712,191,2.1234984317001713,2.2770106633312994,189
671,"[3, 0, 3, 5]",59.100000000000001,59,50.202947259565669,5.43333333333333,False,1.780849506551514,217,1.6308495065515141,1.7722826371526188,236,1.2707021435732306,58,1.1207021435732307,1.2621352741743355,64,1.1168629501916381,753,0.96686295019163815,1.1082960807927429,760,2.4251055206486036,97,2.2751055206486037,2.4062331674391277,111
672,"[3, 0, 4, 0]",65.433333333333337,66,7.5801447776628752,12.966666666666669,False,1.4755892236679702,823,1.3255892236679701,1.4789660047386541,810,-0.29700643300214369,1073,-0.44700643300214371,-0.29362965193145973,1063,1.1355168348365328,724,0.98551683483653263,1.1388936159072167,713,1.510466067924451,972,1.3604660679244511,1.510019004687142,960
673,"[3, 0, 4, 1]",65.700000000000003,66.400000000000006,14.992244053774561,12.566666666666663,False,1.6048035950368968,561,1.4048035950368969,1.6106819342086316,553,0.054570916650133638,810,-0.14542908334986637,0.060449255821868608,801,1.2647312062054594,461,1.0647312062054595,1.2706095453771942,451,1.7540486365153245,704,1.5540486365153245,1.7570581005441119,699
674,"[3, 0, 4, 2]",65.766666666666666,65.400000000000006,22.405635987590486,11.666666666666671,False,1.6802108590270084,393,1.4802108590270084,1.6658285117746392,439,0.35237993865472289,581,0.15237993865472288,0.33799759140235369,587,1.340138470195571,287,1.140138470195571,1.3257561229432018,333,1.9426161193790821,507,1.7426161193790821,1.9184761328814395,525
675,"[3, 0, 4, 3]",62.600000000000001,64.049999999999997,29.817735263702172,14.033333333333339,False,1.6438479808203832,477,1.4938479808203833,1.6643165931433508,442,0.53838003873144846,447,0.38838003873144844,0.55884865105441606,435,1.3037755919889458,368,1.1537755919889459,1.3242442043119134,336,1.9995469773698438,447,1.8495469773698439,2.0209481659200734,420
676,"[3, 0, 4, 4]",67.166666666666671,67.849999999999994,37.231127197518099,4.0999999999999943,False,1.8052060088172861,186,1.6552060088172862,1.8106024112156871,181,0.92213982474282929,168,0.77213982474282927,0.9275362271412303,167,1.4006558536983618,167,1.2506558536983619,1.4060522560967628,168,2.3016870906318068,176,2.1516870906318069,2.3046072848448369,178
677,"[3, 0, 4, 5]",56.266666666666666,56.649999999999999,52.055325749741471,4.8666666666666671,False,1.7952561437452925,198,1.5952561437452926,1.7961861688898197,208,1.1924898562582189,83,0.99248985625821895,1.1934198814027461,85,1.0942220175819004,791,0.89422201758190045,1.0951520427264276,783,2.450293618727744,90,2.2502936187277438,2.4430827600901868,92
678,"[3, 0, 5, 0]",52.200000000000003,50.649999999999999,11.287487073422957,26.066666666666663,False,1.2599037332130072,1045,1.1099037332130071,1.2245837314937233,1062,-0.40147165458430412,1151,-0.55147165458430414,-0.43679165630358796,1169,0.91983134438156966,980,0.76983134438156964,0.88451134266228582,993,1.2699371627350602,1126,1.1199371627350601,1.2125609525934373,1135
679,"[3, 0, 5, 1]",52.700000000000003,51.25,18.699586349534645,24.766666666666666,False,1.3935748108637676,934,1.1935748108637676,1.3600971293181312,967,-0.04543759865019309,892,-0.2454375986501931,-0.07891528019582944,922,1.0535024220323304,847,0.85350242203233029,1.020024740486694,884,1.5194086825317665,962,1.3194086825317666,1.4646934270582175,993
680,"[3, 0, 5, 2]",51.700000000000003,50.950000000000003,26.112978283350568,24.933333333333337,False,1.4486085604226397,863,1.2486085604226398,1.428534846124645,887,0.23199790892315691,690,0.031997908923156904,0.21192419462516204,706,1.1085361715912023,765,0.90853617159120237,1.0884624572932076,796,1.6810552455974312,788,1.4810552455974313,1.6439382845228796,822
681,"[3, 0, 5, 3]",49.866666666666667,48.950000000000003,33.525077559462254,25.06666666666667,False,1.4377125752550639,878,1.287712575255064,1.4146811553414582,903,0.44346490203893163,523,0.29346490203893161,0.42043348212532572,535,1.0976401864236265,784,0.94764018642362657,1.0746087665100208,818,1.7716372533358089,689,1.621637253335809,1.7298568370861314,721
682,"[3, 0, 5, 4]",50.43333333333333,49.950000000000003,40.938469493278177,20.833333333333336,False,1.572669924134819,636,1.372669924134819,1.5578024164517692,673,0.80082400893316441,257,0.60082400893316434,0.7859565012501144,270,1.0939729231006929,792,0.89397292310069298,1.0791054154176432,808,2.0228239173549225,423,1.8228239173549226,1.9922086555015575,452
683,"[3, 0, 5, 5]",43.366666666666667,42.200000000000003,55.762668045501549,4.1333333333333329,False,1.5359373765500917,712,1.3859373765500917,1.5088925032398257,763,0.74780397427501444,287,0.59780397427501442,0.72075910096474827,305,0.76075640447149828,1063,0.61075640447149826,0.73371153116123211,1075,2.1681775009752564,280,2.0181775009752565,2.1185449117316266,334
684,"[3, 1, 0, 0]",73.266666666666666,75.900000000000006,0.76266804550155121,5.2666666666666657,False,1.5570324529507711,673,1.4070324529507712,1.5987659209613447,584,-0.42008750568418252,1164,-0.57008750568418254,-0.37835403767360887,1138,1.2169600641193337,561,1.0669600641193338,1.2586935321299073,483,1.5363041321624884,946,1.3863041321624885,1.5902788052445205,890
685,"[3, 1, 0, 1]",73.599999999999994,75.950000000000003,8.1747673216132366,4.6666666666666714,False,1.6375201689716503,485,1.4875201689716502,1.6738362808110692,424,-0.11723681137995279,948,-0.26723681137995281,-0.080920699540533936,925,1.2974477801402129,378,1.1474477801402128,1.3337638919796317,313,1.7315692582407429,732,1.5815692582407428,1.7784044885378236,675
686,"[3, 1, 0, 2]",73.266666666666666,75.599999999999994,15.588159255429161,5,False,1.7552873650500471,251,1.5552873650500472,1.7913246305289749,214,0.22293214271292211,700,0.022932142712922099,0.25896940819184994,669,1.4152149762186097,143,1.2152149762186097,1.4512522416975375,110,1.9600413961802154,485,1.7600413961802155,2.006376001350533,438
687,"[3, 1, 0, 3]",72.933333333333337,75,23.000258531540847,4.5,False,1.7730416345514017,228,1.6230416345514018,1.8040532182268008,197,0.46304939049762728,512,0.31304939049762726,0.4940609741730263,490,1.4329692457199643,119,1.2829692457199644,1.4639808293953633,97,2.0884809473846619,358,1.938480947384662,2.1279482041684536,322
688,"[3, 1, 0, 4]",73.799999999999997,74.599999999999994,30.413650465356774,2.7000000000000028,False,1.9137290343649429,59,1.7137290343649429,1.9205922008560994,64,0.82613854832564604,237,0.62613854832564608,0.83300171481680252,234,1.5736566455335055,24,1.3736566455335055,1.580519812024662,25,2.3472391200969898,143,2.1472391200969896,2.3546463723292108,141
689,"[3, 1, 0, 5]",68.066666666666663,68.299999999999997,45.237849017580146,3.2000000000000028,False,1.952463379819265,24,1.752463379819265,1.9492139332137759,30,1.3095988503466693,43,1.1095988503466694,1.3063494037411802,48,1.3877787882990995,193,1.1877787882990996,1.3845293416936104,212,2.5762438534649399,33,2.3762438534649397,2.5679096234659013,37
690,"[3, 1, 1, 0]",73.233333333333334,75.549999999999997,2.6163391933815925,5.2999999999999972,False,1.5749324921035952,634,1.4249324921035953,1.6106570628198917,554,-0.34657733209495711,1119,-0.49657733209495714,-0.31085276137866058,1085,1.2348601032721578,524,1.0848601032721579,1.2705846739884543,452,1.582192231446649,902,1.4321922314466491,1.6280947707087039,838
691,"[3, 1, 1, 1]",73.433333333333337,75.849999999999994,10.028438469493278,4.8333333333333286,False,1.6028735188205696,565,1.5028735188205695,1.6404742581126543,484,-0.096273327094632183,933,-0.19627332709463219,-0.058672587802547443,904,1.2628011299891322,465,1.1628011299891321,1.3004018692812169,384,1.7240922425501419,737,1.6240922425501418,1.7725871772617692,682
692,"[3, 1, 1, 2]",73.066666666666663,75.799999999999997,17.441830403309204,5.2000000000000028,False,1.7200040425729903,319,1.5700040425729902,1.7636588103622062,247,0.24325895467226644,679,0.093258954672266414,0.28691372246148228,637,1.3799316537415529,210,1.2299316537415528,1.4235864215307688,138,1.951723101745924,495,1.8017231017459241,2.0081987579861935,437
693,"[3, 1, 1, 3]",72.599999999999994,74.549999999999997,24.85392967942089,4.7666666666666657,False,1.7352116227704397,291,1.6352116227704396,1.7640456259081327,246,0.48082951315306632,496,0.38082951315306635,0.50966351629075934,474,1.3951392339390023,179,1.2951392339390022,1.4239732370766953,137,2.0767975379756085,370,1.9767975379756086,2.1132174803287325,339
694,"[3, 1, 1, 4]",73.63333333333334,74.650000000000006,32.267321613236817,2.6666666666666572,False,1.8790823842138624,94,1.7290823842138625,1.8900782794235074,91,0.84710203261096695,221,0.69710203261096693,0.85809792782061189,217,1.539009995382425,41,1.3890099953824251,1.5500058905920699,38,2.3397621044063883,153,2.1897621044063884,2.3526490950090144,146
695,"[3, 1, 1, 5]",67.166666666666671,67.150000000000006,47.091520165460189,4.0999999999999943,False,1.9038099384967073,77,1.7538099384967072,1.8959152016546019,85,1.3165555434605127,41,1.1665555434605128,1.3086608066184078,47,1.302051924018941,372,1.1520519240189409,1.2941571871768356,404,2.5502587054131496,41,2.4002587054131497,2.5353520744988454,49
696,"[3, 1, 2, 0]",69.033333333333331,70.099999999999994,4.4687176835573936,9.5,False,1.5632355639323481,662,1.3632355639323481,1.5756998350634219,639,-0.30270290556092999,1075,-0.50270290556093,-0.29023863442985615,1057,1.2231631751009107,551,1.0231631751009107,1.2356274462319845,530,1.5728879010344816,913,1.3728879010344817,1.58599699493871,893
697,"[3, 1, 2, 1]",69.5,70.599999999999994,11.88081695966908,8.7666666666666657,False,1.5962699692571323,581,1.4462699692571321,1.6093144987106145,556,-0.047305521952795471,895,-0.19730552195279549,-0.034260992499313025,882,1.2561975804256948,480,1.1061975804256947,1.2692421098791771,455,1.7215181420874979,742,1.571518142087498,1.7355827800995849,716
698,"[3, 1, 2, 2]",69.599999999999994,70.900000000000006,19.294208893485006,7.8666666666666742,False,1.6723139055732199,410,1.52231390557322,1.6891446205804197,384,0.25114017237777009,672,0.10114017237777007,0.26797088738496988,655,1.3322415167417825,304,1.1822415167417826,1.3490722317489823,275,1.9109269036949454,532,1.7609269036949455,1.930107773387677,511
699,"[3, 1, 2, 3]",69.033333333333331,71.049999999999997,26.706308169596692,7.6000000000000085,False,1.7356114687927411,289,1.5856114687927412,1.7661137146073593,241,0.53680071388064199,448,0.38680071388064197,0.56730295969526023,429,1.3955390799613037,178,1.2455390799613038,1.4260413257759219,134,2.0834775036935591,362,1.9334775036935592,2.1207801459848845,329
700,"[3, 1, 2, 4]",69.666666666666671,69.650000000000006,34.119700103412619,4.5333333333333314,False,1.8718421623244488,103,1.6718421623244488,1.8636653554645062,126,0.89543316542682749,180,0.69543316542682743,0.88725635856688467,194,1.529520549087634,47,1.3295205490876341,1.5213437422276912,62,2.3363467252000545,158,2.1363467252000543,2.322011421106593,165
701,"[3, 1, 2, 5]",67.566666666666663,69.349999999999994,48.943898655635991,3.7000000000000028,False,1.9799737913101798,8,1.7799737913101799,2.006211138455094,4,1.4482907509792595,8,1.2482907509792596,1.4745280981241737,3,1.3411682070288973,284,1.1411682070288973,1.3674055541738115,248,2.6570508416302592,7,2.457050841630259,2.6880760304775788,4
702,"[3, 1, 3, 0]",67.099999999999994,68.650000000000006,6.3223888314374355,11.433333333333337,False,1.4948452805045269,792,1.344845280504527,1.5167049009726021,741,-0.31548305455234982,1091,-0.46548305455234984,-0.2936234340842746,1062,1.1547728916730895,690,1.0047728916730896,1.1766325121411647,639,1.5208231119282885,960,1.3708231119282885,1.5457993780599395,931
703,"[3, 1, 3, 1]",67.566666666666663,68.950000000000003,13.734488107549121,10.700000000000003,False,1.5278796858293111,726,1.427879685829311,1.5465220962653647,692,-0.060085670944215325,905,-0.16008567094421533,-0.041443260508161689,889,1.1878072969978737,622,1.0878072969978736,1.2064497074339273,585,1.6694533529813049,801,1.5694533529813048,1.6902917846130048,768
704,"[3, 1, 3, 2]",66.533333333333331,68.650000000000006,21.147880041365045,10.933333333333337,False,1.6322767630622073,497,1.4822767630622073,1.6649598130718783,441,0.26671316430315872,653,0.1167131643031587,0.29939621431282981,622,1.2922043742307698,392,1.1422043742307699,1.3248874242404409,335,1.880258637303279,559,1.7302586373032789,1.9195366420776669,522
705,"[3, 1, 3, 3]",65.533333333333331,66.900000000000006,28.559979317476731,11.100000000000009,False,1.6372975860440375,486,1.5372975860440374,1.6558529577317296,457,0.49409696556833926,486,0.39409696556833929,0.51265233725603132,470,1.2972251972126001,379,1.1972251972126,1.3157805689002922,356,1.9918726136339173,454,1.8918726136339172,2.0118219179006811,430
706,"[3, 1, 3, 4]",67.933333333333337,68.650000000000006,35.973371251292654,6.0333333333333314,False,1.8072719128524852,179,1.6572719128524853,1.8132147251711546,177,0.88647305039126501,193,0.73647305039126498,0.89241586270993412,189,1.4278768766580696,123,1.2778768766580697,1.4338196889767389,129,2.2893296085560038,185,2.1393296085560038,2.2932739060953939,180
707,"[3, 1, 3, 5]",59.733333333333334,59.399999999999999,50.797569803516026,4.7999999999999972,False,1.7988925061845662,194,1.6488925061845663,1.7858237993009829,218,1.2590140160087651,66,1.1090140160087649,1.2459453091251818,71,1.123013498945683,743,0.97301349894568301,1.1099447920620999,758,2.4560797148908633,88,2.3060797148908634,2.4314098227668892,96
708,"[3, 1, 4, 0]",65.599999999999994,66.049999999999997,8.1747673216132366,12.666666666666671,False,1.5347188107373548,714,1.3347188107373549,1.5358615972667653,711,-0.2200381696142481,1012,-0.42003816961424811,-0.21889538308483764,1002,1.1946464219059174,605,0.99464642190591745,1.1957892084353279,605,1.5796623597550445,904,1.3796623597550446,1.5762822474512359,905
709,"[3, 1, 4, 1]",65.433333333333337,66.200000000000003,15.586866597724923,12.833333333333329,False,1.5556564418685905,675,1.4056564418685906,1.5628306912937049,665,0.023262439800338153,833,-0.12673756019966187,0.030436689225452507,824,1.2155840530371531,563,1.0655840530371532,1.2227583024622675,555,1.712308304677943,748,1.5623083046779431,1.7169546200484436,738
710,"[3, 1, 4, 2]",65.5,65.5,23.000258531540847,11.933333333333337,False,1.6810637058587021,391,1.4810637058587022,1.6736734713913577,425,0.37107146180492762,570,0.1710714618049276,0.36368122733758318,569,1.3409913170272647,285,1.1409913170272648,1.3336010825599203,314,1.9508757875417007,496,1.7508757875417007,1.9360127202974859,505
711,"[3, 1, 4, 3]",63.100000000000001,63.850000000000001,30.412357807652533,13.399999999999999,False,1.6593442911495302,443,1.5093442911495303,1.6664653502284241,437,0.57171502537910635,420,0.42171502537910632,0.57883608445800006,418,1.3192719023180928,337,1.1692719023180929,1.3263929613969867,331,2.0271560566373417,415,1.8771560566373418,2.0308446854244053,409
712,"[3, 1, 4, 4]",67.299999999999997,67.75,37.825749741468456,3.9666666666666686,False,1.8136989235606946,171,1.6636989235606947,1.8146499024779756,174,0.94847141580474836,157,0.79847141580474834,0.94942239472202938,158,1.3972563175627628,175,1.2472563175627629,1.3982072964800438,180,2.32004210371871,166,2.1700421037187101,2.317050493653074,169
713,"[3, 1, 4, 5]",56.5,57,52.649948293691828,4.6333333333333329,False,1.8056590754666297,184,1.6056590754666298,1.8087779639495765,185,1.1731616607820383,91,0.97316166078203836,1.176280549264985,88,1.0927324984242306,793,0.89273249842423064,1.0958513869071773,781,2.4711724680457183,76,2.2711724680457182,2.4669860707659961,80
714,"[3, 1, 5, 0]",52.266666666666666,51.049999999999997,11.88210961737332,26,False,1.3171233033044631,1012,1.1171233033044632,1.2881248936420877,1025,-0.32641340817433745,1103,-0.52641340817433746,-0.35541181783671288,1123,0.97705091447302572,933,0.77705091447302577,0.94805250481065029,953,1.3366096183345826,1100,1.1366096183345826,1.2877376079211988,1118
715,"[3, 1, 5, 1]",52.399999999999999,51.149999999999999,19.294208893485006,25.06666666666667,False,1.3437909853694849,989,1.193790985369485,1.3141446205804197,1007,-0.077382747825964882,920,-0.2273827478259649,-0.10702911261503012,938,1.0037185965380475,908,0.8537185965380476,0.97407223174898239,931,1.4768270719506944,998,1.3268270719506945,1.4271366358664541,1022
716,"[3, 1, 5, 2]",51.799999999999997,50.75,26.707600827300929,24.833333333333343,False,1.456464802840072,850,1.256464802840072,1.4306836032097181,884,0.2576928276590999,663,0.057692827659099888,0.23191162802874604,692,1.1163924140086345,754,0.91639241400863458,1.0906112143782807,791,1.6985689799406438,764,1.4985689799406439,1.6538348040272115,805
717,"[3, 1, 5, 3]",49.833333333333336,48.799999999999997,34.119700103412619,24.366666666666667,False,1.4430221283685913,874,1.2930221283685914,1.4177792795151389,897,0.46661313147096994,510,0.31661313147096992,0.44137028261751732,526,1.1007005151317766,778,0.95070051513177645,1.0754576662783237,815,1.7857858727042606,670,1.6357858727042605,1.7410267012424159,713
718,"[3, 1, 5, 4]",50.766666666666666,50.100000000000001,41.533092037228542,20.5,False,1.5849828728340851,608,1.3849828728340852,1.5665967431570955,658,0.83097563395094132,231,0.63097563395094136,0.81258950427395193,248,1.0943934209209516,789,0.89439342092095164,1.0760072912439622,813,2.0462266029039688,398,1.8462266029039687,2.011018587569557,432
719,"[3, 1, 5, 5]",43.833333333333336,42.700000000000003,56.357290589451914,3.6666666666666643,False,1.5507970145532628,683,1.4007970145532629,1.524332399565405,732,0.73293248508066722,297,0.5829324850806672,0.70646787009280954,314,0.76372359159566205,1062,0.61372359159566203,0.73725897660780437,1070,2.1949453014990641,246,2.0449453014990642,2.1462682563632933,301
720,"[3, 2, 0, 0]",73.333333333333329,74.700000000000003,1.359875904860393,5.2000000000000028,False,1.5642778761963116,657,1.4142778761963117,1.5819531894283507,626,-0.39492584665787656,1147,-0.54492584665787658,-0.37725053342583748,1136,1.2242054873648742,545,1.0742054873648743,1.2418808005969133,517,1.5530417612320639,928,1.4030417612320638,1.5747736051798564,908
721,"[3, 2, 0, 1]",73.466666666666669,75.299999999999997,8.7719751809720794,4.7999999999999972,False,1.6909455582613337,374,1.4909455582613338,1.7174665872527588,337,-0.04589518630950401,894,-0.24589518630950402,-0.019374157318078955,868,1.3508731694298963,264,1.1508731694298964,1.3773941984213214,232,1.7932592148481761,659,1.5932592148481761,1.8269060796446359,609
722,"[3, 2, 0, 2]",73.200000000000003,74.799999999999997,16.185367114788004,5.0666666666666629,False,1.7099860989916831,338,1.5599860989916829,1.7321068357048421,300,0.1955471124353233,714,0.045547112435323278,0.21766784914848236,704,1.3699137101602457,227,1.2199137101602455,1.3920344468734047,195,1.9234139102750296,523,1.7734139102750297,1.9510575585014882,488
723,"[3, 2, 0, 3]",72.400000000000006,74.400000000000006,23.59746639089969,4.9666666666666544,False,1.7688269559293706,232,1.6188269559293706,1.798632891757098,206,0.47675094765636128,498,0.32675094765636126,0.50655688348408889,475,1.4287545670979331,122,1.2787545670979332,1.4585605029256605,106,2.0900755590678104,355,1.9400755590678103,2.1277231399272192,324
724,"[3, 2, 0, 4]",73.933333333333337,73.950000000000003,31.010858324715617,2.5666666666666629,False,1.9222478022624363,48,1.7222478022624363,1.914222507297789,71,0.85257355200390483,219,0.65257355200390488,0.84454825703925751,228,1.5821754134309989,17,1.3821754134309989,1.5741501184663516,29,2.3656593066539457,136,2.1656593066539456,2.3531479634360237,143
725,"[3, 2, 0, 5]",68.233333333333334,68.849999999999994,45.835056876938985,3.0333333333333314,False,1.9616188200427345,19,1.7616188200427345,1.9656290497820481,18,1.336670526350904,35,1.136670526350904,1.3406807560902176,35,1.3849900713353922,199,1.1849900713353922,1.3890003010747058,201,2.5955053187655865,22,2.3955053187655864,2.596971486219573,25
726,"[3, 2, 1, 0]",73.099999999999994,74.200000000000003,3.2135470527404344,5.4333333333333371,False,1.6283578813932786,506,1.4283578813932787,1.6409962300210752,482,-0.27523570702450811,1048,-0.47523570702450812,-0.26259735839671156,1040,1.2882854925618412,404,1.0882854925618413,1.3009238411896378,382,1.6438821880540819,829,1.443882188054082,1.6587695366881823,799
727,"[3, 2, 1, 1]",73.36666666666666,74.900000000000006,10.62564632885212,4.9000000000000057,False,1.6575722527622054,447,1.5075722527622053,1.6784083620226986,413,-0.023658357372231209,873,-0.17365835737223123,-0.0028222481117380349,851,1.317499863930768,341,1.1674998639307679,1.3383359731912612,306,1.7874647566449555,665,1.6374647566449554,1.8134487004568673,625
728,"[3, 2, 1, 2]",72.86666666666666,74.200000000000003,18.039038262668047,4.6000000000000085,False,1.7221560872107209,316,1.572156087210721,1.7392511421203514,285,0.26332723509076239,657,0.11332723509076237,0.28042229000039265,646,1.3820836983792835,207,1.2320836983792836,1.3991787532889139,179,1.961730500865976,484,1.8117305008659761,1.9825068007059095,462
729,"[3, 2, 1, 3]",72.700000000000003,73.75,25.451137538779729,3.9333333333333371,False,1.7930937183419569,203,1.6430937183419569,1.8048278310839998,195,0.55662784450534886,432,0.40662784450534883,0.56836195724739158,427,1.4530213295105194,97,1.3030213295105195,1.4647554422525624,96,2.1443764457888745,306,1.9943764457888746,2.1578990374796874,285
730,"[3, 2, 1, 4]",73.63333333333334,73.849999999999994,32.864529472595656,1.7333333333333201,False,1.9350544628074509,35,1.7350544628074509,1.930860484599374,50,0.92099034698532045,169,0.7209903469853205,0.91679636877724358,173,1.5949820739760134,6,1.3949820739760135,1.5907880957679366,16,2.4048171759885832,111,2.2048171759885831,2.3973306521599693,116
731,"[3, 2, 1, 5]",68.099999999999994,68.650000000000006,47.688728024819028,3.1666666666666714,False,1.9776088422176299,9,1.7776088422176299,1.9803682929064181,10,1.4082706829622007,14,1.2082706829622007,1.4110301336509889,13,1.3639066705526868,243,1.1639066705526868,1.366666121241475,251,2.6388695818186756,13,2.4388695818186754,2.6386074856396142,11
732,"[3, 2, 2, 0]",68.566666666666663,68.549999999999997,5.0659255429162355,9.9666666666666686,False,1.5102942299622693,760,1.3602942299622693,1.5022415339101749,775,-0.33772800375024359,1110,-0.48772800375024361,-0.34578069980233794,1116,1.1702218411308318,654,1.0202218411308319,1.1621691450787375,675,1.5261650702050105,954,1.3761650702050106,1.5115783823103786,955
733,"[3, 2, 2, 1]",69.266666666666666,69.5,12.478024819027921,9,False,1.597785341568887,578,1.4477853415688871,1.5944005013548361,594,-0.027873913860275157,877,-0.17787391386027518,-0.031258754074326212,876,1.2577129527374495,478,1.1077129527374496,1.2543281125233987,493,1.7306842624638596,733,1.5806842624638597,1.7226242693388256,730
734,"[3, 2, 2, 2]",69.166666666666671,69.849999999999994,19.891416752843845,8.2999999999999972,False,1.6200092439291178,526,1.5200092439291177,1.6251799903132487,519,0.21675174651443299,704,0.11675174651443299,0.22192249289856383,700,1.2799368550976804,422,1.1799368550976803,1.2851076014818112,422,1.8650453516091652,578,1.7650453516091651,1.8684226072788697,562
735,"[3, 2, 2, 3]",68.900000000000006,70.049999999999997,27.303516028955531,7.7333333333333343,False,1.6890368580824249,376,1.5890368580824248,1.7030984514287959,359,0.50814233895109073,473,0.40814233895109076,0.52220393229746176,460,1.3489644692509875,266,1.2489644692509874,1.3630260625973585,255,2.0451674603009926,402,1.9451674603009925,2.0603683245280298,388
736,"[3, 2, 2, 4]",69.033333333333331,68.849999999999994,34.716907962771458,4.9333333333333371,False,1.8157174667244886,166,1.6657174667244887,1.8044475606403729,196,0.85722470560763253,215,0.70722470560763251,0.8459547995235166,226,1.4614516963004971,88,1.3114516963004972,1.4501817902163814,112,2.2854175006521307,187,2.1354175006521308,2.2666929782575473,195
737,"[3, 2, 2, 5]",68.299999999999997,68.75,49.54110651499483,0,False,1.9499526610752453,25,1.7999526610752454,1.9507908119853914,28,1.4361858565250905,9,1.2861858565250903,1.4370240074352365,10,1.299202919606786,374,1.1492029196067861,1.3000410705169321,385,2.6406140455736424,11,2.4906140455736425,2.6378509662363432,12
738,"[3, 2, 3, 0]",67.299999999999997,67.950000000000003,6.9195966907962774,11.233333333333334,False,1.5046373930539727,770,1.3546373930539728,1.5093858403256841,761,-0.28777470622213885,1062,-0.43777470622213888,-0.28302625895042743,1051,1.1645650042225353,665,1.0145650042225354,1.1693134514942467,661,1.5409258559726258,943,1.3909258559726259,1.5430276245147998,933
739,"[3, 2, 3, 1]",67.86666666666666,69.049999999999997,14.331695966907963,10.400000000000006,False,1.5895818153566856,596,1.4395818153566857,1.6043929090361684,570,0.019532694363924574,836,-0.13046730563607545,0.034343788043407319,821,1.2495094265252482,490,1.0995094265252483,1.264320520204731,470,1.7420799332567132,722,1.5920799332567133,1.7578935454991043,694
740,"[3, 2, 3, 2]",67.099999999999994,68.049999999999997,21.745087900723888,10.366666666666674,False,1.5990722711973917,576,1.4990722711973916,1.6095394866021757,555,0.25142490821910812,671,0.15142490821910815,0.26189212362389214,663,1.2589998823659543,476,1.1589998823659542,1.2694670977707383,454,1.8596154475282105,581,1.7596154475282104,1.8693115778364318,560
741,"[3, 2, 3, 3]",66.333333333333329,67.450000000000003,29.157187176835574,10.300000000000011,False,1.6585498004610553,446,1.5585498004610552,1.6722680743000014,429,0.53326541576612241,452,0.43326541576612243,0.54698368960506849,440,1.3184774116296178,340,1.2184774116296178,1.3321956854685639,318,2.0271183750646817,416,1.9271183750646816,2.0408837806543532,400
742,"[3, 2, 3, 4]",68.466666666666669,68.400000000000006,36.570579110651501,2.7999999999999972,False,1.8234307486616932,159,1.6734307486616933,1.8144399683217047,175,0.92054812198123837,170,0.77054812198123834,0.91155734164124991,176,1.4320915552801008,121,1.2820915552801009,1.4231007749401123,139,2.3178451400372446,168,2.1678451400372447,2.3019622544178264,179
743,"[3, 2, 3, 5]",61.5,60.950000000000003,51.394777662874873,0,False,1.8386082180548948,142,1.6886082180548949,1.8212262576414067,170,1.2688693349111513,61,1.1188693349111511,1.2514873744976631,70,1.1507850536288347,696,1.0007850536288347,1.1334030932153469,721,2.5157225598886499,58,2.36572255988865,2.4859385785596104,71
744,"[3, 2, 4, 0]",65.433333333333337,66.450000000000003,8.7719751809720794,12.833333333333329,False,1.5375075277010621,708,1.3375075277010622,1.5494286125692145,689,-0.19933321686977562,996,-0.39933321686977563,-0.18741213200162327,988,1.1974351388696247,599,0.99743513886962476,1.2093562237377771,581,1.5905110376187874,890,1.3905110376187875,1.6015240762490504,874
745,"[3, 2, 4, 1]",65.833333333333329,66.150000000000006,16.184074457083764,12.433333333333337,False,1.6192685883738935,528,1.4192685883738936,1.6178534027986857,538,0.10479082208640672,774,-0.09520917791359329,0.10337563651119891,778,1.2791961995424561,424,1.0791961995424562,1.2777810139672483,437,1.7874587211844226,666,1.5874587211844227,1.7807363469786861,672
746,"[3, 2, 4, 2]",66.466666666666669,66,23.59746639089969,10.899999999999991,False,1.6554992819056014,455,1.5054992819056014,1.639139220871022,488,0.36342327363259208,574,0.21342327363259206,0.34706321259801298,582,1.3154268930741639,349,1.165426893074164,1.2990668320395846,390,1.9403279426909172,509,1.7903279426909173,1.9138012383992056,530
747,"[3, 2, 4, 3]",63.5,64.049999999999997,31.009565667011376,13,False,1.6729564376548338,409,1.5229564376548339,1.6762348971764429,419,0.60324340766517515,395,0.45324340766517512,0.60652186718678425,398,1.3328840488233964,303,1.1828840488233965,1.3361625083450055,310,2.0523064731438212,390,1.9023064731438211,2.0509931356144095,394
748,"[3, 2, 4, 4]",67.666666666666671,68.849999999999994,38.422957600827303,3.5999999999999943,False,1.8266743977400219,154,1.6766743977400218,1.8415080570209312,146,0.97936312576484086,145,0.82936312576484084,0.99419678504575038,142,1.3982876345549133,173,1.2482876345549132,1.4131212938358226,155,2.3443512414814989,145,2.194351241481499,2.3601191475782226,139
749,"[3, 2, 4, 5]",57.799999999999997,59.100000000000001,53.247156153050675,0,False,1.8364613747732912,145,1.6364613747732912,1.8546234602646841,134,1.1741035671207574,90,0.97410356712075741,1.1922656526121502,86,1.111590640543715,761,0.91159064054371497,1.1297527260351079,731,2.5190374106318387,55,2.3190374106318385,2.5355216177301938,48
750,"[3, 2, 5, 0]",52.06666666666667,51,12.479317476732161,26.199999999999996,False,1.3192753479421944,1011,1.1192753479421944,1.2931476051470685,1020,-0.30634512775584083,1079,-0.50634512775584084,-0.33247287055096669,1101,0.97920295911075694,932,0.77920295911075699,0.95307521631563108,946,1.3466170174546348,1095,1.1466170174546348,1.3015193348514411,1109
751,"[3, 2, 5, 1]",52.899999999999999,51.600000000000001,19.891416752843845,24.56666666666667,False,1.4093131488527169,916,1.2093131488527169,1.3786610029714765,948,0.0060556514380321613,850,-0.19394434856196785,-0.024596494443208161,871,1.0692407600212794,830,0.86924076002127948,1.0385886141400391,863,1.5545013246882453,926,1.3545013246882454,1.503651809316221,966
752,"[3, 2, 5, 2]",51.533333333333331,51.100000000000001,27.304808686659772,25.100000000000009,False,1.4073435028258507,918,1.2573435028258506,1.3933012514235599,930,0.22648776342564381,698,0.076487763425643784,0.21244551202335293,705,1.0672711139944133,834,0.9172711139944133,1.0532288625921225,850,1.6568938215733153,811,1.5068938215733154,1.6278032881730735,839
753,"[3, 2, 5, 3]",50.133333333333333,48.950000000000003,34.716907962771458,23.833333333333336,False,1.454724257895966,853,1.3047242578959659,1.4265994593745499,889,0.4962314967791096,482,0.34623149677910958,0.4681066982576938,503,1.1004584874719741,779,0.95045848747197414,1.0723336889505584,823,1.8084124529796686,633,1.6584124529796687,1.7599018067804679,691
754,"[3, 2, 5, 4]",51.600000000000001,51.100000000000001,42.130299896587381,19.666666666666664,False,1.6068717595770792,556,1.4068717595770792,1.5915561635228359,601,0.87078075647470055,209,0.67078075647470059,0.85546516042045728,219,1.1043381504767689,772,0.90433815047676891,1.0890225544225256,795,2.0823136430784235,365,1.8823136430784233,2.0515405521908003,393
755,"[3, 2, 5, 5]",45.366666666666667,44.75,56.954498448810753,0,False,1.5860560201417577,605,1.4360560201417578,1.5692285287919052,656,0.73833109770122018,295,0.58833109770122016,0.72150360635136745,303,0.7870384399969802,1054,0.63703843999698018,0.77021094864712747,1060,2.2486991952910174,205,2.0986991952910174,2.2135304586755384,231
756,"[3, 3, 0, 0]",66.933333333333337,69.599999999999994,1.9544984488107549,11.599999999999994,False,1.3979830150483792,928,1.2979830150483791,1.4410639718298797,866,-0.54338203148729824,1219,-0.64338203148729822,-0.50030107470579777,1194,1.0579106262169418,842,0.95791062621694167,1.1009915829984422,774,1.3565061405556473,1089,1.2565061405556472,1.4098823487928467,1036
757,"[3, 3, 0, 1]",67.299999999999997,69.950000000000003,9.3665977249224408,10.966666666666669,False,1.5291074033952343,724,1.3791074033952344,1.5718305342112497,649,-0.18989466485709217,989,-0.33989466485709219,-0.14717153404107675,967,1.1890350145637969,621,1.039035014563797,1.2317581453798123,537,1.6026125453775921,878,1.4526125453775922,1.6556480999978644,802
758,"[3, 3, 0, 2]",67.400000000000006,69.400000000000006,16.779989658738366,10.86666666666666,False,1.6051513397113228,560,1.4551513397113227,1.6355214155747255,498,0.10855102947347361,772,-0.041448970526526407,0.13892110533687629,753,1.2650789508798854,459,1.1150789508798853,1.2954490267432881,399,1.7920213069850401,660,1.6420213069850402,1.8285262342027644,605
759,"[3, 3, 0, 3]",66.63333333333334,68.049999999999997,24.192088934850052,10.73333333333332,False,1.6146288689749864,540,1.5146288689749863,1.6340094969434373,502,0.34039153702048786,588,0.24039153702048788,0.35977216498893883,573,1.2745564801435489,438,1.1745564801435489,1.2939371081119999,405,1.9095242345215113,535,1.8095242345215112,1.9309982672413981,507
760,"[3, 3, 0, 4]",68.099999999999994,68.950000000000003,31.605480868665978,8.3000000000000114,False,1.7667763706560993,233,1.6167763706560994,1.7752320238765331,232,0.7149407967160788,306,0.56494079671607877,0.72339644993651264,301,1.4267039818246618,124,1.2767039818246619,1.4351596350450957,126,2.1834254246202658,257,2.0334254246202659,2.1908033963529192,252
761,"[3, 3, 0, 5]",61.333333333333336,60.649999999999999,46.42967942088935,9.93333333333333,False,1.7857738740051587,210,1.6357738740051586,1.7658790726899061,242,1.1786642566318388,89,1.0286642566318389,1.1587694553165866,95,1.197252674418809,600,1.0472526744188089,1.1773578731035563,637,2.3863505169338137,123,2.2363505169338138,2.353132861411511,144
762,"[3, 3, 1, 0]",66.966666666666669,69.400000000000006,3.8081695966907962,11.566666666666663,False,1.467156398853156,834,1.3171563988531558,1.5058032149542497,770,-0.41859851324612019,1161,-0.56859851324612021,-0.37995169714502641,1140,1.1270840100217185,735,0.97708401002171841,1.1657308261228123,669,1.4540767973271884,1013,1.3040767973271883,1.5015183482128878,968
763,"[3, 3, 1, 1]",67.233333333333334,69.599999999999994,11.220268872802482,11.033333333333331,False,1.4963707702220828,786,1.3963707702220827,1.5337216760697969,713,-0.16702116359384309,977,-0.26702116359384309,-0.12967025774612892,955,1.1562983813906453,684,1.0562983813906452,1.1936492872383595,608,1.5976593659180622,882,1.4976593659180621,1.643464065462048,823
764,"[3, 3, 1, 2]",67.033333333333331,68.650000000000006,18.633660806618408,10.433333333333337,False,1.6166846556043843,536,1.4666846556043844,1.6398176207244122,486,0.17569447980293662,735,0.025694479802936598,0.19882744492296422,713,1.2766122667729469,433,1.126612266772947,1.2997452318929748,387,1.8294966188322963,610,1.6794966188322964,1.8561554424513282,571
765,"[3, 3, 1, 3]",65.900000000000006,67.599999999999994,26.045760082730094,10.733333333333334,False,1.6191587892823098,530,1.5191587892823097,1.6440019046247691,478,0.40053159176421249,551,0.30053159176421251,0.4253747071066718,534,1.2790864004508724,426,1.1790864004508723,1.3039295157933317,377,1.9377454801881733,512,1.8377454801881732,1.9662675434016768,480
766,"[3, 3, 1, 4]",67.533333333333331,68.25,33.459152016546021,7.4000000000000057,False,1.7744896525933038,225,1.6244896525933039,1.7804775961148271,225,0.77826421308968463,270,0.62826421308968461,0.78425215661120795,271,1.4344172637618664,115,1.2844172637618665,1.4404052072833897,119,2.2158530640053793,226,2.0658530640053794,2.2197059492534357,226
767,"[3, 3, 1, 5]",60.133333333333333,59.600000000000001,48.283350568769393,11.133333333333333,False,1.7813903817488148,216,1.6313903817488147,1.7644790753079471,245,1.2298908988118966,75,1.0798908988118965,1.2129795923710289,82,1.1557957592048642,685,1.0057957592048641,1.1388844527639967,714,2.4027938601888095,114,2.2527938601888096,2.3731220017483605,131
768,"[3, 3, 2, 0]",62.233333333333334,62.950000000000003,5.6605480868665978,16.299999999999997,False,1.395272713466289,930,1.2452727134662891,1.4018586454256279,920,-0.43491084392771306,1168,-0.58491084392771309,-0.42832491196837419,1165,1.0552003246348516,844,0.90520032463485167,1.0617862565941905,840,1.3813120070159748,1073,1.2313120070159747,1.3839536794038447,1060
769,"[3, 3, 2, 1]",62.966666666666669,63.25,13.072647362978284,15.299999999999997,False,1.483400497398883,811,1.3334004973988829,1.4816758407183905,804,-0.12442008171176855,950,-0.27442008171176857,-0.12614473839226104,952,1.1433281085674456,712,0.99332810856744547,1.1416034518869531,706,1.5866724780185142,896,1.4366724780185143,1.5784460859569096,901
770,"[3, 3, 2, 2]",62.533333333333331,63.450000000000003,20.48603929679421,14.933333333333337,False,1.4992576764993513,780,1.3992576764993512,1.5096072284109803,760,0.11383885540317765,767,0.013838855403177641,0.12418840731480643,761,1.1591852876679138,677,1.0591852876679138,1.1695348395795426,660,1.7126207797269157,747,1.6126207797269156,1.7204243899410965,733
771,"[3, 3, 2, 3]",61.333333333333336,62.5,27.898138572905893,15.300000000000004,False,1.550458465525324,684,1.4504584655253239,1.5656902464885527,659,0.3874026227125007,558,0.28740262271250072,0.40263440367572945,546,1.2103860766938865,572,1.1103860766938864,1.2256178576571153,546,1.8691870835954114,571,1.7691870835954113,1.88308318019535,552
772,"[3, 3, 2, 4]",62.533333333333331,62.75,35.311530506721823,11.433333333333337,False,1.6975125885986273,361,1.5475125885986274,1.6945710012697499,375,0.75685850380028208,280,0.60685850380028206,0.75391691647140446,286,1.3313543672956283,306,1.1813543672956284,1.3284127799667509,329,2.136358043744643,314,1.9863580437446429,2.1263348288314892,325
773,"[3, 3, 2, 5]",61.43333333333333,61,50.135729058945188,3.1000000000000014,False,1.8247443873636455,156,1.6747443873636454,1.8095851386907178,184,1.3179579344163859,39,1.167957934416386,1.3027986857434581,52,1.1621021950161792,671,1.012102195016179,1.1469429463432514,698,2.4823005224855597,73,2.3323005224855597,2.4554724432958532,86
774,"[3, 3, 3, 0]",60.333333333333336,60.5,7.5142192347466388,18.06666666666667,False,1.3275191023644446,1006,1.2275191023644445,1.3238763695626563,996,-0.44705432059315642,1175,-0.5470543205931564,-0.4506970533949447,1174,0.98744671353300706,926,0.88744671353300708,0.98380398073121877,919,1.3300884966534723,1105,1.2300884966534722,1.318289169486025,1096
775,"[3, 3, 3, 1]",60.133333333333333,60.700000000000003,14.926318510858325,18.133333333333333,False,1.397820061169704,929,1.2978200611697039,1.4017948306782035,921,-0.15439038350454645,966,-0.25439038350454646,-0.15041561399604694,969,1.0577476723382666,843,0.95774767233826652,1.0617224418467661,841,1.5118931628326802,969,1.4118931628326801,1.5102348867351851,959
776,"[3, 3, 3, 2]",59.133333333333333,59.600000000000001,22.33971044467425,18.300000000000004,False,1.4528538107285762,858,1.3528538107285761,1.4550426740669957,845,0.12304512406880366,763,0.023045124068803657,0.12523398740722316,760,1.1127814218971388,759,1.0127814218971387,1.1149702852355583,749,1.6735397258983444,797,1.5735397258983443,1.6691062297686079,787
777,"[3, 3, 3, 3]",58.5,58.850000000000001,29.751809720785936,18.13333333333334,False,1.4648780292961445,840,1.4148780292961445,1.4649231604989985,833,0.3574323209197226,577,0.30743232091972261,0.35747745212257659,575,1.1248056404647071,740,1.0748056404647071,1.1248507716675611,738,1.7944077684095772,656,1.7444077684095771,1.7868583986306712,665
778,"[3, 3, 3, 4]",60.466666666666669,61.350000000000001,37.165201654601859,10.799999999999997,False,1.6265756158669016,507,1.5265756158669015,1.6365254342675377,495,0.74153166550495719,291,0.64153166550495722,0.75148148390559333,287,1.2233439716063017,549,1.1233439716063016,1.2332937900069378,532,2.0809281396636878,368,1.980928139663688,2.087410556604671,358
779,"[3, 3, 3, 5]",49.333333333333336,48.450000000000003,51.989400206825231,11.799999999999997,False,1.5621690445130743,665,1.4621690445130742,1.5398307109290119,702,0.96269903417181257,151,0.8626990341718126,0.94036070058775023,163,0.86245342920800694,1010,0.76245342920800696,0.8401150956239446,1013,2.1736457165537924,272,2.0736457165537923,2.1325923136836367,316
780,"[3, 3, 4, 0]",63.06666666666667,62.450000000000003,9.3665977249224408,15.199999999999996,False,1.4482500179962532,865,1.2982500179962533,1.4294254709201102,886,-0.2707520502560733,1044,-0.42075205025607332,-0.2895765973322163,1056,1.108177629164816,766,0.95817762916481597,1.089353082088673,793,1.49577014492891,986,1.3457701449289101,1.4646464022049952,994
781,"[3, 3, 4, 1]",63.033333333333331,62.450000000000003,16.778697001034125,15.233333333333334,False,1.5217343384313939,740,1.371734338431394,1.5035464636812272,773,0.02509524846241773,831,-0.12490475153758229,0.0069073737122510304,842,1.1816619495999565,633,1.0316619495999564,1.1634740748497898,672,1.6817812048265699,785,1.53178120482657,1.6514987408463457,810
782,"[3, 3, 4, 2]",62.43333333333333,62.049999999999997,24.192088934850052,14.93333333333333,False,1.5844081559019809,610,1.434408155901981,1.5700854463105256,655,0.31017082394748263,616,0.16017082394748261,0.29584811435602731,624,1.2443357670705435,502,1.0943357670705436,1.2300130574790882,543,1.8535231128165193,586,1.7035231128165194,1.8281969090071026,606
783,"[3, 3, 4, 3]",59.533333333333331,59.75,31.604188210961738,16.866666666666674,False,1.5531386563031659,679,1.4531386563031659,1.5505355529956935,686,0.50126430263201793,477,0.40126430263201796,0.49866119932454545,484,1.2130662674717285,566,1.1130662674717284,1.210463164164256,578,1.9171842007568043,526,1.8171842007568042,1.9064753936586398,536
784,"[3, 3, 4, 4]",62.666666666666664,63.700000000000003,39.017580144777661,8.6000000000000014,False,1.687119774283091,379,1.5871197742830909,1.699669472333853,366,0.85764717862642059,214,0.75764717862642061,0.8701968766771826,206,1.2468405602189752,498,1.1468405602189751,1.2593902582697372,481,2.1831493280400798,258,2.0831493280400797,2.1939545465392611,248
785,"[3, 3, 4, 5]",50.299999999999997,50.399999999999999,53.841778697001033,6.1000000000000014,False,1.6491563268681428,467,1.4991563268681429,1.6453798122864658,476,0.95706739201809121,153,0.80706739201809119,0.95329087743641439,156,0.91239314175955966,987,0.76239314175955963,0.90861662717788283,984,2.2947395914136384,183,2.1447395914136385,2.2789495464026071,188
786,"[3, 3, 5, 0]",46.93333333333333,46.950000000000003,13.073940020682523,31.333333333333336,False,1.1771740351813582,1103,1.0271740351813583,1.1721950964093568,1101,-0.43060776419816593,1167,-0.58060776419816595,-0.43558670297016733,1167,0.8371016463499209,1025,0.68710164634992088,0.83212270757791951,1019,1.1820499890384535,1150,1.0320499890384534,1.1633683161554336,1148
787,"[3, 3, 5, 1]",47.166666666666664,47.399999999999999,20.48603929679421,30.300000000000004,False,1.255751734224309,1050,1.1057517342243091,1.2548603929679421,1045,-0.12966708687186468,954,-0.2796670868718647,-0.1305584281282316,958,0.91567934539287155,984,0.76567934539287152,0.91478800413650463,980,1.3747912788856369,1075,1.2247912788856368,1.3616807566643563,1071
788,"[3, 3, 5, 2]",46.133333333333333,46.549999999999997,27.899431230610134,30.500000000000007,False,1.3101488114572049,1017,1.1601488114572049,1.3128550717997722,1008,0.14713174837550891,750,-0.0028682516244911138,0.14983800871807607,750,0.97007642262576754,940,0.82007642262576752,0.9727826829683347,933,1.5355965632076107,948,1.3855965632076108,1.526918822957541,944
789,"[3, 3, 5, 3]",43.56666666666667,43.200000000000003,35.311530506721823,30.399999999999999,False,1.2852460351181523,1031,1.1852460351181522,1.2733684696241805,1035,0.34459195031980672,585,0.24459195031980674,0.33271438482583493,591,0.91908781381515303,982,0.81908781381515305,0.90721024832118125,986,1.6076704385848,868,1.5076704385847999,1.5784570699180769,900
790,"[3, 3, 5, 4]",45.333333333333336,45.549999999999997,42.724922440537746,25.93333333333333,False,1.4431235877330515,873,1.2931235877330516,1.4421226421268964,864,0.72487126094918386,302,0.57487126094918384,0.72387031534302881,299,0.92869752775373393,972,0.77869752775373391,0.92769658214757889,969,1.889143137376768,549,1.7391431373767681,1.8751891939362189,558
791,"[3, 3, 5, 5]",38.100000000000001,37.950000000000003,57.549120992761118,4.9666666666666686,False,1.4032076785184433,921,1.3032076785184432,1.396060830180776,926,0.52575162888038718,458,0.4257516288803872,0.51860478054271986,465,0.59229764749465819,1191,0.49229764749465821,0.58515079915699086,1186,2.0302903272786503,413,1.9302903272786502,2.0053454841221456,439
792,"[3, 4, 0, 0]",67.233333333333334,66.849999999999994,2.5517063081695968,11.299999999999997,False,1.4596851445757539,846,1.3096851445757538,1.4448208605500503,859,-0.4637636661791581,1183,-0.61376366617915812,-0.47862795020486171,1185,1.1196127557443165,748,0.96961275574431638,1.1047484717186129,768,1.4291327208310558,1036,1.2791327208310557,1.4049034645176559,1040
793,"[3, 4, 0, 1]",67.333333333333329,67,9.9638055842812818,10.933333333333337,False,1.5857161543147991,606,1.3857161543147991,1.57178995457699,650,-0.1153696781567623,945,-0.31536967815676231,-0.12929587789457159,954,1.2456437654833616,499,1.0456437654833617,1.2317175657455526,538,1.6685088957034768,802,1.4685088957034769,1.6455758371148637,818
794,"[3, 4, 0, 2]",66.533333333333331,66.150000000000006,17.377197518097208,11.733333333333334,False,1.6445699378295289,472,1.4445699378295289,1.6297846334088202,513,0.16588586337244499,739,-0.034114136627555025,0.1511005589517363,749,1.3044975489980914,365,1.1044975489980915,1.2897122445773828,415,1.835203131231284,602,1.635203131231284,1.8108139034080488,633
795,"[3, 4, 0, 3]",66.333333333333329,65.799999999999997,24.789296794208894,11.033333333333331,False,1.6648708966347883,427,1.5148708966347884,1.6472600565496838,473,0.40854980046105516,544,0.25854980046105513,0.39093896037595066,554,1.3247985078033508,322,1.1747985078033509,1.3071876677182463,373,1.967007797410492,479,1.8170077974104919,1.9387528294857317,500
796,"[3, 4, 0, 4]",65.333333333333329,65.200000000000003,32.202688728024818,10.966666666666669,False,1.7199046461936605,320,1.5699046461936605,1.7100015708245522,347,0.68598530803440516,327,0.53598530803440514,0.67608223266529666,339,1.379832257362223,211,1.2298322573622231,1.3699291819931148,243,2.1286543604761565,320,1.9786543604761564,2.1103576190386795,343
797,"[3, 4, 0, 5]",59.866666666666667,60.799999999999997,47.026887280248189,11.399999999999999,False,1.8137323702557926,170,1.6137323702557926,1.8246992525493173,167,1.2245389886632383,76,1.0245389886632383,1.235505870956763,76,1.2132670134822661,565,1.0132670134822661,1.2242338957757908,549,2.4143893237936305,102,2.2143893237936303,2.4220079669495638,102
798,"[3, 4, 1, 0]",66.86666666666666,66.549999999999997,4.4053774560496377,11.666666666666671,False,1.5212184604688155,742,1.3212184604688155,1.507661369497205,766,-0.34662021584969532,1120,-0.54662021584969533,-0.36017730682130583,1125,1.1811460716373781,635,0.9811460716373781,1.1675889806657676,664,1.5166080326783116,965,1.3166080326783116,1.493992774633792,971
799,"[3, 4, 1, 1]",67,66.549999999999997,11.817476732161325,11.266666666666666,False,1.5478861425338373,692,1.3978861425338374,1.5317823622583218,719,-0.097589555501322756,935,-0.24758955550132278,-0.11369333577683827,945,1.2078137537023999,581,1.0578137537023999,1.1917099734268843,613,1.6568254862944238,812,1.5068254862944239,1.6308451132751425,836
800,"[3, 4, 1, 2]",66.233333333333334,66.150000000000006,19.230868665977248,11.233333333333334,False,1.6573765983745432,449,1.4573765983745433,1.6483213448876206,472,0.2343026583538606,688,0.034302658353860593,0.22524740486693801,695,1.3173042095431058,342,1.1173042095431058,1.3082489560561832,372,1.8743610005659213,566,1.6743610005659213,1.8575432814358994,570
801,"[3, 4, 1, 3]",65.966666666666669,65.599999999999994,26.642967942088934,10.666666666666671,False,1.6764042125278502,400,1.5264042125278503,1.6619992996740538,446,0.47569325079051827,500,0.32569325079051825,0.46128833793672164,511,1.3363318236964128,294,1.1863318236964129,1.3219269108426164,342,2.0044831092577482,441,1.8544831092577483,1.9803888289057725,466
802,"[3, 4, 1, 4]",65.166666666666671,64.849999999999994,34.05635987590486,9.0333333333333314,False,1.7352579960425802,290,1.5852579960425803,1.7218927126830992,324,0.756948792319726,279,0.60694879231972598,0.74358350896024494,292,1.3942031873559206,181,1.2442031873559205,1.3808379039964396,222,2.1711773447855554,275,2.0211773447855554,2.1481735845028629,298
803,"[3, 4, 1, 5]",59.600000000000001,60.350000000000001,48.880558428128232,11.666666666666664,False,1.8271757031267832,153,1.6271757031267833,1.8346916602306493,154,1.2935924559706302,53,1.0935924559706303,1.3011084130744963,54,1.1896369233956561,618,0.98963692339565601,1.1971528804995222,602,2.4543884718719582,89,2.254388471871958,2.4572772431098424,85
804,"[3, 4, 2, 0]",60.866666666666667,61.600000000000001,6.2577559462254397,17.666666666666664,False,1.425141226694852,892,1.225141226694852,1.4321978126268113,881,-0.38712609491838496,1143,-0.58712609491838497,-0.38006950898642561,1141,1.0850688378634146,803,0.88506883786341461,1.0921254237953739,790,1.4118746501068624,1050,1.2118746501068625,1.4146284453833227,1033
805,"[3, 4, 2, 1]",61.166666666666664,61.950000000000003,13.669855222337125,17.100000000000001,False,1.5049922703897547,769,1.3049922703897547,1.5129643750081814,752,-0.084912072940131533,924,-0.28491207294013154,-0.076939968321704855,920,1.1649198815583173,664,0.96491988155831732,1.172891986176744,650,1.6062984974414263,872,1.4062984974414263,1.6103941965883404,862
806,"[3, 4, 2, 2]",61.299999999999997,61.799999999999997,21.08324715615305,16.166666666666671,False,1.5316728790318188,718,1.3816728790318189,1.5342501930805179,712,0.16417029371641056,741,0.014170293716410542,0.16674760776510944,738,1.1916004902003814,609,1.0416004902003815,1.1941778042490805,606,1.7465485377925649,715,1.596548537792565,1.7434590880088594,710
807,"[3, 4, 2, 3]",60.5,61,28.495346432264736,16.13333333333334,False,1.5905137359695063,591,1.4405137359695064,1.5931813124239129,597,0.44537412893744854,522,0.29537412893744852,0.44804170539185517,520,1.2504413471380693,488,1.1004413471380692,1.2531089235924759,495,1.9132101865853457,528,1.7632101865853456,1.9099379122189708,533
808,"[3, 4, 2, 4]",60.100000000000001,59.899999999999999,35.908738366080662,13.866666666666667,False,1.6570075873959511,450,1.507007587395951,1.6464291558127053,475,0.73426973837837084,296,0.58426973837837082,0.72369130679512506,300,1.2789052089057753,428,1.1289052089057752,1.2683267773225295,457,2.0899997670374373,356,1.9399997670374374,2.0688092552523933,381
809,"[3, 4, 2, 5]",59.200000000000003,59.75,50.732936918304034,5.3333333333333286,False,1.8380594201168263,143,1.6380594201168264,1.8418230400691165,145,1.3014125742016247,48,1.1014125742016248,1.3051761941539146,51,1.1634730705821832,666,0.96347307058218323,1.1672366905344731,665,2.4909899182404973,69,2.2909899182404971,2.4886938985792368,69
810,"[3, 4, 3, 0]",57.766666666666666,57.799999999999997,8.1114270941054816,20.5,False,1.334467411857863,1001,1.1844674118578631,1.3285826253714346,994,-0.42218977531897262,1165,-0.57218977531897264,-0.42807456180540104,1164,0.99439502302642568,918,0.84439502302642566,0.98851023653999726,917,1.3303651049715053,1104,1.1803651049715052,1.3145836298627862,1097
811,"[3, 4, 3, 1]",58.100000000000001,58.149999999999999,15.523526370217166,20.166666666666664,False,1.4149551278787422,906,1.2649551278787421,1.4093491877528046,909,-0.11933908101474289,949,-0.26933908101474291,-0.12494502114068029,950,1.0748827390473048,817,0.92488273904730467,1.0692767989213672,826,1.5256302310497598,955,1.3756302310497597,1.5103493810678041,958
812,"[3, 4, 3, 2]",56.866666666666667,57.549999999999997,22.936918304033092,20.56666666666667,False,1.4655321711557807,837,1.3155321711557808,1.4720907020276726,819,0.15363972027677375,748,0.003639720276773728,0.16019825114866559,744,1.1254597823243435,737,0.97545978232434349,1.1320183131962354,722,1.6813878429095914,786,1.5313878429095915,1.681954170620751,778
813,"[3, 4, 3, 3]",56.533333333333331,57.200000000000003,30.349017580144778,19.966666666666669,False,1.4832864406571353,812,1.3832864406571352,1.4895661251685364,795,0.39375696806147864,553,0.29375696806147866,0.40003665257287968,548,1.1432140518256981,713,1.043214051825698,1.1494937363370992,693,1.8098273941140377,630,1.7098273941140376,1.8098930966984348,636
814,"[3, 4, 3, 4]",57.166666666666664,57.149999999999999,37.762409513960705,14.100000000000001,False,1.5695171341888432,645,1.4695171341888431,1.5627506774180882,666,0.70238941960766421,316,0.60238941960766423,0.69562296283690916,323,1.1543413327410665,691,1.0543413327410665,1.1475748759703115,696,2.0126966156205319,433,1.9126966156205321,1.9955046774228589,445
815,"[3, 4, 3, 5]",50.233333333333334,49.700000000000003,52.586608066184077,10.899999999999999,False,1.6353312759080207,490,1.4853312759080208,1.6195369667377904,533,1.006000872598817,135,0.85600087259881708,0.99020656342858637,143,0.92367150341577686,975,0.77367150341577684,0.90787719424554603,985,2.2614153142156281,198,2.1114153142156282,2.2294810015646429,216
816,"[3, 4, 4, 0]",60.93333333333333,60.899999999999999,9.9638055842812818,17.333333333333336,False,1.4134750677273629,912,1.263475067727363,1.4059671697668632,913,-0.28761076474419867,1061,-0.43761076474419869,-0.29511866270469811,1065,1.0734026788959254,825,0.92340267889592542,1.065894780935426,830,1.4569833769149181,1008,1.3069833769149182,1.4402277895766633,1012
817,"[3, 4, 4, 1]",60.966666666666669,60.649999999999999,17.375904860392968,17.299999999999997,False,1.4882327328144562,804,1.3382327328144563,1.4753413270849425,816,0.009509878626245194,845,-0.14049012137375483,-0.0033815271032687777,852,1.1481603439830188,702,0.99816034398301878,1.1352689382535048,718,1.6446769942999593,827,1.4946769942999594,1.6207134049582517,848
818,"[3, 4, 4, 2]",61.033333333333331,61.100000000000001,24.789296794208894,16.333333333333329,False,1.5636399968045676,660,1.4136399968045676,1.5580195502205698,672,0.30731890063083445,621,0.15731890063083442,0.30169845404683671,619,1.2235676079731301,548,1.0735676079731302,1.2179471613891324,563,1.8332444771637166,603,1.6832444771637167,1.8190584322022003,620
819,"[3, 4, 4, 3]",58.233333333333334,58.25,32.201396070320577,18.066666666666663,False,1.5342805141836813,716,1.4342805141836812,1.5280266189310541,723,0.50032239629329844,479,0.40032239629329847,0.49406850104067124,489,1.1942081253522439,606,1.0942081253522438,1.1879542300996166,619,1.899429401335073,545,1.7994294013350729,1.8833301256822605,551
820,"[3, 4, 4, 4]",60.5,62.149999999999999,39.614788004136507,10.766666666666666,False,1.6517081516882244,463,1.5517081516882243,1.6762111711806056,420,0.84015179181231947,226,0.74015179181231949,0.86465481130470068,213,1.1994847804369315,594,1.0994847804369314,1.2239877999293127,550,2.1435212812823976,307,2.0435212812823975,2.1695359339109297,266
821,"[3, 4, 4, 5]",51.366666666666667,51.950000000000003,54.438986556359879,0,False,1.6755019198929708,402,1.5255019198929707,1.68078227062689,407,0.95355259207497667,154,0.80355259207497665,0.95883294280889608,153,0.92679457759721051,973,0.77679457759721049,0.93207492833112993,966,2.3367155827939263,156,2.1867155827939264,2.3334783021953283,159
822,"[3, 4, 5, 0]",47.899999999999999,47.950000000000003,13.671147880041365,30.366666666666667,False,1.2516096112282573,1056,1.0516096112282574,1.247154516775097,1050,-0.33825595237050149,1111,-0.5382559523705015,-0.34271104682366177,1112,0.91153722239682011,988,0.71153722239682005,0.90708212794365983,987,1.2715021441876699,1125,1.07150214418767,1.2538902807766774,1126
823,"[3, 4, 5, 1]",48.166666666666664,47.799999999999997,21.08324715615305,29.300000000000004,False,1.3308239825971839,1004,1.130823982597184,1.3184274082703913,1002,-0.036678602718224373,885,-0.23667860271822438,-0.049075177045017238,898,0.99075159376574673,922,0.79075159376574666,0.97835501943895387,926,1.4650847127785436,1006,1.2650847127785436,1.4369225854621703,1015
824,"[3, 4, 5, 2]",47.299999999999997,47.450000000000003,28.496639089968976,29.333333333333343,False,1.3884044214599613,939,1.1884044214599614,1.3859157579882972,936,0.24330359415903063,678,0.043303594159030623,0.24081493068736654,688,1.0483320326285239,852,0.84833203262852397,1.0458433691568598,855,1.6300963908189696,839,1.4300963908189697,1.6148940982748801,854
825,"[3, 4, 5, 3]",45,45.25,35.908738366080662,28.966666666666669,False,1.3685950237287186,966,1.2185950237287184,1.3682645988506801,960,0.44585717471113828,521,0.29585717471113826,0.44552674983310003,524,0.99049264523854263,923,0.84049264523854261,0.99016222036050439,914,1.7089004961456817,754,1.5589004961456818,1.6957192722303218,762
826,"[3, 4, 5, 4]",46.93333333333333,47.149999999999999,43.322130299896585,24.333333333333336,False,1.479655937973499,818,1.3296559379734991,1.4784744675559276,812,0.77931984697039658,269,0.62931984697039656,0.77813837655282536,273,0.95328572080700469,952,0.80328572080700467,0.95210425038943347,948,1.9445795886561026,504,1.7945795886561025,1.9309912943808922,508
827,"[3, 4, 5, 5]",39.666666666666664,38.75,58.146328852119957,0,False,1.4891033564329144,801,1.3391033564329142,1.4672227821920858,830,0.58178691382691639,416,0.43178691382691636,0.55990633958608782,434,0.66624916822195257,1129,0.51624916822195255,0.644368593981124,1134,2.1348854998142937,315,1.9848854998142937,2.0907740701355793,353
828,"[3, 5, 0, 0]",62.366666666666667,63.799999999999997,3.7409513960703205,16.166666666666664,False,1.3786234358622309,957,1.228623435862231,1.3988019190239944,922,-0.50914802225565936,1205,-0.65914802225565938,-0.48896953909389607,1190,1.0385510470307935,870,0.88855104703079357,1.058729530192557,843,1.3362858204765393,1102,1.1862858204765392,1.3572092369728392,1076
829,"[3, 5, 0, 1]",62.700000000000003,64.049999999999997,11.153050672182006,15.566666666666663,False,1.5091111518831104,761,1.3091111518831104,1.5276697472281491,725,-0.15629732795142942,969,-0.35629732795142943,-0.13773873260639075,961,1.1690387630516732,655,0.96903876305167314,1.1875973583967119,620,1.5815509465547939,903,1.3815509465547939,1.6004282988739522,877
830,"[3, 5, 0, 2]",62.033333333333331,63.100000000000001,18.566442605997931,15.433333333333337,False,1.570511624701745,644,1.370511624701745,1.5837656918827643,620,0.12750490288168287,761,-0.072495097118317142,0.14075897006270216,752,1.2304392358703076,533,1.0304392358703076,1.2436933030513269,511,1.7516102970573624,708,1.5516102970573624,1.7631196758632321,689
831,"[3, 5, 0, 3]",62.93333333333333,63.549999999999997,25.978541882109617,13.70000000000001,False,1.6118227702642201,543,1.4618227702642201,1.6164309884413495,543,0.39117902672750859,556,0.24117902672750857,0.39578724490463779,551,1.2717503814327826,441,1.1217503814327827,1.276358599609912,442,1.9111771617783537,531,1.7611771617783538,1.9114321163721546,531
832,"[3, 5, 0, 4]",61.56666666666667,62.450000000000003,33.39193381592554,13.79999999999999,False,1.709853124237354,339,1.5098531242373541,1.7196788318301413,330,0.71161113871512027,310,0.51161113871512032,0.7214368463079075,304,1.3697807354059166,228,1.1697807354059166,1.3796064429987038,226,2.1135696586634243,335,1.9135696586634241,2.1203034594055774,331
833,"[3, 5, 0, 5]",50.133333333333333,50.350000000000001,48.216132368148912,21.133333333333333,False,1.5897165019497406,595,1.4397165019497404,1.5881739819093372,609,1.0362004729942078,123,0.88620047299420779,1.0346579529538047,126,0.96546624341819964,942,0.81546624341819962,0.96392372337779653,939,2.1487157268603143,303,1.9987157268603144,2.1358587309157824,310
834,"[3, 5, 1, 0]",61.899999999999999,63.049999999999997,5.5946225439503623,16.633333333333333,False,1.4382467347773642,877,1.2382467347773642,1.4530981241736807,847,-0.39391458890412484,1146,-0.59391458890412485,-0.37906319950780837,1139,1.0981743459459268,782,0.89817434594592682,1.1130257353422432,751,1.4212372960927244,1043,1.2212372960927245,1.4348384452214031,1016
835,"[3, 5, 1, 1]",62.033333333333331,63.200000000000003,13.006721820062047,16.233333333333334,False,1.4649144168423862,839,1.3149144168423861,1.4800672182006207,806,-0.14488392855575249,964,-0.29488392855575252,-0.129731127197518,956,1.1248420280109488,739,0.97484202801094877,1.1399948293691833,708,1.5614547497088362,921,1.4114547497088363,1.575510817818611,906
836,"[3, 5, 1, 2]",61.366666666666667,62.25,20.420113753877974,16.100000000000001,False,1.5763148896610208,630,1.3763148896610209,1.5861631628552353,613,0.18891830227736001,722,-0.011081697722640005,0.19876657547157445,714,1.2362425008295834,521,1.0362425008295835,1.2460907740237979,506,1.781514100211405,679,1.581514100211405,1.7882021948078912,662
837,"[3, 5, 1, 3]",62.466666666666669,63,27.83221302998966,14.166666666666671,False,1.6214460691793535,521,1.4714460691793534,1.6245246619454665,520,0.45641246007904324,516,0.30641246007904321,0.45949105284515623,512,1.2813736803479161,419,1.131373680347916,1.2844522731140291,424,1.9461286373945388,500,1.7961286373945389,1.9441547032285285,494
838,"[3, 5, 1, 4]",61.333333333333336,62.350000000000001,35.245604963805583,12.633333333333333,False,1.7239331294343208,312,1.5239331294343208,1.7363168091317265,291,0.78130127834848828,268,0.58130127834848833,0.79368495804589401,262,1.3590934189896466,248,1.1590934189896467,1.3714770986870524,239,2.1544100854854422,298,1.954410085485442,2.1644861481295234,273
839,"[3, 5, 1, 5]",49.466666666666669,49.799999999999997,50.069803516028955,15.066666666666663,False,1.5955197669090162,582,1.4455197669090163,1.5962676554134538,588,1.0920295911075686,111,0.94202959110756856,1.0927774796120064,109,0.93419608541987464,966,0.78419608541987462,0.93494397392431239,964,2.1786195300143567,262,2.0286195300143568,2.1685813177721558,267
840,"[3, 5, 2, 0]",59.600000000000001,58.149999999999999,7.4470010341261634,18.800000000000004,False,1.4128401291867625,913,1.2128401291867625,1.3785839343918946,949,-0.36374983978945269,1126,-0.5637498397894527,-0.39800603458432054,1152,1.0727677403553251,826,0.87276774035532512,1.0385115455604572,864,1.4098858540709105,1052,1.2098858540709105,1.3567474606228864,1077
841,"[3, 5, 2, 1]",60.100000000000001,59,14.859100310237849,18.166666666666664,False,1.4965112068375228,785,1.2965112068375229,1.4688441676593404,828,-0.057715783855341651,903,-0.25771578385534166,-0.085382823033524013,927,1.1564388180060854,683,0.95643881800608543,1.128771778827903,733,1.6093573738676172,865,1.4093573738676173,1.5652466583474289,913
842,"[3, 5, 2, 2]",59.733333333333334,58.600000000000001,22.272492244053776,17.700000000000003,False,1.5136417305899434,756,1.3636417305899435,1.485383150288639,799,0.18181649791155696,727,0.03181649791155694,0.1535579176102525,748,1.173569341758506,650,1.0235693417585061,1.1453107614572018,701,1.7369882330633994,726,1.5869882330633993,1.6919448265081858,767
843,"[3, 5, 2, 3]",60.5,59.5,29.684591520165458,16.13333333333334,False,1.6024061868485138,567,1.4524061868485139,1.5765927506446924,636,0.49294393245347745,487,0.34294393245347743,0.4671304962496563,504,1.2623337980170763,467,1.1123337980170762,1.236520361813255,527,1.9431899828096291,506,1.7931899828096292,1.9017173688846807,538
844,"[3, 5, 2, 4]",60.06666666666667,60.5,37.097983453981385,11.199999999999996,False,1.7182633659489819,323,1.5182633659489819,1.7197140117550036,329,0.83120286956842349,230,0.63120286956842342,0.83265351537444521,236,1.3163760857007916,346,1.1163760857007916,1.3178267315068133,353,2.1691382845180311,279,1.969138284518031,2.164069187300107,274
845,"[3, 5, 2, 5]",49.799999999999997,50.149999999999999,51.922182006204757,11.333333333333336,False,1.6204102750705363,524,1.4704102750705363,1.6214370099354651,528,1.0243011747602986,126,0.87430117476029856,1.0253279096252275,128,0.92203902377787872,979,0.7720390237778787,0.9230657586428076,972,2.2337291087440851,213,2.0837291087440852,2.2241915216286476,221
846,"[3, 5, 3, 0]",57.233333333333334,56.549999999999997,9.3006721820062044,21.033333333333331,False,1.3361731055212509,997,1.1861731055212508,1.3167408990352518,1004,-0.38480672901856317,1140,-0.53480672901856319,-0.40423893550456202,1155,0.99610071668981337,915,0.84610071668981335,0.97666851020381451,928,1.3468844412967425,1094,1.1968844412967423,1.3127298097882583,1100
847,"[3, 5, 3, 1]",57.466666666666669,56.850000000000001,16.712771458117892,20.799999999999997,False,1.4147508045642012,908,1.2647508045642011,1.3965580943280145,924,-0.083866051692262134,923,-0.23386605169226216,-0.10205876192844865,935,1.0746784157327638,819,0.92467841573276366,1.0564857054965771,845,1.5396257311439254,945,1.3896257311439255,1.5072222163413236,961
848,"[3, 5, 3, 2]",55.966666666666669,54.700000000000003,24.126163391933815,21.399999999999991,False,1.4602344692334297,844,1.3102344692334298,1.4298692288560471,885,0.18401937099144428,724,0.034019370991444253,0.15365413061406141,747,1.1201620804019925,745,0.97016208040199248,1.0897968400246096,792,1.6886531130542339,776,1.538653113054234,1.6393533216837444,829
849,"[3, 5, 3, 3]",56.233333333333334,55.600000000000001,31.538262668045501,20.166666666666671,False,1.4894488406023565,800,1.3894488406023564,1.4710788292121006,822,0.43559672064372146,527,0.33559672064372148,0.41722670925346539,537,1.1493764517709191,699,1.049376451770919,1.131006440380663,725,1.8322356816451077,605,1.7322356816451077,1.7991258640602394,647
850,"[3, 5, 3, 4]",58.533333333333331,57.899999999999999,38.951654601861428,12.733333333333334,False,1.6575131504328757,448,1.5075131504328758,1.6388836346262092,489,0.82606278848871872,238,0.6760627884887187,0.80743327268205223,254,1.2185524472270846,559,1.0685524472270846,1.1999229314204181,596,2.1271688403361226,322,1.9771688403361227,2.0945846434264292,350
851,"[3, 5, 3, 5]",44.93333333333333,44.149999999999999,53.7758531540848,11.466666666666669,False,1.4959928269568072,787,1.3959928269568072,1.4760496707813544,815,0.80720016925256721,252,0.70720016925256723,0.78725701307711438,268,0.76054815270654863,1064,0.66054815270654865,0.74060499653109579,1066,2.1076317901931367,341,2.0076317901931366,2.0681195414222033,382
852,"[3, 5, 4, 0]",55.966666666666669,54.5,11.153050672182006,22.299999999999997,False,1.3805033420359116,953,1.1805033420359117,1.3463406333040984,980,-0.28490513779862819,1058,-0.48490513779862821,-0.31906784653044146,1091,1.0404309532044744,867,0.84043095320447436,1.0062682444726612,901,1.4116126403293312,1051,1.2116126403293312,1.3572194703510319,1075
853,"[3, 5, 4, 1]",56.233333333333334,55.149999999999999,18.565149948293691,21.233333333333334,False,1.4597177134048385,845,1.2597177134048385,1.432803398217114,878,0.016672211853649144,838,-0.18332778814635087,-0.010242103334075103,858,1.119645324573401,746,0.91964532457340098,1.0927310093856768,787,1.6051952089202048,874,1.4051952089202049,1.5606252894677644,917
854,"[3, 5, 4, 2]",56.399999999999999,54.549999999999997,25.978541882109617,20.233333333333341,False,1.5370349943728789,709,1.337034994372879,1.4955449124919822,786,0.31639125083616743,608,0.11639125083616741,0.27490116895527067,649,1.1969626055414415,601,0.99696260554144156,1.1554725236605448,684,1.7962865280150335,652,1.5962865280150336,1.7322300790207115,720
855,"[3, 5, 4, 3]",55.466666666666669,54.299999999999997,33.3906411582213,19.899999999999991,False,1.5433291620066614,698,1.3933291620066612,1.5149190698100612,749,0.54504839675330019,438,0.39504839675330017,0.51663830455670001,466,1.2032567731752239,587,1.0532567731752238,1.1748466809786238,647,1.9095830618330525,534,1.7595830618330526,1.8627156944022993,565
856,"[3, 5, 4, 4]",58.06666666666667,57.049999999999997,40.80403309203723,13.199999999999996,False,1.6671235227709666,420,1.5171235227709667,1.6412681790216381,481,0.8912445155320835,188,0.74124451553208348,0.86538917178275498,212,1.1911152497616593,610,1.0411152497616594,1.1652599060123308,670,2.1620877292172813,287,2.0120877292172814,2.1196345756360619,333
857,"[3, 5, 4, 5]",44.399999999999999,44.75,55.628231644260602,3.1000000000000014,False,1.5543298546429458,676,1.4043298546429457,1.5559658607464035,676,0.77291827242991562,273,0.6229182724299156,0.77455427853337355,274,0.78183761058917101,1056,0.63183761058917098,0.78347361669262894,1054,2.1908681215869144,250,2.0408681215869144,2.1800964685384572,261
858,"[3, 5, 5, 0]",36.466666666666669,35.600000000000001,14.860392967942088,41.799999999999997,False,0.99512345429741755,1192,0.84512345429741753,0.97455329676802849,1191,-0.55906475666431976,1224,-0.70906475666431978,-0.57963491419370883,1224,0.65505106546598024,1139,0.50505106546598022,0.63448090793659118,1142,0.96292333132614327,1215,0.81292333132614325,0.91935394796870307,1219
859,"[3, 5, 5, 1]",37,35.899999999999999,22.272492244053776,40.433333333333337,False,1.0794312042741541,1150,0.92943120427415404,1.0543704920607908,1153,-0.25239402840423264,1037,-0.40239402840423266,-0.27745474061759579,1046,0.73935881544271664,1086,0.58935881544271662,0.7142981032293535,1089,1.1632361298665401,1163,1.0132361298665402,1.1138463545217681,1167
860,"[3, 5, 5, 2]",36.766666666666666,36.100000000000001,29.685884177869699,39.866666666666674,False,1.1491084173304795,1118,0.99910841733047961,1.1323018797533804,1120,0.039684942666570633,819,-0.11031505733342939,0.022878405089471476,830,0.80903602849904233,1045,0.6590360284990423,0.79222949092194317,1048,1.3442321040370837,1096,1.1942321040370838,1.305824658505955,1107
861,"[3, 5, 5, 3]",35.666666666666664,34.75,37.097983453981385,35.600000000000001,False,1.1522192233343809,1114,1.0522192233343808,1.1307899611220924,1123,0.26515872695382237,655,0.16515872695382239,0.24372946474153381,680,0.75033194308619056,1071,0.65033194308619058,0.72890268087390198,1078,1.4533222441366509,1015,1.3533222441366508,1.4082966915445887,1038
862,"[3, 5, 5, 4]",38.466666666666669,37.950000000000003,44.511375387797308,32.799999999999997,False,1.3298336180545434,1005,1.1798336180545435,1.3156833741311376,1006,0.66517487968846278,342,0.51517487968846276,0.65102463576505698,352,0.77967849913003484,1058,0.62967849913003482,0.76552825520662904,1062,1.7608745839830218,696,1.6108745839830219,1.7266756746459229,724
863,"[3, 5, 5, 5]",33.966666666666669,33.100000000000001,59.33557394002068,0,False,1.3421248395699863,992,1.2421248395699862,1.3218367520584349,998,0.37534614256895216,568,0.27534614256895218,0.35505805505740062,578,0.49548574960100999,1252,0.39548574960101002,0.47519766208945846,1256,1.9710066308675178,474,1.8710066308675177,1.9268659206892353,513
864,"[4, 0, 0, 0]",67.466666666666669,67.349999999999994,0.22362978283350568,11.066666666666663,True,1.3908610856042265,936,1.2908610856042264,1.3810337661827654,941,-0.60243002091076836,1233,-0.70243002091076834,-0.61225734033222945,1233,1.0507886967727891,849,0.95078869677278899,1.040961377351328,859,1.3263329622543505,1106,1.2263329622543504,1.3089482012546425,1104
865,"[4, 0, 0, 1]",67.700000000000003,67.700000000000003,7.6357290589451914,10.700000000000003,True,1.5194387846471771,746,1.3694387846471769,1.5118003285641355,754,-0.25148934358446751,1036,-0.40148934358446753,-0.2591277996675091,1037,1.1793663958157397,638,1.0293663958157395,1.1717279397326981,654,1.569074252101534,915,1.4190742521015338,1.5547139524596605,923
866,"[4, 0, 0, 2]",67.266666666666666,67.700000000000003,15.049120992761116,11,True,1.5852959637476451,607,1.4352959637476452,1.5859342479022946,616,0.036769593530478706,822,-0.11323040646952132,0.03740787768512821,816,1.2452235749162077,500,1.0952235749162078,1.2458618590708572,508,1.7450225538099353,717,1.5950225538099352,1.7415988778360374,712
867,"[4, 0, 0, 3]",67.033333333333331,67.450000000000003,22.461220268872804,10.400000000000006,True,1.6549602502269285,457,1.5049602502269284,1.6553084052203735,458,0.32879685829311256,596,0.17879685829311254,0.32914501328655776,593,1.3148878613954911,351,1.1648878613954909,1.3152360163889361,357,1.925985941245453,521,1.7759859412454528,1.9220844932176258,518
868,"[4, 0, 0, 4]",66.400000000000006,66.450000000000003,29.874612202688727,10.233333333333334,True,1.6669973953715393,421,1.5669973953715393,1.660454982786381,450,0.56323576145220111,426,0.46323576145220113,0.5566933488670428,436,1.3269250065401019,316,1.2269250065401018,1.3203825939549436,346,2.0468865704917119,397,1.9468865704917118,2.0335025255549528,406
869,"[4, 0, 0, 5]",59.233333333333334,59.5,44.698810754912103,12.033333333333331,True,1.7283548308088834,305,1.5783548308088833,1.726734942992159,310,1.0693191534562463,116,0.91931915345624626,1.0676992656395221,116,1.1744510045420786,647,1.0244510045420785,1.1728311167253542,651,2.2897163178809747,184,2.1397163178809748,2.2802122962162614,186
870,"[4, 0, 1, 0]",67.733333333333334,67.099999999999994,2.0773009307135473,10.799999999999997,True,1.4644911756908368,841,1.3144911756908366,1.4448236422185277,858,-0.47318979638775682,1187,-0.62318979638775684,-0.4928573298600657,1191,1.1244187868593993,741,0.9744187868593992,1.1047512533870902,767,1.4297925702317245,1035,1.2797925702317245,1.3993108560227312,1050
871,"[4, 0, 1, 1]",67.799999999999997,67.5,9.4894002068252323,10.466666666666669,True,1.539885513103906,702,1.3898855131039058,1.5265395716885055,728,-0.17543248069133732,982,-0.32543248069133734,-0.18877842210673779,989,1.1998131242724686,591,1.0498131242724684,1.1864671828570681,624,1.6183274663604559,854,1.468327466360456,1.5963499518797013,883
872,"[4, 0, 1, 2]",67.266666666666666,67.700000000000003,16.902792140641157,11,True,1.6538326752264456,459,1.4538326752264457,1.6544709593810951,462,0.16091643944568018,743,-0.039083560554319829,0.16155472360032969,743,1.3137602863950082,352,1.1137602863950082,1.3143985705496577,360,1.841751931837786,595,1.641751931837786,1.838328255863888,596
873,"[4, 0, 1, 3]",66.86666666666666,67.099999999999994,24.314891416752843,10.5,True,1.7203136000758477,318,1.5203136000758477,1.7171995470789208,338,0.44976034257843295,518,0.24976034257843294,0.44664628958150604,521,1.3802412112444102,209,1.1802412112444103,1.3771271582474833,233,2.0185089255548516,428,1.8185089255548514,2.009900458681809,434
874,"[4, 0, 1, 4]",66.799999999999997,66.700000000000003,31.72828335056877,9.6000000000000085,True,1.7431741747620544,274,1.5931741747620545,1.7337385297082193,293,0.69502267527911765,319,0.54502267527911763,0.68558703022528256,330,1.403101785930617,160,1.2531017859306171,1.3936661408767819,186,2.1537112934438474,299,2.0037112934438475,2.1365986268425661,308
875,"[4, 0, 1, 5]",58.56666666666667,58.549999999999997,46.552481902792138,12.699999999999996,True,1.7841580957681591,212,1.5841580957681591,1.7772336797874149,227,1.1807325528519232,88,0.98073255285192329,1.173808136871179,91,1.1931808465437539,607,0.99318084654375383,1.1862564305630097,625,2.369620121035017,132,2.1696201210350168,2.3527481258570155,145
876,"[4, 0, 2, 0]",62.633333333333333,62.100000000000001,3.9296794208893484,15.899999999999999,True,1.3856040947182313,944,1.2356040947182314,1.3684107182595264,958,-0.49650552265508818,1197,-0.64650552265508821,-0.51369889911379307,1204,1.0455317058867939,858,0.89553170588679398,1.028338329428089,873,1.3477737137399162,1093,1.1977737137399163,1.3186731821203095,1095
877,"[4, 0, 2, 1]",62.866666666666667,62.649999999999999,11.341778697001034,15.399999999999999,True,1.5141817937611819,754,1.3141817937611819,1.5029747489953267,774,-0.14556484532878716,965,-0.34556484532878717,-0.15677189009464237,972,1.1741094049297445,648,0.97410940492974452,1.1629023601638893,674,1.5905150035870996,889,1.3905150035870997,1.569532311933137,910
878,"[4, 0, 2, 2]",62.466666666666669,62.649999999999999,18.755170630816959,15,True,1.5306756451876264,719,1.3806756451876263,1.527108668333486,727,0.093330764112135145,784,-0.056669235887864877,0.08976378725799472,787,1.190603256356189,611,1.0406032563561889,1.1870362795020486,621,1.7173045840391916,743,1.5673045840391915,1.7064172373095139,749
879,"[4, 0, 2, 3]",63.266666666666666,63.649999999999999,26.167269906928645,13.366666666666674,True,1.6700767737721727,413,1.4700767737721727,1.6702170028667547,432,0.45509487098003215,517,0.25509487098003214,0.45523510007461415,515,1.3300043849407353,310,1.1300043849407353,1.3301446140353173,324,1.9743476125291115,470,1.7743476125291116,1.9687364689899132,477
880,"[4, 0, 2, 4]",62.166666666666664,62.950000000000003,33.580661840744568,12.766666666666673,True,1.6732005063531163,408,1.5232005063531164,1.6810597829644078,404,0.68062036157545347,331,0.53062036157545345,0.68847963818674474,326,1.3331281175216789,301,1.183128117521679,1.3409873941329704,297,2.0834703393637048,363,1.9334703393637049,2.0877945692389557,356
881,"[4, 0, 2, 5]",59.366666666666667,60.200000000000003,48.40486039296794,11.899999999999999,True,1.8179620164933465,165,1.6179620164933466,1.8270865786132238,164,1.2701078282823848,59,1.0701078282823848,1.279232390402262,60,1.1899371974654251,616,0.98993719746542519,1.1990617595853024,598,2.4365076021764116,93,2.2365076021764114,2.4414652906642713,93
882,"[4, 0, 3, 0]",61.633333333333333,63.200000000000003,5.7833505687693902,16.899999999999999,True,1.3850406364177448,945,1.2350406364177449,1.4078335056876941,911,-0.44145884651917344,1170,-0.59145884651917346,-0.41866597724922416,1160,1.0449682475863074,859,0.89496824758630744,1.0677611168562566,827,1.369264729457055,1079,1.2192647294570549,1.3934161424911147,1055
883,"[4, 0, 3, 1]",62,63.25,13.195449844881075,16.266666666666666,True,1.5161650247646001,751,1.3161650247646002,1.5329038655374183,717,-0.087971479888967641,926,-0.28797147988896765,-0.071232639116149465,916,1.1760926359331627,646,0.97609263593316276,1.1928314767059809,611,1.6153711342789996,857,1.4153711342789996,1.6315418257844172,834
884,"[4, 0, 3, 2]",61.399999999999999,63.049999999999997,20.608841778697002,16.06666666666667,True,1.5788388422351871,627,1.3788388422351872,1.6032403165211471,574,0.19710409559609726,713,-0.0028959044039027493,0.22150556988205722,701,1.2387664534037497,515,1.0387664534037497,1.2631679276897096,474,1.7871130422689492,667,1.5871130422689492,1.8133333725529841,626
885,"[4, 0, 3, 3]",60.600000000000001,61.899999999999999,28.020941054808688,16.033333333333339,True,1.5876796991728748,602,1.4376796991728749,1.6055258662442893,567,0.42830793081713536,533,0.27830793081713534,0.44615409788855009,522,1.2476073103414373,497,1.0976073103414372,1.2654534774128519,466,1.9037746910617295,539,1.7537746910617296,1.9208987841994278,520
886,"[4, 0, 3, 4]",60.299999999999997,62.899999999999999,35.434332988624611,13.666666666666671,True,1.6560835675772481,453,1.5060835675772479,1.6986471273546009,370,0.71911355723598624,305,0.56911355723598622,0.76167711701333907,283,1.2874692966361931,405,1.137469296636193,1.330032856413546,325,2.0830881077448926,364,1.9330881077448925,2.1332506026148539,313
887,"[4, 0, 3, 5]",52.06666666666667,52.100000000000001,50.258531540847983,12.466666666666661,True,1.6970674885833525,362,1.4970674885833526,1.6918258217375939,380,1.1841409115409534,85,0.9841409115409534,1.1788992446951947,87,1.0319692465978303,881,0.83196924659783034,1.0267275797520716,877,2.2989969353360626,178,2.0989969353360625,2.2819128350758233,184
888,"[4, 0, 4, 0]",62.666666666666664,63.700000000000003,7.6357290589451914,15.733333333333341,True,1.3733012634247661,962,1.273301263424766,1.3858509614755281,937,-0.39762686480687848,1150,-0.49762686480687846,-0.38507716675611647,1143,1.0332288745933287,879,0.93322887459332859,1.0457785726440907,856,1.3920411618042821,1063,1.292041161804282,1.4028463803034636,1045
889,"[4, 0, 4, 1]",62.700000000000003,63.75,15.047828335056877,15.566666666666663,True,1.4980589285118593,782,1.3480589285118594,1.5109213213252524,756,-0.050506221436434351,897,-0.20050622143643437,-0.037643828623041276,885,1.1579865396804219,679,1.0079865396804217,1.1708489324938149,656,1.6297347791893229,840,1.4797347791893227,1.6409720635967662,826
890,"[4, 0, 4, 2]",62.399999999999999,63.899999999999999,22.461220268872804,15.033333333333339,True,1.5664627969162321,650,1.4164627969162322,1.5879033419292345,611,0.24029940498241642,682,0.090299404982416398,0.26173994999541861,664,1.2263904080847947,539,1.0763904080847948,1.2478309530977971,505,1.809048195872486,631,1.6590481958724859,1.8316770229290005,600
891,"[4, 0, 4, 3]",60.56666666666667,60.950000000000003,29.873319544984486,16.06666666666667,True,1.6055668117486563,558,1.4555668117486564,1.606011676462503,563,0.50176639809819101,476,0.35176639809819099,0.50221126281203765,478,1.2654944229172189,457,1.115494422917219,1.2659392876310656,464,1.9496302036108637,498,1.7996302036108638,1.9434020271051557,495
892,"[4, 0, 4, 4]",61.333333333333336,63.600000000000001,37.286711478800413,9.93333333333333,True,1.6443441945842694,474,1.5443441945842693,1.6804620514968653,409,0.76294553894828154,276,0.66294553894828157,0.79906339586087749,259,1.2386823538396985,516,1.1386823538396984,1.2748002107522944,444,2.1058645400921203,345,2.0058645400921202,2.1477742190350129,299
893,"[4, 0, 4, 5]",49.899999999999999,50.200000000000003,52.110910031023785,11.233333333333334,True,1.6242075722966556,513,1.4742075722966554,1.6242736572722634,523,1.0186620707454663,128,0.8686620707454662,1.0187281557210741,131,0.92206176050761723,978,0.77206176050761721,0.92212784548322502,973,2.24101060828901,208,2.0910106082890101,2.230222529594454,214
894,"[4, 0, 5, 0]",45.93333333333333,46.600000000000001,11.343071354705273,32.333333333333336,True,1.1407651787422988,1123,0.99076517874229886,1.1482408401293314,1113,-0.51894268061654303,1209,-0.66894268061654305,-0.51146701922951066,1202,0.80069278991086146,1051,0.65069278991086144,0.80816845129789383,1039,1.1131779885273978,1181,0.96317798852739778,1.1108212653914231,1170
895,"[4, 0, 5, 1]",46.200000000000003,46.950000000000003,18.755170630816959,31.266666666666666,True,1.2699795501112257,1041,1.0699795501112257,1.2790074025107012,1030,-0.16736533096426548,978,-0.36736533096426549,-0.15833747856478991,973,0.92990716127978823,968,0.72990716127978827,0.9389350136792638,960,1.3567605571182717,1088,1.1567605571182717,1.3565870165964407,1078
896,"[4, 0, 5, 2]",46.166666666666664,46,26.168562564632886,30.466666666666676,True,1.3434767971234085,990,1.1434767971234086,1.3351033471653162,993,0.12853367406239519,760,-0.071466325937604824,0.12016022410430277,768,1.0034044082919711,909,0.80340440829197113,0.99503095833387878,912,1.5428042037509579,939,1.342804203750958,1.5192783935857206,949
897,"[4, 0, 5, 3]",43.799999999999997,43.850000000000001,33.580661840744568,31.13333333333334,True,1.3723940547402131,963,1.1723940547402132,1.3684015551163065,959,0.37981390996255021,564,0.1798139099625502,0.37582141033864364,561,1.0323216659087757,880,0.83232166590877565,1.028329166284869,874,1.6699257515902892,800,1.4699257515902893,1.6513769121931152,811
898,"[4, 0, 5, 4]",45.166666666666664,44.700000000000003,40.994053774560498,26.100000000000001,True,1.4226315394433979,893,1.272631539443398,1.408674714960795,910,0.65245315268021287,350,0.50245315268021284,0.63849632819760993,362,0.94282285278362532,962,0.7928228527836253,0.92886602830102238,968,1.8413031054579729,596,1.6913031054579728,1.8099086966526841,635
899,"[4, 0, 5, 5]",36.166666666666664,36.25,55.81825232678387,11.333333333333336,True,1.3989719969520493,927,1.2489719969520492,1.3964736625083449,925,0.60805938061285569,389,0.45805938061285567,0.60556104616915152,400,0.62267933924780927,1174,0.47267933924780925,0.6201810048041051,1160,1.9878625219442632,459,1.8378625219442632,1.9684181277554189,478
900,"[4, 1, 0, 0]",66.400000000000006,66.700000000000003,0.81825232678386761,12.133333333333326,True,1.4264337966124909,891,1.2764337966124908,1.4246382194703706,891,-0.54901863358399317,1222,-0.69901863358399319,-0.55081421072611347,1216,1.0863614077810535,802,0.93636140778105337,1.0845658306389332,800,1.3644019405683991,1081,1.2144019405683992,1.3573846188914027,1074
901,"[4, 1, 0, 1]",66.766666666666666,67.150000000000006,8.2303516028955528,11.5,True,1.507558184959346,764,1.3575581849593461,1.5073035160289558,767,-0.24553126695378735,1031,-0.39553126695378737,-0.24578593588417774,1028,1.1674857961279086,658,1.0174857961279087,1.1672311271975184,666,1.5605083453903439,922,1.410508345390344,1.555697059400325,922
902,"[4, 1, 0, 2]",66.900000000000006,67.200000000000003,15.643743536711479,11.36666666666666,True,1.6342387936014102,494,1.4342387936014103,1.6323868024557222,505,0.10355109970275472,776,-0.096448900297245288,0.10169910855706671,780,1.2941664047699728,386,1.0941664047699728,1.2923144136242848,409,1.8007583857414826,646,1.6007583857414827,1.7938553294286543,655
903,"[4, 1, 0, 3]",67.099999999999994,67.099999999999994,23.055842812823165,10.333333333333343,True,1.7121798203183842,331,1.5121798203183843,1.7046090610396238,356,0.40385510470307923,548,0.20385510470307922,0.39628434542431884,550,1.3721074314869468,221,1.1721074314869468,1.3645366722081864,253,1.9926583968449754,453,1.7926583968449754,1.9781609787660999,469
904,"[4, 1, 0, 4]",66,66.150000000000006,30.469234746639088,10.5,True,1.7153035528993281,329,1.5653035528993282,1.7107050056942392,346,0.62938059529850077,368,0.47938059529850074,0.62478204809341165,374,1.3752311640678907,220,1.2252311640678908,1.3706326168628018,242,2.1017811236795687,347,1.9517811236795688,2.0908523557553798,352
905,"[4, 1, 0, 5]",59.733333333333334,60.049999999999997,45.29343329886246,11.533333333333331,True,1.7938511411380305,201,1.5938511411380305,1.793124206406346,211,1.1526541401039043,97,0.95265414010390426,1.1519272053722198,98,1.2280548639922186,535,1.0280548639922187,1.2273279292605341,545,2.3673253971484725,134,2.1673253971484723,2.3592089854998806,140
906,"[4, 1, 1, 0]",66.566666666666663,66.650000000000006,2.6719234746639091,11.966666666666669,True,1.4481538697211724,866,1.2981538697211723,1.4422255638605632,863,-0.47168842603891059,1186,-0.62168842603891061,-0.47761673189951959,1184,1.1080814808897348,767,0.95808148088973477,1.1021531750291258,771,1.415337712314702,1048,1.265337712314702,1.4028406522673009,1046
907,"[4, 1, 1, 1]",67.099999999999994,66.950000000000003,10.084022750775594,11.166666666666671,True,1.4824616196979088,814,1.3824616196979087,1.4720427591533258,820,-0.21501769777882349,1009,-0.31501769777882349,-0.22543655832340645,1012,1.1423892308664714,715,1.0423892308664713,1.1319703703218884,723,1.5656505108550989,920,1.4656505108550988,1.5473330588203662,928
908,"[4, 1, 1, 2]",67.166666666666671,67.099999999999994,17.497414684591519,11.099999999999994,True,1.6078688836880204,553,1.4578688836880205,1.5990247797573076,583,0.13279132422576601,756,-0.017208675774234017,0.12394722029505301,762,1.267796494856583,452,1.1177964948565831,1.2589523909258702,482,1.8042179937188565,638,1.6542179937188566,1.7880380181526001,663
909,"[4, 1, 1, 3]",66.799999999999997,67,24.909513960703205,10.566666666666663,True,1.674986480863399,404,1.5249864808633988,1.671247038341209,430,0.42227189968449508,537,0.27227189968449506,0.41853245716230536,536,1.3349140920319615,297,1.1849140920319614,1.3311746495097716,320,1.9818162661796124,464,1.8318162661796125,1.9723436674900459,473
910,"[4, 1, 1, 4]",66.299999999999997,66.299999999999997,32.322905894519131,10,True,1.6895703153119146,375,1.5895703153119145,1.6820898184388622,402,0.6592574921474883,344,0.55925749214748832,0.65177699527443589,350,1.3494979264804772,265,1.2494979264804771,1.3420174296074248,293,2.106082010400633,344,2.0060820104006329,2.0914017677390877,351
911,"[4, 1, 1, 5]",58.93333333333333,59.450000000000003,47.147104446742503,12.333333333333336,True,1.7471077167934013,261,1.5971077167934014,1.7502685128218554,271,1.1615208501956764,96,1.0115208501956765,1.1646816462241305,93,1.1442380166899886,710,0.99423801668998868,1.1473988127184427,697,2.3438640853277533,147,2.1938640853277533,2.3406582277043015,154
912,"[4, 1, 2, 0]",61.56666666666667,61,4.5243019648397107,16.966666666666661,True,1.4211768057264957,896,1.2211768057264958,1.4034708677496628,919,-0.44309413532831304,1171,-0.64309413532831305,-0.460800073305146,1179,1.0811044168950583,809,0.88110441689505836,1.0633984789182254,836,1.3858426920539653,1069,1.1858426920539653,1.3556494978894971,1079
913,"[4, 1, 2, 1]",62,61.450000000000003,11.936401240951396,16.266666666666666,True,1.4535745387253032,856,1.3035745387253033,1.4361361643082482,872,-0.18833342404615483,987,-0.33833342404615485,-0.20577179846321003,996,1.113502149893866,758,0.96350214989386596,1.0960637754768108,780,1.5336316543632909,950,1.3836316543632907,1.5039619383984197,964
914,"[4, 1, 2, 2]",62.100000000000001,61.700000000000003,19.349793174767321,15.366666666666667,True,1.5296184750413917,723,1.3796184750413916,1.5150169190894456,748,0.11011227028441117,771,-0.039887729715588849,0.095510714332465052,784,1.1895460862099543,619,1.0395460862099541,1.1749445302580082,646,1.7230404159707389,739,1.573040415970739,1.6972135870345588,758
915,"[4, 1, 2, 3]",62.733333333333334,61.899999999999999,26.761892450879007,13.900000000000006,True,1.6658362419960566,424,1.4658362419960567,1.6429353802049926,479,0.46869301552242687,507,0.26869301552242686,0.44579215373136288,523,1.3257638531646192,320,1.1257638531646192,1.3028629913735552,378,1.975877050742207,469,1.775877050742207,1.939159304283719,499
916,"[4, 1, 2, 4]",61.366666666666667,62.200000000000003,34.175284384694933,12.833333333333336,True,1.6638665959691905,432,1.5138665959691904,1.6727655020747974,428,0.6891251275100384,324,0.53912512751003838,0.69802403361564547,320,1.3204332971067294,330,1.1704332971067293,1.3293322032123362,327,2.078269547627277,369,1.9282695476272771,2.0836842975718111,360
917,"[4, 1, 2, 5]",59.666666666666664,60.100000000000001,48.999482936918305,11.600000000000001,True,1.8296382928666362,149,1.6296382928666362,1.8311340698755123,160,1.2996227809741854,50,1.0996227809741854,1.3011185579830613,53,1.1897210229597077,617,0.98972102295970765,1.1912167999685837,614,2.4590690089817668,86,2.2590690089817667,2.453908499472508,87
918,"[4, 1, 3, 0]",60.633333333333333,61.549999999999997,6.3779731127197516,17.899999999999999,True,1.4218866920779614,895,1.2218866920779614,1.4324506172031466,879,-0.38677411454044613,1142,-0.58677411454044615,-0.37621018941526091,1135,1.0818143032465239,807,0.88181430324652399,1.0923782283717092,788,1.4090162652584846,1053,1.2090162652584846,1.4163856670888249,1031
919,"[4, 1, 3, 1]",60.93333333333333,62.299999999999997,13.790072388831437,17.333333333333336,True,1.4517377357728645,859,1.3017377357728643,1.4708121162933776,823,-0.1345600925621927,957,-0.28456009256219272,-0.11548571204167934,947,1.111665346941427,760,0.96166534694142691,1.1307397274619402,726,1.5534401125930484,927,1.4034401125930482,1.5723381755094623,909
920,"[4, 1, 3, 2]",60.899999999999999,61.600000000000001,21.203464322647363,16.56666666666667,True,1.5752349827850476,633,1.3752349827850476,1.5816548963910306,627,0.21133891246446851,707,0.011338912464468498,0.21775882607045155,703,1.2351625939536102,523,1.0351625939536102,1.2415825075595932,518,1.7894837592257347,664,1.5894837592257347,1.7913962757585045,656
921,"[4, 1, 3, 3]",59.899999999999999,60.799999999999997,28.615563598759049,16.733333333333341,True,1.5802558057668774,624,1.4302558057668775,1.5905860157344258,603,0.43872271372964899,525,0.28872271372964897,0.4490529236971974,518,1.24018341693544,512,1.0901834169354401,1.2505136269029884,499,1.9010977355563727,543,1.7510977355563728,1.9078750999686158,535
922,"[4, 1, 3, 4]",60.166666666666664,61.700000000000003,36.028955532574976,13.800000000000004,True,1.6594831037128466,440,1.5094831037128464,1.6818085426675218,403,0.74035176969009575,293,0.59035176969009573,0.76267720864477118,281,1.2789763818927846,427,1.1289763818927845,1.3013018208474598,380,2.0947128908822727,350,1.9447128908822728,2.1176802290801366,335
923,"[4, 1, 3, 5]",52.266666666666666,52.450000000000003,50.853154084798348,12.266666666666666,True,1.7068337479787135,345,1.5068337479787135,1.7044176167973506,357,1.164176043738796,94,0.96417604373879606,1.1617599125574332,94,1.0298430551141839,884,0.82984305511418388,1.0274269239328211,875,2.3190345059103468,167,2.1190345059103466,2.3058161457516322,177
924,"[4, 1, 4, 0]",61.866666666666667,62.600000000000001,8.2303516028955528,16.399999999999999,True,1.4139673530408401,911,1.2639673530408402,1.4209111109656645,893,-0.33912209887229328,1113,-0.4891220988722933,-0.3321783409474689,1100,1.0738949642094027,823,0.92389496420940276,1.080838722134227,804,1.4368403700678538,1030,1.2868403700678537,1.439822696072651,1013
925,"[4, 1, 4, 1]",62.06666666666667,62.950000000000003,15.642450879007239,16.199999999999996,True,1.4419083797578145,875,1.3419083797578144,1.4516776733470345,850,-0.088818093871968345,927,-0.18881809387196835,-0.079048800282748383,923,1.1018359909263771,775,1.001835990926377,1.111605284515597,755,1.578740381171347,906,1.4787403811713469,1.5855884472776689,894
926,"[4, 1, 4, 2]",61.866666666666667,63.200000000000003,23.055842812823165,15.56666666666667,True,1.5622222651401163,664,1.4122222651401162,1.5805584281282319,631,0.25389754952481114,669,0.10389754952481112,0.27223371251292672,652,1.2221498763086789,554,1.0721498763086788,1.2404860392967945,521,1.8105776340855808,629,1.6605776340855809,1.828840095913808,603
927,"[4, 1, 4, 3]",59.799999999999997,60.200000000000003,30.467942088934851,16.700000000000003,True,1.5968695736907068,580,1.4468695736907069,1.5977173955728929,586,0.51090783635875237,472,0.36090783635875234,0.51175565824093849,472,1.2567971848592694,479,1.1067971848592693,1.2576450067414555,486,1.9452706906181261,502,1.7952706906181262,1.9392917554380102,498
928,"[4, 1, 4, 4]",61.533333333333331,63.149999999999999,37.881334022750778,9.7333333333333343,True,1.6541104539796301,458,1.55411045397963,1.6778639731389002,415,0.79055047466215334,263,0.69055047466215336,0.81430399382142349,246,1.2365561623560519,519,1.1365561623560518,1.2603096815153221,479,2.1259021106664044,323,2.0259021106664044,2.1513040152795826,294
929,"[4, 1, 4, 5]",50.366666666666667,50.5,52.70553257497415,10.766666666666666,True,1.6390672102998263,482,1.4890672102998264,1.6359160852434123,497,1.0037905815511188,137,0.85379058155111887,1.0006394564947048,139,0.9250289476317809,974,0.77502894763178087,0.92187782257536688,974,2.2677784088128177,193,2.1177784088128178,2.2528524956183102,202
930,"[4, 1, 5, 0]",45.833333333333336,46.850000000000001,11.937693898655636,32.43333333333333,True,1.1948013872038741,1094,0.99480138720387401,1.2089339010118729,1074,-0.44706779583645678,1176,-0.64706779583645679,-0.43293528202845794,1166,0.85472899837243665,1013,0.6547289983724367,0.8688615121804355,1002,1.1756440504084686,1156,0.97564405040846869,1.1821778867633272,1141
931,"[4, 1, 5, 1]",46.133333333333333,46.649999999999999,19.349793174767321,31.333333333333336,True,1.224652430898777,1064,1.0746524308987768,1.2292574254185591,1060,-0.19485377385820357,991,-0.34485377385820359,-0.19024877933842121,990,0.88458004206733942,994,0.7345800420673394,0.88918503658712178,992,1.3200678977430327,1112,1.1700678977430328,1.3139368467968677,1098
932,"[4, 1, 5, 2]",45.299999999999997,45.899999999999999,26.763185108583247,31.333333333333343,True,1.3328695420875303,1002,1.1328695420875303,1.3391508384276045,986,0.13576509534502773,754,-0.06423490465497228,0.14204639168510197,751,0.99279715325609286,919,0.7927971532560929,0.9990784495961671,906,1.535920854527149,947,1.335920854527149,1.5317216023939577,940
933,"[4, 1, 5, 3]",43.899999999999999,44.200000000000003,34.175284384694933,30.300000000000004,True,1.3802502971576454,954,1.1802502971576454,1.3809933501760632,943,0.40550882869849342,546,0.20550882869849341,0.40625188171691123,543,1.0368169982951843,874,0.83681699829518419,1.0375600513136021,867,1.6874394859335025,778,1.4874394859335025,1.6752802228689245,784
934,"[4, 1, 5, 4]",45.299999999999997,45.600000000000001,41.588676318510856,25.966666666666669,True,1.4311244541868064,884,1.2811244541868065,1.4317095479952351,882,0.67878474374213216,333,0.52878474374213214,0.6793698375505608,334,0.93942331664802681,964,0.78942331664802678,0.94000841045645545,959,1.8596581185448762,580,1.7096581185448763,1.8478187984999703,581
935,"[4, 1, 5, 5]",36.833333333333336,36.350000000000001,56.412874870734228,10.666666666666664,True,1.4176516689110774,901,1.2676516689110775,1.4043186221250639,917,0.59700792537436609,402,0.44700792537436607,0.58367487858835243,412,0.62946656032783033,1163,0.4794665603278303,0.61613351354181667,1164,2.019677994930213,427,1.8696779949302131,1.9859547151714656,456
936,"[4, 2, 0, 0]",65.799999999999997,65.650000000000006,1.4154601861427094,12.733333333333334,True,1.4209457733385071,897,1.270945773338507,1.4106735892031996,908,-0.53659042107721178,1211,-0.6865904210772118,-0.54686260521251928,1215,1.0808733845070697,811,0.93087338450706958,1.0706012003717622,824,1.3643139947641663,1082,1.2143139947641663,1.3456994527825956,1082
937,"[4, 2, 0, 1]",65.833333333333329,66.049999999999997,8.8275594622543956,12.433333333333337,True,1.5457034384255999,694,1.3457034384255999,1.5423895186731769,697,-0.18946977770676815,988,-0.38946977770676816,-0.19278369745919116,991,1.2056310495941625,583,1.0056310495941625,1.2023171298417394,591,1.6020076121492071,879,1.4020076121492071,1.5927385486395655,885
938,"[4, 2, 0, 2]",66.266666666666666,66,16.240951396070322,12,True,1.5781140980014503,628,1.4281140980014502,1.5655740709227284,660,0.065342639883559817,801,-0.084657360116440206,0.052802612804838112,806,1.2380417091700129,518,1.0880417091700127,1.225501682091291,547,1.7498291611935595,710,1.5998291611935593,1.72835012936399,722
939,"[4, 2, 0, 3]",66.333333333333329,66.700000000000003,23.653050672182005,11.033333333333331,True,1.7035084354145194,351,1.5035084354145194,1.7029862029243517,361,0.41309995557997953,540,0.21309995557997952,0.41257772308981183,541,1.3634360465830819,244,1.163436046583082,1.3629138140929142,256,1.9883640573222905,458,1.7883640573222905,1.9830292931326747,461
940,"[4, 2, 0, 4]",65.833333333333329,65.099999999999994,31.066442605997931,10.666666666666671,True,1.7180922698630354,324,1.5680922698630353,1.6967403754270678,372,0.65008554804297325,352,0.50008554804297323,0.62873365360700584,370,1.378019881031598,215,1.2280198810315979,1.3566679865956304,264,2.1126298015433114,337,1.9626298015433112,2.0791671896465727,367
941,"[4, 2, 0, 5]",60,59.850000000000001,45.8906411582213,11.266666666666666,True,1.8049165983394286,187,1.6049165983394287,1.7952988166455042,209,1.1816358330860677,87,0.98163583308606761,1.1720180513921432,92,1.22717616400644,538,1.0271761640064401,1.2175583823125156,565,2.3891106986801907,120,2.1891106986801905,2.3691706784742652,134
942,"[4, 2, 1, 0]",65.833333333333329,65.799999999999997,3.2691313340227506,12.700000000000003,True,1.4901191571432835,799,1.2901191571432835,1.4820584019478225,802,-0.41180690283603399,1158,-0.61180690283603401,-0.41986765803149501,1162,1.150046768311846,698,0.95004676831184609,1.141986013116385,704,1.4618846515357076,1007,1.2618846515357076,1.4462488647663037,1007
943,"[4, 2, 1, 1]",66.166666666666671,66.099999999999994,10.681230610134437,12.099999999999994,True,1.5206068731641627,744,1.3706068731641627,1.5118755972405848,753,-0.15895620853180426,971,-0.30895620853180428,-0.16768748445538229,977,1.1805344843327252,636,1.0305344843327253,1.1718032084091474,653,1.6071497776139623,870,1.4571497776139624,1.5907412713193687,888
944,"[4, 2, 1, 2]",66.466666666666669,66.099999999999994,18.094622543950361,11,True,1.6004708434361081,571,1.450470843436108,1.586009516578744,614,0.14330951975461892,752,-0.006690480245381103,0.1288481928972548,758,1.2603984546046707,471,1.1103984546046706,1.2459371277473066,507,1.8016062116835525,644,1.6516062116835526,1.7776261966957456,676
945,"[4, 2, 1, 3]",66.599999999999994,66.450000000000003,25.506721820062047,10.033333333333346,True,1.7271385255011296,307,1.5271385255011296,1.7167760789601141,340,0.49234018010299113,488,0.29234018010299112,0.48197773356197565,496,1.3870661366696921,195,1.1870661366696922,1.3767036901286767,235,2.0418236652996646,405,1.8418236652996645,2.0233919479007634,417
946,"[4, 2, 1, 4]",65.933333333333337,65.25,32.92011375387797,9.4333333333333229,True,1.7385389983197648,286,1.5885389983197646,1.7181251881716912,334,0.72614241093610365,300,0.57614241093610363,0.70572860078803012,315,1.3984666094883274,172,1.2484666094883272,1.3780527993402538,229,2.1618830158022333,289,2.0118830158022334,2.1297166016302809,320
947,"[4, 2, 1, 5]",59.766666666666666,59.399999999999999,47.744312306101342,11.5,True,1.8189966035363956,164,1.6189966035363956,1.8052912243268362,191,1.2513259727194359,67,1.051325972719436,1.2376205935098765,75,1.2041827462458061,585,1.0041827462458062,1.1904773670362467,616,2.4299511255022086,94,2.2299511255022084,2.4044399546345439,114
948,"[4, 2, 2, 0]",60.133333333333333,59.799999999999997,5.1215098241985526,18.399999999999999,True,1.3497719743031062,984,1.1997719743031061,1.336658136216669,991,-0.49658273097093708,1198,-0.6465827309709371,-0.50969656905737437,1201,1.0096995854716688,902,0.8596995854716688,0.99658574738523154,911,1.3147227776574719,1117,1.164722777657472,1.2901442978248325,1116
949,"[4, 2, 2, 1]",60.833333333333336,60.299999999999997,12.533609100310239,17.43333333333333,True,1.437263085909724,880,1.287263085909724,1.4202727998638616,895,-0.18672864108096909,986,-0.33672864108096912,-0.20371892712683126,995,1.0971906970782865,786,0.94719069707828651,1.0802004110324244,806,1.5192419699163211,963,1.3692419699163212,1.4897300829857074,974
950,"[4, 2, 2, 2]",60.733333333333334,60,19.947001034126163,16.733333333333334,True,1.4594869882699546,848,1.3594869882699545,1.4387105166703757,869,0.057897019293739277,807,-0.042102980706260729,0.037120547694160427,818,1.1194145994385172,750,1.0194145994385171,1.0986381278389383,778,1.6536030590616266,819,1.5536030590616265,1.6189749404503697,850
951,"[4, 2, 2, 3]",61.966666666666669,61.450000000000003,27.359100310237849,14.666666666666671,True,1.6071648570921919,554,1.4571648570921918,1.5903631550011128,605,0.42793786639932729,534,0.27793786639932727,0.41113616430824818,542,1.2670924682607545,453,1.1170924682607544,1.2502907661696754,501,1.9215827112195223,525,1.7715827112195224,1.8927542739983414,544
952,"[4, 2, 2, 4]",60.56666666666667,60.049999999999997,34.772492244053772,13.399999999999999,True,1.6045585387393493,562,1.5045585387393492,1.5879147958582591,610,0.64773330606096235,354,0.54773330606096238,0.63108956317987219,367,1.2491810826897114,492,1.1491810826897113,1.2325373398086212,534,2.0231339293609016,422,1.9231339293609018,1.9939855491200493,448
953,"[4, 2, 2, 5]",59.133333333333333,59.850000000000001,49.596690796277144,7.2333333333333272,True,1.7754236142446049,224,1.625423614244605,1.7823593130260624,224,1.2633243381329193,65,1.1133243381329194,1.2702600369143768,62,1.1235621871504997,742,0.97356218715049969,1.1304978859319572,729,2.410663620664915,106,2.2606636206649151,2.4125968477949402,106
954,"[4, 2, 3, 0]",59.93333333333333,61,6.9751809720785936,18.600000000000001,True,1.4144886518260489,909,1.2144886518260489,1.4279796578220516,888,-0.37625591901159344,1135,-0.57625591901159345,-0.36276491301559072,1128,1.0744162629946115,821,0.8744162629946115,1.0879072689906142,797,1.4064044832231803,1055,1.2064044832231804,1.4174339474995423,1029
955,"[4, 2, 3, 1]",60.399999999999999,61.299999999999997,14.38728024819028,17.866666666666667,True,1.4975230571508331,783,1.2975230571508332,1.507796853114814,765,-0.070858535403458489,918,-0.2708585354034585,-0.060584739439477564,908,1.1574506683193959,680,0.95745066831939585,1.1677244642833768,663,1.6050347242761964,876,1.4050347242761965,1.6119263540526076,860
956,"[4, 2, 3, 2]",60.600000000000001,61.700000000000003,21.800672182006206,16.866666666666667,True,1.5254770104448498,731,1.3754770104448499,1.5395257091618344,703,0.179497175905036,729,0.029497175905035977,0.19354587462202033,718,1.1854046216134124,627,1.0354046216134125,1.199453320330397,597,1.7469673221147155,714,1.5969673221147156,1.7589980366446043,692
957,"[4, 2, 3, 3]",60.533333333333331,60.899999999999999,29.212771458117892,16.100000000000009,True,1.5983246585540143,577,1.4483246585540142,1.5984568285052294,585,0.47470780229755094,501,0.32470780229755092,0.47483997224876628,499,1.2582522697225769,477,1.1082522697225767,1.258384439673792,485,1.9321371032686852,517,1.7821371032686852,1.9254768608547153,515
958,"[4, 2, 3, 4]",60.100000000000001,61.850000000000001,36.626163391933815,11.166666666666664,True,1.6641818376544824,430,1.5141818376544824,1.6906287225269332,383,0.76296673941249693,275,0.61296673941249691,0.78941362428494755,266,1.2717309586472436,442,1.1217309586472437,1.2981778435196945,391,2.108085404977087,340,1.9580854049770868,2.1365553346181887,309
959,"[4, 2, 3, 5]",53.533333333333331,54.399999999999999,51.450361944157187,7.6000000000000014,True,1.7369993749593984,287,1.5369993749593984,1.7474150118466352,274,1.1644812777515392,93,0.96448127775153925,1.1748969146387758,90,1.0480645249076923,853,0.84806452490769224,1.0584801617949289,844,2.3660581697527769,135,2.1660581697527768,2.370531658759973,133
960,"[4, 2, 4, 0]",62,62.450000000000003,8.8275594622543956,16.266666666666666,True,1.4224861209383333,894,1.2724861209383334,1.4240350882934298,892,-0.3126870951940347,1088,-0.46268709519403473,-0.31113812783893813,1086,1.0824137321068958,806,0.93241373210689593,1.0839626994619924,802,1.4552605566248102,1009,1.3052605566248101,1.4510577336989883,1002
961,"[4, 2, 4, 1]",62.333333333333336,62.649999999999999,16.239658738366082,15.93333333333333,True,1.5029738369592125,773,1.3529738369592126,1.5019535494089773,776,-0.0098364008898049748,857,-0.159836400889805,-0.010856688440040396,860,1.1629014481277751,669,1.0129014481277752,1.1618811605775399,676,1.6505256827030648,823,1.5005256827030649,1.6430034509481484,824
962,"[4, 2, 4, 2]",61.899999999999999,63.049999999999997,23.653050672182005,15.466666666666661,True,1.5188310160596807,748,1.4188310160596806,1.5336824054559972,714,0.22842253622514078,696,0.12842253622514077,0.24327392562145725,683,1.1787586272282433,640,1.0787586272282432,1.1936100166245598,609,1.7764739844114663,685,1.6764739844114662,1.790075133540145,657
963,"[4, 2, 4, 3]",60.666666666666664,61.200000000000003,31.065149948293691,15.833333333333336,True,1.6193951327596769,527,1.469395132759677,1.6226768159386329,524,0.5513496312084879,435,0.40134963120848788,0.55463131438744384,437,1.2793227439282395,423,1.1293227439282396,1.2826044271071955,426,1.9821990095362714,462,1.8321990095362712,1.9798137200592545,468
964,"[4, 2, 4, 4]",61.93333333333333,63.950000000000003,38.478541882109617,9.3333333333333357,True,1.6677226004849333,417,1.5677226004849332,1.6990259251502102,367,0.82207885694822169,241,0.72207885694822171,0.85338218161349866,220,1.2382241516741783,517,1.1382241516741782,1.2695274763394553,453,2.1510525271728835,301,2.0510525271728834,2.1867326012930168,256
965,"[4, 2, 4, 5]",51.700000000000003,52.549999999999997,53.302740434332989,5.43333333333333,True,1.6705061819324638,411,1.5205061819324639,1.680812214469912,406,1.0053691602158148,136,0.85536916021581466,1.0156751927532626,133,0.94452376207724165,960,0.79452376207724162,0.95482979461468986,943,2.3164846301426292,170,2.1664846301426293,2.3201146979305558,166
966,"[4, 2, 5, 0]",46.299999999999997,47.100000000000001,12.534901758014477,31.966666666666669,True,1.2096868783611294,1081,1.0096868783611295,1.2196528150484993,1067,-0.41426606889843626,1159,-0.61426606889843627,-0.40430013221106637,1156,0.869614489529692,1005,0.66961448952969205,0.87958042621706189,997,1.2024770244023288,1145,1.0024770244023289,1.2035996816052841,1139
967,"[4, 2, 5, 1]",46.333333333333336,46.850000000000001,19.947001034126163,31.133333333333333,True,1.2844445434482226,1033,1.0844445434482226,1.2890269723665781,1024,-0.11714542552799251,947,-0.31714542552799252,-0.11256299660963703,942,0.94437215461678536,961,0.7443721546167853,0.94895458353514073,951,1.3901706417873696,1064,1.1901706417873696,1.3840852969868724,1059
968,"[4, 2, 5, 2]",45.866666666666667,46.450000000000003,27.36039296794209,30.766666666666673,True,1.2996650502227145,1021,1.1496650502227146,1.3055659549958767,1013,0.12047683926097741,766,-0.029523160739022614,0.12637774403413937,759,0.9595926613912773,945,0.80959266139127728,0.96549356616443927,938,1.5152776647520807,967,1.3652776647520808,1.5107834651476293,956
969,"[4, 2, 5, 3]",44.833333333333336,44.299999999999997,34.772492244053772,29.133333333333333,True,1.4040492008785683,920,1.2040492008785684,1.3888641629468668,933,0.44722396820018145,520,0.24722396820018144,0.43203893026848,531,1.0486717448289302,851,0.84867174482893026,1.0334867068972289,871,1.7260503623390284,735,1.5260503623390285,1.6928819837550237,766
970,"[4, 2, 5, 4]",46.200000000000003,45.950000000000003,42.185884177869703,25.066666666666663,True,1.4542866855817533,854,1.3042866855817532,1.4443271962090769,860,0.71986321091784433,304,0.56986321091784431,0.7099037215451679,311,0.95064139085579658,955,0.80064139085579655,0.94068190148312014,958,1.8974277162067121,548,1.7474277162067122,1.8717872826458319,559
971,"[4, 2, 5, 5]",38.266666666666666,37.450000000000003,57.010082730093075,4.8000000000000043,True,1.4510006575216439,860,1.301000657521644,1.4311767766680195,883,0.60049652101699014,397,0.45049652101699006,0.58067264016336573,415,0.65087139175121977,1144,0.50087139175121975,0.63104751089759525,1148,2.0709080524910957,373,1.9209080524910955,2.0290233690966142,412
972,"[4, 3, 0, 0]",59.5,60,2.0100827300930715,19.033333333333331,True,1.3065609291685027,1018,1.1565609291685028,1.3093413336300448,1011,-0.63313658892870495,1236,-0.78313658892870497,-0.63035618446716313,1235,0.96648854033706544,941,0.81648854033706542,0.96926894479860726,936,1.2203022103188208,1141,1.0703022103188209,1.2168014052241092,1133
973,"[4, 3, 0, 1]",60.166666666666664,60.450000000000003,9.422182006204757,18.100000000000001,True,1.4434153684491442,872,1.2434153684491442,1.4420066301886298,865,-0.27391917136471305,1047,-0.47391917136471307,-0.27532790962522741,1044,1.103342979617707,774,0.90334297961770693,1.1019342413571926,772,1.4739801238339794,1000,1.2739801238339794,1.4651138457330317,991
974,"[4, 3, 0, 2]",59.93333333333333,61.100000000000001,16.835573940020684,18.333333333333336,True,1.5130925815054699,757,1.3130925815054699,1.5284823216786878,722,0.018159799706090329,837,-0.18184020029390968,0.033549539879308254,823,1.1730201926740325,651,0.9730201926740325,1.1884099328472504,618,1.6549760980045234,816,1.4549760980045234,1.6685522515847906,788
975,"[4, 3, 0, 3]",59.43333333333333,60.799999999999997,24.24767321613237,17.93333333333333,True,1.5276634893769434,727,1.3776634893769433,1.5469071119081592,690,0.25509368586091441,667,0.10509368586091439,0.27433730839213022,651,1.187591100545506,623,1.0375911005455059,1.2068347230767218,583,1.7792092554905179,683,1.6292092554905178,1.7977645223144263,651
976,"[4, 3, 0, 4]",58.93333333333333,59.549999999999997,31.661065149948293,17.466666666666676,True,1.5922473238254593,588,1.4422473238254592,1.5973068540311282,587,0.54207927832390801,442,0.39207927832390799,0.54713880852957708,438,1.2521749349940219,485,1.1021749349940217,1.2572344651996907,487,1.9534749997115384,493,1.8034749997115382,1.9528158313919914,486
977,"[4, 3, 0, 5]",54.5,54.049999999999997,46.485263702171665,16.766666666666666,True,1.705811889992854,348,1.5058118899928541,1.6911184598065268,381,1.1003698010580041,107,0.90036980105800413,1.0856763708716766,113,1.1161790047808584,755,0.91617900478085834,1.1014855745945309,773,2.2652896040834145,195,2.0652896040834143,2.2364525969599214,212
978,"[4, 3, 1, 0]",59.833333333333336,60,3.8637538779731129,18.699999999999996,True,1.3814643639070654,949,1.1814643639070654,1.377878045108845,950,-0.50262301975374135,1202,-0.70262301975374131,-0.50620933855196171,1198,1.041391975075628,865,0.84139197507562802,1.0378056562774076,865,1.3254443757835757,1107,1.1254443757835757,1.3135307832519598,1099
979,"[4, 3, 1, 1]",60.399999999999999,60.600000000000001,11.275853154084798,17.866666666666667,True,1.4164087862097783,904,1.2664087862097784,1.413391442933253,905,-0.24531561916767763,1030,-0.39531561916767766,-0.24833296244420311,1032,1.0763363973783411,815,0.92633639737834106,1.0733190541018156,820,1.476598453067663,999,1.3265984530676631,1.4656632577167401,989
980,"[4, 3, 1, 2]",60.133333333333333,61.299999999999997,18.689245087900723,17.333333333333336,True,1.5354493269401279,713,1.335449326940128,1.5508165015119186,685,0.096126679577149654,783,-0.10387332042285036,0.11149385414894036,772,1.1953769381086905,604,0.99537693810869043,1.2107441126804812,577,1.7067531484945166,755,1.5067531484945167,1.720375008220451,734
981,"[4, 3, 1, 3]",59.533333333333331,60.700000000000003,26.101344364012409,17.100000000000009,True,1.5481102178336728,691,1.3981102178336726,1.5635450892097444,662,0.33115054875404482,594,0.18115054875404479,0.34658542013011651,583,1.2080378290022353,580,1.0580378290022352,1.223472700378307,551,1.8284624697494394,611,1.6784624697494395,1.8419472110383719,589
982,"[4, 3, 1, 4]",58.866666666666667,60.5,33.514736297828335,16.06666666666667,True,1.6095106906523071,550,1.459510690652307,1.6338815401934732,503,0.61495277958715711,382,0.46495277958715708,0.63932362912832319,361,1.2694383018208697,448,1.1194383018208696,1.2938091513620358,406,1.9985218202520083,448,1.8485218202520084,2.0237387578069392,415
983,"[4, 3, 1, 5]",53.833333333333336,53.700000000000003,48.338934850051707,17.43333333333333,True,1.7116151549521301,333,1.5116151549521302,1.7030096016650742,360,1.1617832004536812,95,0.96178320045368126,1.1531776471666253,97,1.0849088467825334,804,0.88490884678253334,1.0763032934954775,812,2.2951934072374574,181,2.0951934072374572,2.2742685624241052,192
984,"[4, 3, 2, 0]",54.166666666666664,54.200000000000003,5.716132368148914,24.366666666666667,True,1.2917538533928643,1029,1.0917538533928643,1.286275247732122,1026,-0.53676217556266836,1212,-0.73676217556266832,-0.54224078122341068,1212,0.95168146456142688,954,0.75168146456142693,0.94620285890068456,954,1.2291237806490305,1137,1.0291237806490305,1.2125195949182987,1136
985,"[4, 3, 2, 1]",54.799999999999997,54.399999999999999,13.1282316442606,23.466666666666669,True,1.3779716203475296,958,1.1779716203475297,1.3641937088476692,964,-0.22818143032465227,1016,-0.42818143032465228,-0.24195934182451267,1023,1.0378992315160922,872,0.83789923151609225,1.0241213200162318,880,1.4319604154204988,1032,1.2319604154204988,1.4044653121674588,1041
986,"[4, 3, 2, 2]",54.966666666666669,55.25,20.541623578076525,22.5,True,1.4052889013155698,919,1.2552889013155699,1.4044668686921575,916,0.021537608657865692,834,-0.12846239134213433,0.020715576034453398,832,1.0652165124841324,835,0.91521651248413249,1.0643944798607201,833,1.5730517345153276,912,1.4230517345153277,1.5629970966270279,915
987,"[4, 3, 2, 3]",54.600000000000001,55.549999999999997,27.953722854188211,22.033333333333339,True,1.4724064984909484,824,1.3224064984909485,1.4842840639849202,800,0.31101818411659465,615,0.16101818411659463,0.32289574961056644,600,1.132334109659511,725,0.98233410965951096,1.1442116751534828,702,1.7506500069760835,709,1.6006500069760836,1.7574895031800928,696
988,"[4, 3, 2, 4]",53.5,53.299999999999997,35.367114788004137,20.466666666666669,True,1.5255302310718921,730,1.375530231071892,1.5156964643357376,746,0.58654367471201607,413,0.43654367471201605,0.57670990797586152,421,1.1582603241432468,678,1.0082603241432466,1.1484265574070922,695,1.9097727338106769,533,1.7597727338106768,1.8870739192186088,547
989,"[4, 3, 2, 5]",53.766666666666666,54.149999999999999,50.191313340227509,10.766666666666666,True,1.7288655952019354,303,1.5288655952019354,1.7300776903643003,305,1.2192999281905599,80,1.0192999281905599,1.2205120233529247,80,1.0651117172288227,836,0.86511171722882274,1.0663238123911876,829,2.3402076410429009,152,2.1402076410429007,2.3324254555845014,160
990,"[4, 3, 3, 0]",54.266666666666666,54.5,7.5698035160289558,24.13333333333334,True,1.2622005818495934,1044,1.1122005818495935,1.260508161742568,1041,-0.51070531266953789,1206,-0.66070531266953791,-0.51239773277656331,1203,0.92212819301815607,977,0.77212819301815605,0.92043577291113066,975,1.2283769949079528,1138,1.0783769949079527,1.2168890408578643,1131
991,"[4, 3, 3, 1]",54.466666666666669,54.700000000000003,14.981902792140641,23.799999999999997,True,1.3401416085665678,994,1.1901416085665679,1.3384266228581154,988,-0.21040130766921272,1007,-0.36040130766921274,-0.21211629337766535,999,1.0000692197351304,913,0.8500692197351305,0.99835423402667789,908,1.4202770060114456,1045,1.2702770060114457,1.4088347581070244,1037
992,"[4, 3, 3, 2]",54.5,54.850000000000001,22.395294725956568,22.933333333333337,True,1.4149122002307033,907,1.2649122002307032,1.4154086434620972,901,0.086771042009400223,787,-0.063228957990599799,0.087267485240794307,788,1.0748398113992659,818,0.92483981139926585,1.07533625463066,816,1.6080032101315127,867,1.4580032101315126,1.5995397174392587,879
993,"[4, 3, 3, 3]",52.966666666666669,53.450000000000003,29.807394002068254,23.666666666666671,True,1.4097462659969136,915,1.3097462659969135,1.4129473577422016,906,0.30396808605896086,625,0.20396808605896088,0.30716917780424913,613,1.0696738771654759,829,0.96967387716547593,1.0728749689107642,822,1.7061567265631044,756,1.6061567265631043,1.7007384058259405,755
994,"[4, 3, 3, 4]",52.700000000000003,54.350000000000001,37.22078593588418,18.566666666666663,True,1.4787868067272631,820,1.3787868067272631,1.5041698846752976,772,0.59541038480378838,405,0.49541038480378841,0.62079346275182279,379,1.0744434768410169,820,0.97444347684101684,1.0998265547890513,776,1.8863114219899579,553,1.7863114219899578,1.9105435349374615,532
995,"[4, 3, 3, 5]",45.233333333333334,45.149999999999999,52.044984488107552,15.899999999999999,True,1.5344141912308209,715,1.384414191230821,1.5277283258937335,724,0.93216496682544348,164,0.78216496682544345,0.9254791014883561,170,0.83358689030010746,1027,0.68358689030010744,0.82690102496302009,1024,2.1215696606860068,328,1.9715696606860069,2.0999527962609092,349
996,"[4, 3, 4, 0]",59.333333333333336,59.850000000000001,9.422182006204757,18.93333333333333,True,1.3774985602997387,959,1.2274985602997386,1.3806142251253388,944,-0.3398359795141187,1114,-0.48983597951411872,-0.3367203146885186,1107,1.0374261714683013,873,0.88742617146830127,1.0405418362939014,860,1.4029481552417193,1058,1.2529481552417192,1.3998337099096023,1049
997,"[4, 3, 4, 1]",59.5,60.299999999999997,16.834281282316443,18.766666666666666,True,1.4548029146907364,852,1.3048029146907365,1.4632795216839236,836,-0.040168646839770283,888,-0.19016864683977031,-0.031692039846583087,878,1.1147305258592992,757,0.96473052585929919,1.1232071328524864,742,1.5940068876015219,883,1.4440068876015217,1.5981461504185246,881
998,"[4, 3, 4, 2]",59.56666666666667,60.049999999999997,24.24767321613237,17.79999999999999,True,1.5302101786808486,722,1.3802101786808485,1.532666605579045,718,0.25764037516481963,664,0.10764037516481961,0.26009680206301622,668,1.1901377898494112,615,1.0401377898494111,1.1925942167476076,612,1.7825743704652797,676,1.6325743704652795,1.7786643525351393,674
999,"[4, 3, 4, 3]",57.833333333333336,57.899999999999999,31.659772492244056,18.56666666666667,True,1.5212242104912015,741,1.4212242104912014,1.5159648135300356,744,0.4710173852585231,504,0.37101738525852312,0.46575798829735726,507,1.1811518216597641,634,1.081151821659764,1.1758924246985982,643,1.8756802144347284,563,1.7756802144347283,1.8607628711425337,567
1000,"[4, 3, 4, 4]",57.166666666666664,59.200000000000003,39.073164426059982,14.100000000000001,True,1.5826246833098359,616,1.4826246833098358,1.6147822771719924,545,0.75481961609163528,281,0.6548196160916353,0.78697720995379161,269,1.1412337836200737,716,1.0412337836200736,1.17339137748223,649,2.0457395649372971,400,1.9457395649372971,2.0807547574696748,365
1001,"[4, 3, 4, 5]",47.166666666666664,48.049999999999997,53.897362978283354,9.2333333333333343,True,1.5898649710392005,594,1.4398649710392004,1.6013154019347322,576,0.89499682212503273,181,0.74499682212503271,0.90644725302056439,178,0.85199010030497069,1015,0.70199010030497067,0.86344053120050246,1004,2.2170606191128752,220,2.0670606191128753,2.2205035773669763,224
1002,"[4, 3, 5, 0]",44.766666666666666,43.899999999999999,13.129524301964839,33.5,True,1.1863461768057264,1100,0.98634617680572645,1.1648395468171167,1105,-0.41976809413532851,1163,-0.61976809413532852,-0.44127472412393826,1170,0.84627378797428898,1022,0.64627378797428903,0.82476715798567923,1025,1.1787681003047119,1152,0.97876810030471184,1.1370955219924683,1158
1003,"[4, 3, 5, 1]",44.700000000000003,43.899999999999999,20.541623578076525,32.766666666666666,True,1.2591938249148908,1047,1.0591938249148909,1.2389605395782335,1055,-0.12455746774281334,951,-0.32455746774281335,-0.1447907530794707,964,0.91912143608345342,981,0.71912143608345347,0.89888815074679607,988,1.3639378814586813,1084,1.1639378814586814,1.3239478606338186,1093
1004,"[4, 3, 5, 2]",44,42.850000000000001,27.955015511892451,32.63333333333334,True,1.3199576254075491,1010,1.1199576254075492,1.2931577500556333,1019,0.15860809076432275,746,-0.04139190923567726,0.13180821541240689,756,0.97988523657611193,931,0.77988523657611186,0.95308536122419607,945,1.5331559532175596,952,1.3331559532175596,1.4840925483191938,979
1005,"[4, 3, 5, 3]",41.5,41.649999999999999,35.367114788004137,32.466666666666669,True,1.2963281937204489,1025,1.1463281937204488,1.2944939326901679,1018,0.35734163736057289,578,0.20734163736057287,0.35550737633029206,577,0.92905828679180347,970,0.77905828679180344,0.92722402576152263,970,1.6069123860821293,871,1.4569123860821294,1.5903846153136851,889
1006,"[4, 3, 5, 4]",41.399999999999999,41.950000000000003,42.780506721820061,29.866666666666667,True,1.3685520960806796,967,1.2185520960806795,1.3743240545599726,953,0.65196729773528128,351,0.50196729773528126,0.65773925621457463,345,0.85301435047571561,1014,0.70301435047571559,0.85878630895500907,1007,1.7912734752274346,661,1.6412734752274347,1.7849096086017768,669
1007,"[4, 3, 5, 5]",32.733333333333334,32.549999999999997,57.604705274043432,10.333333333333336,True,1.3512592768490932,983,1.2012592768490933,1.3440850274239784,983,0.47102401314692155,503,0.32102401314692153,0.46384976372180697,509,0.53923756019966196,1226,0.38923756019966194,0.53206331077454738,1217,1.9462456791506293,499,1.7962456791506294,1.9192254913174147,523
1008,"[4, 4, 0, 0]",57.466666666666669,57.700000000000003,2.6072905894519129,21.066666666666663,True,1.2236959958775413,1065,1.1236959958775412,1.2216425261476838,1063,-0.69808528643890144,1245,-0.79808528643890142,-0.70013875616875898,1241,0.88362360704610377,995,0.78362360704610379,0.88157013731624623,994,1.1340392785359006,1174,1.0340392785359005,1.1232826228164907,1164
1009,"[4, 4, 0, 1]",58,58.25,10.019389865563598,20.266666666666666,True,1.3580037458542775,979,1.2080037458542776,1.356206556883484,973,-0.3414145581788145,1115,-0.49141455817881452,-0.343211747149608,1113,1.0179313570228403,896,0.8679313570228403,1.0161341680520468,892,1.3843520770762976,1070,1.2343520770762975,1.3741417526293178,1063
1010,"[4, 4, 0, 2]",57.166666666666664,57.450000000000003,17.432781799379523,21.100000000000001,True,1.4162208570430312,905,1.2662208570430313,1.415150602803922,902,-0.060795688975582851,907,-0.21079568897558287,-0.061865943214692298,910,1.0761484682115938,816,0.92614846821159391,1.0750782139724846,817,1.5502050338604141,931,1.400205033860414,1.5406531635744556,935
1011,"[4, 4, 0, 3]",57.766666666666666,58.850000000000001,24.844881075491209,19.599999999999994,True,1.5018019516717205,775,1.3518019516717203,1.5158538740460514,745,0.24714838393645666,676,0.097148383936456639,0.26120030631078761,665,1.1617295628402831,672,1.0117295628402829,1.175781485214614,644,1.7522003898881917,706,1.6022003898881918,1.7631591524704748,688
1012,"[4, 4, 0, 4]",56.033333333333331,56.549999999999997,32.258273009307132,20.266666666666666,True,1.4928289100591157,794,1.3928289100591156,1.4963169073082612,784,0.46057710033832955,513,0.36057710033832957,0.46406509758747505,508,1.1527565212276782,693,1.0527565212276782,1.1562445184768237,682,1.8453388205926675,592,1.7453388205926674,1.8414702238570382,591
1013,"[4, 4, 0, 5]",53.100000000000001,52.299999999999997,47.082471561530504,18.166666666666664,True,1.6350437308954406,492,1.4850437308954407,1.6138626902988493,546,1.0475178777413561,121,0.89751787774135594,1.0263368371447643,127,1.0334666884962682,877,0.88346668849626819,1.0122856478996767,893,2.1950109684306121,245,2.0450109684306121,2.1569406057237797,288
1014,"[4, 4, 1, 0]",57.56666666666667,57.850000000000001,4.4609617373319548,20.966666666666661,True,1.2941427243342702,1027,1.1441427243342703,1.293027338892307,1021,-0.57202842354577099,1226,-0.72202842354577101,-0.57314380898773443,1222,0.95407033550283293,951,0.80407033550283291,0.9529549500608695,947,1.2332924927948228,1136,1.0832924927948226,1.2238320348001985,1130
1015,"[4, 4, 1, 1]",58.033333333333331,57.899999999999999,11.873061013443641,20.233333333333334,True,1.3271771296590542,1007,1.2271771296590541,1.3180976987420314,1003,-0.31663103993763675,1093,-0.41663103993763673,-0.32571047085465954,1095,0.98710474082761679,927,0.88710474082761681,0.978025309910594,927,1.3819227338478388,1071,1.2819227338478387,1.3619577180935014,1069
1016,"[4, 4, 1, 2]",57.93333333333333,58.200000000000003,19.286452947259566,19.533333333333339,True,1.4494010320192849,862,1.299401032019285,1.4479278206118362,854,0.027994620437071904,827,-0.12200537956292812,0.026521409029623189,826,1.1093286431878475,764,0.95932864318784761,1.1078554317803988,761,1.616283822993144,856,1.4662838229931441,1.6064827113815929,868
1017,"[4, 4, 1, 3]",57.93333333333333,59.200000000000003,26.698552223371252,18.70000000000001,True,1.523522024780402,737,1.3735220247804019,1.5410361551451048,700,0.32447859148153946,600,0.17447859148153944,0.34199272184624252,585,1.1834496359489646,630,1.0334496359489644,1.2009637663136674,594,1.8031361616344945,640,1.6531361616344946,1.8188019430619926,621
1018,"[4, 4, 1, 4]",56.399999999999999,56.75,34.111944157187175,17.800000000000004,True,1.5183690171236546,749,1.4183690171236545,1.5186510871414922,738,0.54172734183926974,443,0.44172734183926976,0.54200941185710738,444,1.1762025228113486,643,1.0762025228113485,1.1764845928291863,640,1.9013222648011125,542,1.8013222648011125,1.893292980492699,542
1019,"[4, 4, 1, 5]",52.600000000000001,51.649999999999999,48.936142709410547,18.666666666666664,True,1.6440303574845978,476,1.4940303574845979,1.6200576296257507,531,1.1121146387669141,104,0.96211463876691417,1.0881419109080674,112,1.0053798921278243,905,0.85537989212782428,0.98140716426897745,922,2.2291211653031064,216,2.0791211653031065,2.1871165032762483,254
1020,"[4, 4, 2, 0]",52.233333333333334,52.100000000000001,6.3133402275077559,26.299999999999997,True,1.2107989370798315,1076,1.0607989370798314,1.2023739086041916,1082,-0.59980085609493583,1232,-0.74980085609493585,-0.60822588457057558,1232,0.87072654824839402,1004,0.72072654824839399,0.86230151977275427,1006,1.1453846850971816,1169,0.99538468509718148,1.1240941911184901,1163
1021,"[4, 4, 2, 1]",52.633333333333333,52.5,13.725439503619441,25.633333333333333,True,1.2925599977526629,1028,1.142559997752663,1.284089838074169,1029,-0.29567681713875371,1071,-0.44567681713875373,-0.30414697681724767,1078,0.95248760892122564,953,0.80248760892122561,0.94401744924273168,957,1.3423323686628166,1097,1.1923323686628167,1.32113328697546,1094
1022,"[4, 4, 2, 2]",52.56666666666667,52.549999999999997,21.138831437435368,24.899999999999999,True,1.3154205724388701,1013,1.21542057243887,1.3091731245009361,1012,-0.050414484438069035,896,-0.15041448443806904,-0.056661932376003005,903,0.97534818360743247,934,0.8753481836074325,0.9691007356694985,937,1.477534736551813,997,1.3775347365518129,1.4592915570037894,999
1023,"[4, 4, 2, 3]",52.466666666666669,52.75,28.550930713547054,24.166666666666671,True,1.4376315482220581,879,1.2876315482220582,1.4370915856164834,871,0.29415946962846973,634,0.14415946962846971,0.29361950702289485,629,1.0975591593906207,785,0.94755915939062063,1.0970191967850458,779,1.711863238962092,750,1.5618632389620919,1.7012372742529496,752
1024,"[4, 4, 2, 4]",50.133333333333333,51.350000000000001,35.964322647362977,23.833333333333336,True,1.4171984047418813,902,1.3171984047418812,1.43464322647363,876,0.49612808416277032,483,0.39612808416277034,0.51357290589451909,469,1.0379843406260589,871,0.93798434062605895,1.0554291623578078,846,1.7898586522801399,663,1.6898586522801398,1.8024685493746575,645
1025,"[4, 4, 2, 5]",51.866666666666667,50.899999999999999,50.788521199586349,12.666666666666664,True,1.6485473512148787,468,1.4985473512148788,1.6243409081983953,522,1.1091212912355615,105,0.95912129123556145,1.0849148482190778,114,0.97284931605458935,938,0.82284931605458933,0.94864287303810568,952,2.2573098242347416,201,2.1073098242347417,2.2147131247897858,229
1026,"[4, 4, 3, 0]",51.466666666666669,51.450000000000003,8.1670113753877978,26.799999999999997,True,1.2146921850611787,1070,1.0646921850611786,1.2085688479310934,1075,-0.54029747367718739,1215,-0.69029747367718741,-0.54642081080727267,1214,0.87461979622974118,1001,0.72461979622974115,0.86849645909965589,1003,1.1727646520201529,1157,1.0227646520201528,1.1542700886709589,1151
1027,"[4, 4, 3, 1]",51.93333333333333,51.899999999999999,15.579110651499484,26.333333333333336,True,1.2977265903859627,1024,1.1477265903859626,1.2912341444896782,1022,-0.23490009006905288,1023,-0.3849000900690529,-0.24139253596533716,1021,0.95765420155452519,949,0.80765420155452516,0.9511617556582409,949,1.3713948930731688,1076,1.2213948930731688,1.3525825291798812,1080
1028,"[4, 4, 3, 2]",51.833333333333336,51.450000000000003,22.992502585315407,25.600000000000001,True,1.369950492746193,965,1.219950492746193,1.3568237600303692,970,0.059725570305655284,803,-0.090274429694344738,0.046598837589831521,810,1.0298781039147558,883,0.87987810391475574,1.016751371198932,889,1.5557559822184746,924,1.4057559822184744,1.5280073526886859,942
1029,"[4, 4, 3, 3]",51.5,52.200000000000003,30.404601861427093,25,True,1.387704762247548,941,1.2877047622475479,1.3951852591206002,928,0.29984281809036051,630,0.19984281809036053,0.30732331496341292,612,1.0476323734161104,855,0.9476323734161104,1.0551128702891628,848,1.6841955334229208,784,1.5841955334229207,1.6839598611093234,776
1030,"[4, 4, 3, 4]",49.333333333333336,50.399999999999999,37.817993795243019,21.93333333333333,True,1.4204549803972522,898,1.3204549803972521,1.435141963268886,874,0.55499479425454268,433,0.45499479425454264,0.56968177712617651,425,1.0041674933238292,907,0.90416749332382906,1.018854476195463,886,1.8163973404594211,626,1.7163973404594211,1.8250043790154116,611
1031,"[4, 4, 3, 5]",44.333333333333336,43.25,52.642192347466391,16.799999999999997,True,1.5231961170230512,738,1.3731961170230511,1.4976244551202336,781,0.89108649964973163,190,0.74108649964973161,0.86551483774691407,211,0.8104246589051608,1044,0.66042465890516078,0.78485299700234323,1052,2.1139102061885606,334,1.9639102061885607,2.0666207710689104,384
1032,"[4, 4, 4, 0]",57.333333333333336,58.600000000000001,10.019389865563598,20.93333333333333,True,1.2952702993347531,1026,1.195270299334753,1.3128521265037374,1009,-0.40414800469833911,1154,-0.50414800469833909,-0.38656617752935485,1146,0.95519791050331571,950,0.85519791050331573,0.97277973767229997,934,1.3175265022024893,1115,1.2175265022024893,1.3330551651929854,1089
1033,"[4, 4, 4, 1]",57.233333333333334,58.600000000000001,17.431489141675286,21.033333333333331,True,1.3674812751179417,968,1.2674812751179416,1.3869731192648544,935,-0.10957405063180001,942,-0.20957405063180001,-0.090082206484887267,929,1.0274088862865041,886,0.92740888628650409,1.0469007304334168,854,1.5018550046127686,977,1.4018550046127685,1.5199075038343359,948
1034,"[4, 4, 4, 2]",56.666666666666664,58.700000000000003,24.844881075491209,20.699999999999996,True,1.4307917649145048,886,1.3307917649145047,1.4630057727802288,837,0.17613819717924098,733,0.076138197179240974,0.20835220504496502,707,1.0907193760830673,797,0.99071937608306726,1.1229333839487914,743,1.6744381913464084,796,1.5744381913464083,1.7093391185146176,743
1035,"[4, 4, 4, 3]",55.133333333333333,56.25,32.256980351602898,21.166666666666664,True,1.4756258306807148,822,1.3756258306807148,1.4906077781995735,794,0.44333524122880175,524,0.34333524122880177,0.45831718874766036,514,1.1355534418492774,723,1.0355534418492773,1.150535389368136,692,1.8225917077779998,618,1.7225917077779997,1.8337975692102972,599
1036,"[4, 4, 4, 4]",55.133333333333333,57.450000000000003,39.670372285418821,16.133333333333333,True,1.499759750018874,778,1.4497597500188739,1.537526507664315,708,0.68987091858143867,322,0.63987091858143863,0.72763767622687947,296,1.046424693141935,857,0.99642469314193505,1.0841914507873758,801,1.9594766331543765,486,1.9094766331543764,2.001242766233533,442
1037,"[4, 4, 4, 5]",46.266666666666666,46.799999999999997,54.494570837642193,1.2333333333333343,True,1.5286468968314306,725,1.4286468968314305,1.5335533033131308,716,0.80391835494932085,256,0.70391835494932087,0.808824761431021,252,0.77882786891002398,1059,0.678827868910024,0.78373427539172413,1053,2.1594011646154283,290,2.0594011646154282,2.1537250326503594,292
1038,"[4, 4, 5, 0]",44.666666666666664,44.899999999999999,13.726732161323682,33.600000000000001,True,1.1404082384213863,1124,0.99040823842138626,1.1397989671828572,1119,-0.4477897967389034,1177,-0.59778979673890342,-0.44839906797743245,1171,0.80033584958994886,1052,0.65033584958994883,0.7997265783514198,1045,1.1412993356558352,1170,0.99129933565583506,1.1276174866137123,1161
1039,"[4, 4, 5, 1]",44.399999999999999,44.350000000000001,21.138831437435368,33.06666666666667,True,1.2094358525746931,1082,1.0594358525746932,1.2034769219692905,1080,-0.15639920430224563,970,-0.30639920430224565,-0.1623581349076485,976,0.8693634637432559,1006,0.71936346374325588,0.86340453313785304,1005,1.3214214443476626,1109,1.1714214443476625,1.3004630340835854,1111
1040,"[4, 4, 5, 2]",43.93333333333333,43.75,28.552223371251294,32.70000000000001,True,1.2746563593491853,1037,1.1246563593491854,1.2662184362441584,1040,0.13122306048672416,757,-0.018776939513275859,0.12278513738169738,764,0.93458397051774789,965,0.78458397051774786,0.92614604741272111,971,1.4965284673123733,983,1.3465284673123734,1.4720678236365328,984
1041,"[4, 4, 5, 3]",42.700000000000003,41.399999999999999,35.964322647362977,31.266666666666666,True,1.3252204760491817,1008,1.1752204760491816,1.2957191758407185,1016,0.40415015547007083,547,0.2541501554700708,0.37464885526160763,564,0.94600641193335944,957,0.79600641193335941,0.91650511172489624,977,1.6522534924371786,820,1.5022534924371787,1.5990729636361172,880
1042,"[4, 4, 5, 4]",42.43333333333333,42.25,43.377714581178907,28.833333333333336,True,1.344261016779531,988,1.2442610167795309,1.3359923356852068,992,0.64559245421489819,356,0.54559245421489821,0.63732377312057398,363,0.81677911398739023,1037,0.71677911398739025,0.80851043289306601,1038,1.7824081878640325,677,1.6824081878640325,1.7576047480956865,695
1043,"[4, 4, 5, 5]",34.399999999999999,33.799999999999997,58.201913133402272,1.8333333333333357,True,1.3390649717414931,995,1.239064971741493,1.3237912832327567,997,0.42896931507137936,532,0.32896931507137939,0.41369562656264314,540,0.51509909790488495,1243,0.41509909790488497,0.49982540939614872,1245,1.9533646879173445,494,1.8533646879173444,1.9161141791984209,529
1044,"[4, 5, 0, 0]",52.399999999999999,51.649999999999999,3.7965356773526371,26.133333333333333,True,1.1888142532081614,1099,1.0388142532081612,1.1686615593051717,1103,-0.69728967647125961,1244,-0.84728967647125963,-0.71744237037424907,1244,0.84874186437672383,1019,0.69874186437672381,0.82858917047373437,1022,1.0861447057192419,1187,0.93614470571924191,1.0491877161545262,1187
1045,"[4, 5, 0, 1]",52.299999999999997,51.799999999999997,11.208634953464323,25.966666666666669,True,1.3110252289913493,1016,1.1110252289913494,1.2956306533321114,1017,-0.35271572240472077,1122,-0.55271572240472078,-0.36811029806395873,1130,0.97095284015991212,939,0.77095284015991206,0.95555826450067416,941,1.3204732081295207,1111,1.1204732081295208,1.2898600887517337,1117
1046,"[4, 5, 0, 2]",52.033333333333331,51.100000000000001,18.622026887280249,25.433333333333337,True,1.3800657697216989,955,1.180065769721699,1.3564734334297646,972,-0.061273423659893689,908,-0.2612734236598937,-0.084865759951828046,926,1.0399933808902615,868,0.83999338089026154,1.0164010445983271,891,1.5006279035563745,979,1.3006279035563746,1.4589181890007763,1000
1047,"[4, 5, 0, 3]",52.700000000000003,51.799999999999997,26.034126163391935,23.933333333333337,True,1.4669202090023405,835,1.2669202090023406,1.4438855654313876,861,0.24794399390409866,674,0.047943993904098647,0.22490935033314569,696,1.1268478201709031,736,0.92684782017090317,1.1038131765999502,769,1.7043058170715333,757,1.5043058170715333,1.6635973527694612,792
1048,"[4, 5, 0, 4]",50.333333333333336,50.100000000000001,33.447518097207862,24.600000000000001,True,1.4458503931961872,869,1.2958503931961873,1.4357410037568887,873,0.44927593611242311,519,0.29927593611242309,0.43916654667312471,527,1.1057780043647498,771,0.9557780043647498,1.0956686149254513,782,1.7814599516458909,680,1.631459951645891,1.7571885599794546,698
1049,"[4, 5, 0, 5]",39.200000000000003,38.950000000000003,48.271716649431234,32.066666666666663,True,1.3814438218423599,950,1.23144382184236,1.3722741285196287,956,0.82959532132529701,232,0.67959532132529699,0.82042562800256591,240,0.75608187768517265,1066,0.60608187768517263,0.74691218436244167,1064,1.874177528535995,567,1.724177528535995,1.8469373798767563,583
1050,"[4, 5, 1, 0]",52.200000000000003,51.600000000000001,5.6502068252326785,26.333333333333329,True,1.2535309307311042,1053,1.0535309307311043,1.2362489036953648,1056,-0.57696286451191536,1228,-0.77696286451191532,-0.59424489154765481,1229,0.9134585418996668,985,0.71345854189966684,0.89617651486392735,989,1.1778264112849504,1153,0.9778264112849504,1.1446437495304247,1154
1051,"[4, 5, 1, 1]",52.399999999999999,51.399999999999999,13.062306101344364,25.866666666666667,True,1.2814719574480784,1035,1.1314719574480785,1.2565724281020514,1043,-0.32665885951159057,1104,-0.47665885951159059,-0.35155838885761781,1121,0.94139956861664109,963,0.79139956861664107,0.91650003927061385,978,1.3197264223884431,1113,1.1697264223884432,1.276402709563965,1123
1052,"[4, 5, 1, 2]",52.06666666666667,51.049999999999997,20.475698035160288,25.399999999999999,True,1.3992391535264757,926,1.1992391535264757,1.3740607778199574,954,0.013510094581284326,841,-0.18648990541871568,-0.011668281125233937,862,1.0591667646950382,841,0.85916676469503828,1.03398838898852,869,1.5481985603279158,934,1.3481985603279159,1.5043742223766745,963
1053,"[4, 5, 1, 3]",52.966666666666669,51.850000000000001,27.887797311271974,23.666666666666671,True,1.4905502990889505,798,1.2905502990889506,1.4633716439987958,835,0.32718421842710982,597,0.12718421842710981,0.30000556333695511,621,1.1504779102575131,697,0.95047791025751316,1.1232992551673584,741,1.7577654250489074,700,1.5577654250489075,1.7116000754492646,741
1054,"[4, 5, 1, 4]",50.43333333333333,50.399999999999999,35.301189245087897,23.533333333333339,True,1.4662971216529161,836,1.3162971216529162,1.4599739177673348,844,0.52533279900555319,459,0.37533279900555316,0.51900959511997158,464,1.1003457255825957,780,0.95034572558259578,1.0940225216970143,785,1.8307131659048128,607,1.6807131659048129,1.8115580059190197,631
1055,"[4, 5, 1, 5]",38.533333333333331,38.600000000000001,50.125387797311269,26,True,1.3872470868016356,942,1.2372470868016356,1.3841652703781762,938,0.88097769693607209,197,0.73097769693607206,0.87789588051261258,205,0.72481171968684754,1095,0.57481171968684752,0.72172990326338804,1086,1.9040813316900373,538,1.7540813316900374,1.8847533453409397,548
1056,"[4, 5, 2, 0]",50.299999999999997,49.200000000000003,7.5025853154084796,28.100000000000009,True,1.2357643930522173,1060,1.0357643930522173,1.2092030683439581,1073,-0.5391580474855282,1213,-0.73915804748552816,-0.56571937219378721,1220,0.89569200422077988,991,0.69569200422077992,0.86913067951252088,1001,1.1765703141874213,1155,0.97657031418742135,1.1302199975295308,1159
1057,"[4, 5, 2, 1]",50.5,49.600000000000001,14.914684591520166,27.766666666666666,True,1.3137054197691913,1015,1.1137054197691914,1.2909189978139357,1023,-0.23885404248520375,1026,-0.43885404248520377,-0.26164046444045935,1039,0.97363303093775411,936,0.77363303093775404,0.95084660898249851,950,1.3684703252909143,1080,1.1684703252909143,1.3272590933865012,1092
1058,"[4, 5, 2, 2]",50.200000000000003,49.450000000000003,22.32807652533609,27.233333333333334,True,1.3321092881735646,1003,1.1821092881735646,1.3122048158862722,1010,0.0019515839336473606,852,-0.14804841606635266,-0.017952888353645058,867,0.99203689934212735,921,0.84203689934212733,0.97213242705483494,935,1.4977837419740774,982,1.3477837419740775,1.4603239848070202,998
1059,"[4, 5, 2, 3]",51.600000000000001,50.149999999999999,29.740175801447776,25.033333333333339,True,1.482970518625683,813,1.282970518625683,1.4496169478878953,853,0.37517579266911644,569,0.17517579266911643,0.34182222193132877,586,1.1428981297942458,714,0.9428981297942457,1.1095445590564581,759,1.7699697878504248,692,1.5699697878504248,1.7150031485757051,739
1060,"[4, 5, 2, 4]",49.733333333333334,49,37.153567735263699,21.533333333333331,True,1.4714507877091734,829,1.3214507877091735,1.4519154241880798,849,0.58605781976708438,414,0.43605781976708435,0.56652245624599096,430,1.0684518218353367,832,0.9184518218353368,1.0489164583142434,852,1.8597431035801386,579,1.7097431035801387,1.822601146957175,614
1061,"[4, 5, 2, 5]",39.666666666666664,39.100000000000001,51.977766287487071,21.466666666666669,True,1.4274177307865852,890,1.2774177307865853,1.41218272616601,907,0.82852941641223188,235,0.67852941641223186,0.81329441179165651,247,0.72793479386828142,1093,0.57793479386828139,0.71269978924770605,1090,1.9793816002683355,467,1.8293816002683356,1.9441835831532885,493
1062,"[4, 5, 3, 0]",48.466666666666669,46.5,9.3562564632885206,29.799999999999997,True,1.2192841266023249,1067,1.0192841266023249,1.1764739570379485,1098,-0.50002817949901979,1201,-0.70002817949901974,-0.54283834906339612,1213,0.87921173777088746,999,0.6792117377708875,0.83640156820651113,1016,1.1770293613122997,1154,0.97702936131229967,1.1081887643519488,1171
1063,"[4, 5, 3, 1]",48.700000000000003,46.75,16.768355739400207,29.566666666666663,True,1.2978618256452754,1023,1.0978618256452755,1.2553417852421034,1044,-0.19908750217271848,995,-0.39908750217271849,-0.24160754257589051,1022,0.95778943681383799,948,0.75778943681383804,0.91526939641066596,979,1.3697706511594827,1078,1.1697706511594828,1.3014078262530613,1110
1064,"[4, 5, 3, 2]",47.466666666666669,45.200000000000003,24.181747673216133,29.899999999999991,True,1.3484388689223141,985,1.1484388689223142,1.3000453248334272,1014,0.073891299118798159,794,-0.12610870088120185,0.025497755029911195,827,1.0083664800908769,903,0.80836648009087686,0.95997293600198996,940,1.5255282630193145,957,1.3255282630193146,1.4488190674189119,1005
1065,"[4, 5, 3, 3]",47.333333333333336,46.299999999999997,31.593846949327819,29.06666666666667,True,1.3700131723795259,964,1.220013172379526,1.3450523935439112,982,0.31782858085936072,604,0.1678285808593607,0.29286780202374574,631,1.0299407835480887,882,0.87994078354808869,1.0049800047124737,902,1.6590154866859033,808,1.5090154866859034,1.6136849884032163,857
1066,"[4, 5, 3, 4]",47.833333333333336,47.350000000000001,39.007238883143742,23.43333333333333,True,1.4536971766073288,855,1.3036971766073289,1.4391230217428297,868,0.62391434310164118,372,0.4739143431016411,0.60934018823714209,394,1.0136247877758913,898,0.86362478777589136,0.99905063291139229,907,1.8585195932176362,582,1.7085195932176362,1.8273101514705949,607
1067,"[4, 5, 3, 5]",33.899999999999999,33.649999999999999,53.831437435367114,22.5,True,1.3358101298714979,998,1.185810129871498,1.3272384249865823,995,0.64423825810314228,359,0.49423825810314226,0.63566655321822685,364,0.5992537699955931,1185,0.44925376999559308,0.59068206511067767,1184,1.8805697556377456,557,1.7305697556377457,1.852118394118321,578
1068,"[4, 5, 4, 0]",46.93333333333333,46.350000000000001,11.208634953464323,31.333333333333336,True,1.1585209845091762,1111,1.0085209845091763,1.1421496406738838,1117,-0.50521996688689386,1204,-0.65521996688689388,-0.52159131072218645,1207,0.81844859567773898,1035,0.66844859567773895,0.80207725184244638,1044,1.1350273303953651,1171,0.98502733039536505,1.1010655216889158,1174
1069,"[4, 5, 4, 1]",46.899999999999999,46.549999999999997,18.620734229576009,30.56666666666667,True,1.2320053049443169,1061,1.082005304944317,1.2200681017894306,1066,-0.20937266816840283,1003,-0.35937266816840285,-0.22130987132328894,1005,0.8919329161128795,993,0.74193291611287948,0.87999571295799339,996,1.3210383902930252,1110,1.171038390293025,1.2930112389380759,1115
1070,"[4, 5, 4, 2]",46.633333333333333,45.700000000000003,26.034126163391935,30.000000000000007,True,1.3010458456746665,1020,1.1510458456746664,1.2780627806212612,1031,0.082069630576424468,790,-0.067930369423575554,0.059086565523019385,803,0.96097345684322899,943,0.81097345684322897,0.93799039178982391,961,1.5011930857198785,978,1.3511930857198786,1.4582493052312611,1001
1071,"[4, 5, 4, 3]",46.966666666666669,46.049999999999997,33.446225439503621,27.966666666666669,True,1.3815335616955458,948,1.2315335616955456,1.3588293430026313,968,0.38492032488065431,561,0.23492032488065429,0.36221610618773981,571,1.0414611728641083,864,0.8914611728641082,1.0187569541711938,887,1.6964582117981331,767,1.5464582117981331,1.6540150564362786,804
1072,"[4, 5, 4, 4]",46.633333333333333,46.799999999999997,40.859617373319544,24.633333333333333,True,1.3993007577739425,925,1.2993007577739424,1.3972037686699044,923,0.62508927897352884,371,0.52508927897352886,0.62299228986949051,377,0.92218079913898898,976,0.822180799138989,0.92008381003495066,976,1.8249303497376062,614,1.7249303497376061,1.8100001515919424,634
1073,"[4, 5, 4, 5]",33.799999999999997,33.700000000000003,55.683815925542916,13.700000000000003,True,1.3024238977953273,1019,1.2024238977953272,1.2967115769769482,1015,0.51823310151818147,465,0.41823310151818144,0.51252078069980245,471,0.52881996811590637,1233,0.42881996811590634,0.52310764729752735,1227,1.8747427106994989,564,1.7747427106994988,1.8500885300630983,579
1074,"[4, 5, 5, 0]",33.399999999999999,35.25,14.915977249224406,44.866666666666667,True,0.93710544312042754,1226,0.78710544312042752,0.96846356996059857,1198,-0.61541523940284037,1234,-0.7654152394028404,-0.58405711256266934,1226,0.59703305428899012,1189,0.44703305428899004,0.62839118112916115,1152,0.88692691651276045,1232,0.73692691651276043,0.91184176501117076,1221
1075,"[4, 5, 5, 1]",33.466666666666669,35.350000000000001,22.32807652533609,43.966666666666669,True,1.0124997805334968,1180,0.86249978053349674,1.0444832968989306,1158,-0.31765792370642065,1095,-0.46765792370642068,-0.28567440734098681,1052,0.67242739170205934,1125,0.52242739170205932,0.70441090806749318,1095,1.0754618126414917,1192,0.92546181264149174,1.1012407929564261,1173
1076,"[4, 5, 5, 2]",33.56666666666667,35.200000000000003,29.741468459152017,43.06666666666667,True,1.0885437168495846,1140,0.93854371684958471,1.115769114971267,1131,-0.01921222937585465,869,-0.16921222937585467,0.0080131687458275813,840,0.74847132801814742,1074,0.5984713280181474,0.77569672613982965,1057,1.2648705742489397,1129,1.1148705742489398,1.2843056843769456,1120
1077,"[4, 5, 5, 3]",33.200000000000003,34.149999999999999,37.153567735263699,38.066666666666663,True,1.1556613140249632,1112,1.0056613140249631,1.1699533988716242,1102,0.27026834608287398,651,0.12026834608287396,0.2845604309295352,639,0.75266234815112643,1070,0.6026623481511264,0.76695443299778765,1061,1.4424688467096956,1022,1.2924688467096956,1.4444177853272939,1008
1078,"[4, 5, 5, 4]",34.200000000000003,34.899999999999999,44.56695966907963,37.066666666666663,True,1.1988954031424095,1090,1.0988954031424094,1.2083278245388978,1076,0.53590419321479821,449,0.43590419321479817,0.54533661461128646,442,0.64762859859225408,1146,0.5476285985922541,0.65706101998874233,1125,1.6045921343967851,877,1.504592134396785,1.6004028804829582,878
1079,"[4, 5, 5, 5]",29.300000000000001,27.449999999999999,59.391158221303002,0,True,1.253546556746137,1052,1.1535465567461369,1.2151141138585997,1069,0.28398864568098692,638,0.18398864568098688,0.24555620279344945,678,0.40579578115151438,1283,0.30579578115151435,0.36736333826397694,1286,1.8546288363569954,584,1.7546288363569953,1.784379204624742,670
1080,"[5, 0, 0, 0]",34.833333333333336,34,0.33479834539813857,43.699999999999996,True,0.76867056409914269,1290,0.66867056409914272,0.74891760370714588,1291,-1.221285485538913,1296,-1.3212854855389131,-1.2410384459309096,1296,0.42859817526770538,1276,0.32859817526770535,0.40884521487570857,1280,0.50552353139370965,1295,0.40552353139370967,0.46242977761462067,1295
1081,"[5, 0, 0, 1]",35,33.899999999999999,7.7468976215098246,43.400000000000006,True,0.89597491849014077,1245,0.74597491849014075,0.87113986229104756,1248,-0.87161815286456468,1269,-1.0216181528645647,-0.89645320906365777,1272,0.55590252965870324,1213,0.40590252965870327,0.53106747345961014,1220,0.74658226375351211,1260,0.59658226375351209,0.69673542695206614,1261
1082,"[5, 0, 0, 2]",35.266666666666666,33.649999999999999,15.16028955532575,43,True,0.97520221643610994,1206,0.82520221643610991,0.94052694618616883,1214,-0.56998909690411781,1225,-0.71998909690411783,-0.6046643671540588,1231,0.6351298276046724,1160,0.48512982760467244,0.60045455735473152,1175,0.94019741907941212,1223,0.7901974190794121,0.87725362906868065,1227
1083,"[5, 0, 0, 3]",34.56666666666667,34.100000000000001,22.572388831437436,42.866666666666667,True,1.035953090351726,1166,0.88595309035172598,1.0231922427447542,1170,-0.28687524470515102,1059,-0.43687524470515104,-0.29963609231212285,1073,0.69588070152028858,1107,0.54588070152028856,0.68311985391331675,1108,1.1093829041032639,1182,0.95938290410326399,1.0755660695776035,1179
1084,"[5, 0, 0, 4]",36.700000000000003,36.649999999999999,29.985780765253359,39.933333333333337,True,1.1508340385523641,1117,1.000834038552364,1.1457438836019005,1115,0.050407461509964668,811,-0.099592538490035354,0.045317306559501391,813,0.81076164972092646,1043,0.66076164972092644,0.80567149477046318,1041,1.350109669075827,1091,1.2001096690758271,1.3273915722035556,1091
1085,"[5, 0, 0, 5]",34.299999999999997,33.75,44.809979317476731,36.966666666666669,True,1.203235616604309,1088,1.1032356166043089,1.188922577984894,1089,0.54753499612861078,437,0.44753499612861081,0.53322195750919577,450,0.64710841908621164,1147,0.54710841908621166,0.63279538046679662,1145,1.6132422768128183,860,1.5132422768128182,1.5772422596730138,904
1086,"[5, 0, 1, 0]",34.533333333333331,33.350000000000001,2.1884694932781801,44,True,0.83147722464415696,1271,0.68147722464415694,0.80511254303404767,1275,-1.1028686905574978,1291,-1.2528686905574977,-1.1292333721676071,1291,0.49140483581271954,1254,0.34140483581271952,0.46504015420261025,1260,0.59468140072834674,1285,0.44468140072834667,0.54260567516708957,1288
1087,"[5, 0, 1, 1]",34.5,33.200000000000003,9.6005687693898647,43.766666666666666,True,0.9049615450792976,1238,0.75496154507929758,0.8763854345293417,1243,-0.80702139183900634,1258,-0.95702139183900636,-0.83559750238896224,1260,0.56488915624786018,1204,0.41488915624786021,0.53631304569790439,1213,0.78069246062600672,1253,0.6306924606260067,0.7256379798525826,1257
1088,"[5, 0, 1, 2]",34.700000000000003,33.299999999999997,17.01396070320579,43.566666666666663,True,1.0329154983733144,1171,0.83291549837331436,1.002418088044716,1178,-0.45666568053051199,1180,-0.656665680530512,-0.4871630908591103,1188,0.692843109541877,1113,0.49284310954187693,0.66234569921327857,1122,1.022625058464526,1200,0.82262505846452605,0.96506959453286423,1204
1089,"[5, 0, 1, 3]",33.700000000000003,33.5,24.426059979317476,43.666666666666657,True,1.0879363213551443,1141,0.88793632135514433,1.0803365491602632,1140,-0.1792818792653314,984,-0.37928187926533141,-0.18688165146021235,987,0.74786393252370686,1075,0.5478639325237068,0.7402641603288258,1067,1.1842390347951641,1149,0.98423903479516417,1.1570153117820245,1150
1090,"[5, 0, 1, 4]",36.333333333333336,36.399999999999999,31.839451913133402,40.06666666666667,True,1.2123673544454256,1074,1.0123673544454257,1.209533759637663,1070,0.16755091183942777,737,-0.032449088160572237,0.16471731703166509,739,0.87229496561398823,1003,0.67229496561398827,0.86946137080622554,1000,1.4375849809230832,1028,1.2375849809230832,1.4177542269716439,1027
1091,"[5, 0, 1, 5]",33.399999999999999,32.899999999999999,46.663650465356774,37.866666666666667,True,1.254582175281751,1051,1.1045821752817511,1.2413200489573653,1053,0.65449168924245438,347,0.50449168924245436,0.64122956291806843,360,0.6613815548060531,1132,0.51138155480605307,0.64811942848166715,1133,1.6872571287610278,779,1.5372571287610279,1.6523247786176727,808
1092,"[5, 0, 2, 0]",32.399999999999999,31.899999999999999,4.0408479834539817,46.133333333333333,True,0.80925398068343624,1280,0.65925398068343621,0.79610468236618537,1278,-1.0695205798129446,1288,-1.2195205798129445,-1.0826698781301953,1288,0.46918159185199887,1264,0.31918159185199885,0.456032293534748,1263,0.58753635242498492,1287,0.4375363524249849,0.55237547155329247,1285
1093,"[5, 0, 2, 1]",32.466666666666669,31.550000000000001,11.452947259565667,45.799999999999997,True,0.93464831809650573,1227,0.73464831809650566,0.91358010550704916,1228,-0.72176326411652436,1248,-0.92176326411652443,-0.74283147670598093,1248,0.5945759292650683,1190,0.39457592926506824,0.57350771667561173,1192,0.82607124855371605,1242,0.6260712485537161,0.78031439763097565,1241
1094,"[5, 0, 2, 2]",32.666666666666664,31.550000000000001,18.866339193381592,44.800000000000004,True,0.96260227139052212,1215,0.8126022713905221,0.93771402484520838,1217,-0.47140755280803004,1185,-0.62140755280803006,-0.49629579935334378,1193,0.6225298825590847,1175,0.47252988255908468,0.59764163601377096,1179,0.96800384639223536,1214,0.81800384639223533,0.91719932300735252,1220
1095,"[5, 0, 2, 3]",32.56666666666667,31.850000000000001,26.278438469493278,44.06666666666667,True,1.0848132471737104,1145,0.88481324717371046,1.0675312201379707,1149,-0.1268335987414913,953,-0.32683359874149132,-0.14411562577723086,963,0.74474085834227299,1079,0.54474085834227304,0.72745883130653355,1081,1.2023323488025146,1146,1.0023323488025146,1.1616917295604177,1149
1096,"[5, 0, 2, 4]",34.466666666666669,33.700000000000003,33.691830403309204,40.466666666666669,True,1.1952374890925148,1093,0.99523748909251486,1.1767917217546111,1096,0.20599240119179091,710,0.005992401191790897,0.1875466338538872,723,0.85516510026107739,1012,0.65516510026107744,0.83671933292317369,1015,1.4371701625692446,1029,1.2371701625692446,1.3956904070590357,1053
1097,"[5, 0, 2, 5]",33.399999999999999,33.25,48.516028955532576,37.866666666666667,True,1.2731059601835093,1038,1.1231059601835092,1.2664894034793766,1039,0.72858682884948645,299,0.57858682884948642,0.7219702721453537,302,0.64285776990429511,1149,0.49285776990429508,0.63624121320016236,1140,1.7339539200538523,728,1.5839539200538524,1.7079349824741641,745
1098,"[5, 0, 3, 0]",31.066666666666666,29.699999999999999,5.8945191313340226,47.466666666666669,True,0.80232379912318741,1283,0.65232379912318739,0.77286924194625162,1287,-1.020840626936792,1283,-1.1708406269367919,-1.050295184113728,1286,0.46225141029174999,1268,0.31225141029174996,0.4327968531148142,1274,0.60061458070521934,1283,0.45061458070521931,0.543077684895235,1287
1099,"[5, 0, 3, 1]",31.066666666666666,29.649999999999999,13.306618407445708,47.200000000000003,True,0.92644479188430418,1230,0.72644479188430422,0.89604086761876078,1236,-0.67435665589232441,1241,-0.87435665589232447,-0.7047605801578678,1242,0.58637240305286686,1194,0.38637240305286685,0.55596847878732347,1202,0.8374669193465698,1239,0.63746691934656974,0.77865667888463297,1243
1100,"[5, 0, 3, 2]",31.133333333333333,30.100000000000001,20.720010341261634,46.333333333333336,True,1.0018520558744159,1185,0.80185205587441599,0.97871909075438857,1187,-0.37654763388773488,1136,-0.57654763388773489,-0.39968059900776237,1153,0.66177966704297864,1131,0.46177966704297863,0.63864670192295114,1137,1.0260344022103274,1199,0.82603440221032731,0.97700170612858184,1201
1101,"[5, 0, 3, 3]",29.533333333333335,27.949999999999999,28.13210961737332,47.100000000000009,True,0.99541277698867392,1191,0.8454127769886739,0.96201729870537867,1203,-0.16062393449012657,972,-0.3106239344901266,-0.19401941277342172,992,0.6553403881572365,1138,0.50534038815723648,0.62194490987394135,1159,1.1225053611545381,1179,0.97250536115453823,1.0591002247359764,1181
1102,"[5, 0, 3, 4]",33.299999999999997,33.25,35.545501551189247,40.666666666666671,True,1.191490669162147,1096,0.99149066916214701,1.1867841294359431,1090,0.25785571569782445,662,0.057855715697824439,0.25314917597162051,675,0.82065302696979958,1032,0.62065302696979952,0.81594648724359553,1032,1.454454784567931,1011,1.254454784567931,1.4309596832193141,1020
1103,"[5, 0, 3, 5]",29.233333333333334,28.949999999999999,50.369700103412619,35.299999999999997,True,1.2120586309152808,1075,1.0620586309152809,1.2033805453379238,1081,0.69357362574464987,321,0.54357362574464985,0.68489554016729282,332,0.54473701767846583,1219,0.39473701767846581,0.53605893210110878,1214,1.6755234551204019,795,1.525523455120402,1.6451567204341035,820
1104,"[5, 0, 4, 0]",31.366666666666667,30.100000000000001,7.7468976215098246,47.033333333333339,True,0.8265776349587316,1274,0.67657763495873158,0.79898796355687052,1277,-0.94101543639597363,1277,-1.0910154363959736,-0.96860510779783471,1277,0.48650524612729412,1258,0.3365052461272941,0.45891557472543304,1262,0.65488288069125744,1275,0.50488288069125742,0.59996123340367913,1277
1105,"[5, 0, 4, 1]",31.333333333333332,29.949999999999999,15.15899689762151,46.933333333333337,True,0.95006195539387228,1219,0.75006195539387222,0.92026085505216448,1226,-0.59516813767748267,1230,-0.79516813767748262,-0.62496923801919047,1234,0.60998956656243486,1180,0.40998956656243479,0.58018846622072706,1189,0.89089394058891735,1231,0.69089394058891729,0.83299353808917198,1234
1106,"[5, 0, 4, 2]",31.633333333333333,30.5,22.572388831437436,45.800000000000004,True,1.0299259256658175,1173,0.82992592566581758,1.0048378123650072,1176,-0.29290240939105944,1069,-0.49290240939105945,-0.31799052269186973,1090,0.68985353683438011,1117,0.4898535368343801,0.66476542353356982,1120,1.0853503746585078,1188,0.88535037465850785,1.0338852546370261,1191
1107,"[5, 0, 4, 3]",29.866666666666667,28.75,29.984488107549122,46.766666666666673,True,1.0703032851501941,1152,0.87030328515019417,1.0457309570248583,1157,-0.030162071623332121,880,-0.23016207162333213,-0.05473439974866795,901,0.73023089631875671,1091,0.53023089631875675,0.70565856819342088,1093,1.2276149398842666,1139,1.0276149398842667,1.1761705304600401,1144
1108,"[5, 0, 4, 4]",32.93333333333333,32.450000000000003,37.397880041365049,38.333333333333336,True,1.1530110584781665,1113,1.0030110584781666,1.1401180409199796,1118,0.27494745971911794,648,0.12494745971911791,0.2620544421609311,662,0.74512584648230296,1076,0.59512584648230293,0.73223282892411612,1076,1.4418975096801612,1023,1.291897509680161,1.4072829600808991,1039
1109,"[5, 0, 4, 5]",28.166666666666668,28.699999999999999,52.222078593588421,32.966666666666669,True,1.2102089013857991,1080,1.0602089013857992,1.2171574947966435,1068,0.59910497170637833,399,0.44910497170637825,0.60605356511722275,399,0.50583971834546837,1248,0.35583971834546829,0.51278831175631279,1236,1.6952993266151335,768,1.5452993266151334,1.6854867884671654,773
1110,"[5, 0, 5, 0]",30.333333333333332,29.550000000000001,11.454239917269907,47.933333333333337,True,0.79391421581106913,1285,0.69391421581106916,0.77561834853978762,1285,-0.86245858667083353,1268,-0.9624585866708335,-0.88075445394211505,1267,0.45384182697963182,1270,0.35384182697963179,0.43554595970835031,1272,0.67226199569255629,1271,0.57226199569255631,0.62941319828790354,1272
1111,"[5, 0, 5, 1]",30.366666666666667,29.649999999999999,18.866339193381592,47.100000000000001,True,0.91867188089816232,1232,0.7686718808981623,0.9016380754781198,1234,-0.51533794330038984,1208,-0.66533794330038987,-0.53237174872043247,1210,0.5785994920667249,1196,0.42859949206672487,0.56156568664668227,1200,0.90995561307759709,1229,0.75995561307759707,0.8688122262331589,1230
1112,"[5, 0, 5, 2]",30.366666666666667,28.75,26.279731127197518,46.266666666666673,True,0.9928058002363217,1195,0.84280580023632168,0.95868338722134239,1204,-0.21880226594775287,1011,-0.36880226594775289,-0.25292467896273219,1034,0.65273341140488417,1143,0.50273341140488415,0.61861099838990485,1162,1.0968405384539741,1184,0.94684053845397398,1.0327769478743916,1192
1113,"[5, 0, 5, 3]",28.533333333333335,27.199999999999999,33.691830403309204,46.400000000000006,True,1.0319098150687456,1172,0.88190981506874566,1.0033740002356235,1177,0.042664727168021832,815,-0.10733527283197819,0.014128912334899768,837,0.69183742623730837,1114,0.54183742623730835,0.66330161140418631,1121,1.2374225461923518,1135,1.0874225461923519,1.1801556023052155,1143
1114,"[5, 0, 5, 4]",28.600000000000001,28.5,41.105222337125127,42.666666666666664,True,1.1073170790588573,1133,0.95731707905885743,1.1021914638775803,1134,0.34047374917261131,587,0.19047374917261128,0.33534813399133423,589,0.62528502114779239,1172,0.47528502114779236,0.62015940596651531,1161,1.4259900290561096,1040,1.2759900290561097,1.4001474886323564,1048
1115,"[5, 0, 5, 5]",24.199999999999999,24.350000000000001,55.929420889348499,23.300000000000001,True,1.1215183175522287,1130,1.0215183175522287,1.121635981045384,1128,0.32504727308480363,599,0.22504727308480366,0.32516493657795875,599,0.34300228859669607,1291,0.24300228859669606,0.34311995208985119,1290,1.6386459121716761,832,1.538645912171676,1.6181645598030028,851
1116,"[5, 1, 0, 0]",34.5,33.350000000000001,0.92942088934850053,44.033333333333331,True,0.81825006627888397,1276,0.66825006627888395,0.79252205699475087,1281,-1.1538673070406613,1293,-1.3038673070406612,-1.1795953163247943,1294,0.47817767744744655,1260,0.32817767744744653,0.45244966816331345,1267,0.56210064206894728,1290,0.41210064206894725,0.51086619525138055,1292
1117,"[5, 1, 0, 1]",34.633333333333333,33.600000000000001,8.3415201654601869,43.633333333333333,True,0.89491774834390581,1246,0.74491774834390578,0.87138988519890559,1247,-0.85483664669228865,1266,-1.0048366466922887,-0.87836450983728864,1266,0.55484535951246849,1214,0.40484535951246842,0.53131749636746828,1219,0.75231809568505936,1257,0.60231809568505934,0.70408525715249326,1259
1118,"[5, 1, 0, 2]",34.833333333333336,33.350000000000001,15.754912099276112,43.43333333333333,True,1.0228717016379225,1174,0.82287170163792245,0.9907769690940269,1184,-0.50448093538379402,1203,-0.70448093538379408,-0.53657566792768963,1211,0.68279931280648509,1118,0.48279931280648503,0.65070458026258948,1131,0.99425069352357864,1206,0.79425069352357869,0.93460345926910771,1210
1119,"[5, 1, 0, 3]",34.200000000000003,33.25,23.167011375387798,43.233333333333334,True,1.0848959202054909,1144,0.8848959202054909,1.0629992276779285,1151,-0.22009373853287512,1013,-0.42009373853287513,-0.24199043106043744,1024,0.74482353137405344,1078,0.54482353137405348,0.72292683884649112,1084,1.1651187360348114,1160,0.96511873603481135,1.1189091086065532,1166
1120,"[5, 1, 0, 4]",36.633333333333333,35.850000000000001,30.580403309203724,39.866666666666667,True,1.2055069193399151,1085,1.0055069193399151,1.1865002356236829,1091,0.12291901861602678,764,-0.077080981383973235,0.10391233489979462,777,0.86543453050847763,1008,0.66543453050847767,0.84642784679224548,1011,1.413417009700588,1049,1.2134170097005881,1.372007955884458,1065
1121,"[5, 1, 0, 5]",34.266666666666666,33.899999999999999,45.404601861427096,37,True,1.2585451697178365,1048,1.1085451697178363,1.2477169046902201,1048,0.62068322556064925,375,0.47068322556064923,0.60985496053303312,393,0.69052552132073186,1115,0.54052552132073184,0.67969725629311573,1111,1.6773908961812696,793,1.5273908961812697,1.6460521917410129,817
1122,"[5, 1, 1, 0]",34,32.950000000000003,2.7830920372285419,44.533333333333331,True,0.82723669286804102,1273,0.677236692868041,0.80346383176469061,1276,-1.0892705460151029,1290,-1.2392705460151028,-1.1130434071184534,1290,0.4871643040366036,1257,0.33716430403660358,0.46339144293325318,1261,0.596210838941442,1284,0.44621083894144198,0.54740881606361169,1286
1123,"[5, 1, 1, 1]",33.833333333333336,32.850000000000001,10.195191313340228,44.43333333333333,True,0.84817432399927661,1265,0.74817432399927664,0.82568609034859208,1268,-0.84596993660051645,1265,-0.94596993660051643,-0.86845817025120098,1264,0.50810193516783919,1245,0.40810193516783921,0.48561370151715466,1251,0.72885678386434039,1264,0.62885678386434041,0.68171446540105718,1266
1124,"[5, 1, 1, 2]",34.133333333333333,33.049999999999997,17.608583247156155,44.133333333333333,True,0.97803829427122191,1201,0.82803829427122189,0.95361747804118169,1208,-0.49370420831409334,1195,-0.64370420831409336,-0.51812502454413356,1205,0.63796590543978449,1154,0.48796590543978446,0.61354508920974427,1168,0.97331321793393089,1212,0.82331321793393086,0.92369276938524381,1216
1125,"[5, 1, 1, 3]",33.633333333333333,32.700000000000003,25.020682523267837,43.733333333333327,True,1.0426092021426956,1162,0.89260920214269546,1.0210929011820458,1173,-0.20677032215926949,1001,-0.35677032215926952,-0.22828662311991932,1013,0.70253681331125795,1102,0.55253681331125792,0.68102051235060812,1110,1.1475463754199251,1168,0.99754637541992497,1.1016316954629271,1172
1126,"[5, 1, 1, 4]",35.93333333333333,35.950000000000003,32.434074457083767,40.366666666666667,True,1.1606735119732146,1109,1.0106735119732146,1.1569356812796987,1109,0.13369574568572762,755,-0.016304254314272404,0.12995791499221154,757,0.82060112314177724,1033,0.67060112314177722,0.81686329244826117,1031,1.3924795341109402,1062,1.2424795341109403,1.371284023216214,1066
1127,"[5, 1, 1, 5]",33.399999999999999,32.75,47.258273009307132,37.866666666666667,True,1.2105284007212549,1078,1.1105284007212548,1.1944181731310461,1087,0.62827659100046862,369,0.52827659100046864,0.61216636341025987,389,0.60543532936654942,1182,0.50543532936654945,0.58932510177634079,1185,1.6522470268731697,821,1.5522470268731696,1.6134946427739569,858
1128,"[5, 1, 2, 0]",32.133333333333333,31.149999999999999,4.6354705274043431,46.399999999999999,True,0.86010682751513001,1261,0.66010682751513006,0.83781040147657504,1266,-1.0008290566627396,1280,-1.2008290566627395,-1.0231254827012946,1281,0.5200344386836927,1239,0.32003443868369269,0.49773801264513773,1248,0.64579602058760344,1278,0.44579602058760348,0.59826519988614746,1278
1129,"[5, 1, 2, 1]",32.166666666666664,31.100000000000001,12.047569803516028,46.100000000000001,True,0.88486449260222322,1250,0.7348644926022232,0.86098202714908434,1254,-0.75370841329229621,1251,-0.90370841329229623,-0.77759087874543498,1252,0.54479210377078569,1218,0.39479210377078566,0.52090963831764692,1231,0.78348963797264415,1252,0.63348963797264413,0.73384419387554545,1253
1130,"[5, 1, 2, 2]",32.299999999999997,31.149999999999999,19.460961737331953,45.166666666666671,True,0.96154510124428727,1217,0.81154510124428725,0.93606531357585121,1220,-0.45462604663575423,1179,-0.60462604663575426,-0.48010583430419029,1187,0.62147271241284985,1177,0.47147271241284983,0.59599292474441379,1182,0.97373967832378261,1211,0.82373967832378259,0.92200246390387453,1217
1131,"[5, 1, 2, 3]",32.266666666666666,31.600000000000001,26.873061013443639,44.366666666666674,True,1.0850294216794278,1143,0.88502942167942789,1.0687306101344365,1146,-0.108778747917263,941,-0.30877874791726301,-0.12507755946225435,951,0.74495703284799042,1077,0.54495703284799046,0.72865822130299907,1079,1.2097507382214425,1143,1.0097507382214426,1.1703149044127972,1146
1132,"[5, 1, 2, 4]",34.266666666666666,33.399999999999999,34.286452947259569,39.933333333333337,True,1.1973636805761612,1092,0.99736368057616109,1.177041744662469,1095,0.22595726899394813,699,0.025957268993948124,0.20563533308025611,708,0.85170701046240715,1016,0.65170701046240709,0.83138507454871502,1021,1.447112388219244,1020,1.2471123882192441,1.4030402372594626,1044
1133,"[5, 1, 2, 5]",33.033333333333331,33.200000000000003,49.110651499482934,38.233333333333334,True,1.2720487900372741,1039,1.1220487900372742,1.2714862618302725,1038,0.74536833502176225,288,0.59536833502176223,0.7448058068147605,290,0.62990814887905289,1162,0.47990814887905286,0.62934562067205113,1150,1.7396897519853995,725,1.5896897519853996,1.7216515359343534,732
1134,"[5, 1, 3, 0]",30.399999999999999,29.199999999999999,6.4891416752843849,48.133333333333333,True,0.84553657804316629,1267,0.64553657804316633,0.81932179649967929,1271,-0.95978917169830202,1278,-1.159789171698302,-0.98600395324178902,1278,0.50546418921172898,1249,0.30546418921172896,0.47924940766824187,1254,0.64877890394355298,1277,0.44877890394355296,0.59533413648785216,1279
1135,"[5, 1, 3, 1]",30.566666666666666,29,13.901240951396071,47.700000000000003,True,0.8728409324341645,1256,0.72284093243416447,0.83964532090636579,1264,-0.71012183902395343,1246,-0.86012183902395345,-0.74331745055175202,1249,0.53276854360272696,1231,0.38276854360272694,0.49957293207492837,1246,0.78983763630335535,1248,0.63983763630335533,0.72709309652139276,1256
1136,"[5, 1, 3, 2]",30.366666666666667,29.600000000000001,21.314632885211996,47.100000000000001,True,0.99315481781646642,1194,0.79315481781646635,0.97517164530781608,1190,-0.36740619562717386,1131,-0.56740619562717387,-0.38538936813582408,1145,0.653082428985029,1142,0.45308242898502893,0.63509925647637866,1141,1.0216748892175898,1201,0.8216748892175898,0.97925815772119917,1200
1137,"[5, 1, 3, 3]",29.233333333333334,27.149999999999999,28.726732161323682,47.400000000000006,True,0.99562895149439135,1189,0.84562895149439132,0.9527736507271608,1209,-0.14256908366589816,962,-0.29256908366589818,-0.1854243844331287,986,0.65555656266295392,1136,0.5055565626629539,0.61270126189572349,1169,1.1299237505734663,1176,0.97992375057346626,1.0537166084168788,1185
1138,"[5, 1, 3, 4]",33.133333333333333,32.399999999999999,36.140124095139605,40.833333333333336,True,1.1942535329717696,1095,0.99425353297176955,1.1765911143691175,1097,0.27845725582595776,642,0.07845725582595775,0.26079483722330571,666,0.81152343990041498,1041,0.61152343990041491,0.79386102129776281,1047,1.4652382889616209,1005,1.2652382889616209,1.424302722248264,1023
1139,"[5, 1, 3, 5]",29.033333333333335,28.699999999999999,50.964322647362977,35.5,True,1.2141848223989271,1071,1.064184822398927,1.2045799353343893,1079,0.66596869003077808,341,0.51596869003077805,0.65636380296624042,347,0.53497075828310481,1228,0.38497075828310479,0.52536587121856715,1223,1.6854656807704012,782,1.5354656807704012,1.6537798952864828,806
1140,"[5, 1, 4, 0]",30.600000000000001,29.5,8.3415201654601869,47.666666666666664,True,0.86788039690078178,1258,0.66788039690078183,0.84354178393308277,1262,-0.88187399813541245,1271,-1.0818739981354124,-0.90621261110311147,1274,0.52780800806934447,1234,0.32780800806934446,0.50346939510164546,1243,0.70052336769851986,1267,0.50052336769851991,0.6496709956923914,1269
1141,"[5, 1, 4, 1]",30.533333333333335,29.75,15.753619441571871,47.733333333333334,True,0.89072804500994629,1248,0.74072804500994627,0.87240961213723778,1245,-0.63666337174289767,1237,-0.78666337174289769,-0.65498180461560618,1239,0.55065565617850876,1216,0.40065565617850879,0.53233722330580036,1216,0.83569314885248946,1240,0.68569314885248944,0.79289005759350417,1239
1142,"[5, 1, 4, 2]",30.866666666666667,29.75,23.167011375387798,46.56666666666667,True,1.0212286876078678,1175,0.82122868760786782,0.99654353147539698,1181,-0.28376097113049831,1057,-0.48376097113049832,-0.30844612726296911,1082,0.68115629877643036,1119,0.48115629877643035,0.65647114264395956,1126,1.0809908616657704,1190,0.88099086166577034,1.029774982969881,1194
1143,"[5, 1, 4, 3]",29.199999999999999,28,30.579110651499484,47.299999999999997,True,1.0635160640701731,1155,0.86351606407017312,1.037436676135248,1160,-0.019110616384842405,868,-0.21911061638484242,-0.045190004319767552,892,0.72344367523873565,1096,0.5234436752387357,0.69736428730381061,1097,1.2257792631226001,1140,1.0257792631226001,1.1720602587928952,1145
1144,"[5, 1, 4, 4]",32.533333333333331,32.25,37.992502585315407,38.733333333333334,True,1.1513172160059555,1116,1.0013172160059554,1.1422667980050529,1116,0.2910922935654176,635,0.14109229356541758,0.28204187556451504,643,0.73153955313108476,1090,0.58153955313108474,0.7224891351301822,1085,1.4467920628680178,1021,1.2967920628680178,1.4171794795852311,1030
1145,"[5, 1, 4, 5]",27.533333333333335,28.550000000000001,52.816701137538779,33.599999999999994,True,1.2040583526317548,1087,1.0540583526317546,1.2202556189703246,1065,0.56322329575481567,427,0.41322329575481564,0.57942056209338555,417,0.48779671871241648,1256,0.33779671871241645,0.50399398505098636,1241,1.6943049285971572,769,1.5443049285971573,1.6966566526234499,760
1146,"[5, 1, 5, 0]",30.199999999999999,29.399999999999999,12.048862461220269,48.066666666666663,True,0.84731375194666791,1266,0.69731375194666789,0.82871647271346849,1267,-0.79122037421672409,1256,-0.94122037421672411,-0.80981765344992351,1255,0.50724136311523049,1247,0.35724136311523047,0.48864408388203107,1250,0.73388677882993647,1263,0.58388677882993645,0.6905830624441881,1264
1147,"[5, 1, 5, 1]",30.233333333333334,29.449999999999999,19.460961737331953,47.233333333333334,True,0.8720714170337609,1257,0.77207141703376092,0.85378683256319288,1256,-0.5440997308462806,1220,-0.64409973084628058,-0.56238431531684863,1218,0.53199902820232348,1232,0.4319990282023235,0.51371444373175545,1235,0.87158039621497718,1235,0.7715803962149772,0.82870874573749076,1236
1148,"[5, 1, 5, 2]",30.199999999999999,28.949999999999999,26.87435367114788,46.433333333333337,True,0.99556866404594413,1190,0.84556866404594411,0.9684270810152763,1199,-0.19820072581961956,993,-0.34820072581961958,-0.22534230885028728,1011,0.6554962752145066,1137,0.50549627521450657,0.62835469218383888,1153,1.1076240428476636,1183,0.95762404284766367,1.052860224594343,1186
1149,"[5, 1, 5, 3]",28.633333333333333,26.75,34.286452947259569,45.56666666666667,True,1.0397660574861782,1163,0.8897660574861781,1.0007759218776591,1179,0.068359645903965149,799,-0.081640354096034873,0.029369510295445989,825,0.69410938737242411,1110,0.54410938737242409,0.65511925176390495,1127,1.2549362805355648,1132,1.1049362805355649,1.1836853985497853,1140
1150,"[5, 1, 5, 4]",28.866666666666667,28.399999999999999,41.699844881075492,42.399999999999999,True,1.1183566831061711,1131,0.96835668310617096,1.1062389551398688,1133,0.36935202953843566,571,0.21935202953843563,0.35723430157213359,576,0.62443217431609854,1173,0.47443217431609847,0.61231444634979648,1170,1.4477101571177746,1019,1.2977101571177745,1.4125906974405931,1035
1151,"[5, 1, 5, 5]",23.899999999999999,24.550000000000001,56.524043433298864,23.600000000000001,True,1.1217344920579464,1129,1.0217344920579463,1.1313796748393179,1122,0.29553232039300303,633,0.195532320393003,0.30517750317437453,617,0.3313260122234063,1292,0.23132601222340632,0.3409711950047779,1291,1.6460643015906045,825,1.5460643015906044,1.6382478365229547,830
1152,"[5, 2, 0, 0]",34.100000000000001,32.850000000000001,1.5266287487073422,44.43333333333333,True,0.81658207696075769,1277,0.66658207696075766,0.78900046470226326,1283,-1.1376190605780221,1292,-1.287619060578022,-1.1652006728365163,1292,0.47650968812932032,1261,0.3265096881293203,0.44892807587082589,1269,0.56706036872685717,1289,0.41706036872685714,0.51318782031405064,1290
1153,"[5, 2, 0, 1]",34.200000000000003,32.600000000000001,8.938728024819028,44.066666666666663,True,0.94261308669980326,1222,0.7426130866998033,0.90837462202034236,1230,-0.78922507255562602,1255,-0.98922507255562597,-0.82346353723508714,1259,0.60254069786836584,1183,0.40254069786836583,0.56830223318890483,1195,0.80643654359927863,1244,0.60643654359927868,0.74367343569563871,1249
1154,"[5, 2, 0, 2]",34.333333333333336,32.850000000000001,16.352119958634955,43.93333333333333,True,0.96929369534186749,1210,0.81929369534186747,0.93725537680153947,1219,-0.54014270589908375,1214,-0.69014270589908377,-0.57218102443941177,1221,0.62922130651042996,1166,0.47922130651042999,0.59718298797010205,1181,0.94668658395041716,1221,0.79668658395041714,0.88692508433177786,1225
1155,"[5, 2, 0, 3]",33.700000000000003,33.100000000000001,23.764219234746641,43.666666666666657,True,1.081317913909436,1147,0.88131791390943592,1.0661232050056944,1150,-0.20575550904816481,1000,-0.40575550904816482,-0.22095021795190645,1004,0.74124552507799857,1082,0.5412455250779985,0.72605081617425693,1082,1.1675546264616496,1158,0.96755462646164969,1.1301441462328905,1160
1156,"[5, 2, 0, 4]",36.333333333333336,35.149999999999999,31.177611168562564,40.166666666666664,True,1.2057489469997174,1084,1.0057489469997174,1.1791811749767649,1094,0.14107728205659426,753,-0.058922717943405756,0.11450951003364179,770,0.86567655816827993,1007,0.66567655816827997,0.83910878614532747,1014,1.4209005725895687,1044,1.2209005725895687,1.3692362023393179,1067
1157,"[5, 2, 0, 5]",33.633333333333333,33.649999999999999,46.001809720785936,37.633333333333333,True,1.2524204741178764,1055,1.1024204741178765,1.2489421478407707,1047,0.63247476574145445,365,0.48247476574145443,0.6289964394643488,368,0.67245666853359509,1124,0.52245666853359507,0.66897834225648944,1119,1.6764616716333465,794,1.5264616716333466,1.654740540063445,803
1158,"[5, 2, 1, 0]",33.56666666666667,32.549999999999997,3.3802998965873838,44.966666666666661,True,0.87493203122393837,1254,0.67493203122393841,0.85184097364941813,1257,-1.0236589718784403,1284,-1.2236589718784403,-1.0467500294529606,1284,0.53485964239250106,1229,0.33485964239250104,0.51176858481798071,1237,0.65032928685566138,1276,0.45032928685566131,0.60227713043018649,1276
1159,"[5, 2, 1, 1]",33.56666666666667,32.600000000000001,10.792399172699069,44.699999999999996,True,0.89905302398505527,1241,0.74905302398505524,0.87691133349914263,1242,-0.77717500083397262,1253,-0.92717500083397264,-0.79931669131988525,1253,0.55898063515361796,1209,0.40898063515361793,0.53683894466770532,1212,0.78718162549701176,1250,0.63718162549701174,0.74040281372348937,1250
1160,"[5, 2, 1, 2]",33.799999999999997,32.600000000000001,18.205791106514994,43.666666666666671,True,0.97764364960504802,1203,0.82764364960504799,0.9510452528373019,1210,-0.47618261719950206,1188,-0.62618261719950208,-0.50278101396724817,1195,0.63757126077361059,1156,0.48757126077361057,0.61097286400586448,1171,0.97995550207922122,1209,0.8299555020792212,0.92728773909986628,1212
1161,"[5, 2, 1, 3]",33.399999999999999,32.799999999999997,25.61789038262668,43.233333333333341,True,1.0941245744544501,1138,0.89412457445445015,1.078963713952849,1141,-0.13733871406674941,960,-0.33733871406674942,-0.15249957456835067,970,0.75405218562301268,1069,0.55405218562301273,0.73889132512141154,1068,1.2067124957962867,1144,1.0067124957962867,1.1692334563490263,1147
1162,"[5, 2, 1, 4]",35.766666666666666,35.049999999999997,33.031282316442606,39.599999999999994,True,1.2134622289369217,1072,1.0134622289369217,1.1958191522783501,1085,0.20440069843019998,711,0.0044006984301999674,0.1867576217716283,724,0.87338984010548448,1002,0.67338984010548442,0.85574676344691269,1008,1.4533282119746826,1014,1.2533282119746827,1.4134188910632639,1034
1163,"[5, 2, 1, 5]",32.666666666666664,32.5,47.855480868665978,38.600000000000001,True,1.2524936881433661,1054,1.102493688143366,1.2456434162815966,1052,0.68815811420334538,326,0.53815811420334536,0.68130784234157593,333,0.63545645960148389,1159,0.48545645960148387,0.62860618773971444,1151,1.6987939660941751,763,1.5487939660941752,1.6721829910963892,785
1164,"[5, 2, 2, 0]",31.333333333333332,31.100000000000001,5.232678386763185,47.200000000000003,True,0.80079877028528901,1284,0.65079877028528899,0.79283311298155601,1280,-1.0422208781118156,1286,-1.1922208781118155,-1.0501865354155484,1285,0.46072638145385153,1269,0.31072638145385151,0.45276072415011853,1266,0.59066040232122818,1286,0.44066040232122816,0.56204692681638968,1284
1165,"[5, 2, 2, 1]",31.300000000000001,31,12.644777662874871,46.966666666666669,True,0.87428309072042953,1255,0.72428309072042951,0.86505537156545764,1251,-0.74637357939332427,1250,-0.89637357939332429,-0.75560129854829616,1250,0.53421070188899211,1230,0.38421070188899209,0.52498298273402022,1224,0.77667146221888828,1254,0.62667146221888825,0.7463525761538351,1248
1166,"[5, 2, 2, 2]",31.566666666666666,31.850000000000001,20.058169596690796,45.900000000000006,True,0.90351038866639866,1240,0.80351038866639868,0.90532853140994607,1233,-0.49474452343287756,1196,-0.59474452343287754,-0.49292638068933015,1192,0.56343799983496123,1206,0.4634379998349612,0.56525614257850865,1199,0.92028661754478824,1228,0.82028661754478827,0.90488436061340372,1223
1167,"[5, 2, 2, 3]",31.966666666666665,31.899999999999999,27.470268872802482,44.666666666666671,True,1.0352714493392301,1167,0.88527144933923019,1.0303988912596704,1166,-0.1406204844766954,961,-0.29062048447669542,-0.14549304255625517,965,0.69519906050779279,1108,0.54519906050779277,0.69032650242823301,1105,1.1672343011104234,1159,1.0172343011104235,1.1430100439067066,1155
1168,"[5, 2, 2, 4]",33.766666666666666,33.149999999999999,34.883660806618408,40.200000000000003,True,1.143785674280106,1121,0.993785674280106,1.1282669878130194,1127,0.19029549847865823,721,0.040295498478658209,0.17477681201157169,730,0.78618484697917523,1055,0.63618484697917521,0.77066616051208869,1058,1.3995482786460824,1061,1.2495482786460825,1.3617285855818948,1070
1169,"[5, 2, 2, 5]",32.266666666666666,32.25,49.70785935884178,34.099999999999994,True,1.2133774051334094,1073,1.1133774051334093,1.2094203657403166,1071,0.70461318589866262,314,0.60461318589866264,0.70065614650556995,318,0.55929260678801107,1208,0.45929260678801109,0.55533556739491841,1203,1.6853954124627148,783,1.5853954124627148,1.6625130591294515,795
1170,"[5, 2, 3, 0]",31.233333333333334,30.449999999999999,7.0863495346432268,47.299999999999997,True,0.86742546478616056,1259,0.6674254647861606,0.84902805230845746,1259,-0.91998404917454257,1275,-1.1199840491745425,-0.93838146165224567,1275,0.52735307595472325,1235,0.32735307595472324,0.50895566347702015,1239,0.68486594411800783,1270,0.48486594411800782,0.64222282436885836,1270
1171,"[5, 2, 3, 1]",31.033333333333335,30.5,14.498448810754912,47.233333333333334,True,0.93772642359142022,1223,0.73772642359142016,0.92409841215818211,1224,-0.62732011208593264,1235,-0.82732011208593259,-0.64094812351917074,1236,0.59765403475998269,1186,0.39765403475998268,0.58402602332674458,1187,0.8666706102972157,1236,0.66667061029721575,0.83034850766216128,1235
1172,"[5, 2, 3, 2]",31.5,30.350000000000001,21.911840744570839,45.966666666666669,True,0.97077375549324663,1208,0.8207737554932466,0.94538423023051854,1213,-0.37187102216962831,1133,-0.52187102216962833,-0.39726054743235639,1150,0.63070136666180909,1161,0.48070136666180913,0.60531184139908101,1174,1.0153334380852583,1204,0.86533343808525831,0.96341339908268064,1205
1173,"[5, 2, 3, 3]",29.966666666666665,28.850000000000001,29.323940020682524,46.666666666666671,True,1.0156078212594568,1177,0.86560782125945679,0.9910242103334076,1183,-0.10467397812006751,939,-0.25467397812006753,-0.12925758904611673,953,0.67553543242801939,1122,0.52553543242801937,0.65095182150197017,1129,1.1634869545168498,1162,1.0134869545168499,1.1120653981654574,1169
1174,"[5, 2, 3, 4]",33.666666666666664,32.850000000000001,36.737331954498451,37.600000000000001,True,1.2104123687809778,1079,1.0104123687809778,1.1911074967601745,1088,0.31253232741593123,613,0.11253232741593122,0.2932274553951279,630,0.81573811852244615,1038,0.61573811852244609,0.79643324650164282,1046,1.493753820442862,988,1.293753820442862,1.4508178956980309,1003
1175,"[5, 2, 3, 5]",29.600000000000001,29.75,51.561530506721823,31.533333333333331,True,1.2309803305341114,1062,1.0809803305341112,1.2304887227887371,1059,0.65290380519802016,349,0.50290380519802014,0.65241219745264611,349,0.53982210923111229,1224,0.38982210923111227,0.53933050148573825,1210,1.7148224909953331,746,1.564822490995333,1.6955752045596792,763
1176,"[5, 2, 4, 0]",31.533333333333335,30.550000000000001,8.938728024819028,46.733333333333334,True,0.89167930062170475,1247,0.6916793006217048,0.86945057138743076,1249,-0.84015885863372453,1262,-1.0401588586337245,-0.86238758786799852,1263,0.55160691179026733,1215,0.35160691179026732,0.52937818255599334,1221,0.73913424410404582,1261,0.53913424410404587,0.6914663049655877,1263
1177,"[5, 2, 4, 1]",31.699999999999999,30.649999999999999,16.350827300930714,46.566666666666663,True,0.96898365501270267,1211,0.76898365501270272,0.94547029832576279,1212,-0.54049152595937588,1216,-0.74049152595937584,-0.56400488264631576,1219,0.62891126618126525,1167,0.42891126618126529,0.60539790949432537,1173,0.93019297646384835,1224,0.7301929764638484,0.88086533291084312,1226
1178,"[5, 2, 4, 2]",31.866666666666667,30.75,23.764219234746641,45.499999999999993,True,0.99630093598074321,1187,0.84630093598074319,0.97150295184113733,1195,-0.29077248697685754,1066,-0.44077248697685756,-0.31557047111646341,1089,0.65622854714930579,1134,0.50622854714930576,0.63143056300969991,1146,1.071284295558677,1193,0.92128429555867708,1.0202969475911248,1197
1179,"[5, 2, 4, 3]",29.800000000000001,28.649999999999999,31.176318510858323,46.700000000000003,True,1.0809482445313336,1148,0.88094824453133369,1.0557505268807352,1152,0.016237799857083346,839,-0.18376220014291667,-0.0089599177935151819,857,0.74087585569989622,1083,0.54087585569989627,0.71567813804929781,1088,1.2559773520912221,1131,1.0559773520912221,1.2036688108504714,1138
1180,"[5, 2, 4, 4]",33.533333333333331,33.600000000000001,38.589710444674253,37.733333333333334,True,1.1763894643788309,1105,1.0263894643788307,1.1738717879910463,1099,0.33408077771905831,592,0.18408077771905829,0.33156310133127387,592,0.74466764431678312,1080,0.59466764431678309,0.74214996792899868,1065,1.4870854967609248,990,1.3370854967609249,1.4666148567701423,988
1181,"[5, 2, 4, 5]",28.899999999999999,29.600000000000001,53.413908996897625,28.233333333333334,True,1.2361339965903686,1059,1.0861339965903685,1.2461644064246724,1051,0.56543854674548721,423,0.41543854674548719,0.57546895657979125,423,0.50792820548385342,1246,0.35792820548385335,0.51795861531815746,1232,1.7438524286706589,720,1.5938524286706588,1.7384519618966463,714
1182,"[5, 2, 5, 0]",30.633333333333333,30.25,12.64607032057911,47.633333333333333,True,0.8615625707779474,1260,0.71156257077794738,0.85082779181338608,1258,-0.75905531960467931,1252,-0.90905531960467933,-0.76979009856924063,1251,0.52149018194650987,1237,0.37149018194650985,0.51075540298194855,1238,0.75987847408010645,1255,0.60987847408010643,0.72728499310957451,1255
1183,"[5, 2, 5, 1]",30.733333333333334,30.800000000000001,20.058169596690796,46.733333333333334,True,0.93759358051699293,1224,0.78759358051699291,0.93539182254918651,1221,-0.46066133158228328,1181,-0.61066133158228331,-0.4628630895500897,1180,0.5975211916855554,1187,0.44752119168555543,0.59531943371774898,1183,0.94925464895252809,1219,0.79925464895252807,0.928144122922402,1211
1184,"[5, 2, 5, 2]",31,29.699999999999999,27.471561530506722,45.63333333333334,True,0.96682087846296183,1214,0.86682087846296185,0.93863966593797865,1216,-0.20903227562183643,1002,-0.30903227562183644,-0.23721348814681972,1018,0.62674848963152441,1170,0.52674848963152443,0.59856727710654123,1178,1.0928698042784282,1186,0.99286980427842808,1.0370154659558246,1190
1185,"[5, 2, 5, 3]",29.266666666666666,28.100000000000001,34.883660806618408,44.700000000000003,True,1.0578349102733149,1157,0.90783491027331487,1.0323809118636524,1163,0.1043447344718671,775,-0.045655265528132927,0.078890736062204647,792,0.7002340829723841,1105,0.55023408297238408,0.67478008456272165,1118,1.2859756482478772,1123,1.1359756482478773,1.2331207757346965,1129
1186,"[5, 2, 5, 4]",29.933333333333334,29.25,42.297052740434331,41.333333333333329,True,1.1447022761309986,1120,0.99470227613099871,1.1283502742397862,1126,0.41361385834402858,539,0.26361385834402856,0.39726185645281625,549,0.63883361015374951,1152,0.48883361015374943,0.62248160826253707,1158,1.4896861484980621,989,1.339686148498062,1.4492926281059795,1004
1187,"[5, 2, 5, 5]",25.533333333333335,26.149999999999999,57.121251292657703,17.533333333333335,True,1.15890351462437,1110,1.0589035146243699,1.1677315002683493,1104,0.30284094999148481,627,0.20284094999148478,0.31166893563546405,608,0.35655087760265325,1288,0.25655087760265327,0.36537886324663249,1287,1.7023420316136288,761,1.6023420316136288,1.6940499369676276,765
1188,"[5, 3, 0, 0]",31.133333333333333,31.550000000000001,2.1212512926577043,47.399999999999999,True,0.76586446538837671,1291,0.61586446538837669,0.77026314583796951,1288,-1.1704979958318922,1294,-1.3204979958318923,-1.1660993153822994,1293,0.42579207655693935,1277,0.27579207655693933,0.43019075700653214,1275,0.50717645865055239,1294,0.35717645865055236,0.49507075747542839,1293
1189,"[5, 3, 0, 1]",30.833333333333332,31.649999999999999,9.5333505687693894,47.433333333333337,True,0.88425540721570761,1251,0.68425540721570755,0.89628287277630148,1235,-0.82974407572121067,1260,-1.0297440757212106,-0.81771661016061681,1258,0.54418301838427008,1221,0.34418301838427007,0.55621048394486405,1201,0.73645728859868909,1262,0.53645728859868902,0.73446978542068364,1252
1190,"[5, 3, 0, 2]",31.033333333333335,31.600000000000001,16.946742502585316,47.233333333333334,True,0.96220936050972417,1216,0.76220936050972421,0.96946742502585326,1197,-0.52938836441271642,1210,-0.72938836441271637,-0.52213029989658732,1208,0.62213697167828674,1176,0.42213697167828673,0.62939503619441584,1149,0.92838988643720843,1226,0.72838988643720848,0.92008136614510816,1218
1191,"[5, 3, 0, 3]",30.800000000000001,30.550000000000001,24.358841778697002,46.566666666666663,True,0.98187364698900748,1198,0.83187364698900745,0.97365170892621056,1193,-0.28736109965008261,1060,-0.43736109965008263,-0.29558303771287953,1066,0.64180125815757005,1150,0.49180125815757003,0.63357932009477314,1144,1.059353273872726,1197,0.90935327387272591,1.0301934670954567,1193
1192,"[5, 3, 0, 4]",34.5,33.299999999999997,31.772233712512925,41.900000000000006,True,1.1766781945105282,1104,0.97667819451052829,1.1500008181377874,1112,0.12984520588591592,758,-0.070154794114084096,0.1031678295131751,779,0.83660580567909082,1026,0.63660580567909075,0.80992842930635001,1037,1.389620139798738,1065,1.189620139798738,1.3371123483292187,1087
1193,"[5, 3, 0, 5]",30.933333333333334,31.149999999999999,46.596432264736301,40.333333333333329,True,1.2067962411533055,1083,1.0567962411533054,1.2074200188498949,1077,0.60468920909539436,392,0.45468920909539434,0.60531298679198375,401,0.61493998469001676,1178,0.46493998469001674,0.61556376238660615,1165,1.6233079915065649,850,1.473307991506565,1.6060632055779638,869
1194,"[5, 3, 1, 0]",30.066666666666666,30.649999999999999,3.9749224405377457,48.466666666666669,True,0.81402766243593772,1279,0.61402766243593776,0.82171124972183307,1269,-1.06672466434793,1287,-1.26672466434793,-1.0590410770620347,1287,0.4739552736045004,1263,0.27395527360450039,0.48163886089039576,1252,0.57698491688031006,1288,0.37698491688031011,0.56887993176813478,1283
1195,"[5, 3, 1, 1]",30.166666666666668,30.550000000000001,11.387021716649432,48.099999999999994,True,0.84005867217498342,1268,0.6900586721749834,0.84393350830573488,1261,-0.81833067632553391,1259,-0.96833067632553393,-0.81445584019478245,1256,0.49998628334354595,1250,0.34998628334354592,0.50386111947429746,1242,0.71636109175273177,1266,0.56636109175273175,0.70318558110558038,1260
1196,"[5, 3, 1, 2]",30.366666666666667,31,18.800413650465355,47.100000000000001,True,0.96801262546900002,1213,0.76801262546899995,0.97661173144136249,1189,-0.46797496501703945,1184,-0.66797496501703946,-0.45937585904467698,1178,0.6279402366375626,1169,0.42794023663756253,0.63653934260992506,1139,0.95829368959125083,1216,0.75829368959125087,0.95153060834952918,1208
1197,"[5, 3, 1, 3]",29.800000000000001,29.449999999999999,26.212512926577041,46.833333333333343,True,0.98131018868852082,1199,0.8313101886885208,0.97130234445564378,1196,-0.23231442351416787,1021,-0.38231442351416789,-0.24232226774704491,1025,0.64123779985708351,1151,0.49123779985708343,0.63122995562420647,1147,1.0808442895898644,1191,0.93084428958986443,1.0489092627803531,1188
1198,"[5, 3, 1, 4]",33.833333333333336,33.049999999999997,33.625904860392971,41.100000000000001,True,1.1824814594698041,1101,0.98248145946980414,1.1637906941735499,1106,0.19125860528159327,718,-0.0087413947184067364,0.17256783998533903,731,0.84240907063836667,1023,0.64240907063836672,0.82371830534211243,1027,1.4195239429527808,1046,1.2195239429527809,1.3774750030973073,1061
1199,"[5, 3, 1, 5]",30.166666666666668,30.149999999999999,48.450103412616336,41.099999999999994,True,1.2106894891346522,1077,1.0606894891346523,1.2069693885565429,1078,0.66419259151314247,343,0.51419259151314245,0.66047249093503313,343,0.58175980971376307,1195,0.4317598097137631,0.57803970913565372,1190,1.6506879584295362,822,1.5006879584295363,1.627325690566765,840
1200,"[5, 3, 2, 0]",30.100000000000001,29.300000000000001,5.8273009307135473,48.43333333333333,True,0.8331881196636719,1270,0.63318811966367194,0.81460212323118619,1273,-0.99199285241492174,1279,-1.1919928524149217,-1.0105788488474075,1279,0.49311573083223459,1253,0.29311573083223458,0.47452973439974877,1257,0.62452298691682495,1279,0.42452298691682494,0.5811964174582428,1280
1201,"[5, 3, 2, 1]",30.166666666666668,29.100000000000001,13.239400206825232,48.099999999999994,True,0.90858245707674135,1234,0.70858245707674139,0.88492564763787263,1238,-0.6942355367185018,1243,-0.89423553671850176,-0.71789234615737052,1245,0.56851006824530392,1200,0.36851006824530391,0.5448532588064352,1206,0.81305788304555615,1243,0.6130578830455562,0.76295537749178322,1246
1202,"[5, 3, 2, 2]",30.399999999999999,29.199999999999999,20.652792140641157,47.06666666666667,True,0.93717308269673405,1225,0.78717308269673403,0.91095830115324705,1229,-0.44324315308403117,1172,-0.59324315308403119,-0.46945793462751828,1182,0.59710069386529674,1188,0.44710069386529666,0.57088591232180952,1194,0.95583175962776579,1217,0.80583175962776576,0.90238699217206497,1224
1203,"[5, 3, 2, 3]",29.533333333333335,28.600000000000001,28.064891416752843,47.100000000000009,True,0.99474059498246914,1193,0.84474059498246912,0.9736868888510728,1192,-0.16331266251494558,974,-0.31331266251494561,-0.18436636864634193,985,0.65466820615103172,1140,0.5046682061510317,0.63361450001963537,1143,1.1208108509331653,1180,0.97081085093316544,1.0739591949899858,1180
1204,"[5, 3, 2, 4]",32.233333333333334,31.899999999999999,35.478283350568766,41.733333333333334,True,1.170444972724703,1106,0.97044497272470309,1.1604790360373332,1108,0.23479347324176597,685,0.03479347324176596,0.22482753655439619,697,0.80095169454476522,1050,0.60095169454476516,0.79098575785739533,1051,1.4258393545484653,1041,1.2258393545484654,1.394884867395225,1054
1205,"[5, 3, 2, 5]",29.966666666666665,29.300000000000001,50.302481902792138,34.566666666666663,True,1.2253932400805527,1063,1.0753932400805528,1.2093539329519722,1072,0.71026914494094606,312,0.56026914494094604,0.69422983781236525,324,0.55941599085614757,1207,0.40941599085614755,0.54337668372756676,1207,1.6923370772602184,773,1.5423370772602185,1.6523756227763982,807
1206,"[5, 3, 3, 0]",27.5,26.699999999999999,7.6809720785935882,50.900000000000006,True,0.75206438971632639,1293,0.60206438971632636,0.73377174610239149,1293,-1.0175064479258658,1282,-1.1675064479258659,-1.035799091539801,1283,0.41199200088488896,1282,0.26199200088488894,0.39369935727095406,1283,0.55563262293682381,1291,0.40563262293682378,0.51171187358456549,1291
1207,"[5, 3, 3, 1]",27.666666666666668,26.600000000000001,15.093071354705273,50.599999999999994,True,0.82936874410732442,1272,0.6793687441073244,0.80599400468629334,1274,-0.71783911525151733,1247,-0.86783911525151736,-0.74121385467254852,1247,0.48929635527588705,1255,0.33929635527588703,0.46592161585485586,1259,0.74669135529662622,1259,0.5966913552966262,0.69601752292201102,1262
1208,"[5, 3, 3, 2]",27.433333333333334,26.350000000000001,22.5064632885212,50,True,0.8990459571636501,1242,0.74904595716365008,0.8753810885814145,1244,-0.42576014418071395,1166,-0.57576014418071397,-0.44942501276294944,1172,0.55897356833221257,1210,0.4089735683322126,0.53530869974997719,1215,0.92768732946717014,1227,0.77768732946717012,0.87653572503862553,1228
1209,"[5, 3, 3, 3]",25.699999999999999,24.350000000000001,29.918562564632886,50.933333333333337,True,0.89005998897400296,1249,0.79005998897400298,0.86152739779822762,1253,-0.21238313408701051,1008,-0.31238313408701052,-0.24091572526278579,1020,0.54998760014256542,1217,0.44998760014256545,0.5214550089667902,1230,1.0207931734366193,1202,0.92079317343661937,0.96245427760187752,1206
1210,"[5, 3, 3, 4]",30.166666666666668,28.699999999999999,37.331954498448809,41.099999999999994,True,1.0995079999929773,1135,0.94950799999297719,1.0682562538452478,1147,0.21946663494644136,701,0.069466634946441341,0.18821488879871184,721,0.69294129885543843,1112,0.5429412988554384,0.66168955270770891,1123,1.3704094504675108,1077,1.2204094504675109,1.3101201876981183,1103
1211,"[5, 3, 3, 5]",26.199999999999999,24.949999999999999,52.156153050672181,34.933333333333337,True,1.1219859787240394,1128,1.0219859787240393,1.0952957077219119,1137,0.51417832619043025,467,0.41417832619043021,0.48748805518830263,494,0.41893530654203304,1280,0.31893530654203306,0.39224503553990553,1284,1.5940019572510531,884,1.494001957251053,1.5383240160843847,938
1212,"[5, 3, 4, 0]",27.800000000000001,27.600000000000001,9.5333505687693894,50.466666666666669,True,0.82631822555187062,1275,0.62631822555187056,0.81938413859908632,1270,-0.88768125738504766,1272,-1.0876812573850476,-0.89461534433783174,1271,0.48624583672043309,1259,0.28624583672043308,0.4793117497676489,1253,0.65990092292286184,1274,0.45990092292286183,0.63132886861253423,1271
1213,"[5, 3, 4, 1]",27.633333333333333,27.550000000000001,16.945449844881075,50.633333333333333,True,0.89725585668310615,1243,0.69725585668310619,0.89255576427159555,1237,-0.59438064797046164,1229,-0.79438064797046171,-0.59908074038197223,1230,0.55718346785166872,1211,0.35718346785166877,0.55248337544015813,1204,0.84254686784576016,1238,0.64254686784576021,0.81690786260193216,1237
1214,"[5, 3, 4, 2]",28,27.550000000000001,24.358841778697002,49.36666666666666,True,0.97839317160700401,1200,0.77839317160700405,0.96668968360975494,1201,-0.29084157503208602,1067,-0.49084157503208603,-0.3025450630293352,1076,0.63832078277556659,1153,0.43832078277556663,0.62661729477831751,1156,1.0386858594027315,1198,0.83868585940273155,1.0037927879783091,1199
1215,"[5, 3, 4, 3]",26.266666666666666,25.800000000000001,31.770941054808688,50.13333333333334,True,0.96940720341735687,1209,0.81940720341735684,0.95758282826960595,1205,-0.077464564938382496,921,-0.22746456493838252,-0.089288940086133417,928,0.62933481458591944,1164,0.47933481458591942,0.61751043943816852,1163,1.1317917033721807,1175,0.98179170337218058,1.0960780638013232,1176
1216,"[5, 3, 4, 4]",31,30.449999999999999,39.184332988624611,40.266666666666666,True,1.1339485930441406,1125,0.98394859304414073,1.1200078868482715,1129,0.30947858270287915,619,0.15947858270287912,0.29553787650700974,625,0.69033432210308598,1116,0.54033432210308596,0.67639361590721658,1114,1.4381382103525957,1027,1.2881382103525956,1.4013840418092789,1047
1217,"[5, 3, 4, 5]",25.133333333333333,26.649999999999999,54.008531540847983,31.266666666666666,True,1.1701362491945577,1107,1.0201362491945578,1.196097973636328,1084,0.46970967215215881,505,0.31970967215215879,0.49567139659392873,488,0.43003800720903573,1274,0.28003800720903571,0.45599973165080565,1264,1.6637778287457841,805,1.5137778287457841,1.6783145255435925,780
1218,"[5, 3, 5, 0]",27.399999999999999,27,13.240692864529473,50.866666666666667,True,0.80575158059775653,1281,0.65575158059775651,0.79506515649339604,1279,-0.79702763346635941,1257,-0.94702763346635943,-0.80771405757072001,1254,0.46567919176631911,1266,0.31567919176631909,0.45499276766195851,1265,0.69326433405427845,1269,0.54326433405427843,0.65950748884480637,1268
1219,"[5, 3, 5, 1]",27.533333333333335,27.149999999999999,20.652792140641157,49.933333333333337,True,0.88241926266277837,1252,0.73241926266277835,0.87203425052033567,1246,-0.49799697311798685,1200,-0.64799697311798687,-0.50838198526042966,1199,0.54234687383134106,1222,0.39234687383134098,0.53196186168889814,1218,0.88348178767039065,1233,0.73348178767039063,0.85017986144201407,1232
1220,"[5, 3, 5, 2]",27.100000000000001,26.699999999999999,28.066184074457084,49.533333333333339,True,0.94827644176324666,1220,0.79827644176324664,0.93762386606102643,1218,-0.20973803600304086,1005,-0.35973803600304088,-0.22039061170526097,1003,0.60820405293180912,1181,0.45820405293180916,0.59755147722958912,1180,1.0594300893787922,1196,0.90943008937879211,1.0256046849508187,1195
1221,"[5, 3, 5, 3]",25.633333333333333,25.300000000000001,35.478283350568766,48.333333333333336,True,0.9443838521814093,1221,0.84438385218140932,0.93516258034113064,1222,0.0087323526984721955,847,-0.09126764730152781,-0.00048891914180634877,850,0.57489057400147137,1197,0.47489057400147133,0.56566930216119282,1198,1.1592661632977643,1164,1.0592661632977642,1.1268033733375,1162
1222,"[5, 3, 5, 4]",26.800000000000001,26.850000000000001,42.891675284384696,44.466666666666669,True,1.0908013029287367,1139,0.94080130292873654,1.0887268794261256,1138,0.37755156146027752,566,0.2275515614602775,0.37547713795766641,562,0.57304018607248008,1198,0.42304018607248012,0.57096576256986897,1193,1.4255958447033055,1042,1.2755958447033056,1.4031619829244035,1043
1223,"[5, 3, 5, 5]",22.399999999999999,23.800000000000001,57.715873836608068,20.666666666666671,True,1.1050025414221079,1134,1.0050025414221078,1.129057472543296,1125,0.21920884959170436,702,0.11920884959170436,0.24326378071289242,684,0.29075745352138382,1293,0.19075745352138382,0.31481238464257189,1293,1.6382517278188726,834,1.5382517278188725,1.6491926364380043,815
1224,"[5, 4, 0, 0]",38.033333333333331,38.399999999999999,2.7184591520165462,40.5,True,0.90362771545904497,1239,0.75362771545904494,0.90629851557079844,1232,-1.0148185099804587,1281,-1.1648185099804587,-1.0121477098687053,1280,0.56355532662760743,1205,0.41355532662760747,0.5662261267393609,1197,0.69637623017666173,1268,0.5463762301766617,0.68457404637511021,1265
1225,"[5, 4, 0, 1]",38.333333333333336,38.600000000000001,10.130558428128232,39.93333333333333,True,1.033478759153948,1170,0.83347875915394798,1.0342169766863456,1161,-0.66260448800220506,1240,-0.86260448800220502,-0.66186627046980728,1240,0.69340637032251062,1111,0.49340637032251056,0.69414458785490818,1099,0.94080007751122596,1222,0.74080007751122601,0.92651976362427058,1213
1226,"[5, 4, 0, 2]",38.600000000000001,38.100000000000001,17.543950361944159,39.666666666666664,True,1.112706057099917,1132,0.91270605709991703,1.098857225138429,1136,-0.36097543204175836,1123,-0.56097543204175837,-0.37482426400324637,1134,0.77263366826847957,1061,0.57263366826847961,0.75878483630699156,1063,1.134415232837126,1172,0.93441523283712602,1.1006712424811227,1175
1227,"[5, 4, 0, 3]",38.733333333333334,38.649999999999999,24.956049638055841,38.633333333333326,True,1.1893737391649388,1098,0.98937373916493887,1.1834212558742294,1092,-0.061944771693386025,910,-0.26194477169338604,-0.067897254984095545,913,0.8493013503335014,1018,0.64930135033350145,0.84334886704279199,1012,1.3246326864532378,1108,1.1246326864532379,1.30153037229395,1108
1228,"[5, 4, 0, 4]",40.100000000000001,40.049999999999997,32.369441571871768,36.199999999999996,True,1.2396112238681236,1058,1.0896112238681237,1.2341374536934011,1057,0.21069447102427663,708,0.060694471024276608,0.20522070084955413,709,0.89953883503668619,990,0.74953883503668617,0.89406506486196369,990,1.4960100403209213,985,1.3460100403209214,1.4740689479249958,983
1229,"[5, 4, 0, 5]",37.533333333333331,37.75,47.19364012409514,33.733333333333334,True,1.3388294402901875,996,1.1888294402901876,1.3387085531396856,987,0.7546386440130417,283,0.60463864401304168,0.75451775686253986,285,0.73502902663972214,1087,0.58502902663972212,0.73490813948922029,1073,1.8049362543394607,635,1.6549362543394608,1.7891997712178833,660
1230,"[5, 4, 1, 0]",37.833333333333336,37.899999999999999,4.5721302998965871,40.699999999999996,True,0.96834439298198793,1212,0.76834439298198798,0.9653415561635228,1202,-0.89449169802111461,1274,-1.0944916980211146,-0.89749453483957975,1273,0.62827200415055062,1168,0.42827200415055061,0.62526916733208548,1157,0.78805793574237004,1249,0.58805793574237009,0.76856997788343628,1244
1231,"[5, 4, 1, 1]",38.033333333333331,37.899999999999999,11.984229576008273,40.233333333333334,True,0.99628541969896223,1188,0.8462854196989622,0.98946254892463981,1185,-0.64418769302078949,1239,-0.79418769302078951,-0.65101056379511191,1237,0.6562130308675248,1135,0.50621303086752478,0.64939016009320238,1132,0.92995794684586286,1225,0.77995794684586284,0.90542231652478677,1222
1232,"[5, 4, 1, 2]",38.533333333333331,38.100000000000001,19.397621509824198,38.933333333333337,True,1.1299694239267648,1127,0.92996942392676485,1.1173939366172294,1130,-0.28810193077850926,1063,-0.48810193077850927,-0.30067741808804466,1074,0.78989703509532738,1053,0.58989703509532743,0.77732154778579199,1056,1.1794620533775959,1151,0.97946205337759584,1.1474006205089735,1153
1233,"[5, 4, 1, 3]",38.43333333333333,38.299999999999997,26.809720785935884,38.20000000000001,True,1.2021803997099532,1089,1.0021803997099532,1.1953123977327766,1086,0.0064720232880295936,849,-0.19352797671197042,-0.00039597868914692524,848,0.86210801087851574,1011,0.66210801087851567,0.85524000890133922,1009,1.3637905557878749,1085,1.1637905557878749,1.3393463377581336,1086
1234,"[5, 4, 1, 4]",39.733333333333334,40.299999999999997,34.223112719751811,34.466666666666669,True,1.2511445397611851,1057,1.1011445397611852,1.2574210006152393,1042,0.27783792135373964,644,0.12783792135373961,0.28411438220779384,641,0.90675467419758649,989,0.75675467419758646,0.91303113505164069,982,1.5334853521681779,951,1.3834853521681778,1.5271650492126088,943
1235,"[5, 4, 1, 5]",36.766666666666666,37.149999999999999,49.047311271975182,34.5,True,1.3427226882715346,991,1.1927226882715345,1.3458528595551948,981,0.81414202643079003,247,0.66414202643079001,0.81727219771445037,243,0.70184885166346833,1104,0.55184885166346831,0.70497902294712866,1094,1.832316221262432,604,1.6823162212624321,1.8206490134223046,618
1236,"[5, 4, 2, 0]",34.833333333333336,34.700000000000003,6.4245087900723892,43.699999999999996,True,0.92956766854588535,1228,0.72956766854588528,0.92310584739439472,1225,-0.87769706775194334,1270,-1.0776970677519433,-0.88415888890343375,1270,0.58949527971444782,1192,0.38949527971444781,0.5830334585629573,1188,0.75903964010305769,1256,0.55903964010305773,0.73377271145130329,1254
1237,"[5, 4, 2, 1]",35.166666666666664,34.850000000000001,13.836608066184075,43.100000000000001,True,1.0100553845667644,1181,0.81005538456676429,1.0000749414213344,1180,-0.57484637344771339,1227,-0.77484637344771345,-0.58482681659314339,1227,0.66998299573532694,1128,0.46998299573532687,0.66000255258989693,1124,0.95430476618131199,1218,0.75430476618131204,0.92444508404851122,1215
1238,"[5, 4, 2, 2]",35.266666666666666,34.700000000000003,21.25,42.200000000000003,True,1.0360993208828524,1165,0.88609932088285237,1.0213607594936709,1172,-0.32640067911714776,1102,-0.47640067911714779,-0.34113924050632927,1110,0.69602693205141497,1106,0.54602693205141495,0.68128837066223347,1109,1.0937135277887604,1185,0.94371352778876028,1.0575099754690305,1182
1239,"[5, 4, 2, 3]",35.5,35.25,28.662099276111686,41.13333333333334,True,1.1646770199258027,1108,0.96467701992580279,1.1559247902294714,1110,0.024539998209153369,832,-0.17546000179084664,0.015787768512821876,836,0.82460463109436533,1030,0.62460463109436537,0.81585240139803394,1033,1.3364548176359434,1101,1.1364548176359435,1.3083691052818578,1106
1240,"[5, 4, 2, 4]",36.333333333333336,36.149999999999999,36.075491209927613,37.633333333333333,True,1.2047277474133677,1086,1.0547277474133678,1.1971473171625671,1083,0.28699248371119623,637,0.13699248371119621,0.27941205346039566,647,0.82329031204625303,1031,0.673290312046253,0.81570988179545245,1034,1.4943717116045807,987,1.3443717116045806,1.4681742343933792,987
1241,"[5, 4, 2, 5]",36.56666666666667,36.649999999999999,50.899689762150985,27.966666666666661,True,1.3574264392174351,980,1.2074264392174352,1.3548829735708767,974,0.81244195110988604,249,0.66244195110988602,0.80989848546332766,250,0.67950503280585306,1120,0.52950503280585304,0.67696156715929467,1113,1.8739653400931142,568,1.7239653400931143,1.8546123581956047,574
1242,"[5, 4, 3, 0]",32.633333333333333,30.800000000000001,8.2781799379524301,45.633333333333333,True,0.90608400651025445,1236,0.70608400651025438,0.86759192596180279,1250,-0.84557059535117296,1264,-1.0455705953511729,-0.8840626758996244,1269,0.56601161767881691,1202,0.3660116176788169,0.52751953713036537,1222,0.75024462104734146,1258,0.55024462104734151,0.6811812066268621,1267
1243,"[5, 4, 3, 1]",33.033333333333331,31,15.690279214064116,45.233333333333334,True,0.98784506718308607,1196,0.787845067183086,0.94551038707735002,1211,-0.5414465563949904,1217,-0.74144655639499046,-0.58378123650072644,1225,0.64777267835164865,1145,0.44777267835164858,0.6054379982459126,1172,0.94719230461297665,1220,0.7471923046129767,0.8731269238760222,1229
1244,"[5, 4, 3, 2]",33.033333333333331,30.800000000000001,23.103671147880043,44.400000000000006,True,1.0619789865212452,1156,0.86197898652124527,1.015846838061079,1175,-0.24491087904235359,1029,-0.4449108790423536,-0.29104302750251992,1059,0.72190659768980781,1097,0.52190659768980785,0.67577444922964158,1115,1.1340772299893536,1173,0.93407722998935361,1.0549184706445893,1184
1245,"[5, 4, 3, 3]",32.733333333333334,30.350000000000001,30.515770423991729,43.766666666666666,True,1.0803699283485761,1149,0.93036992834857613,1.0314235270247274,1164,-0.0041569589316720057,854,-0.15415695893167203,-0.05310336025552076,900,0.74029753951713873,1084,0.5902975395171387,0.69135113819328997,1101,1.2633580599374903,1130,1.1133580599374904,1.1803107074183674,1142
1246,"[5, 4, 3, 4]",34.666666666666664,32.950000000000003,37.929162357807655,36.600000000000001,True,1.1914308425933569,1097,1.0414308425933567,1.1549245349704815,1111,0.3293057133275864,595,0.17930571332758638,0.29279940570471141,632,0.77291998426864106,1060,0.62291998426864104,0.73641367664576607,1072,1.4990371524479107,981,1.3490371524479108,1.4334095546962726,1019
1247,"[5, 4, 3, 5]",30.466666666666665,29.600000000000001,52.753360910031027,30.666666666666668,True,1.2594521150425853,1046,1.1094521150425853,1.2395589255560067,1054,0.62178406954103393,373,0.47178406954103391,0.60189088005445512,404,0.54445728567340224,1220,0.39445728567340216,0.52456409618682343,1225,1.7667407080256199,694,1.61674070802562,1.7218001402981584,731
1248,"[5, 4, 4, 0]",34.333333333333336,33.149999999999999,10.130558428128232,43.93333333333333,True,0.90707808003680024,1235,0.75707808003680022,0.88073596402811771,1239,-0.78900516711935276,1254,-0.93900516711935278,-0.81534728312803528,1257,0.56700569120536282,1201,0.41700569120536279,0.54066357519668029,1208,0.78984662826837682,1247,0.63984662826837679,0.73772519656145208,1251
1249,"[5, 4, 4, 1]",34.06666666666667,33.149999999999999,17.542657704239918,44.199999999999996,True,0.97610569419010718,1205,0.82610569419010715,0.95485695678923455,1206,-0.49761457468269554,1199,-0.64761457468269557,-0.51886331208356817,1206,0.63603330535866975,1158,0.48603330535866973,0.61478456795779712,1166,0.96996873696020403,1213,0.819968736960204,0.92457753520280261,1214
1250,"[5, 4, 4, 2]",34,33.200000000000003,24.956049638055841,43.36666666666666,True,1.0489662688763142,1160,0.89896626887631403,1.0299402432160014,1167,-0.20235224198201085,998,-0.35235224198201087,-0.22137826764232338,1006,0.70889388004487663,1100,0.55889388004487661,0.68986785438456411,1106,1.1551711048491997,1165,1.0051711048491998,1.1127358052311318,1168
1251,"[5, 4, 4, 3]",32.533333333333331,31.300000000000001,32.368148914167527,43.766666666666666,True,1.0950736792944766,1137,0.94507367929447661,1.0679852866100297,1148,0.066118146719502446,800,-0.083881853280497576,0.039029754035055597,814,0.75500129046303921,1068,0.60500129046303919,0.72791289777859236,1080,1.3050071787681721,1120,1.1550071787681722,1.2512010470982888,1127
1252,"[5, 4, 4, 4]",36.666666666666664,35.600000000000001,39.781540847983457,34.600000000000001,True,1.1981549670536886,1091,1.0981549670536885,1.1737647755684424,1100,0.39160119249319214,555,0.29160119249319216,0.3672110010079459,566,0.74259653892545674,1081,0.64259653892545676,0.7182063474402105,1087,1.5462106683621599,937,1.4462106683621598,1.4975936125425773,970
1253,"[5, 4, 4, 5]",30,30.550000000000001,54.605739400206822,17.5,True,1.2190624873806761,1068,1.119062487380676,1.2261206851413089,1061,0.48877551737033498,490,0.38877551737033494,0.49583371513096763,487,0.46702008820797702,1265,0.36702008820797705,0.47407828596860968,1258,1.7516595969067787,707,1.6516595969067787,1.7426904799780794,711
1254,"[5, 4, 5, 0]",32.299999999999997,31.149999999999999,13.837900723888314,45.966666666666669,True,0.90531449110985085,1237,0.75531449110985083,0.87983470344141479,1240,-0.67954848717349992,1242,-0.82954848717349994,-0.70502827484193598,1243,0.56524210227841354,1203,0.41524210227841346,0.53976231460997748,1209,0.8319873809589633,1241,0.68198738095896327,0.78025016653905521,1242
1255,"[5, 4, 5, 1]",32.166666666666664,31.149999999999999,21.25,45.300000000000004,True,0.9768887945670629,1204,0.82688879456706288,0.95395569620253173,1207,-0.38561120543293725,1141,-0.53561120543293728,-0.40854430379746842,1158,0.63681640573562548,1157,0.48681640573562546,0.61388330737109431,1167,1.0154746046255521,1203,0.86547460462555204,0.96710250518040575,1203
1256,"[5, 4, 5, 2]",31.966666666666665,30.649999999999999,28.663391933815927,44.666666666666671,True,1.0472026799493648,1161,0.89720267994936465,1.0185959446546149,1174,-0.092895562036157564,930,-0.24289556203615759,-0.12150229733090723,949,0.70713029111792725,1101,0.55713029111792722,0.67852355582317758,1112,1.1973118575397863,1148,1.0473118575397864,1.1412539840372578,1156
1257,"[5, 4, 5, 3]",30,29.550000000000001,36.075491209927613,43.966666666666669,True,1.083760005477884,1146,0.93376000547788396,1.0718308614663647,1144,0.16602474177571236,738,0.016024741775712337,0.15409559776419313,746,0.70232257011076915,1103,0.55232257011076913,0.69039342609924992,1104,1.3345287503034027,1103,1.1845287503034028,1.3000927403356539,1112
1258,"[5, 4, 5, 4]",31.266666666666666,31.350000000000001,43.488883143743536,40,True,1.1320874732031401,1126,1.03208747320314,1.1301419959943975,1124,0.43675396751544604,526,0.33675396751544601,0.43480849030670354,528,0.60238219915970659,1184,0.50238219915970661,0.60043672195096409,1176,1.5033822679400151,975,1.403382267940015,1.4828180731823195,980
1259,"[5, 4, 5, 5]",26.066666666666666,26.199999999999999,58.313081695966908,10.166666666666668,True,1.1810085758730817,1102,1.0810085758730816,1.1805991713900488,1093,0.2653544910747363,654,0.16535449107473627,0.26494508659170346,658,0.35481933078518091,1289,0.25481933078518093,0.35440992630214807,1289,1.7458474612070121,716,1.645847461207012,1.7253682513139168,726
1260,"[5, 5, 0, 0]",28.766666666666666,27.800000000000001,3.9077042399172699,49.766666666666666,True,0.6885252597166599,1296,0.58852525971665992,0.66692514366499533,1296,-1.1942436130858218,1295,-1.2942436130858219,-1.2158437291374864,1295,0.34845287088522259,1290,0.24845287088522255,0.32685275483355802,1292,0.44248053565501155,1296,0.34248053565501158,0.39460477638547198,1296
1261,"[5, 5, 0, 1]",28.333333333333332,27.699999999999999,11.319803516028955,49.933333333333337,True,0.8043695122400859,1282,0.65436951224008588,0.78914740224889712,1282,-0.85603638227904566,1267,-1.0060363822790457,-0.87125849227023433,1265,0.46429712340864843,1267,0.3142971234086484,0.44907501341745965,1268,0.6683962506283867,1272,0.51839625062838668,0.62891042572291744,1273
1262,"[5, 5, 0, 2]",28.399999999999999,27.699999999999999,18.733195449844882,49.06666666666667,True,0.87977677623019757,1253,0.72977677623019754,0.86328132158705639,1252,-0.55822736027445607,1223,-0.7082273602744561,-0.57472281491759725,1223,0.53970438739876014,1225,0.38970438739876007,0.52320893275561886,1226,0.85696373349214416,1237,0.70696373349214414,0.81579535109929424,1238
1263,"[5, 5, 0, 3]",30.033333333333335,29.300000000000001,26.145294725956568,46.600000000000009,True,0.98509471296414974,1197,0.83509471296414972,0.96778206118361643,1200,-0.23054644525715329,1017,-0.38054644525715331,-0.2478590970376866,1031,0.64502232413271232,1148,0.4950223241327123,0.627709672352179,1154,1.085038730574325,1189,0.93503873057432485,1.0433947186031234,1189
1264,"[5, 5, 0, 4]",27.666666666666668,28.699999999999999,33.558686659772491,47.266666666666666,True,1.0140248971579968,1178,0.86402489715799669,1.0305235754584845,1165,0.020785496951171378,835,-0.12921450304882864,0.037284175251659168,817,0.67395250832655917,1123,0.52395250832655915,0.69045118662704696,1102,1.2121928651486824,1142,1.0621928651486825,1.2149995081560707,1134
1265,"[5, 5, 0, 5]",24.433333333333334,25.800000000000001,48.382885211995863,46.833333333333329,True,1.0505096670605361,1159,0.95050966706053597,1.0737022698414778,1143,0.50199622342041184,475,0.4019962234204118,0.52518882620135354,458,0.42292435165205611,1278,0.32292435165205607,0.44611695443299781,1270,1.4542935042934135,1012,1.3542935042934134,1.4648501956255289,992
1266,"[5, 5, 1, 0]",28.566666666666666,27.550000000000001,5.7613753877973108,49.966666666666669,True,0.75324193723960298,1292,0.60324193723960295,0.73071501970075792,1294,-1.0739168011264777,1289,-1.2239168011264778,-1.0964437186653231,1289,0.41316954840816561,1281,0.26316954840816559,0.39064263086932055,1285,0.53416224122071987,1293,0.38416224122071985,0.48496743115356045,1294
1267,"[5, 5, 1, 1]",28.199999999999999,27.550000000000001,13.173474663908998,50.066666666666663,True,0.7703595344149814,1288,0.67035953441498142,0.75483601246187482,1290,-0.83443622566774878,1261,-0.93443622566774875,-0.84995974762085535,1262,0.43028714558354397,1273,0.33028714558354394,0.41476362363043739,1279,0.66176051368147581,1273,0.56176051368147584,0.62181976979491083,1274
1268,"[5, 5, 1, 2]",28.300000000000001,27.5,20.586866597724921,49.166666666666671,True,0.8964034707310693,1244,0.74640347073106927,0.87802056471142642,1241,-0.48599053133718317,1191,-0.6359905313371832,-0.50437343735682605,1197,0.55633108189963187,1212,0.40633108189963185,0.537948175879989,1211,0.90116927528892377,1230,0.75116927528892374,0.85743135051933517,1231
1269,"[5, 5, 1, 3]",29.733333333333334,28.800000000000001,27.998965873836607,46.900000000000006,True,0.99790137350916408,1186,0.84790137350916406,0.97682510177634085,1188,-0.16212965027573778,973,-0.3121296502757378,-0.18320592200856101,984,0.65782898467772666,1133,0.50782898467772664,0.63675271294490332,1138,1.124196599908962,1178,0.9741965999089619,1.0773906501114494,1178
1270,"[5, 5, 1, 4]",27.966666666666665,28.399999999999999,35.412357807652533,46,True,1.0382916595705831,1164,0.88829165957058298,1.0433640844056393,1159,0.10066239380015907,779,-0.049337606199840955,0.10573481863521528,775,0.67011689224896986,1126,0.52011689224896984,0.67518931708402607,1117,1.266493751869747,1127,1.1164937518697469,1.2540888182722068,1125
1271,"[5, 5, 1, 5]",23.699999999999999,25.5,50.236556359875905,40.833333333333329,True,1.0550395873678593,1158,0.95503958736785921,1.0865427787886326,1139,0.5432117693740639,439,0.44321176937406392,0.57471496079483719,424,0.3903808490017785,1285,0.29038084900177852,0.42188404042255179,1277,1.4825147499600755,993,1.3825147499600754,1.5039395057416649,965
1272,"[5, 5, 2, 0]",27,27.100000000000001,7.6137538779731129,51.400000000000006,True,0.74184212282047823,1294,0.59184212282047821,0.74069450080504762,1292,-1.0297452608403286,1285,-1.1797452608403285,-1.0308928828557593,1282,0.40176973398904076,1284,0.25176973398904073,0.40062211197361014,1281,0.54131893156009514,1292,0.39131893156009512,0.52020412057881271,1289
1273,"[5, 5, 2, 1]",26.899999999999999,27.199999999999999,15.025853154084798,51.366666666666667,True,0.81405309860366637,1278,0.66405309860366635,0.81671422774337965,1272,-0.73517130677378961,1249,-0.88517130677378963,-0.73251017763407633,1246,0.47398070977222895,1262,0.32398070977222893,0.47664183891194223,1255,0.72564743397037412,1265,0.5756474339703741,0.70960314852406803,1258
1274,"[5, 5, 2, 2]",27.433333333333334,27.100000000000001,22.439245087900723,50,True,0.84837377515744528,1264,0.7483737751574453,0.83894941290432368,1265,-0.47844887220553312,1189,-0.57844887220553309,-0.48787323445865471,1189,0.50830138632600785,1244,0.40830138632600782,0.49887702407288625,1247,0.87599281924579753,1234,0.77599281924579755,0.84394138459653989,1233
1275,"[5, 5, 2, 3]",29.066666666666666,28.600000000000001,29.851344364012409,47.566666666666677,True,1.0036917118913975,1184,0.85369171189139748,0.99155141832366844,1182,-0.10076795718823028,937,-0.25076795718823031,-0.11290825075595934,943,0.66361932305996008,1130,0.51361932305996005,0.65147902949223102,1128,1.1540678163279781,1166,1.0040678163279781,1.1189940627964643,1165
1276,"[5, 5, 2, 4]",26.800000000000001,27.600000000000001,37.264736297828335,44.466666666666669,True,1.0345319130631729,1168,0.88453191306317303,1.0466979958896758,1156,0.15247400199802308,749,0.0024740019980230565,0.16464008482452586,740,0.62930957593804371,1165,0.47930957593804369,0.64147565876454649,1135,1.283745787133407,1124,1.1337457871334071,1.2804120951337916,1121
1277,"[5, 5, 2, 5]",24.399999999999999,25.300000000000001,52.088934850051707,36.733333333333334,True,1.0869334911151181,1142,0.98693349111511808,1.1012690953359603,1135,0.48248674861253271,493,0.38248674861253273,0.49682235283337473,485,0.38522718294552138,1286,0.28522718294552141,0.3995627871663634,1282,1.5468783948703984,936,1.4468783948703983,1.5455429184266793,932
1278,"[5, 5, 3, 0]",28.399999999999999,27.600000000000001,9.4674250258531547,49.866666666666667,True,0.78711907199028019,1286,0.63711907199028017,0.76872488316992393,1289,-0.928858177234125,1276,-1.078858177234125,-0.94725236605448149,1276,0.44704668315884277,1271,0.29704668315884275,0.42865249433848651,1276,0.62338201682294303,1280,0.47338201682294301,0.57966694512618822,1281
1279,"[5, 5, 3, 1]",28.133333333333333,27.550000000000001,16.879524301964839,50.133333333333333,True,0.85614668614358735,1263,0.70614668614358733,0.84189650884243328,1263,-0.63746758479746779,1238,-0.78746758479746781,-0.65171776209862187,1238,0.51607429731214993,1242,0.36607429731214985,0.50182412001099586,1244,0.80350412551477024,1245,0.65350412551477022,0.76524593911558603,1245
1280,"[5, 5, 3, 2]",28.033333333333335,27.050000000000001,24.292916235780766,49.333333333333329,True,0.92837058850381793,1229,0.77837058850381791,0.90653675729451655,1231,-0.34284192442275918,1118,-0.4928419244227592,-0.36467575563206056,1129,0.5882981996723804,1193,0.43829819967238043,0.56646436846307902,1196,0.98786521466007582,1207,0.8378652146600758,0.93939741797243825,1209
1281,"[5, 5, 3, 3]",28.066666666666666,27.5,31.705015511892451,48.333333333333343,True,0.95312825359091091,1218,0.85312825359091093,0.93920205385310174,1215,-0.09572128105231556,932,-0.19572128105231557,-0.10964748079012474,940,0.61305586475947349,1179,0.51305586475947351,0.59912966502166431,1177,1.1255588320451166,1177,1.0255588320451166,1.0877098584813607,1177
1282,"[5, 5, 3, 4]",27.566666666666666,27.850000000000001,39.118407445708378,43.700000000000003,True,1.0677120880394266,1154,0.91771208803942672,1.0699815428115143,1145,0.24126431141067806,681,0.091264311410678034,0.24353376618276545,682,0.62541632795669655,1171,0.47541632795669653,0.62768578272878395,1155,1.3498245762661374,1092,1.1998245762661373,1.3335081964214051,1088
1283,"[5, 5, 3, 5]",19.600000000000001,20.199999999999999,53.94260599793175,36.799999999999997,True,1.0137893876533413,1179,0.91378938765334128,1.0229703637767857,1171,0.31665908775675378,606,0.2166590877567538,0.32584006388019826,597,0.27500965652614373,1294,0.17500965652614373,0.28419063264958822,1294,1.4724636338068304,1002,1.3724636338068303,1.462391141955379,996
1284,"[5, 5, 4, 0]",26.466666666666665,27.050000000000001,11.319803516028955,51.799999999999997,True,0.76871586198541686,1289,0.61871586198541684,0.77680563009699843,1284,-0.89169003253371459,1273,-1.0416900325337146,-0.88360026442213291,1268,0.42864347315397938,1275,0.27864347315397936,0.43673324126556096,1271,0.62128464098172376,1281,0.47128464098172373,0.61235694524753548,1275
1285,"[5, 5, 4, 1]",26.233333333333334,26.75,18.731902792140641,51.233333333333334,True,0.83838014846470021,1269,0.68838014846470019,0.84523042032646967,1260,-0.59966276777108052,1231,-0.74966276777108054,-0.59281249590931107,1228,0.49830775963326279,1251,0.34830775963326277,0.50515803149503224,1240,0.8022480284172413,1246,0.65224802841724128,0.79156921597717111,1240
1286,"[5, 5, 4, 2]",26.033333333333335,26.600000000000001,26.145294725956568,50.600000000000009,True,0.90869403384700209,1233,0.75869403384700207,0.91651623839880625,1227,-0.30694712437430094,1081,-0.45694712437430096,-0.29912491982249678,1072,0.56862164501556467,1199,0.41862164501556465,0.57644384956736883,1191,0.98408528133147566,1208,0.83408528133147564,0.97463410739769063,1202
1287,"[5, 5, 4, 3]",25.766666666666666,26.100000000000001,33.55739400206825,49.166666666666671,True,0.97772164800030903,1202,0.82772164800030901,0.98114356027384719,1186,-0.015556531937643503,866,-0.16555653193764353,-0.012134619664105339,863,0.63764925916887161,1155,0.48764925916887158,0.64107117144240977,1136,1.1642073900233028,1161,1.0142073900233026,1.1487529995195163,1152
1288,"[5, 5, 4, 4]",25.933333333333334,27.100000000000001,40.97078593588418,45.333333333333329,True,1.0050389289683495,1183,0.90503892896834948,1.0242648213841583,1169,0.23416250704487487,689,0.13416250704487487,0.25338839946068359,674,0.52569559908210328,1236,0.4256955990821033,0.54492149149791203,1205,1.3052987091181318,1119,1.2052987091181318,1.3111048179349425,1102
1289,"[5, 5, 4, 5]",19.699999999999999,20.5,55.794984488107552,27.800000000000001,True,1.0342231895330281,1169,0.93422318953302808,1.0471903512101894,1155,0.24447396512765043,677,0.14447396512765043,0.25744112680481179,670,0.25839588860231444,1295,0.15839588860231441,0.27136305027947583,1295,1.5216842613307258,959,1.4216842613307257,1.516728001159918,951
1290,"[5, 5, 5, 0]",24,23.699999999999999,15.027145811789039,54.266666666666666,True,0.70867553282077667,1295,0.60867553282077669,0.70027145811789027,1295,-0.84051009282555222,1263,-0.9405100928255522,-0.84891416752843851,1261,0.36860314398933924,1287,0.26860314398933921,0.36019906928645296,1288,0.60248877000433498,1282,0.50248877000433501,0.57050160962242202,1282
1291,"[5, 5, 5, 1]",23.800000000000001,23.699999999999999,22.439245087900723,53.63333333333334,True,0.7789764916260361,1287,0.67897649162603613,0.7743924508790071,1286,-0.54784615573694218,1221,-0.64784615573694215,-0.55243019648397118,1217,0.43890410279459868,1272,0.33890410279459871,0.43432006204756979,1273,0.78429343618354297,1251,0.68429343618354299,0.75735394826377245,1247
1292,"[5, 5, 5, 2]",24,24.199999999999999,29.852637021716649,52.63333333333334,True,0.85693044492005266,1262,0.75693044492005268,0.85802004110324237,1255,-0.24749044442844778,1033,-0.34749044442844779,-0.24640084824525813,1030,0.51685805608861535,1241,0.41685805608861531,0.51794765227180495,1233,0.97622603402206221,1210,0.87622603402206223,0.95697232015967382,1207
1293,"[5, 5, 5, 3]",23.533333333333335,23.949999999999999,37.264736297828335,47.733333333333334,True,0.92213802511750242,1231,0.82213802511750245,0.92739419842132131,1223,0.040080114052352483,818,-0.059919885947647522,0.045336287356171373,812,0.51691568799237309,1240,0.41691568799237311,0.52217186129619197,1228,1.1513004702517471,1167,1.051300470251747,1.1374579355412622,1157
1294,"[5, 5, 5, 4]",22.300000000000001,22.399999999999999,44.678128231644259,48.966666666666669,True,0.97271506839454103,1207,0.87271506839454105,0.9720977380126451,1194,0.31305891534386887,611,0.21305891534386884,0.31244158496197283,607,0.41922489259309337,1279,0.31922489259309333,0.41860756221119733,1278,1.3070580821115785,1118,1.2070580821115784,1.2848691767071123,1119
1295,"[5, 5, 5, 5]",19.100000000000001,20.100000000000001,59.50232678386763,0,True,1.0098365106230567,1182,0.95983651062305664,1.0266688374589295,1168,0.034720171429675109,824,-0.015279828570324894,0.051552498265547989,807,0.15986236377714141,1296,0.10986236377714143,0.17669469061301429,1296,1.55,932,1.5,1.55,925
