run_id,setting,condition,seed,unique_policies_sampled,archive_rank,actions,val_rl_reward,first_episode
cifar100_lenet5_C0_seed500,cifar100_lenet5,C0,500,341,1,"[0, 3, 5, 4]",2.1290012886291554,216
cifar100_lenet5_C0_seed500,cifar100_lenet5,C0,500,341,2,"[1, 2, 5, 4]",2.1261886534063081,207
cifar100_lenet5_C0_seed500,cifar100_lenet5,C0,500,341,3,"[0, 2, 5, 4]",2.1218765800764938,380
cifar100_lenet5_C0_seed500,cifar100_lenet5,C0,500,341,4,"[1, 3, 5, 4]",2.1168298454754537,183
cifar100_lenet5_C0_seed500,cifar100_lenet5,C0,500,341,5,"[0, 2, 5, 3]",2.1110004232029329,121
cifar100_lenet5_C0_seed500,cifar100_lenet5,C0,500,341,6,"[0, 1, 5, 3]",2.1057072164817732,409
cifar100_lenet5_C0_seed500,cifar100_lenet5,C0,500,341,7,"[1, 2, 5, 3]",2.1043234855437367,501
cifar100_lenet5_C0_seed500,cifar100_lenet5,C0,500,341,8,"[2, 1, 5, 4]",2.101397996205439,212
cifar100_lenet5_C0_seed500,cifar100_lenet5,C0,500,341,9,"[1, 0, 5, 2]",2.0846924170593581,257
cifar100_lenet5_C0_seed500,cifar100_lenet5,C0,500,341,10,"[2, 3, 5, 4]",2.0826803803437297,488
cifar100_lenet5_C0_seed501,cifar100_lenet5,C0,501,315,1,"[1, 2, 5, 4]",2.1261886534063081,364
cifar100_lenet5_C0_seed501,cifar100_lenet5,C0,501,315,2,"[1, 0, 5, 3]",2.1028945812589259,500
cifar100_lenet5_C0_seed501,cifar100_lenet5,C0,501,315,3,"[2, 0, 5, 4]",2.1015992949787847,94
cifar100_lenet5_C0_seed501,cifar100_lenet5,C0,501,315,4,"[0, 0, 5, 4]",2.0722791776231846,78
cifar100_lenet5_C0_seed501,cifar100_lenet5,C0,501,315,5,"[1, 2, 4, 3]",2.0427783668804871,310
cifar100_lenet5_C0_seed501,cifar100_lenet5,C0,501,315,6,"[2, 2, 5, 3]",2.0403205405585325,271
cifar100_lenet5_C0_seed501,cifar100_lenet5,C0,501,315,7,"[1, 2, 5, 2]",2.0397843250071723,245
cifar100_lenet5_C0_seed501,cifar100_lenet5,C0,501,315,8,"[0, 2, 4, 3]",2.0293087843931636,419
cifar100_lenet5_C0_seed501,cifar100_lenet5,C0,501,315,9,"[2, 3, 5, 3]",2.0272987289646744,158
cifar100_lenet5_C0_seed501,cifar100_lenet5,C0,501,315,10,"[0, 1, 4, 3]",2.0258470795035053,183
cifar100_lenet5_C0_seed502,cifar100_lenet5,C0,502,322,1,"[1, 2, 5, 4]",2.1261886534063081,497
cifar100_lenet5_C0_seed502,cifar100_lenet5,C0,502,322,2,"[1, 2, 5, 3]",2.1043234855437367,255
cifar100_lenet5_C0_seed502,cifar100_lenet5,C0,502,322,3,"[2, 0, 5, 4]",2.1015992949787847,101
cifar100_lenet5_C0_seed502,cifar100_lenet5,C0,502,322,4,"[2, 3, 5, 4]",2.0826803803437297,7
cifar100_lenet5_C0_seed502,cifar100_lenet5,C0,502,322,5,"[0, 1, 5, 2]",2.0820105467876995,13
cifar100_lenet5_C0_seed502,cifar100_lenet5,C0,502,322,6,"[1, 1, 5, 4]",2.0708954466851481,500
cifar100_lenet5_C0_seed502,cifar100_lenet5,C0,502,322,7,"[0, 3, 5, 2]",2.0687874364204957,212
cifar100_lenet5_C0_seed502,cifar100_lenet5,C0,502,322,8,"[1, 2, 4, 3]",2.0427783668804871,123
cifar100_lenet5_C0_seed502,cifar100_lenet5,C0,502,322,9,"[2, 2, 5, 3]",2.0403205405585325,458
cifar100_lenet5_C0_seed502,cifar100_lenet5,C0,502,322,10,"[1, 0, 4, 3]",2.0248659461121603,303
cifar100_lenet5_C0_seed503,cifar100_lenet5,C0,503,338,1,"[0, 2, 5, 4]",2.1218765800764938,44
cifar100_lenet5_C0_seed503,cifar100_lenet5,C0,503,338,2,"[1, 0, 5, 4]",2.1192652436269919,453
cifar100_lenet5_C0_seed503,cifar100_lenet5,C0,503,338,3,"[1, 3, 5, 4]",2.1168298454754537,133
cifar100_lenet5_C0_seed503,cifar100_lenet5,C0,503,338,4,"[0, 2, 5, 3]",2.1110004232029329,480
cifar100_lenet5_C0_seed503,cifar100_lenet5,C0,503,338,5,"[1, 0, 5, 3]",2.1028945812589259,28
cifar100_lenet5_C0_seed503,cifar100_lenet5,C0,503,338,6,"[2, 0, 5, 4]",2.1015992949787847,117
cifar100_lenet5_C0_seed503,cifar100_lenet5,C0,503,338,7,"[2, 1, 5, 4]",2.101397996205439,466
cifar100_lenet5_C0_seed503,cifar100_lenet5,C0,503,338,8,"[2, 3, 5, 4]",2.0826803803437297,483
cifar100_lenet5_C0_seed503,cifar100_lenet5,C0,503,338,9,"[1, 1, 5, 4]",2.0708954466851481,460
cifar100_lenet5_C0_seed503,cifar100_lenet5,C0,503,338,10,"[2, 1, 5, 3]",2.0667123155223548,217
cifar100_lenet5_C0_seed504,cifar100_lenet5,C0,504,341,1,"[1, 2, 5, 4]",2.1261886534063081,332
cifar100_lenet5_C0_seed504,cifar100_lenet5,C0,504,341,2,"[0, 2, 5, 4]",2.1218765800764938,478
cifar100_lenet5_C0_seed504,cifar100_lenet5,C0,504,341,3,"[1, 0, 5, 4]",2.1192652436269919,304
cifar100_lenet5_C0_seed504,cifar100_lenet5,C0,504,341,4,"[1, 3, 5, 4]",2.1168298454754537,54
cifar100_lenet5_C0_seed504,cifar100_lenet5,C0,504,341,5,"[0, 2, 5, 3]",2.1110004232029329,68
cifar100_lenet5_C0_seed504,cifar100_lenet5,C0,504,341,6,"[0, 1, 5, 3]",2.1057072164817732,428
cifar100_lenet5_C0_seed504,cifar100_lenet5,C0,504,341,7,"[1, 2, 5, 3]",2.1043234855437367,354
cifar100_lenet5_C0_seed504,cifar100_lenet5,C0,504,341,8,"[1, 0, 5, 3]",2.1028945812589259,404
cifar100_lenet5_C0_seed504,cifar100_lenet5,C0,504,341,9,"[2, 0, 5, 4]",2.1015992949787847,343
cifar100_lenet5_C0_seed504,cifar100_lenet5,C0,504,341,10,"[2, 1, 5, 4]",2.101397996205439,440
cifar100_lenet5_C0_seed505,cifar100_lenet5,C0,505,323,1,"[0, 3, 5, 4]",2.1290012886291554,262
cifar100_lenet5_C0_seed505,cifar100_lenet5,C0,505,323,2,"[1, 2, 5, 4]",2.1261886534063081,172
cifar100_lenet5_C0_seed505,cifar100_lenet5,C0,505,323,3,"[0, 2, 5, 4]",2.1218765800764938,322
cifar100_lenet5_C0_seed505,cifar100_lenet5,C0,505,323,4,"[1, 0, 5, 4]",2.1192652436269919,506
cifar100_lenet5_C0_seed505,cifar100_lenet5,C0,505,323,5,"[1, 3, 5, 4]",2.1168298454754537,243
cifar100_lenet5_C0_seed505,cifar100_lenet5,C0,505,323,6,"[1, 2, 5, 3]",2.1043234855437367,394
cifar100_lenet5_C0_seed505,cifar100_lenet5,C0,505,323,7,"[2, 0, 5, 4]",2.1015992949787847,403
cifar100_lenet5_C0_seed505,cifar100_lenet5,C0,505,323,8,"[2, 1, 5, 4]",2.101397996205439,263
cifar100_lenet5_C0_seed505,cifar100_lenet5,C0,505,323,9,"[1, 0, 5, 2]",2.0846924170593581,500
cifar100_lenet5_C0_seed505,cifar100_lenet5,C0,505,323,10,"[2, 3, 5, 4]",2.0826803803437297,316
cifar100_lenet5_C0_seed506,cifar100_lenet5,C0,506,344,1,"[0, 2, 5, 4]",2.1218765800764938,501
cifar100_lenet5_C0_seed506,cifar100_lenet5,C0,506,344,2,"[1, 3, 5, 4]",2.1168298454754537,457
cifar100_lenet5_C0_seed506,cifar100_lenet5,C0,506,344,3,"[0, 2, 5, 3]",2.1110004232029329,67
cifar100_lenet5_C0_seed506,cifar100_lenet5,C0,506,344,4,"[0, 1, 5, 3]",2.1057072164817732,97
cifar100_lenet5_C0_seed506,cifar100_lenet5,C0,506,344,5,"[1, 2, 5, 3]",2.1043234855437367,506
cifar100_lenet5_C0_seed506,cifar100_lenet5,C0,506,344,6,"[2, 0, 5, 4]",2.1015992949787847,296
cifar100_lenet5_C0_seed506,cifar100_lenet5,C0,506,344,7,"[0, 1, 5, 2]",2.0820105467876995,485
cifar100_lenet5_C0_seed506,cifar100_lenet5,C0,506,344,8,"[0, 2, 5, 1]",2.0800906002983028,339
cifar100_lenet5_C0_seed506,cifar100_lenet5,C0,506,344,9,"[2, 2, 5, 4]",2.065848712084108,451
cifar100_lenet5_C0_seed506,cifar100_lenet5,C0,506,344,10,"[2, 0, 5, 3]",2.0650821124641983,8
cifar100_lenet5_C0_seed507,cifar100_lenet5,C0,507,301,1,"[0, 3, 5, 4]",2.1290012886291554,385
cifar100_lenet5_C0_seed507,cifar100_lenet5,C0,507,301,2,"[1, 0, 5, 4]",2.1192652436269919,339
cifar100_lenet5_C0_seed507,cifar100_lenet5,C0,507,301,3,"[0, 2, 5, 3]",2.1110004232029329,95
cifar100_lenet5_C0_seed507,cifar100_lenet5,C0,507,301,4,"[0, 1, 5, 3]",2.1057072164817732,7
cifar100_lenet5_C0_seed507,cifar100_lenet5,C0,507,301,5,"[2, 0, 5, 4]",2.1015992949787847,510
cifar100_lenet5_C0_seed507,cifar100_lenet5,C0,507,301,6,"[3, 1, 5, 4]",2.0727430365682209,63
cifar100_lenet5_C0_seed507,cifar100_lenet5,C0,507,301,7,"[2, 1, 5, 3]",2.0667123155223548,67
cifar100_lenet5_C0_seed507,cifar100_lenet5,C0,507,301,8,"[2, 2, 5, 4]",2.065848712084108,85
cifar100_lenet5_C0_seed507,cifar100_lenet5,C0,507,301,9,"[3, 0, 5, 4]",2.0582923206895516,228
cifar100_lenet5_C0_seed507,cifar100_lenet5,C0,507,301,10,"[3, 2, 5, 4]",2.0542267194798569,123
cifar100_lenet5_C0_seed508,cifar100_lenet5,C0,508,303,1,"[1, 0, 5, 4]",2.1192652436269919,341
cifar100_lenet5_C0_seed508,cifar100_lenet5,C0,508,303,2,"[0, 2, 5, 3]",2.1110004232029329,6
cifar100_lenet5_C0_seed508,cifar100_lenet5,C0,508,303,3,"[0, 1, 5, 3]",2.1057072164817732,362
cifar100_lenet5_C0_seed508,cifar100_lenet5,C0,508,303,4,"[2, 0, 5, 4]",2.1015992949787847,5
cifar100_lenet5_C0_seed508,cifar100_lenet5,C0,508,303,5,"[2, 3, 5, 4]",2.0826803803437297,478
cifar100_lenet5_C0_seed508,cifar100_lenet5,C0,508,303,6,"[0, 3, 5, 1]",2.0560797777154334,47
cifar100_lenet5_C0_seed508,cifar100_lenet5,C0,508,303,7,"[1, 2, 4, 3]",2.0427783668804871,482
cifar100_lenet5_C0_seed508,cifar100_lenet5,C0,508,303,8,"[1, 1, 5, 3]",2.0417042714965694,420
cifar100_lenet5_C0_seed508,cifar100_lenet5,C0,508,303,9,"[1, 2, 5, 2]",2.0397843250071723,383
cifar100_lenet5_C0_seed508,cifar100_lenet5,C0,508,303,10,"[1, 1, 5, 2]",2.0308281146230085,90
cifar100_lenet5_C0_seed509,cifar100_lenet5,C0,509,248,1,"[1, 0, 5, 4]",2.1192652436269919,424
cifar100_lenet5_C0_seed509,cifar100_lenet5,C0,509,248,2,"[1, 3, 5, 4]",2.1168298454754537,12
cifar100_lenet5_C0_seed509,cifar100_lenet5,C0,509,248,3,"[1, 1, 5, 4]",2.0708954466851481,247
cifar100_lenet5_C0_seed509,cifar100_lenet5,C0,509,248,4,"[1, 2, 4, 3]",2.0427783668804871,420
cifar100_lenet5_C0_seed509,cifar100_lenet5,C0,509,248,5,"[0, 0, 5, 2]",2.0377063510555504,57
cifar100_lenet5_C0_seed509,cifar100_lenet5,C0,509,248,6,"[1, 0, 5, 1]",2.0293107656803029,33
cifar100_lenet5_C0_seed509,cifar100_lenet5,C0,509,248,7,"[0, 1, 4, 3]",2.0258470795035053,319
cifar100_lenet5_C0_seed509,cifar100_lenet5,C0,509,248,8,"[1, 0, 5, 5]",2.0250834914400468,92
cifar100_lenet5_C0_seed509,cifar100_lenet5,C0,509,248,9,"[2, 1, 4, 3]",2.0198192115111202,53
cifar100_lenet5_C0_seed509,cifar100_lenet5,C0,509,248,10,"[0, 2, 4, 4]",2.0084999595817425,417
cifar100_lenet5_C0_seed510,cifar100_lenet5,C0,510,291,1,"[1, 3, 5, 4]",2.1168298454754537,54
cifar100_lenet5_C0_seed510,cifar100_lenet5,C0,510,291,2,"[1, 2, 5, 3]",2.1043234855437367,511
cifar100_lenet5_C0_seed510,cifar100_lenet5,C0,510,291,3,"[2, 3, 5, 4]",2.0826803803437297,381
cifar100_lenet5_C0_seed510,cifar100_lenet5,C0,510,291,4,"[3, 1, 5, 4]",2.0727430365682209,354
cifar100_lenet5_C0_seed510,cifar100_lenet5,C0,510,291,5,"[1, 1, 5, 4]",2.0708954466851481,438
cifar100_lenet5_C0_seed510,cifar100_lenet5,C0,510,291,6,"[2, 1, 5, 3]",2.0667123155223548,347
cifar100_lenet5_C0_seed510,cifar100_lenet5,C0,510,291,7,"[2, 2, 5, 4]",2.065848712084108,427
cifar100_lenet5_C0_seed510,cifar100_lenet5,C0,510,291,8,"[1, 2, 4, 3]",2.0427783668804871,458
cifar100_lenet5_C0_seed510,cifar100_lenet5,C0,510,291,9,"[1, 2, 5, 1]",2.0380656772911205,455
cifar100_lenet5_C0_seed510,cifar100_lenet5,C0,510,291,10,"[2, 3, 5, 3]",2.0272987289646744,39
cifar100_lenet5_C0_seed511,cifar100_lenet5,C0,511,369,1,"[0, 3, 5, 4]",2.1290012886291554,372
cifar100_lenet5_C0_seed511,cifar100_lenet5,C0,511,369,2,"[0, 2, 5, 4]",2.1218765800764938,103
cifar100_lenet5_C0_seed511,cifar100_lenet5,C0,511,369,3,"[1, 0, 5, 4]",2.1192652436269919,122
cifar100_lenet5_C0_seed511,cifar100_lenet5,C0,511,369,4,"[1, 3, 5, 4]",2.1168298454754537,350
cifar100_lenet5_C0_seed511,cifar100_lenet5,C0,511,369,5,"[0, 1, 5, 4]",2.1165833733553336,401
cifar100_lenet5_C0_seed511,cifar100_lenet5,C0,511,369,6,"[0, 1, 5, 3]",2.1057072164817732,270
cifar100_lenet5_C0_seed511,cifar100_lenet5,C0,511,369,7,"[1, 2, 5, 3]",2.1043234855437367,19
cifar100_lenet5_C0_seed511,cifar100_lenet5,C0,511,369,8,"[2, 0, 5, 4]",2.1015992949787847,458
cifar100_lenet5_C0_seed511,cifar100_lenet5,C0,511,369,9,"[1, 0, 5, 2]",2.0846924170593581,445
cifar100_lenet5_C0_seed511,cifar100_lenet5,C0,511,369,10,"[2, 3, 5, 4]",2.0826803803437297,469
cifar100_lenet5_C0_seed512,cifar100_lenet5,C0,512,348,1,"[0, 3, 5, 4]",2.1290012886291554,450
cifar100_lenet5_C0_seed512,cifar100_lenet5,C0,512,348,2,"[1, 2, 5, 4]",2.1261886534063081,435
cifar100_lenet5_C0_seed512,cifar100_lenet5,C0,512,348,3,"[1, 0, 5, 4]",2.1192652436269919,271
cifar100_lenet5_C0_seed512,cifar100_lenet5,C0,512,348,4,"[1, 3, 5, 4]",2.1168298454754537,346
cifar100_lenet5_C0_seed512,cifar100_lenet5,C0,512,348,5,"[2, 0, 5, 4]",2.1015992949787847,371
cifar100_lenet5_C0_seed512,cifar100_lenet5,C0,512,348,6,"[2, 3, 5, 4]",2.0826803803437297,317
cifar100_lenet5_C0_seed512,cifar100_lenet5,C0,512,348,7,"[0, 2, 5, 1]",2.0800906002983028,41
cifar100_lenet5_C0_seed512,cifar100_lenet5,C0,512,348,8,"[3, 1, 5, 4]",2.0727430365682209,46
cifar100_lenet5_C0_seed512,cifar100_lenet5,C0,512,348,9,"[0, 0, 5, 4]",2.0722791776231846,476
cifar100_lenet5_C0_seed512,cifar100_lenet5,C0,512,348,10,"[0, 3, 5, 2]",2.0687874364204957,107
cifar100_lenet5_C0_seed513,cifar100_lenet5,C0,513,351,1,"[0, 3, 5, 4]",2.1290012886291554,402
cifar100_lenet5_C0_seed513,cifar100_lenet5,C0,513,351,2,"[0, 2, 5, 4]",2.1218765800764938,393
cifar100_lenet5_C0_seed513,cifar100_lenet5,C0,513,351,3,"[1, 0, 5, 4]",2.1192652436269919,441
cifar100_lenet5_C0_seed513,cifar100_lenet5,C0,513,351,4,"[1, 3, 5, 4]",2.1168298454754537,280
cifar100_lenet5_C0_seed513,cifar100_lenet5,C0,513,351,5,"[0, 1, 5, 4]",2.1165833733553336,442
cifar100_lenet5_C0_seed513,cifar100_lenet5,C0,513,351,6,"[1, 0, 5, 3]",2.1028945812589259,155
cifar100_lenet5_C0_seed513,cifar100_lenet5,C0,513,351,7,"[2, 1, 5, 4]",2.101397996205439,448
cifar100_lenet5_C0_seed513,cifar100_lenet5,C0,513,351,8,"[1, 0, 5, 2]",2.0846924170593581,491
cifar100_lenet5_C0_seed513,cifar100_lenet5,C0,513,351,9,"[0, 1, 5, 2]",2.0820105467876995,57
cifar100_lenet5_C0_seed513,cifar100_lenet5,C0,513,351,10,"[0, 2, 5, 1]",2.0800906002983028,414
cifar100_lenet5_C0_seed514,cifar100_lenet5,C0,514,358,1,"[0, 3, 5, 4]",2.1290012886291554,40
cifar100_lenet5_C0_seed514,cifar100_lenet5,C0,514,358,2,"[1, 2, 5, 4]",2.1261886534063081,132
cifar100_lenet5_C0_seed514,cifar100_lenet5,C0,514,358,3,"[0, 2, 5, 4]",2.1218765800764938,349
cifar100_lenet5_C0_seed514,cifar100_lenet5,C0,514,358,4,"[1, 0, 5, 4]",2.1192652436269919,391
cifar100_lenet5_C0_seed514,cifar100_lenet5,C0,514,358,5,"[1, 3, 5, 4]",2.1168298454754537,8
cifar100_lenet5_C0_seed514,cifar100_lenet5,C0,514,358,6,"[0, 1, 5, 4]",2.1165833733553336,354
cifar100_lenet5_C0_seed514,cifar100_lenet5,C0,514,358,7,"[0, 1, 5, 3]",2.1057072164817732,73
cifar100_lenet5_C0_seed514,cifar100_lenet5,C0,514,358,8,"[1, 2, 5, 3]",2.1043234855437367,160
cifar100_lenet5_C0_seed514,cifar100_lenet5,C0,514,358,9,"[1, 0, 5, 3]",2.1028945812589259,357
cifar100_lenet5_C0_seed514,cifar100_lenet5,C0,514,358,10,"[2, 1, 5, 4]",2.101397996205439,427
cifar100_lenet5_C0_seed515,cifar100_lenet5,C0,515,346,1,"[1, 2, 5, 4]",2.1261886534063081,285
cifar100_lenet5_C0_seed515,cifar100_lenet5,C0,515,346,2,"[0, 2, 5, 4]",2.1218765800764938,385
cifar100_lenet5_C0_seed515,cifar100_lenet5,C0,515,346,3,"[1, 0, 5, 4]",2.1192652436269919,198
cifar100_lenet5_C0_seed515,cifar100_lenet5,C0,515,346,4,"[0, 1, 5, 4]",2.1165833733553336,335
cifar100_lenet5_C0_seed515,cifar100_lenet5,C0,515,346,5,"[0, 2, 5, 3]",2.1110004232029329,483
cifar100_lenet5_C0_seed515,cifar100_lenet5,C0,515,346,6,"[1, 0, 5, 3]",2.1028945812589259,439
cifar100_lenet5_C0_seed515,cifar100_lenet5,C0,515,346,7,"[2, 0, 5, 4]",2.1015992949787847,446
cifar100_lenet5_C0_seed515,cifar100_lenet5,C0,515,346,8,"[1, 0, 5, 2]",2.0846924170593581,511
cifar100_lenet5_C0_seed515,cifar100_lenet5,C0,515,346,9,"[2, 3, 5, 4]",2.0826803803437297,371
cifar100_lenet5_C0_seed515,cifar100_lenet5,C0,515,346,10,"[0, 1, 5, 2]",2.0820105467876995,38
cifar100_lenet5_C0_seed516,cifar100_lenet5,C0,516,340,1,"[1, 2, 5, 4]",2.1261886534063081,205
cifar100_lenet5_C0_seed516,cifar100_lenet5,C0,516,340,2,"[0, 2, 5, 4]",2.1218765800764938,477
cifar100_lenet5_C0_seed516,cifar100_lenet5,C0,516,340,3,"[1, 0, 5, 4]",2.1192652436269919,260
cifar100_lenet5_C0_seed516,cifar100_lenet5,C0,516,340,4,"[0, 1, 5, 4]",2.1165833733553336,452
cifar100_lenet5_C0_seed516,cifar100_lenet5,C0,516,340,5,"[0, 2, 5, 3]",2.1110004232029329,462
cifar100_lenet5_C0_seed516,cifar100_lenet5,C0,516,340,6,"[1, 0, 5, 3]",2.1028945812589259,38
cifar100_lenet5_C0_seed516,cifar100_lenet5,C0,516,340,7,"[2, 1, 5, 4]",2.101397996205439,508
cifar100_lenet5_C0_seed516,cifar100_lenet5,C0,516,340,8,"[0, 2, 5, 1]",2.0800906002983028,111
cifar100_lenet5_C0_seed516,cifar100_lenet5,C0,516,340,9,"[0, 3, 5, 2]",2.0687874364204957,53
cifar100_lenet5_C0_seed516,cifar100_lenet5,C0,516,340,10,"[2, 2, 5, 4]",2.065848712084108,510
cifar100_lenet5_C0_seed517,cifar100_lenet5,C0,517,276,1,"[0, 3, 5, 4]",2.1290012886291554,18
cifar100_lenet5_C0_seed517,cifar100_lenet5,C0,517,276,2,"[0, 2, 5, 3]",2.1110004232029329,511
cifar100_lenet5_C0_seed517,cifar100_lenet5,C0,517,276,3,"[1, 0, 5, 3]",2.1028945812589259,61
cifar100_lenet5_C0_seed517,cifar100_lenet5,C0,517,276,4,"[1, 0, 5, 2]",2.0846924170593581,26
cifar100_lenet5_C0_seed517,cifar100_lenet5,C0,517,276,5,"[2, 1, 5, 3]",2.0667123155223548,252
cifar100_lenet5_C0_seed517,cifar100_lenet5,C0,517,276,6,"[1, 3, 5, 2]",2.0602789969297977,92
cifar100_lenet5_C0_seed517,cifar100_lenet5,C0,517,276,7,"[2, 0, 5, 1]",2.0433297987170773,204
cifar100_lenet5_C0_seed517,cifar100_lenet5,C0,517,276,8,"[0, 2, 4, 3]",2.0293087843931636,471
cifar100_lenet5_C0_seed517,cifar100_lenet5,C0,517,276,9,"[2, 3, 5, 3]",2.0272987289646744,311
cifar100_lenet5_C0_seed517,cifar100_lenet5,C0,517,276,10,"[0, 1, 4, 3]",2.0258470795035053,86
cifar100_lenet5_C0_seed518,cifar100_lenet5,C0,518,275,1,"[1, 0, 5, 4]",2.1192652436269919,14
cifar100_lenet5_C0_seed518,cifar100_lenet5,C0,518,275,2,"[1, 3, 5, 4]",2.1168298454754537,190
cifar100_lenet5_C0_seed518,cifar100_lenet5,C0,518,275,3,"[1, 2, 5, 3]",2.1043234855437367,9
cifar100_lenet5_C0_seed518,cifar100_lenet5,C0,518,275,4,"[3, 1, 5, 4]",2.0727430365682209,26
cifar100_lenet5_C0_seed518,cifar100_lenet5,C0,518,275,5,"[1, 1, 5, 4]",2.0708954466851481,316
cifar100_lenet5_C0_seed518,cifar100_lenet5,C0,518,275,6,"[0, 3, 5, 1]",2.0560797777154334,19
cifar100_lenet5_C0_seed518,cifar100_lenet5,C0,518,275,7,"[3, 2, 5, 4]",2.0542267194798569,4
cifar100_lenet5_C0_seed518,cifar100_lenet5,C0,518,275,8,"[1, 2, 4, 3]",2.0427783668804871,147
cifar100_lenet5_C0_seed518,cifar100_lenet5,C0,518,275,9,"[1, 1, 5, 2]",2.0308281146230085,39
cifar100_lenet5_C0_seed518,cifar100_lenet5,C0,518,275,10,"[0, 2, 4, 3]",2.0293087843931636,220
cifar100_lenet5_C0_seed519,cifar100_lenet5,C0,519,294,1,"[1, 2, 5, 4]",2.1261886534063081,491
cifar100_lenet5_C0_seed519,cifar100_lenet5,C0,519,294,2,"[1, 0, 5, 4]",2.1192652436269919,476
cifar100_lenet5_C0_seed519,cifar100_lenet5,C0,519,294,3,"[0, 1, 5, 4]",2.1165833733553336,493
cifar100_lenet5_C0_seed519,cifar100_lenet5,C0,519,294,4,"[0, 2, 5, 3]",2.1110004232029329,475
cifar100_lenet5_C0_seed519,cifar100_lenet5,C0,519,294,5,"[2, 1, 5, 4]",2.101397996205439,511
cifar100_lenet5_C0_seed519,cifar100_lenet5,C0,519,294,6,"[2, 3, 5, 4]",2.0826803803437297,394
cifar100_lenet5_C0_seed519,cifar100_lenet5,C0,519,294,7,"[1, 1, 5, 4]",2.0708954466851481,424
cifar100_lenet5_C0_seed519,cifar100_lenet5,C0,519,294,8,"[2, 2, 5, 4]",2.065848712084108,421
cifar100_lenet5_C0_seed519,cifar100_lenet5,C0,519,294,9,"[3, 2, 5, 4]",2.0542267194798569,338
cifar100_lenet5_C0_seed519,cifar100_lenet5,C0,519,294,10,"[1, 2, 4, 3]",2.0427783668804871,501
cifar100_lenet5_C1_seed500,cifar100_lenet5,C1,500,183,1,"[2, 2, 4, 4]",1.3531680622853277,249
cifar100_lenet5_C1_seed500,cifar100_lenet5,C1,500,183,2,"[1, 2, 4, 4]",1.3526166727161968,225
cifar100_lenet5_C1_seed500,cifar100_lenet5,C1,500,183,3,"[2, 2, 4, 2]",1.3240897412121992,267
cifar100_lenet5_C1_seed500,cifar100_lenet5,C1,500,183,4,"[1, 2, 4, 2]",1.3236116117163281,232
cifar100_lenet5_C1_seed500,cifar100_lenet5,C1,500,183,5,"[2, 0, 4, 2]",1.3171419114084626,167
cifar100_lenet5_C1_seed500,cifar100_lenet5,C1,500,183,6,"[0, 0, 4, 2]",1.315868192099261,277
cifar100_lenet5_C1_seed500,cifar100_lenet5,C1,500,183,7,"[1, 2, 4, 0]",1.2945821306920398,91
cifar100_lenet5_C1_seed500,cifar100_lenet5,C1,500,183,8,"[1, 0, 3, 4]",1.2763614850460372,11
cifar100_lenet5_C1_seed500,cifar100_lenet5,C1,500,183,9,"[2, 3, 3, 3]",1.2728198788086282,43
cifar100_lenet5_C1_seed500,cifar100_lenet5,C1,500,183,10,"[0, 3, 3, 3]",1.2715339494872164,14
cifar100_lenet5_C1_seed501,cifar100_lenet5,C1,501,166,1,"[0, 2, 4, 2]",1.3229869620739374,16
cifar100_lenet5_C1_seed501,cifar100_lenet5,C1,501,166,2,"[2, 1, 4, 2]",1.3206524563469608,138
cifar100_lenet5_C1_seed501,cifar100_lenet5,C1,501,166,3,"[1, 1, 4, 1]",1.3054153860947457,95
cifar100_lenet5_C1_seed501,cifar100_lenet5,C1,501,166,4,"[1, 0, 4, 1]",1.3019536812050876,225
cifar100_lenet5_C1_seed501,cifar100_lenet5,C1,501,166,5,"[0, 0, 4, 1]",1.3013656615993265,141
cifar100_lenet5_C1_seed501,cifar100_lenet5,C1,501,166,6,"[1, 2, 4, 0]",1.2945821306920398,85
cifar100_lenet5_C1_seed501,cifar100_lenet5,C1,501,166,7,"[1, 1, 4, 0]",1.2908518055337614,107
cifar100_lenet5_C1_seed501,cifar100_lenet5,C1,501,166,8,"[1, 1, 3, 4]",1.2798476099601153,262
cifar100_lenet5_C1_seed501,cifar100_lenet5,C1,501,166,9,"[0, 1, 3, 3]",1.2648181099154705,66
cifar100_lenet5_C1_seed501,cifar100_lenet5,C1,501,166,10,"[0, 0, 3, 3]",1.2612831449525521,93
cifar100_lenet5_C1_seed502,cifar100_lenet5,C1,502,172,1,"[0, 3, 4, 4]",1.355356047865784,28
cifar100_lenet5_C1_seed502,cifar100_lenet5,C1,502,172,2,"[2, 2, 4, 3]",1.3387143718342334,98
cifar100_lenet5_C1_seed502,cifar100_lenet5,C1,502,172,3,"[0, 1, 4, 3]",1.3340277876842135,78
cifar100_lenet5_C1_seed502,cifar100_lenet5,C1,502,172,4,"[2, 2, 4, 2]",1.3240897412121992,293
cifar100_lenet5_C1_seed502,cifar100_lenet5,C1,502,172,5,"[0, 2, 4, 2]",1.3229869620739374,110
cifar100_lenet5_C1_seed502,cifar100_lenet5,C1,502,172,6,"[1, 1, 4, 2]",1.3199667566435198,86
cifar100_lenet5_C1_seed502,cifar100_lenet5,C1,502,172,7,"[1, 0, 4, 2]",1.3165416817904918,307
cifar100_lenet5_C1_seed502,cifar100_lenet5,C1,502,172,8,"[2, 0, 4, 1]",1.3026271708963186,1
cifar100_lenet5_C1_seed502,cifar100_lenet5,C1,502,172,9,"[1, 0, 4, 0]",1.2874877807417833,45
cifar100_lenet5_C1_seed502,cifar100_lenet5,C1,502,172,10,"[2, 2, 3, 4]",1.2839950145532146,47
cifar100_lenet5_C1_seed503,cifar100_lenet5,C1,503,210,1,"[0, 2, 4, 4]",1.3521263332081161,18
cifar100_lenet5_C1_seed503,cifar100_lenet5,C1,503,210,2,"[0, 1, 4, 3]",1.3340277876842135,65
cifar100_lenet5_C1_seed503,cifar100_lenet5,C1,503,210,3,"[0, 2, 4, 2]",1.3229869620739374,34
cifar100_lenet5_C1_seed503,cifar100_lenet5,C1,503,210,4,"[1, 1, 4, 2]",1.3199667566435198,35
cifar100_lenet5_C1_seed503,cifar100_lenet5,C1,503,210,5,"[1, 0, 4, 2]",1.3165416817904918,101
cifar100_lenet5_C1_seed503,cifar100_lenet5,C1,503,210,6,"[0, 0, 4, 1]",1.3013656615993265,352
cifar100_lenet5_C1_seed503,cifar100_lenet5,C1,503,210,7,"[2, 3, 4, 0]",1.2984242849798886,64
cifar100_lenet5_C1_seed503,cifar100_lenet5,C1,503,210,8,"[0, 2, 4, 0]",1.293896430988599,271
cifar100_lenet5_C1_seed503,cifar100_lenet5,C1,503,210,9,"[1, 1, 4, 0]",1.2908518055337614,100
cifar100_lenet5_C1_seed503,cifar100_lenet5,C1,503,210,10,"[1, 0, 4, 0]",1.2874877807417833,234
cifar100_lenet5_C1_seed504,cifar100_lenet5,C1,504,160,1,"[2, 2, 4, 2]",1.3240897412121992,194
cifar100_lenet5_C1_seed504,cifar100_lenet5,C1,504,160,2,"[2, 0, 4, 2]",1.3171419114084626,314
cifar100_lenet5_C1_seed504,cifar100_lenet5,C1,504,160,3,"[1, 0, 4, 2]",1.3165416817904918,82
cifar100_lenet5_C1_seed504,cifar100_lenet5,C1,504,160,4,"[0, 0, 4, 2]",1.315868192099261,123
cifar100_lenet5_C1_seed504,cifar100_lenet5,C1,504,160,5,"[2, 2, 4, 1]",1.3096360507611049,338
cifar100_lenet5_C1_seed504,cifar100_lenet5,C1,504,160,6,"[1, 0, 4, 0]",1.2874877807417833,138
cifar100_lenet5_C1_seed504,cifar100_lenet5,C1,504,160,7,"[2, 2, 3, 2]",1.2549899535533462,475
cifar100_lenet5_C1_seed504,cifar100_lenet5,C1,504,160,8,"[0, 1, 3, 2]",1.250254529354486,24
cifar100_lenet5_C1_seed504,cifar100_lenet5,C1,504,160,9,"[0, 0, 3, 2]",1.2467439844159878,67
cifar100_lenet5_C1_seed504,cifar100_lenet5,C1,504,160,10,"[1, 0, 3, 1]",1.2327806334729745,62
cifar100_lenet5_C1_seed505,cifar100_lenet5,C1,505,186,1,"[1, 0, 4, 4]",1.3456932629368805,2
cifar100_lenet5_C1_seed505,cifar100_lenet5,C1,505,186,2,"[1, 2, 4, 3]",1.3382240323261527,51
cifar100_lenet5_C1_seed505,cifar100_lenet5,C1,505,186,3,"[0, 1, 4, 3]",1.3340277876842135,21
cifar100_lenet5_C1_seed505,cifar100_lenet5,C1,505,186,4,"[2, 2, 4, 2]",1.3240897412121992,438
cifar100_lenet5_C1_seed505,cifar100_lenet5,C1,505,186,5,"[0, 2, 4, 2]",1.3229869620739374,5
cifar100_lenet5_C1_seed505,cifar100_lenet5,C1,505,186,6,"[2, 2, 4, 1]",1.3096360507611049,112
cifar100_lenet5_C1_seed505,cifar100_lenet5,C1,505,186,7,"[2, 3, 4, 0]",1.2984242849798886,82
cifar100_lenet5_C1_seed505,cifar100_lenet5,C1,505,186,8,"[2, 2, 4, 0]",1.2951091002367505,65
cifar100_lenet5_C1_seed505,cifar100_lenet5,C1,505,186,9,"[2, 0, 4, 0]",1.2880880103597543,197
cifar100_lenet5_C1_seed505,cifar100_lenet5,C1,505,186,10,"[0, 1, 3, 4]",1.2791985402933046,68
cifar100_lenet5_C1_seed506,cifar100_lenet5,C1,506,214,1,"[1, 3, 4, 4]",1.3559440674715448,6
cifar100_lenet5_C1_seed506,cifar100_lenet5,C1,506,214,2,"[1, 1, 4, 4]",1.3490939177654886,37
cifar100_lenet5_C1_seed506,cifar100_lenet5,C1,506,214,3,"[2, 1, 4, 3]",1.3352770869689952,60
cifar100_lenet5_C1_seed506,cifar100_lenet5,C1,506,214,4,"[2, 1, 4, 2]",1.3206524563469608,145
cifar100_lenet5_C1_seed506,cifar100_lenet5,C1,506,214,5,"[0, 0, 4, 1]",1.3013656615993265,56
cifar100_lenet5_C1_seed506,cifar100_lenet5,C1,506,214,6,"[1, 3, 4, 0]",1.2977752153130777,78
cifar100_lenet5_C1_seed506,cifar100_lenet5,C1,506,214,7,"[1, 1, 4, 0]",1.2908518055337614,35
cifar100_lenet5_C1_seed506,cifar100_lenet5,C1,506,214,8,"[2, 0, 3, 3]",1.2625812842861739,81
cifar100_lenet5_C1_seed506,cifar100_lenet5,C1,506,214,9,"[1, 0, 3, 3]",1.2618101144972629,141
cifar100_lenet5_C1_seed506,cifar100_lenet5,C1,506,214,10,"[2, 2, 3, 2]",1.2549899535533462,182
cifar100_lenet5_C1_seed507,cifar100_lenet5,C1,507,193,1,"[2, 2, 4, 2]",1.3240897412121992,116
cifar100_lenet5_C1_seed507,cifar100_lenet5,C1,507,193,2,"[0, 2, 4, 2]",1.3229869620739374,41
cifar100_lenet5_C1_seed507,cifar100_lenet5,C1,507,193,3,"[2, 1, 4, 2]",1.3206524563469608,42
cifar100_lenet5_C1_seed507,cifar100_lenet5,C1,507,193,4,"[2, 1, 4, 1]",1.3060888757859768,56
cifar100_lenet5_C1_seed507,cifar100_lenet5,C1,507,193,5,"[2, 2, 3, 4]",1.2839950145532146,83
cifar100_lenet5_C1_seed507,cifar100_lenet5,C1,507,193,6,"[2, 1, 3, 4]",1.2804478395780863,288
cifar100_lenet5_C1_seed507,cifar100_lenet5,C1,507,193,7,"[2, 3, 3, 3]",1.2728198788086282,19
cifar100_lenet5_C1_seed507,cifar100_lenet5,C1,507,193,8,"[2, 3, 3, 2]",1.258329558320904,4
cifar100_lenet5_C1_seed507,cifar100_lenet5,C1,507,193,9,"[2, 2, 3, 2]",1.2549899535533462,49
cifar100_lenet5_C1_seed507,cifar100_lenet5,C1,507,193,10,"[1, 2, 3, 2]",1.2544141439597951,53
cifar100_lenet5_C1_seed508,cifar100_lenet5,C1,508,169,1,"[1, 1, 4, 4]",1.3490939177654886,34
cifar100_lenet5_C1_seed508,cifar100_lenet5,C1,508,169,2,"[1, 0, 4, 3]",1.3312273624735762,86
cifar100_lenet5_C1_seed508,cifar100_lenet5,C1,508,169,3,"[1, 2, 4, 2]",1.3236116117163281,58
cifar100_lenet5_C1_seed508,cifar100_lenet5,C1,508,169,4,"[0, 1, 4, 2]",1.319366527025549,46
cifar100_lenet5_C1_seed508,cifar100_lenet5,C1,508,169,5,"[0, 2, 4, 1]",1.3083867514763232,27
cifar100_lenet5_C1_seed508,cifar100_lenet5,C1,508,169,6,"[1, 1, 4, 1]",1.3054153860947457,260
cifar100_lenet5_C1_seed508,cifar100_lenet5,C1,508,169,7,"[1, 0, 4, 1]",1.3019536812050876,82
cifar100_lenet5_C1_seed508,cifar100_lenet5,C1,508,169,8,"[0, 1, 4, 0]",1.2903248359890507,210
cifar100_lenet5_C1_seed508,cifar100_lenet5,C1,508,169,9,"[2, 1, 3, 4]",1.2804478395780863,78
cifar100_lenet5_C1_seed508,cifar100_lenet5,C1,508,169,10,"[2, 2, 3, 3]",1.2695291140899103,93
cifar100_lenet5_C1_seed509,cifar100_lenet5,C1,509,209,1,"[1, 0, 4, 4]",1.3456932629368805,46
cifar100_lenet5_C1_seed509,cifar100_lenet5,C1,509,209,2,"[0, 2, 4, 3]",1.3374894925738716,276
cifar100_lenet5_C1_seed509,cifar100_lenet5,C1,509,209,3,"[2, 1, 4, 3]",1.3352770869689952,53
cifar100_lenet5_C1_seed509,cifar100_lenet5,C1,509,209,4,"[0, 1, 4, 3]",1.3340277876842135,83
cifar100_lenet5_C1_seed509,cifar100_lenet5,C1,509,209,5,"[2, 2, 4, 2]",1.3240897412121992,321
cifar100_lenet5_C1_seed509,cifar100_lenet5,C1,509,209,6,"[0, 2, 4, 2]",1.3229869620739374,136
cifar100_lenet5_C1_seed509,cifar100_lenet5,C1,509,209,7,"[2, 2, 4, 1]",1.3096360507611049,226
cifar100_lenet5_C1_seed509,cifar100_lenet5,C1,509,209,8,"[0, 2, 4, 1]",1.3083867514763232,9
cifar100_lenet5_C1_seed509,cifar100_lenet5,C1,509,209,9,"[1, 0, 4, 1]",1.3019536812050876,36
cifar100_lenet5_C1_seed509,cifar100_lenet5,C1,509,209,10,"[0, 3, 4, 0]",1.2971627756828967,61
cifar100_lenet5_C1_seed510,cifar100_lenet5,C1,510,213,1,"[0, 3, 4, 4]",1.355356047865784,24
cifar100_lenet5_C1_seed510,cifar100_lenet5,C1,510,213,2,"[0, 0, 4, 3]",1.3305782928067653,68
cifar100_lenet5_C1_seed510,cifar100_lenet5,C1,510,213,3,"[2, 0, 4, 2]",1.3171419114084626,96
cifar100_lenet5_C1_seed510,cifar100_lenet5,C1,510,213,4,"[2, 2, 4, 1]",1.3096360507611049,377
cifar100_lenet5_C1_seed510,cifar100_lenet5,C1,510,213,5,"[2, 2, 3, 4]",1.2839950145532146,122
cifar100_lenet5_C1_seed510,cifar100_lenet5,C1,510,213,6,"[1, 2, 3, 4]",1.2834069949474538,63
cifar100_lenet5_C1_seed510,cifar100_lenet5,C1,510,213,7,"[1, 2, 3, 3]",1.2689288844719395,60
cifar100_lenet5_C1_seed510,cifar100_lenet5,C1,510,213,8,"[1, 1, 3, 3]",1.2653206594357611,116
cifar100_lenet5_C1_seed510,cifar100_lenet5,C1,510,213,9,"[2, 3, 3, 2]",1.258329558320904,390
cifar100_lenet5_C1_seed510,cifar100_lenet5,C1,510,213,10,"[2, 2, 3, 2]",1.2549899535533462,191
cifar100_lenet5_C1_seed511,cifar100_lenet5,C1,511,215,1,"[0, 3, 4, 3]",1.3407558372681696,94
cifar100_lenet5_C1_seed511,cifar100_lenet5,C1,511,215,2,"[0, 2, 4, 2]",1.3229869620739374,109
cifar100_lenet5_C1_seed511,cifar100_lenet5,C1,511,215,3,"[1, 1, 4, 2]",1.3199667566435198,275
cifar100_lenet5_C1_seed511,cifar100_lenet5,C1,511,215,4,"[0, 3, 4, 1]",1.3116775161950411,64
cifar100_lenet5_C1_seed511,cifar100_lenet5,C1,511,215,5,"[1, 2, 4, 1]",1.309072451179764,100
cifar100_lenet5_C1_seed511,cifar100_lenet5,C1,511,215,6,"[2, 1, 4, 1]",1.3060888757859768,205
cifar100_lenet5_C1_seed511,cifar100_lenet5,C1,511,215,7,"[1, 1, 4, 1]",1.3054153860947457,242
cifar100_lenet5_C1_seed511,cifar100_lenet5,C1,511,215,8,"[0, 1, 4, 1]",1.304863996525615,233
cifar100_lenet5_C1_seed511,cifar100_lenet5,C1,511,215,9,"[1, 0, 4, 1]",1.3019536812050876,252
cifar100_lenet5_C1_seed511,cifar100_lenet5,C1,511,215,10,"[2, 1, 4, 0]",1.2915741352738324,24
cifar100_lenet5_C1_seed512,cifar100_lenet5,C1,512,170,1,"[0, 1, 4, 4]",1.3484814781353078,12
cifar100_lenet5_C1_seed512,cifar100_lenet5,C1,512,170,2,"[2, 0, 4, 3]",1.3316810719450269,58
cifar100_lenet5_C1_seed512,cifar100_lenet5,C1,512,170,3,"[2, 2, 4, 2]",1.3240897412121992,73
cifar100_lenet5_C1_seed512,cifar100_lenet5,C1,512,170,4,"[1, 1, 4, 2]",1.3199667566435198,19
cifar100_lenet5_C1_seed512,cifar100_lenet5,C1,512,170,5,"[2, 1, 4, 1]",1.3060888757859768,111
cifar100_lenet5_C1_seed512,cifar100_lenet5,C1,512,170,6,"[0, 1, 4, 1]",1.304863996525615,125
cifar100_lenet5_C1_seed512,cifar100_lenet5,C1,512,170,7,"[2, 0, 4, 1]",1.3026271708963186,59
cifar100_lenet5_C1_seed512,cifar100_lenet5,C1,512,170,8,"[0, 0, 4, 1]",1.3013656615993265,62
cifar100_lenet5_C1_seed512,cifar100_lenet5,C1,512,170,9,"[0, 2, 4, 0]",1.293896430988599,70
cifar100_lenet5_C1_seed512,cifar100_lenet5,C1,512,170,10,"[0, 0, 4, 0]",1.2868509210871826,35
cifar100_lenet5_C1_seed513,cifar100_lenet5,C1,513,173,1,"[0, 2, 4, 4]",1.3521263332081161,24
cifar100_lenet5_C1_seed513,cifar100_lenet5,C1,513,173,2,"[2, 2, 4, 2]",1.3240897412121992,290
cifar100_lenet5_C1_seed513,cifar100_lenet5,C1,513,173,3,"[2, 1, 4, 2]",1.3206524563469608,171
cifar100_lenet5_C1_seed513,cifar100_lenet5,C1,513,173,4,"[1, 1, 4, 2]",1.3199667566435198,167
cifar100_lenet5_C1_seed513,cifar100_lenet5,C1,513,173,5,"[1, 0, 4, 2]",1.3165416817904918,131
cifar100_lenet5_C1_seed513,cifar100_lenet5,C1,513,173,6,"[0, 0, 4, 2]",1.315868192099261,55
cifar100_lenet5_C1_seed513,cifar100_lenet5,C1,513,173,7,"[1, 2, 4, 1]",1.309072451179764,101
cifar100_lenet5_C1_seed513,cifar100_lenet5,C1,513,173,8,"[1, 1, 4, 1]",1.3054153860947457,74
cifar100_lenet5_C1_seed513,cifar100_lenet5,C1,513,173,9,"[2, 2, 3, 4]",1.2839950145532146,1
cifar100_lenet5_C1_seed513,cifar100_lenet5,C1,513,173,10,"[0, 3, 3, 3]",1.2715339494872164,20
cifar100_lenet5_C1_seed514,cifar100_lenet5,C1,514,218,1,"[1, 1, 4, 4]",1.3490939177654886,53
cifar100_lenet5_C1_seed514,cifar100_lenet5,C1,514,218,2,"[1, 1, 4, 3]",1.3346768573510244,15
cifar100_lenet5_C1_seed514,cifar100_lenet5,C1,514,218,3,"[0, 0, 4, 3]",1.3305782928067653,72
cifar100_lenet5_C1_seed514,cifar100_lenet5,C1,514,218,4,"[2, 1, 4, 2]",1.3206524563469608,176
cifar100_lenet5_C1_seed514,cifar100_lenet5,C1,514,218,5,"[2, 1, 4, 1]",1.3060888757859768,57
cifar100_lenet5_C1_seed514,cifar100_lenet5,C1,514,218,6,"[1, 1, 4, 1]",1.3054153860947457,175
cifar100_lenet5_C1_seed514,cifar100_lenet5,C1,514,218,7,"[0, 1, 4, 1]",1.304863996525615,113
cifar100_lenet5_C1_seed514,cifar100_lenet5,C1,514,218,8,"[2, 0, 3, 4]",1.2770593947616879,150
cifar100_lenet5_C1_seed514,cifar100_lenet5,C1,514,218,9,"[1, 3, 3, 3]",1.2721585991296074,21
cifar100_lenet5_C1_seed514,cifar100_lenet5,C1,514,218,10,"[2, 2, 3, 3]",1.2695291140899103,168
cifar100_lenet5_C1_seed515,cifar100_lenet5,C1,515,199,1,"[0, 1, 4, 4]",1.3484814781353078,357
cifar100_lenet5_C1_seed515,cifar100_lenet5,C1,515,199,2,"[1, 1, 4, 2]",1.3199667566435198,99
cifar100_lenet5_C1_seed515,cifar100_lenet5,C1,515,199,3,"[1, 2, 4, 1]",1.309072451179764,360
cifar100_lenet5_C1_seed515,cifar100_lenet5,C1,515,199,4,"[0, 2, 4, 1]",1.3083867514763232,116
cifar100_lenet5_C1_seed515,cifar100_lenet5,C1,515,199,5,"[2, 1, 4, 1]",1.3060888757859768,145
cifar100_lenet5_C1_seed515,cifar100_lenet5,C1,515,199,6,"[1, 1, 4, 1]",1.3054153860947457,33
cifar100_lenet5_C1_seed515,cifar100_lenet5,C1,515,199,7,"[0, 1, 4, 1]",1.304863996525615,107
cifar100_lenet5_C1_seed515,cifar100_lenet5,C1,515,199,8,"[2, 0, 4, 1]",1.3026271708963186,41
cifar100_lenet5_C1_seed515,cifar100_lenet5,C1,515,199,9,"[1, 0, 4, 1]",1.3019536812050876,14
cifar100_lenet5_C1_seed515,cifar100_lenet5,C1,515,199,10,"[0, 0, 4, 1]",1.3013656615993265,389
cifar100_lenet5_C1_seed516,cifar100_lenet5,C1,516,173,1,"[2, 1, 4, 4]",1.3498650875543996,48
cifar100_lenet5_C1_seed516,cifar100_lenet5,C1,516,173,2,"[2, 2, 4, 1]",1.3096360507611049,400
cifar100_lenet5_C1_seed516,cifar100_lenet5,C1,516,173,3,"[0, 2, 4, 1]",1.3083867514763232,55
cifar100_lenet5_C1_seed516,cifar100_lenet5,C1,516,173,4,"[2, 3, 4, 0]",1.2984242849798886,89
cifar100_lenet5_C1_seed516,cifar100_lenet5,C1,516,173,5,"[2, 2, 3, 3]",1.2695291140899103,7
cifar100_lenet5_C1_seed516,cifar100_lenet5,C1,516,173,6,"[0, 1, 3, 3]",1.2648181099154705,59
cifar100_lenet5_C1_seed516,cifar100_lenet5,C1,516,173,7,"[2, 2, 3, 2]",1.2549899535533462,49
cifar100_lenet5_C1_seed516,cifar100_lenet5,C1,516,173,8,"[1, 2, 3, 2]",1.2544141439597951,279
cifar100_lenet5_C1_seed516,cifar100_lenet5,C1,516,173,9,"[2, 1, 3, 2]",1.2514549885904278,54
cifar100_lenet5_C1_seed516,cifar100_lenet5,C1,516,173,10,"[1, 1, 3, 2]",1.2509035990212969,80
cifar100_lenet5_C1_seed517,cifar100_lenet5,C1,517,200,1,"[0, 3, 4, 4]",1.355356047865784,19
cifar100_lenet5_C1_seed517,cifar100_lenet5,C1,517,200,2,"[0, 2, 4, 2]",1.3229869620739374,109
cifar100_lenet5_C1_seed517,cifar100_lenet5,C1,517,200,3,"[2, 0, 4, 2]",1.3171419114084626,9
cifar100_lenet5_C1_seed517,cifar100_lenet5,C1,517,200,4,"[0, 0, 4, 1]",1.3013656615993265,59
cifar100_lenet5_C1_seed517,cifar100_lenet5,C1,517,200,5,"[2, 1, 4, 0]",1.2915741352738324,499
cifar100_lenet5_C1_seed517,cifar100_lenet5,C1,517,200,6,"[1, 1, 4, 0]",1.2908518055337614,2
cifar100_lenet5_C1_seed517,cifar100_lenet5,C1,517,200,7,"[0, 1, 4, 0]",1.2903248359890507,171
cifar100_lenet5_C1_seed517,cifar100_lenet5,C1,517,200,8,"[0, 0, 4, 0]",1.2868509210871826,167
cifar100_lenet5_C1_seed517,cifar100_lenet5,C1,517,200,9,"[1, 3, 3, 3]",1.2721585991296074,36
cifar100_lenet5_C1_seed517,cifar100_lenet5,C1,517,200,10,"[0, 2, 3, 3]",1.2681699246952385,81
cifar100_lenet5_C1_seed518,cifar100_lenet5,C1,518,203,1,"[2, 1, 4, 3]",1.3352770869689952,82
cifar100_lenet5_C1_seed518,cifar100_lenet5,C1,518,203,2,"[1, 1, 4, 3]",1.3346768573510244,113
cifar100_lenet5_C1_seed518,cifar100_lenet5,C1,518,203,3,"[2, 2, 4, 2]",1.3240897412121992,325
cifar100_lenet5_C1_seed518,cifar100_lenet5,C1,518,203,4,"[2, 1, 4, 2]",1.3206524563469608,178
cifar100_lenet5_C1_seed518,cifar100_lenet5,C1,518,203,5,"[1, 2, 4, 1]",1.309072451179764,308
cifar100_lenet5_C1_seed518,cifar100_lenet5,C1,518,203,6,"[1, 1, 4, 1]",1.3054153860947457,107
cifar100_lenet5_C1_seed518,cifar100_lenet5,C1,518,203,7,"[0, 1, 4, 1]",1.304863996525615,64
cifar100_lenet5_C1_seed518,cifar100_lenet5,C1,518,203,8,"[2, 2, 4, 0]",1.2951091002367505,250
cifar100_lenet5_C1_seed518,cifar100_lenet5,C1,518,203,9,"[1, 1, 4, 0]",1.2908518055337614,3
cifar100_lenet5_C1_seed518,cifar100_lenet5,C1,518,203,10,"[0, 1, 4, 0]",1.2903248359890507,33
cifar100_lenet5_C1_seed519,cifar100_lenet5,C1,519,182,1,"[2, 0, 4, 2]",1.3171419114084626,61
cifar100_lenet5_C1_seed519,cifar100_lenet5,C1,519,182,2,"[2, 0, 4, 1]",1.3026271708963186,66
cifar100_lenet5_C1_seed519,cifar100_lenet5,C1,519,182,3,"[0, 2, 4, 0]",1.293896430988599,145
cifar100_lenet5_C1_seed519,cifar100_lenet5,C1,519,182,4,"[1, 0, 4, 0]",1.2874877807417833,86
cifar100_lenet5_C1_seed519,cifar100_lenet5,C1,519,182,5,"[0, 1, 3, 3]",1.2648181099154705,18
cifar100_lenet5_C1_seed519,cifar100_lenet5,C1,519,182,6,"[0, 0, 3, 3]",1.2612831449525521,34
cifar100_lenet5_C1_seed519,cifar100_lenet5,C1,519,182,7,"[2, 2, 3, 2]",1.2549899535533462,142
cifar100_lenet5_C1_seed519,cifar100_lenet5,C1,519,182,8,"[0, 1, 3, 2]",1.250254529354486,122
cifar100_lenet5_C1_seed519,cifar100_lenet5,C1,519,182,9,"[0, 1, 3, 1]",1.2356543187568718,126
cifar100_lenet5_C1_seed519,cifar100_lenet5,C1,519,182,10,"[0, 0, 3, 1]",1.2322414539160536,153
cifar100_lenet5_C2_seed500,cifar100_lenet5,C2,500,180,1,"[1, 2, 4, 4]",1.3526166727161968,225
cifar100_lenet5_C2_seed500,cifar100_lenet5,C2,500,180,2,"[2, 2, 4, 2]",1.3240897412121992,267
cifar100_lenet5_C2_seed500,cifar100_lenet5,C2,500,180,3,"[1, 2, 4, 2]",1.3236116117163281,232
cifar100_lenet5_C2_seed500,cifar100_lenet5,C2,500,180,4,"[2, 0, 4, 2]",1.3171419114084626,167
cifar100_lenet5_C2_seed500,cifar100_lenet5,C2,500,180,5,"[1, 3, 4, 0]",1.2977752153130777,91
cifar100_lenet5_C2_seed500,cifar100_lenet5,C2,500,180,6,"[1, 0, 3, 4]",1.2763614850460372,11
cifar100_lenet5_C2_seed500,cifar100_lenet5,C2,500,180,7,"[2, 3, 3, 3]",1.2728198788086282,43
cifar100_lenet5_C2_seed500,cifar100_lenet5,C2,500,180,8,"[0, 3, 3, 3]",1.2715339494872164,14
cifar100_lenet5_C2_seed500,cifar100_lenet5,C2,500,180,9,"[2, 2, 3, 3]",1.2695291140899103,154
cifar100_lenet5_C2_seed500,cifar100_lenet5,C2,500,180,10,"[0, 0, 3, 3]",1.2612831449525521,34
cifar100_lenet5_C2_seed501,cifar100_lenet5,C2,501,183,1,"[0, 2, 4, 2]",1.3229869620739374,16
cifar100_lenet5_C2_seed501,cifar100_lenet5,C2,501,183,2,"[2, 1, 4, 2]",1.3206524563469608,138
cifar100_lenet5_C2_seed501,cifar100_lenet5,C2,501,183,3,"[2, 1, 4, 1]",1.3060888757859768,452
cifar100_lenet5_C2_seed501,cifar100_lenet5,C2,501,183,4,"[1, 1, 4, 1]",1.3054153860947457,95
cifar100_lenet5_C2_seed501,cifar100_lenet5,C2,501,183,5,"[0, 1, 4, 1]",1.304863996525615,141
cifar100_lenet5_C2_seed501,cifar100_lenet5,C2,501,183,6,"[1, 0, 4, 1]",1.3019536812050876,225
cifar100_lenet5_C2_seed501,cifar100_lenet5,C2,501,183,7,"[1, 2, 4, 0]",1.2945821306920398,85
cifar100_lenet5_C2_seed501,cifar100_lenet5,C2,501,183,8,"[1, 1, 4, 0]",1.2908518055337614,107
cifar100_lenet5_C2_seed501,cifar100_lenet5,C2,501,183,9,"[0, 1, 3, 3]",1.2648181099154705,66
cifar100_lenet5_C2_seed501,cifar100_lenet5,C2,501,183,10,"[1, 1, 3, 2]",1.2509035990212969,51
cifar100_lenet5_C2_seed502,cifar100_lenet5,C2,502,157,1,"[0, 3, 4, 4]",1.355356047865784,28
cifar100_lenet5_C2_seed502,cifar100_lenet5,C2,502,157,2,"[2, 2, 4, 3]",1.3387143718342334,98
cifar100_lenet5_C2_seed502,cifar100_lenet5,C2,502,157,3,"[2, 2, 4, 2]",1.3240897412121992,110
cifar100_lenet5_C2_seed502,cifar100_lenet5,C2,502,157,4,"[1, 2, 4, 2]",1.3236116117163281,123
cifar100_lenet5_C2_seed502,cifar100_lenet5,C2,502,157,5,"[2, 1, 4, 2]",1.3206524563469608,94
cifar100_lenet5_C2_seed502,cifar100_lenet5,C2,502,157,6,"[1, 1, 4, 2]",1.3199667566435198,86
cifar100_lenet5_C2_seed502,cifar100_lenet5,C2,502,157,7,"[1, 0, 4, 2]",1.3165416817904918,307
cifar100_lenet5_C2_seed502,cifar100_lenet5,C2,502,157,8,"[2, 0, 4, 1]",1.3026271708963186,1
cifar100_lenet5_C2_seed502,cifar100_lenet5,C2,502,157,9,"[2, 2, 3, 4]",1.2839950145532146,47
cifar100_lenet5_C2_seed502,cifar100_lenet5,C2,502,157,10,"[1, 0, 3, 4]",1.2763614850460372,88
cifar100_lenet5_C2_seed503,cifar100_lenet5,C2,503,202,1,"[0, 2, 4, 4]",1.3521263332081161,18
cifar100_lenet5_C2_seed503,cifar100_lenet5,C2,503,202,2,"[0, 1, 4, 3]",1.3340277876842135,65
cifar100_lenet5_C2_seed503,cifar100_lenet5,C2,503,202,3,"[1, 1, 4, 2]",1.3199667566435198,35
cifar100_lenet5_C2_seed503,cifar100_lenet5,C2,503,202,4,"[1, 0, 4, 2]",1.3165416817904918,101
cifar100_lenet5_C2_seed503,cifar100_lenet5,C2,503,202,5,"[0, 0, 4, 2]",1.315868192099261,357
cifar100_lenet5_C2_seed503,cifar100_lenet5,C2,503,202,6,"[2, 3, 4, 0]",1.2984242849798886,64
cifar100_lenet5_C2_seed503,cifar100_lenet5,C2,503,202,7,"[0, 2, 4, 0]",1.293896430988599,271
cifar100_lenet5_C2_seed503,cifar100_lenet5,C2,503,202,8,"[1, 1, 4, 0]",1.2908518055337614,100
cifar100_lenet5_C2_seed503,cifar100_lenet5,C2,503,202,9,"[0, 0, 4, 0]",1.2868509210871826,238
cifar100_lenet5_C2_seed503,cifar100_lenet5,C2,503,202,10,"[0, 2, 3, 4]",1.2828189753416928,44
cifar100_lenet5_C2_seed504,cifar100_lenet5,C2,504,162,1,"[2, 2, 4, 2]",1.3240897412121992,489
cifar100_lenet5_C2_seed504,cifar100_lenet5,C2,504,162,2,"[2, 0, 4, 2]",1.3171419114084626,314
cifar100_lenet5_C2_seed504,cifar100_lenet5,C2,504,162,3,"[0, 0, 4, 2]",1.315868192099261,123
cifar100_lenet5_C2_seed504,cifar100_lenet5,C2,504,162,4,"[2, 2, 4, 1]",1.3096360507611049,338
cifar100_lenet5_C2_seed504,cifar100_lenet5,C2,504,162,5,"[2, 2, 4, 0]",1.2951091002367505,194
cifar100_lenet5_C2_seed504,cifar100_lenet5,C2,504,162,6,"[1, 2, 4, 0]",1.2945821306920398,138
cifar100_lenet5_C2_seed504,cifar100_lenet5,C2,504,162,7,"[0, 0, 4, 0]",1.2868509210871826,208
cifar100_lenet5_C2_seed504,cifar100_lenet5,C2,504,162,8,"[2, 2, 3, 2]",1.2549899535533462,475
cifar100_lenet5_C2_seed504,cifar100_lenet5,C2,504,162,9,"[2, 0, 3, 2]",1.2480543337618197,91
cifar100_lenet5_C2_seed504,cifar100_lenet5,C2,504,162,10,"[0, 0, 3, 2]",1.2467439844159878,67
cifar100_lenet5_C2_seed505,cifar100_lenet5,C2,505,163,1,"[1, 0, 4, 4]",1.3456932629368805,2
cifar100_lenet5_C2_seed505,cifar100_lenet5,C2,505,163,2,"[1, 2, 4, 3]",1.3382240323261527,51
cifar100_lenet5_C2_seed505,cifar100_lenet5,C2,505,163,3,"[2, 2, 4, 2]",1.3240897412121992,438
cifar100_lenet5_C2_seed505,cifar100_lenet5,C2,505,163,4,"[0, 2, 4, 2]",1.3229869620739374,5
cifar100_lenet5_C2_seed505,cifar100_lenet5,C2,505,163,5,"[2, 2, 4, 1]",1.3096360507611049,112
cifar100_lenet5_C2_seed505,cifar100_lenet5,C2,505,163,6,"[2, 3, 4, 0]",1.2984242849798886,82
cifar100_lenet5_C2_seed505,cifar100_lenet5,C2,505,163,7,"[2, 2, 4, 0]",1.2951091002367505,65
cifar100_lenet5_C2_seed505,cifar100_lenet5,C2,505,163,8,"[0, 1, 3, 3]",1.2648181099154705,37
cifar100_lenet5_C2_seed505,cifar100_lenet5,C2,505,163,9,"[2, 3, 3, 2]",1.258329558320904,113
cifar100_lenet5_C2_seed505,cifar100_lenet5,C2,505,163,10,"[2, 2, 3, 2]",1.2549899535533462,305
cifar100_lenet5_C2_seed506,cifar100_lenet5,C2,506,208,1,"[1, 3, 4, 4]",1.3559440674715448,6
cifar100_lenet5_C2_seed506,cifar100_lenet5,C2,506,208,2,"[2, 1, 4, 3]",1.3352770869689952,60
cifar100_lenet5_C2_seed506,cifar100_lenet5,C2,506,208,3,"[2, 1, 4, 2]",1.3206524563469608,145
cifar100_lenet5_C2_seed506,cifar100_lenet5,C2,506,208,4,"[0, 0, 4, 1]",1.3013656615993265,56
cifar100_lenet5_C2_seed506,cifar100_lenet5,C2,506,208,5,"[1, 3, 4, 0]",1.2977752153130777,78
cifar100_lenet5_C2_seed506,cifar100_lenet5,C2,506,208,6,"[1, 1, 4, 0]",1.2908518055337614,35
cifar100_lenet5_C2_seed506,cifar100_lenet5,C2,506,208,7,"[2, 0, 3, 3]",1.2625812842861739,81
cifar100_lenet5_C2_seed506,cifar100_lenet5,C2,506,208,8,"[1, 0, 3, 3]",1.2618101144972629,141
cifar100_lenet5_C2_seed506,cifar100_lenet5,C2,506,208,9,"[2, 2, 3, 2]",1.2549899535533462,194
cifar100_lenet5_C2_seed506,cifar100_lenet5,C2,506,208,10,"[1, 2, 3, 2]",1.2544141439597951,211
cifar100_lenet5_C2_seed507,cifar100_lenet5,C2,507,186,1,"[2, 1, 4, 3]",1.3352770869689952,56
cifar100_lenet5_C2_seed507,cifar100_lenet5,C2,507,186,2,"[2, 2, 4, 2]",1.3240897412121992,116
cifar100_lenet5_C2_seed507,cifar100_lenet5,C2,507,186,3,"[2, 1, 4, 2]",1.3206524563469608,168
cifar100_lenet5_C2_seed507,cifar100_lenet5,C2,507,186,4,"[0, 1, 4, 2]",1.319366527025549,42
cifar100_lenet5_C2_seed507,cifar100_lenet5,C2,507,186,5,"[0, 2, 3, 4]",1.2828189753416928,83
cifar100_lenet5_C2_seed507,cifar100_lenet5,C2,507,186,6,"[2, 0, 3, 4]",1.2770593947616879,51
cifar100_lenet5_C2_seed507,cifar100_lenet5,C2,507,186,7,"[2, 3, 3, 3]",1.2728198788086282,19
cifar100_lenet5_C2_seed507,cifar100_lenet5,C2,507,186,8,"[2, 3, 3, 2]",1.258329558320904,4
cifar100_lenet5_C2_seed507,cifar100_lenet5,C2,507,186,9,"[2, 2, 3, 2]",1.2549899535533462,49
cifar100_lenet5_C2_seed507,cifar100_lenet5,C2,507,186,10,"[1, 2, 3, 2]",1.2544141439597951,53
cifar100_lenet5_C2_seed508,cifar100_lenet5,C2,508,156,1,"[1, 1, 4, 4]",1.3490939177654886,34
cifar100_lenet5_C2_seed508,cifar100_lenet5,C2,508,156,2,"[1, 0, 4, 3]",1.3312273624735762,86
cifar100_lenet5_C2_seed508,cifar100_lenet5,C2,508,156,3,"[1, 2, 4, 2]",1.3236116117163281,58
cifar100_lenet5_C2_seed508,cifar100_lenet5,C2,508,156,4,"[0, 1, 4, 2]",1.319366527025549,46
cifar100_lenet5_C2_seed508,cifar100_lenet5,C2,508,156,5,"[1, 1, 4, 1]",1.3054153860947457,260
cifar100_lenet5_C2_seed508,cifar100_lenet5,C2,508,156,6,"[2, 0, 4, 1]",1.3026271708963186,124
cifar100_lenet5_C2_seed508,cifar100_lenet5,C2,508,156,7,"[1, 0, 4, 1]",1.3019536812050876,82
cifar100_lenet5_C2_seed508,cifar100_lenet5,C2,508,156,8,"[0, 1, 4, 0]",1.2903248359890507,210
cifar100_lenet5_C2_seed508,cifar100_lenet5,C2,508,156,9,"[2, 2, 3, 3]",1.2695291140899103,73
cifar100_lenet5_C2_seed508,cifar100_lenet5,C2,508,156,10,"[2, 1, 3, 3]",1.2660551991880422,35
cifar100_lenet5_C2_seed509,cifar100_lenet5,C2,509,189,1,"[1, 0, 4, 4]",1.3456932629368805,46
cifar100_lenet5_C2_seed509,cifar100_lenet5,C2,509,189,2,"[0, 2, 4, 3]",1.3374894925738716,276
cifar100_lenet5_C2_seed509,cifar100_lenet5,C2,509,189,3,"[2, 1, 4, 3]",1.3352770869689952,53
cifar100_lenet5_C2_seed509,cifar100_lenet5,C2,509,189,4,"[0, 2, 4, 2]",1.3229869620739374,136
cifar100_lenet5_C2_seed509,cifar100_lenet5,C2,509,189,5,"[0, 2, 4, 1]",1.3083867514763232,9
cifar100_lenet5_C2_seed509,cifar100_lenet5,C2,509,189,6,"[1, 0, 4, 1]",1.3019536812050876,36
cifar100_lenet5_C2_seed509,cifar100_lenet5,C2,509,189,7,"[0, 1, 4, 0]",1.2903248359890507,83
cifar100_lenet5_C2_seed509,cifar100_lenet5,C2,509,189,8,"[1, 1, 3, 4]",1.2798476099601153,64
cifar100_lenet5_C2_seed509,cifar100_lenet5,C2,509,189,9,"[1, 0, 3, 4]",1.2763614850460372,118
cifar100_lenet5_C2_seed509,cifar100_lenet5,C2,509,189,10,"[0, 0, 3, 4]",1.2758345155013264,73
cifar100_lenet5_C2_seed510,cifar100_lenet5,C2,510,224,1,"[0, 3, 4, 4]",1.355356047865784,24
cifar100_lenet5_C2_seed510,cifar100_lenet5,C2,510,224,2,"[0, 0, 4, 3]",1.3305782928067653,68
cifar100_lenet5_C2_seed510,cifar100_lenet5,C2,510,224,3,"[2, 0, 4, 2]",1.3171419114084626,96
cifar100_lenet5_C2_seed510,cifar100_lenet5,C2,510,224,4,"[2, 2, 4, 1]",1.3096360507611049,377
cifar100_lenet5_C2_seed510,cifar100_lenet5,C2,510,224,5,"[2, 2, 3, 4]",1.2839950145532146,122
cifar100_lenet5_C2_seed510,cifar100_lenet5,C2,510,224,6,"[0, 3, 3, 3]",1.2715339494872164,157
cifar100_lenet5_C2_seed510,cifar100_lenet5,C2,510,224,7,"[1, 2, 3, 3]",1.2689288844719395,60
cifar100_lenet5_C2_seed510,cifar100_lenet5,C2,510,224,8,"[1, 1, 3, 3]",1.2653206594357611,116
cifar100_lenet5_C2_seed510,cifar100_lenet5,C2,510,224,9,"[2, 0, 3, 3]",1.2625812842861739,67
cifar100_lenet5_C2_seed510,cifar100_lenet5,C2,510,224,10,"[2, 3, 3, 2]",1.258329558320904,390
cifar100_lenet5_C2_seed511,cifar100_lenet5,C2,511,201,1,"[0, 2, 4, 2]",1.3229869620739374,109
cifar100_lenet5_C2_seed511,cifar100_lenet5,C2,511,201,2,"[1, 1, 4, 2]",1.3199667566435198,275
cifar100_lenet5_C2_seed511,cifar100_lenet5,C2,511,201,3,"[0, 3, 4, 1]",1.3116775161950411,64
cifar100_lenet5_C2_seed511,cifar100_lenet5,C2,511,201,4,"[1, 2, 4, 1]",1.309072451179764,100
cifar100_lenet5_C2_seed511,cifar100_lenet5,C2,511,201,5,"[2, 1, 4, 1]",1.3060888757859768,205
cifar100_lenet5_C2_seed511,cifar100_lenet5,C2,511,201,6,"[1, 0, 4, 1]",1.3019536812050876,252
cifar100_lenet5_C2_seed511,cifar100_lenet5,C2,511,201,7,"[1, 2, 4, 0]",1.2945821306920398,126
cifar100_lenet5_C2_seed511,cifar100_lenet5,C2,511,201,8,"[2, 1, 4, 0]",1.2915741352738324,24
cifar100_lenet5_C2_seed511,cifar100_lenet5,C2,511,201,9,"[1, 1, 4, 0]",1.2908518055337614,14
cifar100_lenet5_C2_seed511,cifar100_lenet5,C2,511,201,10,"[1, 0, 4, 0]",1.2874877807417833,73
cifar100_lenet5_C2_seed512,cifar100_lenet5,C2,512,178,1,"[2, 0, 4, 3]",1.3316810719450269,58
cifar100_lenet5_C2_seed512,cifar100_lenet5,C2,512,178,2,"[1, 1, 4, 2]",1.3199667566435198,19
cifar100_lenet5_C2_seed512,cifar100_lenet5,C2,512,178,3,"[1, 1, 4, 1]",1.3054153860947457,111
cifar100_lenet5_C2_seed512,cifar100_lenet5,C2,512,178,4,"[0, 1, 4, 1]",1.304863996525615,125
cifar100_lenet5_C2_seed512,cifar100_lenet5,C2,512,178,5,"[2, 0, 4, 1]",1.3026271708963186,109
cifar100_lenet5_C2_seed512,cifar100_lenet5,C2,512,178,6,"[1, 0, 4, 1]",1.3019536812050876,59
cifar100_lenet5_C2_seed512,cifar100_lenet5,C2,512,178,7,"[0, 0, 4, 1]",1.3013656615993265,91
cifar100_lenet5_C2_seed512,cifar100_lenet5,C2,512,178,8,"[1, 2, 4, 0]",1.2945821306920398,24
cifar100_lenet5_C2_seed512,cifar100_lenet5,C2,512,178,9,"[0, 2, 4, 0]",1.293896430988599,70
cifar100_lenet5_C2_seed512,cifar100_lenet5,C2,512,178,10,"[0, 1, 4, 0]",1.2903248359890507,12
cifar100_lenet5_C2_seed513,cifar100_lenet5,C2,513,183,1,"[0, 0, 4, 2]",1.315868192099261,55
cifar100_lenet5_C2_seed513,cifar100_lenet5,C2,513,183,2,"[0, 3, 4, 1]",1.3116775161950411,91
cifar100_lenet5_C2_seed513,cifar100_lenet5,C2,513,183,3,"[1, 2, 4, 1]",1.309072451179764,101
cifar100_lenet5_C2_seed513,cifar100_lenet5,C2,513,183,4,"[1, 0, 4, 1]",1.3019536812050876,131
cifar100_lenet5_C2_seed513,cifar100_lenet5,C2,513,183,5,"[0, 3, 3, 3]",1.2715339494872164,38
cifar100_lenet5_C2_seed513,cifar100_lenet5,C2,513,183,6,"[1, 2, 3, 3]",1.2689288844719395,116
cifar100_lenet5_C2_seed513,cifar100_lenet5,C2,513,183,7,"[1, 1, 3, 3]",1.2653206594357611,54
cifar100_lenet5_C2_seed513,cifar100_lenet5,C2,513,183,8,"[0, 1, 3, 3]",1.2648181099154705,48
cifar100_lenet5_C2_seed513,cifar100_lenet5,C2,513,183,9,"[2, 0, 3, 3]",1.2625812842861739,58
cifar100_lenet5_C2_seed513,cifar100_lenet5,C2,513,183,10,"[2, 2, 3, 2]",1.2549899535533462,1
cifar100_lenet5_C2_seed514,cifar100_lenet5,C2,514,227,1,"[1, 1, 4, 4]",1.3490939177654886,53
cifar100_lenet5_C2_seed514,cifar100_lenet5,C2,514,227,2,"[2, 2, 4, 2]",1.3240897412121992,57
cifar100_lenet5_C2_seed514,cifar100_lenet5,C2,514,227,3,"[1, 0, 4, 0]",1.2874877807417833,175
cifar100_lenet5_C2_seed514,cifar100_lenet5,C2,514,227,4,"[0, 0, 3, 4]",1.2758345155013264,150
cifar100_lenet5_C2_seed514,cifar100_lenet5,C2,514,227,5,"[2, 2, 3, 3]",1.2695291140899103,168
cifar100_lenet5_C2_seed514,cifar100_lenet5,C2,514,227,6,"[0, 0, 3, 3]",1.2612831449525521,112
cifar100_lenet5_C2_seed514,cifar100_lenet5,C2,514,227,7,"[2, 3, 3, 2]",1.258329558320904,54
cifar100_lenet5_C2_seed514,cifar100_lenet5,C2,514,227,8,"[1, 2, 3, 2]",1.2544141439597951,55
cifar100_lenet5_C2_seed514,cifar100_lenet5,C2,514,227,9,"[2, 1, 3, 2]",1.2514549885904278,134
cifar100_lenet5_C2_seed514,cifar100_lenet5,C2,514,227,10,"[0, 1, 3, 2]",1.250254529354486,214
cifar100_lenet5_C2_seed515,cifar100_lenet5,C2,515,169,1,"[1, 1, 4, 2]",1.3199667566435198,99
cifar100_lenet5_C2_seed515,cifar100_lenet5,C2,515,169,2,"[0, 0, 4, 2]",1.315868192099261,433
cifar100_lenet5_C2_seed515,cifar100_lenet5,C2,515,169,3,"[1, 0, 4, 1]",1.3019536812050876,14
cifar100_lenet5_C2_seed515,cifar100_lenet5,C2,515,169,4,"[2, 2, 4, 0]",1.2951091002367505,24
cifar100_lenet5_C2_seed515,cifar100_lenet5,C2,515,169,5,"[0, 0, 4, 0]",1.2868509210871826,17
cifar100_lenet5_C2_seed515,cifar100_lenet5,C2,515,169,6,"[0, 2, 3, 4]",1.2828189753416928,81
cifar100_lenet5_C2_seed515,cifar100_lenet5,C2,515,169,7,"[0, 0, 3, 3]",1.2612831449525521,51
cifar100_lenet5_C2_seed515,cifar100_lenet5,C2,515,169,8,"[2, 3, 3, 2]",1.258329558320904,127
cifar100_lenet5_C2_seed515,cifar100_lenet5,C2,515,169,9,"[2, 2, 3, 2]",1.2549899535533462,130
cifar100_lenet5_C2_seed515,cifar100_lenet5,C2,515,169,10,"[0, 0, 3, 2]",1.2467439844159878,362
cifar100_lenet5_C2_seed516,cifar100_lenet5,C2,516,163,1,"[0, 2, 4, 1]",1.3083867514763232,55
cifar100_lenet5_C2_seed516,cifar100_lenet5,C2,516,163,2,"[2, 0, 4, 0]",1.2880880103597543,89
cifar100_lenet5_C2_seed516,cifar100_lenet5,C2,516,163,3,"[2, 2, 3, 3]",1.2695291140899103,7
cifar100_lenet5_C2_seed516,cifar100_lenet5,C2,516,163,4,"[2, 2, 3, 2]",1.2549899535533462,279
cifar100_lenet5_C2_seed516,cifar100_lenet5,C2,516,163,5,"[2, 1, 3, 2]",1.2514549885904278,220
cifar100_lenet5_C2_seed516,cifar100_lenet5,C2,516,163,6,"[1, 1, 3, 2]",1.2509035990212969,80
cifar100_lenet5_C2_seed516,cifar100_lenet5,C2,516,163,7,"[0, 1, 3, 2]",1.250254529354486,63
cifar100_lenet5_C2_seed516,cifar100_lenet5,C2,516,163,8,"[2, 0, 3, 2]",1.2480543337618197,54
cifar100_lenet5_C2_seed516,cifar100_lenet5,C2,516,163,9,"[1, 0, 3, 2]",1.2473686340583787,33
cifar100_lenet5_C2_seed516,cifar100_lenet5,C2,516,163,10,"[0, 0, 3, 2]",1.2467439844159878,158
cifar100_lenet5_C2_seed517,cifar100_lenet5,C2,517,188,1,"[1, 3, 4, 4]",1.3559440674715448,19
cifar100_lenet5_C2_seed517,cifar100_lenet5,C2,517,188,2,"[2, 1, 4, 2]",1.3206524563469608,499
cifar100_lenet5_C2_seed517,cifar100_lenet5,C2,517,188,3,"[2, 0, 4, 2]",1.3171419114084626,9
cifar100_lenet5_C2_seed517,cifar100_lenet5,C2,517,188,4,"[1, 2, 4, 1]",1.309072451179764,110
cifar100_lenet5_C2_seed517,cifar100_lenet5,C2,517,188,5,"[1, 1, 4, 0]",1.2908518055337614,2
cifar100_lenet5_C2_seed517,cifar100_lenet5,C2,517,188,6,"[2, 1, 3, 2]",1.2514549885904278,51
cifar100_lenet5_C2_seed517,cifar100_lenet5,C2,517,188,7,"[1, 1, 3, 2]",1.2509035990212969,189
cifar100_lenet5_C2_seed517,cifar100_lenet5,C2,517,188,8,"[2, 0, 3, 2]",1.2480543337618197,27
cifar100_lenet5_C2_seed517,cifar100_lenet5,C2,517,188,9,"[2, 3, 3, 1]",1.2438148178087598,67
cifar100_lenet5_C2_seed517,cifar100_lenet5,C2,517,188,10,"[0, 3, 3, 1]",1.2424800484385081,10
cifar100_lenet5_C2_seed518,cifar100_lenet5,C2,518,171,1,"[2, 1, 4, 2]",1.3206524563469608,82
cifar100_lenet5_C2_seed518,cifar100_lenet5,C2,518,171,2,"[1, 2, 4, 1]",1.309072451179764,308
cifar100_lenet5_C2_seed518,cifar100_lenet5,C2,518,171,3,"[1, 1, 4, 1]",1.3054153860947457,107
cifar100_lenet5_C2_seed518,cifar100_lenet5,C2,518,171,4,"[1, 1, 4, 0]",1.2908518055337614,3
cifar100_lenet5_C2_seed518,cifar100_lenet5,C2,518,171,5,"[1, 1, 3, 4]",1.2798476099601153,103
cifar100_lenet5_C2_seed518,cifar100_lenet5,C2,518,171,6,"[0, 1, 3, 4]",1.2791985402933046,161
cifar100_lenet5_C2_seed518,cifar100_lenet5,C2,518,171,7,"[1, 3, 3, 3]",1.2721585991296074,71
cifar100_lenet5_C2_seed518,cifar100_lenet5,C2,518,171,8,"[2, 2, 3, 3]",1.2695291140899103,109
cifar100_lenet5_C2_seed518,cifar100_lenet5,C2,518,171,9,"[1, 2, 3, 3]",1.2689288844719395,104
cifar100_lenet5_C2_seed518,cifar100_lenet5,C2,518,171,10,"[2, 1, 3, 3]",1.2660551991880422,146
cifar100_lenet5_C2_seed519,cifar100_lenet5,C2,519,192,1,"[2, 0, 4, 3]",1.3316810719450269,61
cifar100_lenet5_C2_seed519,cifar100_lenet5,C2,519,192,2,"[0, 2, 4, 1]",1.3083867514763232,145
cifar100_lenet5_C2_seed519,cifar100_lenet5,C2,519,192,3,"[2, 0, 4, 1]",1.3026271708963186,66
cifar100_lenet5_C2_seed519,cifar100_lenet5,C2,519,192,4,"[2, 3, 4, 0]",1.2984242849798886,105
cifar100_lenet5_C2_seed519,cifar100_lenet5,C2,519,192,5,"[1, 0, 4, 0]",1.2874877807417833,86
cifar100_lenet5_C2_seed519,cifar100_lenet5,C2,519,192,6,"[0, 2, 3, 3]",1.2681699246952385,110
cifar100_lenet5_C2_seed519,cifar100_lenet5,C2,519,192,7,"[0, 1, 3, 3]",1.2648181099154705,18
cifar100_lenet5_C2_seed519,cifar100_lenet5,C2,519,192,8,"[0, 0, 3, 3]",1.2612831449525521,34
cifar100_lenet5_C2_seed519,cifar100_lenet5,C2,519,192,9,"[2, 2, 3, 2]",1.2549899535533462,142
cifar100_lenet5_C2_seed519,cifar100_lenet5,C2,519,192,10,"[0, 1, 3, 2]",1.250254529354486,122
cifar100_resnet8_C0_seed500,cifar100_resnet8,C0,500,208,1,"[0, 2, 1, 3]",1.8256211807162352,196
cifar100_resnet8_C0_seed500,cifar100_resnet8,C0,500,208,2,"[1, 2, 0, 3]",1.8171130305648271,49
cifar100_resnet8_C0_seed500,cifar100_resnet8,C0,500,208,3,"[0, 1, 0, 3]",1.8049131627056672,337
cifar100_resnet8_C0_seed500,cifar100_resnet8,C0,500,208,4,"[1, 0, 1, 3]",1.8006951030469813,97
cifar100_resnet8_C0_seed500,cifar100_resnet8,C0,500,208,5,"[0, 0, 1, 4]",1.7951341906945402,249
cifar100_resnet8_C0_seed500,cifar100_resnet8,C0,500,208,6,"[1, 0, 0, 3]",1.7944118588925861,288
cifar100_resnet8_C0_seed500,cifar100_resnet8,C0,500,208,7,"[0, 1, 1, 2]",1.7943141828822191,17
cifar100_resnet8_C0_seed500,cifar100_resnet8,C0,500,208,8,"[0, 0, 1, 2]",1.7901511305871733,298
cifar100_resnet8_C0_seed500,cifar100_resnet8,C0,500,208,9,"[1, 1, 0, 4]",1.783933516969805,296
cifar100_resnet8_C0_seed500,cifar100_resnet8,C0,500,208,10,"[1, 1, 0, 2]",1.7830638023834617,105
cifar100_resnet8_C0_seed501,cifar100_resnet8,C0,501,152,1,"[1, 1, 0, 3]",1.8081727174033531,2
cifar100_resnet8_C0_seed501,cifar100_resnet8,C0,501,152,2,"[1, 2, 0, 4]",1.801100521173326,135
cifar100_resnet8_C0_seed501,cifar100_resnet8,C0,501,152,3,"[0, 1, 1, 2]",1.7943141828822191,333
cifar100_resnet8_C0_seed501,cifar100_resnet8,C0,501,152,4,"[0, 1, 0, 4]",1.7916428836615155,117
cifar100_resnet8_C0_seed501,cifar100_resnet8,C0,501,152,5,"[0, 0, 1, 2]",1.7901511305871733,485
cifar100_resnet8_C0_seed501,cifar100_resnet8,C0,501,152,6,"[1, 1, 0, 2]",1.7830638023834617,344
cifar100_resnet8_C0_seed501,cifar100_resnet8,C0,501,152,7,"[0, 1, 0, 2]",1.7811753628594502,77
cifar100_resnet8_C0_seed501,cifar100_resnet8,C0,501,152,8,"[0, 0, 2, 3]",1.7803978037523778,53
cifar100_resnet8_C0_seed501,cifar100_resnet8,C0,501,152,9,"[1, 0, 2, 4]",1.7737691635009758,26
cifar100_resnet8_C0_seed501,cifar100_resnet8,C0,501,152,10,"[0, 0, 0, 3]",1.7644612621473681,92
cifar100_resnet8_C0_seed502,cifar100_resnet8,C0,502,185,1,"[0, 2, 1, 3]",1.8256211807162352,19
cifar100_resnet8_C0_seed502,cifar100_resnet8,C0,502,185,2,"[1, 2, 0, 3]",1.8171130305648271,105
cifar100_resnet8_C0_seed502,cifar100_resnet8,C0,502,185,3,"[0, 2, 1, 4]",1.816464247193107,141
cifar100_resnet8_C0_seed502,cifar100_resnet8,C0,502,185,4,"[0, 0, 1, 3]",1.8084044697386923,176
cifar100_resnet8_C0_seed502,cifar100_resnet8,C0,502,185,5,"[1, 1, 0, 3]",1.8081727174033531,90
cifar100_resnet8_C0_seed502,cifar100_resnet8,C0,502,185,6,"[1, 2, 0, 4]",1.801100521173326,510
cifar100_resnet8_C0_seed502,cifar100_resnet8,C0,502,185,7,"[0, 1, 1, 4]",1.7965550126422363,95
cifar100_resnet8_C0_seed502,cifar100_resnet8,C0,502,185,8,"[1, 0, 0, 3]",1.7944118588925861,68
cifar100_resnet8_C0_seed502,cifar100_resnet8,C0,502,185,9,"[0, 1, 1, 2]",1.7943141828822191,99
cifar100_resnet8_C0_seed502,cifar100_resnet8,C0,502,185,10,"[0, 0, 1, 2]",1.7901511305871733,122
cifar100_resnet8_C0_seed503,cifar100_resnet8,C0,503,211,1,"[1, 0, 2, 3]",1.808977285323921,28
cifar100_resnet8_C0_seed503,cifar100_resnet8,C0,503,211,2,"[0, 1, 0, 3]",1.8049131627056672,79
cifar100_resnet8_C0_seed503,cifar100_resnet8,C0,503,211,3,"[1, 2, 0, 4]",1.801100521173326,282
cifar100_resnet8_C0_seed503,cifar100_resnet8,C0,503,211,4,"[0, 1, 1, 4]",1.7965550126422363,416
cifar100_resnet8_C0_seed503,cifar100_resnet8,C0,503,211,5,"[0, 0, 1, 4]",1.7951341906945402,136
cifar100_resnet8_C0_seed503,cifar100_resnet8,C0,503,211,6,"[1, 0, 0, 3]",1.7944118588925861,321
cifar100_resnet8_C0_seed503,cifar100_resnet8,C0,503,211,7,"[0, 1, 1, 2]",1.7943141828822191,257
cifar100_resnet8_C0_seed503,cifar100_resnet8,C0,503,211,8,"[0, 1, 0, 4]",1.7916428836615155,102
cifar100_resnet8_C0_seed503,cifar100_resnet8,C0,503,211,9,"[0, 0, 1, 2]",1.7901511305871733,169
cifar100_resnet8_C0_seed503,cifar100_resnet8,C0,503,211,10,"[1, 1, 0, 4]",1.783933516969805,447
cifar100_resnet8_C0_seed504,cifar100_resnet8,C0,504,168,1,"[0, 2, 1, 4]",1.816464247193107,41
cifar100_resnet8_C0_seed504,cifar100_resnet8,C0,504,168,2,"[1, 0, 2, 3]",1.808977285323921,96
cifar100_resnet8_C0_seed504,cifar100_resnet8,C0,504,168,3,"[0, 0, 1, 3]",1.8084044697386923,111
cifar100_resnet8_C0_seed504,cifar100_resnet8,C0,504,168,4,"[0, 1, 1, 3]",1.8070830613390392,156
cifar100_resnet8_C0_seed504,cifar100_resnet8,C0,504,168,5,"[0, 1, 0, 3]",1.8049131627056672,187
cifar100_resnet8_C0_seed504,cifar100_resnet8,C0,504,168,6,"[1, 0, 0, 3]",1.7944118588925861,125
cifar100_resnet8_C0_seed504,cifar100_resnet8,C0,504,168,7,"[0, 1, 1, 2]",1.7943141828822191,137
cifar100_resnet8_C0_seed504,cifar100_resnet8,C0,504,168,8,"[0, 1, 0, 4]",1.7916428836615155,71
cifar100_resnet8_C0_seed504,cifar100_resnet8,C0,504,168,9,"[0, 0, 1, 2]",1.7901511305871733,318
cifar100_resnet8_C0_seed504,cifar100_resnet8,C0,504,168,10,"[1, 1, 0, 2]",1.7830638023834617,233
cifar100_resnet8_C0_seed505,cifar100_resnet8,C0,505,202,1,"[1, 2, 0, 3]",1.8171130305648271,394
cifar100_resnet8_C0_seed505,cifar100_resnet8,C0,505,202,2,"[0, 2, 1, 4]",1.816464247193107,50
cifar100_resnet8_C0_seed505,cifar100_resnet8,C0,505,202,3,"[1, 0, 2, 3]",1.808977285323921,150
cifar100_resnet8_C0_seed505,cifar100_resnet8,C0,505,202,4,"[1, 1, 0, 3]",1.8081727174033531,220
cifar100_resnet8_C0_seed505,cifar100_resnet8,C0,505,202,5,"[1, 2, 0, 4]",1.801100521173326,101
cifar100_resnet8_C0_seed505,cifar100_resnet8,C0,505,202,6,"[0, 1, 1, 4]",1.7965550126422363,146
cifar100_resnet8_C0_seed505,cifar100_resnet8,C0,505,202,7,"[0, 0, 1, 4]",1.7951341906945402,233
cifar100_resnet8_C0_seed505,cifar100_resnet8,C0,505,202,8,"[0, 1, 1, 2]",1.7943141828822191,147
cifar100_resnet8_C0_seed505,cifar100_resnet8,C0,505,202,9,"[0, 0, 1, 2]",1.7901511305871733,178
cifar100_resnet8_C0_seed505,cifar100_resnet8,C0,505,202,10,"[1, 1, 0, 4]",1.783933516969805,270
cifar100_resnet8_C0_seed506,cifar100_resnet8,C0,506,216,1,"[0, 0, 1, 3]",1.8084044697386923,355
cifar100_resnet8_C0_seed506,cifar100_resnet8,C0,506,216,2,"[0, 1, 1, 3]",1.8070830613390392,50
cifar100_resnet8_C0_seed506,cifar100_resnet8,C0,506,216,3,"[0, 1, 0, 3]",1.8049131627056672,338
cifar100_resnet8_C0_seed506,cifar100_resnet8,C0,506,216,4,"[1, 0, 1, 3]",1.8006951030469813,119
cifar100_resnet8_C0_seed506,cifar100_resnet8,C0,506,216,5,"[0, 1, 1, 4]",1.7965550126422363,85
cifar100_resnet8_C0_seed506,cifar100_resnet8,C0,506,216,6,"[1, 0, 0, 3]",1.7944118588925861,373
cifar100_resnet8_C0_seed506,cifar100_resnet8,C0,506,216,7,"[0, 1, 1, 2]",1.7943141828822191,266
cifar100_resnet8_C0_seed506,cifar100_resnet8,C0,506,216,8,"[0, 1, 0, 4]",1.7916428836615155,149
cifar100_resnet8_C0_seed506,cifar100_resnet8,C0,506,216,9,"[0, 0, 1, 2]",1.7901511305871733,280
cifar100_resnet8_C0_seed506,cifar100_resnet8,C0,506,216,10,"[1, 1, 0, 4]",1.783933516969805,37
cifar100_resnet8_C0_seed507,cifar100_resnet8,C0,507,214,1,"[0, 2, 1, 3]",1.8256211807162352,95
cifar100_resnet8_C0_seed507,cifar100_resnet8,C0,507,214,2,"[1, 2, 0, 3]",1.8171130305648271,154
cifar100_resnet8_C0_seed507,cifar100_resnet8,C0,507,214,3,"[0, 0, 1, 3]",1.8084044697386923,76
cifar100_resnet8_C0_seed507,cifar100_resnet8,C0,507,214,4,"[1, 1, 0, 3]",1.8081727174033531,48
cifar100_resnet8_C0_seed507,cifar100_resnet8,C0,507,214,5,"[0, 1, 1, 3]",1.8070830613390392,451
cifar100_resnet8_C0_seed507,cifar100_resnet8,C0,507,214,6,"[0, 1, 0, 3]",1.8049131627056672,149
cifar100_resnet8_C0_seed507,cifar100_resnet8,C0,507,214,7,"[1, 2, 0, 4]",1.801100521173326,146
cifar100_resnet8_C0_seed507,cifar100_resnet8,C0,507,214,8,"[1, 0, 1, 3]",1.8006951030469813,231
cifar100_resnet8_C0_seed507,cifar100_resnet8,C0,507,214,9,"[0, 1, 1, 4]",1.7965550126422363,486
cifar100_resnet8_C0_seed507,cifar100_resnet8,C0,507,214,10,"[0, 1, 1, 2]",1.7943141828822191,181
cifar100_resnet8_C0_seed508,cifar100_resnet8,C0,508,175,1,"[1, 0, 2, 3]",1.808977285323921,302
cifar100_resnet8_C0_seed508,cifar100_resnet8,C0,508,175,2,"[0, 0, 1, 3]",1.8084044697386923,220
cifar100_resnet8_C0_seed508,cifar100_resnet8,C0,508,175,3,"[1, 1, 0, 3]",1.8081727174033531,100
cifar100_resnet8_C0_seed508,cifar100_resnet8,C0,508,175,4,"[0, 1, 1, 3]",1.8070830613390392,26
cifar100_resnet8_C0_seed508,cifar100_resnet8,C0,508,175,5,"[0, 1, 0, 3]",1.8049131627056672,131
cifar100_resnet8_C0_seed508,cifar100_resnet8,C0,508,175,6,"[1, 2, 0, 4]",1.801100521173326,96
cifar100_resnet8_C0_seed508,cifar100_resnet8,C0,508,175,7,"[1, 0, 1, 3]",1.8006951030469813,451
cifar100_resnet8_C0_seed508,cifar100_resnet8,C0,508,175,8,"[0, 1, 1, 4]",1.7965550126422363,87
cifar100_resnet8_C0_seed508,cifar100_resnet8,C0,508,175,9,"[0, 0, 1, 4]",1.7951341906945402,202
cifar100_resnet8_C0_seed508,cifar100_resnet8,C0,508,175,10,"[0, 1, 1, 2]",1.7943141828822191,121
cifar100_resnet8_C0_seed509,cifar100_resnet8,C0,509,189,1,"[0, 2, 1, 3]",1.8256211807162352,63
cifar100_resnet8_C0_seed509,cifar100_resnet8,C0,509,189,2,"[0, 1, 2, 3]",1.8112518980949548,58
cifar100_resnet8_C0_seed509,cifar100_resnet8,C0,509,189,3,"[1, 0, 2, 3]",1.808977285323921,48
cifar100_resnet8_C0_seed509,cifar100_resnet8,C0,509,189,4,"[1, 1, 0, 3]",1.8081727174033531,28
cifar100_resnet8_C0_seed509,cifar100_resnet8,C0,509,189,5,"[0, 1, 1, 3]",1.8070830613390392,217
cifar100_resnet8_C0_seed509,cifar100_resnet8,C0,509,189,6,"[1, 2, 0, 4]",1.801100521173326,29
cifar100_resnet8_C0_seed509,cifar100_resnet8,C0,509,189,7,"[1, 0, 1, 3]",1.8006951030469813,156
cifar100_resnet8_C0_seed509,cifar100_resnet8,C0,509,189,8,"[1, 0, 0, 3]",1.7944118588925861,290
cifar100_resnet8_C0_seed509,cifar100_resnet8,C0,509,189,9,"[0, 1, 1, 2]",1.7943141828822191,132
cifar100_resnet8_C0_seed509,cifar100_resnet8,C0,509,189,10,"[0, 0, 1, 2]",1.7901511305871733,105
cifar100_resnet8_C0_seed510,cifar100_resnet8,C0,510,212,1,"[1, 0, 2, 3]",1.808977285323921,298
cifar100_resnet8_C0_seed510,cifar100_resnet8,C0,510,212,2,"[1, 2, 0, 4]",1.801100521173326,75
cifar100_resnet8_C0_seed510,cifar100_resnet8,C0,510,212,3,"[0, 1, 1, 4]",1.7965550126422363,451
cifar100_resnet8_C0_seed510,cifar100_resnet8,C0,510,212,4,"[0, 1, 1, 2]",1.7943141828822191,192
cifar100_resnet8_C0_seed510,cifar100_resnet8,C0,510,212,5,"[0, 0, 1, 2]",1.7901511305871733,140
cifar100_resnet8_C0_seed510,cifar100_resnet8,C0,510,212,6,"[1, 1, 0, 4]",1.783933516969805,172
cifar100_resnet8_C0_seed510,cifar100_resnet8,C0,510,212,7,"[1, 1, 0, 2]",1.7830638023834617,149
cifar100_resnet8_C0_seed510,cifar100_resnet8,C0,510,212,8,"[0, 1, 0, 2]",1.7811753628594502,50
cifar100_resnet8_C0_seed510,cifar100_resnet8,C0,510,212,9,"[1, 2, 1, 3]",1.7775096202402465,161
cifar100_resnet8_C0_seed510,cifar100_resnet8,C0,510,212,10,"[1, 0, 1, 4]",1.7764559026134328,164
cifar100_resnet8_C0_seed511,cifar100_resnet8,C0,511,201,1,"[0, 2, 1, 4]",1.816464247193107,426
cifar100_resnet8_C0_seed511,cifar100_resnet8,C0,511,201,2,"[0, 1, 0, 3]",1.8049131627056672,56
cifar100_resnet8_C0_seed511,cifar100_resnet8,C0,511,201,3,"[1, 0, 1, 3]",1.8006951030469813,114
cifar100_resnet8_C0_seed511,cifar100_resnet8,C0,511,201,4,"[0, 1, 2, 4]",1.7979816190508029,164
cifar100_resnet8_C0_seed511,cifar100_resnet8,C0,511,201,5,"[0, 0, 1, 4]",1.7951341906945402,89
cifar100_resnet8_C0_seed511,cifar100_resnet8,C0,511,201,6,"[1, 0, 0, 3]",1.7944118588925861,112
cifar100_resnet8_C0_seed511,cifar100_resnet8,C0,511,201,7,"[0, 1, 1, 2]",1.7943141828822191,253
cifar100_resnet8_C0_seed511,cifar100_resnet8,C0,511,201,8,"[1, 1, 0, 4]",1.783933516969805,263
cifar100_resnet8_C0_seed511,cifar100_resnet8,C0,511,201,9,"[1, 1, 0, 2]",1.7830638023834617,271
cifar100_resnet8_C0_seed511,cifar100_resnet8,C0,511,201,10,"[0, 1, 0, 2]",1.7811753628594502,319
cifar100_resnet8_C0_seed512,cifar100_resnet8,C0,512,171,1,"[0, 2, 1, 3]",1.8256211807162352,82
cifar100_resnet8_C0_seed512,cifar100_resnet8,C0,512,171,2,"[1, 0, 2, 3]",1.808977285323921,275
cifar100_resnet8_C0_seed512,cifar100_resnet8,C0,512,171,3,"[0, 1, 1, 3]",1.8070830613390392,128
cifar100_resnet8_C0_seed512,cifar100_resnet8,C0,512,171,4,"[0, 1, 0, 3]",1.8049131627056672,268
cifar100_resnet8_C0_seed512,cifar100_resnet8,C0,512,171,5,"[1, 0, 1, 3]",1.8006951030469813,463
cifar100_resnet8_C0_seed512,cifar100_resnet8,C0,512,171,6,"[1, 0, 0, 3]",1.7944118588925861,361
cifar100_resnet8_C0_seed512,cifar100_resnet8,C0,512,171,7,"[0, 1, 1, 2]",1.7943141828822191,192
cifar100_resnet8_C0_seed512,cifar100_resnet8,C0,512,171,8,"[0, 0, 1, 2]",1.7901511305871733,71
cifar100_resnet8_C0_seed512,cifar100_resnet8,C0,512,171,9,"[1, 1, 0, 2]",1.7830638023834617,66
cifar100_resnet8_C0_seed512,cifar100_resnet8,C0,512,171,10,"[0, 1, 0, 2]",1.7811753628594502,94
cifar100_resnet8_C0_seed513,cifar100_resnet8,C0,513,213,1,"[0, 2, 1, 3]",1.8256211807162352,64
cifar100_resnet8_C0_seed513,cifar100_resnet8,C0,513,213,2,"[1, 2, 0, 3]",1.8171130305648271,306
cifar100_resnet8_C0_seed513,cifar100_resnet8,C0,513,213,3,"[0, 1, 2, 3]",1.8112518980949548,34
cifar100_resnet8_C0_seed513,cifar100_resnet8,C0,513,213,4,"[0, 0, 1, 3]",1.8084044697386923,277
cifar100_resnet8_C0_seed513,cifar100_resnet8,C0,513,213,5,"[1, 1, 0, 3]",1.8081727174033531,53
cifar100_resnet8_C0_seed513,cifar100_resnet8,C0,513,213,6,"[0, 1, 1, 3]",1.8070830613390392,468
cifar100_resnet8_C0_seed513,cifar100_resnet8,C0,513,213,7,"[0, 1, 1, 4]",1.7965550126422363,274
cifar100_resnet8_C0_seed513,cifar100_resnet8,C0,513,213,8,"[1, 0, 0, 3]",1.7944118588925861,177
cifar100_resnet8_C0_seed513,cifar100_resnet8,C0,513,213,9,"[0, 1, 1, 2]",1.7943141828822191,105
cifar100_resnet8_C0_seed513,cifar100_resnet8,C0,513,213,10,"[0, 0, 1, 2]",1.7901511305871733,409
cifar100_resnet8_C0_seed514,cifar100_resnet8,C0,514,194,1,"[0, 2, 1, 3]",1.8256211807162352,98
cifar100_resnet8_C0_seed514,cifar100_resnet8,C0,514,194,2,"[0, 0, 1, 3]",1.8084044697386923,72
cifar100_resnet8_C0_seed514,cifar100_resnet8,C0,514,194,3,"[1, 1, 0, 3]",1.8081727174033531,53
cifar100_resnet8_C0_seed514,cifar100_resnet8,C0,514,194,4,"[1, 0, 1, 3]",1.8006951030469813,52
cifar100_resnet8_C0_seed514,cifar100_resnet8,C0,514,194,5,"[0, 1, 1, 4]",1.7965550126422363,96
cifar100_resnet8_C0_seed514,cifar100_resnet8,C0,514,194,6,"[0, 1, 1, 2]",1.7943141828822191,118
cifar100_resnet8_C0_seed514,cifar100_resnet8,C0,514,194,7,"[0, 1, 0, 4]",1.7916428836615155,354
cifar100_resnet8_C0_seed514,cifar100_resnet8,C0,514,194,8,"[0, 0, 1, 2]",1.7901511305871733,314
cifar100_resnet8_C0_seed514,cifar100_resnet8,C0,514,194,9,"[1, 1, 0, 4]",1.783933516969805,18
cifar100_resnet8_C0_seed514,cifar100_resnet8,C0,514,194,10,"[1, 1, 0, 2]",1.7830638023834617,125
cifar100_resnet8_C0_seed515,cifar100_resnet8,C0,515,189,1,"[0, 2, 1, 3]",1.8256211807162352,274
cifar100_resnet8_C0_seed515,cifar100_resnet8,C0,515,189,2,"[0, 2, 1, 4]",1.816464247193107,81
cifar100_resnet8_C0_seed515,cifar100_resnet8,C0,515,189,3,"[0, 1, 2, 3]",1.8112518980949548,174
cifar100_resnet8_C0_seed515,cifar100_resnet8,C0,515,189,4,"[1, 1, 0, 3]",1.8081727174033531,255
cifar100_resnet8_C0_seed515,cifar100_resnet8,C0,515,189,5,"[0, 1, 0, 3]",1.8049131627056672,69
cifar100_resnet8_C0_seed515,cifar100_resnet8,C0,515,189,6,"[1, 2, 0, 4]",1.801100521173326,336
cifar100_resnet8_C0_seed515,cifar100_resnet8,C0,515,189,7,"[1, 0, 1, 3]",1.8006951030469813,89
cifar100_resnet8_C0_seed515,cifar100_resnet8,C0,515,189,8,"[0, 1, 1, 2]",1.7943141828822191,282
cifar100_resnet8_C0_seed515,cifar100_resnet8,C0,515,189,9,"[0, 0, 1, 2]",1.7901511305871733,108
cifar100_resnet8_C0_seed515,cifar100_resnet8,C0,515,189,10,"[1, 1, 0, 2]",1.7830638023834617,229
cifar100_resnet8_C0_seed516,cifar100_resnet8,C0,516,186,1,"[0, 1, 2, 3]",1.8112518980949548,71
cifar100_resnet8_C0_seed516,cifar100_resnet8,C0,516,186,2,"[1, 0, 2, 3]",1.808977285323921,136
cifar100_resnet8_C0_seed516,cifar100_resnet8,C0,516,186,3,"[0, 0, 1, 3]",1.8084044697386923,34
cifar100_resnet8_C0_seed516,cifar100_resnet8,C0,516,186,4,"[1, 1, 0, 3]",1.8081727174033531,21
cifar100_resnet8_C0_seed516,cifar100_resnet8,C0,516,186,5,"[0, 1, 0, 3]",1.8049131627056672,11
cifar100_resnet8_C0_seed516,cifar100_resnet8,C0,516,186,6,"[1, 2, 0, 4]",1.801100521173326,205
cifar100_resnet8_C0_seed516,cifar100_resnet8,C0,516,186,7,"[1, 0, 1, 3]",1.8006951030469813,198
cifar100_resnet8_C0_seed516,cifar100_resnet8,C0,516,186,8,"[0, 1, 1, 4]",1.7965550126422363,32
cifar100_resnet8_C0_seed516,cifar100_resnet8,C0,516,186,9,"[1, 0, 0, 3]",1.7944118588925861,285
cifar100_resnet8_C0_seed516,cifar100_resnet8,C0,516,186,10,"[0, 1, 1, 2]",1.7943141828822191,59
cifar100_resnet8_C0_seed517,cifar100_resnet8,C0,517,181,1,"[0, 1, 1, 3]",1.8070830613390392,86
cifar100_resnet8_C0_seed517,cifar100_resnet8,C0,517,181,2,"[1, 0, 1, 3]",1.8006951030469813,56
cifar100_resnet8_C0_seed517,cifar100_resnet8,C0,517,181,3,"[1, 0, 0, 3]",1.7944118588925861,61
cifar100_resnet8_C0_seed517,cifar100_resnet8,C0,517,181,4,"[0, 1, 1, 2]",1.7943141828822191,251
cifar100_resnet8_C0_seed517,cifar100_resnet8,C0,517,181,5,"[1, 1, 0, 2]",1.7830638023834617,253
cifar100_resnet8_C0_seed517,cifar100_resnet8,C0,517,181,6,"[0, 1, 0, 2]",1.7811753628594502,431
cifar100_resnet8_C0_seed517,cifar100_resnet8,C0,517,181,7,"[1, 2, 1, 3]",1.7775096202402465,151
cifar100_resnet8_C0_seed517,cifar100_resnet8,C0,517,181,8,"[0, 2, 1, 2]",1.7738212236488118,326
cifar100_resnet8_C0_seed517,cifar100_resnet8,C0,517,181,9,"[1, 0, 2, 4]",1.7737691635009758,276
cifar100_resnet8_C0_seed517,cifar100_resnet8,C0,517,181,10,"[1, 0, 0, 2]",1.7610762528306467,265
cifar100_resnet8_C0_seed518,cifar100_resnet8,C0,518,200,1,"[0, 2, 1, 3]",1.8256211807162352,77
cifar100_resnet8_C0_seed518,cifar100_resnet8,C0,518,200,2,"[1, 1, 0, 3]",1.8081727174033531,358
cifar100_resnet8_C0_seed518,cifar100_resnet8,C0,518,200,3,"[0, 1, 1, 3]",1.8070830613390392,94
cifar100_resnet8_C0_seed518,cifar100_resnet8,C0,518,200,4,"[1, 2, 0, 4]",1.801100521173326,15
cifar100_resnet8_C0_seed518,cifar100_resnet8,C0,518,200,5,"[1, 0, 0, 3]",1.7944118588925861,113
cifar100_resnet8_C0_seed518,cifar100_resnet8,C0,518,200,6,"[0, 1, 1, 2]",1.7943141828822191,88
cifar100_resnet8_C0_seed518,cifar100_resnet8,C0,518,200,7,"[0, 0, 1, 2]",1.7901511305871733,108
cifar100_resnet8_C0_seed518,cifar100_resnet8,C0,518,200,8,"[1, 1, 0, 4]",1.783933516969805,102
cifar100_resnet8_C0_seed518,cifar100_resnet8,C0,518,200,9,"[1, 1, 0, 2]",1.7830638023834617,175
cifar100_resnet8_C0_seed518,cifar100_resnet8,C0,518,200,10,"[0, 1, 0, 2]",1.7811753628594502,70
cifar100_resnet8_C0_seed519,cifar100_resnet8,C0,519,184,1,"[0, 2, 1, 3]",1.8256211807162352,124
cifar100_resnet8_C0_seed519,cifar100_resnet8,C0,519,184,2,"[1, 2, 0, 4]",1.801100521173326,23
cifar100_resnet8_C0_seed519,cifar100_resnet8,C0,519,184,3,"[0, 1, 1, 4]",1.7965550126422363,429
cifar100_resnet8_C0_seed519,cifar100_resnet8,C0,519,184,4,"[1, 0, 0, 3]",1.7944118588925861,183
cifar100_resnet8_C0_seed519,cifar100_resnet8,C0,519,184,5,"[0, 1, 1, 2]",1.7943141828822191,367
cifar100_resnet8_C0_seed519,cifar100_resnet8,C0,519,184,6,"[0, 1, 0, 4]",1.7916428836615155,368
cifar100_resnet8_C0_seed519,cifar100_resnet8,C0,519,184,7,"[0, 0, 1, 2]",1.7901511305871733,150
cifar100_resnet8_C0_seed519,cifar100_resnet8,C0,519,184,8,"[1, 1, 0, 2]",1.7830638023834617,286
cifar100_resnet8_C0_seed519,cifar100_resnet8,C0,519,184,9,"[0, 1, 0, 2]",1.7811753628594502,122
cifar100_resnet8_C0_seed519,cifar100_resnet8,C0,519,184,10,"[0, 2, 1, 2]",1.7738212236488118,440
cifar100_resnet8_C1_seed500,cifar100_resnet8,C1,500,170,1,"[0, 1, 1, 2]",1.17065787575242,17
cifar100_resnet8_C1_seed500,cifar100_resnet8,C1,500,170,2,"[0, 0, 1, 2]",1.1651328490515245,383
cifar100_resnet8_C1_seed500,cifar100_resnet8,C1,500,170,3,"[1, 1, 0, 2]",1.1539595976302626,105
cifar100_resnet8_C1_seed500,cifar100_resnet8,C1,500,170,4,"[0, 1, 0, 2]",1.153433132512101,180
cifar100_resnet8_C1_seed500,cifar100_resnet8,C1,500,170,5,"[1, 0, 0, 2]",1.1483157409476485,211
cifar100_resnet8_C1_seed500,cifar100_resnet8,C1,500,170,6,"[0, 0, 0, 2]",1.1479355281146795,188
cifar100_resnet8_C1_seed500,cifar100_resnet8,C1,500,170,7,"[1, 1, 1, 1]",1.1021145833516619,179
cifar100_resnet8_C1_seed500,cifar100_resnet8,C1,500,170,8,"[0, 1, 1, 1]",1.1015881182335003,177
cifar100_resnet8_C1_seed500,cifar100_resnet8,C1,500,170,9,"[1, 0, 1, 1]",1.096580415882942,76
cifar100_resnet8_C1_seed500,cifar100_resnet8,C1,500,170,10,"[0, 0, 1, 1]",1.0961544992108498,318
cifar100_resnet8_C1_seed501,cifar100_resnet8,C1,501,135,1,"[0, 1, 1, 2]",1.17065787575242,188
cifar100_resnet8_C1_seed501,cifar100_resnet8,C1,501,135,2,"[0, 0, 1, 2]",1.1651328490515245,70
cifar100_resnet8_C1_seed501,cifar100_resnet8,C1,501,135,3,"[1, 1, 0, 2]",1.1539595976302626,130
cifar100_resnet8_C1_seed501,cifar100_resnet8,C1,501,135,4,"[0, 1, 0, 2]",1.153433132512101,77
cifar100_resnet8_C1_seed501,cifar100_resnet8,C1,501,135,5,"[1, 0, 0, 2]",1.1483157409476485,59
cifar100_resnet8_C1_seed501,cifar100_resnet8,C1,501,135,6,"[0, 0, 0, 2]",1.1479355281146795,92
cifar100_resnet8_C1_seed501,cifar100_resnet8,C1,501,135,7,"[1, 1, 1, 1]",1.1021145833516619,96
cifar100_resnet8_C1_seed501,cifar100_resnet8,C1,501,135,8,"[0, 1, 1, 1]",1.1015881182335003,168
cifar100_resnet8_C1_seed501,cifar100_resnet8,C1,501,135,9,"[1, 0, 1, 1]",1.096580415882942,116
cifar100_resnet8_C1_seed501,cifar100_resnet8,C1,501,135,10,"[0, 0, 1, 1]",1.0961544992108498,97
cifar100_resnet8_C1_seed502,cifar100_resnet8,C1,502,142,1,"[0, 1, 1, 2]",1.17065787575242,89
cifar100_resnet8_C1_seed502,cifar100_resnet8,C1,502,142,2,"[0, 0, 1, 2]",1.1651328490515245,122
cifar100_resnet8_C1_seed502,cifar100_resnet8,C1,502,142,3,"[1, 1, 0, 2]",1.1539595976302626,189
cifar100_resnet8_C1_seed502,cifar100_resnet8,C1,502,142,4,"[0, 1, 0, 2]",1.153433132512101,13
cifar100_resnet8_C1_seed502,cifar100_resnet8,C1,502,142,5,"[1, 0, 0, 2]",1.1483157409476485,238
cifar100_resnet8_C1_seed502,cifar100_resnet8,C1,502,142,6,"[0, 0, 0, 2]",1.1479355281146795,121
cifar100_resnet8_C1_seed502,cifar100_resnet8,C1,502,142,7,"[1, 1, 1, 1]",1.1021145833516619,196
cifar100_resnet8_C1_seed502,cifar100_resnet8,C1,502,142,8,"[0, 1, 1, 1]",1.1015881182335003,119
cifar100_resnet8_C1_seed502,cifar100_resnet8,C1,502,142,9,"[1, 0, 1, 1]",1.096580415882942,91
cifar100_resnet8_C1_seed502,cifar100_resnet8,C1,502,142,10,"[0, 0, 1, 1]",1.0961544992108498,175
cifar100_resnet8_C1_seed503,cifar100_resnet8,C1,503,153,1,"[0, 1, 1, 2]",1.17065787575242,130
cifar100_resnet8_C1_seed503,cifar100_resnet8,C1,503,153,2,"[0, 0, 1, 2]",1.1651328490515245,105
cifar100_resnet8_C1_seed503,cifar100_resnet8,C1,503,153,3,"[0, 1, 0, 2]",1.153433132512101,104
cifar100_resnet8_C1_seed503,cifar100_resnet8,C1,503,153,4,"[1, 0, 0, 2]",1.1483157409476485,397
cifar100_resnet8_C1_seed503,cifar100_resnet8,C1,503,153,5,"[0, 0, 0, 2]",1.1479355281146795,99
cifar100_resnet8_C1_seed503,cifar100_resnet8,C1,503,153,6,"[1, 1, 1, 1]",1.1021145833516619,132
cifar100_resnet8_C1_seed503,cifar100_resnet8,C1,503,153,7,"[0, 1, 1, 1]",1.1015881182335003,183
cifar100_resnet8_C1_seed503,cifar100_resnet8,C1,503,153,8,"[1, 0, 1, 1]",1.096580415882942,90
cifar100_resnet8_C1_seed503,cifar100_resnet8,C1,503,153,9,"[0, 0, 1, 1]",1.0961544992108498,126
cifar100_resnet8_C1_seed503,cifar100_resnet8,C1,503,153,10,"[1, 1, 0, 1]",1.0849355439504658,66
cifar100_resnet8_C1_seed504,cifar100_resnet8,C1,504,127,1,"[0, 1, 1, 2]",1.17065787575242,137
cifar100_resnet8_C1_seed504,cifar100_resnet8,C1,504,127,2,"[0, 0, 1, 2]",1.1651328490515245,288
cifar100_resnet8_C1_seed504,cifar100_resnet8,C1,504,127,3,"[0, 1, 0, 2]",1.153433132512101,56
cifar100_resnet8_C1_seed504,cifar100_resnet8,C1,504,127,4,"[1, 0, 0, 2]",1.1483157409476485,78
cifar100_resnet8_C1_seed504,cifar100_resnet8,C1,504,127,5,"[0, 0, 0, 2]",1.1479355281146795,32
cifar100_resnet8_C1_seed504,cifar100_resnet8,C1,504,127,6,"[1, 1, 1, 1]",1.1021145833516619,87
cifar100_resnet8_C1_seed504,cifar100_resnet8,C1,504,127,7,"[0, 1, 1, 1]",1.1015881182335003,90
cifar100_resnet8_C1_seed504,cifar100_resnet8,C1,504,127,8,"[1, 0, 1, 1]",1.096580415882942,43
cifar100_resnet8_C1_seed504,cifar100_resnet8,C1,504,127,9,"[0, 0, 1, 1]",1.0961544992108498,110
cifar100_resnet8_C1_seed504,cifar100_resnet8,C1,504,127,10,"[1, 1, 0, 1]",1.0849355439504658,141
cifar100_resnet8_C1_seed505,cifar100_resnet8,C1,505,161,1,"[0, 1, 1, 2]",1.17065787575242,193
cifar100_resnet8_C1_seed505,cifar100_resnet8,C1,505,161,2,"[0, 0, 1, 2]",1.1651328490515245,84
cifar100_resnet8_C1_seed505,cifar100_resnet8,C1,505,161,3,"[1, 1, 0, 2]",1.1539595976302626,99
cifar100_resnet8_C1_seed505,cifar100_resnet8,C1,505,161,4,"[0, 1, 0, 2]",1.153433132512101,48
cifar100_resnet8_C1_seed505,cifar100_resnet8,C1,505,161,5,"[1, 0, 0, 2]",1.1483157409476485,139
cifar100_resnet8_C1_seed505,cifar100_resnet8,C1,505,161,6,"[0, 0, 0, 2]",1.1479355281146795,200
cifar100_resnet8_C1_seed505,cifar100_resnet8,C1,505,161,7,"[1, 1, 1, 1]",1.1021145833516619,122
cifar100_resnet8_C1_seed505,cifar100_resnet8,C1,505,161,8,"[0, 1, 1, 1]",1.1015881182335003,147
cifar100_resnet8_C1_seed505,cifar100_resnet8,C1,505,161,9,"[1, 0, 1, 1]",1.096580415882942,102
cifar100_resnet8_C1_seed505,cifar100_resnet8,C1,505,161,10,"[0, 0, 1, 1]",1.0961544992108498,92
cifar100_resnet8_C1_seed506,cifar100_resnet8,C1,506,164,1,"[0, 1, 1, 2]",1.17065787575242,186
cifar100_resnet8_C1_seed506,cifar100_resnet8,C1,506,164,2,"[0, 1, 0, 2]",1.153433132512101,25
cifar100_resnet8_C1_seed506,cifar100_resnet8,C1,506,164,3,"[1, 0, 0, 2]",1.1483157409476485,262
cifar100_resnet8_C1_seed506,cifar100_resnet8,C1,506,164,4,"[1, 1, 1, 1]",1.1021145833516619,154
cifar100_resnet8_C1_seed506,cifar100_resnet8,C1,506,164,5,"[0, 1, 1, 1]",1.1015881182335003,118
cifar100_resnet8_C1_seed506,cifar100_resnet8,C1,506,164,6,"[1, 0, 1, 1]",1.096580415882942,203
cifar100_resnet8_C1_seed506,cifar100_resnet8,C1,506,164,7,"[0, 0, 1, 1]",1.0961544992108498,112
cifar100_resnet8_C1_seed506,cifar100_resnet8,C1,506,164,8,"[1, 1, 0, 1]",1.0849355439504658,241
cifar100_resnet8_C1_seed506,cifar100_resnet8,C1,506,164,9,"[0, 1, 0, 1]",1.0845004865105492,67
cifar100_resnet8_C1_seed506,cifar100_resnet8,C1,506,164,10,"[1, 0, 0, 1]",1.0794196580173947,124
cifar100_resnet8_C1_seed507,cifar100_resnet8,C1,507,152,1,"[0, 1, 1, 2]",1.17065787575242,67
cifar100_resnet8_C1_seed507,cifar100_resnet8,C1,507,152,2,"[0, 0, 1, 2]",1.1651328490515245,148
cifar100_resnet8_C1_seed507,cifar100_resnet8,C1,507,152,3,"[1, 1, 0, 2]",1.1539595976302626,68
cifar100_resnet8_C1_seed507,cifar100_resnet8,C1,507,152,4,"[0, 1, 0, 2]",1.153433132512101,122
cifar100_resnet8_C1_seed507,cifar100_resnet8,C1,507,152,5,"[0, 0, 0, 2]",1.1479355281146795,128
cifar100_resnet8_C1_seed507,cifar100_resnet8,C1,507,152,6,"[1, 1, 1, 1]",1.1021145833516619,437
cifar100_resnet8_C1_seed507,cifar100_resnet8,C1,507,152,7,"[0, 1, 1, 1]",1.1015881182335003,164
cifar100_resnet8_C1_seed507,cifar100_resnet8,C1,507,152,8,"[0, 0, 1, 1]",1.0961544992108498,138
cifar100_resnet8_C1_seed507,cifar100_resnet8,C1,507,152,9,"[0, 1, 0, 1]",1.0845004865105492,358
cifar100_resnet8_C1_seed507,cifar100_resnet8,C1,507,152,10,"[1, 0, 0, 1]",1.0794196580173947,113
cifar100_resnet8_C1_seed508,cifar100_resnet8,C1,508,127,1,"[0, 1, 1, 2]",1.17065787575242,121
cifar100_resnet8_C1_seed508,cifar100_resnet8,C1,508,127,2,"[0, 0, 1, 2]",1.1651328490515245,112
cifar100_resnet8_C1_seed508,cifar100_resnet8,C1,508,127,3,"[1, 1, 0, 2]",1.1539595976302626,77
cifar100_resnet8_C1_seed508,cifar100_resnet8,C1,508,127,4,"[0, 1, 0, 2]",1.153433132512101,50
cifar100_resnet8_C1_seed508,cifar100_resnet8,C1,508,127,5,"[1, 0, 0, 2]",1.1483157409476485,66
cifar100_resnet8_C1_seed508,cifar100_resnet8,C1,508,127,6,"[0, 0, 0, 2]",1.1479355281146795,130
cifar100_resnet8_C1_seed508,cifar100_resnet8,C1,508,127,7,"[1, 1, 1, 1]",1.1021145833516619,61
cifar100_resnet8_C1_seed508,cifar100_resnet8,C1,508,127,8,"[0, 1, 1, 1]",1.1015881182335003,51
cifar100_resnet8_C1_seed508,cifar100_resnet8,C1,508,127,9,"[1, 0, 1, 1]",1.096580415882942,128
cifar100_resnet8_C1_seed508,cifar100_resnet8,C1,508,127,10,"[0, 0, 1, 1]",1.0961544992108498,75
cifar100_resnet8_C1_seed509,cifar100_resnet8,C1,509,146,1,"[0, 1, 1, 2]",1.17065787575242,132
cifar100_resnet8_C1_seed509,cifar100_resnet8,C1,509,146,2,"[1, 1, 0, 2]",1.1539595976302626,81
cifar100_resnet8_C1_seed509,cifar100_resnet8,C1,509,146,3,"[0, 1, 0, 2]",1.153433132512101,202
cifar100_resnet8_C1_seed509,cifar100_resnet8,C1,509,146,4,"[0, 0, 0, 2]",1.1479355281146795,110
cifar100_resnet8_C1_seed509,cifar100_resnet8,C1,509,146,5,"[1, 1, 1, 1]",1.1021145833516619,133
cifar100_resnet8_C1_seed509,cifar100_resnet8,C1,509,146,6,"[0, 1, 1, 1]",1.1015881182335003,165
cifar100_resnet8_C1_seed509,cifar100_resnet8,C1,509,146,7,"[1, 0, 1, 1]",1.096580415882942,118
cifar100_resnet8_C1_seed509,cifar100_resnet8,C1,509,146,8,"[0, 0, 1, 1]",1.0961544992108498,146
cifar100_resnet8_C1_seed509,cifar100_resnet8,C1,509,146,9,"[1, 1, 0, 1]",1.0849355439504658,29
cifar100_resnet8_C1_seed509,cifar100_resnet8,C1,509,146,10,"[0, 1, 0, 1]",1.0845004865105492,134
cifar100_resnet8_C1_seed510,cifar100_resnet8,C1,510,163,1,"[0, 1, 1, 2]",1.17065787575242,186
cifar100_resnet8_C1_seed510,cifar100_resnet8,C1,510,163,2,"[0, 0, 1, 2]",1.1651328490515245,140
cifar100_resnet8_C1_seed510,cifar100_resnet8,C1,510,163,3,"[1, 1, 0, 2]",1.1539595976302626,263
cifar100_resnet8_C1_seed510,cifar100_resnet8,C1,510,163,4,"[0, 1, 0, 2]",1.153433132512101,50
cifar100_resnet8_C1_seed510,cifar100_resnet8,C1,510,163,5,"[1, 0, 0, 2]",1.1483157409476485,90
cifar100_resnet8_C1_seed510,cifar100_resnet8,C1,510,163,6,"[0, 0, 0, 2]",1.1479355281146795,103
cifar100_resnet8_C1_seed510,cifar100_resnet8,C1,510,163,7,"[1, 1, 1, 1]",1.1021145833516619,115
cifar100_resnet8_C1_seed510,cifar100_resnet8,C1,510,163,8,"[0, 1, 1, 1]",1.1015881182335003,180
cifar100_resnet8_C1_seed510,cifar100_resnet8,C1,510,163,9,"[1, 0, 1, 1]",1.096580415882942,76
cifar100_resnet8_C1_seed510,cifar100_resnet8,C1,510,163,10,"[0, 0, 1, 1]",1.0961544992108498,195
cifar100_resnet8_C1_seed511,cifar100_resnet8,C1,511,144,1,"[0, 1, 1, 2]",1.17065787575242,259
cifar100_resnet8_C1_seed511,cifar100_resnet8,C1,511,144,2,"[1, 1, 0, 2]",1.1539595976302626,234
cifar100_resnet8_C1_seed511,cifar100_resnet8,C1,511,144,3,"[0, 1, 0, 2]",1.153433132512101,99
cifar100_resnet8_C1_seed511,cifar100_resnet8,C1,511,144,4,"[1, 0, 0, 2]",1.1483157409476485,149
cifar100_resnet8_C1_seed511,cifar100_resnet8,C1,511,144,5,"[0, 0, 0, 2]",1.1479355281146795,57
cifar100_resnet8_C1_seed511,cifar100_resnet8,C1,511,144,6,"[1, 1, 1, 1]",1.1021145833516619,191
cifar100_resnet8_C1_seed511,cifar100_resnet8,C1,511,144,7,"[0, 1, 1, 1]",1.1015881182335003,51
cifar100_resnet8_C1_seed511,cifar100_resnet8,C1,511,144,8,"[1, 0, 1, 1]",1.096580415882942,114
cifar100_resnet8_C1_seed511,cifar100_resnet8,C1,511,144,9,"[0, 0, 1, 1]",1.0961544992108498,106
cifar100_resnet8_C1_seed511,cifar100_resnet8,C1,511,144,10,"[1, 1, 0, 1]",1.0849355439504658,170
cifar100_resnet8_C1_seed512,cifar100_resnet8,C1,512,129,1,"[0, 1, 1, 2]",1.17065787575242,86
cifar100_resnet8_C1_seed512,cifar100_resnet8,C1,512,129,2,"[0, 0, 1, 2]",1.1651328490515245,71
cifar100_resnet8_C1_seed512,cifar100_resnet8,C1,512,129,3,"[1, 1, 0, 2]",1.1539595976302626,66
cifar100_resnet8_C1_seed512,cifar100_resnet8,C1,512,129,4,"[0, 1, 0, 2]",1.153433132512101,181
cifar100_resnet8_C1_seed512,cifar100_resnet8,C1,512,129,5,"[1, 0, 0, 2]",1.1483157409476485,53
cifar100_resnet8_C1_seed512,cifar100_resnet8,C1,512,129,6,"[0, 0, 0, 2]",1.1479355281146795,154
cifar100_resnet8_C1_seed512,cifar100_resnet8,C1,512,129,7,"[1, 1, 1, 1]",1.1021145833516619,316
cifar100_resnet8_C1_seed512,cifar100_resnet8,C1,512,129,8,"[0, 1, 1, 1]",1.1015881182335003,141
cifar100_resnet8_C1_seed512,cifar100_resnet8,C1,512,129,9,"[1, 0, 1, 1]",1.096580415882942,100
cifar100_resnet8_C1_seed512,cifar100_resnet8,C1,512,129,10,"[0, 0, 1, 1]",1.0961544992108498,267
cifar100_resnet8_C1_seed513,cifar100_resnet8,C1,513,135,1,"[0, 1, 1, 2]",1.17065787575242,105
cifar100_resnet8_C1_seed513,cifar100_resnet8,C1,513,135,2,"[1, 1, 0, 2]",1.1539595976302626,100
cifar100_resnet8_C1_seed513,cifar100_resnet8,C1,513,135,3,"[1, 1, 1, 1]",1.1021145833516619,96
cifar100_resnet8_C1_seed513,cifar100_resnet8,C1,513,135,4,"[0, 1, 1, 1]",1.1015881182335003,142
cifar100_resnet8_C1_seed513,cifar100_resnet8,C1,513,135,5,"[1, 0, 1, 1]",1.096580415882942,184
cifar100_resnet8_C1_seed513,cifar100_resnet8,C1,513,135,6,"[0, 0, 1, 1]",1.0961544992108498,132
cifar100_resnet8_C1_seed513,cifar100_resnet8,C1,513,135,7,"[1, 1, 0, 1]",1.0849355439504658,189
cifar100_resnet8_C1_seed513,cifar100_resnet8,C1,513,135,8,"[0, 0, 0, 1]",1.0790211636487763,97
cifar100_resnet8_C1_seed513,cifar100_resnet8,C1,513,135,9,"[1, 1, 1, 0]",-0.0010968921389387098,42
cifar100_resnet8_C1_seed513,cifar100_resnet8,C1,513,135,10,"[1, 1, 1, 2]",-0.065082266910420072,23
cifar100_resnet8_C1_seed514,cifar100_resnet8,C1,514,136,1,"[0, 1, 1, 2]",1.17065787575242,118
cifar100_resnet8_C1_seed514,cifar100_resnet8,C1,514,136,2,"[0, 1, 0, 2]",1.153433132512101,156
cifar100_resnet8_C1_seed514,cifar100_resnet8,C1,514,136,3,"[1, 1, 1, 1]",1.1021145833516619,80
cifar100_resnet8_C1_seed514,cifar100_resnet8,C1,514,136,4,"[0, 1, 1, 1]",1.1015881182335003,75
cifar100_resnet8_C1_seed514,cifar100_resnet8,C1,514,136,5,"[1, 0, 1, 1]",1.096580415882942,38
cifar100_resnet8_C1_seed514,cifar100_resnet8,C1,514,136,6,"[0, 0, 1, 1]",1.0961544992108498,99
cifar100_resnet8_C1_seed514,cifar100_resnet8,C1,514,136,7,"[1, 1, 0, 1]",1.0849355439504658,191
cifar100_resnet8_C1_seed514,cifar100_resnet8,C1,514,136,8,"[0, 1, 0, 1]",1.0845004865105492,82
cifar100_resnet8_C1_seed514,cifar100_resnet8,C1,514,136,9,"[0, 0, 0, 1]",1.0790211636487763,42
cifar100_resnet8_C1_seed514,cifar100_resnet8,C1,514,136,10,"[0, 1, 1, 0]",1.0327040661020914,327
cifar100_resnet8_C1_seed515,cifar100_resnet8,C1,515,146,1,"[0, 0, 1, 2]",1.1651328490515245,108
cifar100_resnet8_C1_seed515,cifar100_resnet8,C1,515,146,2,"[1, 1, 0, 2]",1.1539595976302626,153
cifar100_resnet8_C1_seed515,cifar100_resnet8,C1,515,146,3,"[0, 1, 0, 2]",1.153433132512101,93
cifar100_resnet8_C1_seed515,cifar100_resnet8,C1,515,146,4,"[1, 0, 0, 2]",1.1483157409476485,191
cifar100_resnet8_C1_seed515,cifar100_resnet8,C1,515,146,5,"[0, 0, 0, 2]",1.1479355281146795,133
cifar100_resnet8_C1_seed515,cifar100_resnet8,C1,515,146,6,"[1, 1, 1, 1]",1.1021145833516619,79
cifar100_resnet8_C1_seed515,cifar100_resnet8,C1,515,146,7,"[0, 1, 1, 1]",1.1015881182335003,55
cifar100_resnet8_C1_seed515,cifar100_resnet8,C1,515,146,8,"[1, 0, 1, 1]",1.096580415882942,57
cifar100_resnet8_C1_seed515,cifar100_resnet8,C1,515,146,9,"[0, 0, 1, 1]",1.0961544992108498,60
cifar100_resnet8_C1_seed515,cifar100_resnet8,C1,515,146,10,"[1, 1, 0, 1]",1.0849355439504658,150
cifar100_resnet8_C1_seed516,cifar100_resnet8,C1,516,158,1,"[1, 1, 0, 2]",1.1539595976302626,78
cifar100_resnet8_C1_seed516,cifar100_resnet8,C1,516,158,2,"[0, 1, 0, 2]",1.153433132512101,193
cifar100_resnet8_C1_seed516,cifar100_resnet8,C1,516,158,3,"[1, 0, 0, 2]",1.1483157409476485,45
cifar100_resnet8_C1_seed516,cifar100_resnet8,C1,516,158,4,"[0, 0, 0, 2]",1.1479355281146795,144
cifar100_resnet8_C1_seed516,cifar100_resnet8,C1,516,158,5,"[0, 1, 1, 1]",1.1015881182335003,302
cifar100_resnet8_C1_seed516,cifar100_resnet8,C1,516,158,6,"[1, 0, 1, 1]",1.096580415882942,210
cifar100_resnet8_C1_seed516,cifar100_resnet8,C1,516,158,7,"[0, 0, 1, 1]",1.0961544992108498,230
cifar100_resnet8_C1_seed516,cifar100_resnet8,C1,516,158,8,"[1, 1, 0, 1]",1.0849355439504658,374
cifar100_resnet8_C1_seed516,cifar100_resnet8,C1,516,158,9,"[0, 1, 0, 1]",1.0845004865105492,295
cifar100_resnet8_C1_seed516,cifar100_resnet8,C1,516,158,10,"[1, 0, 0, 1]",1.0794196580173947,320
cifar100_resnet8_C1_seed517,cifar100_resnet8,C1,517,138,1,"[1, 1, 1, 1]",1.1021145833516619,90
cifar100_resnet8_C1_seed517,cifar100_resnet8,C1,517,138,2,"[0, 1, 1, 1]",1.1015881182335003,116
cifar100_resnet8_C1_seed517,cifar100_resnet8,C1,517,138,3,"[1, 0, 1, 1]",1.096580415882942,362
cifar100_resnet8_C1_seed517,cifar100_resnet8,C1,517,138,4,"[0, 0, 1, 1]",1.0961544992108498,111
cifar100_resnet8_C1_seed517,cifar100_resnet8,C1,517,138,5,"[1, 1, 0, 1]",1.0849355439504658,297
cifar100_resnet8_C1_seed517,cifar100_resnet8,C1,517,138,6,"[0, 1, 0, 1]",1.0845004865105492,172
cifar100_resnet8_C1_seed517,cifar100_resnet8,C1,517,138,7,"[1, 0, 0, 1]",1.0794196580173947,34
cifar100_resnet8_C1_seed517,cifar100_resnet8,C1,517,138,8,"[0, 0, 0, 1]",1.0790211636487763,55
cifar100_resnet8_C1_seed517,cifar100_resnet8,C1,517,138,9,"[0, 1, 1, 0]",1.0327040661020914,282
cifar100_resnet8_C1_seed517,cifar100_resnet8,C1,517,138,10,"[1, 0, 1, 0]",1.0276232376089369,32
cifar100_resnet8_C1_seed518,cifar100_resnet8,C1,518,135,1,"[0, 1, 1, 2]",1.17065787575242,53
cifar100_resnet8_C1_seed518,cifar100_resnet8,C1,518,135,2,"[1, 1, 0, 2]",1.1539595976302626,181
cifar100_resnet8_C1_seed518,cifar100_resnet8,C1,518,135,3,"[0, 1, 0, 2]",1.153433132512101,123
cifar100_resnet8_C1_seed518,cifar100_resnet8,C1,518,135,4,"[1, 1, 1, 1]",1.1021145833516619,86
cifar100_resnet8_C1_seed518,cifar100_resnet8,C1,518,135,5,"[0, 1, 1, 1]",1.1015881182335003,115
cifar100_resnet8_C1_seed518,cifar100_resnet8,C1,518,135,6,"[1, 0, 1, 1]",1.096580415882942,199
cifar100_resnet8_C1_seed518,cifar100_resnet8,C1,518,135,7,"[0, 0, 1, 1]",1.0961544992108498,125
cifar100_resnet8_C1_seed518,cifar100_resnet8,C1,518,135,8,"[1, 1, 0, 1]",1.0849355439504658,147
cifar100_resnet8_C1_seed518,cifar100_resnet8,C1,518,135,9,"[0, 1, 0, 1]",1.0845004865105492,64
cifar100_resnet8_C1_seed518,cifar100_resnet8,C1,518,135,10,"[1, 0, 0, 1]",1.0794196580173947,113
cifar100_resnet8_C1_seed519,cifar100_resnet8,C1,519,142,1,"[0, 1, 1, 2]",1.17065787575242,270
cifar100_resnet8_C1_seed519,cifar100_resnet8,C1,519,142,2,"[0, 0, 1, 2]",1.1651328490515245,150
cifar100_resnet8_C1_seed519,cifar100_resnet8,C1,519,142,3,"[0, 1, 0, 2]",1.153433132512101,118
cifar100_resnet8_C1_seed519,cifar100_resnet8,C1,519,142,4,"[1, 0, 0, 2]",1.1483157409476485,494
cifar100_resnet8_C1_seed519,cifar100_resnet8,C1,519,142,5,"[0, 0, 0, 2]",1.1479355281146795,155
cifar100_resnet8_C1_seed519,cifar100_resnet8,C1,519,142,6,"[1, 1, 1, 1]",1.1021145833516619,104
cifar100_resnet8_C1_seed519,cifar100_resnet8,C1,519,142,7,"[0, 1, 1, 1]",1.1015881182335003,42
cifar100_resnet8_C1_seed519,cifar100_resnet8,C1,519,142,8,"[0, 0, 1, 1]",1.0961544992108498,180
cifar100_resnet8_C1_seed519,cifar100_resnet8,C1,519,142,9,"[1, 1, 0, 1]",1.0849355439504658,508
cifar100_resnet8_C1_seed519,cifar100_resnet8,C1,519,142,10,"[0, 1, 0, 1]",1.0845004865105492,51
cifar100_resnet8_C2_seed500,cifar100_resnet8,C2,500,160,1,"[0, 1, 1, 2]",1.17065787575242,17
cifar100_resnet8_C2_seed500,cifar100_resnet8,C2,500,160,2,"[0, 0, 1, 2]",1.1651328490515245,84
cifar100_resnet8_C2_seed500,cifar100_resnet8,C2,500,160,3,"[1, 1, 0, 2]",1.1539595976302626,105
cifar100_resnet8_C2_seed500,cifar100_resnet8,C2,500,160,4,"[0, 1, 0, 2]",1.153433132512101,102
cifar100_resnet8_C2_seed500,cifar100_resnet8,C2,500,160,5,"[1, 0, 0, 2]",1.1483157409476485,211
cifar100_resnet8_C2_seed500,cifar100_resnet8,C2,500,160,6,"[0, 0, 0, 2]",1.1479355281146795,62
cifar100_resnet8_C2_seed500,cifar100_resnet8,C2,500,160,7,"[1, 1, 1, 1]",1.1021145833516619,179
cifar100_resnet8_C2_seed500,cifar100_resnet8,C2,500,160,8,"[0, 1, 1, 1]",1.1015881182335003,255
cifar100_resnet8_C2_seed500,cifar100_resnet8,C2,500,160,9,"[1, 0, 1, 1]",1.096580415882942,76
cifar100_resnet8_C2_seed500,cifar100_resnet8,C2,500,160,10,"[0, 0, 1, 1]",1.0961544992108498,227
cifar100_resnet8_C2_seed501,cifar100_resnet8,C2,501,119,1,"[0, 1, 0, 2]",1.153433132512101,77
cifar100_resnet8_C2_seed501,cifar100_resnet8,C2,501,119,2,"[1, 0, 0, 2]",1.1483157409476485,241
cifar100_resnet8_C2_seed501,cifar100_resnet8,C2,501,119,3,"[0, 0, 0, 2]",1.1479355281146795,384
cifar100_resnet8_C2_seed501,cifar100_resnet8,C2,501,119,4,"[1, 1, 1, 1]",1.1021145833516619,95
cifar100_resnet8_C2_seed501,cifar100_resnet8,C2,501,119,5,"[0, 1, 1, 1]",1.1015881182335003,168
cifar100_resnet8_C2_seed501,cifar100_resnet8,C2,501,119,6,"[1, 0, 1, 1]",1.096580415882942,71
cifar100_resnet8_C2_seed501,cifar100_resnet8,C2,501,119,7,"[0, 0, 1, 1]",1.0961544992108498,58
cifar100_resnet8_C2_seed501,cifar100_resnet8,C2,501,119,8,"[1, 1, 0, 1]",1.0849355439504658,8
cifar100_resnet8_C2_seed501,cifar100_resnet8,C2,501,119,9,"[0, 1, 0, 1]",1.0845004865105492,169
cifar100_resnet8_C2_seed501,cifar100_resnet8,C2,501,119,10,"[1, 0, 0, 1]",1.0794196580173947,126
cifar100_resnet8_C2_seed502,cifar100_resnet8,C2,502,168,1,"[0, 1, 1, 2]",1.17065787575242,147
cifar100_resnet8_C2_seed502,cifar100_resnet8,C2,502,168,2,"[0, 0, 1, 2]",1.1651328490515245,122
cifar100_resnet8_C2_seed502,cifar100_resnet8,C2,502,168,3,"[1, 1, 0, 2]",1.1539595976302626,149
cifar100_resnet8_C2_seed502,cifar100_resnet8,C2,502,168,4,"[0, 1, 0, 2]",1.153433132512101,251
cifar100_resnet8_C2_seed502,cifar100_resnet8,C2,502,168,5,"[1, 0, 0, 2]",1.1483157409476485,180
cifar100_resnet8_C2_seed502,cifar100_resnet8,C2,502,168,6,"[0, 0, 0, 2]",1.1479355281146795,121
cifar100_resnet8_C2_seed502,cifar100_resnet8,C2,502,168,7,"[1, 1, 1, 1]",1.1021145833516619,60
cifar100_resnet8_C2_seed502,cifar100_resnet8,C2,502,168,8,"[0, 1, 1, 1]",1.1015881182335003,119
cifar100_resnet8_C2_seed502,cifar100_resnet8,C2,502,168,9,"[1, 0, 1, 1]",1.096580415882942,91
cifar100_resnet8_C2_seed502,cifar100_resnet8,C2,502,168,10,"[0, 0, 1, 1]",1.0961544992108498,218
cifar100_resnet8_C2_seed503,cifar100_resnet8,C2,503,145,1,"[0, 0, 1, 2]",1.1651328490515245,105
cifar100_resnet8_C2_seed503,cifar100_resnet8,C2,503,145,2,"[0, 1, 0, 2]",1.153433132512101,104
cifar100_resnet8_C2_seed503,cifar100_resnet8,C2,503,145,3,"[1, 0, 0, 2]",1.1483157409476485,55
cifar100_resnet8_C2_seed503,cifar100_resnet8,C2,503,145,4,"[0, 0, 0, 2]",1.1479355281146795,99
cifar100_resnet8_C2_seed503,cifar100_resnet8,C2,503,145,5,"[1, 1, 1, 1]",1.1021145833516619,132
cifar100_resnet8_C2_seed503,cifar100_resnet8,C2,503,145,6,"[0, 1, 1, 1]",1.1015881182335003,332
cifar100_resnet8_C2_seed503,cifar100_resnet8,C2,503,145,7,"[1, 0, 1, 1]",1.096580415882942,90
cifar100_resnet8_C2_seed503,cifar100_resnet8,C2,503,145,8,"[0, 0, 1, 1]",1.0961544992108498,126
cifar100_resnet8_C2_seed503,cifar100_resnet8,C2,503,145,9,"[1, 1, 0, 1]",1.0849355439504658,66
cifar100_resnet8_C2_seed503,cifar100_resnet8,C2,503,145,10,"[0, 1, 0, 1]",1.0845004865105492,151
cifar100_resnet8_C2_seed504,cifar100_resnet8,C2,504,134,1,"[0, 1, 1, 2]",1.17065787575242,397
cifar100_resnet8_C2_seed504,cifar100_resnet8,C2,504,134,2,"[0, 0, 1, 2]",1.1651328490515245,137
cifar100_resnet8_C2_seed504,cifar100_resnet8,C2,504,134,3,"[0, 1, 0, 2]",1.153433132512101,56
cifar100_resnet8_C2_seed504,cifar100_resnet8,C2,504,134,4,"[1, 0, 0, 2]",1.1483157409476485,78
cifar100_resnet8_C2_seed504,cifar100_resnet8,C2,504,134,5,"[0, 0, 0, 2]",1.1479355281146795,80
cifar100_resnet8_C2_seed504,cifar100_resnet8,C2,504,134,6,"[1, 1, 1, 1]",1.1021145833516619,87
cifar100_resnet8_C2_seed504,cifar100_resnet8,C2,504,134,7,"[0, 1, 1, 1]",1.1015881182335003,293
cifar100_resnet8_C2_seed504,cifar100_resnet8,C2,504,134,8,"[1, 0, 1, 1]",1.096580415882942,43
cifar100_resnet8_C2_seed504,cifar100_resnet8,C2,504,134,9,"[0, 0, 1, 1]",1.0961544992108498,90
cifar100_resnet8_C2_seed504,cifar100_resnet8,C2,504,134,10,"[1, 1, 0, 1]",1.0849355439504658,141
cifar100_resnet8_C2_seed505,cifar100_resnet8,C2,505,150,1,"[0, 1, 1, 2]",1.17065787575242,193
cifar100_resnet8_C2_seed505,cifar100_resnet8,C2,505,150,2,"[0, 0, 1, 2]",1.1651328490515245,84
cifar100_resnet8_C2_seed505,cifar100_resnet8,C2,505,150,3,"[0, 1, 0, 2]",1.153433132512101,141
cifar100_resnet8_C2_seed505,cifar100_resnet8,C2,505,150,4,"[1, 0, 0, 2]",1.1483157409476485,139
cifar100_resnet8_C2_seed505,cifar100_resnet8,C2,505,150,5,"[1, 1, 1, 1]",1.1021145833516619,122
cifar100_resnet8_C2_seed505,cifar100_resnet8,C2,505,150,6,"[0, 1, 1, 1]",1.1015881182335003,147
cifar100_resnet8_C2_seed505,cifar100_resnet8,C2,505,150,7,"[1, 0, 1, 1]",1.096580415882942,102
cifar100_resnet8_C2_seed505,cifar100_resnet8,C2,505,150,8,"[0, 0, 1, 1]",1.0961544992108498,92
cifar100_resnet8_C2_seed505,cifar100_resnet8,C2,505,150,9,"[1, 1, 0, 1]",1.0849355439504658,99
cifar100_resnet8_C2_seed505,cifar100_resnet8,C2,505,150,10,"[0, 1, 0, 1]",1.0845004865105492,158
cifar100_resnet8_C2_seed506,cifar100_resnet8,C2,506,171,1,"[0, 1, 1, 2]",1.17065787575242,186
cifar100_resnet8_C2_seed506,cifar100_resnet8,C2,506,171,2,"[0, 1, 0, 2]",1.153433132512101,25
cifar100_resnet8_C2_seed506,cifar100_resnet8,C2,506,171,3,"[1, 0, 0, 2]",1.1483157409476485,262
cifar100_resnet8_C2_seed506,cifar100_resnet8,C2,506,171,4,"[1, 1, 1, 1]",1.1021145833516619,73
cifar100_resnet8_C2_seed506,cifar100_resnet8,C2,506,171,5,"[0, 1, 1, 1]",1.1015881182335003,118
cifar100_resnet8_C2_seed506,cifar100_resnet8,C2,506,171,6,"[1, 0, 1, 1]",1.096580415882942,203
cifar100_resnet8_C2_seed506,cifar100_resnet8,C2,506,171,7,"[0, 0, 1, 1]",1.0961544992108498,112
cifar100_resnet8_C2_seed506,cifar100_resnet8,C2,506,171,8,"[1, 1, 0, 1]",1.0849355439504658,211
cifar100_resnet8_C2_seed506,cifar100_resnet8,C2,506,171,9,"[0, 1, 0, 1]",1.0845004865105492,67
cifar100_resnet8_C2_seed506,cifar100_resnet8,C2,506,171,10,"[1, 0, 0, 1]",1.0794196580173947,254
cifar100_resnet8_C2_seed507,cifar100_resnet8,C2,507,155,1,"[0, 1, 1, 2]",1.17065787575242,166
cifar100_resnet8_C2_seed507,cifar100_resnet8,C2,507,155,2,"[0, 0, 1, 2]",1.1651328490515245,148
cifar100_resnet8_C2_seed507,cifar100_resnet8,C2,507,155,3,"[0, 1, 0, 2]",1.153433132512101,65
cifar100_resnet8_C2_seed507,cifar100_resnet8,C2,507,155,4,"[0, 0, 0, 2]",1.1479355281146795,66
cifar100_resnet8_C2_seed507,cifar100_resnet8,C2,507,155,5,"[1, 1, 1, 1]",1.1021145833516619,437
cifar100_resnet8_C2_seed507,cifar100_resnet8,C2,507,155,6,"[0, 1, 1, 1]",1.1015881182335003,125
cifar100_resnet8_C2_seed507,cifar100_resnet8,C2,507,155,7,"[1, 0, 1, 1]",1.096580415882942,137
cifar100_resnet8_C2_seed507,cifar100_resnet8,C2,507,155,8,"[0, 0, 1, 1]",1.0961544992108498,91
cifar100_resnet8_C2_seed507,cifar100_resnet8,C2,507,155,9,"[1, 1, 0, 1]",1.0849355439504658,113
cifar100_resnet8_C2_seed507,cifar100_resnet8,C2,507,155,10,"[0, 1, 0, 1]",1.0845004865105492,445
cifar100_resnet8_C2_seed508,cifar100_resnet8,C2,508,130,1,"[0, 1, 1, 2]",1.17065787575242,26
cifar100_resnet8_C2_seed508,cifar100_resnet8,C2,508,130,2,"[0, 0, 1, 2]",1.1651328490515245,118
cifar100_resnet8_C2_seed508,cifar100_resnet8,C2,508,130,3,"[1, 1, 0, 2]",1.1539595976302626,77
cifar100_resnet8_C2_seed508,cifar100_resnet8,C2,508,130,4,"[0, 1, 0, 2]",1.153433132512101,50
cifar100_resnet8_C2_seed508,cifar100_resnet8,C2,508,130,5,"[0, 0, 0, 2]",1.1479355281146795,130
cifar100_resnet8_C2_seed508,cifar100_resnet8,C2,508,130,6,"[1, 1, 1, 1]",1.1021145833516619,61
cifar100_resnet8_C2_seed508,cifar100_resnet8,C2,508,130,7,"[0, 1, 1, 1]",1.1015881182335003,51
cifar100_resnet8_C2_seed508,cifar100_resnet8,C2,508,130,8,"[1, 0, 1, 1]",1.096580415882942,141
cifar100_resnet8_C2_seed508,cifar100_resnet8,C2,508,130,9,"[0, 0, 1, 1]",1.0961544992108498,75
cifar100_resnet8_C2_seed508,cifar100_resnet8,C2,508,130,10,"[1, 1, 0, 1]",1.0849355439504658,98
cifar100_resnet8_C2_seed509,cifar100_resnet8,C2,509,148,1,"[1, 1, 0, 2]",1.1539595976302626,117
cifar100_resnet8_C2_seed509,cifar100_resnet8,C2,509,148,2,"[0, 1, 0, 2]",1.153433132512101,128
cifar100_resnet8_C2_seed509,cifar100_resnet8,C2,509,148,3,"[0, 0, 0, 2]",1.1479355281146795,110
cifar100_resnet8_C2_seed509,cifar100_resnet8,C2,509,148,4,"[1, 1, 1, 1]",1.1021145833516619,379
cifar100_resnet8_C2_seed509,cifar100_resnet8,C2,509,148,5,"[0, 1, 1, 1]",1.1015881182335003,152
cifar100_resnet8_C2_seed509,cifar100_resnet8,C2,509,148,6,"[1, 0, 1, 1]",1.096580415882942,118
cifar100_resnet8_C2_seed509,cifar100_resnet8,C2,509,148,7,"[0, 0, 1, 1]",1.0961544992108498,177
cifar100_resnet8_C2_seed509,cifar100_resnet8,C2,509,148,8,"[1, 1, 0, 1]",1.0849355439504658,29
cifar100_resnet8_C2_seed509,cifar100_resnet8,C2,509,148,9,"[0, 1, 0, 1]",1.0845004865105492,134
cifar100_resnet8_C2_seed509,cifar100_resnet8,C2,509,148,10,"[1, 0, 0, 1]",1.0794196580173947,36
cifar100_resnet8_C2_seed510,cifar100_resnet8,C2,510,163,1,"[0, 0, 1, 2]",1.1651328490515245,181
cifar100_resnet8_C2_seed510,cifar100_resnet8,C2,510,163,2,"[1, 1, 0, 2]",1.1539595976302626,149
cifar100_resnet8_C2_seed510,cifar100_resnet8,C2,510,163,3,"[0, 1, 0, 2]",1.153433132512101,50
cifar100_resnet8_C2_seed510,cifar100_resnet8,C2,510,163,4,"[1, 0, 0, 2]",1.1483157409476485,90
cifar100_resnet8_C2_seed510,cifar100_resnet8,C2,510,163,5,"[0, 0, 0, 2]",1.1479355281146795,166
cifar100_resnet8_C2_seed510,cifar100_resnet8,C2,510,163,6,"[1, 1, 1, 1]",1.1021145833516619,115
cifar100_resnet8_C2_seed510,cifar100_resnet8,C2,510,163,7,"[0, 1, 1, 1]",1.1015881182335003,198
cifar100_resnet8_C2_seed510,cifar100_resnet8,C2,510,163,8,"[1, 0, 1, 1]",1.096580415882942,164
cifar100_resnet8_C2_seed510,cifar100_resnet8,C2,510,163,9,"[0, 0, 1, 1]",1.0961544992108498,223
cifar100_resnet8_C2_seed510,cifar100_resnet8,C2,510,163,10,"[1, 1, 0, 1]",1.0849355439504658,116
cifar100_resnet8_C2_seed511,cifar100_resnet8,C2,511,149,1,"[0, 1, 1, 2]",1.17065787575242,110
cifar100_resnet8_C2_seed511,cifar100_resnet8,C2,511,149,2,"[0, 1, 0, 2]",1.153433132512101,99
cifar100_resnet8_C2_seed511,cifar100_resnet8,C2,511,149,3,"[1, 0, 0, 2]",1.1483157409476485,149
cifar100_resnet8_C2_seed511,cifar100_resnet8,C2,511,149,4,"[0, 0, 0, 2]",1.1479355281146795,148
cifar100_resnet8_C2_seed511,cifar100_resnet8,C2,511,149,5,"[1, 1, 1, 1]",1.1021145833516619,181
cifar100_resnet8_C2_seed511,cifar100_resnet8,C2,511,149,6,"[0, 1, 1, 1]",1.1015881182335003,51
cifar100_resnet8_C2_seed511,cifar100_resnet8,C2,511,149,7,"[1, 0, 1, 1]",1.096580415882942,114
cifar100_resnet8_C2_seed511,cifar100_resnet8,C2,511,149,8,"[0, 0, 1, 1]",1.0961544992108498,106
cifar100_resnet8_C2_seed511,cifar100_resnet8,C2,511,149,9,"[1, 1, 0, 1]",1.0849355439504658,159
cifar100_resnet8_C2_seed511,cifar100_resnet8,C2,511,149,10,"[0, 1, 0, 1]",1.0845004865105492,56
cifar100_resnet8_C2_seed512,cifar100_resnet8,C2,512,123,1,"[0, 0, 1, 2]",1.1651328490515245,71
cifar100_resnet8_C2_seed512,cifar100_resnet8,C2,512,123,2,"[1, 1, 0, 2]",1.1539595976302626,66
cifar100_resnet8_C2_seed512,cifar100_resnet8,C2,512,123,3,"[1, 0, 0, 2]",1.1483157409476485,53
cifar100_resnet8_C2_seed512,cifar100_resnet8,C2,512,123,4,"[0, 0, 0, 2]",1.1479355281146795,121
cifar100_resnet8_C2_seed512,cifar100_resnet8,C2,512,123,5,"[1, 1, 1, 1]",1.1021145833516619,342
cifar100_resnet8_C2_seed512,cifar100_resnet8,C2,512,123,6,"[1, 0, 1, 1]",1.096580415882942,349
cifar100_resnet8_C2_seed512,cifar100_resnet8,C2,512,123,7,"[0, 0, 1, 1]",1.0961544992108498,100
cifar100_resnet8_C2_seed512,cifar100_resnet8,C2,512,123,8,"[1, 1, 0, 1]",1.0849355439504658,112
cifar100_resnet8_C2_seed512,cifar100_resnet8,C2,512,123,9,"[0, 1, 0, 1]",1.0845004865105492,125
cifar100_resnet8_C2_seed512,cifar100_resnet8,C2,512,123,10,"[1, 0, 0, 1]",1.0794196580173947,158
cifar100_resnet8_C2_seed513,cifar100_resnet8,C2,513,180,1,"[0, 1, 1, 2]",1.17065787575242,105
cifar100_resnet8_C2_seed513,cifar100_resnet8,C2,513,180,2,"[1, 1, 0, 2]",1.1539595976302626,100
cifar100_resnet8_C2_seed513,cifar100_resnet8,C2,513,180,3,"[1, 0, 0, 2]",1.1483157409476485,248
cifar100_resnet8_C2_seed513,cifar100_resnet8,C2,513,180,4,"[0, 0, 0, 2]",1.1479355281146795,190
cifar100_resnet8_C2_seed513,cifar100_resnet8,C2,513,180,5,"[1, 1, 1, 1]",1.1021145833516619,207
cifar100_resnet8_C2_seed513,cifar100_resnet8,C2,513,180,6,"[0, 1, 1, 1]",1.1015881182335003,196
cifar100_resnet8_C2_seed513,cifar100_resnet8,C2,513,180,7,"[1, 0, 1, 1]",1.096580415882942,235
cifar100_resnet8_C2_seed513,cifar100_resnet8,C2,513,180,8,"[0, 0, 1, 1]",1.0961544992108498,142
cifar100_resnet8_C2_seed513,cifar100_resnet8,C2,513,180,9,"[1, 1, 0, 1]",1.0849355439504658,199
cifar100_resnet8_C2_seed513,cifar100_resnet8,C2,513,180,10,"[0, 1, 0, 1]",1.0845004865105492,185
cifar100_resnet8_C2_seed514,cifar100_resnet8,C2,514,146,1,"[0, 1, 1, 2]",1.17065787575242,118
cifar100_resnet8_C2_seed514,cifar100_resnet8,C2,514,146,2,"[0, 1, 0, 2]",1.153433132512101,148
cifar100_resnet8_C2_seed514,cifar100_resnet8,C2,514,146,3,"[1, 1, 1, 1]",1.1021145833516619,80
cifar100_resnet8_C2_seed514,cifar100_resnet8,C2,514,146,4,"[0, 1, 1, 1]",1.1015881182335003,75
cifar100_resnet8_C2_seed514,cifar100_resnet8,C2,514,146,5,"[1, 0, 1, 1]",1.096580415882942,38
cifar100_resnet8_C2_seed514,cifar100_resnet8,C2,514,146,6,"[0, 0, 1, 1]",1.0961544992108498,99
cifar100_resnet8_C2_seed514,cifar100_resnet8,C2,514,146,7,"[1, 1, 0, 1]",1.0849355439504658,185
cifar100_resnet8_C2_seed514,cifar100_resnet8,C2,514,146,8,"[0, 1, 0, 1]",1.0845004865105492,113
cifar100_resnet8_C2_seed514,cifar100_resnet8,C2,514,146,9,"[1, 0, 0, 1]",1.0794196580173947,237
cifar100_resnet8_C2_seed514,cifar100_resnet8,C2,514,146,10,"[0, 0, 0, 1]",1.0790211636487763,156
cifar100_resnet8_C2_seed515,cifar100_resnet8,C2,515,137,1,"[0, 1, 1, 2]",1.17065787575242,212
cifar100_resnet8_C2_seed515,cifar100_resnet8,C2,515,137,2,"[0, 0, 1, 2]",1.1651328490515245,108
cifar100_resnet8_C2_seed515,cifar100_resnet8,C2,515,137,3,"[1, 1, 0, 2]",1.1539595976302626,153
cifar100_resnet8_C2_seed515,cifar100_resnet8,C2,515,137,4,"[0, 1, 0, 2]",1.153433132512101,93
cifar100_resnet8_C2_seed515,cifar100_resnet8,C2,515,137,5,"[0, 0, 0, 2]",1.1479355281146795,133
cifar100_resnet8_C2_seed515,cifar100_resnet8,C2,515,137,6,"[1, 1, 1, 1]",1.1021145833516619,79
cifar100_resnet8_C2_seed515,cifar100_resnet8,C2,515,137,7,"[0, 1, 1, 1]",1.1015881182335003,54
cifar100_resnet8_C2_seed515,cifar100_resnet8,C2,515,137,8,"[1, 0, 1, 1]",1.096580415882942,57
cifar100_resnet8_C2_seed515,cifar100_resnet8,C2,515,137,9,"[0, 0, 1, 1]",1.0961544992108498,60
cifar100_resnet8_C2_seed515,cifar100_resnet8,C2,515,137,10,"[1, 1, 0, 1]",1.0849355439504658,150
cifar100_resnet8_C2_seed516,cifar100_resnet8,C2,516,150,1,"[0, 1, 1, 2]",1.17065787575242,59
cifar100_resnet8_C2_seed516,cifar100_resnet8,C2,516,150,2,"[0, 0, 1, 2]",1.1651328490515245,118
cifar100_resnet8_C2_seed516,cifar100_resnet8,C2,516,150,3,"[1, 1, 0, 2]",1.1539595976302626,21
cifar100_resnet8_C2_seed516,cifar100_resnet8,C2,516,150,4,"[0, 1, 0, 2]",1.153433132512101,193
cifar100_resnet8_C2_seed516,cifar100_resnet8,C2,516,150,5,"[1, 0, 0, 2]",1.1483157409476485,45
cifar100_resnet8_C2_seed516,cifar100_resnet8,C2,516,150,6,"[0, 0, 0, 2]",1.1479355281146795,263
cifar100_resnet8_C2_seed516,cifar100_resnet8,C2,516,150,7,"[1, 1, 1, 1]",1.1021145833516619,159
cifar100_resnet8_C2_seed516,cifar100_resnet8,C2,516,150,8,"[0, 1, 1, 1]",1.1015881182335003,32
cifar100_resnet8_C2_seed516,cifar100_resnet8,C2,516,150,9,"[1, 0, 1, 1]",1.096580415882942,181
cifar100_resnet8_C2_seed516,cifar100_resnet8,C2,516,150,10,"[0, 0, 1, 1]",1.0961544992108498,214
cifar100_resnet8_C2_seed517,cifar100_resnet8,C2,517,125,1,"[1, 1, 1, 1]",1.1021145833516619,90
cifar100_resnet8_C2_seed517,cifar100_resnet8,C2,517,125,2,"[0, 1, 1, 1]",1.1015881182335003,58
cifar100_resnet8_C2_seed517,cifar100_resnet8,C2,517,125,3,"[1, 0, 1, 1]",1.096580415882942,114
cifar100_resnet8_C2_seed517,cifar100_resnet8,C2,517,125,4,"[0, 0, 1, 1]",1.0961544992108498,111
cifar100_resnet8_C2_seed517,cifar100_resnet8,C2,517,125,5,"[1, 1, 0, 1]",1.0849355439504658,133
cifar100_resnet8_C2_seed517,cifar100_resnet8,C2,517,125,6,"[0, 1, 0, 1]",1.0845004865105492,172
cifar100_resnet8_C2_seed517,cifar100_resnet8,C2,517,125,7,"[1, 0, 0, 1]",1.0794196580173947,34
cifar100_resnet8_C2_seed517,cifar100_resnet8,C2,517,125,8,"[0, 0, 0, 1]",1.0790211636487763,55
cifar100_resnet8_C2_seed517,cifar100_resnet8,C2,517,125,9,"[0, 1, 1, 0]",1.0327040661020914,134
cifar100_resnet8_C2_seed517,cifar100_resnet8,C2,517,125,10,"[1, 0, 1, 0]",1.0276232376089369,32
cifar100_resnet8_C2_seed518,cifar100_resnet8,C2,518,147,1,"[0, 1, 1, 2]",1.17065787575242,53
cifar100_resnet8_C2_seed518,cifar100_resnet8,C2,518,147,2,"[0, 0, 1, 2]",1.1651328490515245,114
cifar100_resnet8_C2_seed518,cifar100_resnet8,C2,518,147,3,"[1, 1, 0, 2]",1.1539595976302626,175
cifar100_resnet8_C2_seed518,cifar100_resnet8,C2,518,147,4,"[0, 1, 0, 2]",1.153433132512101,123
cifar100_resnet8_C2_seed518,cifar100_resnet8,C2,518,147,5,"[0, 0, 0, 2]",1.1479355281146795,160
cifar100_resnet8_C2_seed518,cifar100_resnet8,C2,518,147,6,"[1, 1, 1, 1]",1.1021145833516619,102
cifar100_resnet8_C2_seed518,cifar100_resnet8,C2,518,147,7,"[0, 1, 1, 1]",1.1015881182335003,120
cifar100_resnet8_C2_seed518,cifar100_resnet8,C2,518,147,8,"[1, 0, 1, 1]",1.096580415882942,166
cifar100_resnet8_C2_seed518,cifar100_resnet8,C2,518,147,9,"[0, 0, 1, 1]",1.0961544992108498,125
cifar100_resnet8_C2_seed518,cifar100_resnet8,C2,518,147,10,"[1, 1, 0, 1]",1.0849355439504658,224
cifar100_resnet8_C2_seed519,cifar100_resnet8,C2,519,136,1,"[0, 0, 1, 2]",1.1651328490515245,150
cifar100_resnet8_C2_seed519,cifar100_resnet8,C2,519,136,2,"[0, 1, 0, 2]",1.153433132512101,122
cifar100_resnet8_C2_seed519,cifar100_resnet8,C2,519,136,3,"[0, 0, 0, 2]",1.1479355281146795,155
cifar100_resnet8_C2_seed519,cifar100_resnet8,C2,519,136,4,"[1, 1, 1, 1]",1.1021145833516619,104
cifar100_resnet8_C2_seed519,cifar100_resnet8,C2,519,136,5,"[0, 1, 1, 1]",1.1015881182335003,42
cifar100_resnet8_C2_seed519,cifar100_resnet8,C2,519,136,6,"[1, 0, 1, 1]",1.096580415882942,453
cifar100_resnet8_C2_seed519,cifar100_resnet8,C2,519,136,7,"[0, 0, 1, 1]",1.0961544992108498,180
cifar100_resnet8_C2_seed519,cifar100_resnet8,C2,519,136,8,"[0, 1, 0, 1]",1.0845004865105492,51
cifar100_resnet8_C2_seed519,cifar100_resnet8,C2,519,136,9,"[1, 0, 0, 1]",1.0794196580173947,189
cifar100_resnet8_C2_seed519,cifar100_resnet8,C2,519,136,10,"[0, 0, 0, 1]",1.0790211636487763,100
cifar100_simplecnn_C0_seed500,cifar100_simplecnn,C0,500,276,1,"[1, 2, 4, 5]",2.2238751914085029,267
cifar100_simplecnn_C0_seed500,cifar100_simplecnn,C0,500,276,2,"[1, 3, 4, 5]",2.2206159401195151,75
cifar100_simplecnn_C0_seed500,cifar100_simplecnn,C0,500,276,3,"[0, 2, 4, 5]",2.215162993672906,338
cifar100_simplecnn_C0_seed500,cifar100_simplecnn,C0,500,276,4,"[0, 3, 4, 5]",2.2106782521878396,332
cifar100_simplecnn_C0_seed500,cifar100_simplecnn,C0,500,276,5,"[0, 1, 3, 5]",2.2069556678875824,313
cifar100_simplecnn_C0_seed500,cifar100_simplecnn,C0,500,276,6,"[1, 2, 3, 5]",2.206279607930973,238
cifar100_simplecnn_C0_seed500,cifar100_simplecnn,C0,500,276,7,"[1, 0, 2, 5]",2.2037856246724465,376
cifar100_simplecnn_C0_seed500,cifar100_simplecnn,C0,500,276,8,"[0, 2, 3, 5]",2.2036948611757681,93
cifar100_simplecnn_C0_seed500,cifar100_simplecnn,C0,500,276,9,"[2, 0, 4, 5]",2.2035713423042802,167
cifar100_simplecnn_C0_seed500,cifar100_simplecnn,C0,500,276,10,"[2, 0, 3, 5]",2.1994561509836128,399
cifar100_simplecnn_C0_seed501,cifar100_simplecnn,C0,501,283,1,"[0, 1, 4, 5]",2.2319041925415828,250
cifar100_simplecnn_C0_seed501,cifar100_simplecnn,C0,501,283,2,"[1, 0, 4, 5]",2.2267203342438964,455
cifar100_simplecnn_C0_seed501,cifar100_simplecnn,C0,501,283,3,"[1, 3, 4, 5]",2.2206159401195151,354
cifar100_simplecnn_C0_seed501,cifar100_simplecnn,C0,501,283,4,"[1, 0, 3, 5]",2.2177031821389148,203
cifar100_simplecnn_C0_seed501,cifar100_simplecnn,C0,501,283,5,"[0, 1, 3, 5]",2.2069556678875824,100
cifar100_simplecnn_C0_seed501,cifar100_simplecnn,C0,501,283,6,"[1, 2, 3, 5]",2.206279607930973,454
cifar100_simplecnn_C0_seed501,cifar100_simplecnn,C0,501,283,7,"[1, 0, 2, 5]",2.2037856246724465,201
cifar100_simplecnn_C0_seed501,cifar100_simplecnn,C0,501,283,8,"[0, 2, 3, 5]",2.2036948611757681,433
cifar100_simplecnn_C0_seed501,cifar100_simplecnn,C0,501,283,9,"[2, 0, 4, 5]",2.2035713423042802,221
cifar100_simplecnn_C0_seed501,cifar100_simplecnn,C0,501,283,10,"[2, 1, 3, 5]",2.2023227952521909,258
cifar100_simplecnn_C0_seed502,cifar100_simplecnn,C0,502,299,1,"[0, 1, 4, 5]",2.2319041925415828,453
cifar100_simplecnn_C0_seed502,cifar100_simplecnn,C0,502,299,2,"[1, 0, 4, 5]",2.2267203342438964,307
cifar100_simplecnn_C0_seed502,cifar100_simplecnn,C0,502,299,3,"[1, 2, 4, 5]",2.2238751914085029,342
cifar100_simplecnn_C0_seed502,cifar100_simplecnn,C0,502,299,4,"[1, 3, 4, 5]",2.2206159401195151,3
cifar100_simplecnn_C0_seed502,cifar100_simplecnn,C0,502,299,5,"[1, 0, 3, 5]",2.2177031821389148,467
cifar100_simplecnn_C0_seed502,cifar100_simplecnn,C0,502,299,6,"[0, 2, 4, 5]",2.215162993672906,54
cifar100_simplecnn_C0_seed502,cifar100_simplecnn,C0,502,299,7,"[0, 3, 4, 5]",2.2106782521878396,490
cifar100_simplecnn_C0_seed502,cifar100_simplecnn,C0,502,299,8,"[0, 1, 3, 5]",2.2069556678875824,166
cifar100_simplecnn_C0_seed502,cifar100_simplecnn,C0,502,299,9,"[1, 2, 3, 5]",2.206279607930973,294
cifar100_simplecnn_C0_seed502,cifar100_simplecnn,C0,502,299,10,"[1, 0, 2, 5]",2.2037856246724465,434
cifar100_simplecnn_C0_seed503,cifar100_simplecnn,C0,503,327,1,"[0, 1, 4, 5]",2.2319041925415828,356
cifar100_simplecnn_C0_seed503,cifar100_simplecnn,C0,503,327,2,"[1, 0, 4, 5]",2.2267203342438964,337
cifar100_simplecnn_C0_seed503,cifar100_simplecnn,C0,503,327,3,"[1, 2, 4, 5]",2.2238751914085029,329
cifar100_simplecnn_C0_seed503,cifar100_simplecnn,C0,503,327,4,"[1, 0, 3, 5]",2.2177031821389148,340
cifar100_simplecnn_C0_seed503,cifar100_simplecnn,C0,503,327,5,"[0, 2, 4, 5]",2.215162993672906,27
cifar100_simplecnn_C0_seed503,cifar100_simplecnn,C0,503,327,6,"[0, 3, 4, 5]",2.2106782521878396,22
cifar100_simplecnn_C0_seed503,cifar100_simplecnn,C0,503,327,7,"[0, 1, 3, 5]",2.2069556678875824,332
cifar100_simplecnn_C0_seed503,cifar100_simplecnn,C0,503,327,8,"[1, 0, 2, 5]",2.2037856246724465,304
cifar100_simplecnn_C0_seed503,cifar100_simplecnn,C0,503,327,9,"[0, 2, 3, 5]",2.2036948611757681,403
cifar100_simplecnn_C0_seed503,cifar100_simplecnn,C0,503,327,10,"[2, 0, 4, 5]",2.2035713423042802,437
cifar100_simplecnn_C0_seed504,cifar100_simplecnn,C0,504,284,1,"[0, 1, 4, 5]",2.2319041925415828,251
cifar100_simplecnn_C0_seed504,cifar100_simplecnn,C0,504,284,2,"[1, 0, 4, 5]",2.2267203342438964,85
cifar100_simplecnn_C0_seed504,cifar100_simplecnn,C0,504,284,3,"[1, 2, 4, 5]",2.2238751914085029,394
cifar100_simplecnn_C0_seed504,cifar100_simplecnn,C0,504,284,4,"[1, 3, 4, 5]",2.2206159401195151,378
cifar100_simplecnn_C0_seed504,cifar100_simplecnn,C0,504,284,5,"[1, 0, 3, 5]",2.2177031821389148,346
cifar100_simplecnn_C0_seed504,cifar100_simplecnn,C0,504,284,6,"[0, 2, 4, 5]",2.215162993672906,203
cifar100_simplecnn_C0_seed504,cifar100_simplecnn,C0,504,284,7,"[0, 1, 3, 5]",2.2069556678875824,295
cifar100_simplecnn_C0_seed504,cifar100_simplecnn,C0,504,284,8,"[1, 2, 3, 5]",2.206279607930973,315
cifar100_simplecnn_C0_seed504,cifar100_simplecnn,C0,504,284,9,"[1, 0, 2, 5]",2.2037856246724465,158
cifar100_simplecnn_C0_seed504,cifar100_simplecnn,C0,504,284,10,"[0, 2, 3, 5]",2.2036948611757681,344
cifar100_simplecnn_C0_seed505,cifar100_simplecnn,C0,505,281,1,"[0, 1, 4, 5]",2.2319041925415828,223
cifar100_simplecnn_C0_seed505,cifar100_simplecnn,C0,505,281,2,"[1, 0, 4, 5]",2.2267203342438964,203
cifar100_simplecnn_C0_seed505,cifar100_simplecnn,C0,505,281,3,"[1, 2, 4, 5]",2.2238751914085029,260
cifar100_simplecnn_C0_seed505,cifar100_simplecnn,C0,505,281,4,"[1, 3, 4, 5]",2.2206159401195151,113
cifar100_simplecnn_C0_seed505,cifar100_simplecnn,C0,505,281,5,"[1, 0, 3, 5]",2.2177031821389148,364
cifar100_simplecnn_C0_seed505,cifar100_simplecnn,C0,505,281,6,"[0, 2, 4, 5]",2.215162993672906,156
cifar100_simplecnn_C0_seed505,cifar100_simplecnn,C0,505,281,7,"[0, 3, 4, 5]",2.2106782521878396,218
cifar100_simplecnn_C0_seed505,cifar100_simplecnn,C0,505,281,8,"[0, 1, 3, 5]",2.2069556678875824,30
cifar100_simplecnn_C0_seed505,cifar100_simplecnn,C0,505,281,9,"[1, 2, 3, 5]",2.206279607930973,22
cifar100_simplecnn_C0_seed505,cifar100_simplecnn,C0,505,281,10,"[1, 0, 2, 5]",2.2037856246724465,40
cifar100_simplecnn_C0_seed506,cifar100_simplecnn,C0,506,319,1,"[0, 1, 4, 5]",2.2319041925415828,148
cifar100_simplecnn_C0_seed506,cifar100_simplecnn,C0,506,319,2,"[1, 0, 4, 5]",2.2267203342438964,316
cifar100_simplecnn_C0_seed506,cifar100_simplecnn,C0,506,319,3,"[1, 2, 4, 5]",2.2238751914085029,361
cifar100_simplecnn_C0_seed506,cifar100_simplecnn,C0,506,319,4,"[1, 0, 3, 5]",2.2177031821389148,211
cifar100_simplecnn_C0_seed506,cifar100_simplecnn,C0,506,319,5,"[0, 2, 4, 5]",2.215162993672906,68
cifar100_simplecnn_C0_seed506,cifar100_simplecnn,C0,506,319,6,"[0, 1, 3, 5]",2.2069556678875824,268
cifar100_simplecnn_C0_seed506,cifar100_simplecnn,C0,506,319,7,"[1, 2, 3, 5]",2.206279607930973,242
cifar100_simplecnn_C0_seed506,cifar100_simplecnn,C0,506,319,8,"[1, 0, 2, 5]",2.2037856246724465,362
cifar100_simplecnn_C0_seed506,cifar100_simplecnn,C0,506,319,9,"[0, 2, 3, 5]",2.2036948611757681,360
cifar100_simplecnn_C0_seed506,cifar100_simplecnn,C0,506,319,10,"[2, 0, 4, 5]",2.2035713423042802,287
cifar100_simplecnn_C0_seed507,cifar100_simplecnn,C0,507,243,1,"[1, 3, 4, 5]",2.2206159401195151,207
cifar100_simplecnn_C0_seed507,cifar100_simplecnn,C0,507,243,2,"[1, 0, 3, 5]",2.2177031821389148,394
cifar100_simplecnn_C0_seed507,cifar100_simplecnn,C0,507,243,3,"[0, 2, 4, 5]",2.215162993672906,234
cifar100_simplecnn_C0_seed507,cifar100_simplecnn,C0,507,243,4,"[0, 3, 4, 5]",2.2106782521878396,175
cifar100_simplecnn_C0_seed507,cifar100_simplecnn,C0,507,243,5,"[1, 2, 3, 5]",2.206279607930973,14
cifar100_simplecnn_C0_seed507,cifar100_simplecnn,C0,507,243,6,"[1, 0, 2, 5]",2.2037856246724465,307
cifar100_simplecnn_C0_seed507,cifar100_simplecnn,C0,507,243,7,"[2, 1, 3, 5]",2.2023227952521909,10
cifar100_simplecnn_C0_seed507,cifar100_simplecnn,C0,507,243,8,"[0, 1, 2, 5]",2.1979400712054269,208
cifar100_simplecnn_C0_seed507,cifar100_simplecnn,C0,507,243,9,"[0, 3, 2, 5]",2.1877435426163898,8
cifar100_simplecnn_C0_seed507,cifar100_simplecnn,C0,507,243,10,"[0, 3, 1, 5]",2.1848538414918006,216
cifar100_simplecnn_C0_seed508,cifar100_simplecnn,C0,508,320,1,"[0, 1, 4, 5]",2.2319041925415828,70
cifar100_simplecnn_C0_seed508,cifar100_simplecnn,C0,508,320,2,"[1, 0, 4, 5]",2.2267203342438964,60
cifar100_simplecnn_C0_seed508,cifar100_simplecnn,C0,508,320,3,"[1, 2, 4, 5]",2.2238751914085029,378
cifar100_simplecnn_C0_seed508,cifar100_simplecnn,C0,508,320,4,"[1, 3, 4, 5]",2.2206159401195151,317
cifar100_simplecnn_C0_seed508,cifar100_simplecnn,C0,508,320,5,"[1, 0, 3, 5]",2.2177031821389148,274
cifar100_simplecnn_C0_seed508,cifar100_simplecnn,C0,508,320,6,"[0, 1, 3, 5]",2.2069556678875824,218
cifar100_simplecnn_C0_seed508,cifar100_simplecnn,C0,508,320,7,"[1, 2, 3, 5]",2.206279607930973,307
cifar100_simplecnn_C0_seed508,cifar100_simplecnn,C0,508,320,8,"[1, 0, 2, 5]",2.2037856246724465,411
cifar100_simplecnn_C0_seed508,cifar100_simplecnn,C0,508,320,9,"[2, 1, 3, 5]",2.2023227952521909,294
cifar100_simplecnn_C0_seed508,cifar100_simplecnn,C0,508,320,10,"[2, 0, 3, 5]",2.1994561509836128,158
cifar100_simplecnn_C0_seed509,cifar100_simplecnn,C0,509,336,1,"[0, 1, 4, 5]",2.2319041925415828,277
cifar100_simplecnn_C0_seed509,cifar100_simplecnn,C0,509,336,2,"[1, 0, 4, 5]",2.2267203342438964,219
cifar100_simplecnn_C0_seed509,cifar100_simplecnn,C0,509,336,3,"[1, 2, 4, 5]",2.2238751914085029,374
cifar100_simplecnn_C0_seed509,cifar100_simplecnn,C0,509,336,4,"[1, 3, 4, 5]",2.2206159401195151,201
cifar100_simplecnn_C0_seed509,cifar100_simplecnn,C0,509,336,5,"[0, 2, 4, 5]",2.215162993672906,294
cifar100_simplecnn_C0_seed509,cifar100_simplecnn,C0,509,336,6,"[0, 3, 4, 5]",2.2106782521878396,443
cifar100_simplecnn_C0_seed509,cifar100_simplecnn,C0,509,336,7,"[1, 2, 3, 5]",2.206279607930973,416
cifar100_simplecnn_C0_seed509,cifar100_simplecnn,C0,509,336,8,"[1, 0, 2, 5]",2.2037856246724465,415
cifar100_simplecnn_C0_seed509,cifar100_simplecnn,C0,509,336,9,"[0, 2, 3, 5]",2.2036948611757681,302
cifar100_simplecnn_C0_seed509,cifar100_simplecnn,C0,509,336,10,"[2, 0, 4, 5]",2.2035713423042802,166
cifar100_simplecnn_C0_seed510,cifar100_simplecnn,C0,510,252,1,"[0, 1, 4, 5]",2.2319041925415828,230
cifar100_simplecnn_C0_seed510,cifar100_simplecnn,C0,510,252,2,"[1, 0, 4, 5]",2.2267203342438964,187
cifar100_simplecnn_C0_seed510,cifar100_simplecnn,C0,510,252,3,"[1, 2, 4, 5]",2.2238751914085029,315
cifar100_simplecnn_C0_seed510,cifar100_simplecnn,C0,510,252,4,"[1, 3, 4, 5]",2.2206159401195151,233
cifar100_simplecnn_C0_seed510,cifar100_simplecnn,C0,510,252,5,"[1, 0, 3, 5]",2.2177031821389148,130
cifar100_simplecnn_C0_seed510,cifar100_simplecnn,C0,510,252,6,"[0, 2, 4, 5]",2.215162993672906,406
cifar100_simplecnn_C0_seed510,cifar100_simplecnn,C0,510,252,7,"[0, 3, 4, 5]",2.2106782521878396,377
cifar100_simplecnn_C0_seed510,cifar100_simplecnn,C0,510,252,8,"[1, 2, 3, 5]",2.206279607930973,92
cifar100_simplecnn_C0_seed510,cifar100_simplecnn,C0,510,252,9,"[1, 0, 2, 5]",2.2037856246724465,261
cifar100_simplecnn_C0_seed510,cifar100_simplecnn,C0,510,252,10,"[0, 2, 3, 5]",2.2036948611757681,310
cifar100_simplecnn_C0_seed511,cifar100_simplecnn,C0,511,323,1,"[0, 1, 4, 5]",2.2319041925415828,233
cifar100_simplecnn_C0_seed511,cifar100_simplecnn,C0,511,323,2,"[1, 3, 4, 5]",2.2206159401195151,279
cifar100_simplecnn_C0_seed511,cifar100_simplecnn,C0,511,323,3,"[1, 0, 3, 5]",2.2177031821389148,395
cifar100_simplecnn_C0_seed511,cifar100_simplecnn,C0,511,323,4,"[0, 3, 4, 5]",2.2106782521878396,288
cifar100_simplecnn_C0_seed511,cifar100_simplecnn,C0,511,323,5,"[0, 1, 3, 5]",2.2069556678875824,198
cifar100_simplecnn_C0_seed511,cifar100_simplecnn,C0,511,323,6,"[1, 2, 3, 5]",2.206279607930973,340
cifar100_simplecnn_C0_seed511,cifar100_simplecnn,C0,511,323,7,"[1, 0, 2, 5]",2.2037856246724465,237
cifar100_simplecnn_C0_seed511,cifar100_simplecnn,C0,511,323,8,"[0, 2, 3, 5]",2.2036948611757681,323
cifar100_simplecnn_C0_seed511,cifar100_simplecnn,C0,511,323,9,"[2, 0, 4, 5]",2.2035713423042802,342
cifar100_simplecnn_C0_seed511,cifar100_simplecnn,C0,511,323,10,"[2, 1, 3, 5]",2.2023227952521909,205
cifar100_simplecnn_C0_seed512,cifar100_simplecnn,C0,512,311,1,"[0, 1, 4, 5]",2.2319041925415828,291
cifar100_simplecnn_C0_seed512,cifar100_simplecnn,C0,512,311,2,"[1, 2, 4, 5]",2.2238751914085029,24
cifar100_simplecnn_C0_seed512,cifar100_simplecnn,C0,512,311,3,"[1, 0, 3, 5]",2.2177031821389148,344
cifar100_simplecnn_C0_seed512,cifar100_simplecnn,C0,512,311,4,"[0, 2, 4, 5]",2.215162993672906,286
cifar100_simplecnn_C0_seed512,cifar100_simplecnn,C0,512,311,5,"[0, 1, 3, 5]",2.2069556678875824,190
cifar100_simplecnn_C0_seed512,cifar100_simplecnn,C0,512,311,6,"[1, 2, 3, 5]",2.206279607930973,182
cifar100_simplecnn_C0_seed512,cifar100_simplecnn,C0,512,311,7,"[1, 0, 2, 5]",2.2037856246724465,307
cifar100_simplecnn_C0_seed512,cifar100_simplecnn,C0,512,311,8,"[2, 0, 4, 5]",2.2035713423042802,59
cifar100_simplecnn_C0_seed512,cifar100_simplecnn,C0,512,311,9,"[2, 1, 4, 5]",2.2027615159846228,211
cifar100_simplecnn_C0_seed512,cifar100_simplecnn,C0,512,311,10,"[2, 1, 3, 5]",2.2023227952521909,364
cifar100_simplecnn_C0_seed513,cifar100_simplecnn,C0,513,300,1,"[0, 1, 4, 5]",2.2319041925415828,307
cifar100_simplecnn_C0_seed513,cifar100_simplecnn,C0,513,300,2,"[1, 0, 4, 5]",2.2267203342438964,32
cifar100_simplecnn_C0_seed513,cifar100_simplecnn,C0,513,300,3,"[1, 2, 4, 5]",2.2238751914085029,223
cifar100_simplecnn_C0_seed513,cifar100_simplecnn,C0,513,300,4,"[1, 3, 4, 5]",2.2206159401195151,224
cifar100_simplecnn_C0_seed513,cifar100_simplecnn,C0,513,300,5,"[1, 0, 3, 5]",2.2177031821389148,157
cifar100_simplecnn_C0_seed513,cifar100_simplecnn,C0,513,300,6,"[0, 2, 4, 5]",2.215162993672906,10
cifar100_simplecnn_C0_seed513,cifar100_simplecnn,C0,513,300,7,"[0, 3, 4, 5]",2.2106782521878396,30
cifar100_simplecnn_C0_seed513,cifar100_simplecnn,C0,513,300,8,"[0, 1, 3, 5]",2.2069556678875824,440
cifar100_simplecnn_C0_seed513,cifar100_simplecnn,C0,513,300,9,"[1, 2, 3, 5]",2.206279607930973,306
cifar100_simplecnn_C0_seed513,cifar100_simplecnn,C0,513,300,10,"[1, 0, 2, 5]",2.2037856246724465,390
cifar100_simplecnn_C0_seed514,cifar100_simplecnn,C0,514,295,1,"[0, 1, 4, 5]",2.2319041925415828,236
cifar100_simplecnn_C0_seed514,cifar100_simplecnn,C0,514,295,2,"[1, 0, 4, 5]",2.2267203342438964,465
cifar100_simplecnn_C0_seed514,cifar100_simplecnn,C0,514,295,3,"[1, 2, 4, 5]",2.2238751914085029,263
cifar100_simplecnn_C0_seed514,cifar100_simplecnn,C0,514,295,4,"[1, 0, 3, 5]",2.2177031821389148,452
cifar100_simplecnn_C0_seed514,cifar100_simplecnn,C0,514,295,5,"[0, 1, 3, 5]",2.2069556678875824,184
cifar100_simplecnn_C0_seed514,cifar100_simplecnn,C0,514,295,6,"[1, 2, 3, 5]",2.206279607930973,227
cifar100_simplecnn_C0_seed514,cifar100_simplecnn,C0,514,295,7,"[1, 0, 2, 5]",2.2037856246724465,275
cifar100_simplecnn_C0_seed514,cifar100_simplecnn,C0,514,295,8,"[2, 0, 4, 5]",2.2035713423042802,353
cifar100_simplecnn_C0_seed514,cifar100_simplecnn,C0,514,295,9,"[2, 1, 4, 5]",2.2027615159846228,37
cifar100_simplecnn_C0_seed514,cifar100_simplecnn,C0,514,295,10,"[2, 1, 3, 5]",2.2023227952521909,383
cifar100_simplecnn_C0_seed515,cifar100_simplecnn,C0,515,317,1,"[0, 1, 4, 5]",2.2319041925415828,357
cifar100_simplecnn_C0_seed515,cifar100_simplecnn,C0,515,317,2,"[1, 0, 4, 5]",2.2267203342438964,236
cifar100_simplecnn_C0_seed515,cifar100_simplecnn,C0,515,317,3,"[1, 2, 4, 5]",2.2238751914085029,312
cifar100_simplecnn_C0_seed515,cifar100_simplecnn,C0,515,317,4,"[1, 3, 4, 5]",2.2206159401195151,63
cifar100_simplecnn_C0_seed515,cifar100_simplecnn,C0,515,317,5,"[1, 0, 3, 5]",2.2177031821389148,465
cifar100_simplecnn_C0_seed515,cifar100_simplecnn,C0,515,317,6,"[0, 2, 4, 5]",2.215162993672906,482
cifar100_simplecnn_C0_seed515,cifar100_simplecnn,C0,515,317,7,"[0, 3, 4, 5]",2.2106782521878396,234
cifar100_simplecnn_C0_seed515,cifar100_simplecnn,C0,515,317,8,"[0, 1, 3, 5]",2.2069556678875824,244
cifar100_simplecnn_C0_seed515,cifar100_simplecnn,C0,515,317,9,"[1, 2, 3, 5]",2.206279607930973,419
cifar100_simplecnn_C0_seed515,cifar100_simplecnn,C0,515,317,10,"[1, 0, 2, 5]",2.2037856246724465,409
cifar100_simplecnn_C0_seed516,cifar100_simplecnn,C0,516,268,1,"[1, 0, 4, 5]",2.2267203342438964,283
cifar100_simplecnn_C0_seed516,cifar100_simplecnn,C0,516,268,2,"[1, 0, 3, 5]",2.2177031821389148,376
cifar100_simplecnn_C0_seed516,cifar100_simplecnn,C0,516,268,3,"[1, 2, 3, 5]",2.206279607930973,415
cifar100_simplecnn_C0_seed516,cifar100_simplecnn,C0,516,268,4,"[1, 0, 2, 5]",2.2037856246724465,320
cifar100_simplecnn_C0_seed516,cifar100_simplecnn,C0,516,268,5,"[0, 2, 3, 5]",2.2036948611757681,292
cifar100_simplecnn_C0_seed516,cifar100_simplecnn,C0,516,268,6,"[2, 1, 3, 5]",2.2023227952521909,324
cifar100_simplecnn_C0_seed516,cifar100_simplecnn,C0,516,268,7,"[0, 1, 2, 5]",2.1979400712054269,176
cifar100_simplecnn_C0_seed516,cifar100_simplecnn,C0,516,268,8,"[0, 3, 2, 5]",2.1877435426163898,397
cifar100_simplecnn_C0_seed516,cifar100_simplecnn,C0,516,268,9,"[0, 3, 1, 5]",2.1848538414918006,335
cifar100_simplecnn_C0_seed516,cifar100_simplecnn,C0,516,268,10,"[0, 2, 1, 5]",2.1844366221925533,1
cifar100_simplecnn_C0_seed517,cifar100_simplecnn,C0,517,288,1,"[0, 1, 4, 5]",2.2319041925415828,266
cifar100_simplecnn_C0_seed517,cifar100_simplecnn,C0,517,288,2,"[1, 0, 4, 5]",2.2267203342438964,340
cifar100_simplecnn_C0_seed517,cifar100_simplecnn,C0,517,288,3,"[1, 3, 4, 5]",2.2206159401195151,406
cifar100_simplecnn_C0_seed517,cifar100_simplecnn,C0,517,288,4,"[1, 0, 3, 5]",2.2177031821389148,370
cifar100_simplecnn_C0_seed517,cifar100_simplecnn,C0,517,288,5,"[0, 2, 4, 5]",2.215162993672906,261
cifar100_simplecnn_C0_seed517,cifar100_simplecnn,C0,517,288,6,"[0, 1, 3, 5]",2.2069556678875824,437
cifar100_simplecnn_C0_seed517,cifar100_simplecnn,C0,517,288,7,"[1, 2, 3, 5]",2.206279607930973,290
cifar100_simplecnn_C0_seed517,cifar100_simplecnn,C0,517,288,8,"[1, 0, 2, 5]",2.2037856246724465,140
cifar100_simplecnn_C0_seed517,cifar100_simplecnn,C0,517,288,9,"[0, 2, 3, 5]",2.2036948611757681,272
cifar100_simplecnn_C0_seed517,cifar100_simplecnn,C0,517,288,10,"[2, 1, 4, 5]",2.2027615159846228,499
cifar100_simplecnn_C0_seed518,cifar100_simplecnn,C0,518,291,1,"[0, 1, 4, 5]",2.2319041925415828,171
cifar100_simplecnn_C0_seed518,cifar100_simplecnn,C0,518,291,2,"[1, 0, 4, 5]",2.2267203342438964,212
cifar100_simplecnn_C0_seed518,cifar100_simplecnn,C0,518,291,3,"[1, 2, 4, 5]",2.2238751914085029,137
cifar100_simplecnn_C0_seed518,cifar100_simplecnn,C0,518,291,4,"[1, 3, 4, 5]",2.2206159401195151,138
cifar100_simplecnn_C0_seed518,cifar100_simplecnn,C0,518,291,5,"[1, 0, 3, 5]",2.2177031821389148,106
cifar100_simplecnn_C0_seed518,cifar100_simplecnn,C0,518,291,6,"[0, 2, 4, 5]",2.215162993672906,303
cifar100_simplecnn_C0_seed518,cifar100_simplecnn,C0,518,291,7,"[0, 3, 4, 5]",2.2106782521878396,6
cifar100_simplecnn_C0_seed518,cifar100_simplecnn,C0,518,291,8,"[0, 1, 3, 5]",2.2069556678875824,333
cifar100_simplecnn_C0_seed518,cifar100_simplecnn,C0,518,291,9,"[1, 2, 3, 5]",2.206279607930973,277
cifar100_simplecnn_C0_seed518,cifar100_simplecnn,C0,518,291,10,"[1, 0, 2, 5]",2.2037856246724465,345
cifar100_simplecnn_C0_seed519,cifar100_simplecnn,C0,519,295,1,"[0, 1, 4, 5]",2.2319041925415828,47
cifar100_simplecnn_C0_seed519,cifar100_simplecnn,C0,519,295,2,"[1, 0, 4, 5]",2.2267203342438964,271
cifar100_simplecnn_C0_seed519,cifar100_simplecnn,C0,519,295,3,"[1, 0, 3, 5]",2.2177031821389148,11
cifar100_simplecnn_C0_seed519,cifar100_simplecnn,C0,519,295,4,"[0, 2, 4, 5]",2.215162993672906,90
cifar100_simplecnn_C0_seed519,cifar100_simplecnn,C0,519,295,5,"[0, 3, 4, 5]",2.2106782521878396,237
cifar100_simplecnn_C0_seed519,cifar100_simplecnn,C0,519,295,6,"[0, 1, 3, 5]",2.2069556678875824,293
cifar100_simplecnn_C0_seed519,cifar100_simplecnn,C0,519,295,7,"[1, 2, 3, 5]",2.206279607930973,402
cifar100_simplecnn_C0_seed519,cifar100_simplecnn,C0,519,295,8,"[1, 0, 2, 5]",2.2037856246724465,290
cifar100_simplecnn_C0_seed519,cifar100_simplecnn,C0,519,295,9,"[0, 2, 3, 5]",2.2036948611757681,275
cifar100_simplecnn_C0_seed519,cifar100_simplecnn,C0,519,295,10,"[0, 1, 2, 5]",2.1979400712054269,118
cifar100_simplecnn_C1_seed500,cifar100_simplecnn,C1,500,191,1,"[2, 1, 1, 5]",1.5137018111709368,36
cifar100_simplecnn_C1_seed500,cifar100_simplecnn,C1,500,191,2,"[0, 2, 0, 5]",1.5048639145320166,497
cifar100_simplecnn_C1_seed500,cifar100_simplecnn,C1,500,191,3,"[1, 0, 0, 5]",1.4994114511814383,88
cifar100_simplecnn_C1_seed500,cifar100_simplecnn,C1,500,191,4,"[0, 0, 4, 4]",1.3820337928113358,294
cifar100_simplecnn_C1_seed500,cifar100_simplecnn,C1,500,191,5,"[1, 0, 3, 4]",1.3706830868079649,11
cifar100_simplecnn_C1_seed500,cifar100_simplecnn,C1,500,191,6,"[0, 2, 2, 4]",1.3647343325613557,33
cifar100_simplecnn_C1_seed500,cifar100_simplecnn,C1,500,191,7,"[2, 0, 2, 4]",1.3592129426306385,96
cifar100_simplecnn_C1_seed500,cifar100_simplecnn,C1,500,191,8,"[0, 0, 2, 4]",1.3590664035013238,367
cifar100_simplecnn_C1_seed500,cifar100_simplecnn,C1,500,191,9,"[0, 0, 1, 4]",1.3476064409388264,247
cifar100_simplecnn_C1_seed500,cifar100_simplecnn,C1,500,191,10,"[0, 2, 0, 4]",1.3417898976324392,508
cifar100_simplecnn_C1_seed501,cifar100_simplecnn,C1,501,148,1,"[1, 1, 4, 5]",1.5480837105386178,44
cifar100_simplecnn_C1_seed501,cifar100_simplecnn,C1,501,148,2,"[0, 0, 4, 5]",1.5451078097109132,83
cifar100_simplecnn_C1_seed501,cifar100_simplecnn,C1,501,148,3,"[1, 1, 3, 5]",1.5366319179107608,74
cifar100_simplecnn_C1_seed501,cifar100_simplecnn,C1,501,148,4,"[1, 1, 1, 5]",1.5137789076857162,209
cifar100_simplecnn_C1_seed501,cifar100_simplecnn,C1,501,148,5,"[2, 1, 1, 5]",1.5137018111709368,9
cifar100_simplecnn_C1_seed501,cifar100_simplecnn,C1,501,148,6,"[0, 1, 1, 5]",1.5135552720416225,300
cifar100_simplecnn_C1_seed501,cifar100_simplecnn,C1,501,148,7,"[1, 0, 1, 5]",1.5108469039400141,3
cifar100_simplecnn_C1_seed501,cifar100_simplecnn,C1,501,148,8,"[1, 2, 0, 5]",1.5050467005029078,80
cifar100_simplecnn_C1_seed501,cifar100_simplecnn,C1,501,148,9,"[2, 1, 0, 5]",1.5022418486084395,62
cifar100_simplecnn_C1_seed501,cifar100_simplecnn,C1,501,148,10,"[0, 1, 0, 5]",1.5020789696098438,27
cifar100_simplecnn_C1_seed502,cifar100_simplecnn,C1,502,198,1,"[1, 3, 4, 5]",1.5537450250868354,3
cifar100_simplecnn_C1_seed502,cifar100_simplecnn,C1,502,198,2,"[0, 2, 4, 5]",1.550726719163102,54
cifar100_simplecnn_C1_seed502,cifar100_simplecnn,C1,502,198,3,"[1, 3, 2, 5]",1.5307858057114641,67
cifar100_simplecnn_C1_seed502,cifar100_simplecnn,C1,502,198,4,"[1, 2, 2, 5]",1.5279339458893408,82
cifar100_simplecnn_C1_seed502,cifar100_simplecnn,C1,502,198,5,"[2, 1, 2, 5]",1.5252107933412775,138
cifar100_simplecnn_C1_seed502,cifar100_simplecnn,C1,502,198,6,"[1, 2, 1, 5]",1.516514833000046,286
cifar100_simplecnn_C1_seed502,cifar100_simplecnn,C1,502,198,7,"[1, 1, 1, 5]",1.5137789076857162,470
cifar100_simplecnn_C1_seed502,cifar100_simplecnn,C1,502,198,8,"[0, 1, 1, 5]",1.5135552720416225,87
cifar100_simplecnn_C1_seed502,cifar100_simplecnn,C1,502,198,9,"[1, 0, 1, 5]",1.5108469039400141,307
cifar100_simplecnn_C1_seed502,cifar100_simplecnn,C1,502,198,10,"[0, 2, 0, 5]",1.5048639145320166,79
cifar100_simplecnn_C1_seed503,cifar100_simplecnn,C1,503,182,1,"[0, 2, 4, 5]",1.550726719163102,27
cifar100_simplecnn_C1_seed503,cifar100_simplecnn,C1,503,182,2,"[1, 1, 3, 5]",1.5366319179107608,121
cifar100_simplecnn_C1_seed503,cifar100_simplecnn,C1,503,182,3,"[0, 0, 2, 5]",1.5221322504662609,207
cifar100_simplecnn_C1_seed503,cifar100_simplecnn,C1,503,182,4,"[0, 2, 1, 5]",1.5163483868984355,5
cifar100_simplecnn_C1_seed503,cifar100_simplecnn,C1,503,182,5,"[1, 0, 1, 5]",1.5108469039400141,31
cifar100_simplecnn_C1_seed503,cifar100_simplecnn,C1,503,182,6,"[0, 2, 0, 5]",1.5048639145320166,158
cifar100_simplecnn_C1_seed503,cifar100_simplecnn,C1,503,182,7,"[2, 1, 0, 5]",1.5022418486084395,146
cifar100_simplecnn_C1_seed503,cifar100_simplecnn,C1,503,182,8,"[0, 1, 0, 5]",1.5020789696098438,120
cifar100_simplecnn_C1_seed503,cifar100_simplecnn,C1,503,182,9,"[1, 0, 0, 5]",1.4994114511814383,108
cifar100_simplecnn_C1_seed503,cifar100_simplecnn,C1,503,182,10,"[0, 0, 0, 5]",1.4992123253412659,149
cifar100_simplecnn_C1_seed504,cifar100_simplecnn,C1,504,140,1,"[1, 1, 4, 5]",1.5480837105386178,40
cifar100_simplecnn_C1_seed504,cifar100_simplecnn,C1,504,140,2,"[0, 0, 4, 5]",1.5451078097109132,123
cifar100_simplecnn_C1_seed504,cifar100_simplecnn,C1,504,140,3,"[1, 0, 2, 5]",1.5223068665025115,96
cifar100_simplecnn_C1_seed504,cifar100_simplecnn,C1,504,140,4,"[1, 3, 1, 5]",1.5193258431489662,20
cifar100_simplecnn_C1_seed504,cifar100_simplecnn,C1,504,140,5,"[0, 2, 1, 5]",1.5163483868984355,9
cifar100_simplecnn_C1_seed504,cifar100_simplecnn,C1,504,140,6,"[1, 1, 1, 5]",1.5137789076857162,143
cifar100_simplecnn_C1_seed504,cifar100_simplecnn,C1,504,140,7,"[2, 1, 1, 5]",1.5137018111709368,38
cifar100_simplecnn_C1_seed504,cifar100_simplecnn,C1,504,140,8,"[1, 1, 0, 5]",1.5023352849924998,104
cifar100_simplecnn_C1_seed504,cifar100_simplecnn,C1,504,140,9,"[0, 1, 4, 4]",1.3848840972106329,71
cifar100_simplecnn_C1_seed504,cifar100_simplecnn,C1,504,140,10,"[1, 2, 2, 4]",1.3648109093819201,393
cifar100_simplecnn_C1_seed505,cifar100_simplecnn,C1,505,169,1,"[0, 0, 4, 5]",1.5451078097109132,92
cifar100_simplecnn_C1_seed505,cifar100_simplecnn,C1,505,169,2,"[1, 2, 3, 5]",1.5394086928982933,22
cifar100_simplecnn_C1_seed505,cifar100_simplecnn,C1,505,169,3,"[0, 1, 3, 5]",1.5364327920705887,30
cifar100_simplecnn_C1_seed505,cifar100_simplecnn,C1,505,169,4,"[0, 0, 3, 5]",1.5335661478020106,7
cifar100_simplecnn_C1_seed505,cifar100_simplecnn,C1,505,169,5,"[1, 0, 2, 5]",1.5223068665025115,116
cifar100_simplecnn_C1_seed505,cifar100_simplecnn,C1,505,169,6,"[0, 0, 2, 5]",1.5221322504662609,87
cifar100_simplecnn_C1_seed505,cifar100_simplecnn,C1,505,169,7,"[0, 0, 1, 5]",1.5106967977076848,103
cifar100_simplecnn_C1_seed505,cifar100_simplecnn,C1,505,169,8,"[0, 0, 0, 5]",1.4992123253412659,223
cifar100_simplecnn_C1_seed505,cifar100_simplecnn,C1,505,169,9,"[0, 0, 4, 4]",1.3820337928113358,481
cifar100_simplecnn_C1_seed505,cifar100_simplecnn,C1,505,169,10,"[0, 1, 3, 4]",1.3733914549095734,408
cifar100_simplecnn_C1_seed506,cifar100_simplecnn,C1,506,200,1,"[0, 1, 4, 5]",1.5479907938487723,148
cifar100_simplecnn_C1_seed506,cifar100_simplecnn,C1,506,200,2,"[1, 1, 3, 5]",1.5366319179107608,74
cifar100_simplecnn_C1_seed506,cifar100_simplecnn,C1,506,200,3,"[1, 1, 2, 5]",1.5251980205750111,23
cifar100_simplecnn_C1_seed506,cifar100_simplecnn,C1,506,200,4,"[2, 0, 2, 5]",1.52235231900734,59
cifar100_simplecnn_C1_seed506,cifar100_simplecnn,C1,506,200,5,"[0, 3, 1, 5]",1.5192002467205585,103
cifar100_simplecnn_C1_seed506,cifar100_simplecnn,C1,506,200,6,"[0, 1, 5, 4]",1.4076896432506605,93
cifar100_simplecnn_C1_seed506,cifar100_simplecnn,C1,506,200,7,"[1, 0, 2, 4]",1.359216509733653,45
cifar100_simplecnn_C1_seed506,cifar100_simplecnn,C1,506,200,8,"[0, 0, 2, 4]",1.3590664035013238,217
cifar100_simplecnn_C1_seed506,cifar100_simplecnn,C1,506,200,9,"[1, 1, 1, 4]",1.3506477012436551,126
cifar100_simplecnn_C1_seed506,cifar100_simplecnn,C1,506,200,10,"[2, 1, 1, 4]",1.3506032844674378,69
cifar100_simplecnn_C1_seed507,cifar100_simplecnn,C1,507,177,1,"[0, 1, 4, 5]",1.5479907938487723,33
cifar100_simplecnn_C1_seed507,cifar100_simplecnn,C1,507,177,2,"[0, 0, 4, 5]",1.5451078097109132,12
cifar100_simplecnn_C1_seed507,cifar100_simplecnn,C1,507,177,3,"[1, 2, 3, 5]",1.5394086928982933,14
cifar100_simplecnn_C1_seed507,cifar100_simplecnn,C1,507,177,4,"[2, 1, 3, 5]",1.536669200480949,10
cifar100_simplecnn_C1_seed507,cifar100_simplecnn,C1,507,177,5,"[2, 1, 2, 5]",1.5252107933412775,118
cifar100_simplecnn_C1_seed507,cifar100_simplecnn,C1,507,177,6,"[0, 2, 1, 5]",1.5163483868984355,141
cifar100_simplecnn_C1_seed507,cifar100_simplecnn,C1,507,177,7,"[1, 1, 1, 5]",1.5137789076857162,425
cifar100_simplecnn_C1_seed507,cifar100_simplecnn,C1,507,177,8,"[0, 1, 1, 5]",1.5135552720416225,35
cifar100_simplecnn_C1_seed507,cifar100_simplecnn,C1,507,177,9,"[0, 0, 1, 5]",1.5106967977076848,206
cifar100_simplecnn_C1_seed507,cifar100_simplecnn,C1,507,177,10,"[1, 2, 0, 5]",1.5050467005029078,55
cifar100_simplecnn_C1_seed508,cifar100_simplecnn,C1,508,178,1,"[1, 0, 4, 5]",1.5452415760739615,60
cifar100_simplecnn_C1_seed508,cifar100_simplecnn,C1,508,178,2,"[1, 1, 1, 5]",1.5137789076857162,396
cifar100_simplecnn_C1_seed508,cifar100_simplecnn,C1,508,178,3,"[2, 1, 1, 5]",1.5137018111709368,91
cifar100_simplecnn_C1_seed508,cifar100_simplecnn,C1,508,178,4,"[0, 0, 1, 5]",1.5106967977076848,130
cifar100_simplecnn_C1_seed508,cifar100_simplecnn,C1,508,178,5,"[0, 1, 0, 5]",1.5020789696098438,102
cifar100_simplecnn_C1_seed508,cifar100_simplecnn,C1,508,178,6,"[1, 1, 4, 4]",1.3850423733776025,34
cifar100_simplecnn_C1_seed508,cifar100_simplecnn,C1,508,178,7,"[2, 0, 2, 4]",1.3592129426306385,28
cifar100_simplecnn_C1_seed508,cifar100_simplecnn,C1,508,178,8,"[2, 1, 1, 4]",1.3506032844674378,309
cifar100_simplecnn_C1_seed508,cifar100_simplecnn,C1,508,178,9,"[0, 1, 1, 4]",1.3504567453381233,87
cifar100_simplecnn_C1_seed508,cifar100_simplecnn,C1,508,178,10,"[1, 0, 1, 4]",1.3477810569750772,16
cifar100_simplecnn_C1_seed509,cifar100_simplecnn,C1,509,197,1,"[1, 1, 3, 5]",1.5366319179107608,64
cifar100_simplecnn_C1_seed509,cifar100_simplecnn,C1,509,197,2,"[0, 0, 3, 5]",1.5335661478020106,4
cifar100_simplecnn_C1_seed509,cifar100_simplecnn,C1,509,197,3,"[0, 0, 2, 5]",1.5221322504662609,98
cifar100_simplecnn_C1_seed509,cifar100_simplecnn,C1,509,197,4,"[0, 0, 0, 5]",1.4992123253412659,47
cifar100_simplecnn_C1_seed509,cifar100_simplecnn,C1,509,197,5,"[1, 0, 4, 4]",1.3821757291090246,46
cifar100_simplecnn_C1_seed509,cifar100_simplecnn,C1,509,197,6,"[0, 0, 3, 4]",1.3705248106409953,73
cifar100_simplecnn_C1_seed509,cifar100_simplecnn,C1,509,197,7,"[1, 2, 2, 4]",1.3648109093819201,99
cifar100_simplecnn_C1_seed509,cifar100_simplecnn,C1,509,197,8,"[1, 0, 2, 4]",1.359216509733653,215
cifar100_simplecnn_C1_seed509,cifar100_simplecnn,C1,509,197,9,"[0, 0, 2, 4]",1.3590664035013238,35
cifar100_simplecnn_C1_seed509,cifar100_simplecnn,C1,509,197,10,"[1, 1, 1, 4]",1.3506477012436551,140
cifar100_simplecnn_C1_seed510,cifar100_simplecnn,C1,510,210,1,"[0, 0, 4, 5]",1.5451078097109132,15
cifar100_simplecnn_C1_seed510,cifar100_simplecnn,C1,510,210,2,"[1, 3, 2, 5]",1.5307858057114641,91
cifar100_simplecnn_C1_seed510,cifar100_simplecnn,C1,510,210,3,"[1, 2, 2, 5]",1.5279339458893408,121
cifar100_simplecnn_C1_seed510,cifar100_simplecnn,C1,510,210,4,"[1, 1, 2, 5]",1.5251980205750111,114
cifar100_simplecnn_C1_seed510,cifar100_simplecnn,C1,510,210,5,"[1, 3, 1, 5]",1.5193258431489662,113
cifar100_simplecnn_C1_seed510,cifar100_simplecnn,C1,510,210,6,"[0, 3, 1, 5]",1.5192002467205585,33
cifar100_simplecnn_C1_seed510,cifar100_simplecnn,C1,510,210,7,"[0, 2, 1, 5]",1.5163483868984355,148
cifar100_simplecnn_C1_seed510,cifar100_simplecnn,C1,510,210,8,"[1, 1, 1, 5]",1.5137789076857162,95
cifar100_simplecnn_C1_seed510,cifar100_simplecnn,C1,510,210,9,"[0, 1, 1, 5]",1.5135552720416225,250
cifar100_simplecnn_C1_seed510,cifar100_simplecnn,C1,510,210,10,"[0, 0, 1, 5]",1.5106967977076848,87
cifar100_simplecnn_C1_seed511,cifar100_simplecnn,C1,511,174,1,"[0, 0, 1, 5]",1.5106967977076848,484
cifar100_simplecnn_C1_seed511,cifar100_simplecnn,C1,511,174,2,"[0, 2, 0, 5]",1.5048639145320166,139
cifar100_simplecnn_C1_seed511,cifar100_simplecnn,C1,511,174,3,"[0, 1, 0, 5]",1.5020789696098438,13
cifar100_simplecnn_C1_seed511,cifar100_simplecnn,C1,511,174,4,"[0, 0, 0, 5]",1.4992123253412659,332
cifar100_simplecnn_C1_seed511,cifar100_simplecnn,C1,511,174,5,"[0, 0, 3, 4]",1.3705248106409953,4
cifar100_simplecnn_C1_seed511,cifar100_simplecnn,C1,511,174,6,"[0, 1, 2, 4]",1.3619330477699017,164
cifar100_simplecnn_C1_seed511,cifar100_simplecnn,C1,511,174,7,"[1, 0, 2, 4]",1.359216509733653,260
cifar100_simplecnn_C1_seed511,cifar100_simplecnn,C1,511,174,8,"[2, 0, 2, 4]",1.3592129426306385,43
cifar100_simplecnn_C1_seed511,cifar100_simplecnn,C1,511,174,9,"[0, 0, 2, 4]",1.3590664035013238,190
cifar100_simplecnn_C1_seed511,cifar100_simplecnn,C1,511,174,10,"[1, 0, 1, 4]",1.3477810569750772,498
cifar100_simplecnn_C1_seed512,cifar100_simplecnn,C1,512,149,1,"[1, 2, 4, 5]",1.5509176750686338,24
cifar100_simplecnn_C1_seed512,cifar100_simplecnn,C1,512,149,2,"[2, 0, 3, 5]",1.5338025562123712,34
cifar100_simplecnn_C1_seed512,cifar100_simplecnn,C1,512,149,3,"[0, 0, 2, 5]",1.5221322504662609,80
cifar100_simplecnn_C1_seed512,cifar100_simplecnn,C1,512,149,4,"[1, 2, 1, 5]",1.516514833000046,182
cifar100_simplecnn_C1_seed512,cifar100_simplecnn,C1,512,149,5,"[0, 0, 1, 5]",1.5106967977076848,311
cifar100_simplecnn_C1_seed512,cifar100_simplecnn,C1,512,149,6,"[0, 2, 0, 5]",1.5048639145320166,502
cifar100_simplecnn_C1_seed512,cifar100_simplecnn,C1,512,149,7,"[0, 0, 0, 5]",1.4992123253412659,68
cifar100_simplecnn_C1_seed512,cifar100_simplecnn,C1,512,149,8,"[1, 0, 1, 4]",1.3477810569750772,168
cifar100_simplecnn_C1_seed512,cifar100_simplecnn,C1,512,149,9,"[0, 2, 0, 4]",1.3417898976324392,252
cifar100_simplecnn_C1_seed512,cifar100_simplecnn,C1,512,149,10,"[1, 0, 0, 4]",1.3363047545432987,124
cifar100_simplecnn_C1_seed513,cifar100_simplecnn,C1,513,173,1,"[0, 2, 4, 5]",1.550726719163102,10
cifar100_simplecnn_C1_seed513,cifar100_simplecnn,C1,513,173,2,"[1, 0, 4, 5]",1.5452415760739615,32
cifar100_simplecnn_C1_seed513,cifar100_simplecnn,C1,513,173,3,"[0, 2, 3, 5]",1.539258586665964,21
cifar100_simplecnn_C1_seed513,cifar100_simplecnn,C1,513,173,4,"[0, 0, 2, 5]",1.5221322504662609,14
cifar100_simplecnn_C1_seed513,cifar100_simplecnn,C1,513,173,5,"[1, 1, 1, 5]",1.5137789076857162,250
cifar100_simplecnn_C1_seed513,cifar100_simplecnn,C1,513,173,6,"[1, 1, 0, 5]",1.5023352849924998,192
cifar100_simplecnn_C1_seed513,cifar100_simplecnn,C1,513,173,7,"[0, 2, 4, 4]",1.3876690421328055,24
cifar100_simplecnn_C1_seed513,cifar100_simplecnn,C1,513,173,8,"[0, 1, 2, 4]",1.3619330477699017,48
cifar100_simplecnn_C1_seed513,cifar100_simplecnn,C1,513,173,9,"[1, 0, 2, 4]",1.359216509733653,93
cifar100_simplecnn_C1_seed513,cifar100_simplecnn,C1,513,173,10,"[1, 2, 1, 4]",1.3533999664272658,141
cifar100_simplecnn_C1_seed514,cifar100_simplecnn,C1,514,179,1,"[1, 1, 2, 5]",1.5251980205750111,64
cifar100_simplecnn_C1_seed514,cifar100_simplecnn,C1,514,179,2,"[0, 1, 2, 5]",1.5249825548655578,137
cifar100_simplecnn_C1_seed514,cifar100_simplecnn,C1,514,179,3,"[1, 1, 1, 5]",1.5137789076857162,140
cifar100_simplecnn_C1_seed514,cifar100_simplecnn,C1,514,179,4,"[1, 0, 1, 5]",1.5108469039400141,412
cifar100_simplecnn_C1_seed514,cifar100_simplecnn,C1,514,179,5,"[2, 0, 1, 5]",1.5108433368369996,110
cifar100_simplecnn_C1_seed514,cifar100_simplecnn,C1,514,179,6,"[1, 0, 0, 5]",1.4994114511814383,155
cifar100_simplecnn_C1_seed514,cifar100_simplecnn,C1,514,179,7,"[1, 1, 3, 4]",1.3735660709458239,92
cifar100_simplecnn_C1_seed514,cifar100_simplecnn,C1,514,179,8,"[1, 0, 3, 4]",1.3706830868079649,150
cifar100_simplecnn_C1_seed514,cifar100_simplecnn,C1,514,179,9,"[1, 2, 2, 4]",1.3648109093819201,115
cifar100_simplecnn_C1_seed514,cifar100_simplecnn,C1,514,179,10,"[0, 1, 2, 4]",1.3619330477699017,96
cifar100_simplecnn_C1_seed515,cifar100_simplecnn,C1,515,166,1,"[1, 3, 4, 5]",1.5537450250868354,63
cifar100_simplecnn_C1_seed515,cifar100_simplecnn,C1,515,166,2,"[2, 0, 3, 5]",1.5338025562123712,16
cifar100_simplecnn_C1_seed515,cifar100_simplecnn,C1,515,166,3,"[1, 1, 0, 5]",1.5023352849924998,402
cifar100_simplecnn_C1_seed515,cifar100_simplecnn,C1,515,166,4,"[0, 2, 3, 4]",1.3762009096356675,81
cifar100_simplecnn_C1_seed515,cifar100_simplecnn,C1,515,166,5,"[1, 1, 3, 4]",1.3735660709458239,130
cifar100_simplecnn_C1_seed515,cifar100_simplecnn,C1,515,166,6,"[0, 0, 3, 4]",1.3705248106409953,86
cifar100_simplecnn_C1_seed515,cifar100_simplecnn,C1,515,166,7,"[0, 3, 2, 4]",1.3675616825795571,66
cifar100_simplecnn_C1_seed515,cifar100_simplecnn,C1,515,166,8,"[1, 1, 2, 4]",1.3621158337407933,263
cifar100_simplecnn_C1_seed515,cifar100_simplecnn,C1,515,166,9,"[1, 0, 2, 4]",1.359216509733653,90
cifar100_simplecnn_C1_seed515,cifar100_simplecnn,C1,515,166,10,"[0, 0, 2, 4]",1.3590664035013238,111
cifar100_simplecnn_C1_seed516,cifar100_simplecnn,C1,516,167,1,"[0, 0, 3, 5]",1.5335661478020106,56
cifar100_simplecnn_C1_seed516,cifar100_simplecnn,C1,516,167,2,"[1, 2, 2, 5]",1.5279339458893408,146
cifar100_simplecnn_C1_seed516,cifar100_simplecnn,C1,516,167,3,"[1, 1, 2, 5]",1.5251980205750111,88
cifar100_simplecnn_C1_seed516,cifar100_simplecnn,C1,516,167,4,"[0, 0, 2, 5]",1.5221322504662609,19
cifar100_simplecnn_C1_seed516,cifar100_simplecnn,C1,516,167,5,"[0, 2, 1, 5]",1.5163483868984355,1
cifar100_simplecnn_C1_seed516,cifar100_simplecnn,C1,516,167,6,"[2, 1, 0, 5]",1.5022418486084395,41
cifar100_simplecnn_C1_seed516,cifar100_simplecnn,C1,516,167,7,"[1, 0, 3, 4]",1.3706830868079649,178
cifar100_simplecnn_C1_seed516,cifar100_simplecnn,C1,516,167,8,"[1, 0, 2, 4]",1.359216509733653,85
cifar100_simplecnn_C1_seed516,cifar100_simplecnn,C1,516,167,9,"[0, 0, 0, 4]",1.3361219685724073,132
cifar100_simplecnn_C1_seed516,cifar100_simplecnn,C1,516,167,10,"[0, 0, 5, 3]",1.323273735630333,34
cifar100_simplecnn_C1_seed517,cifar100_simplecnn,C1,517,160,1,"[1, 1, 2, 5]",1.5251980205750111,112
cifar100_simplecnn_C1_seed517,cifar100_simplecnn,C1,517,160,2,"[0, 3, 1, 5]",1.5192002467205585,154
cifar100_simplecnn_C1_seed517,cifar100_simplecnn,C1,517,160,3,"[1, 1, 1, 5]",1.5137789076857162,152
cifar100_simplecnn_C1_seed517,cifar100_simplecnn,C1,517,160,4,"[2, 1, 1, 5]",1.5137018111709368,85
cifar100_simplecnn_C1_seed517,cifar100_simplecnn,C1,517,160,5,"[0, 3, 4, 4]",1.3905045620856475,19
cifar100_simplecnn_C1_seed517,cifar100_simplecnn,C1,517,160,6,"[0, 2, 4, 4]",1.3876690421328055,79
cifar100_simplecnn_C1_seed517,cifar100_simplecnn,C1,517,160,7,"[1, 2, 1, 4]",1.3533999664272658,91
cifar100_simplecnn_C1_seed517,cifar100_simplecnn,C1,517,160,8,"[1, 1, 1, 4]",1.3506477012436551,103
cifar100_simplecnn_C1_seed517,cifar100_simplecnn,C1,517,160,9,"[1, 0, 1, 4]",1.3477810569750772,115
cifar100_simplecnn_C1_seed517,cifar100_simplecnn,C1,517,160,10,"[0, 0, 1, 4]",1.3476064409388264,56
cifar100_simplecnn_C1_seed518,cifar100_simplecnn,C1,518,151,1,"[0, 2, 3, 5]",1.539258586665964,128
cifar100_simplecnn_C1_seed518,cifar100_simplecnn,C1,518,151,2,"[1, 3, 1, 5]",1.5193258431489662,60
cifar100_simplecnn_C1_seed518,cifar100_simplecnn,C1,518,151,3,"[1, 2, 1, 5]",1.516514833000046,137
cifar100_simplecnn_C1_seed518,cifar100_simplecnn,C1,518,151,4,"[1, 1, 1, 5]",1.5137789076857162,470
cifar100_simplecnn_C1_seed518,cifar100_simplecnn,C1,518,151,5,"[0, 1, 1, 5]",1.5135552720416225,68
cifar100_simplecnn_C1_seed518,cifar100_simplecnn,C1,518,151,6,"[1, 1, 0, 5]",1.5023352849924998,152
cifar100_simplecnn_C1_seed518,cifar100_simplecnn,C1,518,151,7,"[0, 1, 0, 5]",1.5020789696098438,20
cifar100_simplecnn_C1_seed518,cifar100_simplecnn,C1,518,151,8,"[1, 1, 3, 4]",1.3735660709458239,103
cifar100_simplecnn_C1_seed518,cifar100_simplecnn,C1,518,151,9,"[0, 0, 3, 4]",1.3705248106409953,161
cifar100_simplecnn_C1_seed518,cifar100_simplecnn,C1,518,151,10,"[1, 2, 2, 4]",1.3648109093819201,49
cifar100_simplecnn_C1_seed519,cifar100_simplecnn,C1,519,166,1,"[1, 3, 4, 5]",1.5537450250868354,30
cifar100_simplecnn_C1_seed519,cifar100_simplecnn,C1,519,166,2,"[0, 0, 4, 5]",1.5451078097109132,63
cifar100_simplecnn_C1_seed519,cifar100_simplecnn,C1,519,166,3,"[1, 0, 3, 5]",1.5337897834461043,11
cifar100_simplecnn_C1_seed519,cifar100_simplecnn,C1,519,166,4,"[0, 1, 1, 5]",1.5135552720416225,47
cifar100_simplecnn_C1_seed519,cifar100_simplecnn,C1,519,166,5,"[0, 0, 1, 5]",1.5106967977076848,180
cifar100_simplecnn_C1_seed519,cifar100_simplecnn,C1,519,166,6,"[0, 2, 0, 5]",1.5048639145320166,21
cifar100_simplecnn_C1_seed519,cifar100_simplecnn,C1,519,166,7,"[0, 1, 0, 5]",1.5020789696098438,245
cifar100_simplecnn_C1_seed519,cifar100_simplecnn,C1,519,166,8,"[1, 0, 0, 5]",1.4994114511814383,247
cifar100_simplecnn_C1_seed519,cifar100_simplecnn,C1,519,166,9,"[0, 1, 4, 4]",1.3848840972106329,93
cifar100_simplecnn_C1_seed519,cifar100_simplecnn,C1,519,166,10,"[1, 2, 1, 4]",1.3533999664272658,23
cifar100_simplecnn_C2_seed500,cifar100_simplecnn,C2,500,205,1,"[2, 1, 1, 5]",1.5137018111709368,36
cifar100_simplecnn_C2_seed500,cifar100_simplecnn,C2,500,205,2,"[1, 0, 0, 5]",1.4994114511814383,88
cifar100_simplecnn_C2_seed500,cifar100_simplecnn,C2,500,205,3,"[1, 0, 3, 4]",1.3706830868079649,11
cifar100_simplecnn_C2_seed500,cifar100_simplecnn,C2,500,205,4,"[0, 2, 2, 4]",1.3647343325613557,153
cifar100_simplecnn_C2_seed500,cifar100_simplecnn,C2,500,205,5,"[2, 0, 2, 4]",1.3592129426306385,96
cifar100_simplecnn_C2_seed500,cifar100_simplecnn,C2,500,205,6,"[1, 2, 1, 4]",1.3533999664272658,225
cifar100_simplecnn_C2_seed500,cifar100_simplecnn,C2,500,205,7,"[0, 1, 1, 4]",1.3504567453381233,249
cifar100_simplecnn_C2_seed500,cifar100_simplecnn,C2,500,205,8,"[1, 1, 0, 4]",1.3391959086157981,296
cifar100_simplecnn_C2_seed500,cifar100_simplecnn,C2,500,205,9,"[2, 1, 0, 4]",1.3391433219049405,212
cifar100_simplecnn_C2_seed500,cifar100_simplecnn,C2,500,205,10,"[2, 0, 0, 4]",1.3362766776363624,95
cifar100_simplecnn_C2_seed501,cifar100_simplecnn,C2,501,132,1,"[0, 0, 4, 5]",1.5451078097109132,83
cifar100_simplecnn_C2_seed501,cifar100_simplecnn,C2,501,132,2,"[0, 1, 1, 5]",1.5135552720416225,188
cifar100_simplecnn_C2_seed501,cifar100_simplecnn,C2,501,132,3,"[1, 0, 1, 5]",1.5108469039400141,3
cifar100_simplecnn_C2_seed501,cifar100_simplecnn,C2,501,132,4,"[1, 2, 0, 5]",1.5050467005029078,80
cifar100_simplecnn_C2_seed501,cifar100_simplecnn,C2,501,132,5,"[0, 1, 0, 5]",1.5020789696098438,27
cifar100_simplecnn_C2_seed501,cifar100_simplecnn,C2,501,132,6,"[1, 0, 2, 4]",1.359216509733653,26
cifar100_simplecnn_C2_seed501,cifar100_simplecnn,C2,501,132,7,"[1, 1, 1, 4]",1.3506477012436551,262
cifar100_simplecnn_C2_seed501,cifar100_simplecnn,C2,501,132,8,"[1, 1, 0, 4]",1.3391959086157981,135
cifar100_simplecnn_C2_seed501,cifar100_simplecnn,C2,501,132,9,"[0, 1, 0, 4]",1.3389722729717042,117
cifar100_simplecnn_C2_seed501,cifar100_simplecnn,C2,501,132,10,"[1, 3, 4, 3]",1.3090727252276653,13
cifar100_simplecnn_C2_seed502,cifar100_simplecnn,C2,502,173,1,"[1, 3, 4, 5]",1.5537450250868354,3
cifar100_simplecnn_C2_seed502,cifar100_simplecnn,C2,502,173,2,"[0, 2, 4, 5]",1.550726719163102,54
cifar100_simplecnn_C2_seed502,cifar100_simplecnn,C2,502,173,3,"[1, 2, 2, 5]",1.5279339458893408,67
cifar100_simplecnn_C2_seed502,cifar100_simplecnn,C2,502,173,4,"[1, 2, 1, 5]",1.516514833000046,286
cifar100_simplecnn_C2_seed502,cifar100_simplecnn,C2,502,173,5,"[0, 1, 1, 5]",1.5135552720416225,87
cifar100_simplecnn_C2_seed502,cifar100_simplecnn,C2,502,173,6,"[1, 0, 1, 5]",1.5108469039400141,307
cifar100_simplecnn_C2_seed502,cifar100_simplecnn,C2,502,173,7,"[2, 1, 0, 5]",1.5022418486084395,214
cifar100_simplecnn_C2_seed502,cifar100_simplecnn,C2,502,173,8,"[0, 3, 4, 4]",1.3905045620856475,28
cifar100_simplecnn_C2_seed502,cifar100_simplecnn,C2,502,173,9,"[0, 3, 2, 4]",1.3675616825795571,63
cifar100_simplecnn_C2_seed502,cifar100_simplecnn,C2,502,173,10,"[1, 1, 2, 4]",1.3621158337407933,75
cifar100_simplecnn_C2_seed503,cifar100_simplecnn,C2,503,193,1,"[0, 2, 4, 5]",1.550726719163102,27
cifar100_simplecnn_C2_seed503,cifar100_simplecnn,C2,503,193,2,"[1, 1, 3, 5]",1.5366319179107608,121
cifar100_simplecnn_C2_seed503,cifar100_simplecnn,C2,503,193,3,"[2, 1, 2, 5]",1.5252107933412775,17
cifar100_simplecnn_C2_seed503,cifar100_simplecnn,C2,503,193,4,"[1, 1, 2, 5]",1.5251980205750111,200
cifar100_simplecnn_C2_seed503,cifar100_simplecnn,C2,503,193,5,"[0, 2, 1, 5]",1.5163483868984355,5
cifar100_simplecnn_C2_seed503,cifar100_simplecnn,C2,503,193,6,"[0, 1, 1, 5]",1.5135552720416225,207
cifar100_simplecnn_C2_seed503,cifar100_simplecnn,C2,503,193,7,"[1, 0, 1, 5]",1.5108469039400141,31
cifar100_simplecnn_C2_seed503,cifar100_simplecnn,C2,503,193,8,"[2, 1, 0, 5]",1.5022418486084395,146
cifar100_simplecnn_C2_seed503,cifar100_simplecnn,C2,503,193,9,"[0, 1, 0, 5]",1.5020789696098438,120
cifar100_simplecnn_C2_seed503,cifar100_simplecnn,C2,503,193,10,"[0, 0, 0, 5]",1.4992123253412659,149
cifar100_simplecnn_C2_seed504,cifar100_simplecnn,C2,504,143,1,"[1, 1, 4, 5]",1.5480837105386178,40
cifar100_simplecnn_C2_seed504,cifar100_simplecnn,C2,504,143,2,"[0, 0, 4, 5]",1.5451078097109132,123
cifar100_simplecnn_C2_seed504,cifar100_simplecnn,C2,504,143,3,"[1, 3, 1, 5]",1.5193258431489662,20
cifar100_simplecnn_C2_seed504,cifar100_simplecnn,C2,504,143,4,"[0, 2, 1, 5]",1.5163483868984355,9
cifar100_simplecnn_C2_seed504,cifar100_simplecnn,C2,504,143,5,"[1, 1, 0, 5]",1.5023352849924998,104
cifar100_simplecnn_C2_seed504,cifar100_simplecnn,C2,504,143,6,"[2, 1, 0, 5]",1.5022418486084395,38
cifar100_simplecnn_C2_seed504,cifar100_simplecnn,C2,504,143,7,"[1, 2, 2, 4]",1.3648109093819201,393
cifar100_simplecnn_C2_seed504,cifar100_simplecnn,C2,504,143,8,"[0, 1, 2, 4]",1.3619330477699017,71
cifar100_simplecnn_C2_seed504,cifar100_simplecnn,C2,504,143,9,"[1, 3, 1, 4]",1.3562191465108269,69
cifar100_simplecnn_C2_seed504,cifar100_simplecnn,C2,504,143,10,"[0, 2, 1, 4]",1.3532416902602962,41
cifar100_simplecnn_C2_seed505,cifar100_simplecnn,C2,505,203,1,"[1, 2, 3, 5]",1.5394086928982933,22
cifar100_simplecnn_C2_seed505,cifar100_simplecnn,C2,505,203,2,"[0, 1, 3, 5]",1.5364327920705887,30
cifar100_simplecnn_C2_seed505,cifar100_simplecnn,C2,505,203,3,"[0, 0, 3, 5]",1.5335661478020106,7
cifar100_simplecnn_C2_seed505,cifar100_simplecnn,C2,505,203,4,"[2, 0, 2, 5]",1.52235231900734,135
cifar100_simplecnn_C2_seed505,cifar100_simplecnn,C2,505,203,5,"[1, 0, 2, 5]",1.5223068665025115,116
cifar100_simplecnn_C2_seed505,cifar100_simplecnn,C2,505,203,6,"[0, 0, 2, 5]",1.5221322504662609,87
cifar100_simplecnn_C2_seed505,cifar100_simplecnn,C2,505,203,7,"[1, 3, 1, 5]",1.5193258431489662,113
cifar100_simplecnn_C2_seed505,cifar100_simplecnn,C2,505,203,8,"[0, 0, 1, 5]",1.5106967977076848,103
cifar100_simplecnn_C2_seed505,cifar100_simplecnn,C2,505,203,9,"[1, 1, 0, 5]",1.5023352849924998,269
cifar100_simplecnn_C2_seed505,cifar100_simplecnn,C2,505,203,10,"[0, 1, 0, 5]",1.5020789696098438,223
cifar100_simplecnn_C2_seed506,cifar100_simplecnn,C2,506,162,1,"[1, 1, 3, 5]",1.5366319179107608,74
cifar100_simplecnn_C2_seed506,cifar100_simplecnn,C2,506,162,2,"[2, 0, 1, 5]",1.5108433368369996,59
cifar100_simplecnn_C2_seed506,cifar100_simplecnn,C2,506,162,3,"[0, 1, 5, 4]",1.4076896432506605,93
cifar100_simplecnn_C2_seed506,cifar100_simplecnn,C2,506,162,4,"[1, 1, 1, 4]",1.3506477012436551,126
cifar100_simplecnn_C2_seed506,cifar100_simplecnn,C2,506,162,5,"[0, 1, 1, 4]",1.3504567453381233,85
cifar100_simplecnn_C2_seed506,cifar100_simplecnn,C2,506,162,6,"[0, 2, 0, 4]",1.3417898976324392,120
cifar100_simplecnn_C2_seed506,cifar100_simplecnn,C2,506,162,7,"[1, 1, 0, 4]",1.3391959086157981,37
cifar100_simplecnn_C2_seed506,cifar100_simplecnn,C2,506,162,8,"[0, 0, 0, 4]",1.3361219685724073,26
cifar100_simplecnn_C2_seed506,cifar100_simplecnn,C2,506,162,9,"[0, 1, 5, 3]",1.3261240400296299,97
cifar100_simplecnn_C2_seed506,cifar100_simplecnn,C2,506,162,10,"[0, 1, 3, 3]",1.2918095118192616,107
cifar100_simplecnn_C2_seed507,cifar100_simplecnn,C2,507,201,1,"[0, 0, 4, 5]",1.5451078097109132,12
cifar100_simplecnn_C2_seed507,cifar100_simplecnn,C2,507,201,2,"[1, 2, 3, 5]",1.5394086928982933,14
cifar100_simplecnn_C2_seed507,cifar100_simplecnn,C2,507,201,3,"[2, 1, 3, 5]",1.536669200480949,10
cifar100_simplecnn_C2_seed507,cifar100_simplecnn,C2,507,201,4,"[2, 0, 2, 5]",1.52235231900734,120
cifar100_simplecnn_C2_seed507,cifar100_simplecnn,C2,507,201,5,"[0, 2, 1, 5]",1.5163483868984355,141
cifar100_simplecnn_C2_seed507,cifar100_simplecnn,C2,507,201,6,"[0, 1, 1, 5]",1.5135552720416225,35
cifar100_simplecnn_C2_seed507,cifar100_simplecnn,C2,507,201,7,"[1, 0, 0, 5]",1.4994114511814383,55
cifar100_simplecnn_C2_seed507,cifar100_simplecnn,C2,507,201,8,"[0, 0, 0, 5]",1.4992123253412659,392
cifar100_simplecnn_C2_seed507,cifar100_simplecnn,C2,507,201,9,"[0, 3, 4, 4]",1.3905045620856475,175
cifar100_simplecnn_C2_seed507,cifar100_simplecnn,C2,507,201,10,"[0, 1, 3, 4]",1.3733914549095734,83
cifar100_simplecnn_C2_seed508,cifar100_simplecnn,C2,508,169,1,"[1, 0, 4, 5]",1.5452415760739615,60
cifar100_simplecnn_C2_seed508,cifar100_simplecnn,C2,508,169,2,"[1, 1, 1, 5]",1.5137789076857162,396
cifar100_simplecnn_C2_seed508,cifar100_simplecnn,C2,508,169,3,"[2, 1, 1, 5]",1.5137018111709368,91
cifar100_simplecnn_C2_seed508,cifar100_simplecnn,C2,508,169,4,"[0, 1, 1, 5]",1.5135552720416225,218
cifar100_simplecnn_C2_seed508,cifar100_simplecnn,C2,508,169,5,"[0, 0, 1, 5]",1.5106967977076848,130
cifar100_simplecnn_C2_seed508,cifar100_simplecnn,C2,508,169,6,"[0, 1, 0, 5]",1.5020789696098438,102
cifar100_simplecnn_C2_seed508,cifar100_simplecnn,C2,508,169,7,"[1, 1, 4, 4]",1.3850423733776025,34
cifar100_simplecnn_C2_seed508,cifar100_simplecnn,C2,508,169,8,"[2, 0, 2, 4]",1.3592129426306385,28
cifar100_simplecnn_C2_seed508,cifar100_simplecnn,C2,508,169,9,"[2, 1, 1, 4]",1.3506032844674378,309
cifar100_simplecnn_C2_seed508,cifar100_simplecnn,C2,508,169,10,"[0, 1, 1, 4]",1.3504567453381233,87
cifar100_simplecnn_C2_seed509,cifar100_simplecnn,C2,509,208,1,"[0, 0, 2, 5]",1.5221322504662609,98
cifar100_simplecnn_C2_seed509,cifar100_simplecnn,C2,509,208,2,"[0, 0, 0, 5]",1.4992123253412659,47
cifar100_simplecnn_C2_seed509,cifar100_simplecnn,C2,509,208,3,"[1, 0, 4, 4]",1.3821757291090246,46
cifar100_simplecnn_C2_seed509,cifar100_simplecnn,C2,509,208,4,"[0, 2, 3, 4]",1.3762009096356675,103
cifar100_simplecnn_C2_seed509,cifar100_simplecnn,C2,509,208,5,"[1, 1, 3, 4]",1.3735660709458239,64
cifar100_simplecnn_C2_seed509,cifar100_simplecnn,C2,509,208,6,"[0, 0, 3, 4]",1.3705248106409953,73
cifar100_simplecnn_C2_seed509,cifar100_simplecnn,C2,509,208,7,"[1, 2, 2, 4]",1.3648109093819201,99
cifar100_simplecnn_C2_seed509,cifar100_simplecnn,C2,509,208,8,"[1, 0, 2, 4]",1.359216509733653,215
cifar100_simplecnn_C2_seed509,cifar100_simplecnn,C2,509,208,9,"[0, 0, 2, 4]",1.3590664035013238,35
cifar100_simplecnn_C2_seed509,cifar100_simplecnn,C2,509,208,10,"[1, 3, 1, 4]",1.3562191465108269,327
cifar100_simplecnn_C2_seed510,cifar100_simplecnn,C2,510,190,1,"[0, 0, 4, 5]",1.5451078097109132,15
cifar100_simplecnn_C2_seed510,cifar100_simplecnn,C2,510,190,2,"[1, 3, 2, 5]",1.5307858057114641,91
cifar100_simplecnn_C2_seed510,cifar100_simplecnn,C2,510,190,3,"[0, 1, 2, 5]",1.5249825548655578,151
cifar100_simplecnn_C2_seed510,cifar100_simplecnn,C2,510,190,4,"[1, 1, 1, 5]",1.5137789076857162,176
cifar100_simplecnn_C2_seed510,cifar100_simplecnn,C2,510,190,5,"[2, 1, 1, 5]",1.5137018111709368,95
cifar100_simplecnn_C2_seed510,cifar100_simplecnn,C2,510,190,6,"[0, 0, 1, 5]",1.5106967977076848,87
cifar100_simplecnn_C2_seed510,cifar100_simplecnn,C2,510,190,7,"[0, 3, 4, 4]",1.3905045620856475,24
cifar100_simplecnn_C2_seed510,cifar100_simplecnn,C2,510,190,8,"[1, 1, 3, 4]",1.3735660709458239,119
cifar100_simplecnn_C2_seed510,cifar100_simplecnn,C2,510,190,9,"[0, 2, 2, 4]",1.3647343325613557,14
cifar100_simplecnn_C2_seed510,cifar100_simplecnn,C2,510,190,10,"[1, 2, 1, 4]",1.3533999664272658,165
cifar100_simplecnn_C2_seed511,cifar100_simplecnn,C2,511,182,1,"[0, 2, 0, 5]",1.5048639145320166,139
cifar100_simplecnn_C2_seed511,cifar100_simplecnn,C2,511,182,2,"[0, 1, 0, 5]",1.5020789696098438,13
cifar100_simplecnn_C2_seed511,cifar100_simplecnn,C2,511,182,3,"[0, 0, 3, 4]",1.3705248106409953,4
cifar100_simplecnn_C2_seed511,cifar100_simplecnn,C2,511,182,4,"[0, 2, 2, 4]",1.3647343325613557,426
cifar100_simplecnn_C2_seed511,cifar100_simplecnn,C2,511,182,5,"[0, 1, 2, 4]",1.3619330477699017,164
cifar100_simplecnn_C2_seed511,cifar100_simplecnn,C2,511,182,6,"[1, 0, 2, 4]",1.359216509733653,260
cifar100_simplecnn_C2_seed511,cifar100_simplecnn,C2,511,182,7,"[2, 0, 2, 4]",1.3592129426306385,43
cifar100_simplecnn_C2_seed511,cifar100_simplecnn,C2,511,182,8,"[0, 0, 2, 4]",1.3590664035013238,190
cifar100_simplecnn_C2_seed511,cifar100_simplecnn,C2,511,182,9,"[0, 3, 1, 4]",1.3560935500824192,29
cifar100_simplecnn_C2_seed511,cifar100_simplecnn,C2,511,182,10,"[1, 0, 1, 4]",1.3477810569750772,498
cifar100_simplecnn_C2_seed512,cifar100_simplecnn,C2,512,148,1,"[2, 0, 3, 5]",1.5338025562123712,34
cifar100_simplecnn_C2_seed512,cifar100_simplecnn,C2,512,148,2,"[1, 0, 1, 5]",1.5108469039400141,144
cifar100_simplecnn_C2_seed512,cifar100_simplecnn,C2,512,148,3,"[0, 2, 0, 5]",1.5048639145320166,502
cifar100_simplecnn_C2_seed512,cifar100_simplecnn,C2,512,148,4,"[0, 0, 0, 5]",1.4992123253412659,68
cifar100_simplecnn_C2_seed512,cifar100_simplecnn,C2,512,148,5,"[1, 2, 2, 4]",1.3648109093819201,93
cifar100_simplecnn_C2_seed512,cifar100_simplecnn,C2,512,148,6,"[0, 0, 2, 4]",1.3590664035013238,80
cifar100_simplecnn_C2_seed512,cifar100_simplecnn,C2,512,148,7,"[1, 0, 1, 4]",1.3477810569750772,168
cifar100_simplecnn_C2_seed512,cifar100_simplecnn,C2,512,148,8,"[0, 2, 0, 4]",1.3417898976324392,252
cifar100_simplecnn_C2_seed512,cifar100_simplecnn,C2,512,148,9,"[0, 0, 0, 4]",1.3361219685724073,297
cifar100_simplecnn_C2_seed512,cifar100_simplecnn,C2,512,148,10,"[0, 2, 1, 3]",1.2717251066471085,82
cifar100_simplecnn_C2_seed513,cifar100_simplecnn,C2,513,179,1,"[1, 0, 4, 5]",1.5452415760739615,32
cifar100_simplecnn_C2_seed513,cifar100_simplecnn,C2,513,179,2,"[1, 2, 3, 5]",1.5394086928982933,172
cifar100_simplecnn_C2_seed513,cifar100_simplecnn,C2,513,179,3,"[1, 1, 1, 5]",1.5137789076857162,250
cifar100_simplecnn_C2_seed513,cifar100_simplecnn,C2,513,179,4,"[1, 1, 0, 5]",1.5023352849924998,192
cifar100_simplecnn_C2_seed513,cifar100_simplecnn,C2,513,179,5,"[2, 0, 0, 5]",1.499367034405221,194
cifar100_simplecnn_C2_seed513,cifar100_simplecnn,C2,513,179,6,"[1, 0, 2, 4]",1.359216509733653,93
cifar100_simplecnn_C2_seed513,cifar100_simplecnn,C2,513,179,7,"[1, 2, 1, 4]",1.3533999664272658,227
cifar100_simplecnn_C2_seed513,cifar100_simplecnn,C2,513,179,8,"[1, 1, 1, 4]",1.3506477012436551,221
cifar100_simplecnn_C2_seed513,cifar100_simplecnn,C2,513,179,9,"[1, 0, 1, 4]",1.3477810569750772,278
cifar100_simplecnn_C2_seed513,cifar100_simplecnn,C2,513,179,10,"[0, 0, 1, 4]",1.3476064409388264,404
cifar100_simplecnn_C2_seed514,cifar100_simplecnn,C2,514,174,1,"[2, 0, 3, 5]",1.5338025562123712,110
cifar100_simplecnn_C2_seed514,cifar100_simplecnn,C2,514,174,2,"[0, 1, 2, 5]",1.5249825548655578,137
cifar100_simplecnn_C2_seed514,cifar100_simplecnn,C2,514,174,3,"[1, 1, 1, 5]",1.5137789076857162,221
cifar100_simplecnn_C2_seed514,cifar100_simplecnn,C2,514,174,4,"[1, 1, 0, 5]",1.5023352849924998,100
cifar100_simplecnn_C2_seed514,cifar100_simplecnn,C2,514,174,5,"[1, 0, 0, 5]",1.4994114511814383,140
cifar100_simplecnn_C2_seed514,cifar100_simplecnn,C2,514,174,6,"[1, 0, 3, 4]",1.3706830868079649,150
cifar100_simplecnn_C2_seed514,cifar100_simplecnn,C2,514,174,7,"[0, 0, 3, 4]",1.3705248106409953,40
cifar100_simplecnn_C2_seed514,cifar100_simplecnn,C2,514,174,8,"[1, 2, 2, 4]",1.3648109093819201,115
cifar100_simplecnn_C2_seed514,cifar100_simplecnn,C2,514,174,9,"[0, 1, 2, 4]",1.3619330477699017,96
cifar100_simplecnn_C2_seed514,cifar100_simplecnn,C2,514,174,10,"[1, 3, 1, 4]",1.3562191465108269,35
cifar100_simplecnn_C2_seed515,cifar100_simplecnn,C2,515,183,1,"[1, 3, 4, 5]",1.5537450250868354,63
cifar100_simplecnn_C2_seed515,cifar100_simplecnn,C2,515,183,2,"[2, 0, 3, 5]",1.5338025562123712,16
cifar100_simplecnn_C2_seed515,cifar100_simplecnn,C2,515,183,3,"[0, 0, 2, 5]",1.5221322504662609,454
cifar100_simplecnn_C2_seed515,cifar100_simplecnn,C2,515,183,4,"[0, 0, 1, 5]",1.5106967977076848,464
cifar100_simplecnn_C2_seed515,cifar100_simplecnn,C2,515,183,5,"[1, 1, 0, 5]",1.5023352849924998,323
cifar100_simplecnn_C2_seed515,cifar100_simplecnn,C2,515,183,6,"[0, 1, 0, 5]",1.5020789696098438,421
cifar100_simplecnn_C2_seed515,cifar100_simplecnn,C2,515,183,7,"[1, 0, 0, 5]",1.4994114511814383,402
cifar100_simplecnn_C2_seed515,cifar100_simplecnn,C2,515,183,8,"[0, 2, 3, 4]",1.3762009096356675,81
cifar100_simplecnn_C2_seed515,cifar100_simplecnn,C2,515,183,9,"[0, 0, 3, 4]",1.3705248106409953,86
cifar100_simplecnn_C2_seed515,cifar100_simplecnn,C2,515,183,10,"[0, 3, 2, 4]",1.3675616825795571,66
cifar100_simplecnn_C2_seed516,cifar100_simplecnn,C2,516,192,1,"[1, 2, 2, 5]",1.5279339458893408,146
cifar100_simplecnn_C2_seed516,cifar100_simplecnn,C2,516,192,2,"[1, 1, 2, 5]",1.5251980205750111,88
cifar100_simplecnn_C2_seed516,cifar100_simplecnn,C2,516,192,3,"[0, 0, 2, 5]",1.5221322504662609,19
cifar100_simplecnn_C2_seed516,cifar100_simplecnn,C2,516,192,4,"[2, 1, 0, 5]",1.5022418486084395,41
cifar100_simplecnn_C2_seed516,cifar100_simplecnn,C2,516,192,5,"[1, 0, 3, 4]",1.3706830868079649,178
cifar100_simplecnn_C2_seed516,cifar100_simplecnn,C2,516,192,6,"[1, 0, 2, 4]",1.359216509733653,85
cifar100_simplecnn_C2_seed516,cifar100_simplecnn,C2,516,192,7,"[1, 2, 0, 4]",1.3419318339301278,205
cifar100_simplecnn_C2_seed516,cifar100_simplecnn,C2,516,192,8,"[0, 0, 0, 4]",1.3361219685724073,132
cifar100_simplecnn_C2_seed516,cifar100_simplecnn,C2,516,192,9,"[0, 0, 5, 3]",1.323273735630333,34
cifar100_simplecnn_C2_seed516,cifar100_simplecnn,C2,516,192,10,"[1, 2, 2, 3]",1.2833433453765759,122
cifar100_simplecnn_C2_seed517,cifar100_simplecnn,C2,517,144,1,"[1, 1, 2, 5]",1.5251980205750111,112
cifar100_simplecnn_C2_seed517,cifar100_simplecnn,C2,517,144,2,"[1, 1, 1, 5]",1.5137789076857162,480
cifar100_simplecnn_C2_seed517,cifar100_simplecnn,C2,517,144,3,"[2, 1, 1, 5]",1.5137018111709368,85
cifar100_simplecnn_C2_seed517,cifar100_simplecnn,C2,517,144,4,"[1, 2, 1, 4]",1.3533999664272658,79
cifar100_simplecnn_C2_seed517,cifar100_simplecnn,C2,517,144,5,"[1, 1, 1, 4]",1.3506477012436551,118
cifar100_simplecnn_C2_seed517,cifar100_simplecnn,C2,517,144,6,"[1, 0, 1, 4]",1.3477810569750772,276
cifar100_simplecnn_C2_seed517,cifar100_simplecnn,C2,517,144,7,"[1, 3, 4, 3]",1.3090727252276653,43
cifar100_simplecnn_C2_seed517,cifar100_simplecnn,C2,517,144,8,"[1, 1, 2, 3]",1.2806155899968867,146
cifar100_simplecnn_C2_seed517,cifar100_simplecnn,C2,517,144,9,"[1, 2, 0, 3]",1.2603580607744567,96
cifar100_simplecnn_C2_seed517,cifar100_simplecnn,C2,517,144,10,"[2, 0, 0, 3]",1.2547437541538939,61
cifar100_simplecnn_C2_seed518,cifar100_simplecnn,C2,518,169,1,"[1, 1, 3, 5]",1.5366319179107608,106
cifar100_simplecnn_C2_seed518,cifar100_simplecnn,C2,518,169,2,"[0, 1, 3, 5]",1.5364327920705887,128
cifar100_simplecnn_C2_seed518,cifar100_simplecnn,C2,518,169,3,"[2, 0, 2, 5]",1.52235231900734,2
cifar100_simplecnn_C2_seed518,cifar100_simplecnn,C2,518,169,4,"[1, 2, 1, 5]",1.516514833000046,137
cifar100_simplecnn_C2_seed518,cifar100_simplecnn,C2,518,169,5,"[1, 1, 1, 5]",1.5137789076857162,131
cifar100_simplecnn_C2_seed518,cifar100_simplecnn,C2,518,169,6,"[0, 1, 1, 5]",1.5135552720416225,68
cifar100_simplecnn_C2_seed518,cifar100_simplecnn,C2,518,169,7,"[1, 1, 0, 5]",1.5023352849924998,152
cifar100_simplecnn_C2_seed518,cifar100_simplecnn,C2,518,169,8,"[0, 1, 0, 5]",1.5020789696098438,20
cifar100_simplecnn_C2_seed518,cifar100_simplecnn,C2,518,169,9,"[1, 1, 3, 4]",1.3735660709458239,103
cifar100_simplecnn_C2_seed518,cifar100_simplecnn,C2,518,169,10,"[0, 0, 3, 4]",1.3705248106409953,161
cifar100_simplecnn_C2_seed519,cifar100_simplecnn,C2,519,171,1,"[0, 0, 4, 5]",1.5451078097109132,63
cifar100_simplecnn_C2_seed519,cifar100_simplecnn,C2,519,171,2,"[2, 1, 1, 5]",1.5137018111709368,47
cifar100_simplecnn_C2_seed519,cifar100_simplecnn,C2,519,171,3,"[0, 0, 1, 5]",1.5106967977076848,503
cifar100_simplecnn_C2_seed519,cifar100_simplecnn,C2,519,171,4,"[0, 2, 0, 5]",1.5048639145320166,5
cifar100_simplecnn_C2_seed519,cifar100_simplecnn,C2,519,171,5,"[0, 0, 4, 4]",1.3820337928113358,93
cifar100_simplecnn_C2_seed519,cifar100_simplecnn,C2,519,171,6,"[0, 0, 2, 4]",1.3590664035013238,510
cifar100_simplecnn_C2_seed519,cifar100_simplecnn,C2,519,171,7,"[1, 2, 1, 4]",1.3533999664272658,23
cifar100_simplecnn_C2_seed519,cifar100_simplecnn,C2,519,171,8,"[2, 0, 1, 4]",1.3477938297413437,91
cifar100_simplecnn_C2_seed519,cifar100_simplecnn,C2,519,171,9,"[0, 2, 0, 4]",1.3417898976324392,110
cifar100_simplecnn_C2_seed519,cifar100_simplecnn,C2,519,171,10,"[0, 1, 0, 4]",1.3389722729717042,167
cifar10_lenet5_C0_seed500,cifar10_lenet5,C0,500,273,1,"[3, 1, 5, 4]",2.1936658299782583,463
cifar10_lenet5_C0_seed500,cifar10_lenet5,C0,500,273,2,"[0, 1, 5, 3]",2.1901149727887144,409
cifar10_lenet5_C0_seed500,cifar10_lenet5,C0,500,273,3,"[3, 2, 5, 4]",2.1891399962780227,498
cifar10_lenet5_C0_seed500,cifar10_lenet5,C0,500,273,4,"[0, 2, 5, 3]",2.1883928774062356,443
cifar10_lenet5_C0_seed500,cifar10_lenet5,C0,500,273,5,"[2, 3, 5, 4]",2.1754744386395721,451
cifar10_lenet5_C0_seed500,cifar10_lenet5,C0,500,273,6,"[0, 3, 5, 5]",2.1716078942232184,243
cifar10_lenet5_C0_seed500,cifar10_lenet5,C0,500,273,7,"[2, 1, 5, 4]",2.1714419938905105,212
cifar10_lenet5_C0_seed500,cifar10_lenet5,C0,500,273,8,"[1, 2, 5, 3]",2.1713643770453852,222
cifar10_lenet5_C0_seed500,cifar10_lenet5,C0,500,273,9,"[3, 1, 5, 5]",2.1641534997934753,444
cifar10_lenet5_C0_seed500,cifar10_lenet5,C0,500,273,10,"[1, 3, 5, 5]",2.162990608815639,75
cifar10_lenet5_C0_seed501,cifar10_lenet5,C0,501,288,1,"[1, 3, 5, 4]",2.1915683595611699,204
cifar10_lenet5_C0_seed501,cifar10_lenet5,C0,501,288,2,"[1, 0, 5, 4]",2.1911271690730914,386
cifar10_lenet5_C0_seed501,cifar10_lenet5,C0,501,288,3,"[0, 1, 5, 3]",2.1901149727887144,381
cifar10_lenet5_C0_seed501,cifar10_lenet5,C0,501,288,4,"[0, 2, 5, 4]",2.1897582076409474,238
cifar10_lenet5_C0_seed501,cifar10_lenet5,C0,501,288,5,"[0, 1, 5, 4]",2.1877419852664164,261
cifar10_lenet5_C0_seed501,cifar10_lenet5,C0,501,288,6,"[3, 0, 5, 4]",2.1869767104074658,232
cifar10_lenet5_C0_seed501,cifar10_lenet5,C0,501,288,7,"[1, 2, 5, 4]",2.1858138194296299,469
cifar10_lenet5_C0_seed501,cifar10_lenet5,C0,501,288,8,"[0, 3, 5, 4]",2.1852323739407113,102
cifar10_lenet5_C0_seed501,cifar10_lenet5,C0,501,288,9,"[2, 3, 5, 4]",2.1754744386395721,106
cifar10_lenet5_C0_seed501,cifar10_lenet5,C0,501,288,10,"[0, 3, 5, 5]",2.1716078942232184,226
cifar10_lenet5_C0_seed502,cifar10_lenet5,C0,502,315,1,"[3, 1, 5, 4]",2.1936658299782583,259
cifar10_lenet5_C0_seed502,cifar10_lenet5,C0,502,315,2,"[1, 3, 5, 4]",2.1915683595611699,404
cifar10_lenet5_C0_seed502,cifar10_lenet5,C0,502,315,3,"[1, 0, 5, 4]",2.1911271690730914,281
cifar10_lenet5_C0_seed502,cifar10_lenet5,C0,502,315,4,"[0, 2, 5, 4]",2.1897582076409474,151
cifar10_lenet5_C0_seed502,cifar10_lenet5,C0,502,315,5,"[0, 2, 5, 3]",2.1883928774062356,206
cifar10_lenet5_C0_seed502,cifar10_lenet5,C0,502,315,6,"[0, 1, 5, 4]",2.1877419852664164,283
cifar10_lenet5_C0_seed502,cifar10_lenet5,C0,502,315,7,"[1, 2, 5, 4]",2.1858138194296299,510
cifar10_lenet5_C0_seed502,cifar10_lenet5,C0,502,315,8,"[0, 3, 5, 4]",2.1852323739407113,340
cifar10_lenet5_C0_seed502,cifar10_lenet5,C0,502,315,9,"[1, 0, 5, 3]",2.1841543622028663,313
cifar10_lenet5_C0_seed502,cifar10_lenet5,C0,502,315,10,"[2, 3, 5, 4]",2.1754744386395721,7
cifar10_lenet5_C0_seed503,cifar10_lenet5,C0,503,294,1,"[3, 1, 5, 4]",2.1936658299782583,342
cifar10_lenet5_C0_seed503,cifar10_lenet5,C0,503,294,2,"[1, 0, 5, 4]",2.1911271690730914,276
cifar10_lenet5_C0_seed503,cifar10_lenet5,C0,503,294,3,"[0, 1, 5, 3]",2.1901149727887144,359
cifar10_lenet5_C0_seed503,cifar10_lenet5,C0,503,294,4,"[0, 2, 5, 4]",2.1897582076409474,44
cifar10_lenet5_C0_seed503,cifar10_lenet5,C0,503,294,5,"[0, 2, 5, 3]",2.1883928774062356,283
cifar10_lenet5_C0_seed503,cifar10_lenet5,C0,503,294,6,"[3, 0, 5, 4]",2.1869767104074658,136
cifar10_lenet5_C0_seed503,cifar10_lenet5,C0,503,294,7,"[0, 3, 5, 4]",2.1852323739407113,219
cifar10_lenet5_C0_seed503,cifar10_lenet5,C0,503,294,8,"[1, 0, 5, 3]",2.1841543622028663,28
cifar10_lenet5_C0_seed503,cifar10_lenet5,C0,503,294,9,"[2, 3, 5, 4]",2.1754744386395721,183
cifar10_lenet5_C0_seed503,cifar10_lenet5,C0,503,294,10,"[0, 3, 5, 5]",2.1716078942232184,302
cifar10_lenet5_C0_seed504,cifar10_lenet5,C0,504,315,1,"[1, 0, 5, 4]",2.1911271690730914,304
cifar10_lenet5_C0_seed504,cifar10_lenet5,C0,504,315,2,"[0, 1, 5, 3]",2.1901149727887144,56
cifar10_lenet5_C0_seed504,cifar10_lenet5,C0,504,315,3,"[0, 2, 5, 4]",2.1897582076409474,174
cifar10_lenet5_C0_seed504,cifar10_lenet5,C0,504,315,4,"[3, 2, 5, 4]",2.1891399962780227,27
cifar10_lenet5_C0_seed504,cifar10_lenet5,C0,504,315,5,"[0, 2, 5, 3]",2.1883928774062356,68
cifar10_lenet5_C0_seed504,cifar10_lenet5,C0,504,315,6,"[3, 0, 5, 4]",2.1869767104074658,94
cifar10_lenet5_C0_seed504,cifar10_lenet5,C0,504,315,7,"[1, 2, 5, 4]",2.1858138194296299,332
cifar10_lenet5_C0_seed504,cifar10_lenet5,C0,504,315,8,"[0, 3, 5, 4]",2.1852323739407113,382
cifar10_lenet5_C0_seed504,cifar10_lenet5,C0,504,315,9,"[1, 0, 5, 3]",2.1841543622028663,272
cifar10_lenet5_C0_seed504,cifar10_lenet5,C0,504,315,10,"[2, 3, 5, 4]",2.1754744386395721,307
cifar10_lenet5_C0_seed505,cifar10_lenet5,C0,505,287,1,"[1, 3, 5, 4]",2.1915683595611699,167
cifar10_lenet5_C0_seed505,cifar10_lenet5,C0,505,287,2,"[0, 1, 5, 3]",2.1901149727887144,420
cifar10_lenet5_C0_seed505,cifar10_lenet5,C0,505,287,3,"[0, 2, 5, 4]",2.1897582076409474,379
cifar10_lenet5_C0_seed505,cifar10_lenet5,C0,505,287,4,"[0, 2, 5, 3]",2.1883928774062356,324
cifar10_lenet5_C0_seed505,cifar10_lenet5,C0,505,287,5,"[0, 1, 5, 4]",2.1877419852664164,263
cifar10_lenet5_C0_seed505,cifar10_lenet5,C0,505,287,6,"[3, 0, 5, 4]",2.1869767104074658,234
cifar10_lenet5_C0_seed505,cifar10_lenet5,C0,505,287,7,"[1, 2, 5, 4]",2.1858138194296299,187
cifar10_lenet5_C0_seed505,cifar10_lenet5,C0,505,287,8,"[0, 3, 5, 4]",2.1852323739407113,256
cifar10_lenet5_C0_seed505,cifar10_lenet5,C0,505,287,9,"[1, 0, 5, 3]",2.1841543622028663,189
cifar10_lenet5_C0_seed505,cifar10_lenet5,C0,505,287,10,"[2, 3, 5, 4]",2.1754744386395721,481
cifar10_lenet5_C0_seed506,cifar10_lenet5,C0,506,299,1,"[3, 1, 5, 4]",2.1936658299782583,132
cifar10_lenet5_C0_seed506,cifar10_lenet5,C0,506,299,2,"[1, 3, 5, 4]",2.1915683595611699,436
cifar10_lenet5_C0_seed506,cifar10_lenet5,C0,506,299,3,"[1, 0, 5, 4]",2.1911271690730914,333
cifar10_lenet5_C0_seed506,cifar10_lenet5,C0,506,299,4,"[0, 1, 5, 3]",2.1901149727887144,97
cifar10_lenet5_C0_seed506,cifar10_lenet5,C0,506,299,5,"[0, 2, 5, 4]",2.1897582076409474,190
cifar10_lenet5_C0_seed506,cifar10_lenet5,C0,506,299,6,"[0, 2, 5, 3]",2.1883928774062356,290
cifar10_lenet5_C0_seed506,cifar10_lenet5,C0,506,299,7,"[0, 1, 5, 4]",2.1877419852664164,452
cifar10_lenet5_C0_seed506,cifar10_lenet5,C0,506,299,8,"[3, 0, 5, 4]",2.1869767104074658,306
cifar10_lenet5_C0_seed506,cifar10_lenet5,C0,506,299,9,"[1, 0, 5, 3]",2.1841543622028663,142
cifar10_lenet5_C0_seed506,cifar10_lenet5,C0,506,299,10,"[2, 3, 5, 4]",2.1754744386395721,327
cifar10_lenet5_C0_seed507,cifar10_lenet5,C0,507,283,1,"[3, 1, 5, 4]",2.1936658299782583,63
cifar10_lenet5_C0_seed507,cifar10_lenet5,C0,507,283,2,"[1, 3, 5, 4]",2.1915683595611699,156
cifar10_lenet5_C0_seed507,cifar10_lenet5,C0,507,283,3,"[1, 0, 5, 4]",2.1911271690730914,249
cifar10_lenet5_C0_seed507,cifar10_lenet5,C0,507,283,4,"[0, 1, 5, 3]",2.1901149727887144,7
cifar10_lenet5_C0_seed507,cifar10_lenet5,C0,507,283,5,"[0, 2, 5, 3]",2.1883928774062356,242
cifar10_lenet5_C0_seed507,cifar10_lenet5,C0,507,283,6,"[0, 1, 5, 4]",2.1877419852664164,279
cifar10_lenet5_C0_seed507,cifar10_lenet5,C0,507,283,7,"[3, 0, 5, 4]",2.1869767104074658,228
cifar10_lenet5_C0_seed507,cifar10_lenet5,C0,507,283,8,"[1, 2, 5, 4]",2.1858138194296299,146
cifar10_lenet5_C0_seed507,cifar10_lenet5,C0,507,283,9,"[0, 3, 5, 4]",2.1852323739407113,465
cifar10_lenet5_C0_seed507,cifar10_lenet5,C0,507,283,10,"[2, 3, 5, 4]",2.1754744386395721,218
cifar10_lenet5_C0_seed508,cifar10_lenet5,C0,508,328,1,"[1, 0, 5, 4]",2.1911271690730914,262
cifar10_lenet5_C0_seed508,cifar10_lenet5,C0,508,328,2,"[0, 1, 5, 3]",2.1901149727887144,304
cifar10_lenet5_C0_seed508,cifar10_lenet5,C0,508,328,3,"[0, 2, 5, 4]",2.1897582076409474,426
cifar10_lenet5_C0_seed508,cifar10_lenet5,C0,508,328,4,"[3, 2, 5, 4]",2.1891399962780227,238
cifar10_lenet5_C0_seed508,cifar10_lenet5,C0,508,328,5,"[0, 2, 5, 3]",2.1883928774062356,6
cifar10_lenet5_C0_seed508,cifar10_lenet5,C0,508,328,6,"[0, 1, 5, 4]",2.1877419852664164,325
cifar10_lenet5_C0_seed508,cifar10_lenet5,C0,508,328,7,"[3, 0, 5, 4]",2.1869767104074658,168
cifar10_lenet5_C0_seed508,cifar10_lenet5,C0,508,328,8,"[1, 0, 5, 3]",2.1841543622028663,399
cifar10_lenet5_C0_seed508,cifar10_lenet5,C0,508,328,9,"[2, 3, 5, 4]",2.1754744386395721,466
cifar10_lenet5_C0_seed508,cifar10_lenet5,C0,508,328,10,"[0, 3, 5, 5]",2.1716078942232184,10
cifar10_lenet5_C0_seed509,cifar10_lenet5,C0,509,317,1,"[3, 1, 5, 4]",2.1936658299782583,300
cifar10_lenet5_C0_seed509,cifar10_lenet5,C0,509,317,2,"[1, 3, 5, 4]",2.1915683595611699,12
cifar10_lenet5_C0_seed509,cifar10_lenet5,C0,509,317,3,"[0, 2, 5, 3]",2.1883928774062356,477
cifar10_lenet5_C0_seed509,cifar10_lenet5,C0,509,317,4,"[0, 1, 5, 4]",2.1877419852664164,353
cifar10_lenet5_C0_seed509,cifar10_lenet5,C0,509,317,5,"[1, 2, 5, 4]",2.1858138194296299,354
cifar10_lenet5_C0_seed509,cifar10_lenet5,C0,509,317,6,"[2, 3, 5, 4]",2.1754744386395721,425
cifar10_lenet5_C0_seed509,cifar10_lenet5,C0,509,317,7,"[0, 3, 5, 5]",2.1716078942232184,446
cifar10_lenet5_C0_seed509,cifar10_lenet5,C0,509,317,8,"[1, 2, 5, 3]",2.1713643770453852,107
cifar10_lenet5_C0_seed509,cifar10_lenet5,C0,509,317,9,"[2, 0, 5, 4]",2.1675566126374748,436
cifar10_lenet5_C0_seed509,cifar10_lenet5,C0,509,317,10,"[1, 3, 5, 5]",2.162990608815639,391
cifar10_lenet5_C0_seed510,cifar10_lenet5,C0,510,265,1,"[3, 1, 5, 4]",2.1936658299782583,303
cifar10_lenet5_C0_seed510,cifar10_lenet5,C0,510,265,2,"[1, 3, 5, 4]",2.1915683595611699,54
cifar10_lenet5_C0_seed510,cifar10_lenet5,C0,510,265,3,"[0, 1, 5, 3]",2.1901149727887144,79
cifar10_lenet5_C0_seed510,cifar10_lenet5,C0,510,265,4,"[0, 2, 5, 4]",2.1897582076409474,446
cifar10_lenet5_C0_seed510,cifar10_lenet5,C0,510,265,5,"[1, 2, 5, 4]",2.1858138194296299,165
cifar10_lenet5_C0_seed510,cifar10_lenet5,C0,510,265,6,"[0, 3, 5, 4]",2.1852323739407113,389
cifar10_lenet5_C0_seed510,cifar10_lenet5,C0,510,265,7,"[2, 3, 5, 4]",2.1754744386395721,381
cifar10_lenet5_C0_seed510,cifar10_lenet5,C0,510,265,8,"[0, 3, 5, 5]",2.1716078942232184,368
cifar10_lenet5_C0_seed510,cifar10_lenet5,C0,510,265,9,"[1, 2, 5, 3]",2.1713643770453852,505
cifar10_lenet5_C0_seed510,cifar10_lenet5,C0,510,265,10,"[0, 1, 5, 2]",2.1672543154511992,166
cifar10_lenet5_C0_seed511,cifar10_lenet5,C0,511,295,1,"[3, 1, 5, 4]",2.1936658299782583,505
cifar10_lenet5_C0_seed511,cifar10_lenet5,C0,511,295,2,"[1, 3, 5, 4]",2.1915683595611699,341
cifar10_lenet5_C0_seed511,cifar10_lenet5,C0,511,295,3,"[1, 0, 5, 4]",2.1911271690730914,122
cifar10_lenet5_C0_seed511,cifar10_lenet5,C0,511,295,4,"[0, 1, 5, 3]",2.1901149727887144,270
cifar10_lenet5_C0_seed511,cifar10_lenet5,C0,511,295,5,"[0, 2, 5, 4]",2.1897582076409474,103
cifar10_lenet5_C0_seed511,cifar10_lenet5,C0,511,295,6,"[3, 2, 5, 4]",2.1891399962780227,306
cifar10_lenet5_C0_seed511,cifar10_lenet5,C0,511,295,7,"[3, 0, 5, 4]",2.1869767104074658,296
cifar10_lenet5_C0_seed511,cifar10_lenet5,C0,511,295,8,"[1, 2, 5, 4]",2.1858138194296299,263
cifar10_lenet5_C0_seed511,cifar10_lenet5,C0,511,295,9,"[0, 3, 5, 4]",2.1852323739407113,372
cifar10_lenet5_C0_seed511,cifar10_lenet5,C0,511,295,10,"[2, 3, 5, 4]",2.1754744386395721,469
cifar10_lenet5_C0_seed512,cifar10_lenet5,C0,512,307,1,"[3, 1, 5, 4]",2.1936658299782583,46
cifar10_lenet5_C0_seed512,cifar10_lenet5,C0,512,307,2,"[1, 0, 5, 4]",2.1911271690730914,149
cifar10_lenet5_C0_seed512,cifar10_lenet5,C0,512,307,3,"[0, 2, 5, 4]",2.1897582076409474,435
cifar10_lenet5_C0_seed512,cifar10_lenet5,C0,512,307,4,"[3, 2, 5, 4]",2.1891399962780227,339
cifar10_lenet5_C0_seed512,cifar10_lenet5,C0,512,307,5,"[3, 0, 5, 4]",2.1869767104074658,271
cifar10_lenet5_C0_seed512,cifar10_lenet5,C0,512,307,6,"[0, 3, 5, 4]",2.1852323739407113,90
cifar10_lenet5_C0_seed512,cifar10_lenet5,C0,512,307,7,"[0, 3, 5, 5]",2.1716078942232184,175
cifar10_lenet5_C0_seed512,cifar10_lenet5,C0,512,307,8,"[3, 1, 5, 5]",2.1641534997934753,494
cifar10_lenet5_C0_seed512,cifar10_lenet5,C0,512,307,9,"[1, 3, 5, 5]",2.162990608815639,429
cifar10_lenet5_C0_seed512,cifar10_lenet5,C0,512,307,10,"[0, 3, 5, 2]",2.1610063863684852,326
cifar10_lenet5_C0_seed513,cifar10_lenet5,C0,513,287,1,"[1, 3, 5, 4]",2.1915683595611699,141
cifar10_lenet5_C0_seed513,cifar10_lenet5,C0,513,287,2,"[0, 1, 5, 3]",2.1901149727887144,90
cifar10_lenet5_C0_seed513,cifar10_lenet5,C0,513,287,3,"[3, 0, 5, 4]",2.1869767104074658,389
cifar10_lenet5_C0_seed513,cifar10_lenet5,C0,513,287,4,"[1, 2, 5, 4]",2.1858138194296299,339
cifar10_lenet5_C0_seed513,cifar10_lenet5,C0,513,287,5,"[0, 3, 5, 4]",2.1852323739407113,337
cifar10_lenet5_C0_seed513,cifar10_lenet5,C0,513,287,6,"[1, 0, 5, 3]",2.1841543622028663,187
cifar10_lenet5_C0_seed513,cifar10_lenet5,C0,513,287,7,"[2, 3, 5, 4]",2.1754744386395721,227
cifar10_lenet5_C0_seed513,cifar10_lenet5,C0,513,287,8,"[0, 3, 5, 5]",2.1716078942232184,165
cifar10_lenet5_C0_seed513,cifar10_lenet5,C0,513,287,9,"[1, 2, 5, 3]",2.1713643770453852,359
cifar10_lenet5_C0_seed513,cifar10_lenet5,C0,513,287,10,"[0, 1, 5, 2]",2.1672543154511992,210
cifar10_lenet5_C0_seed514,cifar10_lenet5,C0,514,338,1,"[3, 1, 5, 4]",2.1936658299782583,388
cifar10_lenet5_C0_seed514,cifar10_lenet5,C0,514,338,2,"[1, 3, 5, 4]",2.1915683595611699,8
cifar10_lenet5_C0_seed514,cifar10_lenet5,C0,514,338,3,"[1, 0, 5, 4]",2.1911271690730914,271
cifar10_lenet5_C0_seed514,cifar10_lenet5,C0,514,338,4,"[0, 1, 5, 3]",2.1901149727887144,73
cifar10_lenet5_C0_seed514,cifar10_lenet5,C0,514,338,5,"[0, 2, 5, 4]",2.1897582076409474,349
cifar10_lenet5_C0_seed514,cifar10_lenet5,C0,514,338,6,"[3, 2, 5, 4]",2.1891399962780227,201
cifar10_lenet5_C0_seed514,cifar10_lenet5,C0,514,338,7,"[0, 1, 5, 4]",2.1877419852664164,354
cifar10_lenet5_C0_seed514,cifar10_lenet5,C0,514,338,8,"[0, 3, 5, 4]",2.1852323739407113,40
cifar10_lenet5_C0_seed514,cifar10_lenet5,C0,514,338,9,"[2, 3, 5, 4]",2.1754744386395721,284
cifar10_lenet5_C0_seed514,cifar10_lenet5,C0,514,338,10,"[0, 3, 5, 5]",2.1716078942232184,156
cifar10_lenet5_C0_seed515,cifar10_lenet5,C0,515,294,1,"[3, 1, 5, 4]",2.1936658299782583,227
cifar10_lenet5_C0_seed515,cifar10_lenet5,C0,515,294,2,"[1, 0, 5, 4]",2.1911271690730914,198
cifar10_lenet5_C0_seed515,cifar10_lenet5,C0,515,294,3,"[0, 2, 5, 4]",2.1897582076409474,385
cifar10_lenet5_C0_seed515,cifar10_lenet5,C0,515,294,4,"[3, 2, 5, 4]",2.1891399962780227,103
cifar10_lenet5_C0_seed515,cifar10_lenet5,C0,515,294,5,"[0, 2, 5, 3]",2.1883928774062356,277
cifar10_lenet5_C0_seed515,cifar10_lenet5,C0,515,294,6,"[0, 1, 5, 4]",2.1877419852664164,335
cifar10_lenet5_C0_seed515,cifar10_lenet5,C0,515,294,7,"[3, 0, 5, 4]",2.1869767104074658,240
cifar10_lenet5_C0_seed515,cifar10_lenet5,C0,515,294,8,"[1, 2, 5, 4]",2.1858138194296299,314
cifar10_lenet5_C0_seed515,cifar10_lenet5,C0,515,294,9,"[0, 3, 5, 4]",2.1852323739407113,185
cifar10_lenet5_C0_seed515,cifar10_lenet5,C0,515,294,10,"[1, 0, 5, 3]",2.1841543622028663,449
cifar10_lenet5_C0_seed516,cifar10_lenet5,C0,516,319,1,"[3, 1, 5, 4]",2.1936658299782583,386
cifar10_lenet5_C0_seed516,cifar10_lenet5,C0,516,319,2,"[1, 3, 5, 4]",2.1915683595611699,367
cifar10_lenet5_C0_seed516,cifar10_lenet5,C0,516,319,3,"[1, 0, 5, 4]",2.1911271690730914,260
cifar10_lenet5_C0_seed516,cifar10_lenet5,C0,516,319,4,"[0, 2, 5, 4]",2.1897582076409474,116
cifar10_lenet5_C0_seed516,cifar10_lenet5,C0,516,319,5,"[3, 2, 5, 4]",2.1891399962780227,105
cifar10_lenet5_C0_seed516,cifar10_lenet5,C0,516,319,6,"[3, 0, 5, 4]",2.1869767104074658,326
cifar10_lenet5_C0_seed516,cifar10_lenet5,C0,516,319,7,"[1, 2, 5, 4]",2.1858138194296299,412
cifar10_lenet5_C0_seed516,cifar10_lenet5,C0,516,319,8,"[0, 3, 5, 4]",2.1852323739407113,397
cifar10_lenet5_C0_seed516,cifar10_lenet5,C0,516,319,9,"[1, 0, 5, 3]",2.1841543622028663,237
cifar10_lenet5_C0_seed516,cifar10_lenet5,C0,516,319,10,"[2, 3, 5, 4]",2.1754744386395721,414
cifar10_lenet5_C0_seed517,cifar10_lenet5,C0,517,313,1,"[1, 3, 5, 4]",2.1915683595611699,36
cifar10_lenet5_C0_seed517,cifar10_lenet5,C0,517,313,2,"[0, 1, 5, 3]",2.1901149727887144,374
cifar10_lenet5_C0_seed517,cifar10_lenet5,C0,517,313,3,"[0, 2, 5, 4]",2.1897582076409474,397
cifar10_lenet5_C0_seed517,cifar10_lenet5,C0,517,313,4,"[3, 2, 5, 4]",2.1891399962780227,458
cifar10_lenet5_C0_seed517,cifar10_lenet5,C0,517,313,5,"[0, 2, 5, 3]",2.1883928774062356,284
cifar10_lenet5_C0_seed517,cifar10_lenet5,C0,517,313,6,"[0, 1, 5, 4]",2.1877419852664164,405
cifar10_lenet5_C0_seed517,cifar10_lenet5,C0,517,313,7,"[3, 0, 5, 4]",2.1869767104074658,464
cifar10_lenet5_C0_seed517,cifar10_lenet5,C0,517,313,8,"[0, 3, 5, 4]",2.1852323739407113,18
cifar10_lenet5_C0_seed517,cifar10_lenet5,C0,517,313,9,"[1, 0, 5, 3]",2.1841543622028663,61
cifar10_lenet5_C0_seed517,cifar10_lenet5,C0,517,313,10,"[0, 3, 5, 5]",2.1716078942232184,263
cifar10_lenet5_C0_seed518,cifar10_lenet5,C0,518,294,1,"[3, 1, 5, 4]",2.1936658299782583,26
cifar10_lenet5_C0_seed518,cifar10_lenet5,C0,518,294,2,"[1, 3, 5, 4]",2.1915683595611699,275
cifar10_lenet5_C0_seed518,cifar10_lenet5,C0,518,294,3,"[1, 0, 5, 4]",2.1911271690730914,14
cifar10_lenet5_C0_seed518,cifar10_lenet5,C0,518,294,4,"[0, 1, 5, 3]",2.1901149727887144,368
cifar10_lenet5_C0_seed518,cifar10_lenet5,C0,518,294,5,"[3, 2, 5, 4]",2.1891399962780227,4
cifar10_lenet5_C0_seed518,cifar10_lenet5,C0,518,294,6,"[3, 0, 5, 4]",2.1869767104074658,202
cifar10_lenet5_C0_seed518,cifar10_lenet5,C0,518,294,7,"[1, 2, 5, 4]",2.1858138194296299,65
cifar10_lenet5_C0_seed518,cifar10_lenet5,C0,518,294,8,"[2, 3, 5, 4]",2.1754744386395721,354
cifar10_lenet5_C0_seed518,cifar10_lenet5,C0,518,294,9,"[0, 3, 5, 5]",2.1716078942232184,399
cifar10_lenet5_C0_seed518,cifar10_lenet5,C0,518,294,10,"[2, 1, 5, 4]",2.1714419938905105,265
cifar10_lenet5_C0_seed519,cifar10_lenet5,C0,519,344,1,"[3, 1, 5, 4]",2.1936658299782583,385
cifar10_lenet5_C0_seed519,cifar10_lenet5,C0,519,344,2,"[1, 0, 5, 4]",2.1911271690730914,380
cifar10_lenet5_C0_seed519,cifar10_lenet5,C0,519,344,3,"[0, 1, 5, 3]",2.1901149727887144,444
cifar10_lenet5_C0_seed519,cifar10_lenet5,C0,519,344,4,"[0, 2, 5, 4]",2.1897582076409474,421
cifar10_lenet5_C0_seed519,cifar10_lenet5,C0,519,344,5,"[3, 2, 5, 4]",2.1891399962780227,277
cifar10_lenet5_C0_seed519,cifar10_lenet5,C0,519,344,6,"[0, 2, 5, 3]",2.1883928774062356,475
cifar10_lenet5_C0_seed519,cifar10_lenet5,C0,519,344,7,"[0, 1, 5, 4]",2.1877419852664164,370
cifar10_lenet5_C0_seed519,cifar10_lenet5,C0,519,344,8,"[3, 0, 5, 4]",2.1869767104074658,150
cifar10_lenet5_C0_seed519,cifar10_lenet5,C0,519,344,9,"[1, 2, 5, 4]",2.1858138194296299,463
cifar10_lenet5_C0_seed519,cifar10_lenet5,C0,519,344,10,"[0, 3, 5, 4]",2.1852323739407113,300
cifar10_lenet5_C1_seed500,cifar10_lenet5,C1,500,175,1,"[3, 1, 4, 3]",1.3756640658215056,35
cifar10_lenet5_C1_seed500,cifar10_lenet5,C1,500,175,2,"[1, 2, 4, 2]",1.3618236720786638,232
cifar10_lenet5_C1_seed500,cifar10_lenet5,C1,500,175,3,"[3, 2, 4, 0]",1.3306123348750794,64
cifar10_lenet5_C1_seed500,cifar10_lenet5,C1,500,175,4,"[1, 2, 4, 0]",1.3291864695531661,91
cifar10_lenet5_C1_seed500,cifar10_lenet5,C1,500,175,5,"[1, 0, 3, 4]",1.3090074091557617,11
cifar10_lenet5_C1_seed500,cifar10_lenet5,C1,500,175,6,"[0, 3, 3, 3]",1.3035728289600099,14
cifar10_lenet5_C1_seed500,cifar10_lenet5,C1,500,175,7,"[0, 0, 3, 3]",1.292091140029564,34
cifar10_lenet5_C1_seed500,cifar10_lenet5,C1,500,175,8,"[0, 3, 3, 2]",1.2872604582268559,86
cifar10_lenet5_C1_seed500,cifar10_lenet5,C1,500,175,9,"[1, 2, 3, 2]",1.2840848943699796,165
cifar10_lenet5_C1_seed500,cifar10_lenet5,C1,500,175,10,"[0, 2, 3, 2]",1.2834062296217956,93
cifar10_lenet5_C1_seed501,cifar10_lenet5,C1,501,169,1,"[1, 1, 4, 5]",1.423181543228649,44
cifar10_lenet5_C1_seed501,cifar10_lenet5,C1,501,169,2,"[0, 0, 4, 5]",1.4186361888162147,83
cifar10_lenet5_C1_seed501,cifar10_lenet5,C1,501,169,3,"[2, 1, 4, 4]",1.3912728496880953,68
cifar10_lenet5_C1_seed501,cifar10_lenet5,C1,501,169,4,"[1, 3, 4, 3]",1.3819778103576881,13
cifar10_lenet5_C1_seed501,cifar10_lenet5,C1,501,169,5,"[0, 2, 4, 2]",1.3611387768008849,16
cifar10_lenet5_C1_seed501,cifar10_lenet5,C1,501,169,6,"[1, 3, 3, 5]",1.3533568302067212,12
cifar10_lenet5_C1_seed501,cifar10_lenet5,C1,501,169,7,"[1, 1, 3, 5]",1.3455736066414601,209
cifar10_lenet5_C1_seed501,cifar10_lenet5,C1,501,169,8,"[0, 2, 4, 1]",1.3448077144789459,15
cifar10_lenet5_C1_seed501,cifar10_lenet5,C1,501,169,9,"[3, 1, 4, 1]",1.3430268632960076,452
cifar10_lenet5_C1_seed501,cifar10_lenet5,C1,501,169,10,"[1, 1, 4, 1]",1.3416383811516646,95
cifar10_lenet5_C1_seed502,cifar10_lenet5,C1,502,184,1,"[1, 3, 4, 5]",1.4309460752051248,3
cifar10_lenet5_C1_seed502,cifar10_lenet5,C1,502,184,2,"[0, 2, 4, 5]",1.4263446460263352,54
cifar10_lenet5_C1_seed502,cifar10_lenet5,C1,502,184,3,"[0, 3, 4, 4]",1.3975741331650879,28
cifar10_lenet5_C1_seed502,cifar10_lenet5,C1,502,184,4,"[0, 2, 4, 3]",1.3774013032972785,110
cifar10_lenet5_C1_seed502,cifar10_lenet5,C1,502,184,5,"[3, 1, 4, 3]",1.3756640658215056,78
cifar10_lenet5_C1_seed502,cifar10_lenet5,C1,502,184,6,"[1, 1, 4, 2]",1.3579320602960334,86
cifar10_lenet5_C1_seed502,cifar10_lenet5,C1,502,184,7,"[2, 0, 4, 1]",1.3384129730580281,1
cifar10_lenet5_C1_seed502,cifar10_lenet5,C1,502,184,8,"[3, 1, 4, 0]",1.3267207230924487,62
cifar10_lenet5_C1_seed502,cifar10_lenet5,C1,502,184,9,"[1, 0, 4, 0]",1.3214967039318304,45
cifar10_lenet5_C1_seed502,cifar10_lenet5,C1,502,184,10,"[0, 3, 3, 4]",1.3198789691635688,63
cifar10_lenet5_C1_seed503,cifar10_lenet5,C1,503,269,1,"[0, 2, 4, 5]",1.4263446460263352,27
cifar10_lenet5_C1_seed503,cifar10_lenet5,C1,503,269,2,"[0, 2, 4, 4]",1.3938133625039528,18
cifar10_lenet5_C1_seed503,cifar10_lenet5,C1,503,269,3,"[0, 1, 4, 3]",1.3735719968105982,65
cifar10_lenet5_C1_seed503,cifar10_lenet5,C1,503,269,4,"[0, 2, 4, 2]",1.3611387768008849,34
cifar10_lenet5_C1_seed503,cifar10_lenet5,C1,503,269,5,"[1, 1, 4, 2]",1.3579320602960334,35
cifar10_lenet5_C1_seed503,cifar10_lenet5,C1,503,269,6,"[1, 0, 4, 2]",1.354090292750163,58
cifar10_lenet5_C1_seed503,cifar10_lenet5,C1,503,269,7,"[2, 1, 3, 5]",1.3462148882120741,121
cifar10_lenet5_C1_seed503,cifar10_lenet5,C1,503,269,8,"[1, 0, 4, 1]",1.3377966136057942,352
cifar10_lenet5_C1_seed503,cifar10_lenet5,C1,503,269,9,"[0, 2, 4, 0]",1.328495343745792,271
cifar10_lenet5_C1_seed503,cifar10_lenet5,C1,503,269,10,"[1, 1, 4, 0]",1.3253509325368906,100
cifar10_lenet5_C1_seed504,cifar10_lenet5,C1,504,227,1,"[1, 1, 4, 5]",1.423181543228649,40
cifar10_lenet5_C1_seed504,cifar10_lenet5,C1,504,227,2,"[0, 2, 4, 4]",1.3938133625039528,93
cifar10_lenet5_C1_seed504,cifar10_lenet5,C1,504,227,3,"[3, 1, 4, 4]",1.3919888976138495,71
cifar10_lenet5_C1_seed504,cifar10_lenet5,C1,504,227,4,"[1, 0, 4, 4]",1.3867337258052559,78
cifar10_lenet5_C1_seed504,cifar10_lenet5,C1,504,227,5,"[0, 2, 4, 3]",1.3774013032972785,489
cifar10_lenet5_C1_seed504,cifar10_lenet5,C1,504,227,6,"[3, 1, 4, 3]",1.3756640658215056,39
cifar10_lenet5_C1_seed504,cifar10_lenet5,C1,504,227,7,"[0, 0, 4, 3]",1.3697551513831081,123
cifar10_lenet5_C1_seed504,cifar10_lenet5,C1,504,227,8,"[3, 0, 4, 2]",1.3554538527761262,18
cifar10_lenet5_C1_seed504,cifar10_lenet5,C1,504,227,9,"[2, 1, 3, 5]",1.3462148882120741,89
cifar10_lenet5_C1_seed504,cifar10_lenet5,C1,504,227,10,"[1, 1, 3, 5]",1.3455736066414601,53
cifar10_lenet5_C1_seed505,cifar10_lenet5,C1,505,260,1,"[0, 0, 4, 5]",1.4186361888162147,92
cifar10_lenet5_C1_seed505,cifar10_lenet5,C1,505,260,2,"[1, 0, 4, 4]",1.3867337258052559,2
cifar10_lenet5_C1_seed505,cifar10_lenet5,C1,505,260,3,"[1, 2, 4, 3]",1.3781111206934378,51
cifar10_lenet5_C1_seed505,cifar10_lenet5,C1,505,260,4,"[3, 0, 4, 3]",1.3717724540388749,63
cifar10_lenet5_C1_seed505,cifar10_lenet5,C1,505,260,5,"[0, 3, 4, 2]",1.3649431611691849,54
cifar10_lenet5_C1_seed505,cifar10_lenet5,C1,505,260,6,"[0, 2, 4, 2]",1.3611387768008849,5
cifar10_lenet5_C1_seed505,cifar10_lenet5,C1,505,260,7,"[3, 3, 3, 5]",1.3547016986438991,113
cifar10_lenet5_C1_seed505,cifar10_lenet5,C1,505,260,8,"[1, 2, 3, 5]",1.3494340657761155,22
cifar10_lenet5_C1_seed505,cifar10_lenet5,C1,505,260,9,"[0, 1, 3, 5]",1.3448575587157061,30
cifar10_lenet5_C1_seed505,cifar10_lenet5,C1,505,260,10,"[0, 0, 3, 5]",1.3410095606402406,7
cifar10_lenet5_C1_seed506,cifar10_lenet5,C1,506,182,1,"[0, 1, 5, 3]",1.5288937889880914,97
cifar10_lenet5_C1_seed506,cifar10_lenet5,C1,506,182,2,"[1, 3, 4, 4]",1.3982964116204371,6
cifar10_lenet5_C1_seed506,cifar10_lenet5,C1,506,182,3,"[3, 1, 4, 2]",1.3593516950883515,145
cifar10_lenet5_C1_seed506,cifar10_lenet5,C1,506,182,4,"[1, 3, 3, 5]",1.3533568302067212,95
cifar10_lenet5_C1_seed506,cifar10_lenet5,C1,506,182,5,"[1, 1, 3, 5]",1.3455736066414601,74
cifar10_lenet5_C1_seed506,cifar10_lenet5,C1,506,182,6,"[1, 1, 4, 1]",1.3416383811516646,480
cifar10_lenet5_C1_seed506,cifar10_lenet5,C1,506,182,7,"[0, 0, 4, 1]",1.337111718328015,56
cifar10_lenet5_C1_seed506,cifar10_lenet5,C1,506,182,8,"[1, 1, 4, 0]",1.3253509325368906,35
cifar10_lenet5_C1_seed506,cifar10_lenet5,C1,506,182,9,"[1, 1, 3, 3]",1.2965804196756432,142
cifar10_lenet5_C1_seed506,cifar10_lenet5,C1,506,182,10,"[0, 1, 3, 3]",1.2959952128713845,107
cifar10_lenet5_C1_seed507,cifar10_lenet5,C1,507,210,1,"[0, 1, 5, 3]",1.5288937889880914,7
cifar10_lenet5_C1_seed507,cifar10_lenet5,C1,507,210,2,"[0, 1, 4, 5]",1.4224966479508698,33
cifar10_lenet5_C1_seed507,cifar10_lenet5,C1,507,210,3,"[0, 0, 4, 5]",1.4186361888162147,12
cifar10_lenet5_C1_seed507,cifar10_lenet5,C1,507,210,4,"[0, 3, 4, 2]",1.3649431611691849,175
cifar10_lenet5_C1_seed507,cifar10_lenet5,C1,507,210,5,"[3, 1, 4, 2]",1.3593516950883515,61
cifar10_lenet5_C1_seed507,cifar10_lenet5,C1,507,210,6,"[0, 1, 4, 2]",1.3572596260774443,42
cifar10_lenet5_C1_seed507,cifar10_lenet5,C1,507,210,7,"[0, 0, 4, 2]",1.3534178585315739,168
cifar10_lenet5_C1_seed507,cifar10_lenet5,C1,507,210,8,"[1, 2, 3, 5]",1.3494340657761155,14
cifar10_lenet5_C1_seed507,cifar10_lenet5,C1,507,210,9,"[2, 1, 3, 5]",1.3462148882120741,10
cifar10_lenet5_C1_seed507,cifar10_lenet5,C1,507,210,10,"[0, 2, 4, 1]",1.3448077144789459,97
cifar10_lenet5_C1_seed508,cifar10_lenet5,C1,508,181,1,"[1, 0, 4, 5]",1.4193522367419686,60
cifar10_lenet5_C1_seed508,cifar10_lenet5,C1,508,181,2,"[1, 1, 4, 4]",1.3905754933511261,34
cifar10_lenet5_C1_seed508,cifar10_lenet5,C1,508,181,3,"[1, 0, 4, 3]",1.3704338161312919,86
cifar10_lenet5_C1_seed508,cifar10_lenet5,C1,508,181,4,"[1, 2, 4, 2]",1.3618236720786638,58
cifar10_lenet5_C1_seed508,cifar10_lenet5,C1,508,181,5,"[0, 1, 4, 2]",1.3572596260774443,46
cifar10_lenet5_C1_seed508,cifar10_lenet5,C1,508,181,6,"[1, 3, 4, 1]",1.3493343773025952,260
cifar10_lenet5_C1_seed508,cifar10_lenet5,C1,508,181,7,"[0, 1, 3, 5]",1.3448575587157061,218
cifar10_lenet5_C1_seed508,cifar10_lenet5,C1,508,181,8,"[0, 2, 4, 1]",1.3448077144789459,27
cifar10_lenet5_C1_seed508,cifar10_lenet5,C1,508,181,9,"[1, 0, 4, 1]",1.3377966136057942,82
cifar10_lenet5_C1_seed508,cifar10_lenet5,C1,508,181,10,"[0, 1, 4, 0]",1.3246286540815415,210
cifar10_lenet5_C1_seed509,cifar10_lenet5,C1,509,266,1,"[1, 0, 4, 4]",1.3867337258052559,46
cifar10_lenet5_C1_seed509,cifar10_lenet5,C1,509,266,2,"[0, 2, 4, 3]",1.3774013032972785,138
cifar10_lenet5_C1_seed509,cifar10_lenet5,C1,509,266,3,"[3, 0, 4, 3]",1.3717724540388749,344
cifar10_lenet5_C1_seed509,cifar10_lenet5,C1,509,266,4,"[0, 0, 4, 3]",1.3697551513831081,276
cifar10_lenet5_C1_seed509,cifar10_lenet5,C1,509,266,5,"[0, 3, 4, 2]",1.3649431611691849,85
cifar10_lenet5_C1_seed509,cifar10_lenet5,C1,509,266,6,"[3, 0, 4, 2]",1.3554538527761262,56
cifar10_lenet5_C1_seed509,cifar10_lenet5,C1,509,266,7,"[3, 3, 3, 5]",1.3547016986438991,113
cifar10_lenet5_C1_seed509,cifar10_lenet5,C1,509,266,8,"[1, 1, 3, 5]",1.3455736066414601,64
cifar10_lenet5_C1_seed509,cifar10_lenet5,C1,509,266,9,"[0, 2, 4, 1]",1.3448077144789459,9
cifar10_lenet5_C1_seed509,cifar10_lenet5,C1,509,266,10,"[0, 0, 3, 5]",1.3410095606402406,4
cifar10_lenet5_C1_seed510,cifar10_lenet5,C1,510,232,1,"[0, 1, 5, 3]",1.5288937889880914,178
cifar10_lenet5_C1_seed510,cifar10_lenet5,C1,510,232,2,"[0, 0, 4, 5]",1.4186361888162147,15
cifar10_lenet5_C1_seed510,cifar10_lenet5,C1,510,232,3,"[0, 3, 4, 4]",1.3975741331650879,24
cifar10_lenet5_C1_seed510,cifar10_lenet5,C1,510,232,4,"[0, 3, 4, 3]",1.3812929150799091,128
cifar10_lenet5_C1_seed510,cifar10_lenet5,C1,510,232,5,"[3, 0, 4, 3]",1.3717724540388749,108
cifar10_lenet5_C1_seed510,cifar10_lenet5,C1,510,232,6,"[0, 0, 4, 3]",1.3697551513831081,68
cifar10_lenet5_C1_seed510,cifar10_lenet5,C1,510,232,7,"[1, 3, 3, 5]",1.3533568302067212,25
cifar10_lenet5_C1_seed510,cifar10_lenet5,C1,510,232,8,"[1, 3, 4, 1]",1.3493343773025952,377
cifar10_lenet5_C1_seed510,cifar10_lenet5,C1,510,232,9,"[1, 1, 4, 1]",1.3416383811516646,315
cifar10_lenet5_C1_seed510,cifar10_lenet5,C1,510,232,10,"[1, 3, 3, 4]",1.3206448613260828,119
cifar10_lenet5_C1_seed511,cifar10_lenet5,C1,511,215,1,"[0, 1, 5, 3]",1.5288937889880914,37
cifar10_lenet5_C1_seed511,cifar10_lenet5,C1,511,215,2,"[0, 3, 4, 3]",1.3812929150799091,94
cifar10_lenet5_C1_seed511,cifar10_lenet5,C1,511,215,3,"[1, 1, 4, 3]",1.3742818142067574,275
cifar10_lenet5_C1_seed511,cifar10_lenet5,C1,511,215,4,"[1, 0, 4, 3]",1.3704338161312919,252
cifar10_lenet5_C1_seed511,cifar10_lenet5,C1,511,215,5,"[0, 3, 4, 1]",1.3486806346727911,64
cifar10_lenet5_C1_seed511,cifar10_lenet5,C1,511,215,6,"[1, 1, 4, 1]",1.3416383811516646,242
cifar10_lenet5_C1_seed511,cifar10_lenet5,C1,511,215,7,"[0, 1, 4, 1]",1.3409410248146953,233
cifar10_lenet5_C1_seed511,cifar10_lenet5,C1,511,215,8,"[3, 0, 4, 1]",1.3391414820429723,40
cifar10_lenet5_C1_seed511,cifar10_lenet5,C1,511,215,9,"[1, 1, 4, 0]",1.3253509325368906,14
cifar10_lenet5_C1_seed511,cifar10_lenet5,C1,511,215,10,"[0, 1, 4, 0]",1.3246286540815415,24
cifar10_lenet5_C1_seed512,cifar10_lenet5,C1,512,162,1,"[1, 2, 4, 5]",1.4270420023633044,24
cifar10_lenet5_C1_seed512,cifar10_lenet5,C1,512,162,2,"[0, 1, 4, 4]",1.389865675954967,12
cifar10_lenet5_C1_seed512,cifar10_lenet5,C1,512,162,3,"[3, 1, 4, 2]",1.3593516950883515,125
cifar10_lenet5_C1_seed512,cifar10_lenet5,C1,512,162,4,"[1, 1, 4, 2]",1.3579320602960334,19
cifar10_lenet5_C1_seed512,cifar10_lenet5,C1,512,162,5,"[2, 0, 3, 5]",1.3423544290774185,34
cifar10_lenet5_C1_seed512,cifar10_lenet5,C1,512,162,6,"[2, 0, 4, 1]",1.3384129730580281,109
cifar10_lenet5_C1_seed512,cifar10_lenet5,C1,512,162,7,"[1, 0, 4, 1]",1.3377966136057942,59
cifar10_lenet5_C1_seed512,cifar10_lenet5,C1,512,162,8,"[0, 0, 4, 1]",1.337111718328015,91
cifar10_lenet5_C1_seed512,cifar10_lenet5,C1,512,162,9,"[0, 2, 4, 0]",1.328495343745792,70
cifar10_lenet5_C1_seed512,cifar10_lenet5,C1,512,162,10,"[0, 0, 4, 0]",1.3208180391836462,164
cifar10_lenet5_C1_seed513,cifar10_lenet5,C1,513,262,1,"[0, 1, 5, 3]",1.5288937889880914,90
cifar10_lenet5_C1_seed513,cifar10_lenet5,C1,513,262,2,"[0, 3, 4, 5]",1.4302051051609908,30
cifar10_lenet5_C1_seed513,cifar10_lenet5,C1,513,262,3,"[0, 2, 4, 5]",1.4263446460263352,10
cifar10_lenet5_C1_seed513,cifar10_lenet5,C1,513,262,4,"[1, 0, 4, 5]",1.4193522367419686,32
cifar10_lenet5_C1_seed513,cifar10_lenet5,C1,513,262,5,"[0, 3, 4, 4]",1.3975741331650879,91
cifar10_lenet5_C1_seed513,cifar10_lenet5,C1,513,262,6,"[0, 2, 4, 4]",1.3938133625039528,24
cifar10_lenet5_C1_seed513,cifar10_lenet5,C1,513,262,7,"[3, 0, 4, 3]",1.3717724540388749,15
cifar10_lenet5_C1_seed513,cifar10_lenet5,C1,513,262,8,"[3, 1, 4, 2]",1.3593516950883515,167
cifar10_lenet5_C1_seed513,cifar10_lenet5,C1,513,262,9,"[0, 0, 4, 2]",1.3534178585315739,55
cifar10_lenet5_C1_seed513,cifar10_lenet5,C1,513,262,10,"[0, 2, 3, 5]",1.3486993262615763,21
cifar10_lenet5_C1_seed514,cifar10_lenet5,C1,514,269,1,"[0, 1, 5, 3]",1.5288937889880914,73
cifar10_lenet5_C1_seed514,cifar10_lenet5,C1,514,269,2,"[1, 1, 4, 3]",1.3742818142067574,15
cifar10_lenet5_C1_seed514,cifar10_lenet5,C1,514,269,3,"[1, 3, 3, 5]",1.3533568302067212,34
cifar10_lenet5_C1_seed514,cifar10_lenet5,C1,514,269,4,"[2, 0, 3, 5]",1.3423544290774185,110
cifar10_lenet5_C1_seed514,cifar10_lenet5,C1,514,269,5,"[0, 1, 4, 0]",1.3246286540815415,236
cifar10_lenet5_C1_seed514,cifar10_lenet5,C1,514,269,6,"[1, 0, 4, 0]",1.3214967039318304,175
cifar10_lenet5_C1_seed514,cifar10_lenet5,C1,514,269,7,"[0, 3, 3, 4]",1.3198789691635688,40
cifar10_lenet5_C1_seed514,cifar10_lenet5,C1,514,269,8,"[1, 1, 3, 4]",1.312874098820012,53
cifar10_lenet5_C1_seed514,cifar10_lenet5,C1,514,269,9,"[0, 0, 3, 4]",1.3082913612300078,150
cifar10_lenet5_C1_seed514,cifar10_lenet5,C1,514,269,10,"[1, 3, 3, 3]",1.3043075684745491,21
cifar10_lenet5_C1_seed515,cifar10_lenet5,C1,515,221,1,"[2, 0, 4, 5]",1.4199997488421776,10
cifar10_lenet5_C1_seed515,cifar10_lenet5,C1,515,221,2,"[1, 2, 4, 3]",1.3781111206934378,45
cifar10_lenet5_C1_seed515,cifar10_lenet5,C1,515,221,3,"[1, 1, 4, 2]",1.3579320602960334,99
cifar10_lenet5_C1_seed515,cifar10_lenet5,C1,515,221,4,"[0, 2, 4, 1]",1.3448077144789459,175
cifar10_lenet5_C1_seed515,cifar10_lenet5,C1,515,221,5,"[2, 0, 3, 5]",1.3423544290774185,16
cifar10_lenet5_C1_seed515,cifar10_lenet5,C1,515,221,6,"[1, 1, 4, 1]",1.3416383811516646,33
cifar10_lenet5_C1_seed515,cifar10_lenet5,C1,515,221,7,"[0, 1, 4, 1]",1.3409410248146953,433
cifar10_lenet5_C1_seed515,cifar10_lenet5,C1,515,221,8,"[2, 0, 4, 1]",1.3384129730580281,41
cifar10_lenet5_C1_seed515,cifar10_lenet5,C1,515,221,9,"[1, 0, 4, 1]",1.3377966136057942,14
cifar10_lenet5_C1_seed515,cifar10_lenet5,C1,515,221,10,"[3, 1, 4, 0]",1.3267207230924487,105
cifar10_lenet5_C1_seed516,cifar10_lenet5,C1,516,185,1,"[2, 1, 4, 4]",1.3912728496880953,48
cifar10_lenet5_C1_seed516,cifar10_lenet5,C1,516,185,2,"[3, 2, 4, 1]",1.346906014019448,18
cifar10_lenet5_C1_seed516,cifar10_lenet5,C1,516,185,3,"[0, 2, 4, 1]",1.3448077144789459,55
cifar10_lenet5_C1_seed516,cifar10_lenet5,C1,516,185,4,"[0, 0, 4, 1]",1.337111718328015,400
cifar10_lenet5_C1_seed516,cifar10_lenet5,C1,516,185,5,"[3, 1, 3, 4]",1.3143248862603054,12
cifar10_lenet5_C1_seed516,cifar10_lenet5,C1,516,185,6,"[2, 0, 3, 4]",1.3097234570815159,296
cifar10_lenet5_C1_seed516,cifar10_lenet5,C1,516,185,7,"[1, 0, 3, 4]",1.3090074091557617,178
cifar10_lenet5_C1_seed516,cifar10_lenet5,C1,516,185,8,"[2, 2, 3, 3]",1.3011257740880777,7
cifar10_lenet5_C1_seed516,cifar10_lenet5,C1,516,185,9,"[0, 1, 3, 3]",1.2959952128713845,59
cifar10_lenet5_C1_seed516,cifar10_lenet5,C1,516,185,10,"[2, 0, 3, 3]",1.2934110863483619,287
cifar10_lenet5_C1_seed517,cifar10_lenet5,C1,517,220,1,"[0, 3, 4, 4]",1.3975741331650879,19
cifar10_lenet5_C1_seed517,cifar10_lenet5,C1,517,220,2,"[3, 1, 4, 3]",1.3756640658215056,46
cifar10_lenet5_C1_seed517,cifar10_lenet5,C1,517,220,3,"[0, 3, 4, 2]",1.3649431611691849,35
cifar10_lenet5_C1_seed517,cifar10_lenet5,C1,517,220,4,"[0, 2, 4, 1]",1.3448077144789459,60
cifar10_lenet5_C1_seed517,cifar10_lenet5,C1,517,220,5,"[0, 0, 4, 1]",1.337111718328015,59
cifar10_lenet5_C1_seed517,cifar10_lenet5,C1,517,220,6,"[1, 1, 4, 0]",1.3253509325368906,2
cifar10_lenet5_C1_seed517,cifar10_lenet5,C1,517,220,7,"[0, 1, 4, 0]",1.3246286540815415,171
cifar10_lenet5_C1_seed517,cifar10_lenet5,C1,517,220,8,"[0, 0, 4, 0]",1.3208180391836462,167
cifar10_lenet5_C1_seed517,cifar10_lenet5,C1,517,220,9,"[1, 3, 3, 4]",1.3206448613260828,23
cifar10_lenet5_C1_seed517,cifar10_lenet5,C1,517,220,10,"[0, 3, 3, 4]",1.3198789691635688,28
cifar10_lenet5_C1_seed518,cifar10_lenet5,C1,518,244,1,"[0, 3, 4, 5]",1.4302051051609908,6
cifar10_lenet5_C1_seed518,cifar10_lenet5,C1,518,244,2,"[0, 0, 4, 2]",1.3534178585315739,444
cifar10_lenet5_C1_seed518,cifar10_lenet5,C1,518,244,3,"[1, 2, 3, 5]",1.3494340657761155,137
cifar10_lenet5_C1_seed518,cifar10_lenet5,C1,518,244,4,"[1, 1, 3, 5]",1.3455736066414601,131
cifar10_lenet5_C1_seed518,cifar10_lenet5,C1,518,244,5,"[0, 1, 3, 5]",1.3448575587157061,128
cifar10_lenet5_C1_seed518,cifar10_lenet5,C1,518,244,6,"[3, 1, 4, 1]",1.3430268632960076,192
cifar10_lenet5_C1_seed518,cifar10_lenet5,C1,518,244,7,"[1, 0, 3, 5]",1.3417193780363998,106
cifar10_lenet5_C1_seed518,cifar10_lenet5,C1,518,244,8,"[1, 1, 4, 1]",1.3416383811516646,107
cifar10_lenet5_C1_seed518,cifar10_lenet5,C1,518,244,9,"[0, 2, 4, 0]",1.328495343745792,512
cifar10_lenet5_C1_seed518,cifar10_lenet5,C1,518,244,10,"[1, 1, 4, 0]",1.3253509325368906,3
cifar10_lenet5_C1_seed519,cifar10_lenet5,C1,519,248,1,"[0, 0, 4, 5]",1.4186361888162147,63
cifar10_lenet5_C1_seed519,cifar10_lenet5,C1,519,248,2,"[3, 0, 4, 3]",1.3717724540388749,93
cifar10_lenet5_C1_seed519,cifar10_lenet5,C1,519,248,3,"[1, 1, 4, 2]",1.3579320602960334,492
cifar10_lenet5_C1_seed519,cifar10_lenet5,C1,519,248,4,"[0, 2, 4, 1]",1.3448077144789459,145
cifar10_lenet5_C1_seed519,cifar10_lenet5,C1,519,248,5,"[1, 0, 3, 5]",1.3417193780363998,11
cifar10_lenet5_C1_seed519,cifar10_lenet5,C1,519,248,6,"[2, 0, 4, 1]",1.3384129730580281,66
cifar10_lenet5_C1_seed519,cifar10_lenet5,C1,519,248,7,"[0, 0, 4, 1]",1.337111718328015,430
cifar10_lenet5_C1_seed519,cifar10_lenet5,C1,519,248,8,"[3, 2, 4, 0]",1.3306123348750794,39
cifar10_lenet5_C1_seed519,cifar10_lenet5,C1,519,248,9,"[0, 2, 4, 0]",1.328495343745792,90
cifar10_lenet5_C1_seed519,cifar10_lenet5,C1,519,248,10,"[0, 0, 4, 0]",1.3208180391836462,86
cifar10_lenet5_C2_seed500,cifar10_lenet5,C2,500,174,1,"[3, 1, 4, 3]",1.3756640658215056,35
cifar10_lenet5_C2_seed500,cifar10_lenet5,C2,500,174,2,"[1, 2, 4, 2]",1.3618236720786638,232
cifar10_lenet5_C2_seed500,cifar10_lenet5,C2,500,174,3,"[1, 3, 4, 0]",1.3330157760398462,91
cifar10_lenet5_C2_seed500,cifar10_lenet5,C2,500,174,4,"[3, 2, 4, 0]",1.3306123348750794,64
cifar10_lenet5_C2_seed500,cifar10_lenet5,C2,500,174,5,"[2, 2, 3, 4]",1.3174506058804216,225
cifar10_lenet5_C2_seed500,cifar10_lenet5,C2,500,174,6,"[1, 0, 3, 4]",1.3090074091557617,11
cifar10_lenet5_C2_seed500,cifar10_lenet5,C2,500,174,7,"[0, 3, 3, 3]",1.3035728289600099,14
cifar10_lenet5_C2_seed500,cifar10_lenet5,C2,500,174,8,"[2, 2, 3, 3]",1.3011257740880777,110
cifar10_lenet5_C2_seed500,cifar10_lenet5,C2,500,174,9,"[2, 0, 3, 3]",1.2934110863483619,163
cifar10_lenet5_C2_seed500,cifar10_lenet5,C2,500,174,10,"[0, 0, 3, 3]",1.292091140029564,34
cifar10_lenet5_C2_seed501,cifar10_lenet5,C2,501,173,1,"[0, 0, 4, 5]",1.4186361888162147,83
cifar10_lenet5_C2_seed501,cifar10_lenet5,C2,501,173,2,"[1, 3, 4, 3]",1.3819778103576881,13
cifar10_lenet5_C2_seed501,cifar10_lenet5,C2,501,173,3,"[0, 2, 4, 2]",1.3611387768008849,16
cifar10_lenet5_C2_seed501,cifar10_lenet5,C2,501,173,4,"[1, 3, 3, 5]",1.3533568302067212,12
cifar10_lenet5_C2_seed501,cifar10_lenet5,C2,501,173,5,"[1, 1, 4, 1]",1.3416383811516646,95
cifar10_lenet5_C2_seed501,cifar10_lenet5,C2,501,173,6,"[0, 1, 4, 1]",1.3409410248146953,141
cifar10_lenet5_C2_seed501,cifar10_lenet5,C2,501,173,7,"[3, 0, 4, 1]",1.3391414820429723,120
cifar10_lenet5_C2_seed501,cifar10_lenet5,C2,501,173,8,"[1, 1, 4, 0]",1.3253509325368906,107
cifar10_lenet5_C2_seed501,cifar10_lenet5,C2,501,173,9,"[1, 1, 3, 4]",1.312874098820012,262
cifar10_lenet5_C2_seed501,cifar10_lenet5,C2,501,173,10,"[3, 1, 3, 3]",1.2980000544679615,108
cifar10_lenet5_C2_seed502,cifar10_lenet5,C2,502,152,1,"[1, 3, 4, 5]",1.4309460752051248,3
cifar10_lenet5_C2_seed502,cifar10_lenet5,C2,502,152,2,"[0, 3, 4, 4]",1.3975741331650879,28
cifar10_lenet5_C2_seed502,cifar10_lenet5,C2,502,152,3,"[2, 0, 4, 1]",1.3384129730580281,1
cifar10_lenet5_C2_seed502,cifar10_lenet5,C2,502,152,4,"[3, 1, 4, 0]",1.3267207230924487,62
cifar10_lenet5_C2_seed502,cifar10_lenet5,C2,502,152,5,"[0, 3, 3, 4]",1.3198789691635688,63
cifar10_lenet5_C2_seed502,cifar10_lenet5,C2,502,152,6,"[3, 2, 3, 4]",1.3182289591021259,81
cifar10_lenet5_C2_seed502,cifar10_lenet5,C2,502,152,7,"[2, 2, 3, 4]",1.3174506058804216,47
cifar10_lenet5_C2_seed502,cifar10_lenet5,C2,502,152,8,"[1, 0, 3, 4]",1.3090074091557617,88
cifar10_lenet5_C2_seed502,cifar10_lenet5,C2,502,152,9,"[2, 3, 3, 2]",1.2886987846079594,102
cifar10_lenet5_C2_seed502,cifar10_lenet5,C2,502,152,10,"[0, 3, 3, 2]",1.2872604582268559,4
cifar10_lenet5_C2_seed503,cifar10_lenet5,C2,503,233,1,"[0, 2, 4, 4]",1.3938133625039528,18
cifar10_lenet5_C2_seed503,cifar10_lenet5,C2,503,233,2,"[0, 1, 4, 3]",1.3735719968105982,65
cifar10_lenet5_C2_seed503,cifar10_lenet5,C2,503,233,3,"[1, 1, 4, 2]",1.3579320602960334,35
cifar10_lenet5_C2_seed503,cifar10_lenet5,C2,503,233,4,"[1, 0, 4, 2]",1.354090292750163,58
cifar10_lenet5_C2_seed503,cifar10_lenet5,C2,503,233,5,"[2, 1, 3, 5]",1.3462148882120741,121
cifar10_lenet5_C2_seed503,cifar10_lenet5,C2,503,233,6,"[0, 2, 4, 0]",1.328495343745792,271
cifar10_lenet5_C2_seed503,cifar10_lenet5,C2,503,233,7,"[1, 1, 4, 0]",1.3253509325368906,100
cifar10_lenet5_C2_seed503,cifar10_lenet5,C2,503,233,8,"[1, 2, 3, 4]",1.3167532495434526,282
cifar10_lenet5_C2_seed503,cifar10_lenet5,C2,503,233,9,"[0, 2, 3, 4]",1.3160434321472934,44
cifar10_lenet5_C2_seed503,cifar10_lenet5,C2,503,233,10,"[2, 1, 3, 3]",1.2972964676013974,438
cifar10_lenet5_C2_seed504,cifar10_lenet5,C2,504,245,1,"[1, 3, 4, 5]",1.4309460752051248,40
cifar10_lenet5_C2_seed504,cifar10_lenet5,C2,504,245,2,"[1, 2, 4, 3]",1.3781111206934378,489
cifar10_lenet5_C2_seed504,cifar10_lenet5,C2,504,245,3,"[0, 0, 4, 3]",1.3697551513831081,123
cifar10_lenet5_C2_seed504,cifar10_lenet5,C2,504,245,4,"[3, 0, 4, 2]",1.3554538527761262,18
cifar10_lenet5_C2_seed504,cifar10_lenet5,C2,504,245,5,"[1, 0, 4, 2]",1.354090292750163,78
cifar10_lenet5_C2_seed504,cifar10_lenet5,C2,504,245,6,"[3, 1, 3, 5]",1.346906014019448,53
cifar10_lenet5_C2_seed504,cifar10_lenet5,C2,504,245,7,"[2, 1, 3, 5]",1.3462148882120741,89
cifar10_lenet5_C2_seed504,cifar10_lenet5,C2,504,245,8,"[3, 1, 4, 1]",1.3430268632960076,208
cifar10_lenet5_C2_seed504,cifar10_lenet5,C2,504,245,9,"[1, 1, 4, 1]",1.3416383811516646,338
cifar10_lenet5_C2_seed504,cifar10_lenet5,C2,504,245,10,"[1, 3, 4, 0]",1.3330157760398462,138
cifar10_lenet5_C2_seed505,cifar10_lenet5,C2,505,231,1,"[1, 0, 4, 4]",1.3867337258052559,2
cifar10_lenet5_C2_seed505,cifar10_lenet5,C2,505,231,2,"[1, 2, 4, 3]",1.3781111206934378,51
cifar10_lenet5_C2_seed505,cifar10_lenet5,C2,505,231,3,"[3, 0, 4, 3]",1.3717724540388749,63
cifar10_lenet5_C2_seed505,cifar10_lenet5,C2,505,231,4,"[0, 2, 4, 2]",1.3611387768008849,5
cifar10_lenet5_C2_seed505,cifar10_lenet5,C2,505,231,5,"[0, 3, 3, 5]",1.352572246455422,113
cifar10_lenet5_C2_seed505,cifar10_lenet5,C2,505,231,6,"[1, 2, 3, 5]",1.3494340657761155,22
cifar10_lenet5_C2_seed505,cifar10_lenet5,C2,505,231,7,"[0, 1, 3, 5]",1.3448575587157061,30
cifar10_lenet5_C2_seed505,cifar10_lenet5,C2,505,231,8,"[0, 0, 3, 5]",1.3410095606402406,7
cifar10_lenet5_C2_seed505,cifar10_lenet5,C2,505,231,9,"[0, 0, 4, 1]",1.337111718328015,92
cifar10_lenet5_C2_seed505,cifar10_lenet5,C2,505,231,10,"[0, 1, 3, 3]",1.2959952128713845,37
cifar10_lenet5_C2_seed506,cifar10_lenet5,C2,506,214,1,"[1, 3, 4, 4]",1.3982964116204371,6
cifar10_lenet5_C2_seed506,cifar10_lenet5,C2,506,214,2,"[3, 1, 4, 2]",1.3593516950883515,145
cifar10_lenet5_C2_seed506,cifar10_lenet5,C2,506,214,3,"[1, 1, 4, 2]",1.3579320602960334,168
cifar10_lenet5_C2_seed506,cifar10_lenet5,C2,506,214,4,"[1, 3, 3, 5]",1.3533568302067212,95
cifar10_lenet5_C2_seed506,cifar10_lenet5,C2,506,214,5,"[1, 1, 3, 5]",1.3455736066414601,74
cifar10_lenet5_C2_seed506,cifar10_lenet5,C2,506,214,6,"[0, 0, 4, 1]",1.337111718328015,56
cifar10_lenet5_C2_seed506,cifar10_lenet5,C2,506,214,7,"[1, 3, 4, 0]",1.3330157760398462,78
cifar10_lenet5_C2_seed506,cifar10_lenet5,C2,506,214,8,"[1, 1, 4, 0]",1.3253509325368906,35
cifar10_lenet5_C2_seed506,cifar10_lenet5,C2,506,214,9,"[0, 3, 3, 4]",1.3198789691635688,75
cifar10_lenet5_C2_seed506,cifar10_lenet5,C2,506,214,10,"[1, 1, 3, 3]",1.2965804196756432,142
cifar10_lenet5_C2_seed507,cifar10_lenet5,C2,507,206,1,"[0, 1, 5, 3]",1.5288937889880914,7
cifar10_lenet5_C2_seed507,cifar10_lenet5,C2,507,206,2,"[0, 0, 4, 5]",1.4186361888162147,12
cifar10_lenet5_C2_seed507,cifar10_lenet5,C2,507,206,3,"[3, 1, 4, 4]",1.3919888976138495,63
cifar10_lenet5_C2_seed507,cifar10_lenet5,C2,507,206,4,"[0, 3, 4, 2]",1.3649431611691849,175
cifar10_lenet5_C2_seed507,cifar10_lenet5,C2,507,206,5,"[0, 2, 4, 2]",1.3611387768008849,435
cifar10_lenet5_C2_seed507,cifar10_lenet5,C2,507,206,6,"[0, 1, 4, 2]",1.3572596260774443,42
cifar10_lenet5_C2_seed507,cifar10_lenet5,C2,507,206,7,"[3, 0, 4, 2]",1.3554538527761262,61
cifar10_lenet5_C2_seed507,cifar10_lenet5,C2,507,206,8,"[0, 0, 4, 2]",1.3534178585315739,168
cifar10_lenet5_C2_seed507,cifar10_lenet5,C2,507,206,9,"[1, 2, 3, 5]",1.3494340657761155,14
cifar10_lenet5_C2_seed507,cifar10_lenet5,C2,507,206,10,"[2, 1, 3, 5]",1.3462148882120741,10
cifar10_lenet5_C2_seed508,cifar10_lenet5,C2,508,180,1,"[1, 0, 4, 5]",1.4193522367419686,60
cifar10_lenet5_C2_seed508,cifar10_lenet5,C2,508,180,2,"[3, 2, 4, 4]",1.3958680483372898,17
cifar10_lenet5_C2_seed508,cifar10_lenet5,C2,508,180,3,"[1, 1, 4, 4]",1.3905754933511261,34
cifar10_lenet5_C2_seed508,cifar10_lenet5,C2,508,180,4,"[1, 0, 4, 3]",1.3704338161312919,86
cifar10_lenet5_C2_seed508,cifar10_lenet5,C2,508,180,5,"[1, 2, 4, 2]",1.3618236720786638,58
cifar10_lenet5_C2_seed508,cifar10_lenet5,C2,508,180,6,"[0, 1, 4, 2]",1.3572596260774443,46
cifar10_lenet5_C2_seed508,cifar10_lenet5,C2,508,180,7,"[2, 0, 4, 1]",1.3384129730580281,124
cifar10_lenet5_C2_seed508,cifar10_lenet5,C2,508,180,8,"[1, 0, 4, 1]",1.3377966136057942,82
cifar10_lenet5_C2_seed508,cifar10_lenet5,C2,508,180,9,"[1, 3, 4, 0]",1.3330157760398462,260
cifar10_lenet5_C2_seed508,cifar10_lenet5,C2,508,180,10,"[0, 1, 4, 0]",1.3246286540815415,210
cifar10_lenet5_C2_seed509,cifar10_lenet5,C2,509,235,1,"[1, 0, 4, 4]",1.3867337258052559,46
cifar10_lenet5_C2_seed509,cifar10_lenet5,C2,509,235,2,"[0, 0, 4, 3]",1.3697551513831081,276
cifar10_lenet5_C2_seed509,cifar10_lenet5,C2,509,235,3,"[0, 2, 4, 2]",1.3611387768008849,136
cifar10_lenet5_C2_seed509,cifar10_lenet5,C2,509,235,4,"[3, 0, 4, 2]",1.3554538527761262,56
cifar10_lenet5_C2_seed509,cifar10_lenet5,C2,509,235,5,"[3, 3, 3, 5]",1.3547016986438991,113
cifar10_lenet5_C2_seed509,cifar10_lenet5,C2,509,235,6,"[0, 2, 4, 1]",1.3448077144789459,9
cifar10_lenet5_C2_seed509,cifar10_lenet5,C2,509,235,7,"[3, 0, 4, 1]",1.3391414820429723,51
cifar10_lenet5_C2_seed509,cifar10_lenet5,C2,509,235,8,"[1, 0, 4, 1]",1.3377966136057942,36
cifar10_lenet5_C2_seed509,cifar10_lenet5,C2,509,235,9,"[0, 3, 4, 0]",1.3323682639396375,61
cifar10_lenet5_C2_seed509,cifar10_lenet5,C2,509,235,10,"[0, 3, 3, 4]",1.3198789691635688,103
cifar10_lenet5_C2_seed510,cifar10_lenet5,C2,510,230,1,"[0, 0, 4, 5]",1.4186361888162147,15
cifar10_lenet5_C2_seed510,cifar10_lenet5,C2,510,230,2,"[0, 3, 4, 4]",1.3975741331650879,24
cifar10_lenet5_C2_seed510,cifar10_lenet5,C2,510,230,3,"[3, 0, 4, 3]",1.3717724540388749,108
cifar10_lenet5_C2_seed510,cifar10_lenet5,C2,510,230,4,"[0, 0, 4, 3]",1.3697551513831081,68
cifar10_lenet5_C2_seed510,cifar10_lenet5,C2,510,230,5,"[1, 3, 3, 5]",1.3533568302067212,25
cifar10_lenet5_C2_seed510,cifar10_lenet5,C2,510,230,6,"[1, 3, 4, 1]",1.3493343773025952,377
cifar10_lenet5_C2_seed510,cifar10_lenet5,C2,510,230,7,"[1, 1, 4, 1]",1.3416383811516646,467
cifar10_lenet5_C2_seed510,cifar10_lenet5,C2,510,230,8,"[1, 3, 3, 4]",1.3206448613260828,119
cifar10_lenet5_C2_seed510,cifar10_lenet5,C2,510,230,9,"[3, 2, 3, 4]",1.3182289591021259,63
cifar10_lenet5_C2_seed510,cifar10_lenet5,C2,510,230,10,"[1, 3, 3, 3]",1.3043075684745491,157
cifar10_lenet5_C2_seed511,cifar10_lenet5,C2,511,216,1,"[1, 1, 4, 2]",1.3579320602960334,275
cifar10_lenet5_C2_seed511,cifar10_lenet5,C2,511,216,2,"[0, 3, 4, 1]",1.3486806346727911,64
cifar10_lenet5_C2_seed511,cifar10_lenet5,C2,511,216,3,"[3, 0, 4, 1]",1.3391414820429723,40
cifar10_lenet5_C2_seed511,cifar10_lenet5,C2,511,216,4,"[1, 0, 4, 1]",1.3377966136057942,252
cifar10_lenet5_C2_seed511,cifar10_lenet5,C2,511,216,5,"[0, 2, 4, 0]",1.328495343745792,109
cifar10_lenet5_C2_seed511,cifar10_lenet5,C2,511,216,6,"[1, 1, 4, 0]",1.3253509325368906,14
cifar10_lenet5_C2_seed511,cifar10_lenet5,C2,511,216,7,"[1, 0, 4, 0]",1.3214967039318304,73
cifar10_lenet5_C2_seed511,cifar10_lenet5,C2,511,216,8,"[0, 0, 3, 4]",1.3082913612300078,4
cifar10_lenet5_C2_seed511,cifar10_lenet5,C2,511,216,9,"[2, 0, 3, 3]",1.2934110863483619,46
cifar10_lenet5_C2_seed511,cifar10_lenet5,C2,511,216,10,"[1, 2, 3, 2]",1.2840848943699796,340
cifar10_lenet5_C2_seed512,cifar10_lenet5,C2,512,180,1,"[1, 2, 4, 5]",1.4270420023633044,24
cifar10_lenet5_C2_seed512,cifar10_lenet5,C2,512,180,2,"[1, 1, 4, 2]",1.3579320602960334,19
cifar10_lenet5_C2_seed512,cifar10_lenet5,C2,512,180,3,"[3, 1, 4, 1]",1.3430268632960076,125
cifar10_lenet5_C2_seed512,cifar10_lenet5,C2,512,180,4,"[2, 0, 3, 5]",1.3423544290774185,34
cifar10_lenet5_C2_seed512,cifar10_lenet5,C2,512,180,5,"[2, 0, 4, 1]",1.3384129730580281,72
cifar10_lenet5_C2_seed512,cifar10_lenet5,C2,512,180,6,"[1, 0, 4, 1]",1.3377966136057942,59
cifar10_lenet5_C2_seed512,cifar10_lenet5,C2,512,180,7,"[0, 0, 4, 1]",1.337111718328015,91
cifar10_lenet5_C2_seed512,cifar10_lenet5,C2,512,180,8,"[0, 2, 4, 0]",1.328495343745792,70
cifar10_lenet5_C2_seed512,cifar10_lenet5,C2,512,180,9,"[0, 1, 4, 0]",1.3246286540815415,12
cifar10_lenet5_C2_seed512,cifar10_lenet5,C2,512,180,10,"[1, 1, 3, 2]",1.2802057436465393,161
cifar10_lenet5_C2_seed513,cifar10_lenet5,C2,513,205,1,"[1, 0, 4, 5]",1.4193522367419686,32
cifar10_lenet5_C2_seed513,cifar10_lenet5,C2,513,205,2,"[0, 3, 4, 2]",1.3649431611691849,30
cifar10_lenet5_C2_seed513,cifar10_lenet5,C2,513,205,3,"[1, 1, 4, 2]",1.3579320602960334,167
cifar10_lenet5_C2_seed513,cifar10_lenet5,C2,513,205,4,"[0, 3, 4, 1]",1.3486806346727911,91
cifar10_lenet5_C2_seed513,cifar10_lenet5,C2,513,205,5,"[1, 2, 4, 1]",1.3454926097567248,101
cifar10_lenet5_C2_seed513,cifar10_lenet5,C2,513,205,6,"[1, 1, 4, 1]",1.3416383811516646,74
cifar10_lenet5_C2_seed513,cifar10_lenet5,C2,513,205,7,"[0, 1, 4, 1]",1.3409410248146953,205
cifar10_lenet5_C2_seed513,cifar10_lenet5,C2,513,205,8,"[1, 0, 4, 1]",1.3377966136057942,131
cifar10_lenet5_C2_seed513,cifar10_lenet5,C2,513,205,9,"[0, 0, 4, 1]",1.337111718328015,55
cifar10_lenet5_C2_seed513,cifar10_lenet5,C2,513,205,10,"[1, 3, 3, 3]",1.3043075684745491,306
cifar10_lenet5_C2_seed514,cifar10_lenet5,C2,514,226,1,"[0, 1, 5, 3]",1.5288937889880914,73
cifar10_lenet5_C2_seed514,cifar10_lenet5,C2,514,226,2,"[3, 1, 4, 3]",1.3756640658215056,15
cifar10_lenet5_C2_seed514,cifar10_lenet5,C2,514,226,3,"[0, 3, 3, 5]",1.352572246455422,34
cifar10_lenet5_C2_seed514,cifar10_lenet5,C2,514,226,4,"[2, 0, 3, 5]",1.3423544290774185,110
cifar10_lenet5_C2_seed514,cifar10_lenet5,C2,514,226,5,"[1, 0, 4, 0]",1.3214967039318304,175
cifar10_lenet5_C2_seed514,cifar10_lenet5,C2,514,226,6,"[1, 3, 3, 4]",1.3206448613260828,139
cifar10_lenet5_C2_seed514,cifar10_lenet5,C2,514,226,7,"[0, 3, 3, 4]",1.3198789691635688,40
cifar10_lenet5_C2_seed514,cifar10_lenet5,C2,514,226,8,"[0, 0, 3, 4]",1.3082913612300078,150
cifar10_lenet5_C2_seed514,cifar10_lenet5,C2,514,226,9,"[1, 3, 3, 3]",1.3043075684745491,125
cifar10_lenet5_C2_seed514,cifar10_lenet5,C2,514,226,10,"[2, 2, 3, 3]",1.3011257740880777,116
cifar10_lenet5_C2_seed515,cifar10_lenet5,C2,515,187,1,"[2, 0, 4, 5]",1.4199997488421776,10
cifar10_lenet5_C2_seed515,cifar10_lenet5,C2,515,187,2,"[1, 1, 4, 2]",1.3579320602960334,99
cifar10_lenet5_C2_seed515,cifar10_lenet5,C2,515,187,3,"[2, 0, 3, 5]",1.3423544290774185,16
cifar10_lenet5_C2_seed515,cifar10_lenet5,C2,515,187,4,"[2, 0, 4, 1]",1.3384129730580281,41
cifar10_lenet5_C2_seed515,cifar10_lenet5,C2,515,187,5,"[1, 0, 4, 1]",1.3377966136057942,14
cifar10_lenet5_C2_seed515,cifar10_lenet5,C2,515,187,6,"[3, 1, 4, 0]",1.3267207230924487,105
cifar10_lenet5_C2_seed515,cifar10_lenet5,C2,515,187,7,"[0, 0, 4, 0]",1.3208180391836462,17
cifar10_lenet5_C2_seed515,cifar10_lenet5,C2,515,187,8,"[0, 2, 3, 4]",1.3160434321472934,81
cifar10_lenet5_C2_seed515,cifar10_lenet5,C2,515,187,9,"[0, 0, 3, 3]",1.292091140029564,51
cifar10_lenet5_C2_seed515,cifar10_lenet5,C2,515,187,10,"[2, 3, 3, 2]",1.2886987846079594,127
cifar10_lenet5_C2_seed516,cifar10_lenet5,C2,516,237,1,"[2, 1, 4, 4]",1.3912728496880953,48
cifar10_lenet5_C2_seed516,cifar10_lenet5,C2,516,237,2,"[3, 2, 4, 1]",1.346906014019448,18
cifar10_lenet5_C2_seed516,cifar10_lenet5,C2,516,237,3,"[0, 2, 4, 1]",1.3448077144789459,55
cifar10_lenet5_C2_seed516,cifar10_lenet5,C2,516,237,4,"[1, 0, 4, 1]",1.3377966136057942,400
cifar10_lenet5_C2_seed516,cifar10_lenet5,C2,516,237,5,"[1, 0, 3, 4]",1.3090074091557617,178
cifar10_lenet5_C2_seed516,cifar10_lenet5,C2,516,237,6,"[2, 2, 3, 3]",1.3011257740880777,7
cifar10_lenet5_C2_seed516,cifar10_lenet5,C2,516,237,7,"[2, 1, 3, 3]",1.2972964676013974,138
cifar10_lenet5_C2_seed516,cifar10_lenet5,C2,516,237,8,"[2, 0, 3, 3]",1.2934110863483619,287
cifar10_lenet5_C2_seed516,cifar10_lenet5,C2,516,237,9,"[2, 1, 3, 2]",1.2809217915722932,220
cifar10_lenet5_C2_seed516,cifar10_lenet5,C2,516,237,10,"[1, 1, 3, 2]",1.2802057436465393,80
cifar10_lenet5_C2_seed517,cifar10_lenet5,C2,517,206,1,"[1, 3, 4, 4]",1.3982964116204371,19
cifar10_lenet5_C2_seed517,cifar10_lenet5,C2,517,206,2,"[3, 1, 4, 3]",1.3756640658215056,46
cifar10_lenet5_C2_seed517,cifar10_lenet5,C2,517,206,3,"[0, 3, 4, 2]",1.3649431611691849,35
cifar10_lenet5_C2_seed517,cifar10_lenet5,C2,517,206,4,"[1, 2, 4, 1]",1.3454926097567248,110
cifar10_lenet5_C2_seed517,cifar10_lenet5,C2,517,206,5,"[3, 1, 4, 0]",1.3267207230924487,171
cifar10_lenet5_C2_seed517,cifar10_lenet5,C2,517,206,6,"[1, 1, 4, 0]",1.3253509325368906,2
cifar10_lenet5_C2_seed517,cifar10_lenet5,C2,517,206,7,"[1, 3, 3, 4]",1.3206448613260828,23
cifar10_lenet5_C2_seed517,cifar10_lenet5,C2,517,206,8,"[1, 3, 3, 3]",1.3043075684745491,36
cifar10_lenet5_C2_seed517,cifar10_lenet5,C2,517,206,9,"[3, 1, 3, 3]",1.2980000544679615,13
cifar10_lenet5_C2_seed517,cifar10_lenet5,C2,517,206,10,"[2, 1, 3, 3]",1.2972964676013974,51
cifar10_lenet5_C2_seed518,cifar10_lenet5,C2,518,257,1,"[0, 0, 4, 2]",1.3534178585315739,444
cifar10_lenet5_C2_seed518,cifar10_lenet5,C2,518,257,2,"[0, 3, 3, 5]",1.352572246455422,6
cifar10_lenet5_C2_seed518,cifar10_lenet5,C2,518,257,3,"[1, 2, 3, 5]",1.3494340657761155,137
cifar10_lenet5_C2_seed518,cifar10_lenet5,C2,518,257,4,"[0, 2, 3, 5]",1.3486993262615763,128
cifar10_lenet5_C2_seed518,cifar10_lenet5,C2,518,257,5,"[1, 1, 3, 5]",1.3455736066414601,131
cifar10_lenet5_C2_seed518,cifar10_lenet5,C2,518,257,6,"[3, 1, 4, 1]",1.3430268632960076,192
cifar10_lenet5_C2_seed518,cifar10_lenet5,C2,518,257,7,"[1, 1, 4, 1]",1.3416383811516646,107
cifar10_lenet5_C2_seed518,cifar10_lenet5,C2,518,257,8,"[1, 2, 4, 0]",1.3291864695531661,308
cifar10_lenet5_C2_seed518,cifar10_lenet5,C2,518,257,9,"[1, 1, 4, 0]",1.3253509325368906,3
cifar10_lenet5_C2_seed518,cifar10_lenet5,C2,518,257,10,"[1, 1, 3, 4]",1.312874098820012,103
cifar10_lenet5_C2_seed519,cifar10_lenet5,C2,519,228,1,"[0, 0, 4, 5]",1.4186361888162147,63
cifar10_lenet5_C2_seed519,cifar10_lenet5,C2,519,228,2,"[0, 1, 4, 3]",1.3735719968105982,18
cifar10_lenet5_C2_seed519,cifar10_lenet5,C2,519,228,3,"[3, 0, 4, 3]",1.3717724540388749,93
cifar10_lenet5_C2_seed519,cifar10_lenet5,C2,519,228,4,"[1, 1, 4, 2]",1.3579320602960334,492
cifar10_lenet5_C2_seed519,cifar10_lenet5,C2,519,228,5,"[2, 0, 4, 1]",1.3384129730580281,66
cifar10_lenet5_C2_seed519,cifar10_lenet5,C2,519,228,6,"[1, 0, 4, 1]",1.3377966136057942,434
cifar10_lenet5_C2_seed519,cifar10_lenet5,C2,519,228,7,"[3, 2, 4, 0]",1.3306123348750794,39
cifar10_lenet5_C2_seed519,cifar10_lenet5,C2,519,228,8,"[0, 2, 4, 0]",1.328495343745792,145
cifar10_lenet5_C2_seed519,cifar10_lenet5,C2,519,228,9,"[1, 0, 4, 0]",1.3214967039318304,86
cifar10_lenet5_C2_seed519,cifar10_lenet5,C2,519,228,10,"[0, 2, 3, 3]",1.2997497530029247,110
cifar10_resnet8_C0_seed500,cifar10_resnet8,C0,500,283,1,"[0, 2, 1, 4]",1.9919927160409057,503
cifar10_resnet8_C0_seed500,cifar10_resnet8,C0,500,283,2,"[1, 0, 2, 4]",1.9786269236554919,287
cifar10_resnet8_C0_seed500,cifar10_resnet8,C0,500,283,3,"[1, 2, 0, 4]",1.9755323744909956,393
cifar10_resnet8_C0_seed500,cifar10_resnet8,C0,500,283,4,"[0, 1, 2, 4]",1.965010717331336,326
cifar10_resnet8_C0_seed500,cifar10_resnet8,C0,500,283,5,"[1, 0, 3, 4]",1.9629517750227869,11
cifar10_resnet8_C0_seed500,cifar10_resnet8,C0,500,283,6,"[2, 0, 1, 4]",1.9621795086826237,423
cifar10_resnet8_C0_seed500,cifar10_resnet8,C0,500,283,7,"[1, 2, 1, 5]",1.9554636310460083,497
cifar10_resnet8_C0_seed500,cifar10_resnet8,C0,500,283,8,"[1, 2, 1, 4]",1.9372267139474948,508
cifar10_resnet8_C0_seed500,cifar10_resnet8,C0,500,283,9,"[2, 1, 3, 4]",1.9291598746993408,168
cifar10_resnet8_C0_seed500,cifar10_resnet8,C0,500,283,10,"[2, 1, 1, 5]",1.9249586978501392,36
cifar10_resnet8_C0_seed501,cifar10_resnet8,C0,501,309,1,"[1, 0, 2, 5]",2.0310757008655105,439
cifar10_resnet8_C0_seed501,cifar10_resnet8,C0,501,309,2,"[0, 2, 1, 5]",2.0132706873715533,314
cifar10_resnet8_C0_seed501,cifar10_resnet8,C0,501,309,3,"[1, 1, 2, 5]",1.9946245618853489,437
cifar10_resnet8_C0_seed501,cifar10_resnet8,C0,501,309,4,"[1, 2, 0, 5]",1.9922487644734421,80
cifar10_resnet8_C0_seed501,cifar10_resnet8,C0,501,309,5,"[0, 2, 1, 4]",1.9919927160409057,325
cifar10_resnet8_C0_seed501,cifar10_resnet8,C0,501,309,6,"[1, 0, 2, 4]",1.9786269236554919,26
cifar10_resnet8_C0_seed501,cifar10_resnet8,C0,501,309,7,"[0, 0, 2, 5]",1.9759582767044868,395
cifar10_resnet8_C0_seed501,cifar10_resnet8,C0,501,309,8,"[0, 2, 3, 4]",1.9720334455689552,327
cifar10_resnet8_C0_seed501,cifar10_resnet8,C0,501,309,9,"[1, 3, 2, 5]",1.9653112389544265,365
cifar10_resnet8_C0_seed501,cifar10_resnet8,C0,501,309,10,"[0, 1, 2, 4]",1.965010717331336,113
cifar10_resnet8_C0_seed502,cifar10_resnet8,C0,502,260,1,"[0, 1, 2, 5]",2.0395071377243252,452
cifar10_resnet8_C0_seed502,cifar10_resnet8,C0,502,260,2,"[1, 2, 2, 5]",2.0021171675950038,82
cifar10_resnet8_C0_seed502,cifar10_resnet8,C0,502,260,3,"[1, 1, 2, 5]",1.9946245618853489,262
cifar10_resnet8_C0_seed502,cifar10_resnet8,C0,502,260,4,"[1, 2, 0, 5]",1.9922487644734421,419
cifar10_resnet8_C0_seed502,cifar10_resnet8,C0,502,260,5,"[0, 2, 1, 4]",1.9919927160409057,141
cifar10_resnet8_C0_seed502,cifar10_resnet8,C0,502,260,6,"[3, 1, 2, 5]",1.9902499343515956,138
cifar10_resnet8_C0_seed502,cifar10_resnet8,C0,502,260,7,"[3, 2, 1, 5]",1.9807392822755596,279
cifar10_resnet8_C0_seed502,cifar10_resnet8,C0,502,260,8,"[1, 0, 2, 4]",1.9786269236554919,388
cifar10_resnet8_C0_seed502,cifar10_resnet8,C0,502,260,9,"[1, 3, 2, 5]",1.9653112389544265,67
cifar10_resnet8_C0_seed502,cifar10_resnet8,C0,502,260,10,"[1, 2, 3, 4]",1.9642263892434106,294
cifar10_resnet8_C0_seed503,cifar10_resnet8,C0,503,310,1,"[0, 2, 1, 5]",2.0132706873715533,5
cifar10_resnet8_C0_seed503,cifar10_resnet8,C0,503,310,2,"[1, 2, 2, 5]",2.0021171675950038,429
cifar10_resnet8_C0_seed503,cifar10_resnet8,C0,503,310,3,"[1, 1, 2, 5]",1.9946245618853489,304
cifar10_resnet8_C0_seed503,cifar10_resnet8,C0,503,310,4,"[1, 2, 0, 5]",1.9922487644734421,264
cifar10_resnet8_C0_seed503,cifar10_resnet8,C0,503,310,5,"[0, 2, 1, 4]",1.9919927160409057,251
cifar10_resnet8_C0_seed503,cifar10_resnet8,C0,503,310,6,"[3, 1, 2, 5]",1.9902499343515956,73
cifar10_resnet8_C0_seed503,cifar10_resnet8,C0,503,310,7,"[3, 0, 2, 5]",1.9827831817960249,2
cifar10_resnet8_C0_seed503,cifar10_resnet8,C0,503,310,8,"[1, 0, 2, 4]",1.9786269236554919,265
cifar10_resnet8_C0_seed503,cifar10_resnet8,C0,503,310,9,"[1, 2, 0, 4]",1.9755323744909956,324
cifar10_resnet8_C0_seed503,cifar10_resnet8,C0,503,310,10,"[0, 2, 3, 4]",1.9720334455689552,44
cifar10_resnet8_C0_seed504,cifar10_resnet8,C0,504,291,1,"[0, 2, 1, 5]",2.0132706873715533,9
cifar10_resnet8_C0_seed504,cifar10_resnet8,C0,504,291,2,"[0, 2, 1, 4]",1.9919927160409057,41
cifar10_resnet8_C0_seed504,cifar10_resnet8,C0,504,291,3,"[1, 0, 2, 4]",1.9786269236554919,294
cifar10_resnet8_C0_seed504,cifar10_resnet8,C0,504,291,4,"[1, 2, 0, 4]",1.9755323744909956,64
cifar10_resnet8_C0_seed504,cifar10_resnet8,C0,504,291,5,"[0, 1, 2, 4]",1.965010717331336,482
cifar10_resnet8_C0_seed504,cifar10_resnet8,C0,504,291,6,"[1, 2, 3, 4]",1.9642263892434106,131
cifar10_resnet8_C0_seed504,cifar10_resnet8,C0,504,291,7,"[0, 1, 3, 4]",1.9630203127432333,403
cifar10_resnet8_C0_seed504,cifar10_resnet8,C0,504,291,8,"[1, 0, 3, 4]",1.9629517750227869,371
cifar10_resnet8_C0_seed504,cifar10_resnet8,C0,504,291,9,"[2, 0, 1, 4]",1.9621795086826237,471
cifar10_resnet8_C0_seed504,cifar10_resnet8,C0,504,291,10,"[3, 1, 0, 5]",1.9577510193192378,28
cifar10_resnet8_C0_seed505,cifar10_resnet8,C0,505,289,1,"[0, 1, 2, 5]",2.0395071377243252,352
cifar10_resnet8_C0_seed505,cifar10_resnet8,C0,505,289,2,"[1, 0, 2, 5]",2.0310757008655105,116
cifar10_resnet8_C0_seed505,cifar10_resnet8,C0,505,289,3,"[0, 2, 1, 5]",2.0132706873715533,362
cifar10_resnet8_C0_seed505,cifar10_resnet8,C0,505,289,4,"[0, 2, 2, 5]",2.0008010612241476,190
cifar10_resnet8_C0_seed505,cifar10_resnet8,C0,505,289,5,"[1, 1, 2, 5]",1.9946245618853489,269
cifar10_resnet8_C0_seed505,cifar10_resnet8,C0,505,289,6,"[1, 2, 0, 5]",1.9922487644734421,350
cifar10_resnet8_C0_seed505,cifar10_resnet8,C0,505,289,7,"[0, 2, 1, 4]",1.9919927160409057,50
cifar10_resnet8_C0_seed505,cifar10_resnet8,C0,505,289,8,"[1, 0, 2, 4]",1.9786269236554919,274
cifar10_resnet8_C0_seed505,cifar10_resnet8,C0,505,289,9,"[0, 0, 2, 5]",1.9759582767044868,398
cifar10_resnet8_C0_seed505,cifar10_resnet8,C0,505,289,10,"[1, 2, 0, 4]",1.9755323744909956,172
cifar10_resnet8_C0_seed506,cifar10_resnet8,C0,506,336,1,"[0, 1, 2, 5]",2.0395071377243252,389
cifar10_resnet8_C0_seed506,cifar10_resnet8,C0,506,336,2,"[1, 0, 2, 5]",2.0310757008655105,358
cifar10_resnet8_C0_seed506,cifar10_resnet8,C0,506,336,3,"[1, 2, 2, 5]",2.0021171675950038,472
cifar10_resnet8_C0_seed506,cifar10_resnet8,C0,506,336,4,"[1, 1, 2, 5]",1.9946245618853489,438
cifar10_resnet8_C0_seed506,cifar10_resnet8,C0,506,336,5,"[0, 2, 1, 4]",1.9919927160409057,190
cifar10_resnet8_C0_seed506,cifar10_resnet8,C0,506,336,6,"[3, 2, 1, 5]",1.9807392822755596,61
cifar10_resnet8_C0_seed506,cifar10_resnet8,C0,506,336,7,"[1, 0, 2, 4]",1.9786269236554919,66
cifar10_resnet8_C0_seed506,cifar10_resnet8,C0,506,336,8,"[1, 2, 0, 4]",1.9755323744909956,361
cifar10_resnet8_C0_seed506,cifar10_resnet8,C0,506,336,9,"[0, 1, 2, 4]",1.965010717331336,322
cifar10_resnet8_C0_seed506,cifar10_resnet8,C0,506,336,10,"[0, 1, 3, 4]",1.9630203127432333,490
cifar10_resnet8_C0_seed507,cifar10_resnet8,C0,507,330,1,"[0, 2, 1, 5]",2.0132706873715533,458
cifar10_resnet8_C0_seed507,cifar10_resnet8,C0,507,330,2,"[1, 2, 0, 5]",1.9922487644734421,284
cifar10_resnet8_C0_seed507,cifar10_resnet8,C0,507,330,3,"[0, 2, 1, 4]",1.9919927160409057,441
cifar10_resnet8_C0_seed507,cifar10_resnet8,C0,507,330,4,"[3, 0, 2, 5]",1.9827831817960249,200
cifar10_resnet8_C0_seed507,cifar10_resnet8,C0,507,330,5,"[3, 2, 1, 5]",1.9807392822755596,355
cifar10_resnet8_C0_seed507,cifar10_resnet8,C0,507,330,6,"[1, 0, 2, 4]",1.9786269236554919,315
cifar10_resnet8_C0_seed507,cifar10_resnet8,C0,507,330,7,"[1, 2, 0, 4]",1.9755323744909956,222
cifar10_resnet8_C0_seed507,cifar10_resnet8,C0,507,330,8,"[0, 2, 3, 4]",1.9720334455689552,314
cifar10_resnet8_C0_seed507,cifar10_resnet8,C0,507,330,9,"[0, 3, 2, 5]",1.9715977681639045,8
cifar10_resnet8_C0_seed507,cifar10_resnet8,C0,507,330,10,"[0, 1, 2, 4]",1.965010717331336,304
cifar10_resnet8_C0_seed508,cifar10_resnet8,C0,508,303,1,"[3, 2, 1, 5]",1.9807392822755596,11
cifar10_resnet8_C0_seed508,cifar10_resnet8,C0,508,303,2,"[1, 2, 0, 4]",1.9755323744909956,96
cifar10_resnet8_C0_seed508,cifar10_resnet8,C0,508,303,3,"[0, 2, 3, 4]",1.9720334455689552,289
cifar10_resnet8_C0_seed508,cifar10_resnet8,C0,508,303,4,"[0, 1, 2, 4]",1.965010717331336,87
cifar10_resnet8_C0_seed508,cifar10_resnet8,C0,508,303,5,"[1, 2, 3, 4]",1.9642263892434106,231
cifar10_resnet8_C0_seed508,cifar10_resnet8,C0,508,303,6,"[1, 0, 3, 4]",1.9629517750227869,197
cifar10_resnet8_C0_seed508,cifar10_resnet8,C0,508,303,7,"[2, 0, 1, 4]",1.9621795086826237,202
cifar10_resnet8_C0_seed508,cifar10_resnet8,C0,508,303,8,"[2, 1, 0, 5]",1.961743831277573,205
cifar10_resnet8_C0_seed508,cifar10_resnet8,C0,508,303,9,"[2, 1, 2, 5]",1.960208281028633,91
cifar10_resnet8_C0_seed508,cifar10_resnet8,C0,508,303,10,"[1, 2, 1, 5]",1.9554636310460083,31
cifar10_resnet8_C0_seed509,cifar10_resnet8,C0,509,320,1,"[0, 2, 2, 5]",2.0008010612241476,98
cifar10_resnet8_C0_seed509,cifar10_resnet8,C0,509,320,2,"[1, 1, 2, 5]",1.9946245618853489,420
cifar10_resnet8_C0_seed509,cifar10_resnet8,C0,509,320,3,"[0, 2, 1, 4]",1.9919927160409057,512
cifar10_resnet8_C0_seed509,cifar10_resnet8,C0,509,320,4,"[1, 0, 2, 4]",1.9786269236554919,215
cifar10_resnet8_C0_seed509,cifar10_resnet8,C0,509,320,5,"[1, 2, 0, 4]",1.9755323744909956,29
cifar10_resnet8_C0_seed509,cifar10_resnet8,C0,509,320,6,"[0, 2, 3, 4]",1.9720334455689552,103
cifar10_resnet8_C0_seed509,cifar10_resnet8,C0,509,320,7,"[0, 1, 2, 4]",1.965010717331336,358
cifar10_resnet8_C0_seed509,cifar10_resnet8,C0,509,320,8,"[1, 2, 3, 4]",1.9642263892434106,416
cifar10_resnet8_C0_seed509,cifar10_resnet8,C0,509,320,9,"[0, 1, 3, 4]",1.9630203127432333,375
cifar10_resnet8_C0_seed509,cifar10_resnet8,C0,509,320,10,"[1, 0, 3, 4]",1.9629517750227869,396
cifar10_resnet8_C0_seed510,cifar10_resnet8,C0,510,299,1,"[1, 0, 2, 5]",2.0310757008655105,380
cifar10_resnet8_C0_seed510,cifar10_resnet8,C0,510,299,2,"[0, 2, 1, 5]",2.0132706873715533,223
cifar10_resnet8_C0_seed510,cifar10_resnet8,C0,510,299,3,"[1, 2, 2, 5]",2.0021171675950038,121
cifar10_resnet8_C0_seed510,cifar10_resnet8,C0,510,299,4,"[1, 1, 2, 5]",1.9946245618853489,116
cifar10_resnet8_C0_seed510,cifar10_resnet8,C0,510,299,5,"[1, 2, 0, 5]",1.9922487644734421,286
cifar10_resnet8_C0_seed510,cifar10_resnet8,C0,510,299,6,"[0, 2, 1, 4]",1.9919927160409057,241
cifar10_resnet8_C0_seed510,cifar10_resnet8,C0,510,299,7,"[3, 0, 2, 5]",1.9827831817960249,51
cifar10_resnet8_C0_seed510,cifar10_resnet8,C0,510,299,8,"[1, 0, 2, 4]",1.9786269236554919,221
cifar10_resnet8_C0_seed510,cifar10_resnet8,C0,510,299,9,"[1, 2, 0, 4]",1.9755323744909956,75
cifar10_resnet8_C0_seed510,cifar10_resnet8,C0,510,299,10,"[1, 3, 2, 5]",1.9653112389544265,91
cifar10_resnet8_C0_seed511,cifar10_resnet8,C0,511,312,1,"[0, 1, 2, 5]",2.0395071377243252,412
cifar10_resnet8_C0_seed511,cifar10_resnet8,C0,511,312,2,"[1, 2, 2, 5]",2.0021171675950038,375
cifar10_resnet8_C0_seed511,cifar10_resnet8,C0,511,312,3,"[1, 1, 2, 5]",1.9946245618853489,420
cifar10_resnet8_C0_seed511,cifar10_resnet8,C0,511,312,4,"[0, 2, 1, 4]",1.9919927160409057,404
cifar10_resnet8_C0_seed511,cifar10_resnet8,C0,511,312,5,"[3, 2, 1, 5]",1.9807392822755596,432
cifar10_resnet8_C0_seed511,cifar10_resnet8,C0,511,312,6,"[1, 0, 2, 4]",1.9786269236554919,507
cifar10_resnet8_C0_seed511,cifar10_resnet8,C0,511,312,7,"[1, 2, 0, 4]",1.9755323744909956,492
cifar10_resnet8_C0_seed511,cifar10_resnet8,C0,511,312,8,"[0, 2, 3, 4]",1.9720334455689552,78
cifar10_resnet8_C0_seed511,cifar10_resnet8,C0,511,312,9,"[1, 2, 3, 4]",1.9642263892434106,367
cifar10_resnet8_C0_seed511,cifar10_resnet8,C0,511,312,10,"[0, 1, 3, 4]",1.9630203127432333,453
cifar10_resnet8_C0_seed512,cifar10_resnet8,C0,512,278,1,"[1, 2, 2, 5]",2.0021171675950038,175
cifar10_resnet8_C0_seed512,cifar10_resnet8,C0,512,278,2,"[0, 2, 2, 5]",2.0008010612241476,490
cifar10_resnet8_C0_seed512,cifar10_resnet8,C0,512,278,3,"[1, 1, 2, 5]",1.9946245618853489,140
cifar10_resnet8_C0_seed512,cifar10_resnet8,C0,512,278,4,"[1, 2, 0, 5]",1.9922487644734421,327
cifar10_resnet8_C0_seed512,cifar10_resnet8,C0,512,278,5,"[0, 2, 1, 4]",1.9919927160409057,474
cifar10_resnet8_C0_seed512,cifar10_resnet8,C0,512,278,6,"[0, 0, 2, 5]",1.9759582767044868,80
cifar10_resnet8_C0_seed512,cifar10_resnet8,C0,512,278,7,"[0, 3, 2, 5]",1.9715977681639045,43
cifar10_resnet8_C0_seed512,cifar10_resnet8,C0,512,278,8,"[0, 1, 2, 4]",1.965010717331336,450
cifar10_resnet8_C0_seed512,cifar10_resnet8,C0,512,278,9,"[1, 2, 3, 4]",1.9642263892434106,255
cifar10_resnet8_C0_seed512,cifar10_resnet8,C0,512,278,10,"[1, 0, 3, 4]",1.9629517750227869,497
cifar10_resnet8_C0_seed513,cifar10_resnet8,C0,513,284,1,"[0, 2, 1, 5]",2.0132706873715533,476
cifar10_resnet8_C0_seed513,cifar10_resnet8,C0,513,284,2,"[0, 2, 2, 5]",2.0008010612241476,313
cifar10_resnet8_C0_seed513,cifar10_resnet8,C0,513,284,3,"[1, 1, 2, 5]",1.9946245618853489,250
cifar10_resnet8_C0_seed513,cifar10_resnet8,C0,513,284,4,"[0, 2, 1, 4]",1.9919927160409057,347
cifar10_resnet8_C0_seed513,cifar10_resnet8,C0,513,284,5,"[0, 0, 2, 5]",1.9759582767044868,14
cifar10_resnet8_C0_seed513,cifar10_resnet8,C0,513,284,6,"[0, 1, 2, 4]",1.965010717331336,48
cifar10_resnet8_C0_seed513,cifar10_resnet8,C0,513,284,7,"[1, 2, 3, 4]",1.9642263892434106,318
cifar10_resnet8_C0_seed513,cifar10_resnet8,C0,513,284,8,"[2, 0, 1, 4]",1.9621795086826237,197
cifar10_resnet8_C0_seed513,cifar10_resnet8,C0,513,284,9,"[2, 1, 2, 5]",1.960208281028633,192
cifar10_resnet8_C0_seed513,cifar10_resnet8,C0,513,284,10,"[0, 2, 3, 5]",1.9507366576497296,21
cifar10_resnet8_C0_seed514,cifar10_resnet8,C0,514,324,1,"[0, 1, 2, 5]",2.0395071377243252,385
cifar10_resnet8_C0_seed514,cifar10_resnet8,C0,514,324,2,"[1, 0, 2, 5]",2.0310757008655105,64
cifar10_resnet8_C0_seed514,cifar10_resnet8,C0,514,324,3,"[0, 2, 1, 5]",2.0132706873715533,364
cifar10_resnet8_C0_seed514,cifar10_resnet8,C0,514,324,4,"[1, 2, 2, 5]",2.0021171675950038,317
cifar10_resnet8_C0_seed514,cifar10_resnet8,C0,514,324,5,"[0, 2, 2, 5]",2.0008010612241476,137
cifar10_resnet8_C0_seed514,cifar10_resnet8,C0,514,324,6,"[1, 1, 2, 5]",1.9946245618853489,221
cifar10_resnet8_C0_seed514,cifar10_resnet8,C0,514,324,7,"[0, 2, 1, 4]",1.9919927160409057,325
cifar10_resnet8_C0_seed514,cifar10_resnet8,C0,514,324,8,"[3, 0, 2, 5]",1.9827831817960249,264
cifar10_resnet8_C0_seed514,cifar10_resnet8,C0,514,324,9,"[1, 0, 2, 4]",1.9786269236554919,295
cifar10_resnet8_C0_seed514,cifar10_resnet8,C0,514,324,10,"[0, 0, 2, 5]",1.9759582767044868,397
cifar10_resnet8_C0_seed515,cifar10_resnet8,C0,515,340,1,"[1, 0, 2, 5]",2.0310757008655105,492
cifar10_resnet8_C0_seed515,cifar10_resnet8,C0,515,340,2,"[0, 2, 2, 5]",2.0008010612241476,313
cifar10_resnet8_C0_seed515,cifar10_resnet8,C0,515,340,3,"[1, 1, 2, 5]",1.9946245618853489,468
cifar10_resnet8_C0_seed515,cifar10_resnet8,C0,515,340,4,"[0, 2, 1, 4]",1.9919927160409057,385
cifar10_resnet8_C0_seed515,cifar10_resnet8,C0,515,340,5,"[1, 0, 2, 4]",1.9786269236554919,358
cifar10_resnet8_C0_seed515,cifar10_resnet8,C0,515,340,6,"[1, 2, 0, 4]",1.9755323744909956,336
cifar10_resnet8_C0_seed515,cifar10_resnet8,C0,515,340,7,"[0, 2, 3, 4]",1.9720334455689552,81
cifar10_resnet8_C0_seed515,cifar10_resnet8,C0,515,340,8,"[0, 1, 2, 4]",1.965010717331336,423
cifar10_resnet8_C0_seed515,cifar10_resnet8,C0,515,340,9,"[0, 1, 3, 4]",1.9630203127432333,440
cifar10_resnet8_C0_seed515,cifar10_resnet8,C0,515,340,10,"[1, 0, 3, 4]",1.9629517750227869,465
cifar10_resnet8_C0_seed516,cifar10_resnet8,C0,516,309,1,"[0, 1, 2, 5]",2.0395071377243252,392
cifar10_resnet8_C0_seed516,cifar10_resnet8,C0,516,309,2,"[1, 0, 2, 5]",2.0310757008655105,266
cifar10_resnet8_C0_seed516,cifar10_resnet8,C0,516,309,3,"[0, 2, 1, 5]",2.0132706873715533,1
cifar10_resnet8_C0_seed516,cifar10_resnet8,C0,516,309,4,"[0, 2, 2, 5]",2.0008010612241476,350
cifar10_resnet8_C0_seed516,cifar10_resnet8,C0,516,309,5,"[1, 1, 2, 5]",1.9946245618853489,88
cifar10_resnet8_C0_seed516,cifar10_resnet8,C0,516,309,6,"[1, 2, 0, 5]",1.9922487644734421,441
cifar10_resnet8_C0_seed516,cifar10_resnet8,C0,516,309,7,"[0, 2, 1, 4]",1.9919927160409057,352
cifar10_resnet8_C0_seed516,cifar10_resnet8,C0,516,309,8,"[3, 1, 2, 5]",1.9902499343515956,482
cifar10_resnet8_C0_seed516,cifar10_resnet8,C0,516,309,9,"[0, 0, 2, 5]",1.9759582767044868,19
cifar10_resnet8_C0_seed516,cifar10_resnet8,C0,516,309,10,"[1, 2, 0, 4]",1.9755323744909956,374
cifar10_resnet8_C0_seed517,cifar10_resnet8,C0,517,263,1,"[0, 1, 2, 5]",2.0395071377243252,313
cifar10_resnet8_C0_seed517,cifar10_resnet8,C0,517,263,2,"[1, 1, 2, 5]",1.9946245618853489,112
cifar10_resnet8_C0_seed517,cifar10_resnet8,C0,517,263,3,"[1, 0, 2, 4]",1.9786269236554919,276
cifar10_resnet8_C0_seed517,cifar10_resnet8,C0,517,263,4,"[1, 3, 2, 5]",1.9653112389544265,20
cifar10_resnet8_C0_seed517,cifar10_resnet8,C0,517,263,5,"[1, 2, 3, 4]",1.9642263892434106,338
cifar10_resnet8_C0_seed517,cifar10_resnet8,C0,517,263,6,"[3, 2, 0, 5]",1.9637230979128262,3
cifar10_resnet8_C0_seed517,cifar10_resnet8,C0,517,263,7,"[2, 0, 1, 4]",1.9621795086826237,138
cifar10_resnet8_C0_seed517,cifar10_resnet8,C0,517,263,8,"[1, 2, 1, 5]",1.9554636310460083,465
cifar10_resnet8_C0_seed517,cifar10_resnet8,C0,517,263,9,"[0, 2, 0, 5]",1.9492955572409536,512
cifar10_resnet8_C0_seed517,cifar10_resnet8,C0,517,263,10,"[3, 0, 1, 5]",1.9475335986175313,487
cifar10_resnet8_C0_seed518,cifar10_resnet8,C0,518,241,1,"[1, 1, 2, 5]",1.9946245618853489,467
cifar10_resnet8_C0_seed518,cifar10_resnet8,C0,518,241,2,"[0, 2, 1, 4]",1.9919927160409057,511
cifar10_resnet8_C0_seed518,cifar10_resnet8,C0,518,241,3,"[1, 0, 2, 4]",1.9786269236554919,483
cifar10_resnet8_C0_seed518,cifar10_resnet8,C0,518,241,4,"[1, 2, 3, 4]",1.9642263892434106,15
cifar10_resnet8_C0_seed518,cifar10_resnet8,C0,518,241,5,"[1, 2, 1, 5]",1.9554636310460083,303
cifar10_resnet8_C0_seed518,cifar10_resnet8,C0,518,241,6,"[0, 3, 1, 5]",1.9485124019139459,497
cifar10_resnet8_C0_seed518,cifar10_resnet8,C0,518,241,7,"[0, 1, 1, 5]",1.9428536011753295,68
cifar10_resnet8_C0_seed518,cifar10_resnet8,C0,518,241,8,"[1, 2, 1, 4]",1.9372267139474948,465
cifar10_resnet8_C0_seed518,cifar10_resnet8,C0,518,241,9,"[0, 1, 1, 4]",1.9360206374473172,407
cifar10_resnet8_C0_seed518,cifar10_resnet8,C0,518,241,10,"[0, 1, 0, 5]",1.9334400523929305,20
cifar10_resnet8_C0_seed519,cifar10_resnet8,C0,519,302,1,"[0, 2, 1, 4]",1.9919927160409057,372
cifar10_resnet8_C0_seed519,cifar10_resnet8,C0,519,302,2,"[1, 0, 2, 4]",1.9786269236554919,144
cifar10_resnet8_C0_seed519,cifar10_resnet8,C0,519,302,3,"[1, 2, 0, 4]",1.9755323744909956,338
cifar10_resnet8_C0_seed519,cifar10_resnet8,C0,519,302,4,"[0, 1, 2, 4]",1.965010717331336,314
cifar10_resnet8_C0_seed519,cifar10_resnet8,C0,519,302,5,"[1, 2, 3, 4]",1.9642263892434106,402
cifar10_resnet8_C0_seed519,cifar10_resnet8,C0,519,302,6,"[0, 1, 3, 4]",1.9630203127432333,132
cifar10_resnet8_C0_seed519,cifar10_resnet8,C0,519,302,7,"[1, 0, 3, 4]",1.9629517750227869,334
cifar10_resnet8_C0_seed519,cifar10_resnet8,C0,519,302,8,"[2, 0, 1, 4]",1.9621795086826237,472
cifar10_resnet8_C0_seed519,cifar10_resnet8,C0,519,302,9,"[0, 2, 0, 5]",1.9492955572409536,21
cifar10_resnet8_C0_seed519,cifar10_resnet8,C0,519,302,10,"[2, 1, 0, 4]",1.9473082319692268,381
cifar10_resnet8_C1_seed500,cifar10_resnet8,C1,500,158,1,"[1, 1, 1, 3]",1.2572372897613124,337
cifar10_resnet8_C1_seed500,cifar10_resnet8,C1,500,158,2,"[0, 0, 1, 3]",1.2507352215089855,196
cifar10_resnet8_C1_seed500,cifar10_resnet8,C1,500,158,3,"[1, 2, 0, 3]",1.2446827937235407,49
cifar10_resnet8_C1_seed500,cifar10_resnet8,C1,500,158,4,"[0, 0, 0, 3]",1.2322086468776257,136
cifar10_resnet8_C1_seed500,cifar10_resnet8,C1,500,158,5,"[1, 1, 1, 2]",1.183243007593201,383
cifar10_resnet8_C1_seed500,cifar10_resnet8,C1,500,158,6,"[0, 1, 1, 2]",1.1826516858143363,17
cifar10_resnet8_C1_seed500,cifar10_resnet8,C1,500,158,7,"[0, 2, 0, 2]",1.170081984505404,102
cifar10_resnet8_C1_seed500,cifar10_resnet8,C1,500,158,8,"[0, 1, 0, 2]",1.1641301796066965,105
cifar10_resnet8_C1_seed500,cifar10_resnet8,C1,500,158,9,"[1, 0, 0, 2]",1.1587195232851351,211
cifar10_resnet8_C1_seed500,cifar10_resnet8,C1,500,158,10,"[0, 0, 0, 2]",1.1581586120485921,62
cifar10_resnet8_C1_seed501,cifar10_resnet8,C1,501,133,1,"[1, 1, 1, 3]",1.2572372897613124,171
cifar10_resnet8_C1_seed501,cifar10_resnet8,C1,501,133,2,"[1, 1, 0, 3]",1.2387107151299523,2
cifar10_resnet8_C1_seed501,cifar10_resnet8,C1,501,133,3,"[0, 0, 0, 3]",1.2322086468776257,93
cifar10_resnet8_C1_seed501,cifar10_resnet8,C1,501,133,4,"[1, 1, 1, 2]",1.183243007593201,98
cifar10_resnet8_C1_seed501,cifar10_resnet8,C1,501,133,5,"[0, 1, 1, 2]",1.1826516858143363,188
cifar10_resnet8_C1_seed501,cifar10_resnet8,C1,501,133,6,"[1, 0, 1, 2]",1.1772562347639355,485
cifar10_resnet8_C1_seed501,cifar10_resnet8,C1,501,133,7,"[0, 1, 0, 2]",1.1641301796066965,77
cifar10_resnet8_C1_seed501,cifar10_resnet8,C1,501,133,8,"[1, 0, 0, 2]",1.1587195232851351,59
cifar10_resnet8_C1_seed501,cifar10_resnet8,C1,501,133,9,"[1, 2, 1, 1]",1.1150102089165472,89
cifar10_resnet8_C1_seed501,cifar10_resnet8,C1,501,133,10,"[0, 2, 1, 1]",1.1144695713748847,79
cifar10_resnet8_C1_seed502,cifar10_resnet8,C1,502,157,1,"[0, 2, 1, 3]",1.262663662389518,19
cifar10_resnet8_C1_seed502,cifar10_resnet8,C1,502,157,2,"[1, 2, 1, 2]",1.1891137177123849,130
cifar10_resnet8_C1_seed502,cifar10_resnet8,C1,502,157,3,"[0, 2, 1, 2]",1.1886085591367641,151
cifar10_resnet8_C1_seed502,cifar10_resnet8,C1,502,157,4,"[1, 1, 1, 2]",1.183243007593201,143
cifar10_resnet8_C1_seed502,cifar10_resnet8,C1,502,157,5,"[0, 1, 1, 2]",1.1826516858143363,99
cifar10_resnet8_C1_seed502,cifar10_resnet8,C1,502,157,6,"[1, 0, 1, 2]",1.1772562347639355,16
cifar10_resnet8_C1_seed502,cifar10_resnet8,C1,502,157,7,"[0, 0, 1, 2]",1.1766902551036722,122
cifar10_resnet8_C1_seed502,cifar10_resnet8,C1,502,157,8,"[1, 2, 0, 2]",1.1705567325387036,118
cifar10_resnet8_C1_seed502,cifar10_resnet8,C1,502,157,9,"[1, 1, 0, 2]",1.1646556118771985,168
cifar10_resnet8_C1_seed502,cifar10_resnet8,C1,502,157,10,"[0, 1, 0, 2]",1.1641301796066965,72
cifar10_resnet8_C1_seed503,cifar10_resnet8,C1,503,144,1,"[1, 1, 1, 3]",1.2572372897613124,145
cifar10_resnet8_C1_seed503,cifar10_resnet8,C1,503,144,2,"[0, 2, 0, 3]",1.2441522930293187,75
cifar10_resnet8_C1_seed503,cifar10_resnet8,C1,503,144,3,"[0, 1, 0, 3]",1.2381548723171292,79
cifar10_resnet8_C1_seed503,cifar10_resnet8,C1,503,144,4,"[0, 0, 0, 3]",1.2322086468776257,162
cifar10_resnet8_C1_seed503,cifar10_resnet8,C1,503,144,5,"[1, 0, 1, 2]",1.1772562347639355,107
cifar10_resnet8_C1_seed503,cifar10_resnet8,C1,503,144,6,"[0, 1, 0, 2]",1.1641301796066965,222
cifar10_resnet8_C1_seed503,cifar10_resnet8,C1,503,144,7,"[1, 0, 0, 2]",1.1587195232851351,397
cifar10_resnet8_C1_seed503,cifar10_resnet8,C1,503,144,8,"[0, 0, 0, 2]",1.1581586120485921,99
cifar10_resnet8_C1_seed503,cifar10_resnet8,C1,503,144,9,"[1, 1, 1, 1]",1.1090837461364409,488
cifar10_resnet8_C1_seed503,cifar10_resnet8,C1,503,144,10,"[0, 1, 1, 1]",1.1085532454422184,132
cifar10_resnet8_C1_seed504,cifar10_resnet8,C1,504,130,1,"[0, 0, 1, 3]",1.2507352215089855,111
cifar10_resnet8_C1_seed504,cifar10_resnet8,C1,504,130,2,"[0, 0, 0, 3]",1.2322086468776257,187
cifar10_resnet8_C1_seed504,cifar10_resnet8,C1,504,130,3,"[0, 1, 1, 2]",1.1826516858143363,397
cifar10_resnet8_C1_seed504,cifar10_resnet8,C1,504,130,4,"[0, 0, 1, 2]",1.1766902551036722,337
cifar10_resnet8_C1_seed504,cifar10_resnet8,C1,504,130,5,"[1, 2, 0, 2]",1.1705567325387036,50
cifar10_resnet8_C1_seed504,cifar10_resnet8,C1,504,130,6,"[0, 1, 0, 2]",1.1641301796066965,56
cifar10_resnet8_C1_seed504,cifar10_resnet8,C1,504,130,7,"[1, 0, 0, 2]",1.1587195232851351,78
cifar10_resnet8_C1_seed504,cifar10_resnet8,C1,504,130,8,"[0, 0, 0, 2]",1.1581586120485921,32
cifar10_resnet8_C1_seed504,cifar10_resnet8,C1,504,130,9,"[0, 2, 1, 1]",1.1144695713748847,466
cifar10_resnet8_C1_seed504,cifar10_resnet8,C1,504,130,10,"[1, 1, 1, 1]",1.1090837461364409,87
cifar10_resnet8_C1_seed505,cifar10_resnet8,C1,505,130,1,"[1, 1, 0, 3]",1.2387107151299523,220
cifar10_resnet8_C1_seed505,cifar10_resnet8,C1,505,130,2,"[1, 1, 1, 2]",1.183243007593201,421
cifar10_resnet8_C1_seed505,cifar10_resnet8,C1,505,130,3,"[0, 1, 1, 2]",1.1826516858143363,193
cifar10_resnet8_C1_seed505,cifar10_resnet8,C1,505,130,4,"[1, 0, 1, 2]",1.1772562347639355,69
cifar10_resnet8_C1_seed505,cifar10_resnet8,C1,505,130,5,"[0, 2, 0, 2]",1.170081984505404,34
cifar10_resnet8_C1_seed505,cifar10_resnet8,C1,505,130,6,"[0, 1, 0, 2]",1.1641301796066965,48
cifar10_resnet8_C1_seed505,cifar10_resnet8,C1,505,130,7,"[1, 2, 1, 1]",1.1150102089165472,138
cifar10_resnet8_C1_seed505,cifar10_resnet8,C1,505,130,8,"[1, 1, 1, 1]",1.1090837461364409,64
cifar10_resnet8_C1_seed505,cifar10_resnet8,C1,505,130,9,"[0, 1, 1, 1]",1.1085532454422184,147
cifar10_resnet8_C1_seed505,cifar10_resnet8,C1,505,130,10,"[1, 0, 1, 1]",1.1031983417815798,102
cifar10_resnet8_C1_seed506,cifar10_resnet8,C1,506,149,1,"[1, 1, 1, 3]",1.2572372897613124,31
cifar10_resnet8_C1_seed506,cifar10_resnet8,C1,506,149,2,"[0, 1, 1, 3]",1.2566814469484893,50
cifar10_resnet8_C1_seed506,cifar10_resnet8,C1,506,149,3,"[0, 2, 0, 3]",1.2441522930293187,130
cifar10_resnet8_C1_seed506,cifar10_resnet8,C1,506,149,4,"[0, 0, 0, 3]",1.2322086468776257,300
cifar10_resnet8_C1_seed506,cifar10_resnet8,C1,506,149,5,"[1, 2, 1, 2]",1.1891137177123849,47
cifar10_resnet8_C1_seed506,cifar10_resnet8,C1,506,149,6,"[1, 1, 1, 2]",1.183243007593201,121
cifar10_resnet8_C1_seed506,cifar10_resnet8,C1,506,149,7,"[0, 1, 1, 2]",1.1826516858143363,94
cifar10_resnet8_C1_seed506,cifar10_resnet8,C1,506,149,8,"[1, 0, 1, 2]",1.1772562347639355,170
cifar10_resnet8_C1_seed506,cifar10_resnet8,C1,506,149,9,"[0, 1, 0, 2]",1.1641301796066965,25
cifar10_resnet8_C1_seed506,cifar10_resnet8,C1,506,149,10,"[1, 0, 0, 2]",1.1587195232851351,262
cifar10_resnet8_C1_seed507,cifar10_resnet8,C1,507,137,1,"[0, 0, 1, 3]",1.2507352215089855,112
cifar10_resnet8_C1_seed507,cifar10_resnet8,C1,507,137,2,"[1, 1, 0, 3]",1.2387107151299523,132
cifar10_resnet8_C1_seed507,cifar10_resnet8,C1,507,137,3,"[0, 1, 1, 2]",1.1826516858143363,67
cifar10_resnet8_C1_seed507,cifar10_resnet8,C1,507,137,4,"[1, 0, 1, 2]",1.1772562347639355,126
cifar10_resnet8_C1_seed507,cifar10_resnet8,C1,507,137,5,"[0, 0, 1, 2]",1.1766902551036722,102
cifar10_resnet8_C1_seed507,cifar10_resnet8,C1,507,137,6,"[1, 2, 0, 2]",1.1705567325387036,55
cifar10_resnet8_C1_seed507,cifar10_resnet8,C1,507,137,7,"[0, 2, 0, 2]",1.170081984505404,5
cifar10_resnet8_C1_seed507,cifar10_resnet8,C1,507,137,8,"[1, 1, 0, 2]",1.1646556118771985,48
cifar10_resnet8_C1_seed507,cifar10_resnet8,C1,507,137,9,"[0, 1, 0, 2]",1.1641301796066965,122
cifar10_resnet8_C1_seed507,cifar10_resnet8,C1,507,137,10,"[0, 0, 0, 2]",1.1581586120485921,66
cifar10_resnet8_C1_seed508,cifar10_resnet8,C1,508,126,1,"[1, 1, 1, 3]",1.2572372897613124,29
cifar10_resnet8_C1_seed508,cifar10_resnet8,C1,508,126,2,"[0, 1, 1, 3]",1.2566814469484893,26
cifar10_resnet8_C1_seed508,cifar10_resnet8,C1,508,126,3,"[1, 1, 0, 3]",1.2387107151299523,100
cifar10_resnet8_C1_seed508,cifar10_resnet8,C1,508,126,4,"[0, 2, 1, 2]",1.1886085591367641,171
cifar10_resnet8_C1_seed508,cifar10_resnet8,C1,508,126,5,"[1, 1, 1, 2]",1.183243007593201,38
cifar10_resnet8_C1_seed508,cifar10_resnet8,C1,508,126,6,"[0, 1, 1, 2]",1.1826516858143363,118
cifar10_resnet8_C1_seed508,cifar10_resnet8,C1,508,126,7,"[0, 0, 1, 2]",1.1766902551036722,112
cifar10_resnet8_C1_seed508,cifar10_resnet8,C1,508,126,8,"[1, 1, 0, 2]",1.1646556118771985,77
cifar10_resnet8_C1_seed508,cifar10_resnet8,C1,508,126,9,"[0, 1, 0, 2]",1.1641301796066965,50
cifar10_resnet8_C1_seed508,cifar10_resnet8,C1,508,126,10,"[1, 0, 0, 2]",1.1587195232851351,66
cifar10_resnet8_C1_seed509,cifar10_resnet8,C1,509,151,1,"[0, 2, 1, 3]",1.262663662389518,63
cifar10_resnet8_C1_seed509,cifar10_resnet8,C1,509,151,2,"[1, 1, 0, 3]",1.2387107151299523,28
cifar10_resnet8_C1_seed509,cifar10_resnet8,C1,509,151,3,"[0, 0, 0, 3]",1.2322086468776257,37
cifar10_resnet8_C1_seed509,cifar10_resnet8,C1,509,151,4,"[0, 2, 1, 2]",1.1886085591367641,62
cifar10_resnet8_C1_seed509,cifar10_resnet8,C1,509,151,5,"[1, 1, 1, 2]",1.183243007593201,473
cifar10_resnet8_C1_seed509,cifar10_resnet8,C1,509,151,6,"[1, 0, 1, 2]",1.1772562347639355,129
cifar10_resnet8_C1_seed509,cifar10_resnet8,C1,509,151,7,"[1, 2, 0, 2]",1.1705567325387036,81
cifar10_resnet8_C1_seed509,cifar10_resnet8,C1,509,151,8,"[0, 2, 0, 2]",1.170081984505404,54
cifar10_resnet8_C1_seed509,cifar10_resnet8,C1,509,151,9,"[1, 1, 0, 2]",1.1646556118771985,117
cifar10_resnet8_C1_seed509,cifar10_resnet8,C1,509,151,10,"[0, 1, 0, 2]",1.1641301796066965,128
cifar10_resnet8_C1_seed510,cifar10_resnet8,C1,510,142,1,"[1, 1, 1, 3]",1.2572372897613124,184
cifar10_resnet8_C1_seed510,cifar10_resnet8,C1,510,142,2,"[1, 1, 1, 2]",1.183243007593201,134
cifar10_resnet8_C1_seed510,cifar10_resnet8,C1,510,142,3,"[1, 0, 1, 2]",1.1772562347639355,80
cifar10_resnet8_C1_seed510,cifar10_resnet8,C1,510,142,4,"[0, 0, 1, 2]",1.1766902551036722,140
cifar10_resnet8_C1_seed510,cifar10_resnet8,C1,510,142,5,"[1, 2, 0, 2]",1.1705567325387036,75
cifar10_resnet8_C1_seed510,cifar10_resnet8,C1,510,142,6,"[1, 1, 0, 2]",1.1646556118771985,147
cifar10_resnet8_C1_seed510,cifar10_resnet8,C1,510,142,7,"[0, 1, 0, 2]",1.1641301796066965,50
cifar10_resnet8_C1_seed510,cifar10_resnet8,C1,510,142,8,"[1, 0, 0, 2]",1.1587195232851351,90
cifar10_resnet8_C1_seed510,cifar10_resnet8,C1,510,142,9,"[1, 2, 1, 1]",1.1150102089165472,133
cifar10_resnet8_C1_seed510,cifar10_resnet8,C1,510,142,10,"[0, 2, 1, 1]",1.1144695713748847,146
cifar10_resnet8_C1_seed511,cifar10_resnet8,C1,511,143,1,"[1, 1, 0, 3]",1.2387107151299523,102
cifar10_resnet8_C1_seed511,cifar10_resnet8,C1,511,143,2,"[0, 0, 0, 3]",1.2322086468776257,47
cifar10_resnet8_C1_seed511,cifar10_resnet8,C1,511,143,3,"[0, 2, 1, 2]",1.1886085591367641,32
cifar10_resnet8_C1_seed511,cifar10_resnet8,C1,511,143,4,"[1, 1, 1, 2]",1.183243007593201,149
cifar10_resnet8_C1_seed511,cifar10_resnet8,C1,511,143,5,"[0, 1, 1, 2]",1.1826516858143363,75
cifar10_resnet8_C1_seed511,cifar10_resnet8,C1,511,143,6,"[1, 2, 0, 2]",1.1705567325387036,111
cifar10_resnet8_C1_seed511,cifar10_resnet8,C1,511,143,7,"[0, 1, 0, 2]",1.1641301796066965,84
cifar10_resnet8_C1_seed511,cifar10_resnet8,C1,511,143,8,"[1, 0, 0, 2]",1.1587195232851351,160
cifar10_resnet8_C1_seed511,cifar10_resnet8,C1,511,143,9,"[1, 2, 1, 1]",1.1150102089165472,189
cifar10_resnet8_C1_seed511,cifar10_resnet8,C1,511,143,10,"[0, 2, 1, 1]",1.1144695713748847,77
cifar10_resnet8_C1_seed512,cifar10_resnet8,C1,512,135,1,"[0, 2, 1, 3]",1.262663662389518,82
cifar10_resnet8_C1_seed512,cifar10_resnet8,C1,512,135,2,"[0, 1, 1, 3]",1.2566814469484893,128
cifar10_resnet8_C1_seed512,cifar10_resnet8,C1,512,135,3,"[0, 0, 0, 3]",1.2322086468776257,56
cifar10_resnet8_C1_seed512,cifar10_resnet8,C1,512,135,4,"[1, 1, 1, 2]",1.183243007593201,120
cifar10_resnet8_C1_seed512,cifar10_resnet8,C1,512,135,5,"[0, 1, 1, 2]",1.1826516858143363,86
cifar10_resnet8_C1_seed512,cifar10_resnet8,C1,512,135,6,"[0, 0, 1, 2]",1.1766902551036722,71
cifar10_resnet8_C1_seed512,cifar10_resnet8,C1,512,135,7,"[0, 2, 0, 2]",1.170081984505404,74
cifar10_resnet8_C1_seed512,cifar10_resnet8,C1,512,135,8,"[1, 1, 0, 2]",1.1646556118771985,66
cifar10_resnet8_C1_seed512,cifar10_resnet8,C1,512,135,9,"[0, 1, 0, 2]",1.1641301796066965,181
cifar10_resnet8_C1_seed512,cifar10_resnet8,C1,512,135,10,"[1, 0, 0, 2]",1.1587195232851351,53
cifar10_resnet8_C1_seed513,cifar10_resnet8,C1,513,142,1,"[0, 2, 1, 3]",1.262663662389518,64
cifar10_resnet8_C1_seed513,cifar10_resnet8,C1,513,142,2,"[1, 1, 1, 3]",1.2572372897613124,90
cifar10_resnet8_C1_seed513,cifar10_resnet8,C1,513,142,3,"[0, 1, 1, 3]",1.2566814469484893,128
cifar10_resnet8_C1_seed513,cifar10_resnet8,C1,513,142,4,"[1, 1, 0, 3]",1.2387107151299523,54
cifar10_resnet8_C1_seed513,cifar10_resnet8,C1,513,142,5,"[0, 0, 0, 3]",1.2322086468776257,159
cifar10_resnet8_C1_seed513,cifar10_resnet8,C1,513,142,6,"[1, 1, 1, 2]",1.183243007593201,23
cifar10_resnet8_C1_seed513,cifar10_resnet8,C1,513,142,7,"[0, 1, 1, 2]",1.1826516858143363,103
cifar10_resnet8_C1_seed513,cifar10_resnet8,C1,513,142,8,"[0, 0, 1, 2]",1.1766902551036722,92
cifar10_resnet8_C1_seed513,cifar10_resnet8,C1,513,142,9,"[1, 2, 0, 2]",1.1705567325387036,53
cifar10_resnet8_C1_seed513,cifar10_resnet8,C1,513,142,10,"[1, 1, 0, 2]",1.1646556118771985,100
cifar10_resnet8_C1_seed514,cifar10_resnet8,C1,514,133,1,"[1, 1, 1, 3]",1.2572372897613124,32
cifar10_resnet8_C1_seed514,cifar10_resnet8,C1,514,133,2,"[0, 1, 1, 3]",1.2566814469484893,205
cifar10_resnet8_C1_seed514,cifar10_resnet8,C1,514,133,3,"[0, 0, 1, 3]",1.2507352215089855,72
cifar10_resnet8_C1_seed514,cifar10_resnet8,C1,514,133,4,"[1, 1, 0, 3]",1.2387107151299523,78
cifar10_resnet8_C1_seed514,cifar10_resnet8,C1,514,133,5,"[1, 2, 1, 2]",1.1891137177123849,55
cifar10_resnet8_C1_seed514,cifar10_resnet8,C1,514,133,6,"[1, 1, 1, 2]",1.183243007593201,123
cifar10_resnet8_C1_seed514,cifar10_resnet8,C1,514,133,7,"[0, 1, 1, 2]",1.1826516858143363,228
cifar10_resnet8_C1_seed514,cifar10_resnet8,C1,514,133,8,"[1, 0, 1, 2]",1.1772562347639355,108
cifar10_resnet8_C1_seed514,cifar10_resnet8,C1,514,133,9,"[1, 1, 0, 2]",1.1646556118771985,106
cifar10_resnet8_C1_seed514,cifar10_resnet8,C1,514,133,10,"[1, 0, 0, 2]",1.1587195232851351,125
cifar10_resnet8_C1_seed515,cifar10_resnet8,C1,515,126,1,"[1, 1, 1, 3]",1.2572372897613124,80
cifar10_resnet8_C1_seed515,cifar10_resnet8,C1,515,126,2,"[0, 1, 0, 3]",1.2381548723171292,69
cifar10_resnet8_C1_seed515,cifar10_resnet8,C1,515,126,3,"[1, 1, 1, 2]",1.183243007593201,243
cifar10_resnet8_C1_seed515,cifar10_resnet8,C1,515,126,4,"[1, 0, 1, 2]",1.1772562347639355,108
cifar10_resnet8_C1_seed515,cifar10_resnet8,C1,515,126,5,"[1, 1, 0, 2]",1.1646556118771985,93
cifar10_resnet8_C1_seed515,cifar10_resnet8,C1,515,126,6,"[0, 1, 0, 2]",1.1641301796066965,148
cifar10_resnet8_C1_seed515,cifar10_resnet8,C1,515,126,7,"[1, 2, 1, 1]",1.1150102089165472,109
cifar10_resnet8_C1_seed515,cifar10_resnet8,C1,515,126,8,"[1, 1, 1, 1]",1.1090837461364409,79
cifar10_resnet8_C1_seed515,cifar10_resnet8,C1,515,126,9,"[0, 1, 1, 1]",1.1085532454422184,54
cifar10_resnet8_C1_seed515,cifar10_resnet8,C1,515,126,10,"[1, 0, 1, 1]",1.1031983417815798,57
cifar10_resnet8_C1_seed516,cifar10_resnet8,C1,516,124,1,"[1, 1, 0, 3]",1.2387107151299523,21
cifar10_resnet8_C1_seed516,cifar10_resnet8,C1,516,124,2,"[0, 1, 0, 3]",1.2381548723171292,11
cifar10_resnet8_C1_seed516,cifar10_resnet8,C1,516,124,3,"[0, 0, 0, 3]",1.2322086468776257,79
cifar10_resnet8_C1_seed516,cifar10_resnet8,C1,516,124,4,"[0, 2, 0, 2]",1.170081984505404,69
cifar10_resnet8_C1_seed516,cifar10_resnet8,C1,516,124,5,"[1, 1, 0, 2]",1.1646556118771985,78
cifar10_resnet8_C1_seed516,cifar10_resnet8,C1,516,124,6,"[1, 0, 0, 2]",1.1587195232851351,45
cifar10_resnet8_C1_seed516,cifar10_resnet8,C1,516,124,7,"[0, 0, 0, 2]",1.1581586120485921,118
cifar10_resnet8_C1_seed516,cifar10_resnet8,C1,516,124,8,"[0, 2, 1, 1]",1.1144695713748847,55
cifar10_resnet8_C1_seed516,cifar10_resnet8,C1,516,124,9,"[0, 1, 1, 1]",1.1085532454422184,32
cifar10_resnet8_C1_seed516,cifar10_resnet8,C1,516,124,10,"[1, 2, 0, 1]",1.0964684290140265,109
cifar10_resnet8_C1_seed517,cifar10_resnet8,C1,517,135,1,"[0, 0, 1, 3]",1.2507352215089855,114
cifar10_resnet8_C1_seed517,cifar10_resnet8,C1,517,135,2,"[1, 2, 0, 3]",1.2446827937235407,68
cifar10_resnet8_C1_seed517,cifar10_resnet8,C1,517,135,3,"[0, 0, 0, 3]",1.2322086468776257,61
cifar10_resnet8_C1_seed517,cifar10_resnet8,C1,517,135,4,"[1, 1, 1, 2]",1.183243007593201,500
cifar10_resnet8_C1_seed517,cifar10_resnet8,C1,517,135,5,"[0, 1, 1, 2]",1.1826516858143363,103
cifar10_resnet8_C1_seed517,cifar10_resnet8,C1,517,135,6,"[1, 0, 1, 2]",1.1772562347639355,104
cifar10_resnet8_C1_seed517,cifar10_resnet8,C1,517,135,7,"[1, 2, 0, 2]",1.1705567325387036,97
cifar10_resnet8_C1_seed517,cifar10_resnet8,C1,517,135,8,"[0, 1, 0, 2]",1.1641301796066965,389
cifar10_resnet8_C1_seed517,cifar10_resnet8,C1,517,135,9,"[1, 0, 0, 2]",1.1587195232851351,98
cifar10_resnet8_C1_seed517,cifar10_resnet8,C1,517,135,10,"[0, 0, 0, 2]",1.1581586120485921,56
cifar10_resnet8_C1_seed518,cifar10_resnet8,C1,518,112,1,"[1, 1, 1, 3]",1.2572372897613124,45
cifar10_resnet8_C1_seed518,cifar10_resnet8,C1,518,112,2,"[0, 1, 1, 3]",1.2566814469484893,94
cifar10_resnet8_C1_seed518,cifar10_resnet8,C1,518,112,3,"[1, 2, 1, 2]",1.1891137177123849,172
cifar10_resnet8_C1_seed518,cifar10_resnet8,C1,518,112,4,"[1, 1, 1, 2]",1.183243007593201,76
cifar10_resnet8_C1_seed518,cifar10_resnet8,C1,518,112,5,"[0, 1, 1, 2]",1.1826516858143363,70
cifar10_resnet8_C1_seed518,cifar10_resnet8,C1,518,112,6,"[1, 1, 0, 2]",1.1646556118771985,123
cifar10_resnet8_C1_seed518,cifar10_resnet8,C1,518,112,7,"[1, 2, 1, 1]",1.1150102089165472,25
cifar10_resnet8_C1_seed518,cifar10_resnet8,C1,518,112,8,"[1, 1, 1, 1]",1.1090837461364409,63
cifar10_resnet8_C1_seed518,cifar10_resnet8,C1,518,112,9,"[0, 1, 1, 1]",1.1085532454422184,120
cifar10_resnet8_C1_seed518,cifar10_resnet8,C1,518,112,10,"[1, 0, 1, 1]",1.1031983417815798,130
cifar10_resnet8_C1_seed519,cifar10_resnet8,C1,519,153,1,"[0, 2, 1, 3]",1.262663662389518,124
cifar10_resnet8_C1_seed519,cifar10_resnet8,C1,519,153,2,"[0, 2, 0, 3]",1.2441522930293187,171
cifar10_resnet8_C1_seed519,cifar10_resnet8,C1,519,153,3,"[0, 1, 0, 3]",1.2381548723171292,181
cifar10_resnet8_C1_seed519,cifar10_resnet8,C1,519,153,4,"[1, 1, 1, 2]",1.183243007593201,270
cifar10_resnet8_C1_seed519,cifar10_resnet8,C1,519,153,5,"[1, 0, 1, 2]",1.1772562347639355,127
cifar10_resnet8_C1_seed519,cifar10_resnet8,C1,519,153,6,"[0, 0, 1, 2]",1.1766902551036722,150
cifar10_resnet8_C1_seed519,cifar10_resnet8,C1,519,153,7,"[1, 1, 0, 2]",1.1646556118771985,156
cifar10_resnet8_C1_seed519,cifar10_resnet8,C1,519,153,8,"[0, 1, 0, 2]",1.1641301796066965,118
cifar10_resnet8_C1_seed519,cifar10_resnet8,C1,519,153,9,"[1, 2, 1, 1]",1.1150102089165472,71
cifar10_resnet8_C1_seed519,cifar10_resnet8,C1,519,153,10,"[1, 1, 1, 1]",1.1090837461364409,104
cifar10_resnet8_C2_seed500,cifar10_resnet8,C2,500,165,1,"[1, 2, 0, 3]",1.2446827937235407,49
cifar10_resnet8_C2_seed500,cifar10_resnet8,C2,500,165,2,"[0, 2, 0, 3]",1.2441522930293187,136
cifar10_resnet8_C2_seed500,cifar10_resnet8,C2,500,165,3,"[0, 1, 0, 3]",1.2381548723171292,337
cifar10_resnet8_C2_seed500,cifar10_resnet8,C2,500,165,4,"[0, 0, 0, 3]",1.2322086468776257,196
cifar10_resnet8_C2_seed500,cifar10_resnet8,C2,500,165,5,"[0, 1, 1, 2]",1.1826516858143363,17
cifar10_resnet8_C2_seed500,cifar10_resnet8,C2,500,165,6,"[0, 0, 1, 2]",1.1766902551036722,182
cifar10_resnet8_C2_seed500,cifar10_resnet8,C2,500,165,7,"[0, 2, 0, 2]",1.170081984505404,102
cifar10_resnet8_C2_seed500,cifar10_resnet8,C2,500,165,8,"[0, 1, 0, 2]",1.1641301796066965,398
cifar10_resnet8_C2_seed500,cifar10_resnet8,C2,500,165,9,"[0, 0, 0, 2]",1.1581586120485921,118
cifar10_resnet8_C2_seed500,cifar10_resnet8,C2,500,165,10,"[1, 2, 1, 1]",1.1150102089165472,233
cifar10_resnet8_C2_seed501,cifar10_resnet8,C2,501,119,1,"[1, 1, 0, 3]",1.2387107151299523,2
cifar10_resnet8_C2_seed501,cifar10_resnet8,C2,501,119,2,"[0, 0, 0, 3]",1.2322086468776257,93
cifar10_resnet8_C2_seed501,cifar10_resnet8,C2,501,119,3,"[1, 1, 1, 2]",1.183243007593201,98
cifar10_resnet8_C2_seed501,cifar10_resnet8,C2,501,119,4,"[1, 0, 1, 2]",1.1772562347639355,59
cifar10_resnet8_C2_seed501,cifar10_resnet8,C2,501,119,5,"[0, 1, 0, 2]",1.1641301796066965,77
cifar10_resnet8_C2_seed501,cifar10_resnet8,C2,501,119,6,"[0, 0, 0, 2]",1.1581586120485921,92
cifar10_resnet8_C2_seed501,cifar10_resnet8,C2,501,119,7,"[0, 2, 1, 1]",1.1144695713748847,79
cifar10_resnet8_C2_seed501,cifar10_resnet8,C2,501,119,8,"[1, 1, 1, 1]",1.1090837461364409,134
cifar10_resnet8_C2_seed501,cifar10_resnet8,C2,501,119,9,"[0, 1, 1, 1]",1.1085532454422184,168
cifar10_resnet8_C2_seed501,cifar10_resnet8,C2,501,119,10,"[1, 0, 1, 1]",1.1031983417815798,139
cifar10_resnet8_C2_seed502,cifar10_resnet8,C2,502,141,1,"[1, 1, 0, 3]",1.2387107151299523,90
cifar10_resnet8_C2_seed502,cifar10_resnet8,C2,502,141,2,"[1, 2, 1, 2]",1.1891137177123849,130
cifar10_resnet8_C2_seed502,cifar10_resnet8,C2,502,141,3,"[0, 2, 1, 2]",1.1886085591367641,151
cifar10_resnet8_C2_seed502,cifar10_resnet8,C2,502,141,4,"[1, 1, 1, 2]",1.183243007593201,143
cifar10_resnet8_C2_seed502,cifar10_resnet8,C2,502,141,5,"[0, 1, 1, 2]",1.1826516858143363,99
cifar10_resnet8_C2_seed502,cifar10_resnet8,C2,502,141,6,"[1, 0, 1, 2]",1.1772562347639355,16
cifar10_resnet8_C2_seed502,cifar10_resnet8,C2,502,141,7,"[0, 0, 1, 2]",1.1766902551036722,122
cifar10_resnet8_C2_seed502,cifar10_resnet8,C2,502,141,8,"[1, 2, 0, 2]",1.1705567325387036,118
cifar10_resnet8_C2_seed502,cifar10_resnet8,C2,502,141,9,"[1, 1, 0, 2]",1.1646556118771985,168
cifar10_resnet8_C2_seed502,cifar10_resnet8,C2,502,141,10,"[0, 0, 0, 2]",1.1581586120485921,121
cifar10_resnet8_C2_seed503,cifar10_resnet8,C2,503,143,1,"[0, 2, 0, 3]",1.2441522930293187,75
cifar10_resnet8_C2_seed503,cifar10_resnet8,C2,503,143,2,"[0, 0, 0, 3]",1.2322086468776257,162
cifar10_resnet8_C2_seed503,cifar10_resnet8,C2,503,143,3,"[1, 0, 1, 2]",1.1772562347639355,107
cifar10_resnet8_C2_seed503,cifar10_resnet8,C2,503,143,4,"[0, 0, 1, 2]",1.1766902551036722,105
cifar10_resnet8_C2_seed503,cifar10_resnet8,C2,503,143,5,"[0, 1, 0, 2]",1.1641301796066965,335
cifar10_resnet8_C2_seed503,cifar10_resnet8,C2,503,143,6,"[1, 0, 0, 2]",1.1587195232851351,397
cifar10_resnet8_C2_seed503,cifar10_resnet8,C2,503,143,7,"[0, 0, 0, 2]",1.1581586120485921,67
cifar10_resnet8_C2_seed503,cifar10_resnet8,C2,503,143,8,"[1, 1, 1, 1]",1.1090837461364409,382
cifar10_resnet8_C2_seed503,cifar10_resnet8,C2,503,143,9,"[0, 1, 1, 1]",1.1085532454422184,132
cifar10_resnet8_C2_seed503,cifar10_resnet8,C2,503,143,10,"[1, 0, 1, 1]",1.1031983417815798,341
cifar10_resnet8_C2_seed504,cifar10_resnet8,C2,504,132,1,"[0, 0, 1, 3]",1.2507352215089855,111
cifar10_resnet8_C2_seed504,cifar10_resnet8,C2,504,132,2,"[0, 0, 0, 3]",1.2322086468776257,187
cifar10_resnet8_C2_seed504,cifar10_resnet8,C2,504,132,3,"[1, 1, 1, 2]",1.183243007593201,349
cifar10_resnet8_C2_seed504,cifar10_resnet8,C2,504,132,4,"[1, 2, 0, 2]",1.1705567325387036,50
cifar10_resnet8_C2_seed504,cifar10_resnet8,C2,504,132,5,"[0, 1, 0, 2]",1.1641301796066965,56
cifar10_resnet8_C2_seed504,cifar10_resnet8,C2,504,132,6,"[1, 0, 0, 2]",1.1587195232851351,78
cifar10_resnet8_C2_seed504,cifar10_resnet8,C2,504,132,7,"[0, 0, 0, 2]",1.1581586120485921,32
cifar10_resnet8_C2_seed504,cifar10_resnet8,C2,504,132,8,"[0, 2, 1, 1]",1.1144695713748847,466
cifar10_resnet8_C2_seed504,cifar10_resnet8,C2,504,132,9,"[1, 1, 1, 1]",1.1090837461364409,87
cifar10_resnet8_C2_seed504,cifar10_resnet8,C2,504,132,10,"[0, 1, 1, 1]",1.1085532454422184,250
cifar10_resnet8_C2_seed505,cifar10_resnet8,C2,505,144,1,"[1, 1, 0, 3]",1.2387107151299523,220
cifar10_resnet8_C2_seed505,cifar10_resnet8,C2,505,144,2,"[1, 1, 1, 2]",1.183243007593201,421
cifar10_resnet8_C2_seed505,cifar10_resnet8,C2,505,144,3,"[0, 1, 1, 2]",1.1826516858143363,193
cifar10_resnet8_C2_seed505,cifar10_resnet8,C2,505,144,4,"[1, 0, 1, 2]",1.1772562347639355,69
cifar10_resnet8_C2_seed505,cifar10_resnet8,C2,505,144,5,"[0, 2, 0, 2]",1.170081984505404,34
cifar10_resnet8_C2_seed505,cifar10_resnet8,C2,505,144,6,"[0, 1, 0, 2]",1.1641301796066965,141
cifar10_resnet8_C2_seed505,cifar10_resnet8,C2,505,144,7,"[1, 0, 0, 2]",1.1587195232851351,139
cifar10_resnet8_C2_seed505,cifar10_resnet8,C2,505,144,8,"[1, 2, 1, 1]",1.1150102089165472,138
cifar10_resnet8_C2_seed505,cifar10_resnet8,C2,505,144,9,"[1, 1, 1, 1]",1.1090837461364409,64
cifar10_resnet8_C2_seed505,cifar10_resnet8,C2,505,144,10,"[0, 1, 1, 1]",1.1085532454422184,147
cifar10_resnet8_C2_seed506,cifar10_resnet8,C2,506,145,1,"[1, 1, 1, 3]",1.2572372897613124,31
cifar10_resnet8_C2_seed506,cifar10_resnet8,C2,506,145,2,"[0, 1, 1, 3]",1.2566814469484893,50
cifar10_resnet8_C2_seed506,cifar10_resnet8,C2,506,145,3,"[1, 1, 1, 2]",1.183243007593201,158
cifar10_resnet8_C2_seed506,cifar10_resnet8,C2,506,145,4,"[1, 0, 1, 2]",1.1772562347639355,170
cifar10_resnet8_C2_seed506,cifar10_resnet8,C2,506,145,5,"[1, 1, 0, 2]",1.1646556118771985,262
cifar10_resnet8_C2_seed506,cifar10_resnet8,C2,506,145,6,"[0, 1, 0, 2]",1.1641301796066965,25
cifar10_resnet8_C2_seed506,cifar10_resnet8,C2,506,145,7,"[1, 0, 0, 2]",1.1587195232851351,430
cifar10_resnet8_C2_seed506,cifar10_resnet8,C2,506,145,8,"[1, 2, 1, 1]",1.1150102089165472,73
cifar10_resnet8_C2_seed506,cifar10_resnet8,C2,506,145,9,"[1, 1, 1, 1]",1.1090837461364409,121
cifar10_resnet8_C2_seed506,cifar10_resnet8,C2,506,145,10,"[0, 1, 1, 1]",1.1085532454422184,94
cifar10_resnet8_C2_seed507,cifar10_resnet8,C2,507,135,1,"[0, 0, 1, 3]",1.2507352215089855,112
cifar10_resnet8_C2_seed507,cifar10_resnet8,C2,507,135,2,"[0, 2, 0, 3]",1.2441522930293187,80
cifar10_resnet8_C2_seed507,cifar10_resnet8,C2,507,135,3,"[1, 1, 0, 3]",1.2387107151299523,48
cifar10_resnet8_C2_seed507,cifar10_resnet8,C2,507,135,4,"[0, 1, 0, 3]",1.2381548723171292,149
cifar10_resnet8_C2_seed507,cifar10_resnet8,C2,507,135,5,"[0, 1, 1, 2]",1.1826516858143363,67
cifar10_resnet8_C2_seed507,cifar10_resnet8,C2,507,135,6,"[1, 0, 1, 2]",1.1772562347639355,126
cifar10_resnet8_C2_seed507,cifar10_resnet8,C2,507,135,7,"[0, 0, 1, 2]",1.1766902551036722,93
cifar10_resnet8_C2_seed507,cifar10_resnet8,C2,507,135,8,"[1, 2, 0, 2]",1.1705567325387036,55
cifar10_resnet8_C2_seed507,cifar10_resnet8,C2,507,135,9,"[1, 1, 0, 2]",1.1646556118771985,68
cifar10_resnet8_C2_seed507,cifar10_resnet8,C2,507,135,10,"[0, 1, 0, 2]",1.1641301796066965,122
cifar10_resnet8_C2_seed508,cifar10_resnet8,C2,508,121,1,"[1, 1, 1, 3]",1.2572372897613124,29
cifar10_resnet8_C2_seed508,cifar10_resnet8,C2,508,121,2,"[0, 1, 1, 3]",1.2566814469484893,26
cifar10_resnet8_C2_seed508,cifar10_resnet8,C2,508,121,3,"[1, 1, 0, 3]",1.2387107151299523,100
cifar10_resnet8_C2_seed508,cifar10_resnet8,C2,508,121,4,"[1, 1, 1, 2]",1.183243007593201,38
cifar10_resnet8_C2_seed508,cifar10_resnet8,C2,508,121,5,"[0, 1, 1, 2]",1.1826516858143363,118
cifar10_resnet8_C2_seed508,cifar10_resnet8,C2,508,121,6,"[1, 0, 1, 2]",1.1772562347639355,112
cifar10_resnet8_C2_seed508,cifar10_resnet8,C2,508,121,7,"[1, 1, 0, 2]",1.1646556118771985,77
cifar10_resnet8_C2_seed508,cifar10_resnet8,C2,508,121,8,"[0, 1, 0, 2]",1.1641301796066965,50
cifar10_resnet8_C2_seed508,cifar10_resnet8,C2,508,121,9,"[1, 0, 0, 2]",1.1587195232851351,127
cifar10_resnet8_C2_seed508,cifar10_resnet8,C2,508,121,10,"[1, 2, 1, 1]",1.1150102089165472,63
cifar10_resnet8_C2_seed509,cifar10_resnet8,C2,509,157,1,"[0, 0, 0, 3]",1.2322086468776257,37
cifar10_resnet8_C2_seed509,cifar10_resnet8,C2,509,157,2,"[0, 2, 1, 2]",1.1886085591367641,95
cifar10_resnet8_C2_seed509,cifar10_resnet8,C2,509,157,3,"[1, 1, 1, 2]",1.183243007593201,140
cifar10_resnet8_C2_seed509,cifar10_resnet8,C2,509,157,4,"[1, 0, 1, 2]",1.1772562347639355,129
cifar10_resnet8_C2_seed509,cifar10_resnet8,C2,509,157,5,"[1, 2, 0, 2]",1.1705567325387036,81
cifar10_resnet8_C2_seed509,cifar10_resnet8,C2,509,157,6,"[0, 2, 0, 2]",1.170081984505404,54
cifar10_resnet8_C2_seed509,cifar10_resnet8,C2,509,157,7,"[1, 1, 0, 2]",1.1646556118771985,117
cifar10_resnet8_C2_seed509,cifar10_resnet8,C2,509,157,8,"[0, 1, 0, 2]",1.1641301796066965,128
cifar10_resnet8_C2_seed509,cifar10_resnet8,C2,509,157,9,"[1, 0, 0, 2]",1.1587195232851351,176
cifar10_resnet8_C2_seed509,cifar10_resnet8,C2,509,157,10,"[0, 0, 0, 2]",1.1581586120485921,90
cifar10_resnet8_C2_seed510,cifar10_resnet8,C2,510,133,1,"[1, 1, 1, 3]",1.2572372897613124,176
cifar10_resnet8_C2_seed510,cifar10_resnet8,C2,510,133,2,"[1, 1, 1, 2]",1.183243007593201,140
cifar10_resnet8_C2_seed510,cifar10_resnet8,C2,510,133,3,"[1, 0, 1, 2]",1.1772562347639355,80
cifar10_resnet8_C2_seed510,cifar10_resnet8,C2,510,133,4,"[0, 0, 1, 2]",1.1766902551036722,181
cifar10_resnet8_C2_seed510,cifar10_resnet8,C2,510,133,5,"[1, 2, 0, 2]",1.1705567325387036,92
cifar10_resnet8_C2_seed510,cifar10_resnet8,C2,510,133,6,"[1, 1, 0, 2]",1.1646556118771985,147
cifar10_resnet8_C2_seed510,cifar10_resnet8,C2,510,133,7,"[0, 1, 0, 2]",1.1641301796066965,50
cifar10_resnet8_C2_seed510,cifar10_resnet8,C2,510,133,8,"[1, 0, 0, 2]",1.1587195232851351,90
cifar10_resnet8_C2_seed510,cifar10_resnet8,C2,510,133,9,"[1, 2, 1, 1]",1.1150102089165472,98
cifar10_resnet8_C2_seed510,cifar10_resnet8,C2,510,133,10,"[0, 2, 1, 1]",1.1144695713748847,146
cifar10_resnet8_C2_seed511,cifar10_resnet8,C2,511,137,1,"[0, 0, 0, 3]",1.2322086468776257,47
cifar10_resnet8_C2_seed511,cifar10_resnet8,C2,511,137,2,"[0, 2, 1, 2]",1.1886085591367641,32
cifar10_resnet8_C2_seed511,cifar10_resnet8,C2,511,137,3,"[0, 1, 1, 2]",1.1826516858143363,219
cifar10_resnet8_C2_seed511,cifar10_resnet8,C2,511,137,4,"[1, 0, 1, 2]",1.1772562347639355,227
cifar10_resnet8_C2_seed511,cifar10_resnet8,C2,511,137,5,"[0, 0, 1, 2]",1.1766902551036722,148
cifar10_resnet8_C2_seed511,cifar10_resnet8,C2,511,137,6,"[1, 2, 0, 2]",1.1705567325387036,111
cifar10_resnet8_C2_seed511,cifar10_resnet8,C2,511,137,7,"[0, 1, 0, 2]",1.1641301796066965,99
cifar10_resnet8_C2_seed511,cifar10_resnet8,C2,511,137,8,"[1, 0, 0, 2]",1.1587195232851351,57
cifar10_resnet8_C2_seed511,cifar10_resnet8,C2,511,137,9,"[0, 0, 0, 2]",1.1581586120485921,160
cifar10_resnet8_C2_seed511,cifar10_resnet8,C2,511,137,10,"[1, 2, 1, 1]",1.1150102089165472,261
cifar10_resnet8_C2_seed512,cifar10_resnet8,C2,512,127,1,"[0, 1, 1, 3]",1.2566814469484893,128
cifar10_resnet8_C2_seed512,cifar10_resnet8,C2,512,127,2,"[0, 0, 1, 3]",1.2507352215089855,82
cifar10_resnet8_C2_seed512,cifar10_resnet8,C2,512,127,3,"[0, 1, 0, 3]",1.2381548723171292,229
cifar10_resnet8_C2_seed512,cifar10_resnet8,C2,512,127,4,"[0, 0, 0, 3]",1.2322086468776257,56
cifar10_resnet8_C2_seed512,cifar10_resnet8,C2,512,127,5,"[0, 1, 1, 2]",1.1826516858143363,86
cifar10_resnet8_C2_seed512,cifar10_resnet8,C2,512,127,6,"[1, 0, 1, 2]",1.1772562347639355,266
cifar10_resnet8_C2_seed512,cifar10_resnet8,C2,512,127,7,"[0, 0, 1, 2]",1.1766902551036722,71
cifar10_resnet8_C2_seed512,cifar10_resnet8,C2,512,127,8,"[1, 2, 0, 2]",1.1705567325387036,74
cifar10_resnet8_C2_seed512,cifar10_resnet8,C2,512,127,9,"[0, 2, 0, 2]",1.170081984505404,233
cifar10_resnet8_C2_seed512,cifar10_resnet8,C2,512,127,10,"[1, 1, 0, 2]",1.1646556118771985,66
cifar10_resnet8_C2_seed513,cifar10_resnet8,C2,513,139,1,"[1, 2, 1, 3]",1.2631992315074603,116
cifar10_resnet8_C2_seed513,cifar10_resnet8,C2,513,139,2,"[0, 2, 1, 3]",1.262663662389518,64
cifar10_resnet8_C2_seed513,cifar10_resnet8,C2,513,139,3,"[1, 1, 1, 3]",1.2572372897613124,77
cifar10_resnet8_C2_seed513,cifar10_resnet8,C2,513,139,4,"[1, 1, 0, 3]",1.2387107151299523,53
cifar10_resnet8_C2_seed513,cifar10_resnet8,C2,513,139,5,"[0, 0, 0, 3]",1.2322086468776257,161
cifar10_resnet8_C2_seed513,cifar10_resnet8,C2,513,139,6,"[1, 2, 1, 2]",1.1891137177123849,149
cifar10_resnet8_C2_seed513,cifar10_resnet8,C2,513,139,7,"[1, 1, 1, 2]",1.183243007593201,103
cifar10_resnet8_C2_seed513,cifar10_resnet8,C2,513,139,8,"[1, 1, 0, 2]",1.1646556118771985,100
cifar10_resnet8_C2_seed513,cifar10_resnet8,C2,513,139,9,"[1, 2, 1, 1]",1.1150102089165472,84
cifar10_resnet8_C2_seed513,cifar10_resnet8,C2,513,139,10,"[0, 2, 1, 1]",1.1144695713748847,180
cifar10_resnet8_C2_seed514,cifar10_resnet8,C2,514,144,1,"[1, 1, 1, 3]",1.2572372897613124,483
cifar10_resnet8_C2_seed514,cifar10_resnet8,C2,514,144,2,"[0, 1, 1, 3]",1.2566814469484893,361
cifar10_resnet8_C2_seed514,cifar10_resnet8,C2,514,144,3,"[0, 0, 1, 3]",1.2507352215089855,102
cifar10_resnet8_C2_seed514,cifar10_resnet8,C2,514,144,4,"[0, 0, 0, 3]",1.2322086468776257,168
cifar10_resnet8_C2_seed514,cifar10_resnet8,C2,514,144,5,"[1, 1, 1, 2]",1.183243007593201,123
cifar10_resnet8_C2_seed514,cifar10_resnet8,C2,514,144,6,"[0, 1, 1, 2]",1.1826516858143363,214
cifar10_resnet8_C2_seed514,cifar10_resnet8,C2,514,144,7,"[1, 0, 1, 2]",1.1772562347639355,108
cifar10_resnet8_C2_seed514,cifar10_resnet8,C2,514,144,8,"[1, 1, 0, 2]",1.1646556118771985,106
cifar10_resnet8_C2_seed514,cifar10_resnet8,C2,514,144,9,"[0, 1, 0, 2]",1.1641301796066965,178
cifar10_resnet8_C2_seed514,cifar10_resnet8,C2,514,144,10,"[1, 0, 0, 2]",1.1587195232851351,125
cifar10_resnet8_C2_seed515,cifar10_resnet8,C2,515,134,1,"[1, 1, 1, 3]",1.2572372897613124,80
cifar10_resnet8_C2_seed515,cifar10_resnet8,C2,515,134,2,"[0, 1, 0, 3]",1.2381548723171292,69
cifar10_resnet8_C2_seed515,cifar10_resnet8,C2,515,134,3,"[1, 1, 1, 2]",1.183243007593201,95
cifar10_resnet8_C2_seed515,cifar10_resnet8,C2,515,134,4,"[0, 1, 1, 2]",1.1826516858143363,212
cifar10_resnet8_C2_seed515,cifar10_resnet8,C2,515,134,5,"[0, 0, 1, 2]",1.1766902551036722,108
cifar10_resnet8_C2_seed515,cifar10_resnet8,C2,515,134,6,"[1, 1, 0, 2]",1.1646556118771985,93
cifar10_resnet8_C2_seed515,cifar10_resnet8,C2,515,134,7,"[0, 1, 0, 2]",1.1641301796066965,148
cifar10_resnet8_C2_seed515,cifar10_resnet8,C2,515,134,8,"[1, 2, 1, 1]",1.1150102089165472,115
cifar10_resnet8_C2_seed515,cifar10_resnet8,C2,515,134,9,"[1, 1, 1, 1]",1.1090837461364409,79
cifar10_resnet8_C2_seed515,cifar10_resnet8,C2,515,134,10,"[0, 1, 1, 1]",1.1085532454422184,54
cifar10_resnet8_C2_seed516,cifar10_resnet8,C2,516,122,1,"[1, 1, 0, 3]",1.2387107151299523,21
cifar10_resnet8_C2_seed516,cifar10_resnet8,C2,516,122,2,"[0, 1, 0, 3]",1.2381548723171292,11
cifar10_resnet8_C2_seed516,cifar10_resnet8,C2,516,122,3,"[0, 0, 0, 3]",1.2322086468776257,287
cifar10_resnet8_C2_seed516,cifar10_resnet8,C2,516,122,4,"[0, 1, 1, 2]",1.1826516858143363,59
cifar10_resnet8_C2_seed516,cifar10_resnet8,C2,516,122,5,"[0, 2, 0, 2]",1.170081984505404,69
cifar10_resnet8_C2_seed516,cifar10_resnet8,C2,516,122,6,"[1, 0, 0, 2]",1.1587195232851351,45
cifar10_resnet8_C2_seed516,cifar10_resnet8,C2,516,122,7,"[0, 0, 0, 2]",1.1581586120485921,139
cifar10_resnet8_C2_seed516,cifar10_resnet8,C2,516,122,8,"[0, 2, 1, 1]",1.1144695713748847,55
cifar10_resnet8_C2_seed516,cifar10_resnet8,C2,516,122,9,"[0, 1, 1, 1]",1.1085532454422184,32
cifar10_resnet8_C2_seed516,cifar10_resnet8,C2,516,122,10,"[1, 2, 0, 1]",1.0964684290140265,109
cifar10_resnet8_C2_seed517,cifar10_resnet8,C2,517,130,1,"[1, 2, 0, 3]",1.2446827937235407,68
cifar10_resnet8_C2_seed517,cifar10_resnet8,C2,517,130,2,"[1, 1, 1, 2]",1.183243007593201,500
cifar10_resnet8_C2_seed517,cifar10_resnet8,C2,517,130,3,"[1, 0, 1, 2]",1.1772562347639355,56
cifar10_resnet8_C2_seed517,cifar10_resnet8,C2,517,130,4,"[0, 1, 0, 2]",1.1641301796066965,389
cifar10_resnet8_C2_seed517,cifar10_resnet8,C2,517,130,5,"[0, 2, 1, 1]",1.1144695713748847,60
cifar10_resnet8_C2_seed517,cifar10_resnet8,C2,517,130,6,"[1, 1, 1, 1]",1.1090837461364409,90
cifar10_resnet8_C2_seed517,cifar10_resnet8,C2,517,130,7,"[0, 1, 1, 1]",1.1085532454422184,113
cifar10_resnet8_C2_seed517,cifar10_resnet8,C2,517,130,8,"[1, 0, 1, 1]",1.1031983417815798,114
cifar10_resnet8_C2_seed517,cifar10_resnet8,C2,517,130,9,"[0, 0, 1, 1]",1.102581677884114,111
cifar10_resnet8_C2_seed517,cifar10_resnet8,C2,517,130,10,"[1, 2, 0, 1]",1.0964684290140265,97
cifar10_resnet8_C2_seed518,cifar10_resnet8,C2,518,121,1,"[1, 1, 1, 3]",1.2572372897613124,77
cifar10_resnet8_C2_seed518,cifar10_resnet8,C2,518,121,2,"[0, 1, 1, 3]",1.2566814469484893,94
cifar10_resnet8_C2_seed518,cifar10_resnet8,C2,518,121,3,"[1, 2, 1, 2]",1.1891137177123849,172
cifar10_resnet8_C2_seed518,cifar10_resnet8,C2,518,121,4,"[1, 1, 1, 2]",1.183243007593201,53
cifar10_resnet8_C2_seed518,cifar10_resnet8,C2,518,121,5,"[0, 1, 1, 2]",1.1826516858143363,68
cifar10_resnet8_C2_seed518,cifar10_resnet8,C2,518,121,6,"[1, 0, 1, 2]",1.1772562347639355,144
cifar10_resnet8_C2_seed518,cifar10_resnet8,C2,518,121,7,"[1, 1, 0, 2]",1.1646556118771985,123
cifar10_resnet8_C2_seed518,cifar10_resnet8,C2,518,121,8,"[1, 2, 1, 1]",1.1150102089165472,81
cifar10_resnet8_C2_seed518,cifar10_resnet8,C2,518,121,9,"[1, 1, 1, 1]",1.1090837461364409,63
cifar10_resnet8_C2_seed518,cifar10_resnet8,C2,518,121,10,"[0, 1, 1, 1]",1.1085532454422184,120
cifar10_resnet8_C2_seed519,cifar10_resnet8,C2,519,151,1,"[0, 2, 1, 3]",1.262663662389518,124
cifar10_resnet8_C2_seed519,cifar10_resnet8,C2,519,151,2,"[0, 2, 0, 3]",1.2441522930293187,171
cifar10_resnet8_C2_seed519,cifar10_resnet8,C2,519,151,3,"[0, 0, 0, 3]",1.2322086468776257,181
cifar10_resnet8_C2_seed519,cifar10_resnet8,C2,519,151,4,"[0, 0, 1, 2]",1.1766902551036722,150
cifar10_resnet8_C2_seed519,cifar10_resnet8,C2,519,151,5,"[0, 1, 0, 2]",1.1641301796066965,122
cifar10_resnet8_C2_seed519,cifar10_resnet8,C2,519,151,6,"[0, 0, 0, 2]",1.1581586120485921,155
cifar10_resnet8_C2_seed519,cifar10_resnet8,C2,519,151,7,"[1, 2, 1, 1]",1.1150102089165472,71
cifar10_resnet8_C2_seed519,cifar10_resnet8,C2,519,151,8,"[0, 1, 1, 1]",1.1085532454422184,42
cifar10_resnet8_C2_seed519,cifar10_resnet8,C2,519,151,9,"[1, 0, 1, 1]",1.1031983417815798,459
cifar10_resnet8_C2_seed519,cifar10_resnet8,C2,519,151,10,"[0, 0, 1, 1]",1.102581677884114,399
cifar10_simplecnn_C0_seed500,cifar10_simplecnn,C0,500,285,1,"[0, 3, 4, 5]",2.2624168503439415,460
cifar10_simplecnn_C0_seed500,cifar10_simplecnn,C0,500,285,2,"[1, 3, 4, 5]",2.2602142775298759,75
cifar10_simplecnn_C0_seed500,cifar10_simplecnn,C0,500,285,3,"[1, 2, 4, 5]",2.25567859573815,222
cifar10_simplecnn_C0_seed500,cifar10_simplecnn,C0,500,285,4,"[1, 0, 4, 5]",2.252853954985222,500
cifar10_simplecnn_C0_seed500,cifar10_simplecnn,C0,500,285,5,"[0, 2, 3, 5]",2.2498889626758434,93
cifar10_simplecnn_C0_seed500,cifar10_simplecnn,C0,500,285,6,"[0, 1, 3, 5]",2.2476962052546341,155
cifar10_simplecnn_C0_seed500,cifar10_simplecnn,C0,500,285,7,"[1, 2, 3, 5]",2.2476863898617774,191
cifar10_simplecnn_C0_seed500,cifar10_simplecnn,C0,500,285,8,"[0, 3, 2, 5]",2.2448731777379871,213
cifar10_simplecnn_C0_seed500,cifar10_simplecnn,C0,500,285,9,"[2, 3, 4, 5]",2.2447458881914248,332
cifar10_simplecnn_C0_seed500,cifar10_simplecnn,C0,500,285,10,"[0, 4, 2, 5]",2.2408224388012359,353
cifar10_simplecnn_C0_seed501,cifar10_simplecnn,C0,501,305,1,"[0, 3, 4, 5]",2.2624168503439415,180
cifar10_simplecnn_C0_seed501,cifar10_simplecnn,C0,501,305,2,"[0, 1, 4, 5]",2.2619319074889672,188
cifar10_simplecnn_C0_seed501,cifar10_simplecnn,C0,501,305,3,"[0, 2, 4, 5]",2.2610029167311962,419
cifar10_simplecnn_C0_seed501,cifar10_simplecnn,C0,501,305,4,"[1, 3, 4, 5]",2.2602142775298759,354
cifar10_simplecnn_C0_seed501,cifar10_simplecnn,C0,501,305,5,"[0, 4, 3, 5]",2.2534956537097974,231
cifar10_simplecnn_C0_seed501,cifar10_simplecnn,C0,501,305,6,"[1, 0, 4, 5]",2.252853954985222,260
cifar10_simplecnn_C0_seed501,cifar10_simplecnn,C0,501,305,7,"[0, 2, 3, 5]",2.2498889626758434,433
cifar10_simplecnn_C0_seed501,cifar10_simplecnn,C0,501,305,8,"[0, 1, 3, 5]",2.2476962052546341,356
cifar10_simplecnn_C0_seed501,cifar10_simplecnn,C0,501,305,9,"[1, 2, 3, 5]",2.2476863898617774,342
cifar10_simplecnn_C0_seed501,cifar10_simplecnn,C0,501,305,10,"[0, 3, 2, 5]",2.2448731777379871,370
cifar10_simplecnn_C0_seed502,cifar10_simplecnn,C0,502,304,1,"[0, 3, 4, 5]",2.2624168503439415,490
cifar10_simplecnn_C0_seed502,cifar10_simplecnn,C0,502,304,2,"[0, 1, 4, 5]",2.2619319074889672,463
cifar10_simplecnn_C0_seed502,cifar10_simplecnn,C0,502,304,3,"[0, 2, 4, 5]",2.2610029167311962,453
cifar10_simplecnn_C0_seed502,cifar10_simplecnn,C0,502,304,4,"[1, 3, 4, 5]",2.2602142775298759,3
cifar10_simplecnn_C0_seed502,cifar10_simplecnn,C0,502,304,5,"[1, 2, 4, 5]",2.25567859573815,342
cifar10_simplecnn_C0_seed502,cifar10_simplecnn,C0,502,304,6,"[0, 4, 3, 5]",2.2534956537097974,295
cifar10_simplecnn_C0_seed502,cifar10_simplecnn,C0,502,304,7,"[1, 0, 4, 5]",2.252853954985222,267
cifar10_simplecnn_C0_seed502,cifar10_simplecnn,C0,502,304,8,"[0, 1, 3, 5]",2.2476962052546341,166
cifar10_simplecnn_C0_seed502,cifar10_simplecnn,C0,502,304,9,"[0, 3, 2, 5]",2.2448731777379871,72
cifar10_simplecnn_C0_seed502,cifar10_simplecnn,C0,502,304,10,"[2, 3, 4, 5]",2.2447458881914248,115
cifar10_simplecnn_C0_seed503,cifar10_simplecnn,C0,503,318,1,"[0, 3, 4, 5]",2.2624168503439415,22
cifar10_simplecnn_C0_seed503,cifar10_simplecnn,C0,503,318,2,"[0, 1, 4, 5]",2.2619319074889672,227
cifar10_simplecnn_C0_seed503,cifar10_simplecnn,C0,503,318,3,"[0, 2, 4, 5]",2.2610029167311962,27
cifar10_simplecnn_C0_seed503,cifar10_simplecnn,C0,503,318,4,"[1, 3, 4, 5]",2.2602142775298759,473
cifar10_simplecnn_C0_seed503,cifar10_simplecnn,C0,503,318,5,"[1, 0, 4, 5]",2.252853954985222,334
cifar10_simplecnn_C0_seed503,cifar10_simplecnn,C0,503,318,6,"[0, 2, 3, 5]",2.2498889626758434,367
cifar10_simplecnn_C0_seed503,cifar10_simplecnn,C0,503,318,7,"[0, 1, 3, 5]",2.2476962052546341,376
cifar10_simplecnn_C0_seed503,cifar10_simplecnn,C0,503,318,8,"[0, 3, 2, 5]",2.2448731777379871,317
cifar10_simplecnn_C0_seed503,cifar10_simplecnn,C0,503,318,9,"[2, 1, 4, 5]",2.2411391971574703,404
cifar10_simplecnn_C0_seed503,cifar10_simplecnn,C0,503,318,10,"[1, 3, 2, 5]",2.2403292937896859,496
cifar10_simplecnn_C0_seed504,cifar10_simplecnn,C0,504,305,1,"[0, 3, 4, 5]",2.2624168503439415,251
cifar10_simplecnn_C0_seed504,cifar10_simplecnn,C0,504,305,2,"[0, 1, 4, 5]",2.2619319074889672,308
cifar10_simplecnn_C0_seed504,cifar10_simplecnn,C0,504,305,3,"[0, 2, 4, 5]",2.2610029167311962,203
cifar10_simplecnn_C0_seed504,cifar10_simplecnn,C0,504,305,4,"[1, 3, 4, 5]",2.2602142775298759,40
cifar10_simplecnn_C0_seed504,cifar10_simplecnn,C0,504,305,5,"[1, 2, 4, 5]",2.25567859573815,489
cifar10_simplecnn_C0_seed504,cifar10_simplecnn,C0,504,305,6,"[0, 4, 3, 5]",2.2534956537097974,413
cifar10_simplecnn_C0_seed504,cifar10_simplecnn,C0,504,305,7,"[1, 0, 4, 5]",2.252853954985222,85
cifar10_simplecnn_C0_seed504,cifar10_simplecnn,C0,504,305,8,"[0, 2, 3, 5]",2.2498889626758434,344
cifar10_simplecnn_C0_seed504,cifar10_simplecnn,C0,504,305,9,"[0, 1, 3, 5]",2.2476962052546341,218
cifar10_simplecnn_C0_seed504,cifar10_simplecnn,C0,504,305,10,"[1, 2, 3, 5]",2.2476863898617774,358
cifar10_simplecnn_C0_seed505,cifar10_simplecnn,C0,505,264,1,"[0, 1, 4, 5]",2.2619319074889672,435
cifar10_simplecnn_C0_seed505,cifar10_simplecnn,C0,505,264,2,"[0, 2, 4, 5]",2.2610029167311962,156
cifar10_simplecnn_C0_seed505,cifar10_simplecnn,C0,505,264,3,"[1, 3, 4, 5]",2.2602142775298759,424
cifar10_simplecnn_C0_seed505,cifar10_simplecnn,C0,505,264,4,"[1, 2, 4, 5]",2.25567859573815,488
cifar10_simplecnn_C0_seed505,cifar10_simplecnn,C0,505,264,5,"[1, 0, 4, 5]",2.252853954985222,340
cifar10_simplecnn_C0_seed505,cifar10_simplecnn,C0,505,264,6,"[0, 2, 3, 5]",2.2498889626758434,330
cifar10_simplecnn_C0_seed505,cifar10_simplecnn,C0,505,264,7,"[0, 1, 3, 5]",2.2476962052546341,30
cifar10_simplecnn_C0_seed505,cifar10_simplecnn,C0,505,264,8,"[1, 2, 3, 5]",2.2476863898617774,22
cifar10_simplecnn_C0_seed505,cifar10_simplecnn,C0,505,264,9,"[0, 3, 2, 5]",2.2448731777379871,251
cifar10_simplecnn_C0_seed505,cifar10_simplecnn,C0,505,264,10,"[2, 3, 4, 5]",2.2447458881914248,257
cifar10_simplecnn_C0_seed506,cifar10_simplecnn,C0,506,326,1,"[0, 3, 4, 5]",2.2624168503439415,176
cifar10_simplecnn_C0_seed506,cifar10_simplecnn,C0,506,326,2,"[0, 2, 4, 5]",2.2610029167311962,68
cifar10_simplecnn_C0_seed506,cifar10_simplecnn,C0,506,326,3,"[1, 3, 4, 5]",2.2602142775298759,409
cifar10_simplecnn_C0_seed506,cifar10_simplecnn,C0,506,326,4,"[1, 2, 4, 5]",2.25567859573815,450
cifar10_simplecnn_C0_seed506,cifar10_simplecnn,C0,506,326,5,"[0, 4, 3, 5]",2.2534956537097974,268
cifar10_simplecnn_C0_seed506,cifar10_simplecnn,C0,506,326,6,"[1, 0, 4, 5]",2.252853954985222,316
cifar10_simplecnn_C0_seed506,cifar10_simplecnn,C0,506,326,7,"[0, 2, 3, 5]",2.2498889626758434,365
cifar10_simplecnn_C0_seed506,cifar10_simplecnn,C0,506,326,8,"[0, 1, 3, 5]",2.2476962052546341,439
cifar10_simplecnn_C0_seed506,cifar10_simplecnn,C0,506,326,9,"[1, 2, 3, 5]",2.2476863898617774,242
cifar10_simplecnn_C0_seed506,cifar10_simplecnn,C0,506,326,10,"[1, 4, 3, 5]",2.2473908956720066,211
cifar10_simplecnn_C0_seed507,cifar10_simplecnn,C0,507,262,1,"[0, 3, 4, 5]",2.2624168503439415,389
cifar10_simplecnn_C0_seed507,cifar10_simplecnn,C0,507,262,2,"[0, 1, 4, 5]",2.2619319074889672,272
cifar10_simplecnn_C0_seed507,cifar10_simplecnn,C0,507,262,3,"[0, 2, 4, 5]",2.2610029167311962,187
cifar10_simplecnn_C0_seed507,cifar10_simplecnn,C0,507,262,4,"[1, 3, 4, 5]",2.2602142775298759,207
cifar10_simplecnn_C0_seed507,cifar10_simplecnn,C0,507,262,5,"[1, 0, 4, 5]",2.252853954985222,225
cifar10_simplecnn_C0_seed507,cifar10_simplecnn,C0,507,262,6,"[0, 2, 3, 5]",2.2498889626758434,89
cifar10_simplecnn_C0_seed507,cifar10_simplecnn,C0,507,262,7,"[1, 2, 3, 5]",2.2476863898617774,14
cifar10_simplecnn_C0_seed507,cifar10_simplecnn,C0,507,262,8,"[0, 3, 2, 5]",2.2448731777379871,8
cifar10_simplecnn_C0_seed507,cifar10_simplecnn,C0,507,262,9,"[2, 3, 4, 5]",2.2447458881914248,90
cifar10_simplecnn_C0_seed507,cifar10_simplecnn,C0,507,262,10,"[0, 4, 2, 5]",2.2408224388012359,203
cifar10_simplecnn_C0_seed508,cifar10_simplecnn,C0,508,312,1,"[0, 3, 4, 5]",2.2624168503439415,134
cifar10_simplecnn_C0_seed508,cifar10_simplecnn,C0,508,312,2,"[0, 1, 4, 5]",2.2619319074889672,365
cifar10_simplecnn_C0_seed508,cifar10_simplecnn,C0,508,312,3,"[0, 2, 4, 5]",2.2610029167311962,218
cifar10_simplecnn_C0_seed508,cifar10_simplecnn,C0,508,312,4,"[1, 3, 4, 5]",2.2602142775298759,498
cifar10_simplecnn_C0_seed508,cifar10_simplecnn,C0,508,312,5,"[1, 2, 4, 5]",2.25567859573815,281
cifar10_simplecnn_C0_seed508,cifar10_simplecnn,C0,508,312,6,"[0, 4, 3, 5]",2.2534956537097974,193
cifar10_simplecnn_C0_seed508,cifar10_simplecnn,C0,508,312,7,"[1, 0, 4, 5]",2.252853954985222,60
cifar10_simplecnn_C0_seed508,cifar10_simplecnn,C0,508,312,8,"[0, 2, 3, 5]",2.2498889626758434,314
cifar10_simplecnn_C0_seed508,cifar10_simplecnn,C0,508,312,9,"[0, 1, 3, 5]",2.2476962052546341,70
cifar10_simplecnn_C0_seed508,cifar10_simplecnn,C0,508,312,10,"[1, 2, 3, 5]",2.2476863898617774,386
cifar10_simplecnn_C0_seed509,cifar10_simplecnn,C0,509,316,1,"[0, 3, 4, 5]",2.2624168503439415,98
cifar10_simplecnn_C0_seed509,cifar10_simplecnn,C0,509,316,2,"[0, 1, 4, 5]",2.2619319074889672,277
cifar10_simplecnn_C0_seed509,cifar10_simplecnn,C0,509,316,3,"[0, 2, 4, 5]",2.2610029167311962,294
cifar10_simplecnn_C0_seed509,cifar10_simplecnn,C0,509,316,4,"[1, 3, 4, 5]",2.2602142775298759,201
cifar10_simplecnn_C0_seed509,cifar10_simplecnn,C0,509,316,5,"[0, 2, 3, 5]",2.2498889626758434,218
cifar10_simplecnn_C0_seed509,cifar10_simplecnn,C0,509,316,6,"[1, 2, 3, 5]",2.2476863898617774,431
cifar10_simplecnn_C0_seed509,cifar10_simplecnn,C0,509,316,7,"[1, 4, 3, 5]",2.2473908956720066,117
cifar10_simplecnn_C0_seed509,cifar10_simplecnn,C0,509,316,8,"[2, 3, 4, 5]",2.2447458881914248,385
cifar10_simplecnn_C0_seed509,cifar10_simplecnn,C0,509,316,9,"[0, 4, 2, 5]",2.2408224388012359,47
cifar10_simplecnn_C0_seed509,cifar10_simplecnn,C0,509,316,10,"[1, 3, 2, 5]",2.2403292937896859,475
cifar10_simplecnn_C0_seed510,cifar10_simplecnn,C0,510,260,1,"[0, 3, 4, 5]",2.2624168503439415,377
cifar10_simplecnn_C0_seed510,cifar10_simplecnn,C0,510,260,2,"[0, 1, 4, 5]",2.2619319074889672,230
cifar10_simplecnn_C0_seed510,cifar10_simplecnn,C0,510,260,3,"[0, 2, 4, 5]",2.2610029167311962,406
cifar10_simplecnn_C0_seed510,cifar10_simplecnn,C0,510,260,4,"[1, 3, 4, 5]",2.2602142775298759,233
cifar10_simplecnn_C0_seed510,cifar10_simplecnn,C0,510,260,5,"[1, 2, 4, 5]",2.25567859573815,305
cifar10_simplecnn_C0_seed510,cifar10_simplecnn,C0,510,260,6,"[0, 4, 3, 5]",2.2534956537097974,160
cifar10_simplecnn_C0_seed510,cifar10_simplecnn,C0,510,260,7,"[1, 0, 4, 5]",2.252853954985222,227
cifar10_simplecnn_C0_seed510,cifar10_simplecnn,C0,510,260,8,"[0, 2, 3, 5]",2.2498889626758434,310
cifar10_simplecnn_C0_seed510,cifar10_simplecnn,C0,510,260,9,"[0, 1, 3, 5]",2.2476962052546341,385
cifar10_simplecnn_C0_seed510,cifar10_simplecnn,C0,510,260,10,"[1, 2, 3, 5]",2.2476863898617774,60
cifar10_simplecnn_C0_seed511,cifar10_simplecnn,C0,511,305,1,"[0, 3, 4, 5]",2.2624168503439415,440
cifar10_simplecnn_C0_seed511,cifar10_simplecnn,C0,511,305,2,"[0, 2, 4, 5]",2.2610029167311962,324
cifar10_simplecnn_C0_seed511,cifar10_simplecnn,C0,511,305,3,"[0, 4, 3, 5]",2.2534956537097974,357
cifar10_simplecnn_C0_seed511,cifar10_simplecnn,C0,511,305,4,"[0, 2, 3, 5]",2.2498889626758434,198
cifar10_simplecnn_C0_seed511,cifar10_simplecnn,C0,511,305,5,"[0, 1, 3, 5]",2.2476962052546341,295
cifar10_simplecnn_C0_seed511,cifar10_simplecnn,C0,511,305,6,"[1, 2, 3, 5]",2.2476863898617774,340
cifar10_simplecnn_C0_seed511,cifar10_simplecnn,C0,511,305,7,"[1, 4, 3, 5]",2.2473908956720066,285
cifar10_simplecnn_C0_seed511,cifar10_simplecnn,C0,511,305,8,"[0, 3, 2, 5]",2.2448731777379871,463
cifar10_simplecnn_C0_seed511,cifar10_simplecnn,C0,511,305,9,"[0, 4, 2, 5]",2.2408224388012359,362
cifar10_simplecnn_C0_seed511,cifar10_simplecnn,C0,511,305,10,"[1, 3, 2, 5]",2.2403292937896859,480
cifar10_simplecnn_C0_seed512,cifar10_simplecnn,C0,512,310,1,"[0, 1, 4, 5]",2.2619319074889672,468
cifar10_simplecnn_C0_seed512,cifar10_simplecnn,C0,512,310,2,"[0, 2, 4, 5]",2.2610029167311962,286
cifar10_simplecnn_C0_seed512,cifar10_simplecnn,C0,512,310,3,"[1, 2, 4, 5]",2.25567859573815,24
cifar10_simplecnn_C0_seed512,cifar10_simplecnn,C0,512,310,4,"[0, 4, 3, 5]",2.2534956537097974,202
cifar10_simplecnn_C0_seed512,cifar10_simplecnn,C0,512,310,5,"[0, 2, 3, 5]",2.2498889626758434,190
cifar10_simplecnn_C0_seed512,cifar10_simplecnn,C0,512,310,6,"[1, 2, 3, 5]",2.2476863898617774,182
cifar10_simplecnn_C0_seed512,cifar10_simplecnn,C0,512,310,7,"[0, 3, 2, 5]",2.2448731777379871,456
cifar10_simplecnn_C0_seed512,cifar10_simplecnn,C0,512,310,8,"[2, 3, 4, 5]",2.2447458881914248,211
cifar10_simplecnn_C0_seed512,cifar10_simplecnn,C0,512,310,9,"[2, 1, 4, 5]",2.2411391971574703,59
cifar10_simplecnn_C0_seed512,cifar10_simplecnn,C0,512,310,10,"[0, 4, 2, 5]",2.2408224388012359,496
cifar10_simplecnn_C0_seed513,cifar10_simplecnn,C0,513,298,1,"[0, 3, 4, 5]",2.2624168503439415,30
cifar10_simplecnn_C0_seed513,cifar10_simplecnn,C0,513,298,2,"[0, 1, 4, 5]",2.2619319074889672,245
cifar10_simplecnn_C0_seed513,cifar10_simplecnn,C0,513,298,3,"[0, 2, 4, 5]",2.2610029167311962,10
cifar10_simplecnn_C0_seed513,cifar10_simplecnn,C0,513,298,4,"[1, 3, 4, 5]",2.2602142775298759,322
cifar10_simplecnn_C0_seed513,cifar10_simplecnn,C0,513,298,5,"[0, 4, 3, 5]",2.2534956537097974,311
cifar10_simplecnn_C0_seed513,cifar10_simplecnn,C0,513,298,6,"[1, 0, 4, 5]",2.252853954985222,32
cifar10_simplecnn_C0_seed513,cifar10_simplecnn,C0,513,298,7,"[0, 2, 3, 5]",2.2498889626758434,21
cifar10_simplecnn_C0_seed513,cifar10_simplecnn,C0,513,298,8,"[0, 1, 3, 5]",2.2476962052546341,229
cifar10_simplecnn_C0_seed513,cifar10_simplecnn,C0,513,298,9,"[1, 2, 3, 5]",2.2476863898617774,359
cifar10_simplecnn_C0_seed513,cifar10_simplecnn,C0,513,298,10,"[1, 4, 3, 5]",2.2473908956720066,380
cifar10_simplecnn_C0_seed514,cifar10_simplecnn,C0,514,294,1,"[0, 3, 4, 5]",2.2624168503439415,236
cifar10_simplecnn_C0_seed514,cifar10_simplecnn,C0,514,294,2,"[0, 1, 4, 5]",2.2619319074889672,299
cifar10_simplecnn_C0_seed514,cifar10_simplecnn,C0,514,294,3,"[0, 2, 4, 5]",2.2610029167311962,241
cifar10_simplecnn_C0_seed514,cifar10_simplecnn,C0,514,294,4,"[1, 3, 4, 5]",2.2602142775298759,293
cifar10_simplecnn_C0_seed514,cifar10_simplecnn,C0,514,294,5,"[1, 2, 4, 5]",2.25567859573815,105
cifar10_simplecnn_C0_seed514,cifar10_simplecnn,C0,514,294,6,"[1, 0, 4, 5]",2.252853954985222,124
cifar10_simplecnn_C0_seed514,cifar10_simplecnn,C0,514,294,7,"[0, 2, 3, 5]",2.2498889626758434,327
cifar10_simplecnn_C0_seed514,cifar10_simplecnn,C0,514,294,8,"[0, 1, 3, 5]",2.2476962052546341,233
cifar10_simplecnn_C0_seed514,cifar10_simplecnn,C0,514,294,9,"[1, 2, 3, 5]",2.2476863898617774,209
cifar10_simplecnn_C0_seed514,cifar10_simplecnn,C0,514,294,10,"[1, 4, 3, 5]",2.2473908956720066,111
cifar10_simplecnn_C0_seed515,cifar10_simplecnn,C0,515,285,1,"[0, 3, 4, 5]",2.2624168503439415,234
cifar10_simplecnn_C0_seed515,cifar10_simplecnn,C0,515,285,2,"[0, 1, 4, 5]",2.2619319074889672,324
cifar10_simplecnn_C0_seed515,cifar10_simplecnn,C0,515,285,3,"[0, 2, 4, 5]",2.2610029167311962,482
cifar10_simplecnn_C0_seed515,cifar10_simplecnn,C0,515,285,4,"[1, 3, 4, 5]",2.2602142775298759,63
cifar10_simplecnn_C0_seed515,cifar10_simplecnn,C0,515,285,5,"[1, 2, 4, 5]",2.25567859573815,360
cifar10_simplecnn_C0_seed515,cifar10_simplecnn,C0,515,285,6,"[0, 4, 3, 5]",2.2534956537097974,178
cifar10_simplecnn_C0_seed515,cifar10_simplecnn,C0,515,285,7,"[1, 0, 4, 5]",2.252853954985222,236
cifar10_simplecnn_C0_seed515,cifar10_simplecnn,C0,515,285,8,"[0, 2, 3, 5]",2.2498889626758434,32
cifar10_simplecnn_C0_seed515,cifar10_simplecnn,C0,515,285,9,"[0, 1, 3, 5]",2.2476962052546341,244
cifar10_simplecnn_C0_seed515,cifar10_simplecnn,C0,515,285,10,"[1, 2, 3, 5]",2.2476863898617774,384
cifar10_simplecnn_C0_seed516,cifar10_simplecnn,C0,516,247,1,"[0, 3, 4, 5]",2.2624168503439415,216
cifar10_simplecnn_C0_seed516,cifar10_simplecnn,C0,516,247,2,"[0, 1, 4, 5]",2.2619319074889672,226
cifar10_simplecnn_C0_seed516,cifar10_simplecnn,C0,516,247,3,"[1, 2, 4, 5]",2.25567859573815,244
cifar10_simplecnn_C0_seed516,cifar10_simplecnn,C0,516,247,4,"[1, 0, 4, 5]",2.252853954985222,283
cifar10_simplecnn_C0_seed516,cifar10_simplecnn,C0,516,247,5,"[1, 2, 3, 5]",2.2476863898617774,415
cifar10_simplecnn_C0_seed516,cifar10_simplecnn,C0,516,247,6,"[0, 3, 2, 5]",2.2448731777379871,397
cifar10_simplecnn_C0_seed516,cifar10_simplecnn,C0,516,247,7,"[2, 3, 4, 5]",2.2447458881914248,61
cifar10_simplecnn_C0_seed516,cifar10_simplecnn,C0,516,247,8,"[0, 4, 2, 5]",2.2408224388012359,247
cifar10_simplecnn_C0_seed516,cifar10_simplecnn,C0,516,247,9,"[1, 0, 3, 5]",2.2401791268403786,126
cifar10_simplecnn_C0_seed516,cifar10_simplecnn,C0,516,247,10,"[0, 1, 2, 5]",2.2358034273908172,93
cifar10_simplecnn_C0_seed517,cifar10_simplecnn,C0,517,296,1,"[0, 1, 4, 5]",2.2619319074889672,288
cifar10_simplecnn_C0_seed517,cifar10_simplecnn,C0,517,296,2,"[0, 2, 4, 5]",2.2610029167311962,241
cifar10_simplecnn_C0_seed517,cifar10_simplecnn,C0,517,296,3,"[1, 3, 4, 5]",2.2602142775298759,406
cifar10_simplecnn_C0_seed517,cifar10_simplecnn,C0,517,296,4,"[0, 4, 3, 5]",2.2534956537097974,223
cifar10_simplecnn_C0_seed517,cifar10_simplecnn,C0,517,296,5,"[1, 0, 4, 5]",2.252853954985222,295
cifar10_simplecnn_C0_seed517,cifar10_simplecnn,C0,517,296,6,"[0, 2, 3, 5]",2.2498889626758434,323
cifar10_simplecnn_C0_seed517,cifar10_simplecnn,C0,517,296,7,"[0, 1, 3, 5]",2.2476962052546341,201
cifar10_simplecnn_C0_seed517,cifar10_simplecnn,C0,517,296,8,"[1, 2, 3, 5]",2.2476863898617774,305
cifar10_simplecnn_C0_seed517,cifar10_simplecnn,C0,517,296,9,"[1, 4, 3, 5]",2.2473908956720066,141
cifar10_simplecnn_C0_seed517,cifar10_simplecnn,C0,517,296,10,"[0, 3, 2, 5]",2.2448731777379871,469
cifar10_simplecnn_C0_seed518,cifar10_simplecnn,C0,518,269,1,"[0, 3, 4, 5]",2.2624168503439415,6
cifar10_simplecnn_C0_seed518,cifar10_simplecnn,C0,518,269,2,"[0, 1, 4, 5]",2.2619319074889672,329
cifar10_simplecnn_C0_seed518,cifar10_simplecnn,C0,518,269,3,"[0, 2, 4, 5]",2.2610029167311962,160
cifar10_simplecnn_C0_seed518,cifar10_simplecnn,C0,518,269,4,"[1, 3, 4, 5]",2.2602142775298759,252
cifar10_simplecnn_C0_seed518,cifar10_simplecnn,C0,518,269,5,"[1, 2, 4, 5]",2.25567859573815,137
cifar10_simplecnn_C0_seed518,cifar10_simplecnn,C0,518,269,6,"[0, 4, 3, 5]",2.2534956537097974,234
cifar10_simplecnn_C0_seed518,cifar10_simplecnn,C0,518,269,7,"[1, 0, 4, 5]",2.252853954985222,212
cifar10_simplecnn_C0_seed518,cifar10_simplecnn,C0,518,269,8,"[0, 2, 3, 5]",2.2498889626758434,355
cifar10_simplecnn_C0_seed518,cifar10_simplecnn,C0,518,269,9,"[0, 1, 3, 5]",2.2476962052546341,333
cifar10_simplecnn_C0_seed518,cifar10_simplecnn,C0,518,269,10,"[1, 2, 3, 5]",2.2476863898617774,277
cifar10_simplecnn_C0_seed519,cifar10_simplecnn,C0,519,323,1,"[0, 3, 4, 5]",2.2624168503439415,340
cifar10_simplecnn_C0_seed519,cifar10_simplecnn,C0,519,323,2,"[0, 1, 4, 5]",2.2619319074889672,47
cifar10_simplecnn_C0_seed519,cifar10_simplecnn,C0,519,323,3,"[0, 2, 4, 5]",2.2610029167311962,90
cifar10_simplecnn_C0_seed519,cifar10_simplecnn,C0,519,323,4,"[0, 4, 3, 5]",2.2534956537097974,275
cifar10_simplecnn_C0_seed519,cifar10_simplecnn,C0,519,323,5,"[1, 0, 4, 5]",2.252853954985222,271
cifar10_simplecnn_C0_seed519,cifar10_simplecnn,C0,519,323,6,"[0, 2, 3, 5]",2.2498889626758434,477
cifar10_simplecnn_C0_seed519,cifar10_simplecnn,C0,519,323,7,"[0, 1, 3, 5]",2.2476962052546341,374
cifar10_simplecnn_C0_seed519,cifar10_simplecnn,C0,519,323,8,"[1, 2, 3, 5]",2.2476863898617774,387
cifar10_simplecnn_C0_seed519,cifar10_simplecnn,C0,519,323,9,"[1, 4, 3, 5]",2.2473908956720066,235
cifar10_simplecnn_C0_seed519,cifar10_simplecnn,C0,519,323,10,"[2, 3, 4, 5]",2.2447458881914248,105
cifar10_simplecnn_C1_seed500,cifar10_simplecnn,C1,500,205,1,"[0, 4, 5, 5]",1.6006668603087391,112
cifar10_simplecnn_C1_seed500,cifar10_simplecnn,C1,500,205,2,"[1, 2, 2, 5]",1.5473232686056606,497
cifar10_simplecnn_C1_seed500,cifar10_simplecnn,C1,500,205,3,"[2, 2, 1, 5]",1.5354963882711701,179
cifar10_simplecnn_C1_seed500,cifar10_simplecnn,C1,500,205,4,"[2, 1, 1, 5]",1.5325492083733738,36
cifar10_simplecnn_C1_seed500,cifar10_simplecnn,C1,500,205,5,"[1, 0, 0, 5]",1.5176037062144507,88
cifar10_simplecnn_C1_seed500,cifar10_simplecnn,C1,500,205,6,"[0, 3, 5, 4]",1.4285589504537903,28
cifar10_simplecnn_C1_seed500,cifar10_simplecnn,C1,500,205,7,"[0, 4, 4, 4]",1.4077589714604435,70
cifar10_simplecnn_C1_seed500,cifar10_simplecnn,C1,500,205,8,"[2, 2, 4, 4]",1.4019912038098723,225
cifar10_simplecnn_C1_seed500,cifar10_simplecnn,C1,500,205,9,"[1, 2, 4, 4]",1.4019445046987915,91
cifar10_simplecnn_C1_seed500,cifar10_simplecnn,C1,500,205,10,"[0, 2, 4, 4]",1.4018421867740436,249
cifar10_simplecnn_C1_seed501,cifar10_simplecnn,C1,501,233,1,"[1, 3, 5, 5]",1.5978011866811643,22
cifar10_simplecnn_C1_seed501,cifar10_simplecnn,C1,501,233,2,"[0, 5, 4, 5]",1.5827048000269237,118
cifar10_simplecnn_C1_seed501,cifar10_simplecnn,C1,501,233,3,"[2, 1, 4, 5]",1.5681943480419656,138
cifar10_simplecnn_C1_seed501,cifar10_simplecnn,C1,501,233,4,"[1, 1, 4, 5]",1.5681476489308845,44
cifar10_simplecnn_C1_seed501,cifar10_simplecnn,C1,501,233,5,"[0, 0, 4, 5]",1.5650981511083406,83
cifar10_simplecnn_C1_seed501,cifar10_simplecnn,C1,501,233,6,"[1, 3, 3, 5]",1.5621648396035548,12
cifar10_simplecnn_C1_seed501,cifar10_simplecnn,C1,501,233,7,"[1, 4, 1, 5]",1.5413300534510672,33
cifar10_simplecnn_C1_seed501,cifar10_simplecnn,C1,501,233,8,"[2, 1, 1, 5]",1.5325492083733738,9
cifar10_simplecnn_C1_seed501,cifar10_simplecnn,C1,501,233,9,"[0, 1, 1, 5]",1.5323637709421236,188
cifar10_simplecnn_C1_seed501,cifar10_simplecnn,C1,501,233,10,"[1, 0, 1, 5]",1.5295033002281806,3
cifar10_simplecnn_C1_seed502,cifar10_simplecnn,C1,502,160,1,"[1, 3, 4, 5]",1.5740904481854425,3
cifar10_simplecnn_C1_seed502,cifar10_simplecnn,C1,502,160,2,"[2, 2, 4, 5]",1.571151933767025,11
cifar10_simplecnn_C1_seed502,cifar10_simplecnn,C1,502,160,3,"[0, 2, 4, 5]",1.5710029167311961,54
cifar10_simplecnn_C1_seed502,cifar10_simplecnn,C1,502,160,4,"[1, 4, 2, 5]",1.5532556620329552,55
cifar10_simplecnn_C1_seed502,cifar10_simplecnn,C1,502,160,5,"[2, 3, 2, 5]",1.5503603841598717,115
cifar10_simplecnn_C1_seed502,cifar10_simplecnn,C1,502,160,6,"[1, 3, 2, 5]",1.5503292937896858,67
cifar10_simplecnn_C1_seed502,cifar10_simplecnn,C1,502,160,7,"[2, 2, 2, 5]",1.5473855764576363,138
cifar10_simplecnn_C1_seed502,cifar10_simplecnn,C1,502,160,8,"[1, 2, 2, 5]",1.5473232686056606,120
cifar10_simplecnn_C1_seed502,cifar10_simplecnn,C1,502,160,9,"[0, 1, 1, 5]",1.5323637709421236,87
cifar10_simplecnn_C1_seed502,cifar10_simplecnn,C1,502,160,10,"[0, 3, 4, 4]",1.4048274003035421,28
cifar10_simplecnn_C1_seed503,cifar10_simplecnn,C1,503,257,1,"[0, 5, 4, 5]",1.5827048000269237,48
cifar10_simplecnn_C1_seed503,cifar10_simplecnn,C1,503,257,2,"[1, 4, 4, 5]",1.5770116135150805,39
cifar10_simplecnn_C1_seed503,cifar10_simplecnn,C1,503,257,3,"[2, 3, 4, 5]",1.5741267414692603,22
cifar10_simplecnn_C1_seed503,cifar10_simplecnn,C1,503,257,4,"[0, 2, 4, 5]",1.5710029167311961,27
cifar10_simplecnn_C1_seed503,cifar10_simplecnn,C1,503,257,5,"[2, 1, 3, 5]",1.5562791452873412,121
cifar10_simplecnn_C1_seed503,cifar10_simplecnn,C1,503,257,6,"[0, 3, 2, 5]",1.5502217729513059,84
cifar10_simplecnn_C1_seed503,cifar10_simplecnn,C1,503,257,7,"[2, 1, 2, 5]",1.5444227878189452,17
cifar10_simplecnn_C1_seed503,cifar10_simplecnn,C1,503,257,8,"[2, 4, 1, 5]",1.5413975642166748,15
cifar10_simplecnn_C1_seed503,cifar10_simplecnn,C1,503,257,9,"[0, 0, 2, 5]",1.5412901704898991,207
cifar10_simplecnn_C1_seed503,cifar10_simplecnn,C1,503,257,10,"[0, 2, 1, 5]",1.5353369654080777,5
cifar10_simplecnn_C1_seed504,cifar10_simplecnn,C1,504,244,1,"[1, 1, 4, 5]",1.5681476489308845,40
cifar10_simplecnn_C1_seed504,cifar10_simplecnn,C1,504,244,2,"[0, 0, 4, 5]",1.5650981511083406,123
cifar10_simplecnn_C1_seed504,cifar10_simplecnn,C1,504,244,3,"[1, 0, 2, 5]",1.5413768796737519,96
cifar10_simplecnn_C1_seed504,cifar10_simplecnn,C1,504,244,4,"[1, 4, 1, 5]",1.5413300534510672,133
cifar10_simplecnn_C1_seed504,cifar10_simplecnn,C1,504,244,5,"[1, 3, 1, 5]",1.5384401056032191,20
cifar10_simplecnn_C1_seed504,cifar10_simplecnn,C1,504,244,6,"[0, 2, 1, 5]",1.5353369654080777,9
cifar10_simplecnn_C1_seed504,cifar10_simplecnn,C1,504,244,7,"[2, 1, 1, 5]",1.5325492083733738,38
cifar10_simplecnn_C1_seed504,cifar10_simplecnn,C1,504,244,8,"[0, 4, 0, 5]",1.5293697648216427,12
cifar10_simplecnn_C1_seed504,cifar10_simplecnn,C1,504,244,9,"[2, 2, 0, 5]",1.5236072000847034,506
cifar10_simplecnn_C1_seed504,cifar10_simplecnn,C1,504,244,10,"[2, 1, 0, 5]",1.5206548172732759,120
cifar10_simplecnn_C1_seed505,cifar10_simplecnn,C1,505,212,1,"[0, 0, 5, 5]",1.5888140925176939,29
cifar10_simplecnn_C1_seed505,cifar10_simplecnn,C1,505,212,2,"[1, 4, 4, 5]",1.5770116135150805,4
cifar10_simplecnn_C1_seed505,cifar10_simplecnn,C1,505,212,3,"[0, 2, 4, 5]",1.5710029167311961,488
cifar10_simplecnn_C1_seed505,cifar10_simplecnn,C1,505,212,4,"[0, 0, 4, 5]",1.5650981511083406,92
cifar10_simplecnn_C1_seed505,cifar10_simplecnn,C1,505,212,5,"[0, 3, 3, 5]",1.5620625216788069,113
cifar10_simplecnn_C1_seed505,cifar10_simplecnn,C1,505,212,6,"[1, 2, 3, 5]",1.5592368581240041,22
cifar10_simplecnn_C1_seed505,cifar10_simplecnn,C1,505,212,7,"[0, 1, 3, 5]",1.556145736992407,30
cifar10_simplecnn_C1_seed505,cifar10_simplecnn,C1,505,212,8,"[0, 0, 3, 5]",1.5531881512673475,7
cifar10_simplecnn_C1_seed505,cifar10_simplecnn,C1,505,212,9,"[0, 2, 2, 5]",1.5472261535945442,370
cifar10_simplecnn_C1_seed505,cifar10_simplecnn,C1,505,212,10,"[2, 0, 2, 5]",1.5414391875257278,116
cifar10_simplecnn_C1_seed506,cifar10_simplecnn,C1,506,273,1,"[0, 3, 5, 5]",1.5977300862382062,10
cifar10_simplecnn_C1_seed506,cifar10_simplecnn,C1,506,273,2,"[0, 1, 4, 5]",1.5680557368333998,148
cifar10_simplecnn_C1_seed506,cifar10_simplecnn,C1,506,273,3,"[1, 3, 3, 5]",1.5621648396035548,95
cifar10_simplecnn_C1_seed506,cifar10_simplecnn,C1,506,273,4,"[1, 1, 3, 5]",1.5562532578307864,74
cifar10_simplecnn_C1_seed506,cifar10_simplecnn,C1,506,273,5,"[0, 2, 2, 5]",1.5472261535945442,472
cifar10_simplecnn_C1_seed506,cifar10_simplecnn,C1,506,273,6,"[1, 3, 1, 5]",1.5384401056032191,49
cifar10_simplecnn_C1_seed506,cifar10_simplecnn,C1,506,273,7,"[0, 3, 1, 5]",1.5383221789375763,103
cifar10_simplecnn_C1_seed506,cifar10_simplecnn,C1,506,273,8,"[2, 2, 1, 5]",1.5354963882711701,61
cifar10_simplecnn_C1_seed506,cifar10_simplecnn,C1,506,273,9,"[2, 0, 1, 5]",1.5295552022528929,59
cifar10_simplecnn_C1_seed506,cifar10_simplecnn,C1,506,273,10,"[1, 4, 5, 4]",1.4316084482763345,22
cifar10_simplecnn_C1_seed507,cifar10_simplecnn,C1,507,275,1,"[1, 4, 5, 5]",1.6007847869743819,59
cifar10_simplecnn_C1_seed507,cifar10_simplecnn,C1,507,275,2,"[1, 2, 5, 5]",1.594826378978929,55
cifar10_simplecnn_C1_seed507,cifar10_simplecnn,C1,507,275,3,"[0, 2, 5, 5]",1.5947292639678128,6
cifar10_simplecnn_C1_seed507,cifar10_simplecnn,C1,507,275,4,"[1, 1, 5, 5]",1.5918115612039214,44
cifar10_simplecnn_C1_seed507,cifar10_simplecnn,C1,507,275,5,"[0, 4, 4, 5]",1.5769301072448592,33
cifar10_simplecnn_C1_seed507,cifar10_simplecnn,C1,507,275,6,"[1, 2, 4, 5]",1.571105234655944,142
cifar10_simplecnn_C1_seed507,cifar10_simplecnn,C1,507,275,7,"[0, 0, 4, 5]",1.5650981511083406,12
cifar10_simplecnn_C1_seed507,cifar10_simplecnn,C1,507,275,8,"[1, 2, 3, 5]",1.5592368581240041,14
cifar10_simplecnn_C1_seed507,cifar10_simplecnn,C1,507,275,9,"[2, 1, 3, 5]",1.5562791452873412,10
cifar10_simplecnn_C1_seed507,cifar10_simplecnn,C1,507,275,10,"[1, 0, 3, 5]",1.5532800633648323,51
cifar10_simplecnn_C1_seed508,cifar10_simplecnn,C1,508,178,1,"[0, 3, 5, 5]",1.5977300862382062,10
cifar10_simplecnn_C1_seed508,cifar10_simplecnn,C1,508,178,2,"[1, 0, 4, 5]",1.5651796573785621,60
cifar10_simplecnn_C1_seed508,cifar10_simplecnn,C1,508,178,3,"[2, 2, 1, 5]",1.5354963882711701,433
cifar10_simplecnn_C1_seed508,cifar10_simplecnn,C1,508,178,4,"[2, 1, 1, 5]",1.5325492083733738,91
cifar10_simplecnn_C1_seed508,cifar10_simplecnn,C1,508,178,5,"[1, 1, 1, 5]",1.5324504801259766,205
cifar10_simplecnn_C1_seed508,cifar10_simplecnn,C1,508,178,6,"[0, 1, 1, 5]",1.5323637709421236,218
cifar10_simplecnn_C1_seed508,cifar10_simplecnn,C1,508,178,7,"[0, 1, 0, 5]",1.5204901914965521,102
cifar10_simplecnn_C1_seed508,cifar10_simplecnn,C1,508,178,8,"[1, 4, 5, 4]",1.4316084482763345,30
cifar10_simplecnn_C1_seed508,cifar10_simplecnn,C1,508,178,9,"[2, 3, 4, 4]",1.4049451998575813,3
cifar10_simplecnn_C1_seed508,cifar10_simplecnn,C1,508,178,10,"[1, 1, 4, 4]",1.3989921218873638,34
cifar10_simplecnn_C1_seed509,cifar10_simplecnn,C1,509,262,1,"[1, 0, 5, 5]",1.5889112075288103,92
cifar10_simplecnn_C1_seed509,cifar10_simplecnn,C1,509,262,2,"[1, 1, 3, 5]",1.5562532578307864,64
cifar10_simplecnn_C1_seed509,cifar10_simplecnn,C1,509,262,3,"[0, 0, 3, 5]",1.5531881512673475,25
cifar10_simplecnn_C1_seed509,cifar10_simplecnn,C1,509,262,4,"[2, 2, 2, 5]",1.5473855764576363,245
cifar10_simplecnn_C1_seed509,cifar10_simplecnn,C1,509,262,5,"[0, 2, 2, 5]",1.5472261535945442,294
cifar10_simplecnn_C1_seed509,cifar10_simplecnn,C1,509,262,6,"[0, 0, 2, 5]",1.5412901704898991,98
cifar10_simplecnn_C1_seed509,cifar10_simplecnn,C1,509,262,7,"[0, 4, 0, 5]",1.5293697648216427,47
cifar10_simplecnn_C1_seed509,cifar10_simplecnn,C1,509,262,8,"[1, 3, 5, 4]",1.4286404567240119,12
cifar10_simplecnn_C1_seed509,cifar10_simplecnn,C1,509,262,9,"[0, 3, 5, 4]",1.4285589504537903,17
cifar10_simplecnn_C1_seed509,cifar10_simplecnn,C1,509,262,10,"[0, 4, 4, 4]",1.4077589714604435,39
cifar10_simplecnn_C1_seed510,cifar10_simplecnn,C1,510,240,1,"[1, 2, 5, 5]",1.594826378978929,388
cifar10_simplecnn_C1_seed510,cifar10_simplecnn,C1,510,240,2,"[0, 2, 5, 5]",1.5947292639678128,42
cifar10_simplecnn_C1_seed510,cifar10_simplecnn,C1,510,240,3,"[1, 1, 5, 5]",1.5918115612039214,46
cifar10_simplecnn_C1_seed510,cifar10_simplecnn,C1,510,240,4,"[0, 4, 4, 5]",1.5769301072448592,128
cifar10_simplecnn_C1_seed510,cifar10_simplecnn,C1,510,240,5,"[2, 3, 4, 5]",1.5741267414692603,11
cifar10_simplecnn_C1_seed510,cifar10_simplecnn,C1,510,240,6,"[0, 0, 4, 5]",1.5650981511083406,15
cifar10_simplecnn_C1_seed510,cifar10_simplecnn,C1,510,240,7,"[2, 3, 3, 5]",1.5621959299737407,41
cifar10_simplecnn_C1_seed510,cifar10_simplecnn,C1,510,240,8,"[1, 3, 3, 5]",1.5621648396035548,25
cifar10_simplecnn_C1_seed510,cifar10_simplecnn,C1,510,240,9,"[1, 0, 3, 5]",1.5532800633648323,67
cifar10_simplecnn_C1_seed510,cifar10_simplecnn,C1,510,240,10,"[1, 3, 2, 5]",1.5503292937896858,91
cifar10_simplecnn_C1_seed511,cifar10_simplecnn,C1,511,278,1,"[1, 3, 5, 5]",1.5978011866811643,5
cifar10_simplecnn_C1_seed511,cifar10_simplecnn,C1,511,278,2,"[2, 1, 2, 5]",1.5444227878189452,315
cifar10_simplecnn_C1_seed511,cifar10_simplecnn,C1,511,278,3,"[0, 3, 0, 5]",1.5264277878374783,76
cifar10_simplecnn_C1_seed511,cifar10_simplecnn,C1,511,278,4,"[0, 2, 0, 5]",1.523452980135243,139
cifar10_simplecnn_C1_seed511,cifar10_simplecnn,C1,511,278,5,"[1, 1, 0, 5]",1.5205769006804049,232
cifar10_simplecnn_C1_seed511,cifar10_simplecnn,C1,511,278,6,"[0, 1, 0, 5]",1.5204901914965521,13
cifar10_simplecnn_C1_seed511,cifar10_simplecnn,C1,511,278,7,"[1, 2, 4, 4]",1.4019445046987915,291
cifar10_simplecnn_C1_seed511,cifar10_simplecnn,C1,511,278,8,"[0, 3, 3, 4]",1.3929174004625491,4
cifar10_simplecnn_C1_seed511,cifar10_simplecnn,C1,511,278,9,"[2, 2, 3, 4]",1.3901072185370378,247
cifar10_simplecnn_C1_seed511,cifar10_simplecnn,C1,511,278,10,"[0, 0, 3, 4]",1.3840170154829319,158
cifar10_simplecnn_C1_seed512,cifar10_simplecnn,C1,512,224,1,"[1, 2, 4, 5]",1.571105234655944,24
cifar10_simplecnn_C1_seed512,cifar10_simplecnn,C1,512,224,2,"[2, 0, 4, 5]",1.5652003419214848,59
cifar10_simplecnn_C1_seed512,cifar10_simplecnn,C1,512,224,3,"[2, 2, 3, 5]",1.5592575426669268,42
cifar10_simplecnn_C1_seed512,cifar10_simplecnn,C1,512,224,4,"[2, 0, 3, 5]",1.5533215595622818,34
cifar10_simplecnn_C1_seed512,cifar10_simplecnn,C1,512,224,5,"[1, 4, 2, 5]",1.5532556620329552,20
cifar10_simplecnn_C1_seed512,cifar10_simplecnn,C1,512,224,6,"[0, 3, 2, 5]",1.5502217729513059,43
cifar10_simplecnn_C1_seed512,cifar10_simplecnn,C1,512,224,7,"[0, 2, 2, 5]",1.5472261535945442,502
cifar10_simplecnn_C1_seed512,cifar10_simplecnn,C1,512,224,8,"[0, 0, 2, 5]",1.5412901704898991,175
cifar10_simplecnn_C1_seed512,cifar10_simplecnn,C1,512,224,9,"[1, 2, 1, 5]",1.5354340804191942,144
cifar10_simplecnn_C1_seed512,cifar10_simplecnn,C1,512,224,10,"[0, 0, 1, 5]",1.5293801706489061,311
cifar10_simplecnn_C1_seed513,cifar10_simplecnn,C1,513,219,1,"[1, 1, 5, 5]",1.5918115612039214,26
cifar10_simplecnn_C1_seed513,cifar10_simplecnn,C1,513,219,2,"[1, 0, 5, 5]",1.5889112075288103,71
cifar10_simplecnn_C1_seed513,cifar10_simplecnn,C1,513,219,3,"[0, 3, 4, 5]",1.5739673186061682,30
cifar10_simplecnn_C1_seed513,cifar10_simplecnn,C1,513,219,4,"[2, 2, 4, 5]",1.571151933767025,290
cifar10_simplecnn_C1_seed513,cifar10_simplecnn,C1,513,219,5,"[0, 2, 4, 5]",1.5710029167311961,10
cifar10_simplecnn_C1_seed513,cifar10_simplecnn,C1,513,219,6,"[2, 1, 4, 5]",1.5681943480419656,356
cifar10_simplecnn_C1_seed513,cifar10_simplecnn,C1,513,219,7,"[1, 0, 4, 5]",1.5651796573785621,32
cifar10_simplecnn_C1_seed513,cifar10_simplecnn,C1,513,219,8,"[1, 2, 3, 5]",1.5592368581240041,172
cifar10_simplecnn_C1_seed513,cifar10_simplecnn,C1,513,219,9,"[0, 2, 3, 5]",1.5591137285447298,21
cifar10_simplecnn_C1_seed513,cifar10_simplecnn,C1,513,219,10,"[2, 0, 3, 5]",1.5533215595622818,58
cifar10_simplecnn_C1_seed514,cifar10_simplecnn,C1,514,202,1,"[2, 1, 4, 5]",1.5681943480419656,37
cifar10_simplecnn_C1_seed514,cifar10_simplecnn,C1,514,202,2,"[1, 4, 3, 5]",1.5651432369831406,20
cifar10_simplecnn_C1_seed514,cifar10_simplecnn,C1,514,202,3,"[1, 3, 3, 5]",1.5621648396035548,34
cifar10_simplecnn_C1_seed514,cifar10_simplecnn,C1,514,202,4,"[2, 0, 3, 5]",1.5533215595622818,110
cifar10_simplecnn_C1_seed514,cifar10_simplecnn,C1,514,202,5,"[1, 1, 2, 5]",1.5443292624851797,64
cifar10_simplecnn_C1_seed514,cifar10_simplecnn,C1,514,202,6,"[0, 1, 2, 5]",1.5442529591285901,137
cifar10_simplecnn_C1_seed514,cifar10_simplecnn,C1,514,202,7,"[1, 4, 1, 5]",1.5413300534510672,412
cifar10_simplecnn_C1_seed514,cifar10_simplecnn,C1,514,202,8,"[1, 1, 1, 5]",1.5324504801259766,140
cifar10_simplecnn_C1_seed514,cifar10_simplecnn,C1,514,202,9,"[2, 0, 1, 5]",1.5295552022528929,177
cifar10_simplecnn_C1_seed514,cifar10_simplecnn,C1,514,202,10,"[1, 0, 0, 5]",1.5176037062144507,155
cifar10_simplecnn_C1_seed515,cifar10_simplecnn,C1,515,257,1,"[1, 0, 5, 5]",1.5889112075288103,85
cifar10_simplecnn_C1_seed515,cifar10_simplecnn,C1,515,257,2,"[1, 3, 4, 5]",1.5740904481854425,63
cifar10_simplecnn_C1_seed515,cifar10_simplecnn,C1,515,257,3,"[1, 2, 4, 5]",1.571105234655944,360
cifar10_simplecnn_C1_seed515,cifar10_simplecnn,C1,515,257,4,"[1, 1, 4, 5]",1.5681476489308845,99
cifar10_simplecnn_C1_seed515,cifar10_simplecnn,C1,515,257,5,"[0, 1, 4, 5]",1.5680557368333998,433
cifar10_simplecnn_C1_seed515,cifar10_simplecnn,C1,515,257,6,"[2, 0, 4, 5]",1.5652003419214848,10
cifar10_simplecnn_C1_seed515,cifar10_simplecnn,C1,515,257,7,"[2, 1, 3, 5]",1.5562791452873412,345
cifar10_simplecnn_C1_seed515,cifar10_simplecnn,C1,515,257,8,"[2, 0, 3, 5]",1.5533215595622818,16
cifar10_simplecnn_C1_seed515,cifar10_simplecnn,C1,515,257,9,"[1, 2, 2, 5]",1.5473232686056606,474
cifar10_simplecnn_C1_seed515,cifar10_simplecnn,C1,515,257,10,"[0, 2, 2, 5]",1.5472261535945442,454
cifar10_simplecnn_C1_seed516,cifar10_simplecnn,C1,516,218,1,"[1, 1, 5, 5]",1.5918115612039214,26
cifar10_simplecnn_C1_seed516,cifar10_simplecnn,C1,516,218,2,"[0, 0, 3, 5]",1.5531881512673475,56
cifar10_simplecnn_C1_seed516,cifar10_simplecnn,C1,516,218,3,"[1, 2, 2, 5]",1.5473232686056606,146
cifar10_simplecnn_C1_seed516,cifar10_simplecnn,C1,516,218,4,"[1, 4, 1, 5]",1.5413300534510672,29
cifar10_simplecnn_C1_seed516,cifar10_simplecnn,C1,516,218,5,"[0, 0, 2, 5]",1.5412901704898991,19
cifar10_simplecnn_C1_seed516,cifar10_simplecnn,C1,516,218,6,"[2, 3, 1, 5]",1.5384659930597737,75
cifar10_simplecnn_C1_seed516,cifar10_simplecnn,C1,516,218,7,"[0, 2, 1, 5]",1.5353369654080777,1
cifar10_simplecnn_C1_seed516,cifar10_simplecnn,C1,516,218,8,"[2, 1, 0, 5]",1.5206548172732759,41
cifar10_simplecnn_C1_seed516,cifar10_simplecnn,C1,516,218,9,"[0, 0, 0, 5]",1.5174961853760711,160
cifar10_simplecnn_C1_seed516,cifar10_simplecnn,C1,516,218,10,"[2, 1, 4, 4]",1.399007603516655,48
cifar10_simplecnn_C1_seed517,cifar10_simplecnn,C1,517,218,1,"[1, 1, 2, 5]",1.5443292624851797,112
cifar10_simplecnn_C1_seed517,cifar10_simplecnn,C1,517,218,2,"[1, 4, 1, 5]",1.5413300534510672,163
cifar10_simplecnn_C1_seed517,cifar10_simplecnn,C1,517,218,3,"[0, 3, 1, 5]",1.5383221789375763,154
cifar10_simplecnn_C1_seed517,cifar10_simplecnn,C1,517,218,4,"[2, 1, 1, 5]",1.5325492083733738,85
cifar10_simplecnn_C1_seed517,cifar10_simplecnn,C1,517,218,5,"[1, 1, 1, 5]",1.5324504801259766,148
cifar10_simplecnn_C1_seed517,cifar10_simplecnn,C1,517,218,6,"[1, 0, 0, 5]",1.5176037062144507,34
cifar10_simplecnn_C1_seed517,cifar10_simplecnn,C1,517,218,7,"[0, 3, 5, 4]",1.4285589504537903,18
cifar10_simplecnn_C1_seed517,cifar10_simplecnn,C1,517,218,8,"[0, 4, 4, 4]",1.4077589714604435,58
cifar10_simplecnn_C1_seed517,cifar10_simplecnn,C1,517,218,9,"[0, 3, 4, 4]",1.4048274003035421,19
cifar10_simplecnn_C1_seed517,cifar10_simplecnn,C1,517,218,10,"[0, 2, 4, 4]",1.4018421867740436,79
cifar10_simplecnn_C1_seed518,cifar10_simplecnn,C1,518,192,1,"[0, 3, 4, 5]",1.5739673186061682,6
cifar10_simplecnn_C1_seed518,cifar10_simplecnn,C1,518,192,2,"[1, 2, 4, 5]",1.571105234655944,137
cifar10_simplecnn_C1_seed518,cifar10_simplecnn,C1,518,192,3,"[1, 4, 3, 5]",1.5651432369831406,30
cifar10_simplecnn_C1_seed518,cifar10_simplecnn,C1,518,192,4,"[1, 1, 3, 5]",1.5562532578307864,106
cifar10_simplecnn_C1_seed518,cifar10_simplecnn,C1,518,192,5,"[1, 4, 1, 5]",1.5413300534510672,141
cifar10_simplecnn_C1_seed518,cifar10_simplecnn,C1,518,192,6,"[0, 4, 1, 5]",1.5412745617490042,135
cifar10_simplecnn_C1_seed518,cifar10_simplecnn,C1,518,192,7,"[2, 3, 1, 5]",1.5384659930597737,28
cifar10_simplecnn_C1_seed518,cifar10_simplecnn,C1,518,192,8,"[1, 1, 1, 5]",1.5324504801259766,131
cifar10_simplecnn_C1_seed518,cifar10_simplecnn,C1,518,192,9,"[0, 1, 1, 5]",1.5323637709421236,68
cifar10_simplecnn_C1_seed518,cifar10_simplecnn,C1,518,192,10,"[0, 4, 0, 5]",1.5293697648216427,38
cifar10_simplecnn_C1_seed519,cifar10_simplecnn,C1,519,210,1,"[0, 2, 5, 5]",1.5947292639678128,5
cifar10_simplecnn_C1_seed519,cifar10_simplecnn,C1,519,210,2,"[0, 0, 5, 5]",1.5888140925176939,19
cifar10_simplecnn_C1_seed519,cifar10_simplecnn,C1,519,210,3,"[0, 0, 4, 5]",1.5650981511083406,63
cifar10_simplecnn_C1_seed519,cifar10_simplecnn,C1,519,210,4,"[0, 4, 3, 5]",1.5650461219720244,95
cifar10_simplecnn_C1_seed519,cifar10_simplecnn,C1,519,210,5,"[1, 0, 3, 5]",1.5532800633648323,11
cifar10_simplecnn_C1_seed519,cifar10_simplecnn,C1,519,210,6,"[2, 2, 2, 5]",1.5473855764576363,358
cifar10_simplecnn_C1_seed519,cifar10_simplecnn,C1,519,210,7,"[0, 2, 1, 5]",1.5353369654080777,503
cifar10_simplecnn_C1_seed519,cifar10_simplecnn,C1,519,210,8,"[0, 1, 1, 5]",1.5323637709421236,47
cifar10_simplecnn_C1_seed519,cifar10_simplecnn,C1,519,210,9,"[0, 2, 0, 5]",1.523452980135243,21
cifar10_simplecnn_C1_seed519,cifar10_simplecnn,C1,519,210,10,"[0, 1, 0, 5]",1.5204901914965521,245
cifar10_simplecnn_C2_seed500,cifar10_simplecnn,C2,500,144,1,"[2, 2, 2, 5]",1.5473855764576363,214
cifar10_simplecnn_C2_seed500,cifar10_simplecnn,C2,500,144,2,"[2, 1, 1, 5]",1.5325492083733738,36
cifar10_simplecnn_C2_seed500,cifar10_simplecnn,C2,500,144,3,"[2, 3, 0, 5]",1.5265507903051487,7
cifar10_simplecnn_C2_seed500,cifar10_simplecnn,C2,500,144,4,"[1, 0, 0, 5]",1.5176037062144507,88
cifar10_simplecnn_C2_seed500,cifar10_simplecnn,C2,500,144,5,"[0, 3, 5, 4]",1.4285589504537903,28
cifar10_simplecnn_C2_seed500,cifar10_simplecnn,C2,500,144,6,"[2, 2, 4, 4]",1.4019912038098723,225
cifar10_simplecnn_C2_seed500,cifar10_simplecnn,C2,500,144,7,"[2, 4, 2, 4]",1.3841416311868837,70
cifar10_simplecnn_C2_seed500,cifar10_simplecnn,C2,500,144,8,"[1, 0, 3, 4]",1.3841245363213115,11
cifar10_simplecnn_C2_seed500,cifar10_simplecnn,C2,500,144,9,"[2, 2, 2, 4]",1.3782404552413789,126
cifar10_simplecnn_C2_seed500,cifar10_simplecnn,C2,500,144,10,"[0, 2, 2, 4]",1.3780602207237602,153
cifar10_simplecnn_C2_seed501,cifar10_simplecnn,C2,501,223,1,"[0, 0, 4, 5]",1.5650981511083406,83
cifar10_simplecnn_C2_seed501,cifar10_simplecnn,C2,501,223,2,"[1, 3, 3, 5]",1.5621648396035548,12
cifar10_simplecnn_C2_seed501,cifar10_simplecnn,C2,501,223,3,"[1, 0, 2, 5]",1.5413768796737519,38
cifar10_simplecnn_C2_seed501,cifar10_simplecnn,C2,501,223,4,"[0, 2, 1, 5]",1.5353369654080777,300
cifar10_simplecnn_C2_seed501,cifar10_simplecnn,C2,501,223,5,"[1, 0, 1, 5]",1.5295033002281806,3
cifar10_simplecnn_C2_seed501,cifar10_simplecnn,C2,501,223,6,"[2, 1, 0, 5]",1.5206548172732759,123
cifar10_simplecnn_C2_seed501,cifar10_simplecnn,C2,501,223,7,"[0, 1, 0, 5]",1.5204901914965521,27
cifar10_simplecnn_C2_seed501,cifar10_simplecnn,C2,501,223,8,"[0, 0, 5, 4]",1.4196533625605416,78
cifar10_simplecnn_C2_seed501,cifar10_simplecnn,C2,501,223,9,"[1, 1, 3, 4]",1.3870769191327392,262
cifar10_simplecnn_C2_seed501,cifar10_simplecnn,C2,501,223,10,"[2, 3, 2, 4]",1.3811788425481926,106
cifar10_simplecnn_C2_seed502,cifar10_simplecnn,C2,502,215,1,"[1, 3, 4, 5]",1.5740904481854425,3
cifar10_simplecnn_C2_seed502,cifar10_simplecnn,C2,502,215,2,"[2, 2, 4, 5]",1.571151933767025,11
cifar10_simplecnn_C2_seed502,cifar10_simplecnn,C2,502,215,3,"[0, 2, 4, 5]",1.5710029167311961,54
cifar10_simplecnn_C2_seed502,cifar10_simplecnn,C2,502,215,4,"[1, 0, 4, 5]",1.5651796573785621,307
cifar10_simplecnn_C2_seed502,cifar10_simplecnn,C2,502,215,5,"[2, 3, 3, 5]",1.5621959299737407,115
cifar10_simplecnn_C2_seed502,cifar10_simplecnn,C2,502,215,6,"[1, 4, 2, 5]",1.5532556620329552,55
cifar10_simplecnn_C2_seed502,cifar10_simplecnn,C2,502,215,7,"[1, 3, 2, 5]",1.5503292937896858,67
cifar10_simplecnn_C2_seed502,cifar10_simplecnn,C2,502,215,8,"[2, 2, 2, 5]",1.5473855764576363,228
cifar10_simplecnn_C2_seed502,cifar10_simplecnn,C2,502,215,9,"[1, 2, 2, 5]",1.5473232686056606,120
cifar10_simplecnn_C2_seed502,cifar10_simplecnn,C2,502,215,10,"[0, 2, 2, 5]",1.5472261535945442,470
cifar10_simplecnn_C2_seed503,cifar10_simplecnn,C2,503,261,1,"[0, 5, 4, 5]",1.5827048000269237,48
cifar10_simplecnn_C2_seed503,cifar10_simplecnn,C2,503,261,2,"[1, 4, 4, 5]",1.5770116135150805,39
cifar10_simplecnn_C2_seed503,cifar10_simplecnn,C2,503,261,3,"[2, 3, 4, 5]",1.5741267414692603,22
cifar10_simplecnn_C2_seed503,cifar10_simplecnn,C2,503,261,4,"[2, 1, 3, 5]",1.5562791452873412,121
cifar10_simplecnn_C2_seed503,cifar10_simplecnn,C2,503,261,5,"[2, 1, 2, 5]",1.5444227878189452,17
cifar10_simplecnn_C2_seed503,cifar10_simplecnn,C2,503,261,6,"[2, 4, 1, 5]",1.5413975642166748,15
cifar10_simplecnn_C2_seed503,cifar10_simplecnn,C2,503,261,7,"[0, 0, 2, 5]",1.5412901704898991,207
cifar10_simplecnn_C2_seed503,cifar10_simplecnn,C2,503,261,8,"[0, 2, 1, 5]",1.5353369654080777,5
cifar10_simplecnn_C2_seed503,cifar10_simplecnn,C2,503,261,9,"[1, 0, 1, 5]",1.5295033002281806,31
cifar10_simplecnn_C2_seed503,cifar10_simplecnn,C2,503,261,10,"[2, 2, 0, 5]",1.5236072000847034,120
cifar10_simplecnn_C2_seed504,cifar10_simplecnn,C2,504,214,1,"[0, 1, 4, 5]",1.5680557368333998,53
cifar10_simplecnn_C2_seed504,cifar10_simplecnn,C2,504,214,2,"[1, 0, 4, 5]",1.5651796573785621,40
cifar10_simplecnn_C2_seed504,cifar10_simplecnn,C2,504,214,3,"[2, 1, 2, 5]",1.5444227878189452,38
cifar10_simplecnn_C2_seed504,cifar10_simplecnn,C2,504,214,4,"[1, 1, 2, 5]",1.5443292624851797,104
cifar10_simplecnn_C2_seed504,cifar10_simplecnn,C2,504,214,5,"[1, 3, 1, 5]",1.5384401056032191,20
cifar10_simplecnn_C2_seed504,cifar10_simplecnn,C2,504,214,6,"[0, 2, 1, 5]",1.5353369654080777,9
cifar10_simplecnn_C2_seed504,cifar10_simplecnn,C2,504,214,7,"[0, 4, 0, 5]",1.5293697648216427,12
cifar10_simplecnn_C2_seed504,cifar10_simplecnn,C2,504,214,8,"[2, 2, 0, 5]",1.5236072000847034,120
cifar10_simplecnn_C2_seed504,cifar10_simplecnn,C2,504,214,9,"[2, 1, 0, 5]",1.5206548172732759,506
cifar10_simplecnn_C2_seed504,cifar10_simplecnn,C2,504,214,10,"[2, 2, 4, 4]",1.4019912038098723,93
cifar10_simplecnn_C2_seed505,cifar10_simplecnn,C2,505,239,1,"[1, 4, 4, 5]",1.5770116135150805,4
cifar10_simplecnn_C2_seed505,cifar10_simplecnn,C2,505,239,2,"[1, 2, 3, 5]",1.5592368581240041,22
cifar10_simplecnn_C2_seed505,cifar10_simplecnn,C2,505,239,3,"[0, 1, 3, 5]",1.556145736992407,30
cifar10_simplecnn_C2_seed505,cifar10_simplecnn,C2,505,239,4,"[0, 0, 3, 5]",1.5531881512673475,7
cifar10_simplecnn_C2_seed505,cifar10_simplecnn,C2,505,239,5,"[0, 2, 2, 5]",1.5472261535945442,370
cifar10_simplecnn_C2_seed505,cifar10_simplecnn,C2,505,239,6,"[1, 1, 2, 5]",1.5443292624851797,302
cifar10_simplecnn_C2_seed505,cifar10_simplecnn,C2,505,239,7,"[1, 0, 2, 5]",1.5413768796737519,484
cifar10_simplecnn_C2_seed505,cifar10_simplecnn,C2,505,239,8,"[0, 4, 1, 5]",1.5412745617490042,9
cifar10_simplecnn_C2_seed505,cifar10_simplecnn,C2,505,239,9,"[0, 3, 1, 5]",1.5383221789375763,113
cifar10_simplecnn_C2_seed505,cifar10_simplecnn,C2,505,239,10,"[2, 2, 1, 5]",1.5354963882711701,457
cifar10_simplecnn_C2_seed506,cifar10_simplecnn,C2,506,196,1,"[1, 3, 3, 5]",1.5621648396035548,95
cifar10_simplecnn_C2_seed506,cifar10_simplecnn,C2,506,196,2,"[1, 1, 3, 5]",1.5562532578307864,74
cifar10_simplecnn_C2_seed506,cifar10_simplecnn,C2,506,196,3,"[2, 2, 1, 5]",1.5354963882711701,49
cifar10_simplecnn_C2_seed506,cifar10_simplecnn,C2,506,196,4,"[2, 0, 1, 5]",1.5295552022528929,59
cifar10_simplecnn_C2_seed506,cifar10_simplecnn,C2,506,196,5,"[1, 4, 5, 4]",1.4316084482763345,22
cifar10_simplecnn_C2_seed506,cifar10_simplecnn,C2,506,196,6,"[0, 1, 5, 4]",1.4226161511992326,93
cifar10_simplecnn_C2_seed506,cifar10_simplecnn,C2,506,196,7,"[1, 3, 4, 4]",1.4049193124010269,6
cifar10_simplecnn_C2_seed506,cifar10_simplecnn,C2,506,196,8,"[1, 1, 4, 4]",1.3989921218873638,37
cifar10_simplecnn_C2_seed506,cifar10_simplecnn,C2,506,196,9,"[0, 3, 3, 4]",1.3929174004625491,75
cifar10_simplecnn_C2_seed506,cifar10_simplecnn,C2,506,196,10,"[1, 1, 1, 4]",1.3632897501688239,126
cifar10_simplecnn_C2_seed507,cifar10_simplecnn,C2,507,256,1,"[1, 1, 5, 5]",1.5918115612039214,44
cifar10_simplecnn_C2_seed507,cifar10_simplecnn,C2,507,256,2,"[0, 4, 4, 5]",1.5769301072448592,33
cifar10_simplecnn_C2_seed507,cifar10_simplecnn,C2,507,256,3,"[0, 0, 4, 5]",1.5650981511083406,12
cifar10_simplecnn_C2_seed507,cifar10_simplecnn,C2,507,256,4,"[2, 2, 3, 5]",1.5592575426669268,6
cifar10_simplecnn_C2_seed507,cifar10_simplecnn,C2,507,256,5,"[1, 2, 3, 5]",1.5592368581240041,14
cifar10_simplecnn_C2_seed507,cifar10_simplecnn,C2,507,256,6,"[2, 1, 3, 5]",1.5562791452873412,10
cifar10_simplecnn_C2_seed507,cifar10_simplecnn,C2,507,256,7,"[2, 4, 2, 5]",1.553291955316773,118
cifar10_simplecnn_C2_seed507,cifar10_simplecnn,C2,507,256,8,"[0, 3, 2, 5]",1.5502217729513059,8
cifar10_simplecnn_C2_seed507,cifar10_simplecnn,C2,507,256,9,"[2, 0, 2, 5]",1.5414391875257278,120
cifar10_simplecnn_C2_seed507,cifar10_simplecnn,C2,507,256,10,"[0, 1, 1, 5]",1.5323637709421236,35
cifar10_simplecnn_C2_seed508,cifar10_simplecnn,C2,508,180,1,"[1, 0, 4, 5]",1.5651796573785621,60
cifar10_simplecnn_C2_seed508,cifar10_simplecnn,C2,508,180,2,"[2, 1, 2, 5]",1.5444227878189452,91
cifar10_simplecnn_C2_seed508,cifar10_simplecnn,C2,508,180,3,"[2, 1, 1, 5]",1.5325492083733738,205
cifar10_simplecnn_C2_seed508,cifar10_simplecnn,C2,508,180,4,"[1, 1, 1, 5]",1.5324504801259766,242
cifar10_simplecnn_C2_seed508,cifar10_simplecnn,C2,508,180,5,"[0, 1, 1, 5]",1.5323637709421236,218
cifar10_simplecnn_C2_seed508,cifar10_simplecnn,C2,508,180,6,"[1, 1, 0, 5]",1.5205769006804049,298
cifar10_simplecnn_C2_seed508,cifar10_simplecnn,C2,508,180,7,"[0, 1, 0, 5]",1.5204901914965521,102
cifar10_simplecnn_C2_seed508,cifar10_simplecnn,C2,508,180,8,"[1, 1, 5, 4]",1.4226716429012958,43
cifar10_simplecnn_C2_seed508,cifar10_simplecnn,C2,508,180,9,"[2, 3, 4, 4]",1.4049451998575813,3
cifar10_simplecnn_C2_seed508,cifar10_simplecnn,C2,508,180,10,"[1, 1, 4, 4]",1.3989921218873638,34
cifar10_simplecnn_C2_seed509,cifar10_simplecnn,C2,509,295,1,"[1, 0, 5, 5]",1.5889112075288103,92
cifar10_simplecnn_C2_seed509,cifar10_simplecnn,C2,509,295,2,"[1, 2, 2, 5]",1.5473232686056606,245
cifar10_simplecnn_C2_seed509,cifar10_simplecnn,C2,509,295,3,"[0, 2, 2, 5]",1.5472261535945442,294
cifar10_simplecnn_C2_seed509,cifar10_simplecnn,C2,509,295,4,"[1, 4, 1, 5]",1.5413300534510672,500
cifar10_simplecnn_C2_seed509,cifar10_simplecnn,C2,509,295,5,"[0, 0, 2, 5]",1.5412901704898991,98
cifar10_simplecnn_C2_seed509,cifar10_simplecnn,C2,509,295,6,"[0, 4, 0, 5]",1.5293697648216427,47
cifar10_simplecnn_C2_seed509,cifar10_simplecnn,C2,509,295,7,"[2, 2, 0, 5]",1.5236072000847034,377
cifar10_simplecnn_C2_seed509,cifar10_simplecnn,C2,509,295,8,"[1, 1, 0, 5]",1.5205769006804049,403
cifar10_simplecnn_C2_seed509,cifar10_simplecnn,C2,509,295,9,"[1, 3, 5, 4]",1.4286404567240119,12
cifar10_simplecnn_C2_seed509,cifar10_simplecnn,C2,509,295,10,"[0, 3, 5, 4]",1.4285589504537903,17
cifar10_simplecnn_C2_seed510,cifar10_simplecnn,C2,510,186,1,"[1, 2, 5, 5]",1.594826378978929,46
cifar10_simplecnn_C2_seed510,cifar10_simplecnn,C2,510,186,2,"[0, 2, 5, 5]",1.5947292639678128,42
cifar10_simplecnn_C2_seed510,cifar10_simplecnn,C2,510,186,3,"[2, 3, 4, 5]",1.5741267414692603,11
cifar10_simplecnn_C2_seed510,cifar10_simplecnn,C2,510,186,4,"[0, 0, 4, 5]",1.5650981511083406,15
cifar10_simplecnn_C2_seed510,cifar10_simplecnn,C2,510,186,5,"[1, 3, 3, 5]",1.5621648396035548,25
cifar10_simplecnn_C2_seed510,cifar10_simplecnn,C2,510,186,6,"[2, 2, 3, 5]",1.5592575426669268,61
cifar10_simplecnn_C2_seed510,cifar10_simplecnn,C2,510,186,7,"[1, 3, 2, 5]",1.5503292937896858,91
cifar10_simplecnn_C2_seed510,cifar10_simplecnn,C2,510,186,8,"[2, 2, 2, 5]",1.5473855764576363,388
cifar10_simplecnn_C2_seed510,cifar10_simplecnn,C2,510,186,9,"[1, 1, 2, 5]",1.5443292624851797,114
cifar10_simplecnn_C2_seed510,cifar10_simplecnn,C2,510,186,10,"[2, 3, 1, 5]",1.5384659930597737,33
cifar10_simplecnn_C2_seed511,cifar10_simplecnn,C2,511,252,1,"[1, 3, 5, 5]",1.5978011866811643,5
cifar10_simplecnn_C2_seed511,cifar10_simplecnn,C2,511,252,2,"[0, 2, 0, 5]",1.523452980135243,139
cifar10_simplecnn_C2_seed511,cifar10_simplecnn,C2,511,252,3,"[0, 1, 0, 5]",1.5204901914965521,13
cifar10_simplecnn_C2_seed511,cifar10_simplecnn,C2,511,252,4,"[1, 2, 4, 4]",1.4019445046987915,291
cifar10_simplecnn_C2_seed511,cifar10_simplecnn,C2,511,252,5,"[0, 0, 3, 4]",1.3840170154829319,4
cifar10_simplecnn_C2_seed511,cifar10_simplecnn,C2,511,252,6,"[1, 3, 2, 4]",1.3811269405234801,190
cifar10_simplecnn_C2_seed511,cifar10_simplecnn,C2,511,252,7,"[2, 2, 2, 4]",1.3782404552413789,498
cifar10_simplecnn_C2_seed511,cifar10_simplecnn,C2,511,252,8,"[0, 2, 2, 4]",1.3780602207237602,164
cifar10_simplecnn_C2_seed511,cifar10_simplecnn,C2,511,252,9,"[1, 1, 2, 4]",1.3751633296143957,344
cifar10_simplecnn_C2_seed511,cifar10_simplecnn,C2,511,252,10,"[2, 0, 2, 4]",1.3722836604822071,43
cifar10_simplecnn_C2_seed512,cifar10_simplecnn,C2,512,216,1,"[1, 2, 4, 5]",1.571105234655944,24
cifar10_simplecnn_C2_seed512,cifar10_simplecnn,C2,512,216,2,"[2, 2, 3, 5]",1.5592575426669268,157
cifar10_simplecnn_C2_seed512,cifar10_simplecnn,C2,512,216,3,"[2, 0, 3, 5]",1.5533215595622818,34
cifar10_simplecnn_C2_seed512,cifar10_simplecnn,C2,512,216,4,"[1, 4, 2, 5]",1.5532556620329552,20
cifar10_simplecnn_C2_seed512,cifar10_simplecnn,C2,512,216,5,"[0, 2, 2, 5]",1.5472261535945442,502
cifar10_simplecnn_C2_seed512,cifar10_simplecnn,C2,512,216,6,"[2, 2, 1, 5]",1.5354963882711701,42
cifar10_simplecnn_C2_seed512,cifar10_simplecnn,C2,512,216,7,"[1, 2, 1, 5]",1.5354340804191942,144
cifar10_simplecnn_C2_seed512,cifar10_simplecnn,C2,512,216,8,"[0, 4, 0, 5]",1.5293697648216427,313
cifar10_simplecnn_C2_seed512,cifar10_simplecnn,C2,512,216,9,"[0, 2, 0, 5]",1.523452980135243,68
cifar10_simplecnn_C2_seed512,cifar10_simplecnn,C2,512,216,10,"[0, 1, 0, 5]",1.5204901914965521,355
cifar10_simplecnn_C2_seed513,cifar10_simplecnn,C2,513,212,1,"[1, 0, 5, 5]",1.5889112075288103,71
cifar10_simplecnn_C2_seed513,cifar10_simplecnn,C2,513,212,2,"[0, 3, 4, 5]",1.5739673186061682,30
cifar10_simplecnn_C2_seed513,cifar10_simplecnn,C2,513,212,3,"[1, 0, 4, 5]",1.5651796573785621,32
cifar10_simplecnn_C2_seed513,cifar10_simplecnn,C2,513,212,4,"[1, 2, 2, 5]",1.5473232686056606,250
cifar10_simplecnn_C2_seed513,cifar10_simplecnn,C2,513,212,5,"[1, 1, 2, 5]",1.5443292624851797,356
cifar10_simplecnn_C2_seed513,cifar10_simplecnn,C2,513,212,6,"[2, 2, 1, 5]",1.5354963882711701,43
cifar10_simplecnn_C2_seed513,cifar10_simplecnn,C2,513,212,7,"[1, 1, 5, 4]",1.4226716429012958,26
cifar10_simplecnn_C2_seed513,cifar10_simplecnn,C2,513,212,8,"[2, 3, 2, 4]",1.3811788425481926,401
cifar10_simplecnn_C2_seed513,cifar10_simplecnn,C2,513,212,9,"[1, 2, 2, 4]",1.3781469299076132,318
cifar10_simplecnn_C2_seed513,cifar10_simplecnn,C2,513,212,10,"[2, 1, 2, 4]",1.3752568549481614,278
cifar10_simplecnn_C2_seed514,cifar10_simplecnn,C2,514,219,1,"[2, 1, 4, 5]",1.5681943480419656,37
cifar10_simplecnn_C2_seed514,cifar10_simplecnn,C2,514,219,2,"[0, 3, 3, 5]",1.5620625216788069,34
cifar10_simplecnn_C2_seed514,cifar10_simplecnn,C2,514,219,3,"[2, 0, 3, 5]",1.5533215595622818,110
cifar10_simplecnn_C2_seed514,cifar10_simplecnn,C2,514,219,4,"[1, 4, 2, 5]",1.5532556620329552,412
cifar10_simplecnn_C2_seed514,cifar10_simplecnn,C2,514,219,5,"[2, 2, 2, 5]",1.5473855764576363,137
cifar10_simplecnn_C2_seed514,cifar10_simplecnn,C2,514,219,6,"[1, 2, 2, 5]",1.5473232686056606,463
cifar10_simplecnn_C2_seed514,cifar10_simplecnn,C2,514,219,7,"[1, 1, 2, 5]",1.5443292624851797,100
cifar10_simplecnn_C2_seed514,cifar10_simplecnn,C2,514,219,8,"[1, 1, 1, 5]",1.5324504801259766,140
cifar10_simplecnn_C2_seed514,cifar10_simplecnn,C2,514,219,9,"[2, 0, 1, 5]",1.5295552022528929,177
cifar10_simplecnn_C2_seed514,cifar10_simplecnn,C2,514,219,10,"[1, 0, 0, 5]",1.5176037062144507,155
cifar10_simplecnn_C2_seed515,cifar10_simplecnn,C2,515,225,1,"[1, 0, 5, 5]",1.5889112075288103,85
cifar10_simplecnn_C2_seed515,cifar10_simplecnn,C2,515,225,2,"[1, 3, 4, 5]",1.5740904481854425,63
cifar10_simplecnn_C2_seed515,cifar10_simplecnn,C2,515,225,3,"[2, 0, 4, 5]",1.5652003419214848,10
cifar10_simplecnn_C2_seed515,cifar10_simplecnn,C2,515,225,4,"[2, 0, 3, 5]",1.5533215595622818,16
cifar10_simplecnn_C2_seed515,cifar10_simplecnn,C2,515,225,5,"[0, 5, 4, 4]",1.4135492729834029,5
cifar10_simplecnn_C2_seed515,cifar10_simplecnn,C2,515,225,6,"[0, 2, 3, 4]",1.3899217811057876,81
cifar10_simplecnn_C2_seed515,cifar10_simplecnn,C2,515,225,7,"[1, 1, 3, 4]",1.3870769191327392,130
cifar10_simplecnn_C2_seed515,cifar10_simplecnn,C2,515,225,8,"[0, 0, 3, 4]",1.3840170154829319,86
cifar10_simplecnn_C2_seed515,cifar10_simplecnn,C2,515,225,9,"[0, 3, 2, 4]",1.381014216771469,66
cifar10_simplecnn_C2_seed515,cifar10_simplecnn,C2,515,225,10,"[2, 2, 2, 4]",1.3782404552413789,263
cifar10_simplecnn_C2_seed516,cifar10_simplecnn,C2,516,234,1,"[1, 1, 5, 5]",1.5918115612039214,26
cifar10_simplecnn_C2_seed516,cifar10_simplecnn,C2,516,234,2,"[1, 1, 2, 5]",1.5443292624851797,88
cifar10_simplecnn_C2_seed516,cifar10_simplecnn,C2,516,234,3,"[0, 0, 2, 5]",1.5412901704898991,19
cifar10_simplecnn_C2_seed516,cifar10_simplecnn,C2,516,234,4,"[1, 4, 0, 5]",1.5294512710918642,29
cifar10_simplecnn_C2_seed516,cifar10_simplecnn,C2,516,234,5,"[2, 1, 0, 5]",1.5206548172732759,41
cifar10_simplecnn_C2_seed516,cifar10_simplecnn,C2,516,234,6,"[2, 1, 4, 4]",1.399007603516655,48
cifar10_simplecnn_C2_seed516,cifar10_simplecnn,C2,516,234,7,"[0, 4, 3, 4]",1.3958853920148719,13
cifar10_simplecnn_C2_seed516,cifar10_simplecnn,C2,516,234,8,"[1, 0, 3, 4]",1.3841245363213115,178
cifar10_simplecnn_C2_seed516,cifar10_simplecnn,C2,516,234,9,"[1, 2, 2, 4]",1.3781469299076132,146
cifar10_simplecnn_C2_seed516,cifar10_simplecnn,C2,516,234,10,"[0, 1, 1, 4]",1.3631978380713394,32
cifar10_simplecnn_C2_seed517,cifar10_simplecnn,C2,517,211,1,"[1, 1, 2, 5]",1.5443292624851797,112
cifar10_simplecnn_C2_seed517,cifar10_simplecnn,C2,517,211,2,"[1, 4, 1, 5]",1.5413300534510672,163
cifar10_simplecnn_C2_seed517,cifar10_simplecnn,C2,517,211,3,"[0, 3, 1, 5]",1.5383221789375763,154
cifar10_simplecnn_C2_seed517,cifar10_simplecnn,C2,517,211,4,"[2, 1, 1, 5]",1.5325492083733738,85
cifar10_simplecnn_C2_seed517,cifar10_simplecnn,C2,517,211,5,"[1, 1, 1, 5]",1.5324504801259766,225
cifar10_simplecnn_C2_seed517,cifar10_simplecnn,C2,517,211,6,"[0, 3, 5, 4]",1.4285589504537903,18
cifar10_simplecnn_C2_seed517,cifar10_simplecnn,C2,517,211,7,"[1, 3, 4, 4]",1.4049193124010269,19
cifar10_simplecnn_C2_seed517,cifar10_simplecnn,C2,517,211,8,"[1, 4, 3, 4]",1.3959773041123567,53
cifar10_simplecnn_C2_seed517,cifar10_simplecnn,C2,517,211,9,"[2, 3, 3, 4]",1.3930612145847465,63
cifar10_simplecnn_C2_seed517,cifar10_simplecnn,C2,517,211,10,"[1, 3, 3, 4]",1.3930145154736655,23
cifar10_simplecnn_C2_seed518,cifar10_simplecnn,C2,518,211,1,"[1, 4, 3, 5]",1.5651432369831406,30
cifar10_simplecnn_C2_seed518,cifar10_simplecnn,C2,518,211,2,"[0, 3, 3, 5]",1.5620625216788069,6
cifar10_simplecnn_C2_seed518,cifar10_simplecnn,C2,518,211,3,"[1, 2, 3, 5]",1.5592368581240041,137
cifar10_simplecnn_C2_seed518,cifar10_simplecnn,C2,518,211,4,"[1, 1, 3, 5]",1.5562532578307864,131
cifar10_simplecnn_C2_seed518,cifar10_simplecnn,C2,518,211,5,"[1, 0, 3, 5]",1.5532800633648323,106
cifar10_simplecnn_C2_seed518,cifar10_simplecnn,C2,518,211,6,"[2, 0, 2, 5]",1.5414391875257278,2
cifar10_simplecnn_C2_seed518,cifar10_simplecnn,C2,518,211,7,"[0, 4, 1, 5]",1.5412745617490042,135
cifar10_simplecnn_C2_seed518,cifar10_simplecnn,C2,518,211,8,"[2, 3, 1, 5]",1.5384659930597737,28
cifar10_simplecnn_C2_seed518,cifar10_simplecnn,C2,518,211,9,"[1, 3, 1, 5]",1.5384401056032191,138
cifar10_simplecnn_C2_seed518,cifar10_simplecnn,C2,518,211,10,"[1, 1, 1, 5]",1.5324504801259766,216
cifar10_simplecnn_C2_seed519,cifar10_simplecnn,C2,519,182,1,"[0, 0, 5, 5]",1.5888140925176939,19
cifar10_simplecnn_C2_seed519,cifar10_simplecnn,C2,519,182,2,"[0, 0, 4, 5]",1.5650981511083406,63
cifar10_simplecnn_C2_seed519,cifar10_simplecnn,C2,519,182,3,"[0, 4, 3, 5]",1.5650461219720244,95
cifar10_simplecnn_C2_seed519,cifar10_simplecnn,C2,519,182,4,"[0, 2, 2, 5]",1.5472261535945442,503
cifar10_simplecnn_C2_seed519,cifar10_simplecnn,C2,519,182,5,"[2, 1, 1, 5]",1.5325492083733738,47
cifar10_simplecnn_C2_seed519,cifar10_simplecnn,C2,519,182,6,"[0, 2, 0, 5]",1.523452980135243,5
cifar10_simplecnn_C2_seed519,cifar10_simplecnn,C2,519,182,7,"[0, 1, 0, 5]",1.5204901914965521,245
cifar10_simplecnn_C2_seed519,cifar10_simplecnn,C2,519,182,8,"[1, 2, 1, 4]",1.3662837562893049,23
cifar10_simplecnn_C2_seed519,cifar10_simplecnn,C2,519,182,9,"[2, 0, 1, 4]",1.3604100810366355,91
cifar10_simplecnn_C2_seed519,cifar10_simplecnn,C2,519,182,10,"[0, 4, 0, 4]",1.3601361940736474,119
