setting,condition,episode,timestep,rank_median,best_so_far_rank_median,rank_score_mean,val_rl_accuracy_mean,feasible_rate,destructive_rate
cifar100_lenet5,C0,1,4,751,751,0.46864864864864864,26.857999999999997,0.20000000000000001,0.34999999999999998
cifar100_lenet5,C0,2,8,427,231,0.66235521235521233,30.348000000000003,0.40000000000000002,0.10000000000000001
cifar100_lenet5,C0,3,12,493,147,0.56212355212355214,28.718,0.14999999999999999,0.20000000000000001
cifar100_lenet5,C0,4,16,528,115.5,0.5584942084942085,28.357999999999997,0.34999999999999998,0.29999999999999999
cifar100_lenet5,C0,5,20,571.5,115.5,0.55922779922779919,29.471999999999998,0.25,0.20000000000000001
cifar100_lenet5,C0,6,24,528,89,0.53926640926640923,27.748000000000001,0.29999999999999999,0.25
cifar100_lenet5,C0,7,28,570,80,0.54293436293436292,29.189999999999998,0.20000000000000001,0.14999999999999999
cifar100_lenet5,C0,8,32,587,80,0.4909266409266409,28.219999999999999,0.10000000000000001,0.25
cifar100_lenet5,C0,9,36,518.5,74.5,0.5698841698841699,28.574000000000002,0.29999999999999999,0.10000000000000001
cifar100_lenet5,C0,10,40,624,74.5,0.54000000000000004,29.437999999999999,0.14999999999999999,0.14999999999999999
cifar100_lenet5,C0,11,44,635.5,69.5,0.56212355212355214,29.145999999999997,0.20000000000000001,0.25
cifar100_lenet5,C0,12,48,480,63,0.62355212355212353,29.954000000000001,0.29999999999999999,0.20000000000000001
cifar100_lenet5,C0,13,52,432,63,0.63100386100386108,30.360000000000003,0.25,0.20000000000000001
cifar100_lenet5,C0,14,56,552,56.5,0.53285714285714292,27.745999999999999,0.34999999999999998,0.40000000000000002
cifar100_lenet5,C0,15,60,617,50.5,0.55455598455598454,29.344000000000001,0.14999999999999999,0.34999999999999998
cifar100_lenet5,C0,16,64,275.5,48,0.67490347490347491,30.344000000000001,0.5,0.10000000000000001
cifar100_lenet5,C0,17,68,527.5,43.5,0.55722007722007727,29.198,0.10000000000000001,0.14999999999999999
cifar100_lenet5,C0,18,72,477.5,36,0.59084942084942083,29.339999999999996,0.29999999999999999,0.25
cifar100_lenet5,C0,19,76,585.5,36,0.556949806949807,28.905999999999999,0.20000000000000001,0.14999999999999999
cifar100_lenet5,C0,20,80,616,36,0.48123552123552127,27.576000000000001,0.14999999999999999,0.25
cifar100_lenet5,C0,21,84,513,36,0.59030888030888029,29.171999999999997,0.34999999999999998,0.20000000000000001
cifar100_lenet5,C0,22,88,765.5,36,0.41455598455598458,26.960000000000001,0.10000000000000001,0.40000000000000002
cifar100_lenet5,C0,23,92,603,36,0.53223938223938227,28.149999999999999,0.25,0.40000000000000002
cifar100_lenet5,C0,24,96,487,24.5,0.59675675675675677,29.022000000000002,0.40000000000000002,0.25
cifar100_lenet5,C0,25,100,701.5,24.5,0.54231660231660228,28.969999999999999,0.34999999999999998,0.25
cifar100_lenet5,C0,26,104,385,24.5,0.64772200772200772,30.086000000000002,0.29999999999999999,0.10000000000000001
cifar100_lenet5,C0,27,108,801,24.5,0.4218146718146718,26.826000000000001,0.14999999999999999,0.45000000000000001
cifar100_lenet5,C0,28,112,531.5,21,0.56401544401544401,29.276,0.20000000000000001,0.20000000000000001
cifar100_lenet5,C0,29,116,772.5,21,0.46501930501930505,27.589999999999996,0.20000000000000001,0.34999999999999998
cifar100_lenet5,C0,30,120,741,21,0.43316602316602315,27.445999999999998,0.050000000000000003,0.29999999999999999
cifar100_lenet5,C0,31,124,664,21,0.48038610038610041,27.98,0.10000000000000001,0.25
cifar100_lenet5,C0,32,128,499,21,0.57158301158301161,28.943999999999999,0.34999999999999998,0.20000000000000001
cifar100_lenet5,C0,33,132,472.5,21,0.61162162162162159,29.512,0.34999999999999998,0.20000000000000001
cifar100_lenet5,C0,34,136,506,17.5,0.5948648648648649,29.048000000000002,0.34999999999999998,0.20000000000000001
cifar100_lenet5,C0,35,140,317,17.5,0.73428571428571432,31.204000000000001,0.45000000000000001,0.10000000000000001
cifar100_lenet5,C0,36,144,580.5,17.5,0.54637065637065629,29.115999999999996,0.20000000000000001,0.10000000000000001
cifar100_lenet5,C0,37,148,632.5,17.5,0.53355212355212356,28.560000000000002,0.20000000000000001,0.29999999999999999
cifar100_lenet5,C0,38,152,563,17.5,0.60895752895752897,29.880000000000003,0.34999999999999998,0.20000000000000001
cifar100_lenet5,C0,39,156,459,17.5,0.5692277992277992,29.292000000000002,0.20000000000000001,0.29999999999999999
cifar100_lenet5,C0,40,160,426.5,17.5,0.58710424710424713,28.995999999999999,0.25,0.14999999999999999
cifar100_lenet5,C0,41,164,467.5,17.5,0.57652509652509654,28.768000000000001,0.25,0.20000000000000001
cifar100_lenet5,C0,42,168,563,17.5,0.56146718146718144,28.562000000000001,0.29999999999999999,0.25
cifar100_lenet5,C0,43,172,555.5,17.5,0.55675675675675673,29.130000000000003,0.14999999999999999,0.10000000000000001
cifar100_lenet5,C0,44,176,565,17.5,0.58660231660231665,29.756,0.25,0.20000000000000001
cifar100_lenet5,C0,45,180,693.5,17.5,0.49783783783783786,27.862000000000002,0.25,0.40000000000000002
cifar100_lenet5,C0,46,184,465,13.5,0.66992277992277993,30.100000000000001,0.40000000000000002,0.050000000000000003
cifar100_lenet5,C0,47,188,486,13.5,0.54127413127413126,28.306000000000001,0.20000000000000001,0.25
cifar100_lenet5,C0,48,192,611,10,0.56003861003861011,28.686,0.29999999999999999,0.25
cifar100_lenet5,C0,49,196,622.5,10,0.59216216216216222,29.092000000000002,0.34999999999999998,0.050000000000000003
cifar100_lenet5,C0,50,200,325.5,10,0.62335907335907337,29.883999999999997,0.45000000000000001,0.20000000000000001
cifar100_lenet5,C0,51,204,399.5,10,0.61652509652509657,28.842000000000002,0.40000000000000002,0.20000000000000001
cifar100_lenet5,C0,52,208,529.5,10,0.57243243243243236,29.206,0.14999999999999999,0.25
cifar100_lenet5,C0,53,212,399,9,0.63725868725868717,29.530000000000001,0.40000000000000002,0.29999999999999999
cifar100_lenet5,C0,54,216,281.5,9,0.68710424710424711,30.504000000000001,0.5,0.10000000000000001
cifar100_lenet5,C0,55,220,648,9,0.51181467181467188,28.260000000000002,0.14999999999999999,0.34999999999999998
cifar100_lenet5,C0,56,224,499.5,9,0.59957528957528949,29.789999999999999,0.25,0.29999999999999999
cifar100_lenet5,C0,57,228,510.5,9,0.52216216216216216,28.580000000000002,0.10000000000000001,0.14999999999999999
cifar100_lenet5,C0,58,232,436.5,9,0.60930501930501924,29.354000000000003,0.25,0.10000000000000001
cifar100_lenet5,C0,59,236,508.5,9,0.59050193050193056,29.528000000000002,0.34999999999999998,0.20000000000000001
cifar100_lenet5,C0,60,240,377,9,0.66185328185328185,30.533999999999999,0.34999999999999998,0.10000000000000001
cifar100_lenet5,C0,61,244,568,9,0.55142857142857138,29.167999999999999,0.14999999999999999,0.25
cifar100_lenet5,C0,62,248,427.5,9,0.60783783783783785,29.566000000000003,0.29999999999999999,0.20000000000000001
cifar100_lenet5,C0,63,252,696,9,0.49706563706563706,28.23,0.20000000000000001,0.40000000000000002
cifar100_lenet5,C0,64,256,450.5,7.5,0.62945945945945947,29.742000000000001,0.34999999999999998,0.14999999999999999
cifar100_lenet5,C0,65,260,561,7.5,0.58316602316602317,29.245999999999999,0.29999999999999999,0.25
cifar100_lenet5,C0,66,264,314,7.5,0.6832046332046332,30.304000000000002,0.45000000000000001,0.050000000000000003
cifar100_lenet5,C0,67,268,399,7.5,0.63613899613899616,30.060000000000002,0.20000000000000001,0.14999999999999999
cifar100_lenet5,C0,68,272,488.5,7.5,0.66579150579150581,30.738,0.34999999999999998,0.10000000000000001
cifar100_lenet5,C0,69,276,610.5,7.5,0.53648648648648645,28.363999999999997,0.25,0.29999999999999999
cifar100_lenet5,C0,70,280,506,7.5,0.59791505791505783,29.625999999999998,0.25,0.25
cifar100_lenet5,C0,71,284,462,7,0.62857142857142856,29.826000000000001,0.25,0.14999999999999999
cifar100_lenet5,C0,72,288,702.5,7,0.4909266409266409,28.655999999999999,0.050000000000000003,0.34999999999999998
cifar100_lenet5,C0,73,292,399,7,0.6285328185328185,29.198,0.45000000000000001,0.14999999999999999
cifar100_lenet5,C0,74,296,394.5,7,0.63266409266409274,29.468,0.45000000000000001,0.10000000000000001
cifar100_lenet5,C0,75,300,325.5,7,0.64061776061776066,29.789999999999999,0.5,0.25
cifar100_lenet5,C0,76,304,633,7,0.52818532818532815,28.806000000000001,0.14999999999999999,0.20000000000000001
cifar100_lenet5,C0,77,308,521.5,7,0.61660231660231657,29.677999999999997,0.29999999999999999,0.25
cifar100_lenet5,C0,78,312,433,7,0.6475675675675675,29.875999999999998,0.34999999999999998,0.050000000000000003
cifar100_lenet5,C0,79,316,405.5,7,0.6361776061776061,30.026,0.29999999999999999,0.20000000000000001
cifar100_lenet5,C0,80,320,434.5,6.5,0.65308880308880313,30.251999999999999,0.34999999999999998,0.20000000000000001
cifar100_lenet5,C0,81,324,469.5,6.5,0.62166023166023165,29.666000000000004,0.34999999999999998,0.29999999999999999
cifar100_lenet5,C0,82,328,394,6.5,0.66895752895752891,30.25,0.25,0.10000000000000001
cifar100_lenet5,C0,83,332,513,6.5,0.6010424710424711,29.683999999999997,0.29999999999999999,0.25
cifar100_lenet5,C0,84,336,576,6.5,0.55000000000000004,28.931999999999999,0.25,0.29999999999999999
cifar100_lenet5,C0,85,340,393.5,6.5,0.67544401544401544,30.324000000000002,0.40000000000000002,0.10000000000000001
cifar100_lenet5,C0,86,344,301,6.5,0.68528957528957535,30.350000000000001,0.29999999999999999,0.20000000000000001
cifar100_lenet5,C0,87,348,423.5,6.5,0.64803088803088804,30.330000000000002,0.34999999999999998,0.20000000000000001
cifar100_lenet5,C0,88,352,509,6.5,0.60123552123552115,29.274000000000001,0.34999999999999998,0.14999999999999999
cifar100_lenet5,C0,89,356,610.5,6.5,0.5448262548262548,29.488,0.14999999999999999,0.29999999999999999
cifar100_lenet5,C0,90,360,488.5,6.5,0.60405405405405399,29.942,0.20000000000000001,0.20000000000000001
cifar100_lenet5,C0,91,364,578,6,0.5752509652509652,29.018000000000001,0.25,0.20000000000000001
cifar100_lenet5,C0,92,368,554,6,0.53397683397683404,29.173999999999999,0.050000000000000003,0.29999999999999999
cifar100_lenet5,C0,93,372,352.5,6,0.65980694980694987,30.588000000000001,0.34999999999999998,0.20000000000000001
cifar100_lenet5,C0,94,376,698.5,6,0.48872586872586876,28,0.10000000000000001,0.55000000000000004
cifar100_lenet5,C0,95,380,521,6,0.58235521235521237,29.143999999999998,0.34999999999999998,0.25
cifar100_lenet5,C0,96,384,369,6,0.63868725868725862,29.600000000000001,0.34999999999999998,0.20000000000000001
cifar100_lenet5,C0,97,388,399,6,0.60409266409266416,29.118000000000002,0.40000000000000002,0.29999999999999999
cifar100_lenet5,C0,98,392,302.5,6,0.64528957528957531,29.433999999999997,0.40000000000000002,0.10000000000000001
cifar100_lenet5,C0,99,396,446,6,0.66247104247104249,30.334000000000003,0.34999999999999998,0.14999999999999999
cifar100_lenet5,C0,100,400,486.5,6,0.6285328185328185,29.945999999999998,0.34999999999999998,0.29999999999999999
cifar100_lenet5,C0,101,404,473.5,6,0.61474903474903475,30.115999999999996,0.25,0.29999999999999999
cifar100_lenet5,C0,102,408,464.5,6,0.59104247104247098,28.857999999999997,0.45000000000000001,0.34999999999999998
cifar100_lenet5,C0,103,412,409,6,0.64583011583011585,30.582000000000001,0.25,0.14999999999999999
cifar100_lenet5,C0,104,416,637.5,6,0.54339768339768335,28.875999999999998,0.20000000000000001,0.34999999999999998
cifar100_lenet5,C0,105,420,499.5,6,0.57250965250965247,28.905999999999999,0.25,0.40000000000000002
cifar100_lenet5,C0,106,424,656,5.5,0.60918918918918918,29.524000000000001,0.34999999999999998,0.40000000000000002
cifar100_lenet5,C0,107,428,491.5,5.5,0.65111969111969115,30.474,0.29999999999999999,0.14999999999999999
cifar100_lenet5,C0,108,432,482,5.5,0.58861003861003858,29.539999999999999,0.25,0.29999999999999999
cifar100_lenet5,C0,109,436,605,5.5,0.60945945945945945,29.751999999999999,0.34999999999999998,0.34999999999999998
cifar100_lenet5,C0,110,440,521,5.5,0.64803088803088804,30.342000000000002,0.34999999999999998,0.050000000000000003
cifar100_lenet5,C0,111,444,537.5,5.5,0.59335907335907334,29.862000000000002,0.14999999999999999,0.20000000000000001
cifar100_lenet5,C0,112,448,372.5,5.5,0.68301158301158305,30.622000000000003,0.40000000000000002,0.10000000000000001
cifar100_lenet5,C0,113,452,600,5.5,0.59131274131274136,30.115999999999996,0.20000000000000001,0.34999999999999998
cifar100_lenet5,C0,114,456,576,5.5,0.54131274131274132,28.606000000000002,0.14999999999999999,0.40000000000000002
cifar100_lenet5,C0,115,460,647.5,5.5,0.50841698841698846,28.137999999999998,0.20000000000000001,0.40000000000000002
cifar100_lenet5,C0,116,464,325,4.5,0.70316602316602317,30.712,0.34999999999999998,0.14999999999999999
cifar100_lenet5,C0,117,468,453,4.5,0.63501930501930504,30.433999999999997,0.29999999999999999,0.25
cifar100_lenet5,C0,118,472,641,4.5,0.55687258687258689,28.560000000000002,0.34999999999999998,0.34999999999999998
cifar100_lenet5,C0,119,476,398,4.5,0.66552123552123554,30.588000000000001,0.34999999999999998,0.10000000000000001
cifar100_lenet5,C0,120,480,513.5,4.5,0.61486486486486491,29.582000000000001,0.34999999999999998,0.14999999999999999
cifar100_lenet5,C0,121,484,364.5,3.5,0.67277992277992271,30.27,0.25,0.050000000000000003
cifar100_lenet5,C0,122,488,446.5,3.5,0.59150579150579152,29.789999999999999,0.20000000000000001,0.29999999999999999
cifar100_lenet5,C0,123,492,338,3.5,0.62911196911196909,29.371999999999996,0.45000000000000001,0.25
cifar100_lenet5,C0,124,496,352.5,3.5,0.67440154440154443,30.245999999999999,0.40000000000000002,0.25
cifar100_lenet5,C0,125,500,427,3.5,0.65818532818532816,30.748000000000001,0.29999999999999999,0.14999999999999999
cifar100_lenet5,C0,126,504,372.5,3.5,0.65868725868725864,30.181999999999999,0.34999999999999998,0.20000000000000001
cifar100_lenet5,C0,127,508,202.5,3.5,0.78328185328185329,31.242000000000001,0.5,0.050000000000000003
cifar100_lenet5,C0,128,512,364.5,3.5,0.59961389961389966,29.219999999999999,0.25,0.25
cifar100_lenet5,C0,129,516,391,3.5,0.68181467181467181,30.289999999999999,0.40000000000000002,0.14999999999999999
cifar100_lenet5,C0,130,520,399,3.5,0.65965250965250966,30.431999999999999,0.29999999999999999,0.25
cifar100_lenet5,C0,131,524,512.5,3.5,0.56768339768339771,29.462,0.14999999999999999,0.20000000000000001
cifar100_lenet5,C0,132,528,377,3.5,0.64926640926640933,30.074000000000002,0.29999999999999999,0.14999999999999999
cifar100_lenet5,C0,133,532,436,3.5,0.60718146718146726,29.657999999999998,0.14999999999999999,0.20000000000000001
cifar100_lenet5,C0,134,536,364.5,3.5,0.68123552123552122,30.923999999999999,0.25,0.10000000000000001
cifar100_lenet5,C0,135,540,365.5,3.5,0.67957528957528957,30.423999999999999,0.40000000000000002,0.10000000000000001
cifar100_lenet5,C0,136,544,357,3.5,0.67779922779922785,30.469999999999999,0.40000000000000002,0.20000000000000001
cifar100_lenet5,C0,137,548,344.5,3.5,0.70320463320463322,30.866000000000003,0.40000000000000002,0.20000000000000001
cifar100_lenet5,C0,138,552,413.5,3,0.65328185328185329,30.239999999999998,0.29999999999999999,0.10000000000000001
cifar100_lenet5,C0,139,556,491,3,0.57942084942084937,29.568000000000001,0.20000000000000001,0.14999999999999999
cifar100_lenet5,C0,140,560,520.5,3,0.59764478764478768,29.693999999999999,0.25,0.14999999999999999
cifar100_lenet5,C0,141,564,338.5,3,0.68501930501930508,30.742000000000001,0.29999999999999999,0.14999999999999999
cifar100_lenet5,C0,142,568,343,3,0.61938223938223946,29.727999999999998,0.34999999999999998,0.10000000000000001
cifar100_lenet5,C0,143,572,436.5,3,0.6541698841698842,30.582000000000001,0.29999999999999999,0.25
cifar100_lenet5,C0,144,576,298.5,3,0.69664092664092669,30.401999999999997,0.40000000000000002,0.050000000000000003
cifar100_lenet5,C0,145,580,373.5,3,0.67200772200772207,30.463999999999999,0.25,0.10000000000000001
cifar100_lenet5,C0,146,584,505.5,3,0.5743629343629344,29.545999999999999,0.14999999999999999,0.25
cifar100_lenet5,C0,147,588,471.5,3,0.5624710424710424,28.833999999999996,0.20000000000000001,0.34999999999999998
cifar100_lenet5,C0,148,592,427.5,3,0.64235521235521242,29.583999999999996,0.40000000000000002,0.14999999999999999
cifar100_lenet5,C0,149,596,314,3,0.71189189189189184,31.080000000000002,0.29999999999999999,0.10000000000000001
cifar100_lenet5,C0,150,600,290.5,3,0.68575289575289577,30.350000000000001,0.45000000000000001,0.10000000000000001
cifar100_lenet5,C0,151,604,312,3,0.76200772200772193,31.442,0.45000000000000001,0
cifar100_lenet5,C0,152,608,387,3,0.64729729729729724,30.410000000000004,0.20000000000000001,0.14999999999999999
cifar100_lenet5,C0,153,612,362.5,3,0.70467181467181472,30.655999999999999,0.45000000000000001,0.10000000000000001
cifar100_lenet5,C0,154,616,365.5,3,0.62135135135135133,29.375999999999998,0.20000000000000001,0.20000000000000001
cifar100_lenet5,C0,155,620,362.5,3,0.6854054054054054,30.661999999999999,0.29999999999999999,0.050000000000000003
cifar100_lenet5,C0,156,624,335,2.5,0.71984555984555987,31.326000000000001,0.40000000000000002,0.10000000000000001
cifar100_lenet5,C0,157,628,338,2.5,0.64227799227799232,29.460000000000001,0.29999999999999999,0.14999999999999999
cifar100_lenet5,C0,158,632,340,2.5,0.64409266409266408,30.278000000000002,0.20000000000000001,0.25
cifar100_lenet5,C0,159,636,511.5,2.5,0.5919305019305019,29.225999999999999,0.25,0.29999999999999999
cifar100_lenet5,C0,160,640,406,2.5,0.63903474903474899,30.316000000000003,0.20000000000000001,0.14999999999999999
cifar100_lenet5,C0,161,644,294.5,2.5,0.69776061776061771,30.513999999999999,0.40000000000000002,0.14999999999999999
cifar100_lenet5,C0,162,648,409,2.5,0.63988416988416996,30.227999999999998,0.25,0.20000000000000001
cifar100_lenet5,C0,163,652,364.5,2.5,0.71749034749034757,31.410000000000004,0.25,0.10000000000000001
cifar100_lenet5,C0,164,656,430.5,2.5,0.65779922779922784,30.554000000000002,0.29999999999999999,0.20000000000000001
cifar100_lenet5,C0,165,660,427.5,2.5,0.66972972972972977,30.306000000000001,0.34999999999999998,0.14999999999999999
cifar100_lenet5,C0,166,664,349.5,2.5,0.72617760617760618,30.998000000000001,0.34999999999999998,0.14999999999999999
cifar100_lenet5,C0,167,668,401,2.5,0.64123552123552119,30.515999999999998,0.20000000000000001,0.20000000000000001
cifar100_lenet5,C0,168,672,503.5,2.5,0.5774517374517375,29.580000000000002,0.20000000000000001,0.20000000000000001
cifar100_lenet5,C0,169,676,442,2.5,0.64536679536679542,30.48,0.25,0.14999999999999999
cifar100_lenet5,C0,170,680,491.5,2.5,0.60328185328185335,29.667999999999999,0.14999999999999999,0.20000000000000001
cifar100_lenet5,C0,171,684,377,2,0.72281853281853281,31.300000000000001,0.29999999999999999,0.10000000000000001
cifar100_lenet5,C0,172,688,710,2,0.5683397683397684,29.615999999999996,0.20000000000000001,0.45000000000000001
cifar100_lenet5,C0,173,692,330.5,2,0.70050193050193044,30.738,0.45000000000000001,0.20000000000000001
cifar100_lenet5,C0,174,696,259.5,2,0.78420849420849426,31.580000000000002,0.5,0
cifar100_lenet5,C0,175,700,442,2,0.67606177606177609,31.086000000000002,0.29999999999999999,0.14999999999999999
cifar100_lenet5,C0,176,704,314,2,0.72166023166023163,31.401999999999997,0.29999999999999999,0.10000000000000001
cifar100_lenet5,C0,177,708,322,2,0.71702702702702703,31.280000000000001,0.45000000000000001,0.20000000000000001
cifar100_lenet5,C0,178,712,327,2,0.66984555984555993,29.754000000000001,0.34999999999999998,0.14999999999999999
cifar100_lenet5,C0,179,716,413.5,2,0.64320463320463328,30.238,0.29999999999999999,0.14999999999999999
cifar100_lenet5,C0,180,720,364.5,2,0.62297297297297294,29.733999999999998,0.29999999999999999,0.25
cifar100_lenet5,C0,181,724,450.5,2,0.62027027027027026,29.722000000000001,0.25,0.40000000000000002
cifar100_lenet5,C0,182,728,434.5,2,0.69768339768339771,30.910000000000004,0.29999999999999999,0.050000000000000003
cifar100_lenet5,C0,183,732,302.5,2,0.72791505791505795,31.415999999999997,0.40000000000000002,0.20000000000000001
cifar100_lenet5,C0,184,736,297,2,0.74478764478764481,31.568000000000001,0.29999999999999999,0.14999999999999999
cifar100_lenet5,C0,185,740,490.5,2,0.61335907335907336,29.93,0.25,0.20000000000000001
cifar100_lenet5,C0,186,744,401,2,0.70447876447876445,31.228000000000002,0.34999999999999998,0.14999999999999999
cifar100_lenet5,C0,187,748,353,2,0.73818532818532812,31.411999999999999,0.34999999999999998,0.050000000000000003
cifar100_lenet5,C0,188,752,365.5,2,0.70915057915057911,30.874000000000002,0.29999999999999999,0.050000000000000003
cifar100_lenet5,C0,189,756,362.5,2,0.67972972972972978,30.683999999999997,0.29999999999999999,0.10000000000000001
cifar100_lenet5,C0,190,760,309,2,0.76239382239382247,31.645999999999997,0.45000000000000001,0
cifar100_lenet5,C0,191,764,294.5,2,0.72335907335907335,30.654000000000003,0.45000000000000001,0.14999999999999999
cifar100_lenet5,C0,192,768,323.5,2,0.69193050193050198,30.822000000000003,0.34999999999999998,0.10000000000000001
cifar100_lenet5,C0,193,772,386.5,2,0.67065637065637063,30.880000000000003,0.20000000000000001,0.10000000000000001
cifar100_lenet5,C0,194,776,325,2,0.70084942084942081,31.018000000000001,0.29999999999999999,0.14999999999999999
cifar100_lenet5,C0,195,780,333,2,0.71382239382239387,31.218,0.29999999999999999,0.14999999999999999
cifar100_lenet5,C0,196,784,360,2,0.66119691119691115,30.548000000000002,0.34999999999999998,0.20000000000000001
cifar100_lenet5,C0,197,788,420,2,0.65239382239382238,30.512,0.20000000000000001,0.20000000000000001
cifar100_lenet5,C0,198,792,254.5,2,0.76081081081081081,31.292000000000002,0.5,0.050000000000000003
cifar100_lenet5,C0,199,796,406,2,0.64679536679536676,30.550000000000001,0.20000000000000001,0.10000000000000001
cifar100_lenet5,C0,200,800,588.5,2,0.60532818532818533,30.413999999999998,0.14999999999999999,0.29999999999999999
cifar100_lenet5,C0,201,804,311,2,0.73305019305019303,30.956,0.34999999999999998,0.10000000000000001
cifar100_lenet5,C0,202,808,395,2,0.70115830115830113,31.056000000000001,0.29999999999999999,0.20000000000000001
cifar100_lenet5,C0,203,812,465,2,0.58845559845559847,29.392000000000003,0.14999999999999999,0.29999999999999999
cifar100_lenet5,C0,204,816,631.5,2,0.55814671814671812,29.417999999999999,0.20000000000000001,0.25
cifar100_lenet5,C0,205,820,511.5,2,0.63320463320463316,30.148000000000003,0.29999999999999999,0.20000000000000001
cifar100_lenet5,C0,206,824,399,2,0.68378378378378379,30.710000000000001,0.25,0.14999999999999999
cifar100_lenet5,C0,207,828,600.5,2,0.54420849420849415,29.104000000000003,0.10000000000000001,0.25
cifar100_lenet5,C0,208,832,473.5,2,0.6868725868725869,30.82,0.40000000000000002,0.14999999999999999
cifar100_lenet5,C0,209,836,367.5,2,0.67424710424710432,30.657999999999998,0.34999999999999998,0.14999999999999999
cifar100_lenet5,C0,210,840,304,2,0.73200772200772202,31.068000000000001,0.40000000000000002,0.050000000000000003
cifar100_lenet5,C0,211,844,296,2,0.76795366795366804,31.577999999999996,0.5,0.10000000000000001
cifar100_lenet5,C0,212,848,473.5,2,0.6816602316602316,30.780000000000001,0.40000000000000002,0.20000000000000001
cifar100_lenet5,C0,213,852,365.5,2,0.71768339768339762,30.874000000000002,0.40000000000000002,0.14999999999999999
cifar100_lenet5,C0,214,856,386,2,0.64799227799227799,29.457999999999998,0.45000000000000001,0.10000000000000001
cifar100_lenet5,C0,215,860,387,2,0.66123552123552121,30.204000000000001,0.34999999999999998,0.14999999999999999
cifar100_lenet5,C0,216,864,297,2,0.72918918918918918,30.881999999999998,0.45000000000000001,0.14999999999999999
cifar100_lenet5,C0,217,868,543.5,2,0.57729729729729728,29.524000000000001,0.14999999999999999,0.20000000000000001
cifar100_lenet5,C0,218,872,369,2,0.66440154440154442,30.387999999999998,0.29999999999999999,0.20000000000000001
cifar100_lenet5,C0,219,876,401,2,0.61293436293436288,29.457999999999998,0.29999999999999999,0.25
cifar100_lenet5,C0,220,880,372.5,2,0.69667953667953664,30.536000000000001,0.40000000000000002,0.14999999999999999
cifar100_lenet5,C0,221,884,353,2,0.71301158301158307,31.242000000000001,0.40000000000000002,0.20000000000000001
cifar100_lenet5,C0,222,888,287.5,2,0.71397683397683398,30.706,0.45000000000000001,0.20000000000000001
cifar100_lenet5,C0,223,892,306.5,2,0.69779922779922787,30.649999999999999,0.40000000000000002,0.14999999999999999
cifar100_lenet5,C0,224,896,377,2,0.68868725868725866,31.006,0.25,0.050000000000000003
cifar100_lenet5,C0,225,900,427.5,2,0.66837837837837832,30.613999999999997,0.29999999999999999,0.20000000000000001
cifar100_lenet5,C0,226,904,455,2,0.65459459459459457,30.850000000000001,0.25,0.14999999999999999
cifar100_lenet5,C0,227,908,364.5,2,0.70644787644787654,30.862000000000002,0.34999999999999998,0.14999999999999999
cifar100_lenet5,C0,228,912,291.5,2,0.73563706563706566,31.213999999999999,0.45000000000000001,0.050000000000000003
cifar100_lenet5,C0,229,916,357.5,2,0.64722007722007724,29.904000000000003,0.40000000000000002,0.25
cifar100_lenet5,C0,230,920,375.5,2,0.68501930501930508,30.672000000000004,0.20000000000000001,0
cifar100_lenet5,C0,231,924,306.5,2,0.72027027027027024,31.404000000000003,0.29999999999999999,0.10000000000000001
cifar100_lenet5,C0,232,928,442,2,0.63714285714285723,30.338000000000001,0.25,0.25
cifar100_lenet5,C0,233,932,446.5,2,0.68250965250965245,30.907999999999998,0.29999999999999999,0.10000000000000001
cifar100_lenet5,C0,234,936,466.5,2,0.59652509652509655,29.707999999999998,0.14999999999999999,0.14999999999999999
cifar100_lenet5,C0,235,940,514.5,2,0.5714285714285714,29.251999999999999,0.20000000000000001,0.25
cifar100_lenet5,C0,236,944,349.5,2,0.70895752895752895,30.630000000000003,0.40000000000000002,0.20000000000000001
cifar100_lenet5,C0,237,948,327,2,0.71432432432432436,31.044,0.34999999999999998,0.10000000000000001
cifar100_lenet5,C0,238,952,372.5,2,0.67945945945945951,30.598000000000003,0.29999999999999999,0.14999999999999999
cifar100_lenet5,C0,239,956,605,2,0.58351351351351355,30.001999999999999,0.14999999999999999,0.40000000000000002
cifar100_lenet5,C0,240,960,442,2,0.65594594594594591,30.312000000000001,0.29999999999999999,0.050000000000000003
cifar100_lenet5,C0,241,964,434.5,2,0.69432432432432434,30.75,0.34999999999999998,0.10000000000000001
cifar100_lenet5,C0,242,968,369,2,0.64239382239382237,29.943999999999999,0.40000000000000002,0.14999999999999999
cifar100_lenet5,C0,243,972,322,2,0.74949806949806952,31.504000000000001,0.45000000000000001,0.10000000000000001
cifar100_lenet5,C0,244,976,409,2,0.68069498069498069,31.213999999999999,0.25,0.20000000000000001
cifar100_lenet5,C0,245,980,360,2,0.73142857142857143,31.292000000000002,0.29999999999999999,0.050000000000000003
cifar100_lenet5,C0,246,984,446.5,2,0.6511583011583012,30.527999999999999,0.29999999999999999,0.20000000000000001
cifar100_lenet5,C0,247,988,284,2,0.71111969111969109,30.848000000000003,0.45000000000000001,0.25
cifar100_lenet5,C0,248,992,301,2,0.69830115830115835,30.613999999999997,0.45000000000000001,0.10000000000000001
cifar100_lenet5,C0,249,996,330,2,0.69127413127413129,30.960000000000001,0.25,0.10000000000000001
cifar100_lenet5,C0,250,1000,352.5,2,0.68864864864864861,30.968,0.34999999999999998,0.14999999999999999
cifar100_lenet5,C0,251,1004,340,2,0.73003861003861004,30.933999999999997,0.40000000000000002,0.10000000000000001
cifar100_lenet5,C0,252,1008,385,2,0.66559845559845565,30.960000000000001,0.14999999999999999,0.20000000000000001
cifar100_lenet5,C0,253,1012,428,2,0.70926640926640927,31.157999999999998,0.40000000000000002,0.20000000000000001
cifar100_lenet5,C0,254,1016,372.5,2,0.65868725868725864,30.486000000000001,0.25,0.20000000000000001
cifar100_lenet5,C0,255,1020,399,2,0.70455598455598456,30.960000000000001,0.29999999999999999,0.050000000000000003
cifar100_lenet5,C0,256,1024,357.5,2,0.65455598455598452,29.560000000000002,0.34999999999999998,0.20000000000000001
cifar100_lenet5,C0,257,1028,399,2,0.7028957528957529,31.236000000000001,0.29999999999999999,0.050000000000000003
cifar100_lenet5,C0,258,1032,379.5,2,0.6809266409266409,30.671999999999997,0.40000000000000002,0.14999999999999999
cifar100_lenet5,C0,259,1036,482,2,0.58416988416988413,29.483999999999998,0.20000000000000001,0.25
cifar100_lenet5,C0,260,1040,377,2,0.6382239382239383,30.384000000000004,0.20000000000000001,0.25
cifar100_lenet5,C0,261,1044,301,2,0.77007722007722013,31.754000000000001,0.45000000000000001,0.10000000000000001
cifar100_lenet5,C0,262,1048,364.5,2,0.71003861003861002,30.954000000000001,0.29999999999999999,0.10000000000000001
cifar100_lenet5,C0,263,1052,320.5,2,0.71374517374517377,31.271999999999998,0.25,0.14999999999999999
cifar100_lenet5,C0,264,1056,455,2,0.60397683397683399,29.381999999999998,0.29999999999999999,0.20000000000000001
cifar100_lenet5,C0,265,1060,385,2,0.70706563706563708,30.810000000000002,0.34999999999999998,0.050000000000000003
cifar100_lenet5,C0,266,1064,364.5,2,0.73424710424710427,31.088000000000001,0.40000000000000002,0.050000000000000003
cifar100_lenet5,C0,267,1068,330,2,0.7537451737451738,31.477999999999998,0.45000000000000001,0.050000000000000003
cifar100_lenet5,C0,268,1072,260.5,2,0.76000000000000001,31.344000000000001,0.5,0.10000000000000001
cifar100_lenet5,C0,269,1076,265.5,2,0.7355984555984556,30.981999999999999,0.5,0
cifar100_lenet5,C0,270,1080,385,2,0.67779922779922785,30.943999999999999,0.14999999999999999,0.10000000000000001
cifar100_lenet5,C0,271,1084,335,2,0.71625482625482628,30.782,0.45000000000000001,0.20000000000000001
cifar100_lenet5,C0,272,1088,300,2,0.79714285714285715,31.816000000000003,0.45000000000000001,0
cifar100_lenet5,C0,273,1092,413.5,2,0.70930501930501921,31.032,0.34999999999999998,0.10000000000000001
cifar100_lenet5,C0,274,1096,446.5,2,0.70490347490347482,31.18,0.40000000000000002,0.14999999999999999
cifar100_lenet5,C0,275,1100,240.5,2,0.79768339768339769,31.892000000000003,0.55000000000000004,0.050000000000000003
cifar100_lenet5,C0,276,1104,446.5,2,0.71007722007722007,31.357999999999997,0.29999999999999999,0.10000000000000001
cifar100_lenet5,C0,277,1108,297,2,0.75903474903474899,31.542000000000002,0.45000000000000001,0.050000000000000003
cifar100_lenet5,C0,278,1112,353,2,0.74397683397683401,31.498000000000001,0.29999999999999999,0.050000000000000003
cifar100_lenet5,C0,279,1116,338.5,2,0.72552123552123549,31.172000000000004,0.45000000000000001,0.10000000000000001
cifar100_lenet5,C0,280,1120,434.5,2,0.63177606177606171,29.998000000000001,0.20000000000000001,0.25
cifar100_lenet5,C0,281,1124,310.5,2,0.69196911196911193,30.304000000000002,0.40000000000000002,0.14999999999999999
cifar100_lenet5,C0,282,1128,352.5,2,0.69301158301158305,30.786000000000001,0.34999999999999998,0.14999999999999999
cifar100_lenet5,C0,283,1132,284,2,0.79347490347490346,31.832000000000001,0.45000000000000001,0.050000000000000003
cifar100_lenet5,C0,284,1136,446.5,2,0.67054054054054057,30.824000000000002,0.25,0.10000000000000001
cifar100_lenet5,C0,285,1140,346,2,0.72428571428571431,31.07,0.40000000000000002,0.10000000000000001
cifar100_lenet5,C0,286,1144,446.5,2,0.66826254826254827,30.943999999999999,0.25,0.050000000000000003
cifar100_lenet5,C0,287,1148,277.5,2,0.706061776061776,30.686,0.5,0.25
cifar100_lenet5,C0,288,1152,399,2,0.71092664092664093,31.375999999999998,0.29999999999999999,0.14999999999999999
cifar100_lenet5,C0,289,1156,298.5,2,0.73621621621621625,31.218,0.40000000000000002,0.10000000000000001
cifar100_lenet5,C0,290,1160,338,2,0.73957528957528962,31.310000000000002,0.34999999999999998,0.14999999999999999
cifar100_lenet5,C0,291,1164,155.5,2,0.78308880308880302,31.419999999999998,0.59999999999999998,0.20000000000000001
cifar100_lenet5,C0,292,1168,399,2,0.61239382239382245,29.923999999999999,0.20000000000000001,0.29999999999999999
cifar100_lenet5,C0,293,1172,320.5,2,0.74362934362934363,31.333999999999996,0.34999999999999998,0.10000000000000001
cifar100_lenet5,C0,294,1176,306,2,0.75644787644787637,31.238,0.40000000000000002,0.050000000000000003
cifar100_lenet5,C0,295,1180,226,2,0.77239382239382237,31.421999999999997,0.5,0.10000000000000001
cifar100_lenet5,C0,296,1184,331,2,0.71640926640926639,30.98,0.45000000000000001,0.14999999999999999
cifar100_lenet5,C0,297,1188,463,2,0.62513513513513508,29.994,0.29999999999999999,0.050000000000000003
cifar100_lenet5,C0,298,1192,352.5,2,0.68799227799227802,30.881999999999998,0.25,0.10000000000000001
cifar100_lenet5,C0,299,1196,385,2,0.72563706563706565,31.295999999999999,0.34999999999999998,0.14999999999999999
cifar100_lenet5,C0,300,1200,268.5,2,0.77996138996138997,31.636000000000003,0.5,0.050000000000000003
cifar100_lenet5,C0,301,1204,246,2,0.72027027027027024,30.860000000000003,0.5,0.14999999999999999
cifar100_lenet5,C0,302,1208,362.5,2,0.72289575289575292,31.486000000000001,0.34999999999999998,0.050000000000000003
cifar100_lenet5,C0,303,1212,439,2,0.67895752895752892,30.877999999999997,0.25,0.14999999999999999
cifar100_lenet5,C0,304,1216,290.5,2,0.70243243243243247,30.845999999999997,0.40000000000000002,0.14999999999999999
cifar100_lenet5,C0,305,1220,297,2,0.70965250965250959,30.75,0.45000000000000001,0.050000000000000003
cifar100_lenet5,C0,306,1224,372.5,2,0.70451737451737451,30.598000000000003,0.34999999999999998,0.050000000000000003
cifar100_lenet5,C0,307,1228,218,2,0.736911196911197,30.974,0.5,0.14999999999999999
cifar100_lenet5,C0,308,1232,231.5,2,0.771969111969112,31.606000000000002,0.5,0.14999999999999999
cifar100_lenet5,C0,309,1236,424,2,0.68552123552123556,30.613999999999997,0.34999999999999998,0.10000000000000001
cifar100_lenet5,C0,310,1240,157,2,0.82096525096525086,31.948,0.55000000000000004,0
cifar100_lenet5,C0,311,1244,427.5,2,0.70957528957528959,31.113999999999997,0.34999999999999998,0.10000000000000001
cifar100_lenet5,C0,312,1248,439,2,0.69154440154440155,31.036000000000001,0.29999999999999999,0.14999999999999999
cifar100_lenet5,C0,313,1252,420,2,0.71517374517374521,31.139999999999997,0.34999999999999998,0.10000000000000001
cifar100_lenet5,C0,314,1256,301,2,0.73833976833976833,30.943999999999999,0.45000000000000001,0.10000000000000001
cifar100_lenet5,C0,315,1260,469.5,2,0.65691119691119693,30.449999999999999,0.25,0.10000000000000001
cifar100_lenet5,C0,316,1264,439,2,0.59942084942084939,29.315999999999995,0.25,0.14999999999999999
cifar100_lenet5,C0,317,1268,325,2,0.7278764478764479,31.088000000000001,0.40000000000000002,0
cifar100_lenet5,C0,318,1272,233,2,0.77084942084942087,31.536000000000001,0.5,0.10000000000000001
cifar100_lenet5,C0,319,1276,259,1.5,0.79084942084942089,31.877999999999997,0.5,0.050000000000000003
cifar100_lenet5,C0,320,1280,365.5,1.5,0.71158301158301163,31.07,0.34999999999999998,0.10000000000000001
cifar100_lenet5,C0,321,1284,121.5,1.5,0.81328185328185332,31.889999999999997,0.55000000000000004,0
cifar100_lenet5,C0,322,1288,119,1.5,0.82324324324324327,31.895999999999997,0.59999999999999998,0
cifar100_lenet5,C0,323,1292,447.5,1.5,0.66752895752895758,30.360000000000003,0.34999999999999998,0.10000000000000001
cifar100_lenet5,C0,324,1296,311.5,1.5,0.70872586872586874,30.580000000000002,0.5,0.14999999999999999
cifar100_lenet5,C0,325,1300,339,1.5,0.73100386100386106,31.300000000000001,0.45000000000000001,0.14999999999999999
cifar100_lenet5,C0,326,1304,427.5,1.5,0.65884169884169885,30.598000000000003,0.25,0.14999999999999999
cifar100_lenet5,C0,327,1308,344.5,1.5,0.73806949806949806,31.52,0.45000000000000001,0.10000000000000001
cifar100_lenet5,C0,328,1312,221,1.5,0.83154440154440157,32.198,0.55000000000000004,0
cifar100_lenet5,C0,329,1316,340,1.5,0.76389961389961392,31.448,0.45000000000000001,0.10000000000000001
cifar100_lenet5,C0,330,1320,482,1.5,0.69007722007722005,30.375999999999998,0.40000000000000002,0.050000000000000003
cifar100_lenet5,C0,331,1324,298,1.5,0.75204633204633198,31.155999999999999,0.40000000000000002,0.14999999999999999
cifar100_lenet5,C0,332,1328,333,1.5,0.71521235521235516,30.698,0.40000000000000002,0.10000000000000001
cifar100_lenet5,C0,333,1332,345,1.5,0.70250965250965247,30.913999999999998,0.45000000000000001,0.10000000000000001
cifar100_lenet5,C0,334,1336,297,1.5,0.7834362934362934,31.875999999999998,0.45000000000000001,0.050000000000000003
cifar100_lenet5,C0,335,1340,420,1.5,0.74849420849420845,31.449999999999999,0.45000000000000001,0.050000000000000003
cifar100_lenet5,C0,336,1344,377,1.5,0.70849420849420852,31.024000000000001,0.34999999999999998,0.050000000000000003
cifar100_lenet5,C0,337,1348,340,1.5,0.7174517374517374,31.186,0.34999999999999998,0.14999999999999999
cifar100_lenet5,C0,338,1352,346.5,1.5,0.75015444015444011,31.360000000000003,0.40000000000000002,0.10000000000000001
cifar100_lenet5,C0,339,1356,289.5,1.5,0.793938223938224,31.634000000000004,0.5,0.10000000000000001
cifar100_lenet5,C0,340,1360,378,1.5,0.67872586872586871,30.832000000000001,0.25,0.10000000000000001
cifar100_lenet5,C0,341,1364,284,1.5,0.73945945945945946,30.862000000000002,0.45000000000000001,0.10000000000000001
cifar100_lenet5,C0,342,1368,196.5,1.5,0.78598455598455597,31.757999999999999,0.55000000000000004,0.050000000000000003
cifar100_lenet5,C0,343,1372,314,1.5,0.71637065637065633,31.153999999999996,0.34999999999999998,0.20000000000000001
cifar100_lenet5,C0,344,1376,455,1.5,0.69521235521235525,30.943999999999999,0.34999999999999998,0.20000000000000001
cifar100_lenet5,C0,345,1380,385,1.5,0.69293436293436295,30.786000000000001,0.40000000000000002,0.10000000000000001
cifar100_lenet5,C0,346,1384,391,1.5,0.7012741312741313,30.660000000000004,0.40000000000000002,0.10000000000000001
cifar100_lenet5,C0,347,1388,408,1.5,0.68718146718146722,30.310000000000002,0.40000000000000002,0.14999999999999999
cifar100_lenet5,C0,348,1392,309,1.5,0.70023166023166028,30.306000000000001,0.40000000000000002,0.10000000000000001
cifar100_lenet5,C0,349,1396,229.5,1.5,0.79362934362934356,31.810000000000002,0.55000000000000004,0.050000000000000003
cifar100_lenet5,C0,350,1400,418,1.5,0.71185328185328189,31.02,0.34999999999999998,0.050000000000000003
cifar100_lenet5,C0,351,1404,330.5,1.5,0.71930501930501933,31.006,0.34999999999999998,0.050000000000000003
cifar100_lenet5,C0,352,1408,506,1.5,0.63042471042471049,30.516000000000002,0.20000000000000001,0.20000000000000001
cifar100_lenet5,C0,353,1412,103.5,1.5,0.79239382239382239,31.538,0.59999999999999998,0.10000000000000001
cifar100_lenet5,C0,354,1416,286.5,1.5,0.79837837837837833,31.826000000000001,0.45000000000000001,0.050000000000000003
cifar100_lenet5,C0,355,1420,420,1.5,0.70482625482625483,30.814,0.40000000000000002,0.10000000000000001
cifar100_lenet5,C0,356,1424,455,1.5,0.63992277992277991,29.927999999999997,0.25,0.20000000000000001
cifar100_lenet5,C0,357,1428,227,1.5,0.78826254826254827,31.653999999999996,0.5,0.050000000000000003
cifar100_lenet5,C0,358,1432,260.5,1.5,0.73555984555984555,31.015999999999998,0.5,0.10000000000000001
cifar100_lenet5,C0,359,1436,377,1.5,0.67610038610038603,30.157999999999998,0.29999999999999999,0.10000000000000001
cifar100_lenet5,C0,360,1440,336.5,1,0.7605791505791506,31.363999999999997,0.45000000000000001,0.10000000000000001
cifar100_lenet5,C0,361,1444,439,1,0.66274131274131276,30.137999999999998,0.29999999999999999,0.14999999999999999
cifar100_lenet5,C0,362,1448,385,1,0.67671814671814678,30.107999999999997,0.40000000000000002,0.050000000000000003
cifar100_lenet5,C0,363,1452,352.5,1,0.73088803088803089,30.774000000000001,0.45000000000000001,0.10000000000000001
cifar100_lenet5,C0,364,1456,64.5,1,0.84208494208494211,31.933999999999997,0.59999999999999998,0
cifar100_lenet5,C0,365,1460,264.5,1,0.7042084942084943,30.648000000000003,0.5,0.20000000000000001
cifar100_lenet5,C0,366,1464,307.5,1,0.71660231660231655,30.854000000000003,0.45000000000000001,0.20000000000000001
cifar100_lenet5,C0,367,1468,346,1,0.72733590733590736,31.018000000000001,0.45000000000000001,0.14999999999999999
cifar100_lenet5,C0,368,1472,212,1,0.78613899613899618,31.583999999999996,0.55000000000000004,0
cifar100_lenet5,C0,369,1476,450.5,1,0.65992277992277992,30.260000000000002,0.34999999999999998,0.10000000000000001
cifar100_lenet5,C0,370,1480,377,1,0.70544401544401547,30.931999999999999,0.34999999999999998,0.10000000000000001
cifar100_lenet5,C0,371,1484,497,1,0.63084942084942086,30.604000000000003,0.14999999999999999,0.10000000000000001
cifar100_lenet5,C0,372,1488,369,1,0.74123552123552128,31.513999999999999,0.29999999999999999,0
cifar100_lenet5,C0,373,1492,306.5,1,0.75976833976833968,30.917999999999999,0.45000000000000001,0.050000000000000003
cifar100_lenet5,C0,374,1496,432,1,0.71158301158301163,30.925999999999998,0.40000000000000002,0.10000000000000001
cifar100_lenet5,C0,375,1500,446.5,1,0.68548262548262551,30.93,0.29999999999999999,0.050000000000000003
cifar100_lenet5,C0,376,1504,294.5,1,0.73490347490347496,30.943999999999999,0.45000000000000001,0.050000000000000003
cifar100_lenet5,C0,377,1508,206,1,0.77598455598455596,31.100000000000001,0.5,0.050000000000000003
cifar100_lenet5,C0,378,1512,501.5,1,0.657992277992278,30.187999999999999,0.34999999999999998,0.14999999999999999
cifar100_lenet5,C0,379,1516,73,1,0.81065637065637064,31.538,0.59999999999999998,0
cifar100_lenet5,C0,380,1520,257,1,0.76733590733590729,31.545999999999999,0.5,0.050000000000000003
cifar100_lenet5,C0,381,1524,385,1,0.69710424710424712,30.724,0.34999999999999998,0.10000000000000001
cifar100_lenet5,C0,382,1528,100,1,0.83841698841698842,32.048000000000002,0.59999999999999998,0.050000000000000003
cifar100_lenet5,C0,383,1532,359.5,1,0.73656370656370662,31.032,0.40000000000000002,0.050000000000000003
cifar100_lenet5,C0,384,1536,443,1,0.68111969111969117,30.399999999999999,0.34999999999999998,0.050000000000000003
cifar100_lenet5,C0,385,1540,254,1,0.79779922779922774,31.780000000000001,0.5,0
cifar100_lenet5,C0,386,1544,109,1,0.83050193050193055,32.055999999999997,0.55000000000000004,0
cifar100_lenet5,C0,387,1548,344.5,1,0.73505791505791507,31.283999999999999,0.45000000000000001,0
cifar100_lenet5,C0,388,1552,406,1,0.68169884169884176,30.204000000000001,0.40000000000000002,0.20000000000000001
cifar100_lenet5,C0,389,1556,423.5,1,0.71173745173745173,31.359999999999996,0.40000000000000002,0.14999999999999999
cifar100_lenet5,C0,390,1560,304,1,0.75795366795366792,31.538,0.45000000000000001,0
cifar100_lenet5,C0,391,1564,336.5,1,0.73231660231660234,31.098000000000003,0.40000000000000002,0
cifar100_lenet5,C0,392,1568,208.5,1,0.79389961389961394,31.618000000000002,0.55000000000000004,0.050000000000000003
cifar100_lenet5,C0,393,1572,296,1,0.70722007722007718,30.283999999999999,0.40000000000000002,0.10000000000000001
cifar100_lenet5,C0,394,1576,357.5,1,0.7446332046332047,31.007999999999999,0.45000000000000001,0.050000000000000003
cifar100_lenet5,C0,395,1580,170,1,0.82038610038610038,32.07,0.59999999999999998,0
cifar100_lenet5,C0,396,1584,291.5,1,0.73173745173745175,31.167999999999999,0.45000000000000001,0.10000000000000001
cifar100_lenet5,C0,397,1588,446.5,1,0.6816602316602316,30.136000000000003,0.29999999999999999,0.050000000000000003
cifar100_lenet5,C0,398,1592,482,1,0.58779922779922777,29.822000000000003,0.10000000000000001,0.10000000000000001
cifar100_lenet5,C0,399,1596,71.5,1,0.82988416988416991,31.826000000000001,0.59999999999999998,0.050000000000000003
cifar100_lenet5,C0,400,1600,324,1,0.69888030888030894,30.542000000000002,0.34999999999999998,0.10000000000000001
cifar100_lenet5,C0,401,1604,420,1,0.67637065637065641,30.651999999999997,0.29999999999999999,0.14999999999999999
cifar100_lenet5,C0,402,1608,469.5,1,0.66671814671814666,30.507999999999999,0.29999999999999999,0.14999999999999999
cifar100_lenet5,C0,403,1612,336.5,1,0.7225868725868726,31.204000000000001,0.45000000000000001,0.10000000000000001
cifar100_lenet5,C0,404,1616,395,1,0.70888030888030884,30.704000000000001,0.34999999999999998,0.050000000000000003
cifar100_lenet5,C0,405,1620,257.5,1,0.77397683397683392,31.475999999999999,0.5,0.10000000000000001
cifar100_lenet5,C0,406,1624,258.5,1,0.7683011583011583,31.221999999999998,0.5,0.10000000000000001
cifar100_lenet5,C0,407,1628,324,1,0.76050193050193049,31.251999999999999,0.45000000000000001,0
cifar100_lenet5,C0,408,1632,82,1,0.8406177606177605,32.076000000000001,0.59999999999999998,0
cifar100_lenet5,C0,409,1636,255.5,1,0.76660231660231659,31.431999999999999,0.5,0
cifar100_lenet5,C0,410,1640,284,1,0.78007722007722013,31.538,0.45000000000000001,0.050000000000000003
cifar100_lenet5,C0,411,1644,243,1,0.74768339768339764,31.274000000000001,0.5,0
cifar100_lenet5,C0,412,1648,372.5,1,0.70486486486486488,30.663999999999998,0.45000000000000001,0.10000000000000001
cifar100_lenet5,C0,413,1652,349.5,1,0.68733590733590733,30.263999999999999,0.29999999999999999,0.10000000000000001
cifar100_lenet5,C0,414,1656,306.5,1,0.74019305019305015,31.344000000000001,0.45000000000000001,0.050000000000000003
cifar100_lenet5,C0,415,1660,420,1,0.71173745173745173,31.387999999999998,0.34999999999999998,0.050000000000000003
cifar100_lenet5,C0,416,1664,298.5,1,0.71343629343629344,30.604000000000003,0.45000000000000001,0.10000000000000001
cifar100_lenet5,C0,417,1668,364.5,1,0.71320463320463312,31.044,0.40000000000000002,0.050000000000000003
cifar100_lenet5,C0,418,1672,192,1,0.75976833976833968,31.274000000000001,0.55000000000000004,0.10000000000000001
cifar100_lenet5,C0,419,1676,70.5,1,0.84548262548262554,31.802,0.65000000000000002,0
cifar100_lenet5,C0,420,1680,463.5,1,0.71899613899613901,31.339999999999996,0.34999999999999998,0.050000000000000003
cifar100_lenet5,C0,421,1684,93.5,1,0.80266409266409267,31.622000000000003,0.59999999999999998,0.050000000000000003
cifar100_lenet5,C0,422,1688,199,1,0.78386100386100388,31.645999999999997,0.55000000000000004,0.050000000000000003
cifar100_lenet5,C0,423,1692,493,1,0.67332046332046336,30.776,0.34999999999999998,0.20000000000000001
cifar100_lenet5,C0,424,1696,290.5,1,0.80312741312741309,31.718,0.45000000000000001,0
cifar100_lenet5,C0,425,1700,592.5,1,0.64405405405405403,30.082000000000001,0.34999999999999998,0.14999999999999999
cifar100_lenet5,C0,426,1704,113,1,0.78536679536679543,31.228000000000002,0.55000000000000004,0
cifar100_lenet5,C0,427,1708,293,1,0.76629343629343638,31.613999999999997,0.45000000000000001,0
cifar100_lenet5,C0,428,1712,63.5,1,0.86783783783783774,32.122,0.75,0
cifar100_lenet5,C0,429,1716,302.5,1,0.73714285714285721,30.618000000000002,0.45000000000000001,0.050000000000000003
cifar100_lenet5,C0,430,1720,446.5,1,0.73281853281853282,31.039999999999999,0.45000000000000001,0
cifar100_lenet5,C0,431,1724,369,1,0.76343629343629338,31.442,0.45000000000000001,0.10000000000000001
cifar100_lenet5,C0,432,1728,255,1,0.73216216216216212,30.936,0.5,0.050000000000000003
cifar100_lenet5,C0,433,1732,444.5,1,0.7286872586872587,31.302,0.40000000000000002,0
cifar100_lenet5,C0,434,1736,98.5,1,0.77733590733590741,31.342000000000002,0.59999999999999998,0.050000000000000003
cifar100_lenet5,C0,435,1740,410,1,0.72432432432432425,30.901999999999997,0.40000000000000002,0.10000000000000001
cifar100_lenet5,C0,436,1744,300.5,1,0.77200772200772205,31.410000000000004,0.45000000000000001,0.050000000000000003
cifar100_lenet5,C0,437,1748,104.5,1,0.82092664092664092,31.842000000000002,0.59999999999999998,0
cifar100_lenet5,C0,438,1752,241.5,1,0.7583783783783784,31.183999999999997,0.5,0
cifar100_lenet5,C0,439,1756,385,1,0.76359073359073359,31.57,0.45000000000000001,0.050000000000000003
cifar100_lenet5,C0,440,1760,442,1,0.7126640926640927,31.282,0.25,0
cifar100_lenet5,C0,441,1764,213,1,0.75521235521235519,31.306000000000001,0.55000000000000004,0.050000000000000003
cifar100_lenet5,C0,442,1768,122,1,0.82355212355212348,31.981999999999999,0.59999999999999998,0
cifar100_lenet5,C0,443,1772,357.5,1,0.76154440154440151,31.350000000000001,0.45000000000000001,0
cifar100_lenet5,C0,444,1776,249.5,1,0.76316602316602311,31.463999999999999,0.5,0
cifar100_lenet5,C0,445,1780,427.5,1,0.69903474903474905,31.125999999999998,0.25,0
cifar100_lenet5,C0,446,1784,365.5,1,0.73339768339768341,31.142000000000003,0.45000000000000001,0.14999999999999999
cifar100_lenet5,C0,447,1788,240,1,0.73474903474903475,30.917999999999999,0.5,0.050000000000000003
cifar100_lenet5,C0,448,1792,303.5,1,0.747065637065637,31.481999999999999,0.40000000000000002,0.050000000000000003
cifar100_lenet5,C0,449,1796,245,1,0.74231660231660235,30.706,0.5,0.050000000000000003
cifar100_lenet5,C0,450,1800,410,1,0.69247104247104241,30.27,0.45000000000000001,0.10000000000000001
cifar100_lenet5,C0,451,1804,93,1,0.81509652509652519,31.765999999999998,0.59999999999999998,0.050000000000000003
cifar100_lenet5,C0,452,1808,391,1,0.70270270270270274,30.428000000000004,0.40000000000000002,0
cifar100_lenet5,C0,453,1812,67,1,0.79227799227799234,31.213999999999999,0.59999999999999998,0.050000000000000003
cifar100_lenet5,C0,454,1816,385,1,0.6952509652509653,30.595999999999997,0.29999999999999999,0.050000000000000003
cifar100_lenet5,C0,455,1820,322,1,0.7165637065637066,30.68,0.40000000000000002,0.050000000000000003
cifar100_lenet5,C0,456,1824,318.5,1,0.73571428571428565,31.116000000000003,0.5,0.050000000000000003
cifar100_lenet5,C0,457,1828,560,1,0.65281853281853286,30.32,0.40000000000000002,0.14999999999999999
cifar100_lenet5,C0,458,1832,377,1,0.75779922779922781,31.365999999999996,0.34999999999999998,0
cifar100_lenet5,C0,459,1836,467.5,1,0.65011583011583007,29.937999999999999,0.34999999999999998,0.10000000000000001
cifar100_lenet5,C0,460,1840,426.5,1,0.69355212355212359,31.177999999999997,0.29999999999999999,0.10000000000000001
cifar100_lenet5,C0,461,1844,473.5,1,0.6634362934362934,30.586000000000002,0.25,0.10000000000000001
cifar100_lenet5,C0,462,1848,405,1,0.71335907335907334,31.077999999999996,0.34999999999999998,0.10000000000000001
cifar100_lenet5,C0,463,1852,88,1,0.78822393822393821,31.294,0.55000000000000004,0
cifar100_lenet5,C0,464,1856,306,1,0.7469111969111969,31.173999999999999,0.45000000000000001,0
cifar100_lenet5,C0,465,1860,115,1,0.80216216216216218,31.553999999999995,0.55000000000000004,0.10000000000000001
cifar100_lenet5,C0,466,1864,428,1,0.71691119691119698,31.094000000000001,0.40000000000000002,0.14999999999999999
cifar100_lenet5,C0,467,1868,151.5,1,0.8017374517374517,31.766000000000002,0.55000000000000004,0
cifar100_lenet5,C0,468,1872,148,1,0.78857142857142859,31.584000000000003,0.59999999999999998,0
cifar100_lenet5,C0,469,1876,405.5,1,0.72424710424710426,31.110000000000003,0.40000000000000002,0
cifar100_lenet5,C0,470,1880,468,1,0.68382239382239385,30.692,0.34999999999999998,0.050000000000000003
cifar100_lenet5,C0,471,1884,455,1,0.75505791505791509,31.434000000000005,0.45000000000000001,0
cifar100_lenet5,C0,472,1888,395,1,0.66061776061776067,29.386000000000003,0.40000000000000002,0.10000000000000001
cifar100_lenet5,C0,473,1892,293,1,0.73884169884169881,31.001999999999999,0.5,0
cifar100_lenet5,C0,474,1896,385,1,0.72490347490347484,30.839999999999996,0.40000000000000002,0.050000000000000003
cifar100_lenet5,C0,475,1900,328.5,1,0.74042471042471036,31.32,0.40000000000000002,0.050000000000000003
cifar100_lenet5,C0,476,1904,357.5,1,0.72683397683397677,31,0.34999999999999998,0
cifar100_lenet5,C0,477,1908,265,1,0.77656370656370655,31.57,0.5,0.10000000000000001
cifar100_lenet5,C0,478,1912,256.5,1,0.7294980694980695,30.594000000000001,0.5,0
cifar100_lenet5,C0,479,1916,385,1,0.7453667953667954,31.219999999999999,0.40000000000000002,0
cifar100_lenet5,C0,480,1920,377,1,0.70312741312741311,30.630000000000003,0.40000000000000002,0.050000000000000003
cifar100_lenet5,C0,481,1924,377,1,0.74065637065637069,31.216000000000001,0.40000000000000002,0.10000000000000001
cifar100_lenet5,C0,482,1928,40.5,1,0.8494980694980695,32.024000000000001,0.65000000000000002,0
cifar100_lenet5,C0,483,1932,47.5,1,0.83328185328185322,31.826000000000001,0.59999999999999998,0
cifar100_lenet5,C0,484,1936,455,1,0.70308880308880306,31.181999999999999,0.25,0.050000000000000003
cifar100_lenet5,C0,485,1940,123.5,1,0.80347490347490358,31.560000000000002,0.55000000000000004,0
cifar100_lenet5,C0,486,1944,215.5,1,0.78884169884169886,31.48,0.5,0
cifar100_lenet5,C0,487,1948,240,1,0.74563706563706567,31.330000000000002,0.5,0
cifar100_lenet5,C0,488,1952,416,1,0.74996138996138995,31.345999999999997,0.45000000000000001,0.050000000000000003
cifar100_lenet5,C0,489,1956,336.5,1,0.75768339768339765,31.504000000000001,0.45000000000000001,0
cifar100_lenet5,C0,490,1960,285,1,0.75868725868725873,31.060000000000002,0.45000000000000001,0
cifar100_lenet5,C0,491,1964,427.5,1,0.66301158301158303,30.910000000000004,0.20000000000000001,0.10000000000000001
cifar100_lenet5,C0,492,1968,291,1,0.75386100386100385,31.436,0.5,0.050000000000000003
cifar100_lenet5,C0,493,1972,432,1,0.65177606177606173,30.149999999999999,0.25,0.050000000000000003
cifar100_lenet5,C0,494,1976,482.5,1,0.66737451737451736,30.422000000000004,0.34999999999999998,0.050000000000000003
cifar100_lenet5,C0,495,1980,450.5,1,0.69409266409266412,30.718,0.34999999999999998,0.10000000000000001
cifar100_lenet5,C0,496,1984,344.5,1,0.73791505791505796,31.303999999999995,0.45000000000000001,0.050000000000000003
cifar100_lenet5,C0,497,1988,357.5,1,0.72864864864864864,30.786000000000001,0.45000000000000001,0.050000000000000003
cifar100_lenet5,C0,498,1992,338,1,0.77749034749034751,31.718,0.34999999999999998,0
cifar100_lenet5,C0,499,1996,365.5,1,0.75760617760617754,31.248000000000001,0.40000000000000002,0
cifar100_lenet5,C0,500,2000,395,1,0.72393822393822393,31.149999999999999,0.34999999999999998,0.050000000000000003
cifar100_lenet5,C0,501,2004,146,1,0.78069498069498067,31.218,0.55000000000000004,0.10000000000000001
cifar100_lenet5,C0,502,2008,237,1,0.77702702702702697,31.559999999999995,0.55000000000000004,0.050000000000000003
cifar100_lenet5,C0,503,2012,292,1,0.76034749034749027,31.245999999999999,0.45000000000000001,0.050000000000000003
cifar100_lenet5,C0,504,2016,206.5,1,0.77633204633204633,31.532,0.55000000000000004,0
cifar100_lenet5,C0,505,2020,365.5,1,0.75316602316602321,31.571999999999996,0.40000000000000002,0
cifar100_lenet5,C0,506,2024,406,1,0.72459459459459463,31.233999999999998,0.34999999999999998,0
cifar100_lenet5,C0,507,2028,328.5,1,0.77621621621621617,31.442,0.45000000000000001,0
cifar100_lenet5,C0,508,2032,459,1,0.71374517374517377,31.310000000000002,0.25,0.050000000000000003
cifar100_lenet5,C0,509,2036,210,1,0.77038610038610034,31.475999999999999,0.55000000000000004,0
cifar100_lenet5,C0,510,2040,514.5,1,0.69594594594594594,30.956,0.34999999999999998,0
cifar100_lenet5,C0,511,2044,377,1,0.77845559845559842,31.612000000000002,0.45000000000000001,0
cifar100_lenet5,C0,512,2048,61,1,0.83343629343629344,31.963999999999999,0.59999999999999998,0
cifar100_lenet5,C1,1,4,751,751,0.46864864864864864,26.857999999999997,0.20000000000000001,0.34999999999999998
cifar100_lenet5,C1,2,8,427,231,0.66235521235521233,30.348000000000003,0.40000000000000002,0.10000000000000001
cifar100_lenet5,C1,3,12,493,147,0.56212355212355214,28.718,0.14999999999999999,0.20000000000000001
cifar100_lenet5,C1,4,16,528,115.5,0.5584942084942085,28.357999999999997,0.34999999999999998,0.29999999999999999
cifar100_lenet5,C1,5,20,571.5,115.5,0.55922779922779919,29.471999999999998,0.25,0.20000000000000001
cifar100_lenet5,C1,6,24,528,89,0.53926640926640923,27.748000000000001,0.29999999999999999,0.25
cifar100_lenet5,C1,7,28,570,80,0.54293436293436292,29.189999999999998,0.20000000000000001,0.14999999999999999
cifar100_lenet5,C1,8,32,587,80,0.4909266409266409,28.219999999999999,0.10000000000000001,0.25
cifar100_lenet5,C1,9,36,518.5,74.5,0.5698841698841699,28.574000000000002,0.29999999999999999,0.10000000000000001
cifar100_lenet5,C1,10,40,624,74.5,0.54000000000000004,29.437999999999999,0.14999999999999999,0.14999999999999999
cifar100_lenet5,C1,11,44,635.5,69.5,0.56212355212355214,29.145999999999997,0.20000000000000001,0.25
cifar100_lenet5,C1,12,48,480,63,0.62355212355212353,29.954000000000001,0.29999999999999999,0.20000000000000001
cifar100_lenet5,C1,13,52,432,63,0.63100386100386108,30.360000000000003,0.25,0.20000000000000001
cifar100_lenet5,C1,14,56,552,56.5,0.53285714285714292,27.745999999999999,0.34999999999999998,0.40000000000000002
cifar100_lenet5,C1,15,60,617,50.5,0.55455598455598454,29.344000000000001,0.14999999999999999,0.34999999999999998
cifar100_lenet5,C1,16,64,275.5,48,0.67490347490347491,30.344000000000001,0.5,0.10000000000000001
cifar100_lenet5,C1,17,68,446.5,48,0.59324324324324329,29.706,0.14999999999999999,0.20000000000000001
cifar100_lenet5,C1,18,72,477.5,43.5,0.59563706563706564,29.445999999999998,0.29999999999999999,0.25
cifar100_lenet5,C1,19,76,522,43.5,0.60351351351351357,29.436,0.25,0.14999999999999999
cifar100_lenet5,C1,20,80,571.5,43.5,0.51745173745173745,28.351999999999997,0.14999999999999999,0.25
cifar100_lenet5,C1,21,84,447.5,43.5,0.64714285714285713,29.895999999999997,0.40000000000000002,0.14999999999999999
cifar100_lenet5,C1,22,88,655,43.5,0.50710424710424706,28.654000000000003,0.14999999999999999,0.29999999999999999
cifar100_lenet5,C1,23,92,469.5,43.5,0.56899613899613899,28.802,0.25,0.34999999999999998
cifar100_lenet5,C1,24,96,487,36,0.61115830115830116,29.248000000000001,0.45000000000000001,0.25
cifar100_lenet5,C1,25,100,604.5,36,0.57505791505791515,29.544,0.34999999999999998,0.25
cifar100_lenet5,C1,26,104,330,36,0.67567567567567566,30.639999999999997,0.40000000000000002,0.10000000000000001
cifar100_lenet5,C1,27,108,655.5,34,0.49575289575289572,27.983999999999998,0.20000000000000001,0.34999999999999998
cifar100_lenet5,C1,28,112,516,29,0.58169884169884178,29.416000000000004,0.20000000000000001,0.20000000000000001
cifar100_lenet5,C1,29,116,719,29,0.49316602316602315,28.018000000000001,0.25,0.29999999999999999
cifar100_lenet5,C1,30,120,731,29,0.46092664092664093,27.948,0.050000000000000003,0.29999999999999999
cifar100_lenet5,C1,31,124,488.5,29,0.55752895752895759,29.062000000000001,0.25,0.25
cifar100_lenet5,C1,32,128,375.5,29,0.63444015444015445,29.857999999999997,0.45000000000000001,0.14999999999999999
cifar100_lenet5,C1,33,132,365.5,29,0.66949806949806956,30.600000000000001,0.45000000000000001,0.14999999999999999
cifar100_lenet5,C1,34,136,316.5,20.5,0.65243243243243243,30.007999999999999,0.40000000000000002,0.14999999999999999
cifar100_lenet5,C1,35,140,177,20.5,0.80281853281853288,31.693999999999999,0.65000000000000002,0.050000000000000003
cifar100_lenet5,C1,36,144,454.5,20.5,0.62795366795366792,29.666000000000004,0.40000000000000002,0.050000000000000003
cifar100_lenet5,C1,37,148,575.5,20.5,0.58733590733590735,29.022000000000002,0.34999999999999998,0.25
cifar100_lenet5,C1,38,152,465,20.5,0.63899613899613894,30.468,0.34999999999999998,0.20000000000000001
cifar100_lenet5,C1,39,156,399,20.5,0.65162162162162163,30.651999999999997,0.25,0.20000000000000001
cifar100_lenet5,C1,40,160,304.5,20.5,0.70729729729729729,30.82,0.40000000000000002,0.050000000000000003
cifar100_lenet5,C1,41,164,357.5,20.5,0.68397683397683395,30.300000000000001,0.40000000000000002,0.14999999999999999
cifar100_lenet5,C1,42,168,339,20.5,0.65509652509652505,30.186,0.45000000000000001,0.20000000000000001
cifar100_lenet5,C1,43,172,377,20.5,0.69262548262548262,31.030000000000001,0.34999999999999998,0.050000000000000003
cifar100_lenet5,C1,44,176,432,20.5,0.65359073359073361,30.348000000000003,0.40000000000000002,0.14999999999999999
cifar100_lenet5,C1,45,180,364.5,20.5,0.6291891891891892,29.725999999999999,0.45000000000000001,0.25
cifar100_lenet5,C1,46,184,217,13.5,0.75706563706563712,31.492000000000001,0.55000000000000004,0.050000000000000003
cifar100_lenet5,C1,47,188,406,13.5,0.64100386100386098,30.007999999999999,0.34999999999999998,0.14999999999999999
cifar100_lenet5,C1,48,192,286,10,0.67038610038610036,30.127999999999997,0.5,0.14999999999999999
cifar100_lenet5,C1,49,196,344.5,10,0.67498069498069502,30.268000000000001,0.45000000000000001,0.050000000000000003
cifar100_lenet5,C1,50,200,257.5,10,0.74486486486486492,31.57,0.59999999999999998,0.10000000000000001
cifar100_lenet5,C1,51,204,205,10,0.71405405405405409,30.413999999999998,0.59999999999999998,0.14999999999999999
cifar100_lenet5,C1,52,208,369,10,0.70277992277992285,31.016000000000002,0.34999999999999998,0.10000000000000001
cifar100_lenet5,C1,53,212,301,9,0.6914285714285715,30.471999999999998,0.45000000000000001,0.20000000000000001
cifar100_lenet5,C1,54,216,233.5,9,0.7302316602316602,31.030000000000001,0.65000000000000002,0.050000000000000003
cifar100_lenet5,C1,55,220,197.5,9,0.66513513513513511,29.712,0.59999999999999998,0.25
cifar100_lenet5,C1,56,224,312,9,0.67405405405405405,30.542000000000002,0.5,0.20000000000000001
cifar100_lenet5,C1,57,228,353,9,0.68509652509652508,30.881999999999998,0.34999999999999998,0.10000000000000001
cifar100_lenet5,C1,58,232,203,9,0.73880308880308887,30.931999999999999,0.59999999999999998,0.050000000000000003
cifar100_lenet5,C1,59,236,280,9,0.69119691119691118,30.448,0.5,0.14999999999999999
cifar100_lenet5,C1,60,240,277,9,0.74594594594594599,31.475999999999999,0.55000000000000004,0.050000000000000003
cifar100_lenet5,C1,61,244,416,9,0.65594594594594591,30.251999999999999,0.34999999999999998,0.14999999999999999
cifar100_lenet5,C1,62,248,364.5,9,0.69359073359073364,30.992000000000001,0.45000000000000001,0.14999999999999999
cifar100_lenet5,C1,63,252,372.5,9,0.65606177606177607,30.27,0.40000000000000002,0.20000000000000001
cifar100_lenet5,C1,64,256,311.5,9,0.67853281853281855,30.506,0.40000000000000002,0.10000000000000001
cifar100_lenet5,C1,65,260,216,9,0.75127413127413134,31.526,0.65000000000000002,0.050000000000000003
cifar100_lenet5,C1,66,264,169,9,0.80189189189189192,31.851999999999997,0.69999999999999996,0
cifar100_lenet5,C1,67,268,286,9,0.76528957528957531,31.565999999999995,0.5,0.050000000000000003
cifar100_lenet5,C1,68,272,203.5,9,0.79486486486486485,31.968,0.69999999999999996,0
cifar100_lenet5,C1,69,276,251,9,0.71633204633204639,31.044,0.59999999999999998,0.10000000000000001
cifar100_lenet5,C1,70,280,257,9,0.72899613899613902,31.350000000000001,0.5,0.14999999999999999
cifar100_lenet5,C1,71,284,199.5,9,0.77563706563706558,31.57,0.59999999999999998,0.050000000000000003
cifar100_lenet5,C1,72,288,372.5,9,0.62671814671814674,29.552,0.29999999999999999,0.25
cifar100_lenet5,C1,73,292,207.5,9,0.73513513513513518,30.881999999999998,0.59999999999999998,0.050000000000000003
cifar100_lenet5,C1,74,296,269.5,9,0.70895752895752895,30.986000000000001,0.55000000000000004,0
cifar100_lenet5,C1,75,300,199,9,0.8122393822393823,32.332000000000001,0.80000000000000004,0.050000000000000003
cifar100_lenet5,C1,76,304,242.5,9,0.74409266409266406,31.681999999999999,0.59999999999999998,0.20000000000000001
cifar100_lenet5,C1,77,308,181,9,0.82138996138996134,32.230000000000004,0.75,0.050000000000000003
cifar100_lenet5,C1,78,312,252.5,9,0.77247104247104248,31.594000000000001,0.65000000000000002,0.050000000000000003
cifar100_lenet5,C1,79,316,288,9,0.74123552123552128,31.550000000000001,0.5,0.10000000000000001
cifar100_lenet5,C1,80,320,248,9,0.76471042471042472,31.921999999999997,0.59999999999999998,0.10000000000000001
cifar100_lenet5,C1,81,324,250,9,0.76262548262548269,31.690000000000005,0.65000000000000002,0.10000000000000001
cifar100_lenet5,C1,82,328,238.5,9,0.81397683397683396,32.224000000000004,0.65000000000000002,0
cifar100_lenet5,C1,83,332,251.5,9,0.7012741312741313,30.933999999999997,0.55000000000000004,0.14999999999999999
cifar100_lenet5,C1,84,336,210,9,0.73231660231660234,31.248000000000001,0.65000000000000002,0.14999999999999999
cifar100_lenet5,C1,85,340,204,9,0.78339768339768345,31.851999999999997,0.69999999999999996,0
cifar100_lenet5,C1,86,344,172,9,0.8079150579150578,31.742000000000001,0.69999999999999996,0.050000000000000003
cifar100_lenet5,C1,87,348,268,9,0.75694980694980696,32.055999999999997,0.55000000000000004,0.050000000000000003
cifar100_lenet5,C1,88,352,311.5,9,0.70486486486486488,31.121999999999996,0.5,0
cifar100_lenet5,C1,89,356,226.5,9,0.77891891891891896,31.789999999999999,0.75,0
cifar100_lenet5,C1,90,360,217,9,0.81003861003861,32.423999999999999,0.84999999999999998,0.050000000000000003
cifar100_lenet5,C1,91,364,254,9,0.69316602316602316,30.554000000000002,0.55000000000000004,0.20000000000000001
cifar100_lenet5,C1,92,368,398,9,0.64942084942084943,30.699999999999999,0.34999999999999998,0.14999999999999999
cifar100_lenet5,C1,93,372,185,9,0.7842471042471042,31.675999999999998,0.65000000000000002,0.10000000000000001
cifar100_lenet5,C1,94,376,236.5,9,0.70579150579150585,31.110000000000003,0.65000000000000002,0.29999999999999999
cifar100_lenet5,C1,95,380,234.5,9,0.70598455598455601,31.167999999999999,0.55000000000000004,0.10000000000000001
cifar100_lenet5,C1,96,384,234,9,0.77119691119691125,31.577999999999996,0.65000000000000002,0.10000000000000001
cifar100_lenet5,C1,97,388,218.5,9,0.72953667953667956,30.830000000000002,0.69999999999999996,0.14999999999999999
cifar100_lenet5,C1,98,392,196.5,9,0.79382239382239383,31.907999999999998,0.84999999999999998,0.050000000000000003
cifar100_lenet5,C1,99,396,234,9,0.79073359073359073,32.143999999999998,0.69999999999999996,0.050000000000000003
cifar100_lenet5,C1,100,400,224,9,0.79362934362934356,31.957999999999998,0.69999999999999996,0.10000000000000001
cifar100_lenet5,C1,101,404,204,9,0.78474903474903468,32.027999999999999,0.75,0.14999999999999999
cifar100_lenet5,C1,102,408,234,9,0.75131274131274128,31.419999999999998,0.69999999999999996,0.050000000000000003
cifar100_lenet5,C1,103,412,199,9,0.79003861003861009,32.061999999999998,0.69999999999999996,0.10000000000000001
cifar100_lenet5,C1,104,416,219.5,9,0.73926640926640919,31.354000000000003,0.59999999999999998,0.14999999999999999
cifar100_lenet5,C1,105,420,227.5,9,0.7849034749034749,32.085999999999999,0.65000000000000002,0.050000000000000003
cifar100_lenet5,C1,106,424,201,9,0.79969111969111972,32.124000000000002,0.75,0.10000000000000001
cifar100_lenet5,C1,107,428,248.5,9,0.77679536679536676,31.588000000000001,0.59999999999999998,0.10000000000000001
cifar100_lenet5,C1,108,432,202.5,9,0.74571428571428577,31.494,0.69999999999999996,0.14999999999999999
cifar100_lenet5,C1,109,436,209,9,0.83463320463320456,32.548000000000002,0.80000000000000004,0
cifar100_lenet5,C1,110,440,220,9,0.79320463320463319,32.238,0.65000000000000002,0
cifar100_lenet5,C1,111,444,218,9,0.72918918918918918,31.112000000000002,0.55000000000000004,0.20000000000000001
cifar100_lenet5,C1,112,448,208,9,0.78501930501930506,31.826000000000001,0.69999999999999996,0
cifar100_lenet5,C1,113,452,222.5,9,0.78084942084942077,32.033999999999999,0.69999999999999996,0.050000000000000003
cifar100_lenet5,C1,114,456,211.5,9,0.80888030888030893,32.374000000000002,0.80000000000000004,0.050000000000000003
cifar100_lenet5,C1,115,460,188.5,9,0.81212355212355214,32.154000000000003,0.80000000000000004,0
cifar100_lenet5,C1,116,464,184.5,9,0.85876447876447881,32.524000000000001,0.90000000000000002,0
cifar100_lenet5,C1,117,468,256,9,0.76096525096525092,31.919999999999998,0.5,0.10000000000000001
cifar100_lenet5,C1,118,472,203.5,9,0.7522779922779923,31.665999999999997,0.75,0.10000000000000001
cifar100_lenet5,C1,119,476,203.5,9,0.80077220077220068,32.058,0.69999999999999996,0
cifar100_lenet5,C1,120,480,239.5,9,0.78583011583011575,32.225999999999999,0.75,0
cifar100_lenet5,C1,121,484,190,9,0.81915057915057921,32.488,0.75,0
cifar100_lenet5,C1,122,488,226,9,0.81258687258687257,32.317999999999998,0.75,0
cifar100_lenet5,C1,123,492,243,9,0.77857142857142858,32.004000000000005,0.75,0.10000000000000001
cifar100_lenet5,C1,124,496,211,9,0.7994594594594594,32.136000000000003,0.65000000000000002,0.050000000000000003
cifar100_lenet5,C1,125,500,260.5,9,0.71084942084942093,31.094000000000001,0.59999999999999998,0.14999999999999999
cifar100_lenet5,C1,126,504,152,9,0.8291505791505791,32.280000000000001,0.75,0.050000000000000003
cifar100_lenet5,C1,127,508,193.5,9,0.81077220077220091,31.868000000000002,0.80000000000000004,0.050000000000000003
cifar100_lenet5,C1,128,512,245.5,9,0.76911196911196911,31.659999999999997,0.69999999999999996,0.10000000000000001
cifar100_lenet5,C1,129,516,212.5,9,0.81722007722007728,32.579999999999998,0.80000000000000004,0
cifar100_lenet5,C1,130,520,198,9,0.84382239382239388,32.707999999999998,0.90000000000000002,0
cifar100_lenet5,C1,131,524,212.5,9,0.77196911196911189,31.627999999999997,0.75,0.10000000000000001
cifar100_lenet5,C1,132,528,214.5,9,0.77803088803088805,31.788,0.80000000000000004,0
cifar100_lenet5,C1,133,532,233,9,0.74270270270270267,31.131999999999998,0.75,0.14999999999999999
cifar100_lenet5,C1,134,536,248,9,0.78150579150579147,32.071999999999996,0.69999999999999996,0.050000000000000003
cifar100_lenet5,C1,135,540,215.5,9,0.80389961389961395,32.198,0.80000000000000004,0
cifar100_lenet5,C1,136,544,199,9,0.8198069498069499,32.298000000000002,0.90000000000000002,0
cifar100_lenet5,C1,137,548,213,9,0.79610038610038614,32.286000000000001,0.75,0.050000000000000003
cifar100_lenet5,C1,138,552,191,9,0.8078378378378378,32.039999999999999,0.84999999999999998,0
cifar100_lenet5,C1,139,556,243.5,9,0.73579150579150576,31.227999999999998,0.69999999999999996,0
cifar100_lenet5,C1,140,560,163.5,9,0.81640926640926637,32.275999999999996,0.75,0
cifar100_lenet5,C1,141,564,221,9,0.79444015444015448,32.189999999999998,0.69999999999999996,0.050000000000000003
cifar100_lenet5,C1,142,568,178.5,9,0.84965250965250971,32.751999999999995,0.94999999999999996,0
cifar100_lenet5,C1,143,572,215,9,0.80714285714285716,32.415999999999997,0.75,0
cifar100_lenet5,C1,144,576,179.5,9,0.81042471042471043,32.326000000000001,0.75,0
cifar100_lenet5,C1,145,580,184.5,9,0.83567567567567558,32.242000000000004,0.90000000000000002,0
cifar100_lenet5,C1,146,584,258,9,0.75,31.558,0.65000000000000002,0.10000000000000001
cifar100_lenet5,C1,147,588,193.5,9,0.83185328185328178,32.501999999999995,0.84999999999999998,0
cifar100_lenet5,C1,148,592,209,9,0.83100386100386103,32.678000000000004,0.90000000000000002,0
cifar100_lenet5,C1,149,596,223,9,0.82841698841698841,32.618000000000002,0.84999999999999998,0
cifar100_lenet5,C1,150,600,206,9,0.84177606177606168,32.710000000000001,0.84999999999999998,0
cifar100_lenet5,C1,151,604,213,9,0.83447876447876457,32.565999999999995,0.84999999999999998,0
cifar100_lenet5,C1,152,608,244,9,0.7994594594594594,32.363999999999997,0.80000000000000004,0.050000000000000003
cifar100_lenet5,C1,153,612,201,9,0.82339768339768349,32.380000000000003,0.90000000000000002,0.050000000000000003
cifar100_lenet5,C1,154,616,203.5,9,0.81945945945945942,32.315999999999995,0.90000000000000002,0
cifar100_lenet5,C1,155,620,242.5,9,0.79521235521235523,32.188000000000002,0.80000000000000004,0
cifar100_lenet5,C1,156,624,198,9,0.80992277992277995,32.332000000000001,0.80000000000000004,0.050000000000000003
cifar100_lenet5,C1,157,628,258,9,0.77903474903474901,31.923999999999999,0.80000000000000004,0.050000000000000003
cifar100_lenet5,C1,158,632,169.5,9,0.83486486486486489,32.460000000000001,0.90000000000000002,0.050000000000000003
cifar100_lenet5,C1,159,636,273,9,0.72583011583011581,31.550000000000001,0.69999999999999996,0.14999999999999999
cifar100_lenet5,C1,160,640,214.5,9,0.83332046332046339,32.676000000000002,0.90000000000000002,0
cifar100_lenet5,C1,161,644,249,9,0.83003861003861013,32.700000000000003,0.94999999999999996,0
cifar100_lenet5,C1,162,648,206,9,0.80942084942084946,32.016000000000005,0.84999999999999998,0.050000000000000003
cifar100_lenet5,C1,163,652,182,9,0.85162162162162169,32.742000000000004,0.94999999999999996,0
cifar100_lenet5,C1,164,656,194,9,0.78393822393822388,31.877999999999997,0.84999999999999998,0.10000000000000001
cifar100_lenet5,C1,165,660,188.5,9,0.85420849420849421,32.673999999999999,0.90000000000000002,0
cifar100_lenet5,C1,166,664,198.5,9,0.82613899613899611,32.539999999999999,0.84999999999999998,0.050000000000000003
cifar100_lenet5,C1,167,668,203.5,9,0.82231660231660231,31.949999999999999,0.90000000000000002,0.050000000000000003
cifar100_lenet5,C1,168,672,219,9,0.80764478764478764,32.116,0.80000000000000004,0
cifar100_lenet5,C1,169,676,184.5,9,0.84918918918918929,32.643999999999998,0.94999999999999996,0
cifar100_lenet5,C1,170,680,201.5,9,0.79594594594594592,32.027999999999999,0.80000000000000004,0.050000000000000003
cifar100_lenet5,C1,171,684,207,9,0.83733590733590746,32.619999999999997,0.90000000000000002,0
cifar100_lenet5,C1,172,688,248,9,0.76393822393822397,31.948,0.80000000000000004,0.14999999999999999
cifar100_lenet5,C1,173,692,209,9,0.83926640926640927,32.618000000000002,0.90000000000000002,0
cifar100_lenet5,C1,174,696,148,9,0.86563706563706566,32.710000000000001,0.94999999999999996,0
cifar100_lenet5,C1,175,700,189,9,0.8274517374517375,32.492000000000004,0.84999999999999998,0
cifar100_lenet5,C1,176,704,171,9,0.85123552123552115,32.591999999999999,0.84999999999999998,0
cifar100_lenet5,C1,177,708,241,9,0.8071814671814671,32.554000000000002,0.90000000000000002,0.050000000000000003
cifar100_lenet5,C1,178,712,190.5,9,0.82949806949806937,32.302,0.94999999999999996,0
cifar100_lenet5,C1,179,716,204.5,9,0.82617760617760605,32.601999999999997,0.94999999999999996,0.050000000000000003
cifar100_lenet5,C1,180,720,203,9,0.8411969111969112,32.75,0.94999999999999996,0
cifar100_lenet5,C1,181,724,199.5,9,0.80471042471042475,32.251999999999995,0.84999999999999998,0.10000000000000001
cifar100_lenet5,C1,182,728,195.5,9,0.85077220077220073,32.710000000000001,0.94999999999999996,0
cifar100_lenet5,C1,183,732,197.5,9,0.83293436293436296,32.630000000000003,0.94999999999999996,0.050000000000000003
cifar100_lenet5,C1,184,736,228.5,9,0.8274517374517375,32.588000000000001,0.84999999999999998,0
cifar100_lenet5,C1,185,740,248.5,9,0.76081081081081081,31.631999999999998,0.80000000000000004,0.050000000000000003
cifar100_lenet5,C1,186,744,195.5,9,0.85023166023166019,32.706000000000003,0.94999999999999996,0
cifar100_lenet5,C1,187,748,245.5,9,0.81494208494208498,32.488,0.90000000000000002,0.050000000000000003
cifar100_lenet5,C1,188,752,199.5,9,0.80787644787644786,32.239999999999995,0.84999999999999998,0
cifar100_lenet5,C1,189,756,203.5,9,0.85239382239382233,32.786000000000001,0.94999999999999996,0
cifar100_lenet5,C1,190,760,161,9,0.8519305019305019,32.683999999999997,0.94999999999999996,0
cifar100_lenet5,C1,191,764,155,9,0.84544401544401548,32.700000000000003,0.94999999999999996,0.050000000000000003
cifar100_lenet5,C1,192,768,204.5,9,0.83528957528957526,32.588000000000001,0.84999999999999998,0
cifar100_lenet5,C1,193,772,178,9,0.85343629343629357,32.658000000000001,0.90000000000000002,0
cifar100_lenet5,C1,194,776,188.5,9,0.85254826254826255,32.655999999999999,0.90000000000000002,0
cifar100_lenet5,C1,195,780,225.5,9,0.82749034749034744,32.673999999999999,0.90000000000000002,0
cifar100_lenet5,C1,196,784,162.5,9,0.82629343629343632,32.375999999999998,0.90000000000000002,0.050000000000000003
cifar100_lenet5,C1,197,788,206.5,9,0.84123552123552126,32.634,0.94999999999999996,0
cifar100_lenet5,C1,198,792,209,9,0.83111969111969108,32.707999999999998,0.94999999999999996,0
cifar100_lenet5,C1,199,796,203,9,0.84258687258687259,32.810000000000002,0.94999999999999996,0
cifar100_lenet5,C1,200,800,205,9,0.83992277992277997,32.640000000000001,0.84999999999999998,0
cifar100_lenet5,C1,201,804,198.5,9,0.83934362934362938,32.689999999999998,0.90000000000000002,0
cifar100_lenet5,C1,202,808,195,9,0.84096525096525099,32.558,0.84999999999999998,0
cifar100_lenet5,C1,203,812,205,9,0.81791505791505803,32.545999999999999,0.90000000000000002,0.050000000000000003
cifar100_lenet5,C1,204,816,194,9,0.80922779922779919,32.077999999999996,0.84999999999999998,0.050000000000000003
cifar100_lenet5,C1,205,820,249,9,0.79150579150579148,32.172000000000004,0.75,0.10000000000000001
cifar100_lenet5,C1,206,824,252.5,9,0.81756756756756754,32.682000000000002,0.90000000000000002,0
cifar100_lenet5,C1,207,828,206.5,9,0.83528957528957526,32.646000000000001,0.84999999999999998,0
cifar100_lenet5,C1,208,832,190,9,0.84463320463320457,32.601999999999997,0.90000000000000002,0
cifar100_lenet5,C1,209,836,205.5,9,0.82250965250965247,32.676000000000002,0.90000000000000002,0
cifar100_lenet5,C1,210,840,152.5,9,0.85594594594594597,32.606000000000002,0.90000000000000002,0
cifar100_lenet5,C1,211,844,220.5,9,0.81864864864864872,32.362000000000002,0.84999999999999998,0.050000000000000003
cifar100_lenet5,C1,212,848,149.5,9,0.85054054054054051,32.545999999999999,0.94999999999999996,0.050000000000000003
cifar100_lenet5,C1,213,852,158,9,0.86274131274131283,32.815999999999995,0.94999999999999996,0
cifar100_lenet5,C1,214,856,248.5,9,0.81710424710424712,32.583999999999996,0.90000000000000002,0
cifar100_lenet5,C1,215,860,205,9,0.82722007722007729,32.606000000000002,0.94999999999999996,0.050000000000000003
cifar100_lenet5,C1,216,864,197.5,9,0.84320463320463312,32.689999999999998,1,0
cifar100_lenet5,C1,217,868,212.5,9,0.82146718146718156,32.555999999999997,0.90000000000000002,0
cifar100_lenet5,C1,218,872,204.5,9,0.79525096525096528,32.007999999999996,0.84999999999999998,0.050000000000000003
cifar100_lenet5,C1,219,876,211.5,9,0.83961389961389954,32.808,1,0
cifar100_lenet5,C1,220,880,195,9,0.84722007722007719,32.625999999999998,0.90000000000000002,0
cifar100_lenet5,C1,221,884,199,9,0.83791505791505794,32.760000000000005,0.94999999999999996,0
cifar100_lenet5,C1,222,888,169.5,9,0.85675675675675689,32.826000000000001,1,0
cifar100_lenet5,C1,223,892,205,9,0.82088803088803086,32.591999999999999,0.90000000000000002,0
cifar100_lenet5,C1,224,896,176,9,0.85872586872586876,32.798000000000002,0.94999999999999996,0
cifar100_lenet5,C1,225,900,194,7.5,0.8306177606177606,32.404000000000003,0.84999999999999998,0.050000000000000003
cifar100_lenet5,C1,226,904,192.5,7.5,0.85011583011583003,32.713999999999999,0.94999999999999996,0
cifar100_lenet5,C1,227,908,200.5,7.5,0.83687258687258692,32.686,0.90000000000000002,0
cifar100_lenet5,C1,228,912,193.5,7.5,0.84482625482625484,32.688000000000002,0.94999999999999996,0
cifar100_lenet5,C1,229,916,205,7.5,0.8281081081081082,32.607999999999997,0.90000000000000002,0
cifar100_lenet5,C1,230,920,190.5,7.5,0.84938223938223933,32.771999999999998,0.94999999999999996,0
cifar100_lenet5,C1,231,924,186.5,7.5,0.84799227799227805,32.781999999999996,0.94999999999999996,0
cifar100_lenet5,C1,232,928,156,7.5,0.8602316602316602,32.688000000000002,0.94999999999999996,0
cifar100_lenet5,C1,233,932,157.5,7.5,0.83486486486486489,32.483999999999995,0.90000000000000002,0.050000000000000003
cifar100_lenet5,C1,234,936,197,7.5,0.80953667953667952,31.977999999999998,0.84999999999999998,0.050000000000000003
cifar100_lenet5,C1,235,940,195.5,7.5,0.82791505791505793,32.417999999999999,0.84999999999999998,0.050000000000000003
cifar100_lenet5,C1,236,944,197,7.5,0.85563706563706565,32.856000000000002,1,0
cifar100_lenet5,C1,237,948,251,7.5,0.82822393822393825,32.591999999999999,0.84999999999999998,0
cifar100_lenet5,C1,238,952,201.5,7.5,0.85366795366795378,32.896000000000001,1,0
cifar100_lenet5,C1,239,956,251,7.5,0.80015444015444026,32.43,0.84999999999999998,0.050000000000000003
cifar100_lenet5,C1,240,960,202,7.5,0.76420849420849424,31.457999999999998,0.75,0
cifar100_lenet5,C1,241,964,203.5,7.5,0.83594594594594596,32.606000000000002,0.90000000000000002,0
cifar100_lenet5,C1,242,968,158.5,7.5,0.87142857142857133,32.828000000000003,1,0
cifar100_lenet5,C1,243,972,160.5,7.5,0.84517374517374522,32.492000000000004,0.94999999999999996,0.050000000000000003
cifar100_lenet5,C1,244,976,200,7.5,0.8357528957528958,32.672000000000004,0.90000000000000002,0
cifar100_lenet5,C1,245,980,189,7.5,0.8373745173745174,32.561999999999998,0.94999999999999996,0.050000000000000003
cifar100_lenet5,C1,246,984,179.5,7.5,0.86092664092664095,32.814,1,0
cifar100_lenet5,C1,247,988,203,7.5,0.83347490347490338,32.670000000000002,0.94999999999999996,0
cifar100_lenet5,C1,248,992,189,7.5,0.8494208494208495,32.642000000000003,0.94999999999999996,0
cifar100_lenet5,C1,249,996,154,7.5,0.86057915057915069,32.689999999999998,0.94999999999999996,0
cifar100_lenet5,C1,250,1000,206.5,7.5,0.82594594594594584,32.480000000000004,0.90000000000000002,0
cifar100_lenet5,C1,251,1004,162,7.5,0.84088803088803099,32.536000000000001,0.90000000000000002,0
cifar100_lenet5,C1,252,1008,152,7.5,0.8683783783783785,32.646000000000001,1,0
cifar100_lenet5,C1,253,1012,148,7.5,0.84795366795366789,32.595999999999997,0.94999999999999996,0.050000000000000003
cifar100_lenet5,C1,254,1016,206.5,7.5,0.82837837837837847,32.712000000000003,0.90000000000000002,0
cifar100_lenet5,C1,255,1020,177,7.5,0.85934362934362929,32.731999999999999,1,0
cifar100_lenet5,C1,256,1024,183,7.5,0.84378378378378383,32.816000000000003,0.94999999999999996,0
cifar100_lenet5,C1,257,1028,156,7.5,0.86679536679536684,32.763999999999996,1,0
cifar100_lenet5,C1,258,1032,205,7.5,0.84285714285714286,32.694000000000003,0.94999999999999996,0
cifar100_lenet5,C1,259,1036,178,7.5,0.8084169884169885,32.100000000000001,0.84999999999999998,0.050000000000000003
cifar100_lenet5,C1,260,1040,151.5,7.5,0.85567567567567571,32.572000000000003,0.94999999999999996,0
cifar100_lenet5,C1,261,1044,203.5,7.5,0.84413127413127409,32.719999999999999,0.94999999999999996,0
cifar100_lenet5,C1,262,1048,158,7.5,0.85111969111969121,32.765999999999998,0.90000000000000002,0
cifar100_lenet5,C1,263,1052,151.5,7.5,0.86409266409266405,32.789999999999999,1,0
cifar100_lenet5,C1,264,1056,152.5,7.5,0.82015444015444017,32.327999999999996,0.90000000000000002,0.10000000000000001
cifar100_lenet5,C1,265,1060,153.5,7.5,0.86945945945945946,32.798000000000002,1,0
cifar100_lenet5,C1,266,1064,204,7.5,0.8242857142857144,32.634,0.94999999999999996,0.050000000000000003
cifar100_lenet5,C1,267,1068,202.5,7.5,0.85555984555984566,32.816000000000003,1,0
cifar100_lenet5,C1,268,1072,153,7.5,0.86706563706563711,32.768000000000001,1,0
cifar100_lenet5,C1,269,1076,197,7.5,0.82420849420849418,32.326000000000001,0.90000000000000002,0
cifar100_lenet5,C1,270,1080,204,7.5,0.84424710424710425,32.677999999999997,0.90000000000000002,0
cifar100_lenet5,C1,271,1084,150.5,7.5,0.84389961389961388,32.561999999999998,0.94999999999999996,0.050000000000000003
cifar100_lenet5,C1,272,1088,147,7.5,0.85544401544401549,32.734000000000002,0.94999999999999996,0
cifar100_lenet5,C1,273,1092,197,7.5,0.85185328185328191,32.722000000000001,0.94999999999999996,0
cifar100_lenet5,C1,274,1096,164.5,7.5,0.82432432432432434,32.475999999999999,0.84999999999999998,0.050000000000000003
cifar100_lenet5,C1,275,1100,146,7.5,0.87223938223938224,32.730000000000004,1,0
cifar100_lenet5,C1,276,1104,141.5,7.5,0.87169884169884182,32.745999999999995,1,0
cifar100_lenet5,C1,277,1108,187,7.5,0.85764478764478758,32.838000000000001,1,0
cifar100_lenet5,C1,278,1112,195.5,7.5,0.86065637065637068,32.760000000000005,1,0
cifar100_lenet5,C1,279,1116,200.5,7.5,0.85397683397683399,32.744,1,0
cifar100_lenet5,C1,280,1120,177,7.5,0.86324324324324331,32.841999999999999,1,0
cifar100_lenet5,C1,281,1124,203,7.5,0.80138996138996144,32.073999999999998,0.84999999999999998,0.050000000000000003
cifar100_lenet5,C1,282,1128,205,7.5,0.84667953667953666,32.792000000000002,1,0
cifar100_lenet5,C1,283,1132,160.5,7.5,0.84980694980694982,32.495999999999995,0.94999999999999996,0.050000000000000003
cifar100_lenet5,C1,284,1136,145.5,7.5,0.86057915057915069,32.744,0.94999999999999996,0
cifar100_lenet5,C1,285,1140,203,7.5,0.79637065637065629,31.992000000000001,0.84999999999999998,0.050000000000000003
cifar100_lenet5,C1,286,1144,161,7.5,0.83073359073359077,32.423999999999999,0.90000000000000002,0.050000000000000003
cifar100_lenet5,C1,287,1148,198,7.5,0.85289575289575281,32.762,1,0
cifar100_lenet5,C1,288,1152,195,7.5,0.85455598455598447,32.588000000000001,1,0
cifar100_lenet5,C1,289,1156,172.5,7.5,0.83652509652509655,32.634,0.94999999999999996,0.050000000000000003
cifar100_lenet5,C1,290,1160,189.5,7.5,0.86679536679536684,32.82,1,0
cifar100_lenet5,C1,291,1164,199.5,7.5,0.85285714285714287,32.804000000000002,1,0
cifar100_lenet5,C1,292,1168,191,7.5,0.85405405405405399,32.704000000000001,1,0
cifar100_lenet5,C1,293,1172,176,7.5,0.85853281853281849,32.664000000000001,0.94999999999999996,0
cifar100_lenet5,C1,294,1176,198,7.5,0.85185328185328191,32.718000000000004,0.94999999999999996,0
cifar100_lenet5,C1,295,1180,154,7.5,0.86432432432432438,32.738,1,0
cifar100_lenet5,C1,296,1184,195,7.5,0.8602316602316602,32.683999999999997,1,0
cifar100_lenet5,C1,297,1188,199.5,7.5,0.83644787644787644,32.751999999999995,0.94999999999999996,0
cifar100_lenet5,C1,298,1192,205,7.5,0.84277992277992286,32.787999999999997,0.94999999999999996,0
cifar100_lenet5,C1,299,1196,170,7.5,0.83258687258687269,32.448,0.90000000000000002,0.050000000000000003
cifar100_lenet5,C1,300,1200,193,7.5,0.83976833976833976,32.531999999999996,0.90000000000000002,0
cifar100_lenet5,C1,301,1204,179.5,7.5,0.84474903474903473,32.582000000000001,0.90000000000000002,0
cifar100_lenet5,C1,302,1208,144.5,7.5,0.87119691119691112,32.688000000000002,1,0
cifar100_lenet5,C1,303,1212,190.5,7.5,0.84980694980694982,32.730000000000004,0.94999999999999996,0
cifar100_lenet5,C1,304,1216,197.5,7.5,0.85073359073359067,32.648000000000003,1,0
cifar100_lenet5,C1,305,1220,141,7.5,0.87061776061776064,32.721999999999994,0.94999999999999996,0
cifar100_lenet5,C1,306,1224,163,7.5,0.86467181467181464,32.757999999999996,1,0
cifar100_lenet5,C1,307,1228,147.5,7.5,0.87841698841698845,32.874000000000002,1,0
cifar100_lenet5,C1,308,1232,148,7.5,0.85212355212355217,32.585999999999999,0.94999999999999996,0.050000000000000003
cifar100_lenet5,C1,309,1236,176,7.5,0.84664092664092672,32.636000000000003,0.90000000000000002,0
cifar100_lenet5,C1,310,1240,135.5,7.5,0.87281853281853272,32.738,1,0
cifar100_lenet5,C1,311,1244,197.5,7.5,0.82440154440154445,32.462000000000003,0.84999999999999998,0.050000000000000003
cifar100_lenet5,C1,312,1248,209,7.5,0.82451737451737439,32.533999999999999,0.80000000000000004,0
cifar100_lenet5,C1,313,1252,139,7.5,0.86525096525096523,32.762,1,0
cifar100_lenet5,C1,314,1256,155.5,7.5,0.85571428571428565,32.619999999999997,0.90000000000000002,0
cifar100_lenet5,C1,315,1260,146,7.5,0.84231660231660244,32.486000000000004,0.90000000000000002,0.050000000000000003
cifar100_lenet5,C1,316,1264,203.5,7.5,0.84637065637065645,32.709999999999994,0.94999999999999996,0
cifar100_lenet5,C1,317,1268,194,7.5,0.84015444015444007,32.637999999999998,0.90000000000000002,0
cifar100_lenet5,C1,318,1272,203.5,7.5,0.81733590733590733,32.18,0.94999999999999996,0.050000000000000003
cifar100_lenet5,C1,319,1276,162,7.5,0.86942084942084941,32.805999999999997,1,0
cifar100_lenet5,C1,320,1280,192,7.5,0.84416988416988414,32.677999999999997,0.90000000000000002,0
cifar100_lenet5,C1,321,1284,176.5,7.5,0.85552123552123549,32.631999999999998,0.94999999999999996,0
cifar100_lenet5,C1,322,1288,158.5,7.5,0.8595752895752895,32.875999999999998,1,0
cifar100_lenet5,C1,323,1292,183.5,7.5,0.84706563706563709,32.869999999999997,1,0
cifar100_lenet5,C1,324,1296,196,7.5,0.84938223938223933,32.789999999999999,1,0
cifar100_lenet5,C1,325,1300,150,7.5,0.86189189189189186,32.588000000000001,0.90000000000000002,0
cifar100_lenet5,C1,326,1304,142,7.5,0.86799227799227796,32.786000000000001,1,0
cifar100_lenet5,C1,327,1308,161,7.5,0.86131274131274138,32.845999999999997,0.94999999999999996,0
cifar100_lenet5,C1,328,1312,170,7.5,0.85787644787644779,32.833999999999996,1,0
cifar100_lenet5,C1,329,1316,155.5,7.5,0.86660231660231657,32.736000000000004,1,0
cifar100_lenet5,C1,330,1320,172.5,7.5,0.85185328185328191,32.642000000000003,0.94999999999999996,0
cifar100_lenet5,C1,331,1324,169,7.5,0.86138996138996138,32.759999999999998,1,0
cifar100_lenet5,C1,332,1328,150,7.5,0.86424710424710427,32.789999999999999,1,0
cifar100_lenet5,C1,333,1332,170,7.5,0.86362934362934374,32.763999999999996,1,0
cifar100_lenet5,C1,334,1336,194.5,7.5,0.85416988416988426,32.691999999999993,1,0
cifar100_lenet5,C1,335,1340,175.5,7.5,0.86108108108108117,32.715999999999994,1,0
cifar100_lenet5,C1,336,1344,142.5,7.5,0.83324324324324317,32.444000000000003,0.90000000000000002,0.050000000000000003
cifar100_lenet5,C1,337,1348,147.5,7.5,0.84984555984555976,32.543999999999997,0.94999999999999996,0.050000000000000003
cifar100_lenet5,C1,338,1352,158,7.5,0.8685328185328185,32.786000000000001,1,0
cifar100_lenet5,C1,339,1356,158,7.5,0.8577220077220078,32.742000000000004,1,0
cifar100_lenet5,C1,340,1360,191.5,7.5,0.85262548262548266,32.738,0.94999999999999996,0
cifar100_lenet5,C1,341,1364,154,7.5,0.86621621621621614,32.757999999999996,1,0
cifar100_lenet5,C1,342,1368,141,7.5,0.86752895752895753,32.710000000000001,0.94999999999999996,0
cifar100_lenet5,C1,343,1372,166.5,7.5,0.83965250965250959,32.486000000000004,0.90000000000000002,0.050000000000000003
cifar100_lenet5,C1,344,1376,152,7.5,0.86656370656370663,32.715999999999994,1,0
cifar100_lenet5,C1,345,1380,153,7.5,0.87613899613899604,32.783999999999999,1,0
cifar100_lenet5,C1,346,1384,189.5,7.5,0.85613899613899613,32.707999999999998,1,0
cifar100_lenet5,C1,347,1388,139,7.5,0.8350965250965251,32.095999999999997,0.94999999999999996,0.050000000000000003
cifar100_lenet5,C1,348,1392,202,7.5,0.83590733590733601,32.725999999999999,0.94999999999999996,0
cifar100_lenet5,C1,349,1396,156,7.5,0.85934362934362929,32.757999999999996,0.94999999999999996,0
cifar100_lenet5,C1,350,1400,172.5,7.5,0.86297297297297304,32.641999999999996,1,0
cifar100_lenet5,C1,351,1404,205,7.5,0.81849420849420851,32.426000000000002,0.84999999999999998,0.050000000000000003
cifar100_lenet5,C1,352,1408,150.5,7.5,0.87003861003861016,32.725999999999999,1,0
cifar100_lenet5,C1,353,1412,176,7.5,0.8380308880308881,32.507999999999996,0.94999999999999996,0.050000000000000003
cifar100_lenet5,C1,354,1416,191,7.5,0.85806949806949806,32.706000000000003,1,0
cifar100_lenet5,C1,355,1420,170,7.5,0.85525096525096522,32.695999999999998,0.94999999999999996,0
cifar100_lenet5,C1,356,1424,151,7.5,0.86756756756756759,32.756,1,0
cifar100_lenet5,C1,357,1428,143.5,7.5,0.8874903474903475,32.823999999999998,1,0
cifar100_lenet5,C1,358,1432,189,7.5,0.86135135135135132,32.805999999999997,1,0
cifar100_lenet5,C1,359,1436,154,7.5,0.8547876447876448,32.730000000000004,0.94999999999999996,0
cifar100_lenet5,C1,360,1440,189.5,7.5,0.85579150579150576,32.744,0.94999999999999996,0
cifar100_lenet5,C1,361,1444,191,7.5,0.8525868725868726,32.700000000000003,0.94999999999999996,0
cifar100_lenet5,C1,362,1448,153,7.5,0.86521235521235518,32.686,1,0
cifar100_lenet5,C1,363,1452,197,7.5,0.84853281853281859,32.707999999999998,0.94999999999999996,0
cifar100_lenet5,C1,364,1456,147,7.5,0.86888030888030898,32.835999999999999,1,0
cifar100_lenet5,C1,365,1460,149.5,7.5,0.86277992277992277,32.613999999999997,0.94999999999999996,0
cifar100_lenet5,C1,366,1464,155.5,7.5,0.84293436293436286,32.628,0.94999999999999996,0.050000000000000003
cifar100_lenet5,C1,367,1468,149.5,7.5,0.87235521235521229,32.771999999999998,1,0
cifar100_lenet5,C1,368,1472,172.5,7.5,0.86891891891891893,32.718000000000004,1,0
cifar100_lenet5,C1,369,1476,154,7.5,0.85501930501930501,32.612000000000002,0.90000000000000002,0
cifar100_lenet5,C1,370,1480,140.5,7.5,0.87799227799227797,32.75,1,0
cifar100_lenet5,C1,371,1484,190,7.5,0.84451737451737452,32.655999999999999,0.90000000000000002,0
cifar100_lenet5,C1,372,1488,159,7.5,0.86525096525096523,32.780000000000001,1,0
cifar100_lenet5,C1,373,1492,154,7.5,0.8601544401544402,32.619999999999997,0.94999999999999996,0
cifar100_lenet5,C1,374,1496,191,7.5,0.85196911196911196,32.704000000000001,0.94999999999999996,0
cifar100_lenet5,C1,375,1500,206.5,7.5,0.82976833976833986,32.583999999999996,0.90000000000000002,0
cifar100_lenet5,C1,376,1504,193.5,7.5,0.85285714285714287,32.665999999999997,0.94999999999999996,0
cifar100_lenet5,C1,377,1508,157.5,7.5,0.87382239382239391,32.701999999999998,1,0
cifar100_lenet5,C1,378,1512,151,7.5,0.83806949806949815,32.642000000000003,0.90000000000000002,0.050000000000000003
cifar100_lenet5,C1,379,1516,141,7.5,0.87613899613899604,32.765999999999998,1,0
cifar100_lenet5,C1,380,1520,138,7.5,0.88077220077220075,32.754000000000005,1,0
cifar100_lenet5,C1,381,1524,141,7.5,0.86660231660231657,32.683999999999997,1,0
cifar100_lenet5,C1,382,1528,155.5,7.5,0.86749034749034748,32.798000000000002,0.94999999999999996,0
cifar100_lenet5,C1,383,1532,159,7.5,0.83525096525096532,32.501999999999995,0.90000000000000002,0.050000000000000003
cifar100_lenet5,C1,384,1536,162.5,7.5,0.85521235521235517,32.582000000000001,0.90000000000000002,0
cifar100_lenet5,C1,385,1540,161,7.5,0.86864864864864866,32.733999999999995,1,0
cifar100_lenet5,C1,386,1544,133.5,7.5,0.88857142857142857,32.736000000000004,1,0
cifar100_lenet5,C1,387,1548,173.5,7.5,0.84745173745173741,32.768000000000001,0.94999999999999996,0
cifar100_lenet5,C1,388,1552,156,7.5,0.84100386100386104,32.613999999999997,0.90000000000000002,0
cifar100_lenet5,C1,389,1556,132,7.5,0.88243243243243241,32.57,0.94999999999999996,0
cifar100_lenet5,C1,390,1560,177.5,7.5,0.86200772200772202,32.733999999999995,0.94999999999999996,0
cifar100_lenet5,C1,391,1564,138,7.5,0.84393822393822382,32.530000000000001,0.90000000000000002,0.050000000000000003
cifar100_lenet5,C1,392,1568,163.5,7.5,0.85127413127413121,32.555999999999997,0.90000000000000002,0
cifar100_lenet5,C1,393,1572,136,7.5,0.86918918918918919,32.631999999999998,0.94999999999999996,0
cifar100_lenet5,C1,394,1576,151.5,7.5,0.86393822393822395,32.730000000000004,0.94999999999999996,0
cifar100_lenet5,C1,395,1580,133.5,7.5,0.89281853281853285,32.742000000000004,1,0
cifar100_lenet5,C1,396,1584,190,7.5,0.84393822393822382,32.707999999999998,0.94999999999999996,0
cifar100_lenet5,C1,397,1588,135,7.5,0.87841698841698845,32.636000000000003,1,0
cifar100_lenet5,C1,398,1592,156,7.5,0.83455598455598456,32.263999999999996,0.84999999999999998,0
cifar100_lenet5,C1,399,1596,149.5,7.5,0.86621621621621614,32.698,0.94999999999999996,0
cifar100_lenet5,C1,400,1600,136.5,7.5,0.86733590733590726,32.634,0.94999999999999996,0
cifar100_lenet5,C1,401,1604,151.5,7.5,0.85953667953667945,32.658000000000001,0.90000000000000002,0
cifar100_lenet5,C1,402,1608,150.5,7.5,0.82637065637065632,32.417999999999999,0.84999999999999998,0.050000000000000003
cifar100_lenet5,C1,403,1612,139,7.5,0.87177606177606182,32.691999999999993,0.94999999999999996,0
cifar100_lenet5,C1,404,1616,138.5,7.5,0.84579150579150575,32.489999999999995,0.90000000000000002,0.050000000000000003
cifar100_lenet5,C1,405,1620,145.5,7.5,0.8761003861003861,32.688000000000002,1,0
cifar100_lenet5,C1,406,1624,140,7.5,0.85061776061776073,32.634,0.94999999999999996,0.050000000000000003
cifar100_lenet5,C1,407,1628,157,7.5,0.87722007722007722,32.792000000000002,1,0
cifar100_lenet5,C1,408,1632,133.5,7.5,0.86806949806949807,32.682000000000002,0.94999999999999996,0
cifar100_lenet5,C1,409,1636,154.5,7.5,0.86741312741312748,32.751999999999995,1,0
cifar100_lenet5,C1,410,1640,146,7.5,0.86270270270270277,32.760000000000005,0.94999999999999996,0
cifar100_lenet5,C1,411,1644,170.5,7.5,0.86092664092664095,32.738,0.94999999999999996,0
cifar100_lenet5,C1,412,1648,145,7.5,0.86629343629343636,32.630000000000003,0.94999999999999996,0
cifar100_lenet5,C1,413,1652,173,7.5,0.82652509652509654,32.299999999999997,0.80000000000000004,0.050000000000000003
cifar100_lenet5,C1,414,1656,152,7.5,0.86899613899613892,32.701999999999998,0.94999999999999996,0
cifar100_lenet5,C1,415,1660,145.5,7.5,0.86818532818532823,32.762,1,0
cifar100_lenet5,C1,416,1664,147.5,7.5,0.85501930501930501,32.525999999999996,0.90000000000000002,0.050000000000000003
cifar100_lenet5,C1,417,1668,146.5,7.5,0.87490347490347486,32.713999999999999,1,0
cifar100_lenet5,C1,418,1672,135.5,7.5,0.8633976833976833,32.648000000000003,0.94999999999999996,0
cifar100_lenet5,C1,419,1676,176.5,7.5,0.85826254826254833,32.701999999999998,0.94999999999999996,0
cifar100_lenet5,C1,420,1680,134,7.5,0.88027027027027027,32.762,1,0
cifar100_lenet5,C1,421,1684,141.5,7.5,0.8685328185328185,32.786000000000001,1,0
cifar100_lenet5,C1,422,1688,140,7.5,0.87656370656370652,32.786000000000001,1,0
cifar100_lenet5,C1,423,1692,158,7.5,0.84084942084942083,32.512,0.90000000000000002,0.050000000000000003
cifar100_lenet5,C1,424,1696,158,7.5,0.87413127413127412,32.762,1,0
cifar100_lenet5,C1,425,1700,139,7.5,0.86455598455598448,32.658000000000001,0.94999999999999996,0
cifar100_lenet5,C1,426,1704,144,7.5,0.86498069498069496,32.730000000000004,0.94999999999999996,0
cifar100_lenet5,C1,427,1708,154.5,7.5,0.86675675675675679,32.850000000000001,1,0
cifar100_lenet5,C1,428,1712,138.5,7.5,0.87567567567567561,32.763999999999996,1,0
cifar100_lenet5,C1,429,1716,137.5,7.5,0.84895752895752907,32.483999999999995,0.90000000000000002,0.050000000000000003
cifar100_lenet5,C1,430,1720,151.5,7.5,0.87328185328185326,32.655999999999999,1,0
cifar100_lenet5,C1,431,1724,156.5,7.5,0.845096525096525,32.503999999999998,0.90000000000000002,0.050000000000000003
cifar100_lenet5,C1,432,1728,191.5,7.5,0.84498069498069506,32.736000000000004,0.94999999999999996,0
cifar100_lenet5,C1,433,1732,132,7.5,0.87050193050193037,32.477999999999994,0.94999999999999996,0
cifar100_lenet5,C1,434,1736,133,7.5,0.87258687258687251,32.634,1,0
cifar100_lenet5,C1,435,1740,139.5,7.5,0.86617760617760609,32.688000000000002,0.94999999999999996,0
cifar100_lenet5,C1,436,1744,147,7.5,0.87127413127413134,32.713999999999999,1,0
cifar100_lenet5,C1,437,1748,138,7.5,0.88030888030888033,32.757999999999996,1,0
cifar100_lenet5,C1,438,1752,144,7.5,0.85270270270270265,32.582000000000001,0.94999999999999996,0
cifar100_lenet5,C1,439,1756,139,7.5,0.86745173745173754,32.715999999999994,1,0
cifar100_lenet5,C1,440,1760,141.5,7.5,0.86108108108108117,32.649999999999999,0.94999999999999996,0
cifar100_lenet5,C1,441,1764,169,7.5,0.86289575289575282,32.757999999999996,1,0
cifar100_lenet5,C1,442,1768,141.5,7.5,0.86667953667953657,32.724000000000004,1,0
cifar100_lenet5,C1,443,1772,132,7.5,0.88552123552123552,32.682000000000002,1,0
cifar100_lenet5,C1,444,1776,136.5,7.5,0.87822393822393818,32.754000000000005,1,0
cifar100_lenet5,C1,445,1780,135.5,7.5,0.87401544401544395,32.739999999999995,1,0
cifar100_lenet5,C1,446,1784,191,7.5,0.84845559845559859,32.667999999999999,0.94999999999999996,0
cifar100_lenet5,C1,447,1788,136.5,7.5,0.86050193050193047,32.719999999999999,0.94999999999999996,0
cifar100_lenet5,C1,448,1792,142,7.5,0.87501930501930514,32.863999999999997,1,0
cifar100_lenet5,C1,449,1796,134,7.5,0.86899613899613892,32.616,0.94999999999999996,0
cifar100_lenet5,C1,450,1800,135,7.5,0.87575289575289583,32.701999999999998,0.94999999999999996,0
cifar100_lenet5,C1,451,1804,132.5,7.5,0.8814671814671815,32.700000000000003,1,0
cifar100_lenet5,C1,452,1808,134,7.5,0.86482625482625486,32.519999999999996,0.90000000000000002,0
cifar100_lenet5,C1,453,1812,146,7.5,0.86374517374517379,32.659999999999997,1,0
cifar100_lenet5,C1,454,1816,142,7.5,0.87386100386100396,32.859999999999999,1,0
cifar100_lenet5,C1,455,1820,144.5,7.5,0.86945945945945946,32.68,1,0
cifar100_lenet5,C1,456,1824,137.5,7.5,0.87949806949806941,32.697999999999993,1,0
cifar100_lenet5,C1,457,1828,136.5,7.5,0.88111969111969102,32.733999999999995,1,0
cifar100_lenet5,C1,458,1832,138,7.5,0.8700772200772201,32.739999999999995,0.94999999999999996,0
cifar100_lenet5,C1,459,1836,175,7.5,0.83498069498069505,32.409999999999997,0.84999999999999998,0.050000000000000003
cifar100_lenet5,C1,460,1840,146,7.5,0.86675675675675679,32.688000000000002,1,0
cifar100_lenet5,C1,461,1844,148.5,7.5,0.86432432432432427,32.694000000000003,0.94999999999999996,0
cifar100_lenet5,C1,462,1848,135,7.5,0.87679536679536674,32.701999999999998,0.94999999999999996,0
cifar100_lenet5,C1,463,1852,133.5,7.5,0.85899613899613902,32.519999999999996,0.94999999999999996,0
cifar100_lenet5,C1,464,1856,148.5,7.5,0.86957528957528962,32.763999999999996,0.94999999999999996,0
cifar100_lenet5,C1,465,1860,133.5,7.5,0.87521235521235519,32.739999999999995,1,0
cifar100_lenet5,C1,466,1864,142.5,7.5,0.82104247104247108,32.271999999999998,0.84999999999999998,0.10000000000000001
cifar100_lenet5,C1,467,1868,136.5,7.5,0.88370656370656364,32.721999999999994,1,0
cifar100_lenet5,C1,468,1872,134.5,7.5,0.86857142857142855,32.768000000000001,1,0
cifar100_lenet5,C1,469,1876,134,7.5,0.87212355212355208,32.649999999999999,0.94999999999999996,0
cifar100_lenet5,C1,470,1880,156,7.5,0.83729729729729718,32.441999999999993,0.90000000000000002,0
cifar100_lenet5,C1,471,1884,136,7.5,0.87683397683397679,32.625999999999998,1,0
cifar100_lenet5,C1,472,1888,137.5,7.5,0.87795366795366792,32.756,1,0
cifar100_lenet5,C1,473,1892,135,7.5,0.88401544401544396,32.658000000000001,1,0
cifar100_lenet5,C1,474,1896,133,7.5,0.88297297297297295,32.765999999999998,1,0
cifar100_lenet5,C1,475,1900,133.5,7.5,0.86594594594594587,32.555999999999997,0.94999999999999996,0.050000000000000003
cifar100_lenet5,C1,476,1904,136,7.5,0.87938223938223936,32.872,1,0
cifar100_lenet5,C1,477,1908,136.5,7.5,0.88196911196911199,32.814,1,0
cifar100_lenet5,C1,478,1912,140,7.5,0.84482625482625484,32.269999999999996,0.94999999999999996,0
cifar100_lenet5,C1,479,1916,133,7.5,0.87409266409266417,32.671999999999997,1,0
cifar100_lenet5,C1,480,1920,136.5,7.5,0.87324324324324321,32.68,0.94999999999999996,0
cifar100_lenet5,C1,481,1924,139,7.5,0.87675675675675679,32.689999999999998,0.94999999999999996,0
cifar100_lenet5,C1,482,1928,133,7.5,0.88119691119691124,32.730000000000004,1,0
cifar100_lenet5,C1,483,1932,133.5,7.5,0.88687258687258697,32.707999999999998,1,0
cifar100_lenet5,C1,484,1936,132.5,7.5,0.87451737451737444,32.636000000000003,0.94999999999999996,0
cifar100_lenet5,C1,485,1940,135,7.5,0.88532818532818536,32.655999999999999,1,0
cifar100_lenet5,C1,486,1944,134.5,7.5,0.87359073359073369,32.832000000000001,1,0
cifar100_lenet5,C1,487,1948,154.5,7.5,0.87038610038610043,32.677999999999997,1,0
cifar100_lenet5,C1,488,1952,135,7.5,0.87810810810810813,32.692,1,0
cifar100_lenet5,C1,489,1956,135,7.5,0.88405405405405413,32.667999999999999,0.94999999999999996,0
cifar100_lenet5,C1,490,1960,140.5,7.5,0.87216216216216225,32.637999999999998,1,0
cifar100_lenet5,C1,491,1964,136.5,7.5,0.87656370656370652,32.631999999999998,1,0
cifar100_lenet5,C1,492,1968,136,7.5,0.87432432432432439,32.718000000000004,1,0
cifar100_lenet5,C1,493,1972,132,7.5,0.88204633204633198,32.640000000000001,1,0
cifar100_lenet5,C1,494,1976,133.5,7.5,0.87104247104247112,32.640000000000001,0.94999999999999996,0
cifar100_lenet5,C1,495,1980,133,7.5,0.8814671814671815,32.671999999999997,1,0
cifar100_lenet5,C1,496,1984,144,7.5,0.88193050193050193,32.713999999999999,1,0
cifar100_lenet5,C1,497,1988,132,7.5,0.85722007722007731,32.506,0.90000000000000002,0
cifar100_lenet5,C1,498,1992,133.5,7.5,0.87579150579150578,32.719999999999999,1,0
cifar100_lenet5,C1,499,1996,134.5,7.5,0.88416988416988418,32.712000000000003,1,0
cifar100_lenet5,C1,500,2000,133,7.5,0.86942084942084941,32.518000000000001,0.94999999999999996,0
cifar100_lenet5,C1,501,2004,133.5,7.5,0.87552123552123562,32.700000000000003,0.94999999999999996,0
cifar100_lenet5,C1,502,2008,140,7.5,0.85733590733590737,32.571999999999996,0.94999999999999996,0
cifar100_lenet5,C1,503,2012,133.5,7.5,0.86729729729729732,32.619999999999997,0.94999999999999996,0
cifar100_lenet5,C1,504,2016,135,7.5,0.87050193050193059,32.68,1,0
cifar100_lenet5,C1,505,2020,136,7.5,0.86934362934362941,32.701999999999998,0.94999999999999996,0
cifar100_lenet5,C1,506,2024,140.5,7.5,0.86162162162162159,32.616,0.94999999999999996,0
cifar100_lenet5,C1,507,2028,135.5,7.5,0.88034749034749038,32.719999999999999,1,0
cifar100_lenet5,C1,508,2032,133.5,7.5,0.88254826254826246,32.798000000000002,1,0
cifar100_lenet5,C1,509,2036,133.5,7.5,0.87401544401544395,32.594000000000001,1,0
cifar100_lenet5,C1,510,2040,136,7.5,0.87142857142857133,32.713999999999999,0.94999999999999996,0
cifar100_lenet5,C1,511,2044,134.5,7.5,0.88397683397683391,32.862000000000002,1,0
cifar100_lenet5,C1,512,2048,132,7.5,0.87528957528957529,32.659999999999997,1,0
cifar100_lenet5,C2,1,4,812,812,0.41138996138996137,25.800000000000001,0.14999999999999999,0.5
cifar100_lenet5,C2,2,8,481,413,0.58583011583011579,29.118000000000002,0.29999999999999999,0.25
cifar100_lenet5,C2,3,12,602.5,214,0.50984555984555979,27.693999999999999,0.14999999999999999,0.29999999999999999
cifar100_lenet5,C2,4,16,466.5,131,0.5767953667953668,28.48,0.40000000000000002,0.29999999999999999
cifar100_lenet5,C2,5,20,567.5,131,0.52528957528957532,28.489999999999998,0.25,0.25
cifar100_lenet5,C2,6,24,486.5,84,0.5523938223938224,27.862000000000002,0.29999999999999999,0.25
cifar100_lenet5,C2,7,28,564,75,0.52606177606177607,28.384000000000004,0.20000000000000001,0.20000000000000001
cifar100_lenet5,C2,8,32,672.5,75,0.46602316602316601,27.466000000000001,0.14999999999999999,0.29999999999999999
cifar100_lenet5,C2,9,36,532.5,75,0.5083011583011583,27.399999999999999,0.25,0.20000000000000001
cifar100_lenet5,C2,10,40,668.5,75,0.51621621621621627,28.786000000000001,0.14999999999999999,0.25
cifar100_lenet5,C2,11,44,643.5,74.5,0.54922779922779918,29.039999999999999,0.20000000000000001,0.29999999999999999
cifar100_lenet5,C2,12,48,482.5,69.5,0.58772200772200767,29.101999999999997,0.29999999999999999,0.25
cifar100_lenet5,C2,13,52,432,69.5,0.60575289575289581,29.977999999999998,0.20000000000000001,0.20000000000000001
cifar100_lenet5,C2,14,56,612,62.5,0.52907335907335906,27.678000000000004,0.34999999999999998,0.40000000000000002
cifar100_lenet5,C2,15,60,637.5,62.5,0.55602316602316604,29.492000000000001,0.14999999999999999,0.34999999999999998
cifar100_lenet5,C2,16,64,417,54.5,0.6070656370656371,29.439999999999998,0.34999999999999998,0.20000000000000001
cifar100_lenet5,C2,17,68,446.5,54.5,0.59571428571428575,29.733999999999998,0.14999999999999999,0.20000000000000001
cifar100_lenet5,C2,18,72,459,48.5,0.60540540540540544,29.524000000000001,0.34999999999999998,0.25
cifar100_lenet5,C2,19,76,522,48,0.58764478764478767,29.130000000000003,0.20000000000000001,0.14999999999999999
cifar100_lenet5,C2,20,80,640,48,0.44675675675675669,27.016000000000002,0.14999999999999999,0.40000000000000002
cifar100_lenet5,C2,21,84,409,48,0.61189189189189186,29.439999999999998,0.29999999999999999,0.20000000000000001
cifar100_lenet5,C2,22,88,765.5,48,0.43857142857142861,27.393999999999998,0.10000000000000001,0.45000000000000001
cifar100_lenet5,C2,23,92,603,48,0.54189189189189191,28.594000000000001,0.25,0.40000000000000002
cifar100_lenet5,C2,24,96,487,43,0.57594594594594595,28.645999999999997,0.34999999999999998,0.29999999999999999
cifar100_lenet5,C2,25,100,640,43,0.54509652509652518,28.863999999999997,0.34999999999999998,0.34999999999999998
cifar100_lenet5,C2,26,104,385,43,0.62003861003861005,30.038,0.29999999999999999,0.14999999999999999
cifar100_lenet5,C2,27,108,731.5,43,0.44961389961389964,27.130000000000003,0.14999999999999999,0.40000000000000002
cifar100_lenet5,C2,28,112,605,43,0.55633204633204636,28.818000000000001,0.25,0.29999999999999999
cifar100_lenet5,C2,29,116,721,43,0.50872586872586878,28.080000000000002,0.25,0.40000000000000002
cifar100_lenet5,C2,30,120,713.5,43,0.49324324324324326,28.318000000000001,0.10000000000000001,0.29999999999999999
cifar100_lenet5,C2,31,124,562.5,43,0.54922779922779918,28.836000000000002,0.29999999999999999,0.25
cifar100_lenet5,C2,32,128,439,43,0.57953667953667953,29.224,0.34999999999999998,0.20000000000000001
cifar100_lenet5,C2,33,132,365.5,43,0.63393822393822397,30.036000000000001,0.40000000000000002,0.20000000000000001
cifar100_lenet5,C2,34,136,379.5,36.5,0.61915057915057914,29.298000000000002,0.34999999999999998,0.20000000000000001
cifar100_lenet5,C2,35,140,230.5,36.5,0.768957528957529,31.431999999999999,0.55000000000000004,0.10000000000000001
cifar100_lenet5,C2,36,144,480.5,36.5,0.61505791505791507,29.628000000000004,0.34999999999999998,0.10000000000000001
cifar100_lenet5,C2,37,148,607,36.5,0.56351351351351353,28.771999999999998,0.34999999999999998,0.29999999999999999
cifar100_lenet5,C2,38,152,552.5,36.5,0.61776061776061775,30.257999999999999,0.29999999999999999,0.25
cifar100_lenet5,C2,39,156,436,36.5,0.6231660231660231,30.124000000000002,0.29999999999999999,0.25
cifar100_lenet5,C2,40,160,306,36.5,0.6976061776061776,30.423999999999999,0.45000000000000001,0.10000000000000001
cifar100_lenet5,C2,41,164,377,36.5,0.62386100386100385,29.57,0.34999999999999998,0.14999999999999999
cifar100_lenet5,C2,42,168,395,30.5,0.598030888030888,29.153999999999996,0.40000000000000002,0.25
cifar100_lenet5,C2,43,172,369,30.5,0.69343629343629343,31.013999999999999,0.34999999999999998,0.050000000000000003
cifar100_lenet5,C2,44,176,432,30.5,0.64552123552123553,30.23,0.40000000000000002,0.14999999999999999
cifar100_lenet5,C2,45,180,718,30.5,0.48355212355212351,27.827999999999996,0.20000000000000001,0.45000000000000001
cifar100_lenet5,C2,46,184,303.5,26.5,0.71714285714285719,31.167999999999999,0.5,0.14999999999999999
cifar100_lenet5,C2,47,188,385,26.5,0.65305019305019307,30.125999999999998,0.40000000000000002,0.14999999999999999
cifar100_lenet5,C2,48,192,307.5,26.5,0.6436679536679536,29.645999999999997,0.45000000000000001,0.20000000000000001
cifar100_lenet5,C2,49,196,312,26.5,0.69745173745173739,30.522000000000002,0.45000000000000001,0.050000000000000003
cifar100_lenet5,C2,50,200,262.5,26.5,0.7067181467181467,30.954000000000001,0.55000000000000004,0.14999999999999999
cifar100_lenet5,C2,51,204,205,26.5,0.69926640926640926,30.169999999999998,0.59999999999999998,0.14999999999999999
cifar100_lenet5,C2,52,208,420,26.5,0.63401544401544396,30.107999999999997,0.25,0.20000000000000001
cifar100_lenet5,C2,53,212,301,25,0.69239382239382241,30.477999999999998,0.45000000000000001,0.20000000000000001
cifar100_lenet5,C2,54,216,215.5,25,0.75459459459459466,31.25,0.75,0.050000000000000003
cifar100_lenet5,C2,55,220,308.5,25,0.61366795366795368,29.012,0.5,0.29999999999999999
cifar100_lenet5,C2,56,224,451.5,20,0.63050193050193049,30.136000000000003,0.40000000000000002,0.29999999999999999
cifar100_lenet5,C2,57,228,372.5,20,0.67961389961389962,30.857999999999997,0.34999999999999998,0.10000000000000001
cifar100_lenet5,C2,58,232,308,17.5,0.66239382239382238,29.845999999999997,0.45000000000000001,0.10000000000000001
cifar100_lenet5,C2,59,236,325,17.5,0.67830115830115834,30.433999999999997,0.45000000000000001,0.20000000000000001
cifar100_lenet5,C2,60,240,300.5,17.5,0.72999999999999998,31.32,0.5,0.10000000000000001
cifar100_lenet5,C2,61,244,367.5,17.5,0.63544401544401541,30.092000000000002,0.34999999999999998,0.20000000000000001
cifar100_lenet5,C2,62,248,354.5,17.5,0.69119691119691118,31.110000000000003,0.45000000000000001,0.14999999999999999
cifar100_lenet5,C2,63,252,487.5,17.5,0.60054054054054062,29.776,0.25,0.34999999999999998
cifar100_lenet5,C2,64,256,282.5,17.5,0.68729729729729727,30.344000000000001,0.5,0.10000000000000001
cifar100_lenet5,C2,65,260,216,17.5,0.74822393822393818,31.468,0.65000000000000002,0.10000000000000001
cifar100_lenet5,C2,66,264,291.5,17.5,0.75277992277992278,31.234000000000002,0.5,0.050000000000000003
cifar100_lenet5,C2,67,268,290.5,17.5,0.73220077220077218,31.149999999999999,0.45000000000000001,0.050000000000000003
cifar100_lenet5,C2,68,272,229,17.5,0.78942084942084945,31.975999999999999,0.65000000000000002,0
cifar100_lenet5,C2,69,276,273,17.5,0.69401544401544402,30.901999999999997,0.5,0.14999999999999999
cifar100_lenet5,C2,70,280,306.5,17.5,0.7050965250965251,30.898000000000003,0.45000000000000001,0.20000000000000001
cifar100_lenet5,C2,71,284,238,17.5,0.75517374517374525,31.43,0.55000000000000004,0.10000000000000001
cifar100_lenet5,C2,72,288,360,17.5,0.62366795366795369,29.594000000000001,0.29999999999999999,0.25
cifar100_lenet5,C2,73,292,262.5,17.5,0.68857142857142861,30.302,0.55000000000000004,0.14999999999999999
cifar100_lenet5,C2,74,296,274,17.5,0.70250965250965247,30.981999999999999,0.55000000000000004,0
cifar100_lenet5,C2,75,300,223.5,17.5,0.7772586872586873,31.760000000000002,0.75,0.050000000000000003
cifar100_lenet5,C2,76,304,261.5,17.5,0.71034749034749034,31.094000000000001,0.59999999999999998,0.14999999999999999
cifar100_lenet5,C2,77,308,242.5,17.5,0.73498069498069496,31.115999999999996,0.55000000000000004,0.20000000000000001
cifar100_lenet5,C2,78,312,262,17.5,0.70969111969111975,30.937999999999999,0.55000000000000004,0.10000000000000001
cifar100_lenet5,C2,79,316,289.5,17.5,0.75285714285714289,31.568000000000001,0.5,0.050000000000000003
cifar100_lenet5,C2,80,320,238.5,17.5,0.76482625482625477,31.901999999999997,0.59999999999999998,0.10000000000000001
cifar100_lenet5,C2,81,324,251.5,17.5,0.73687258687258683,31.489999999999998,0.59999999999999998,0.14999999999999999
cifar100_lenet5,C2,82,328,264.5,17.5,0.79961389961389961,32.061999999999998,0.55000000000000004,0.050000000000000003
cifar100_lenet5,C2,83,332,226,17.5,0.71764478764478767,31.101999999999997,0.55000000000000004,0.10000000000000001
cifar100_lenet5,C2,84,336,224,17.5,0.69339768339768337,30.558,0.55000000000000004,0.25
cifar100_lenet5,C2,85,340,242,17.5,0.76277992277992279,31.699999999999999,0.65000000000000002,0.050000000000000003
cifar100_lenet5,C2,86,344,188.5,17.5,0.79891891891891897,31.689999999999998,0.55000000000000004,0.050000000000000003
cifar100_lenet5,C2,87,348,289.5,17.5,0.70301158301158295,31.207999999999998,0.5,0.14999999999999999
cifar100_lenet5,C2,88,352,353,17.5,0.68374517374517374,30.889999999999997,0.40000000000000002,0.050000000000000003
cifar100_lenet5,C2,89,356,244.5,17.5,0.76007722007722012,31.588000000000001,0.69999999999999996,0.050000000000000003
cifar100_lenet5,C2,90,360,215.5,17.5,0.80810810810810807,32.417999999999999,0.80000000000000004,0.050000000000000003
cifar100_lenet5,C2,91,364,253,17.5,0.69285714285714284,30.445999999999998,0.55000000000000004,0.20000000000000001
cifar100_lenet5,C2,92,368,349.5,17.5,0.6397683397683398,30.612000000000002,0.34999999999999998,0.25
cifar100_lenet5,C2,93,372,164.5,17.5,0.79003861003861009,31.648000000000003,0.65000000000000002,0.10000000000000001
cifar100_lenet5,C2,94,376,299,17.5,0.63571428571428579,29.951999999999998,0.5,0.34999999999999998
cifar100_lenet5,C2,95,380,234.5,17.5,0.70335907335907333,31.187999999999999,0.59999999999999998,0.10000000000000001
cifar100_lenet5,C2,96,384,220,17.5,0.75003861003861005,31.092000000000002,0.65000000000000002,0.14999999999999999
cifar100_lenet5,C2,97,388,213,17.5,0.73837837837837839,31,0.75,0.10000000000000001
cifar100_lenet5,C2,98,392,201.5,17.5,0.79347490347490346,31.951999999999998,0.84999999999999998,0.050000000000000003
cifar100_lenet5,C2,99,396,251.5,17.5,0.80436293436293449,32.251999999999995,0.65000000000000002,0.050000000000000003
cifar100_lenet5,C2,100,400,240.5,17.5,0.78173745173745179,31.842000000000002,0.75,0.14999999999999999
cifar100_lenet5,C2,101,404,211,17.5,0.77876447876447874,31.989999999999998,0.69999999999999996,0.14999999999999999
cifar100_lenet5,C2,102,408,233.5,17.5,0.69922779922779932,30.262,0.55000000000000004,0.14999999999999999
cifar100_lenet5,C2,103,412,199,17.5,0.78447876447876452,32.036000000000001,0.65000000000000002,0.10000000000000001
cifar100_lenet5,C2,104,416,252,17.5,0.73254826254826255,31.338000000000001,0.59999999999999998,0.14999999999999999
cifar100_lenet5,C2,105,420,171.5,17.5,0.76509652509652504,31.289999999999999,0.65000000000000002,0.14999999999999999
cifar100_lenet5,C2,106,424,262.5,17.5,0.73864864864864865,31.695999999999998,0.55000000000000004,0.20000000000000001
cifar100_lenet5,C2,107,428,217,17.5,0.76166023166023167,31.516000000000002,0.59999999999999998,0.10000000000000001
cifar100_lenet5,C2,108,432,212,17.5,0.736911196911197,31.488,0.69999999999999996,0.14999999999999999
cifar100_lenet5,C2,109,436,198,17.5,0.822972972972973,32.341999999999999,0.80000000000000004,0.050000000000000003
cifar100_lenet5,C2,110,440,171.5,17.5,0.82714285714285718,32.280000000000001,0.69999999999999996,0
cifar100_lenet5,C2,111,444,326.5,17.5,0.69610038610038605,30.718,0.5,0.20000000000000001
cifar100_lenet5,C2,112,448,208,17.5,0.79509652509652518,31.981999999999999,0.75,0
cifar100_lenet5,C2,113,452,240,17.5,0.76752895752895756,31.887999999999998,0.69999999999999996,0.10000000000000001
cifar100_lenet5,C2,114,456,260.5,17.5,0.73061776061776063,31.362000000000002,0.69999999999999996,0.20000000000000001
cifar100_lenet5,C2,115,460,225.5,17.5,0.77227799227799232,31.850000000000001,0.65000000000000002,0.050000000000000003
cifar100_lenet5,C2,116,464,168,17.5,0.85451737451737453,32.554000000000002,0.90000000000000002,0
cifar100_lenet5,C2,117,468,256,17.5,0.76200772200772193,31.889999999999997,0.5,0.10000000000000001
cifar100_lenet5,C2,118,472,250,17.5,0.69571428571428573,30.756,0.59999999999999998,0.20000000000000001
cifar100_lenet5,C2,119,476,202.5,17.5,0.79830115830115833,32.025999999999996,0.65000000000000002,0
cifar100_lenet5,C2,120,480,206,17.5,0.8106177606177607,32.480000000000004,0.80000000000000004,0
cifar100_lenet5,C2,121,484,205,17.5,0.81718146718146722,32.43,0.75,0
cifar100_lenet5,C2,122,488,232,17.5,0.77826254826254826,31.765999999999998,0.69999999999999996,0.050000000000000003
cifar100_lenet5,C2,123,492,219.5,17.5,0.8016602316602317,32.061999999999998,0.75,0.10000000000000001
cifar100_lenet5,C2,124,496,218.5,17.5,0.77617760617760623,31.681999999999999,0.75,0.10000000000000001
cifar100_lenet5,C2,125,500,253,17.5,0.74138996138996138,31.577999999999996,0.65000000000000002,0.14999999999999999
cifar100_lenet5,C2,126,504,183,17.5,0.81525096525096519,32.195999999999998,0.69999999999999996,0.050000000000000003
cifar100_lenet5,C2,127,508,224,17.5,0.79212355212355212,31.701999999999998,0.69999999999999996,0.050000000000000003
cifar100_lenet5,C2,128,512,221,17.5,0.7811583011583012,31.716000000000001,0.75,0.10000000000000001
cifar100_lenet5,C2,129,516,234.5,17.5,0.78571428571428581,31.898000000000003,0.69999999999999996,0.050000000000000003
cifar100_lenet5,C2,130,520,217.5,17.5,0.81270270270270273,32.463999999999999,0.80000000000000004,0.050000000000000003
cifar100_lenet5,C2,131,524,235,17.5,0.76891891891891895,31.616000000000003,0.75,0.10000000000000001
cifar100_lenet5,C2,132,528,226.5,17.5,0.77011583011583018,31.695999999999998,0.80000000000000004,0.050000000000000003
cifar100_lenet5,C2,133,532,200.5,17.5,0.73857142857142866,31.062000000000001,0.69999999999999996,0.14999999999999999
cifar100_lenet5,C2,134,536,238,17.5,0.78436293436293436,32.103999999999999,0.65000000000000002,0.050000000000000003
cifar100_lenet5,C2,135,540,211,17.5,0.77227799227799232,31.630000000000003,0.80000000000000004,0.050000000000000003
cifar100_lenet5,C2,136,544,229,17.5,0.80861003861003855,32.230000000000004,0.84999999999999998,0
cifar100_lenet5,C2,137,548,199.5,17.5,0.81737451737451727,32.472000000000001,0.84999999999999998,0.050000000000000003
cifar100_lenet5,C2,138,552,235.5,17.5,0.79756756756756764,31.975999999999999,0.69999999999999996,0
cifar100_lenet5,C2,139,556,249.5,17.5,0.73034749034749036,31.216000000000001,0.69999999999999996,0
cifar100_lenet5,C2,140,560,152.5,17.5,0.82656370656370659,32.329999999999998,0.80000000000000004,0
cifar100_lenet5,C2,141,564,221,17.5,0.80992277992277995,32.310000000000002,0.75,0.050000000000000003
cifar100_lenet5,C2,142,568,162,17.5,0.84822393822393827,32.700000000000003,0.94999999999999996,0
cifar100_lenet5,C2,143,572,219.5,17.5,0.80154440154440143,32.259999999999998,0.75,0.050000000000000003
cifar100_lenet5,C2,144,576,162.5,17.5,0.81555984555984562,32.392000000000003,0.75,0
cifar100_lenet5,C2,145,580,188,17.5,0.8304633204633205,32.195999999999998,0.90000000000000002,0
cifar100_lenet5,C2,146,584,231,17.5,0.77459459459459468,31.765999999999998,0.69999999999999996,0.050000000000000003
cifar100_lenet5,C2,147,588,201.5,17.5,0.81633204633204637,32.314,0.80000000000000004,0.050000000000000003
cifar100_lenet5,C2,148,592,207,17.5,0.8335521235521236,32.640000000000001,0.84999999999999998,0
cifar100_lenet5,C2,149,596,234.5,17.5,0.81320463320463321,32.456000000000003,0.80000000000000004,0
cifar100_lenet5,C2,150,600,230.5,17.5,0.81664092664092658,32.566000000000003,0.84999999999999998,0.050000000000000003
cifar100_lenet5,C2,151,604,228.5,17.5,0.80752895752895759,32.204000000000001,0.84999999999999998,0
cifar100_lenet5,C2,152,608,266,17.5,0.78200772200772195,32.269999999999996,0.80000000000000004,0.050000000000000003
cifar100_lenet5,C2,153,612,172,17.5,0.83123552123552125,32.369999999999997,0.90000000000000002,0.050000000000000003
cifar100_lenet5,C2,154,616,213,17.5,0.77069498069498077,31.506,0.80000000000000004,0.050000000000000003
cifar100_lenet5,C2,155,620,255,17.5,0.77166023166023168,32.142000000000003,0.75,0
cifar100_lenet5,C2,156,624,228.5,17.5,0.79193050193050196,32.212000000000003,0.69999999999999996,0.050000000000000003
cifar100_lenet5,C2,157,628,230,17.5,0.78980694980694977,31.893999999999998,0.84999999999999998,0.050000000000000003
cifar100_lenet5,C2,158,632,193,17.5,0.82918918918918916,32.422000000000004,0.90000000000000002,0.050000000000000003
cifar100_lenet5,C2,159,636,271,17.5,0.7286872586872587,31.588000000000001,0.69999999999999996,0.14999999999999999
cifar100_lenet5,C2,160,640,216,17.5,0.82729729729729728,32.649999999999999,0.84999999999999998,0
cifar100_lenet5,C2,161,644,215,17.5,0.83934362934362938,32.718000000000004,0.94999999999999996,0
cifar100_lenet5,C2,162,648,227.5,17.5,0.79787644787644785,31.921999999999997,0.80000000000000004,0.050000000000000003
cifar100_lenet5,C2,163,652,214.5,17.5,0.82629343629343632,32.616,0.84999999999999998,0
cifar100_lenet5,C2,164,656,194,17.5,0.80861003861003855,32.077999999999996,0.90000000000000002,0.050000000000000003
cifar100_lenet5,C2,165,660,199,17.5,0.83907335907335912,32.560000000000002,0.84999999999999998,0
cifar100_lenet5,C2,166,664,198.5,17.5,0.82185328185328177,32.513999999999996,0.84999999999999998,0.050000000000000003
cifar100_lenet5,C2,167,668,218.5,17.5,0.80768339768339759,32.037999999999997,0.94999999999999996,0.050000000000000003
cifar100_lenet5,C2,168,672,165.5,17.5,0.82459459459459461,32.119999999999997,0.80000000000000004,0
cifar100_lenet5,C2,169,676,203,17.5,0.84521235521235527,32.665999999999997,0.94999999999999996,0
cifar100_lenet5,C2,170,680,207.5,17.5,0.75779922779922781,31.339999999999996,0.69999999999999996,0.10000000000000001
cifar100_lenet5,C2,171,684,242.5,17.5,0.82204633204633204,32.648000000000003,0.90000000000000002,0
cifar100_lenet5,C2,172,688,229.5,17.5,0.77722007722007724,31.984000000000002,0.84999999999999998,0.14999999999999999
cifar100_lenet5,C2,173,692,227.5,17.5,0.82702702702702702,32.597999999999999,0.90000000000000002,0
cifar100_lenet5,C2,174,696,180,17.5,0.85501930501930501,32.686,0.94999999999999996,0
cifar100_lenet5,C2,175,700,197.5,17.5,0.82247104247104252,32.543999999999997,0.84999999999999998,0
cifar100_lenet5,C2,176,704,188.5,17.5,0.83918918918918917,32.616,0.80000000000000004,0
cifar100_lenet5,C2,177,708,234,17.5,0.81277992277992284,32.507999999999996,0.90000000000000002,0.050000000000000003
cifar100_lenet5,C2,178,712,195.5,17.5,0.82945945945945943,32.380000000000003,0.94999999999999996,0
cifar100_lenet5,C2,179,716,202.5,17.5,0.82945945945945943,32.724000000000004,0.94999999999999996,0.050000000000000003
cifar100_lenet5,C2,180,720,207.5,17.5,0.84027027027027024,32.68,0.90000000000000002,0
cifar100_lenet5,C2,181,724,229.5,17.5,0.78023166023166024,32.155999999999999,0.75,0.10000000000000001
cifar100_lenet5,C2,182,728,201,17.5,0.84795366795366789,32.654000000000003,0.94999999999999996,0
cifar100_lenet5,C2,183,732,211.5,17.5,0.82521235521235514,32.524000000000001,0.94999999999999996,0.050000000000000003
cifar100_lenet5,C2,184,736,230,17.5,0.82571428571428584,32.649999999999999,0.90000000000000002,0
cifar100_lenet5,C2,185,740,248,17.5,0.76316602316602311,31.673999999999999,0.80000000000000004,0.050000000000000003
cifar100_lenet5,C2,186,744,204,17.5,0.84521235521235527,32.677999999999997,0.94999999999999996,0
cifar100_lenet5,C2,187,748,227,17.5,0.81200772200772209,32.486000000000004,0.90000000000000002,0.050000000000000003
cifar100_lenet5,C2,188,752,203.5,17.5,0.80984555984555995,32.314,0.84999999999999998,0
cifar100_lenet5,C2,189,756,211,17.5,0.84042471042471045,32.707999999999998,0.90000000000000002,0
cifar100_lenet5,C2,190,760,209,17.5,0.83911196911196906,32.673999999999999,0.94999999999999996,0
cifar100_lenet5,C2,191,764,158.5,17.5,0.82169884169884178,32.460000000000001,0.90000000000000002,0.10000000000000001
cifar100_lenet5,C2,192,768,218.5,17.5,0.81042471042471043,32.442,0.75,0
cifar100_lenet5,C2,193,772,199.5,17.5,0.84498069498069506,32.573999999999998,0.90000000000000002,0
cifar100_lenet5,C2,194,776,173.5,17.5,0.8489189189189188,32.673999999999999,0.90000000000000002,0
cifar100_lenet5,C2,195,780,210,17.5,0.84084942084942083,32.756,1,0
cifar100_lenet5,C2,196,784,179.5,17.5,0.82324324324324327,32.444000000000003,0.90000000000000002,0.050000000000000003
cifar100_lenet5,C2,197,788,206,17.5,0.83351351351351344,32.686,0.94999999999999996,0
cifar100_lenet5,C2,198,792,217,17.5,0.8350965250965251,32.652000000000001,0.94999999999999996,0
cifar100_lenet5,C2,199,796,199,17.5,0.82907335907335911,32.648000000000003,0.94999999999999996,0.050000000000000003
cifar100_lenet5,C2,200,800,219,17.5,0.83073359073359077,32.719999999999999,0.84999999999999998,0
cifar100_lenet5,C2,201,804,207,17.5,0.83393822393822392,32.724000000000004,0.94999999999999996,0
cifar100_lenet5,C2,202,808,197,17.5,0.83764478764478767,32.548000000000002,0.84999999999999998,0
cifar100_lenet5,C2,203,812,207,17.5,0.82359073359073365,32.594000000000001,0.90000000000000002,0.050000000000000003
cifar100_lenet5,C2,204,816,206,17.5,0.80664092664092668,32.079999999999998,0.84999999999999998,0.050000000000000003
cifar100_lenet5,C2,205,820,257.5,17.5,0.78166023166023169,32.158000000000001,0.75,0.10000000000000001
cifar100_lenet5,C2,206,824,225.5,17.5,0.82644787644787654,32.712000000000003,0.90000000000000002,0
cifar100_lenet5,C2,207,828,207,17.5,0.82830115830115825,32.666000000000004,0.90000000000000002,0
cifar100_lenet5,C2,208,832,173.5,17.5,0.84687258687258693,32.612000000000002,0.90000000000000002,0
cifar100_lenet5,C2,209,836,207,17.5,0.83019305019305012,32.689999999999998,0.90000000000000002,0
cifar100_lenet5,C2,210,840,150.5,17.5,0.85154440154440159,32.601999999999997,0.90000000000000002,0
cifar100_lenet5,C2,211,844,216.5,17.5,0.81057915057915064,32.338000000000001,0.80000000000000004,0.050000000000000003
cifar100_lenet5,C2,212,848,151,17.5,0.84451737451737452,32.542000000000002,0.94999999999999996,0.050000000000000003
cifar100_lenet5,C2,213,852,160.5,17.5,0.86239382239382234,32.835999999999999,1,0
cifar100_lenet5,C2,214,856,247,17.5,0.83629343629343622,32.769999999999996,1,0
cifar100_lenet5,C2,215,860,199,17.5,0.82961389961389964,32.585999999999999,0.94999999999999996,0.050000000000000003
cifar100_lenet5,C2,216,864,207.5,17.5,0.82166023166023161,32.498000000000005,0.94999999999999996,0.050000000000000003
cifar100_lenet5,C2,217,868,207.5,17.5,0.80594594594594593,32.347999999999999,0.84999999999999998,0.050000000000000003
cifar100_lenet5,C2,218,872,257.5,17.5,0.78119691119691115,31.886000000000003,0.80000000000000004,0.050000000000000003
cifar100_lenet5,C2,219,876,206.5,17.5,0.83841698841698842,32.826000000000001,1,0
cifar100_lenet5,C2,220,880,203,17.5,0.81525096525096519,32.004000000000005,0.84999999999999998,0.050000000000000003
cifar100_lenet5,C2,221,884,211.5,17.5,0.82872586872586873,32.769999999999996,0.94999999999999996,0
cifar100_lenet5,C2,222,888,198,17.5,0.82633204633204627,32.646000000000001,0.94999999999999996,0.050000000000000003
cifar100_lenet5,C2,223,892,235,17.5,0.81038610038610037,32.488,0.90000000000000002,0.050000000000000003
cifar100_lenet5,C2,224,896,202,17.5,0.85100386100386094,32.727999999999994,0.90000000000000002,0
cifar100_lenet5,C2,225,900,194,13,0.84204633204633195,32.489999999999995,0.90000000000000002,0.050000000000000003
cifar100_lenet5,C2,226,904,205,13,0.84563706563706575,32.766000000000005,1,0
cifar100_lenet5,C2,227,908,202,13,0.84162162162162168,32.826000000000001,0.94999999999999996,0
cifar100_lenet5,C2,228,912,208,13,0.84104247104247098,32.757999999999996,0.94999999999999996,0
cifar100_lenet5,C2,229,916,229.5,13,0.82220077220077226,32.628,0.84999999999999998,0
cifar100_lenet5,C2,230,920,196.5,13,0.84706563706563709,32.787999999999997,1,0
cifar100_lenet5,C2,231,924,203,13,0.8405405405405405,32.748000000000005,0.94999999999999996,0
cifar100_lenet5,C2,232,928,200.5,13,0.83984555984555986,32.561999999999998,0.90000000000000002,0
cifar100_lenet5,C2,233,932,227.5,13,0.81258687258687257,32.515999999999998,0.90000000000000002,0.050000000000000003
cifar100_lenet5,C2,234,936,212,13,0.7911583011583011,31.974,0.84999999999999998,0.050000000000000003
cifar100_lenet5,C2,235,940,209,13,0.82579150579150584,32.510000000000005,0.90000000000000002,0.050000000000000003
cifar100_lenet5,C2,236,944,203.5,13,0.84633204633204639,32.887999999999998,1,0
cifar100_lenet5,C2,237,948,208.5,13,0.82922779922779921,32.545999999999999,0.84999999999999998,0
cifar100_lenet5,C2,238,952,203,13,0.85173745173745163,32.798000000000002,1,0
cifar100_lenet5,C2,239,956,206.5,13,0.80745173745173737,32.410000000000004,0.84999999999999998,0.050000000000000003
cifar100_lenet5,C2,240,960,207,13,0.7871814671814672,31.892000000000003,0.80000000000000004,0
cifar100_lenet5,C2,241,964,215,13,0.83270270270270275,32.730000000000004,0.94999999999999996,0
cifar100_lenet5,C2,242,968,162.5,13,0.86501930501930491,32.792000000000002,1,0
cifar100_lenet5,C2,243,972,161.5,13,0.84254826254826265,32.594000000000001,0.94999999999999996,0.050000000000000003
cifar100_lenet5,C2,244,976,203.5,13,0.82930501930501932,32.658000000000001,0.90000000000000002,0
cifar100_lenet5,C2,245,980,206,13,0.82548262548262552,32.609999999999999,0.94999999999999996,0.050000000000000003
cifar100_lenet5,C2,246,984,198.5,13,0.85378378378378383,32.783999999999999,1,0
cifar100_lenet5,C2,247,988,214,13,0.79949806949806956,32.480000000000004,0.84999999999999998,0.050000000000000003
cifar100_lenet5,C2,248,992,211.5,13,0.83613899613899623,32.658000000000001,0.94999999999999996,0
cifar100_lenet5,C2,249,996,155,13,0.83447876447876457,32.542000000000002,0.90000000000000002,0.050000000000000003
cifar100_lenet5,C2,250,1000,212,13,0.82262548262548252,32.646000000000001,0.94999999999999996,0
cifar100_lenet5,C2,251,1004,156,13,0.84312741312741313,32.545999999999999,0.90000000000000002,0
cifar100_lenet5,C2,252,1008,158.5,13,0.86922779922779925,32.712000000000003,1,0
cifar100_lenet5,C2,253,1012,203,13,0.83027027027027034,32.616,0.94999999999999996,0.050000000000000003
cifar100_lenet5,C2,254,1016,206.5,13,0.83397683397683386,32.68,0.90000000000000002,0
cifar100_lenet5,C2,255,1020,197,13,0.84617760617760618,32.713999999999999,1,0
cifar100_lenet5,C2,256,1024,212,13,0.83760617760617762,32.744,0.94999999999999996,0
cifar100_lenet5,C2,257,1028,160.5,13,0.85745173745173742,32.763999999999996,0.94999999999999996,0
cifar100_lenet5,C2,258,1032,205,13,0.84231660231660244,32.618000000000002,0.94999999999999996,0
cifar100_lenet5,C2,259,1036,194.5,13,0.81594594594594594,32.194000000000003,0.90000000000000002,0.050000000000000003
cifar100_lenet5,C2,260,1040,205,13,0.8465637065637065,32.631999999999998,0.94999999999999996,0
cifar100_lenet5,C2,261,1044,204,13,0.84328185328185334,32.845999999999997,1,0
cifar100_lenet5,C2,262,1048,166.5,13,0.8439768339768341,32.774000000000001,0.94999999999999996,0
cifar100_lenet5,C2,263,1052,153,13,0.86764478764478759,32.774000000000001,1,0
cifar100_lenet5,C2,264,1056,178,13,0.83583011583011579,32.573999999999998,0.94999999999999996,0.050000000000000003
cifar100_lenet5,C2,265,1060,161.5,13,0.86154440154440159,32.777999999999999,1,0
cifar100_lenet5,C2,266,1064,212.5,13,0.81335907335907331,32.554000000000002,0.90000000000000002,0.050000000000000003
cifar100_lenet5,C2,267,1068,205.5,13,0.85277992277992287,32.808,1,0
cifar100_lenet5,C2,268,1072,164,13,0.86181467181467186,32.744,1,0
cifar100_lenet5,C2,269,1076,206.5,13,0.82455598455598467,32.384,0.94999999999999996,0
cifar100_lenet5,C2,270,1080,193.5,13,0.85050193050193046,32.730000000000004,0.94999999999999996,0
cifar100_lenet5,C2,271,1084,176.5,13,0.83965250965250959,32.543999999999997,0.94999999999999996,0.050000000000000003
cifar100_lenet5,C2,272,1088,177.5,13,0.84424710424710425,32.722000000000001,0.94999999999999996,0
cifar100_lenet5,C2,273,1092,201,13,0.84664092664092672,32.847999999999999,1,0
cifar100_lenet5,C2,274,1096,220.5,13,0.81810810810810808,32.465999999999994,0.90000000000000002,0.050000000000000003
cifar100_lenet5,C2,275,1100,176,13,0.86254826254826256,32.805999999999997,1,0
cifar100_lenet5,C2,276,1104,169,13,0.86444015444015443,32.745999999999995,1,0
cifar100_lenet5,C2,277,1108,191,13,0.86123552123552116,32.822000000000003,1,0
cifar100_lenet5,C2,278,1112,161,13,0.85845559845559849,32.760000000000005,0.94999999999999996,0
cifar100_lenet5,C2,279,1116,206.5,13,0.85177606177606191,32.742000000000004,1,0
cifar100_lenet5,C2,280,1120,173,13,0.86150579150579154,32.893999999999998,1,0
cifar100_lenet5,C2,281,1124,191,13,0.81501930501930497,32.052,0.84999999999999998,0.050000000000000003
cifar100_lenet5,C2,282,1128,205,13,0.85115830115830116,32.763999999999996,1,0
cifar100_lenet5,C2,283,1132,153.5,13,0.84791505791505783,32.480000000000004,0.94999999999999996,0.050000000000000003
cifar100_lenet5,C2,284,1136,197,13,0.82783783783783771,32.518000000000001,0.90000000000000002,0.050000000000000003
cifar100_lenet5,C2,285,1140,216.5,13,0.79969111969111972,31.989999999999998,0.84999999999999998,0.050000000000000003
cifar100_lenet5,C2,286,1144,176.5,13,0.83212355212355216,32.432000000000002,0.90000000000000002,0.050000000000000003
cifar100_lenet5,C2,287,1148,206,13,0.84880308880308886,32.809999999999995,1,0
cifar100_lenet5,C2,288,1152,204.5,13,0.84598455598455602,32.670000000000002,1,0
cifar100_lenet5,C2,289,1156,160,13,0.85799227799227806,32.809999999999995,1,0
cifar100_lenet5,C2,290,1160,189,13,0.85822393822393828,32.774000000000001,1,0
cifar100_lenet5,C2,291,1164,190,13,0.85837837837837827,32.82,1,0
cifar100_lenet5,C2,292,1168,199,13,0.84992277992277998,32.742000000000004,1,0
cifar100_lenet5,C2,293,1172,205,13,0.84378378378378383,32.682000000000002,0.94999999999999996,0
cifar100_lenet5,C2,294,1176,164.5,13,0.86324324324324331,32.727999999999994,1,0
cifar100_lenet5,C2,295,1180,205.5,13,0.84598455598455602,32.742000000000004,1,0
cifar100_lenet5,C2,296,1184,195,13,0.85308880308880308,32.694000000000003,1,0
cifar100_lenet5,C2,297,1188,204.5,13,0.83521235521235526,32.677999999999997,0.94999999999999996,0
cifar100_lenet5,C2,298,1192,198.5,13,0.84135135135135142,32.619999999999997,0.94999999999999996,0
cifar100_lenet5,C2,299,1196,204.5,13,0.81664092664092658,32.390000000000001,0.90000000000000002,0.050000000000000003
cifar100_lenet5,C2,300,1200,184.5,13,0.85223938223938212,32.676000000000002,0.94999999999999996,0
cifar100_lenet5,C2,301,1204,177.5,13,0.85231660231660233,32.648000000000003,0.94999999999999996,0
cifar100_lenet5,C2,302,1208,177.5,13,0.85938223938223945,32.727999999999994,1,0
cifar100_lenet5,C2,303,1212,197,13,0.84833976833976832,32.706000000000003,0.94999999999999996,0
cifar100_lenet5,C2,304,1216,248,13,0.82833976833976841,32.655999999999999,0.94999999999999996,0
cifar100_lenet5,C2,305,1220,160,13,0.86606177606177615,32.75,1,0
cifar100_lenet5,C2,306,1224,162.5,13,0.8631660231660232,32.731999999999999,1,0
cifar100_lenet5,C2,307,1228,150.5,13,0.87876447876447872,32.793999999999997,1,0
cifar100_lenet5,C2,308,1232,155,13,0.84467181467181474,32.577999999999996,0.94999999999999996,0.050000000000000003
cifar100_lenet5,C2,309,1236,179.5,13,0.8418532818532819,32.667999999999999,0.90000000000000002,0
cifar100_lenet5,C2,310,1240,149,13,0.86637065637065636,32.718000000000004,1,0
cifar100_lenet5,C2,311,1244,180,13,0.83324324324324317,32.492000000000004,0.84999999999999998,0.050000000000000003
cifar100_lenet5,C2,312,1248,209,13,0.83057915057915055,32.567999999999998,0.90000000000000002,0
cifar100_lenet5,C2,313,1252,157,13,0.85833976833976833,32.771999999999998,0.94999999999999996,0
cifar100_lenet5,C2,314,1256,161.5,13,0.85841698841698855,32.624000000000002,0.94999999999999996,0
cifar100_lenet5,C2,315,1260,147.5,13,0.86378378378378373,32.741999999999997,1,0
cifar100_lenet5,C2,316,1264,205,13,0.84262548262548265,32.775999999999996,1,0
cifar100_lenet5,C2,317,1268,198,13,0.83714285714285719,32.624000000000002,0.90000000000000002,0
cifar100_lenet5,C2,318,1272,183.5,13,0.81486486486486487,32.160000000000004,0.94999999999999996,0.050000000000000003
cifar100_lenet5,C2,319,1276,176.5,13,0.86552123552123561,32.719999999999999,1,0
cifar100_lenet5,C2,320,1280,197,13,0.83440154440154435,32.655999999999999,0.90000000000000002,0
cifar100_lenet5,C2,321,1284,183,13,0.85150579150579142,32.671999999999997,0.94999999999999996,0
cifar100_lenet5,C2,322,1288,151.5,13,0.86544401544401539,32.826000000000001,1,0
cifar100_lenet5,C2,323,1292,176.5,13,0.85042471042471046,32.863999999999997,1,0
cifar100_lenet5,C2,324,1296,204,13,0.84077220077220072,32.763999999999996,1,0
cifar100_lenet5,C2,325,1300,160.5,13,0.84841698841698832,32.701999999999998,0.90000000000000002,0
cifar100_lenet5,C2,326,1304,142,13,0.86706563706563711,32.845999999999997,1,0
cifar100_lenet5,C2,327,1308,203.5,13,0.82640926640926637,32.595999999999997,0.90000000000000002,0.050000000000000003
cifar100_lenet5,C2,328,1312,192.5,13,0.85316602316602308,32.886000000000003,1,0
cifar100_lenet5,C2,329,1316,172.5,13,0.86196911196911208,32.787999999999997,1,0
cifar100_lenet5,C2,330,1320,205,13,0.83741312741312746,32.634,0.94999999999999996,0
cifar100_lenet5,C2,331,1324,150.5,13,0.86540540540540545,32.647999999999996,1,0
cifar100_lenet5,C2,332,1328,160,13,0.86185328185328181,32.725999999999999,1,0
cifar100_lenet5,C2,333,1332,196.5,13,0.8571428571428571,32.811999999999998,1,0
cifar100_lenet5,C2,334,1336,194,13,0.85382239382239378,32.703999999999994,1,0
cifar100_lenet5,C2,335,1340,177.5,13,0.85289575289575281,32.751999999999995,1,0
cifar100_lenet5,C2,336,1344,180.5,13,0.82540540540540541,32.415999999999997,0.90000000000000002,0.050000000000000003
cifar100_lenet5,C2,337,1348,146.5,13,0.85208494208494212,32.591999999999999,0.94999999999999996,0.050000000000000003
cifar100_lenet5,C2,338,1352,163.5,13,0.86119691119691111,32.833999999999996,1,0
cifar100_lenet5,C2,339,1356,157,13,0.85996138996138993,32.789999999999999,1,0
cifar100_lenet5,C2,340,1360,198.5,13,0.84335907335907334,32.731999999999999,0.94999999999999996,0
cifar100_lenet5,C2,341,1364,149,13,0.86378378378378373,32.815999999999995,1,0
cifar100_lenet5,C2,342,1368,178.5,13,0.85142857142857142,32.763999999999996,0.94999999999999996,0
cifar100_lenet5,C2,343,1372,169,13,0.83447876447876457,32.539999999999999,0.90000000000000002,0.050000000000000003
cifar100_lenet5,C2,344,1376,149,13,0.86343629343629347,32.759999999999998,1,0
cifar100_lenet5,C2,345,1380,147,13,0.87830115830115818,32.781999999999996,1,0
cifar100_lenet5,C2,346,1384,189.5,13,0.85687258687258683,32.640000000000001,1,0
cifar100_lenet5,C2,347,1388,139,13,0.83200772200772199,32.088000000000001,0.94999999999999996,0.050000000000000003
cifar100_lenet5,C2,348,1392,191.5,13,0.85185328185328191,32.769999999999996,1,0
cifar100_lenet5,C2,349,1396,160.5,13,0.85590733590733592,32.742000000000004,0.94999999999999996,0
cifar100_lenet5,C2,350,1400,189,13,0.86154440154440159,32.616,1,0
cifar100_lenet5,C2,351,1404,204,13,0.82814671814671814,32.542000000000002,0.90000000000000002,0.050000000000000003
cifar100_lenet5,C2,352,1408,173.5,13,0.86389961389961401,32.780000000000001,1,0
cifar100_lenet5,C2,353,1412,172.5,13,0.83378378378378382,32.600000000000001,0.94999999999999996,0.050000000000000003
cifar100_lenet5,C2,354,1416,199,13,0.85455598455598447,32.75,1,0
cifar100_lenet5,C2,355,1420,192,13,0.83926640926640927,32.736000000000004,0.94999999999999996,0
cifar100_lenet5,C2,356,1424,156,13,0.82505791505791515,32.091999999999999,0.94999999999999996,0.050000000000000003
cifar100_lenet5,C2,357,1428,157,13,0.8677992277992278,32.799999999999997,1,0
cifar100_lenet5,C2,358,1432,191,13,0.85181467181467185,32.835999999999999,1,0
cifar100_lenet5,C2,359,1436,147,13,0.85876447876447881,32.748000000000005,1,0
cifar100_lenet5,C2,360,1440,176.5,13,0.84718146718146714,32.745999999999995,0.94999999999999996,0
cifar100_lenet5,C2,361,1444,203,13,0.85061776061776073,32.713999999999999,0.94999999999999996,0
cifar100_lenet5,C2,362,1448,147,13,0.86621621621621614,32.704000000000001,1,0
cifar100_lenet5,C2,363,1452,204,13,0.82895752895752894,32.577999999999996,0.94999999999999996,0.050000000000000003
cifar100_lenet5,C2,364,1456,145.5,13,0.86173745173745186,32.838000000000001,1,0
cifar100_lenet5,C2,365,1460,158,13,0.850965250965251,32.613999999999997,0.94999999999999996,0
cifar100_lenet5,C2,366,1464,203.5,13,0.82926640926640938,32.582000000000001,0.90000000000000002,0.050000000000000003
cifar100_lenet5,C2,367,1468,156,13,0.86154440154440159,32.736000000000004,1,0
cifar100_lenet5,C2,368,1472,186.5,13,0.86011583011583015,32.68,1,0
cifar100_lenet5,C2,369,1476,142.5,13,0.85683397683397688,32.609999999999999,0.90000000000000002,0
cifar100_lenet5,C2,370,1480,137.5,13,0.86482625482625486,32.765999999999998,1,0
cifar100_lenet5,C2,371,1484,172.5,13,0.85918918918918918,32.769999999999996,1,0
cifar100_lenet5,C2,372,1488,146,13,0.86644787644787635,32.804000000000002,1,0
cifar100_lenet5,C2,373,1492,158.5,13,0.84999999999999998,32.607999999999997,0.94999999999999996,0
cifar100_lenet5,C2,374,1496,191.5,13,0.85803088803088801,32.763999999999996,1,0
cifar100_lenet5,C2,375,1500,225.5,13,0.82459459459459461,32.625999999999998,0.90000000000000002,0
cifar100_lenet5,C2,376,1504,193.5,13,0.84702702702702692,32.713999999999999,0.94999999999999996,0
cifar100_lenet5,C2,377,1508,146,13,0.87722007722007722,32.712000000000003,1,0
cifar100_lenet5,C2,378,1512,177,13,0.82691119691119697,32.618000000000002,0.90000000000000002,0.050000000000000003
cifar100_lenet5,C2,379,1516,140.5,13,0.87061776061776064,32.774000000000001,1,0
cifar100_lenet5,C2,380,1520,141,13,0.87061776061776064,32.781999999999996,1,0
cifar100_lenet5,C2,381,1524,138,13,0.85922779922779924,32.774000000000001,1,0
cifar100_lenet5,C2,382,1528,142.5,13,0.87019305019305015,32.841999999999999,1,0
cifar100_lenet5,C2,383,1532,189.5,13,0.82613899613899611,32.531999999999996,0.90000000000000002,0.050000000000000003
cifar100_lenet5,C2,384,1536,150,13,0.86146718146718138,32.673999999999999,0.94999999999999996,0
cifar100_lenet5,C2,385,1540,154,13,0.86733590733590726,32.777999999999999,1,0
cifar100_lenet5,C2,386,1544,145,13,0.86540540540540545,32.730000000000004,1,0
cifar100_lenet5,C2,387,1548,193.5,13,0.85297297297297303,32.763999999999996,1,0
cifar100_lenet5,C2,388,1552,151,13,0.84787644787644789,32.564,0.94999999999999996,0
cifar100_lenet5,C2,389,1556,132,13,0.87976833976833979,32.600000000000001,0.94999999999999996,0
cifar100_lenet5,C2,390,1560,156,13,0.86092664092664095,32.757999999999996,1,0
cifar100_lenet5,C2,391,1564,172.5,13,0.84281853281853292,32.683999999999997,0.94999999999999996,0
cifar100_lenet5,C2,392,1568,148.5,13,0.84976833976833976,32.564,0.90000000000000002,0
cifar100_lenet5,C2,393,1572,139,13,0.85992277992277999,32.658000000000001,0.94999999999999996,0
cifar100_lenet5,C2,394,1576,138,13,0.86783783783783774,32.707999999999998,0.94999999999999996,0
cifar100_lenet5,C2,395,1580,139.5,13,0.88065637065637059,32.68,1,0
cifar100_lenet5,C2,396,1584,201,13,0.83579150579150574,32.631999999999998,0.94999999999999996,0
cifar100_lenet5,C2,397,1588,136,13,0.87648648648648653,32.652000000000001,1,0
cifar100_lenet5,C2,398,1592,189,13,0.82455598455598467,32.18,0.84999999999999998,0
cifar100_lenet5,C2,399,1596,146,13,0.86895752895752898,32.692,1,0
cifar100_lenet5,C2,400,1600,145.5,13,0.85463320463320469,32.631999999999998,0.94999999999999996,0
cifar100_lenet5,C2,401,1604,153,13,0.86664092664092662,32.741999999999997,0.94999999999999996,0
cifar100_lenet5,C2,402,1608,160,13,0.85393822393822405,32.643999999999998,0.94999999999999996,0
cifar100_lenet5,C2,403,1612,138,13,0.86999999999999988,32.725999999999999,0.94999999999999996,0
cifar100_lenet5,C2,404,1616,153,13,0.84223938223938222,32.536000000000001,0.90000000000000002,0.050000000000000003
cifar100_lenet5,C2,405,1620,138.5,13,0.87498069498069486,32.721999999999994,1,0
cifar100_lenet5,C2,406,1624,137,13,0.87567567567567561,32.82,1,0
cifar100_lenet5,C2,407,1628,150,13,0.87741312741312749,32.814,1,0
cifar100_lenet5,C2,408,1632,142.5,13,0.87223938223938224,32.659999999999997,0.94999999999999996,0
cifar100_lenet5,C2,409,1636,153.5,13,0.86760617760617753,32.75,1,0
cifar100_lenet5,C2,410,1640,132.5,13,0.86671814671814684,32.677999999999997,0.94999999999999996,0
cifar100_lenet5,C2,411,1644,172.5,13,0.85598455598455592,32.671999999999997,0.94999999999999996,0
cifar100_lenet5,C2,412,1648,136.5,13,0.86868725868725871,32.701999999999998,0.94999999999999996,0
cifar100_lenet5,C2,413,1652,143,13,0.8519305019305019,32.475999999999999,0.84999999999999998,0
cifar100_lenet5,C2,414,1656,146,13,0.86617760617760609,32.744,1,0
cifar100_lenet5,C2,415,1660,142,13,0.86486486486486491,32.832000000000001,1,0
cifar100_lenet5,C2,416,1664,147.5,13,0.8411969111969112,32.483999999999995,0.90000000000000002,0.050000000000000003
cifar100_lenet5,C2,417,1668,145.5,13,0.86996138996138994,32.701999999999998,1,0
cifar100_lenet5,C2,418,1672,135.5,13,0.86019305019305015,32.612000000000002,0.94999999999999996,0
cifar100_lenet5,C2,419,1676,151.5,13,0.85185328185328191,32.649999999999999,0.90000000000000002,0
cifar100_lenet5,C2,420,1680,134.5,13,0.87737451737451744,32.763999999999996,1,0
cifar100_lenet5,C2,421,1684,137,13,0.86891891891891893,32.738,1,0
cifar100_lenet5,C2,422,1688,141,13,0.87181467181467176,32.783999999999999,1,0
cifar100_lenet5,C2,423,1692,160,13,0.8488416988416988,32.589999999999996,0.90000000000000002,0
cifar100_lenet5,C2,424,1696,138,13,0.87127413127413134,32.688000000000002,1,0
cifar100_lenet5,C2,425,1700,146.5,13,0.86169884169884159,32.697999999999993,1,0
cifar100_lenet5,C2,426,1704,146,13,0.86100386100386095,32.736000000000004,0.94999999999999996,0
cifar100_lenet5,C2,427,1708,156,13,0.86038610038610042,32.808,1,0
cifar100_lenet5,C2,428,1712,137.5,13,0.87088803088803091,32.756,1,0
cifar100_lenet5,C2,429,1716,137.5,13,0.87629343629343626,32.738,1,0
cifar100_lenet5,C2,430,1720,154,13,0.86961389961389968,32.712000000000003,1,0
cifar100_lenet5,C2,431,1724,139.5,13,0.85436293436293431,32.543999999999997,0.94999999999999996,0.050000000000000003
cifar100_lenet5,C2,432,1728,173,13,0.82119691119691107,32.333999999999996,0.90000000000000002,0
cifar100_lenet5,C2,433,1732,134.5,13,0.86706563706563711,32.527999999999999,0.94999999999999996,0
cifar100_lenet5,C2,434,1736,136,13,0.85803088803088801,32.603999999999999,0.94999999999999996,0
cifar100_lenet5,C2,435,1740,144,13,0.86204633204633208,32.683999999999997,0.94999999999999996,0
cifar100_lenet5,C2,436,1744,139,13,0.87625482625482631,32.709999999999994,1,0
cifar100_lenet5,C2,437,1748,143,13,0.87563706563706556,32.682000000000002,1,0
cifar100_lenet5,C2,438,1752,136.5,13,0.87861003861003861,32.744,1,0
cifar100_lenet5,C2,439,1756,132.5,13,0.86938223938223946,32.676000000000002,1,0
cifar100_lenet5,C2,440,1760,144.5,13,0.86220077220077229,32.649999999999999,0.94999999999999996,0
cifar100_lenet5,C2,441,1764,147,13,0.86710424710424705,32.763999999999996,1,0
cifar100_lenet5,C2,442,1768,138,13,0.86308880308880309,32.850000000000001,1,0
cifar100_lenet5,C2,443,1772,133,13,0.87270270270270278,32.731999999999999,1,0
cifar100_lenet5,C2,444,1776,145.5,13,0.87366795366795369,32.731999999999999,1,0
cifar100_lenet5,C2,445,1780,138,13,0.86822393822393829,32.736000000000004,1,0
cifar100_lenet5,C2,446,1784,134.5,13,0.87027027027027037,32.810000000000002,1,0
cifar100_lenet5,C2,447,1788,134.5,13,0.86586872586872587,32.712000000000003,0.94999999999999996,0
cifar100_lenet5,C2,448,1792,139,13,0.88027027027027027,32.835999999999999,1,0
cifar100_lenet5,C2,449,1796,144,13,0.86447876447876448,32.756,0.94999999999999996,0
cifar100_lenet5,C2,450,1800,139.5,13,0.88169884169884172,32.777999999999999,1,0
cifar100_lenet5,C2,451,1804,133,13,0.8814671814671815,32.744,1,0
cifar100_lenet5,C2,452,1808,147,13,0.85532818532818544,32.585999999999999,0.94999999999999996,0
cifar100_lenet5,C2,453,1812,190.5,13,0.85613899613899613,32.707999999999998,1,0
cifar100_lenet5,C2,454,1816,142,13,0.84517374517374522,32.347999999999999,0.94999999999999996,0
cifar100_lenet5,C2,455,1820,157,13,0.86725868725868727,32.676000000000002,1,0
cifar100_lenet5,C2,456,1824,132,13,0.88166023166023177,32.609999999999999,1,0
cifar100_lenet5,C2,457,1828,144,13,0.87324324324324321,32.640000000000001,0.94999999999999996,0
cifar100_lenet5,C2,458,1832,146,13,0.86432432432432427,32.676000000000002,0.94999999999999996,0
cifar100_lenet5,C2,459,1836,192.5,13,0.82617760617760605,32.339999999999996,0.84999999999999998,0.050000000000000003
cifar100_lenet5,C2,460,1840,150.5,13,0.85011583011583025,32.494,0.94999999999999996,0.050000000000000003
cifar100_lenet5,C2,461,1844,141,13,0.86034749034749036,32.658000000000001,0.94999999999999996,0
cifar100_lenet5,C2,462,1848,134.5,13,0.86660231660231657,32.601999999999997,0.94999999999999996,0
cifar100_lenet5,C2,463,1852,132.5,13,0.86189189189189186,32.527999999999999,0.94999999999999996,0
cifar100_lenet5,C2,464,1856,142,13,0.85308880308880308,32.390000000000001,0.94999999999999996,0
cifar100_lenet5,C2,465,1860,133.5,13,0.88054054054054054,32.718000000000004,1,0
cifar100_lenet5,C2,466,1864,137,13,0.84965250965250971,32.483999999999995,0.94999999999999996,0.050000000000000003
cifar100_lenet5,C2,467,1868,135.5,13,0.88073359073359081,32.727999999999994,1,0
cifar100_lenet5,C2,468,1872,136,13,0.86826254826254823,32.706000000000003,1,0
cifar100_lenet5,C2,469,1876,132,13,0.87594594594594588,32.571999999999996,0.94999999999999996,0
cifar100_lenet5,C2,470,1880,135.5,13,0.8733204633204632,32.777999999999999,1,0
cifar100_lenet5,C2,471,1884,135,13,0.87104247104247112,32.640000000000001,1,0
cifar100_lenet5,C2,472,1888,136.5,13,0.88100386100386108,32.753999999999998,1,0
cifar100_lenet5,C2,473,1892,133.5,13,0.87432432432432439,32.677999999999997,1,0
cifar100_lenet5,C2,474,1896,132.5,13,0.87895752895752888,32.683999999999997,1,0
cifar100_lenet5,C2,475,1900,132.5,13,0.86297297297297304,32.518000000000001,0.94999999999999996,0.050000000000000003
cifar100_lenet5,C2,476,1904,133,13,0.87142857142857155,32.793999999999997,1,0
cifar100_lenet5,C2,477,1908,136,13,0.87088803088803091,32.725999999999999,1,0
cifar100_lenet5,C2,478,1912,132.5,13,0.83660231660231665,32.299999999999997,0.94999999999999996,0
cifar100_lenet5,C2,479,1916,132,13,0.87351351351351347,32.683999999999997,1,0
cifar100_lenet5,C2,480,1920,136.5,13,0.87084942084942085,32.701999999999998,1,0
cifar100_lenet5,C2,481,1924,141,13,0.87065637065637058,32.768000000000001,0.94999999999999996,0
cifar100_lenet5,C2,482,1928,133.5,13,0.87895752895752888,32.712000000000003,1,0
cifar100_lenet5,C2,483,1932,134,13,0.87791505791505797,32.718000000000004,1,0
cifar100_lenet5,C2,484,1936,133,13,0.8733204633204632,32.677999999999997,0.94999999999999996,0
cifar100_lenet5,C2,485,1940,132,13,0.88247104247104247,32.695999999999998,1,0
cifar100_lenet5,C2,486,1944,133.5,13,0.87138996138996139,32.719999999999999,1,0
cifar100_lenet5,C2,487,1948,133.5,13,0.86768339768339775,32.648000000000003,1,0
cifar100_lenet5,C2,488,1952,135,13,0.8814671814671815,32.727999999999994,1,0
cifar100_lenet5,C2,489,1956,133.5,13,0.88675675675675669,32.595999999999997,1,0
cifar100_lenet5,C2,490,1960,133,13,0.8760231660231661,32.665999999999997,1,0
cifar100_lenet5,C2,491,1964,134,13,0.88254826254826246,32.697999999999993,1,0
cifar100_lenet5,C2,492,1968,132,13,0.86926640926640919,32.688000000000002,1,0
cifar100_lenet5,C2,493,1972,134,13,0.84189189189189195,32.094000000000001,0.94999999999999996,0.050000000000000003
cifar100_lenet5,C2,494,1976,144,13,0.86444015444015443,32.661999999999999,0.94999999999999996,0
cifar100_lenet5,C2,495,1980,132.5,13,0.87490347490347486,32.683999999999997,1,0
cifar100_lenet5,C2,496,1984,132.5,13,0.88123552123552129,32.683999999999997,1,0
cifar100_lenet5,C2,497,1988,132,13,0.85274131274131282,32.494,0.90000000000000002,0
cifar100_lenet5,C2,498,1992,138.5,13,0.87023166023166021,32.695999999999998,1,0
cifar100_lenet5,C2,499,1996,132,13,0.88359073359073359,32.634,1,0
cifar100_lenet5,C2,500,2000,132,13,0.83583011583011579,32.379999999999995,0.90000000000000002,0.050000000000000003
cifar100_lenet5,C2,501,2004,133.5,13,0.87262548262548267,32.665999999999997,0.94999999999999996,0
cifar100_lenet5,C2,502,2008,151.5,13,0.85050193050193046,32.561999999999998,0.94999999999999996,0
cifar100_lenet5,C2,503,2012,132,13,0.86702702702702705,32.655999999999999,0.94999999999999996,0
cifar100_lenet5,C2,504,2016,139.5,13,0.8746332046332046,32.655999999999999,1,0
cifar100_lenet5,C2,505,2020,138.5,13,0.86513513513513518,32.700000000000003,0.94999999999999996,0
cifar100_lenet5,C2,506,2024,136,13,0.86440154440154449,32.640000000000001,0.94999999999999996,0
cifar100_lenet5,C2,507,2028,138.5,13,0.87382239382239391,32.689999999999998,1,0
cifar100_lenet5,C2,508,2032,132,13,0.87571428571428578,32.695999999999998,1,0
cifar100_lenet5,C2,509,2036,132,13,0.87467181467181465,32.571999999999996,1,0
cifar100_lenet5,C2,510,2040,137.5,13,0.86498069498069496,32.653999999999996,0.94999999999999996,0
cifar100_lenet5,C2,511,2044,134,13,0.87818532818532824,32.851999999999997,1,0
cifar100_lenet5,C2,512,2048,132,13,0.86598455598455593,32.652000000000001,1,0
cifar100_resnet8,C0,1,4,612.5,612.5,0.49992277992277989,17.969999999999999,0,0.40000000000000002
cifar100_resnet8,C0,2,8,446,298,0.67683397683397684,24.763999999999999,0,0.10000000000000001
cifar100_resnet8,C0,3,12,499,271,0.57262548262548263,20.012,0,0.20000000000000001
cifar100_resnet8,C0,4,16,577.5,180,0.52084942084942087,21.077999999999999,0.050000000000000003,0.29999999999999999
cifar100_resnet8,C0,5,20,637.5,168.5,0.51235521235521231,20.332000000000001,0.050000000000000003,0.20000000000000001
cifar100_resnet8,C0,6,24,511.5,155.5,0.53409266409266409,20.59,0.050000000000000003,0.25
cifar100_resnet8,C0,7,28,618.5,147,0.48888030888030887,18.130000000000003,0,0.20000000000000001
cifar100_resnet8,C0,8,32,676,129.5,0.4423552123552123,17.172000000000001,0.050000000000000003,0.25
cifar100_resnet8,C0,9,36,554.5,129.5,0.54714285714285715,19.57,0,0.20000000000000001
cifar100_resnet8,C0,10,40,660.5,129.5,0.45123552123552119,16.187999999999999,0,0.25
cifar100_resnet8,C0,11,44,508.5,112.5,0.59297297297297302,21.530000000000001,0,0.25
cifar100_resnet8,C0,12,48,476.5,112.5,0.54316602316602314,20.651999999999997,0,0.20000000000000001
cifar100_resnet8,C0,13,52,457,104,0.63891891891891883,24.145999999999997,0.050000000000000003,0.20000000000000001
cifar100_resnet8,C0,14,56,693.5,104,0.4841312741312741,19.282,0,0.40000000000000002
cifar100_resnet8,C0,15,60,572,102,0.53841698841698837,19.868000000000002,0,0.34999999999999998
cifar100_resnet8,C0,16,64,390.5,89.5,0.63814671814671819,25.199999999999999,0.10000000000000001,0.14999999999999999
cifar100_resnet8,C0,17,68,619,63,0.49555984555984561,18.756,0.050000000000000003,0.14999999999999999
cifar100_resnet8,C0,18,72,472.5,63,0.58722007722007719,22.009999999999998,0,0.25
cifar100_resnet8,C0,19,76,513.5,63,0.49760617760617765,18.312000000000001,0,0.14999999999999999
cifar100_resnet8,C0,20,80,558.5,63,0.5447490347490348,19.803999999999998,0,0.29999999999999999
cifar100_resnet8,C0,21,84,492,63,0.59150579150579152,23.074000000000002,0,0.20000000000000001
cifar100_resnet8,C0,22,88,661,41,0.47656370656370656,18.149999999999999,0.050000000000000003,0.29999999999999999
cifar100_resnet8,C0,23,92,647,41,0.49965250965250962,19.038,0,0.40000000000000002
cifar100_resnet8,C0,24,96,537.5,38,0.57455598455598456,21.655999999999999,0.050000000000000003,0.25
cifar100_resnet8,C0,25,100,620.5,38,0.5745173745173745,21.758000000000003,0.050000000000000003,0.25
cifar100_resnet8,C0,26,104,406.5,38,0.61146718146718149,24.16,0.050000000000000003,0.10000000000000001
cifar100_resnet8,C0,27,108,661,28.5,0.49216216216216219,18.405999999999999,0.050000000000000003,0.40000000000000002
cifar100_resnet8,C0,28,112,390,28.5,0.60220077220077228,23.413999999999998,0,0.20000000000000001
cifar100_resnet8,C0,29,116,548.5,26,0.54532818532818539,20.740000000000002,0,0.29999999999999999
cifar100_resnet8,C0,30,120,693.5,26,0.45366795366795365,15.837999999999999,0,0.29999999999999999
cifar100_resnet8,C0,31,124,557,23.5,0.5493822393822394,20.375999999999998,0,0.25
cifar100_resnet8,C0,32,128,448.5,18.5,0.62277992277992278,25.068000000000001,0.10000000000000001,0.14999999999999999
cifar100_resnet8,C0,33,132,257.5,17.5,0.67992277992277994,27.256,0.14999999999999999,0.14999999999999999
cifar100_resnet8,C0,34,136,402,17.5,0.70293436293436296,26.542000000000002,0.050000000000000003,0.14999999999999999
cifar100_resnet8,C0,35,140,227,17,0.74077220077220074,28.880000000000003,0.050000000000000003,0.050000000000000003
cifar100_resnet8,C0,36,144,359.5,16,0.66613899613899608,25.989999999999998,0.10000000000000001,0.050000000000000003
cifar100_resnet8,C0,37,148,576,16,0.54061776061776068,20.294,0,0.29999999999999999
cifar100_resnet8,C0,38,152,499,14.5,0.61100386100386106,23.698,0.10000000000000001,0.20000000000000001
cifar100_resnet8,C0,39,156,409,14.5,0.64602316602316601,24.268000000000001,0,0.14999999999999999
cifar100_resnet8,C0,40,160,249.5,14.5,0.77745173745173746,29.862000000000002,0.050000000000000003,0.050000000000000003
cifar100_resnet8,C0,41,164,305.5,14.5,0.69177606177606177,26.256,0,0.14999999999999999
cifar100_resnet8,C0,42,168,345,13.5,0.65548262548262548,26.294,0.10000000000000001,0.14999999999999999
cifar100_resnet8,C0,43,172,417,13.5,0.65552123552123553,24.297999999999998,0.050000000000000003,0.050000000000000003
cifar100_resnet8,C0,44,176,408,13.5,0.66239382239382238,25.198,0,0.14999999999999999
cifar100_resnet8,C0,45,180,600,13,0.59057915057915067,22.112000000000002,0.10000000000000001,0.34999999999999998
cifar100_resnet8,C0,46,184,362,13,0.65617760617760612,24.963999999999999,0,0.10000000000000001
cifar100_resnet8,C0,47,188,284,13,0.66555984555984549,26.266000000000002,0.050000000000000003,0.14999999999999999
cifar100_resnet8,C0,48,192,332.5,13,0.69718146718146712,27.334000000000003,0.050000000000000003,0.14999999999999999
cifar100_resnet8,C0,49,196,386.5,13,0.66397683397683394,24.974,0,0.050000000000000003
cifar100_resnet8,C0,50,200,161,12,0.75942084942084942,30.606000000000002,0.14999999999999999,0.14999999999999999
cifar100_resnet8,C0,51,204,241,10,0.70660231660231665,27.449999999999999,0.14999999999999999,0.14999999999999999
cifar100_resnet8,C0,52,208,283,10,0.69138996138996134,26.893999999999998,0.050000000000000003,0.14999999999999999
cifar100_resnet8,C0,53,212,245,10,0.70030888030888039,27.660000000000004,0,0.20000000000000001
cifar100_resnet8,C0,54,216,181,10,0.76243243243243242,30.686,0.050000000000000003,0
cifar100_resnet8,C0,55,220,377.5,8.5,0.66737451737451736,25.271999999999998,0.10000000000000001,0.20000000000000001
cifar100_resnet8,C0,56,224,365.5,8.5,0.67081081081081084,26.262,0.10000000000000001,0.20000000000000001
cifar100_resnet8,C0,57,228,343.5,8.5,0.67007722007722004,26.378000000000004,0.10000000000000001,0.10000000000000001
cifar100_resnet8,C0,58,232,294.5,8,0.67575289575289577,27.262,0.050000000000000003,0.050000000000000003
cifar100_resnet8,C0,59,236,243.5,8,0.71980694980694981,28.433999999999997,0.20000000000000001,0.14999999999999999
cifar100_resnet8,C0,60,240,219.5,8,0.80532818532818529,31.788,0.14999999999999999,0.050000000000000003
cifar100_resnet8,C0,61,244,296.5,8,0.72772200772200768,28.32,0.050000000000000003,0.10000000000000001
cifar100_resnet8,C0,62,248,328.5,8,0.72459459459459463,28.766000000000002,0.10000000000000001,0.14999999999999999
cifar100_resnet8,C0,63,252,360,8,0.70559845559845558,26.786000000000001,0.050000000000000003,0.20000000000000001
cifar100_resnet8,C0,64,256,399.5,7.5,0.692972972972973,26.125999999999998,0.10000000000000001,0.10000000000000001
cifar100_resnet8,C0,65,260,160.5,7.5,0.78088803088803094,31.722000000000001,0.10000000000000001,0
cifar100_resnet8,C0,66,264,147,6.5,0.77880308880308879,31.448,0.14999999999999999,0.10000000000000001
cifar100_resnet8,C0,67,268,223,6.5,0.77694980694980686,30.127999999999997,0.10000000000000001,0.050000000000000003
cifar100_resnet8,C0,68,272,125.5,6.5,0.82393822393822391,33.676000000000002,0.10000000000000001,0
cifar100_resnet8,C0,69,276,170,6.5,0.72200772200772201,29.494,0.050000000000000003,0.10000000000000001
cifar100_resnet8,C0,70,280,136.5,6,0.73563706563706566,30.209999999999997,0.14999999999999999,0.14999999999999999
cifar100_resnet8,C0,71,284,198.5,6,0.79123552123552121,31.498000000000001,0.14999999999999999,0.050000000000000003
cifar100_resnet8,C0,72,288,417.5,6,0.67266409266409266,25.192,0.050000000000000003,0.25
cifar100_resnet8,C0,73,292,178.5,6,0.73756756756756758,29.189999999999998,0.10000000000000001,0.050000000000000003
cifar100_resnet8,C0,74,296,135.5,6,0.81926640926640926,32.833999999999996,0.10000000000000001,0
cifar100_resnet8,C0,75,300,75,6,0.87312741312741315,36.531999999999996,0.20000000000000001,0.050000000000000003
cifar100_resnet8,C0,76,304,162,6,0.77030888030888023,30.795999999999999,0.10000000000000001,0.14999999999999999
cifar100_resnet8,C0,77,308,132,5.5,0.89277992277992291,36.533999999999999,0.14999999999999999,0
cifar100_resnet8,C0,78,312,125.5,5.5,0.76046332046332044,31.107999999999997,0.050000000000000003,0.050000000000000003
cifar100_resnet8,C0,79,316,219.5,5.5,0.80656370656370657,32.450000000000003,0.14999999999999999,0
cifar100_resnet8,C0,80,320,143.5,5.5,0.80216216216216218,32.018000000000001,0.10000000000000001,0.10000000000000001
cifar100_resnet8,C0,81,324,84.5,5.5,0.89559845559845552,37.225999999999999,0.20000000000000001,0
cifar100_resnet8,C0,82,328,124.5,5.5,0.84084942084942083,33.932000000000002,0.20000000000000001,0
cifar100_resnet8,C0,83,332,248.5,5.5,0.72698841698841699,28.506,0.14999999999999999,0.14999999999999999
cifar100_resnet8,C0,84,336,135.5,5.5,0.76718146718146718,30.739999999999998,0.10000000000000001,0.14999999999999999
cifar100_resnet8,C0,85,340,154.5,5.5,0.79714285714285715,32.178000000000004,0.10000000000000001,0
cifar100_resnet8,C0,86,344,162.5,5.5,0.80752895752895759,32.631999999999998,0.10000000000000001,0.050000000000000003
cifar100_resnet8,C0,87,348,150.5,5.5,0.83915057915057911,33.890000000000001,0.10000000000000001,0.050000000000000003
cifar100_resnet8,C0,88,352,236,5.5,0.77779922779922783,30.863999999999997,0.20000000000000001,0
cifar100_resnet8,C0,89,356,94.5,5.5,0.77428571428571424,32.234000000000002,0,0.050000000000000003
cifar100_resnet8,C0,90,360,47.5,5.5,0.92652509652509651,38.945999999999998,0.25,0
cifar100_resnet8,C0,91,364,225.5,5.5,0.76930501930501927,30.134000000000004,0.050000000000000003,0.14999999999999999
cifar100_resnet8,C0,92,368,202,5.5,0.7674903474903475,30.554000000000002,0.050000000000000003,0.10000000000000001
cifar100_resnet8,C0,93,372,186,4.5,0.76671814671814675,30.417999999999999,0.050000000000000003,0.10000000000000001
cifar100_resnet8,C0,94,376,73,4.5,0.81949806949806947,33.707999999999998,0.20000000000000001,0.14999999999999999
cifar100_resnet8,C0,95,380,187.5,4.5,0.7522779922779923,30.006,0.10000000000000001,0.10000000000000001
cifar100_resnet8,C0,96,384,98,4.5,0.83030888030888028,33.684000000000005,0.050000000000000003,0.10000000000000001
cifar100_resnet8,C0,97,388,44,4.5,0.88193050193050193,36.769999999999996,0.34999999999999998,0.10000000000000001
cifar100_resnet8,C0,98,392,124.5,4.5,0.85142857142857142,34.594000000000001,0.14999999999999999,0.050000000000000003
cifar100_resnet8,C0,99,396,98.5,4.5,0.83752895752895751,34.022000000000006,0.25,0.050000000000000003
cifar100_resnet8,C0,100,400,82,4,0.84899613899613902,35.516000000000005,0.25,0.050000000000000003
cifar100_resnet8,C0,101,404,102,4,0.87474903474903465,35.704000000000001,0.14999999999999999,0
cifar100_resnet8,C0,102,408,104,4,0.82826254826254819,33.922000000000004,0.050000000000000003,0.10000000000000001
cifar100_resnet8,C0,103,412,129.5,4,0.79679536679536678,32.341999999999999,0.10000000000000001,0.10000000000000001
cifar100_resnet8,C0,104,416,173,4,0.7856370656370657,31.207999999999998,0.10000000000000001,0.20000000000000001
cifar100_resnet8,C0,105,420,144,4,0.84335907335907334,34.148000000000003,0.20000000000000001,0.050000000000000003
cifar100_resnet8,C0,106,424,137,4,0.83108108108108103,33.742000000000004,0.050000000000000003,0.10000000000000001
cifar100_resnet8,C0,107,428,66.5,4,0.83216216216216221,34.712000000000003,0.20000000000000001,0.10000000000000001
cifar100_resnet8,C0,108,432,85.5,4,0.87042471042471037,36.387999999999998,0.29999999999999999,0.10000000000000001
cifar100_resnet8,C0,109,436,76,4,0.89355212355212355,37.067999999999998,0.10000000000000001,0
cifar100_resnet8,C0,110,440,84.5,4,0.86243243243243251,35.781999999999996,0.14999999999999999,0
cifar100_resnet8,C0,111,444,223.5,4,0.73034749034749036,28.856000000000002,0.050000000000000003,0.20000000000000001
cifar100_resnet8,C0,112,448,100,4,0.84258687258687259,34.519999999999996,0.25,0
cifar100_resnet8,C0,113,452,61,4,0.86972972972972973,36.149999999999999,0.29999999999999999,0.050000000000000003
cifar100_resnet8,C0,114,456,51,4,0.90918918918918923,38.372,0.20000000000000001,0.050000000000000003
cifar100_resnet8,C0,115,460,77.5,4,0.87938223938223936,36.344000000000001,0.14999999999999999,0
cifar100_resnet8,C0,116,464,40.5,4,0.90424710424710431,37.606000000000002,0.40000000000000002,0
cifar100_resnet8,C0,117,468,87,4,0.81474903474903471,33.725999999999999,0.14999999999999999,0.10000000000000001
cifar100_resnet8,C0,118,472,32.5,3,0.8913899613899614,37.315999999999995,0.40000000000000002,0.050000000000000003
cifar100_resnet8,C0,119,476,60,3,0.93308880308880315,39.289999999999999,0.25,0
cifar100_resnet8,C0,120,480,70.5,3,0.88980694980694985,37.119999999999997,0.14999999999999999,0
cifar100_resnet8,C0,121,484,63.5,3,0.90378378378378377,37.643999999999998,0.20000000000000001,0
cifar100_resnet8,C0,122,488,87.5,3,0.86158301158301165,35.628,0.29999999999999999,0
cifar100_resnet8,C0,123,492,76,3,0.85023166023166019,35.594000000000001,0.25,0.050000000000000003
cifar100_resnet8,C0,124,496,60.5,3,0.87494208494208492,36.368000000000002,0.20000000000000001,0.10000000000000001
cifar100_resnet8,C0,125,500,88,3,0.81138996138996133,32.945999999999998,0.29999999999999999,0.14999999999999999
cifar100_resnet8,C0,126,504,74,3,0.92308880308880303,38.446000000000005,0.29999999999999999,0
cifar100_resnet8,C0,127,508,120.5,3,0.87652509652509658,36,0.14999999999999999,0.050000000000000003
cifar100_resnet8,C0,128,512,124,3,0.84915057915057912,34.417999999999999,0.10000000000000001,0.10000000000000001
cifar100_resnet8,C0,129,516,60,3,0.90247104247104237,37.640000000000001,0.20000000000000001,0.050000000000000003
cifar100_resnet8,C0,130,520,59.5,3,0.93996138996139,39.804000000000002,0.29999999999999999,0
cifar100_resnet8,C0,131,524,59,3,0.89772200772200761,37.484000000000002,0.25,0.050000000000000003
cifar100_resnet8,C0,132,528,27.5,3,0.91332046332046324,38.513999999999996,0.45000000000000001,0
cifar100_resnet8,C0,133,532,91,3,0.82138996138996134,34.286000000000001,0.29999999999999999,0.14999999999999999
cifar100_resnet8,C0,134,536,74,3,0.85725868725868737,36.052,0.34999999999999998,0.050000000000000003
cifar100_resnet8,C0,135,540,73.5,3,0.89544401544401553,37.295999999999999,0.25,0.050000000000000003
cifar100_resnet8,C0,136,544,68,3,0.91718146718146709,38.533999999999999,0.25,0
cifar100_resnet8,C0,137,548,72.5,2,0.90247104247104237,37.724000000000004,0.29999999999999999,0.050000000000000003
cifar100_resnet8,C0,138,552,90.5,2,0.90177606177606173,37.558,0.25,0
cifar100_resnet8,C0,139,556,75.5,2,0.84366795366795366,34.060000000000002,0.25,0
cifar100_resnet8,C0,140,560,78.5,2,0.86432432432432427,36.055999999999997,0.20000000000000001,0
cifar100_resnet8,C0,141,564,57,2,0.89841698841698836,37.642000000000003,0.45000000000000001,0.050000000000000003
cifar100_resnet8,C0,142,568,77,2,0.8792664092664092,37.504000000000005,0.29999999999999999,0
cifar100_resnet8,C0,143,572,44,2,0.84555984555984554,36.116,0.34999999999999998,0
cifar100_resnet8,C0,144,576,104,2,0.8805019305019306,36.245999999999995,0.20000000000000001,0
cifar100_resnet8,C0,145,580,85,2,0.8866795366795367,36.631999999999998,0.14999999999999999,0
cifar100_resnet8,C0,146,584,78,2,0.86235521235521229,36.061999999999998,0.25,0.050000000000000003
cifar100_resnet8,C0,147,588,68.5,1.5,0.89023166023166023,37.733999999999995,0.29999999999999999,0
cifar100_resnet8,C0,148,592,41,1.5,0.95853281853281858,41.148000000000003,0.45000000000000001,0
cifar100_resnet8,C0,149,596,31,1.5,0.93903474903474904,39.777999999999999,0.5,0
cifar100_resnet8,C0,150,600,46,1.5,0.89575289575289574,38.001999999999995,0.34999999999999998,0
cifar100_resnet8,C0,151,604,55.5,1.5,0.91660231660231661,38.32,0.29999999999999999,0
cifar100_resnet8,C0,152,608,55.5,1.5,0.89776061776061788,37.763999999999996,0.40000000000000002,0.050000000000000003
cifar100_resnet8,C0,153,612,49,1.5,0.9149806949806949,38.878,0.29999999999999999,0.050000000000000003
cifar100_resnet8,C0,154,616,78.5,1.5,0.89633204633204644,37.225999999999999,0.29999999999999999,0
cifar100_resnet8,C0,155,620,22,1.5,0.93586872586872583,39.781999999999996,0.5,0
cifar100_resnet8,C0,156,624,60,1.5,0.8936679536679536,37.284000000000006,0.34999999999999998,0.050000000000000003
cifar100_resnet8,C0,157,628,62.5,1.5,0.89814671814671809,37.387999999999998,0.25,0.050000000000000003
cifar100_resnet8,C0,158,632,84,1.5,0.89849420849420858,37.534000000000006,0.29999999999999999,0.050000000000000003
cifar100_resnet8,C0,159,636,27.5,1.5,0.90559845559845564,38.417999999999999,0.34999999999999998,0.10000000000000001
cifar100_resnet8,C0,160,640,28,1.5,0.9066023166023166,38.792000000000002,0.34999999999999998,0
cifar100_resnet8,C0,161,644,36.5,1.5,0.96146718146718135,41.346000000000004,0.25,0
cifar100_resnet8,C0,162,648,24,1.5,0.91386100386100377,38.494,0.5,0.050000000000000003
cifar100_resnet8,C0,163,652,52.5,1.5,0.93671814671814668,39.683999999999997,0.34999999999999998,0
cifar100_resnet8,C0,164,656,34,1.5,0.90718146718146708,38.567999999999998,0.29999999999999999,0.050000000000000003
cifar100_resnet8,C0,165,660,60.5,1.5,0.87498069498069486,37.134,0.20000000000000001,0.050000000000000003
cifar100_resnet8,C0,166,664,39.5,1.5,0.92243243243243245,39.275999999999996,0.34999999999999998,0.050000000000000003
cifar100_resnet8,C0,167,668,23,1.5,0.94054054054054048,40.149999999999999,0.45000000000000001,0.050000000000000003
cifar100_resnet8,C0,168,672,75,1.5,0.89888030888030879,37.239999999999995,0.25,0
cifar100_resnet8,C0,169,676,21.5,1.5,0.96386100386100393,41.450000000000003,0.5,0
cifar100_resnet8,C0,170,680,36,1.5,0.91274131274131276,38.454000000000001,0.34999999999999998,0.050000000000000003
cifar100_resnet8,C0,171,684,36.5,1.5,0.94347490347490337,39.989999999999995,0.29999999999999999,0
cifar100_resnet8,C0,172,688,79.5,1.5,0.8519305019305019,35.678000000000004,0.14999999999999999,0.14999999999999999
cifar100_resnet8,C0,173,692,29,1.5,0.94467181467181471,40.088000000000001,0.5,0
cifar100_resnet8,C0,174,696,36.5,1.5,0.94432432432432434,39.992000000000004,0.29999999999999999,0
cifar100_resnet8,C0,175,700,36,1.5,0.8967567567567567,38.183999999999997,0.29999999999999999,0
cifar100_resnet8,C0,176,704,36.5,1.5,0.88737451737451745,37.75,0.29999999999999999,0
cifar100_resnet8,C0,177,708,20.5,1.5,0.93729729729729727,40.433999999999997,0.59999999999999998,0.050000000000000003
cifar100_resnet8,C0,178,712,47.5,1.5,0.94169884169884166,40.036000000000001,0.29999999999999999,0
cifar100_resnet8,C0,179,716,46.5,1.5,0.93517374517374507,39.986000000000004,0.34999999999999998,0.050000000000000003
cifar100_resnet8,C0,180,720,19,1.5,0.91799227799227801,39.555999999999997,0.55000000000000004,0
cifar100_resnet8,C0,181,724,59,1,0.89528957528957531,37.536000000000001,0.40000000000000002,0.10000000000000001
cifar100_resnet8,C0,182,728,31.5,1,0.96880308880308874,41.793999999999997,0.45000000000000001,0
cifar100_resnet8,C0,183,732,43.5,1,0.95876447876447879,41.055999999999997,0.25,0
cifar100_resnet8,C0,184,736,40.5,1,0.9444401544401545,40.128,0.20000000000000001,0
cifar100_resnet8,C0,185,740,37.5,1,0.90231660231660238,37.771999999999998,0.34999999999999998,0.050000000000000003
cifar100_resnet8,C0,186,744,35.5,1,0.93193050193050198,39.289999999999999,0.34999999999999998,0
cifar100_resnet8,C0,187,748,38,1,0.92980694980694989,39.625999999999998,0.20000000000000001,0.050000000000000003
cifar100_resnet8,C0,188,752,56.5,1,0.91428571428571426,38.380000000000003,0.29999999999999999,0
cifar100_resnet8,C0,189,756,25.5,1,0.95667953667953665,41.060000000000002,0.40000000000000002,0
cifar100_resnet8,C0,190,760,34.5,1,0.9497297297297298,40.57,0.25,0
cifar100_resnet8,C0,191,764,68.5,1,0.86795366795366802,36.368000000000002,0.14999999999999999,0.10000000000000001
cifar100_resnet8,C0,192,768,25,1,0.93308880308880315,39.381999999999998,0.45000000000000001,0
cifar100_resnet8,C0,193,772,17.5,1,0.94922779922779932,40.492000000000004,0.55000000000000004,0
cifar100_resnet8,C0,194,776,35.5,1,0.9470270270270269,40.107999999999997,0.45000000000000001,0
cifar100_resnet8,C0,195,780,22.5,1,0.96250965250965259,41.512,0.45000000000000001,0
cifar100_resnet8,C0,196,784,41,1,0.92243243243243245,39.258000000000003,0.20000000000000001,0.050000000000000003
cifar100_resnet8,C0,197,788,25,1,0.9558301158301159,40.748000000000005,0.5,0
cifar100_resnet8,C0,198,792,33,1,0.9665637065637066,41.664000000000001,0.45000000000000001,0
cifar100_resnet8,C0,199,796,27,1,0.96069498069498072,41.219999999999999,0.40000000000000002,0
cifar100_resnet8,C0,200,800,25.5,1,0.92667953667953673,39.161999999999999,0.34999999999999998,0
cifar100_resnet8,C0,201,804,38.5,1,0.92976833976833984,39.481999999999999,0.34999999999999998,0.050000000000000003
cifar100_resnet8,C0,202,808,41,1,0.94019305019305022,39.939999999999998,0.29999999999999999,0
cifar100_resnet8,C0,203,812,20.5,1,0.96810810810810799,41.738,0.55000000000000004,0
cifar100_resnet8,C0,204,816,21.5,1,0.93683397683397673,39.798000000000002,0.5,0.050000000000000003
cifar100_resnet8,C0,205,820,30,1,0.9155598455598456,38.719999999999999,0.40000000000000002,0.050000000000000003
cifar100_resnet8,C0,206,824,28,1,0.96227799227799227,41.402000000000001,0.45000000000000001,0
cifar100_resnet8,C0,207,828,51.5,1,0.91776061776061779,38.372,0.29999999999999999,0
cifar100_resnet8,C0,208,832,35.5,1,0.95656370656370659,40.872,0.40000000000000002,0
cifar100_resnet8,C0,209,836,33,1,0.91799227799227801,39.582000000000001,0.29999999999999999,0
cifar100_resnet8,C0,210,840,50,1,0.94123552123552123,39.875999999999998,0.34999999999999998,0
cifar100_resnet8,C0,211,844,36.5,1,0.91849420849420849,38.866,0.29999999999999999,0.050000000000000003
cifar100_resnet8,C0,212,848,24,1,0.94428571428571428,40.796000000000006,0.40000000000000002,0.050000000000000003
cifar100_resnet8,C0,213,852,17.5,1,0.98235521235521228,42.667999999999999,0.55000000000000004,0
cifar100_resnet8,C0,214,856,20.5,1,0.92814671814671823,39.631999999999998,0.5,0
cifar100_resnet8,C0,215,860,20,1,0.9513513513513514,40.643999999999998,0.59999999999999998,0
cifar100_resnet8,C0,216,864,25.5,1,0.96416988416988425,41.427999999999997,0.5,0
cifar100_resnet8,C0,217,868,21,1,0.89034749034749028,38.823999999999998,0.55000000000000004,0
cifar100_resnet8,C0,218,872,58.5,1,0.91980694980694988,38.754000000000005,0.29999999999999999,0.050000000000000003
cifar100_resnet8,C0,219,876,30.5,1,0.96830115830115826,41.845999999999997,0.45000000000000001,0
cifar100_resnet8,C0,220,880,42.5,1,0.91915057915057918,38.739999999999995,0.29999999999999999,0.050000000000000003
cifar100_resnet8,C0,221,884,30.5,1,0.96100386100386093,41.280000000000001,0.29999999999999999,0
cifar100_resnet8,C0,222,888,22,1,0.95366795366795354,41.048000000000002,0.5,0.050000000000000003
cifar100_resnet8,C0,223,892,21.5,1,0.91911196911196913,39.612000000000002,0.5,0
cifar100_resnet8,C0,224,896,31.5,1,0.96200772200772211,41.374000000000002,0.29999999999999999,0
cifar100_resnet8,C0,225,900,37,1,0.92104247104247106,38.977999999999994,0.40000000000000002,0.050000000000000003
cifar100_resnet8,C0,226,904,11.5,1,0.98042471042471058,42.323999999999998,0.65000000000000002,0
cifar100_resnet8,C0,227,908,18,1,0.9672972972972973,41.552,0.55000000000000004,0
cifar100_resnet8,C0,228,912,70,1,0.92992277992277983,39.060000000000002,0.20000000000000001,0
cifar100_resnet8,C0,229,916,19,1,0.95953667953667954,41.103999999999999,0.55000000000000004,0
cifar100_resnet8,C0,230,920,22,1,0.9438610038610038,40.116,0.34999999999999998,0
cifar100_resnet8,C0,231,924,36.5,1,0.96038610038610039,41.161999999999999,0.29999999999999999,0
cifar100_resnet8,C0,232,928,37.5,1,0.8922779922779922,38.189999999999998,0.29999999999999999,0.050000000000000003
cifar100_resnet8,C0,233,932,19,1,0.9384169884169884,40.204000000000001,0.55000000000000004,0.050000000000000003
cifar100_resnet8,C0,234,936,45.5,1,0.86258687258687261,37.058,0.34999999999999998,0.10000000000000001
cifar100_resnet8,C0,235,940,35.5,1,0.95980694980694969,41.118000000000002,0.29999999999999999,0
cifar100_resnet8,C0,236,944,19,1,0.97953667953667956,42.573999999999998,0.59999999999999998,0
cifar100_resnet8,C0,237,948,26,1,0.91911196911196913,39.670000000000002,0.45000000000000001,0
cifar100_resnet8,C0,238,952,23,1,0.97054054054054062,41.673999999999999,0.40000000000000002,0
cifar100_resnet8,C0,239,956,21,1,0.98204633204633196,42.774000000000001,0.59999999999999998,0
cifar100_resnet8,C0,240,960,31.5,1,0.91583011583011587,38.601999999999997,0.34999999999999998,0
cifar100_resnet8,C0,241,964,24.5,1,0.95602316602316595,40.902000000000001,0.45000000000000001,0
cifar100_resnet8,C0,242,968,17.5,1,0.97528957528957538,42.149999999999999,0.55000000000000004,0
cifar100_resnet8,C0,243,972,23,1,0.94559845559845557,40.742000000000004,0.45000000000000001,0.050000000000000003
cifar100_resnet8,C0,244,976,33,1,0.95745173745173751,40.960000000000001,0.40000000000000002,0
cifar100_resnet8,C0,245,980,21.5,1,0.93096525096525107,39.695999999999998,0.5,0.050000000000000003
cifar100_resnet8,C0,246,984,28,1,0.9740540540540541,42.210000000000001,0.45000000000000001,0
cifar100_resnet8,C0,247,988,30,1,0.93220077220077224,40.506,0.45000000000000001,0
cifar100_resnet8,C0,248,992,24.5,1,0.94644787644787642,40.284000000000006,0.45000000000000001,0
cifar100_resnet8,C0,249,996,22.5,1,0.9650965250965251,41.572000000000003,0.5,0
cifar100_resnet8,C0,250,1000,21.5,1,0.96092664092664093,41.130000000000003,0.5,0
cifar100_resnet8,C0,251,1004,37,1,0.92486486486486486,39.811999999999998,0.34999999999999998,0
cifar100_resnet8,C0,252,1008,13,1,0.95787644787644788,40.780000000000001,0.55000000000000004,0
cifar100_resnet8,C0,253,1012,25.5,1,0.96698841698841709,41.75,0.5,0
cifar100_resnet8,C0,254,1016,13,1,0.9716988416988418,41.936,0.75,0
cifar100_resnet8,C0,255,1020,38,1,0.94308880308880316,40.061999999999998,0.29999999999999999,0
cifar100_resnet8,C0,256,1024,14.5,1,0.98181467181467175,42.682000000000002,0.65000000000000002,0
cifar100_resnet8,C0,257,1028,46,1,0.95169884169884167,40.518000000000001,0.25,0
cifar100_resnet8,C0,258,1032,19,1,0.96220077220077227,41.25,0.55000000000000004,0
cifar100_resnet8,C0,259,1036,30,1,0.93945945945945952,40.101999999999997,0.40000000000000002,0
cifar100_resnet8,C0,260,1040,22.5,1,0.9420849420849422,40.019999999999996,0.45000000000000001,0
cifar100_resnet8,C0,261,1044,30.5,1,0.97154440154440158,41.995999999999995,0.34999999999999998,0
cifar100_resnet8,C0,262,1048,22,1,0.9666409266409266,41.5,0.5,0
cifar100_resnet8,C0,263,1052,24.5,1,0.96926640926640917,41.745999999999995,0.40000000000000002,0
cifar100_resnet8,C0,264,1056,34,1,0.93764478764478765,40.192,0.29999999999999999,0.050000000000000003
cifar100_resnet8,C0,265,1060,37.5,1,0.96077220077220071,41.091999999999999,0.25,0
cifar100_resnet8,C0,266,1064,32.5,1,0.94675675675675675,40.701999999999998,0.45000000000000001,0.050000000000000003
cifar100_resnet8,C0,267,1068,23.5,1,0.95339768339768338,40.670000000000002,0.45000000000000001,0
cifar100_resnet8,C0,268,1072,22,1,0.96362934362934372,41.302,0.5,0
cifar100_resnet8,C0,269,1076,19.5,1,0.95285714285714285,40.896000000000001,0.55000000000000004,0
cifar100_resnet8,C0,270,1080,21,1,0.93810810810810819,40.097999999999999,0.55000000000000004,0
cifar100_resnet8,C0,271,1084,29,1,0.93216216216216219,39.748000000000005,0.45000000000000001,0.050000000000000003
cifar100_resnet8,C0,272,1088,26,1,0.9143243243243242,39.113999999999997,0.45000000000000001,0
cifar100_resnet8,C0,273,1092,27.5,1,0.96868725868725869,41.712000000000003,0.45000000000000001,0
cifar100_resnet8,C0,274,1096,30.5,1,0.95297297297297301,40.751999999999995,0.40000000000000002,0
cifar100_resnet8,C0,275,1100,21,1,0.96698841698841709,41.631999999999998,0.5,0
cifar100_resnet8,C0,276,1104,27.5,1,0.95822393822393825,40.823999999999998,0.45000000000000001,0
cifar100_resnet8,C0,277,1108,17.5,1,0.97598455598455602,42.293999999999997,0.55000000000000004,0
cifar100_resnet8,C0,278,1112,28,1,0.96621621621621612,41.576000000000001,0.40000000000000002,0
cifar100_resnet8,C0,279,1116,30,1,0.9672972972972973,41.564,0.45000000000000001,0
cifar100_resnet8,C0,280,1120,20,1,0.97505791505791506,42.119999999999997,0.55000000000000004,0
cifar100_resnet8,C0,281,1124,39.5,1,0.92397683397683394,39.097999999999999,0.29999999999999999,0.050000000000000003
cifar100_resnet8,C0,282,1128,13.5,1,0.97710424710424704,42.231999999999999,0.65000000000000002,0
cifar100_resnet8,C0,283,1132,22,1,0.9484169884169884,40.774000000000001,0.45000000000000001,0.050000000000000003
cifar100_resnet8,C0,284,1136,32.5,1,0.94606177606177599,40.263999999999996,0.34999999999999998,0
cifar100_resnet8,C0,285,1140,40.5,1,0.94640926640926648,40.299999999999997,0.25,0
cifar100_resnet8,C0,286,1144,39.5,1,0.9515057915057914,40.519999999999996,0.34999999999999998,0
cifar100_resnet8,C0,287,1148,15.5,1,0.97733590733590725,42.298000000000002,0.69999999999999996,0
cifar100_resnet8,C0,288,1152,24.5,1,0.97312741312741324,41.902000000000001,0.40000000000000002,0
cifar100_resnet8,C0,289,1156,32.5,1,0.97023166023166019,41.904000000000003,0.34999999999999998,0
cifar100_resnet8,C0,290,1160,26.5,1,0.9792664092664094,42.498000000000005,0.45000000000000001,0
cifar100_resnet8,C0,291,1164,19.5,1,0.97389961389961388,42.107999999999997,0.5,0
cifar100_resnet8,C0,292,1168,19.5,1,0.980965250965251,42.640000000000001,0.55000000000000004,0
cifar100_resnet8,C0,293,1172,29,1,0.96868725868725869,41.733999999999995,0.40000000000000002,0
cifar100_resnet8,C0,294,1176,18,1,0.96980694980694993,41.700000000000003,0.5,0
cifar100_resnet8,C0,295,1180,14,1,0.97984555984555988,42.481999999999999,0.69999999999999996,0
cifar100_resnet8,C0,296,1184,15,1,0.97378378378378372,42.043999999999997,0.65000000000000002,0
cifar100_resnet8,C0,297,1188,13,1,0.9759073359073358,42.182000000000002,0.69999999999999996,0
cifar100_resnet8,C0,298,1192,20,1,0.97061776061776062,41.731999999999999,0.55000000000000004,0
cifar100_resnet8,C0,299,1196,31.5,1,0.9596525096525097,41.089999999999996,0.40000000000000002,0
cifar100_resnet8,C0,300,1200,19,1,0.97733590733590725,42.501999999999995,0.59999999999999998,0
cifar100_resnet8,C0,301,1204,32.5,1,0.91640926640926634,39.494,0.45000000000000001,0
cifar100_resnet8,C0,302,1208,35,1,0.95347490347490349,40.742000000000004,0.40000000000000002,0
cifar100_resnet8,C0,303,1212,20,1,0.9641312741312742,41.465999999999994,0.55000000000000004,0
cifar100_resnet8,C0,304,1216,13.5,1,0.97768339768339774,42.439999999999998,0.65000000000000002,0
cifar100_resnet8,C0,305,1220,30.5,1,0.96196911196911206,41.359999999999999,0.34999999999999998,0
cifar100_resnet8,C0,306,1224,30.5,1,0.95490347490347494,40.887999999999998,0.45000000000000001,0
cifar100_resnet8,C0,307,1228,30,1,0.96679536679536682,41.636000000000003,0.45000000000000001,0
cifar100_resnet8,C0,308,1232,24,1,0.94135135135135128,40.326000000000001,0.45000000000000001,0.050000000000000003
cifar100_resnet8,C0,309,1236,35,1,0.95764478764478755,40.986000000000004,0.34999999999999998,0
cifar100_resnet8,C0,310,1240,69,1,0.93872586872586861,39.555999999999997,0.29999999999999999,0
cifar100_resnet8,C0,311,1244,32.5,1,0.91722007722007726,39.530000000000001,0.45000000000000001,0
cifar100_resnet8,C0,312,1248,20.5,1,0.96687258687258681,41.780000000000001,0.59999999999999998,0
cifar100_resnet8,C0,313,1252,15.5,1,0.95432432432432424,40.844000000000001,0.69999999999999996,0
cifar100_resnet8,C0,314,1256,16,1,0.96505791505791516,41.339999999999996,0.55000000000000004,0
cifar100_resnet8,C0,315,1260,30,1,0.94359073359073364,40.071999999999996,0.45000000000000001,0
cifar100_resnet8,C0,316,1264,21,1,0.97841698841698843,42.450000000000003,0.55000000000000004,0
cifar100_resnet8,C0,317,1268,23.5,1,0.96544401544401537,41.390000000000001,0.5,0
cifar100_resnet8,C0,318,1272,21,1,0.9377606177606177,40.010000000000005,0.55000000000000004,0.050000000000000003
cifar100_resnet8,C0,319,1276,29,1,0.97841698841698843,42.322000000000003,0.34999999999999998,0
cifar100_resnet8,C0,320,1280,14,1,0.94185328185328188,41.064,0.65000000000000002,0
cifar100_resnet8,C0,321,1284,16.5,1,0.92749034749034753,40.386000000000003,0.69999999999999996,0
cifar100_resnet8,C0,322,1288,20.5,1,0.97293436293436297,42.043999999999997,0.55000000000000004,0
cifar100_resnet8,C0,323,1292,18.5,1,0.98200772200772202,42.698,0.59999999999999998,0
cifar100_resnet8,C0,324,1296,31.5,1,0.97096525096525088,41.866,0.45000000000000001,0
cifar100_resnet8,C0,325,1300,30,1,0.96791505791505794,41.768000000000001,0.29999999999999999,0
cifar100_resnet8,C0,326,1304,21.5,1,0.97687258687258682,42.274000000000001,0.5,0
cifar100_resnet8,C0,327,1308,45.5,1,0.9351737451737453,40.103999999999999,0.25,0.050000000000000003
cifar100_resnet8,C0,328,1312,21.5,1,0.9755212355212356,42.058,0.5,0
cifar100_resnet8,C0,329,1316,17.5,1,0.98027027027027036,42.624000000000002,0.65000000000000002,0
cifar100_resnet8,C0,330,1320,20.5,1,0.93660231660231652,40.814,0.5,0
cifar100_resnet8,C0,331,1324,39.5,1,0.96525096525096521,41.501999999999995,0.34999999999999998,0
cifar100_resnet8,C0,332,1328,15.5,1,0.98540540540540555,42.868000000000002,0.65000000000000002,0
cifar100_resnet8,C0,333,1332,16.5,1,0.9733976833976834,42.060000000000002,0.59999999999999998,0
cifar100_resnet8,C0,334,1336,26.5,1,0.96675675675675676,41.474000000000004,0.5,0
cifar100_resnet8,C0,335,1340,21,1,0.92281853281853277,40.060000000000002,0.55000000000000004,0
cifar100_resnet8,C0,336,1344,23,1,0.94613899613899621,40.775999999999996,0.40000000000000002,0.050000000000000003
cifar100_resnet8,C0,337,1348,27,1,0.94490347490347482,40.856000000000002,0.45000000000000001,0.050000000000000003
cifar100_resnet8,C0,338,1352,15,1,0.98386100386100384,42.698,0.59999999999999998,0
cifar100_resnet8,C0,339,1356,25,1,0.97594594594594586,42.293999999999997,0.5,0
cifar100_resnet8,C0,340,1360,24.5,1,0.97027027027027035,41.956000000000003,0.5,0
cifar100_resnet8,C0,341,1364,21.5,1,0.97440154440154436,42.094000000000001,0.5,0
cifar100_resnet8,C0,342,1368,42.5,1,0.95100386100386092,40.478000000000002,0.40000000000000002,0
cifar100_resnet8,C0,343,1372,16.5,1,0.96610038610038607,41.634,0.65000000000000002,0
cifar100_resnet8,C0,344,1376,21,1,0.97806949806949817,42.402000000000001,0.5,0
cifar100_resnet8,C0,345,1380,40,1,0.96401544401544403,41.512,0.40000000000000002,0
cifar100_resnet8,C0,346,1384,23.5,1,0.97432432432432436,42.079999999999998,0.45000000000000001,0
cifar100_resnet8,C0,347,1388,22.5,1,0.95119691119691119,40.765999999999998,0.40000000000000002,0.050000000000000003
cifar100_resnet8,C0,348,1392,20,1,0.97880308880308886,42.501999999999995,0.55000000000000004,0
cifar100_resnet8,C0,349,1396,26,1,0.95938223938223943,41.095999999999997,0.34999999999999998,0
cifar100_resnet8,C0,350,1400,28.5,1,0.96853281853281847,41.622,0.45000000000000001,0
cifar100_resnet8,C0,351,1404,16,1,0.97814671814671816,42.393999999999998,0.69999999999999996,0
cifar100_resnet8,C0,352,1408,14,1,0.98088803088803078,42.492000000000004,0.59999999999999998,0
cifar100_resnet8,C0,353,1412,26,1,0.94011583011583011,40.417999999999999,0.45000000000000001,0.050000000000000003
cifar100_resnet8,C0,354,1416,29,1,0.96945945945945944,41.731999999999999,0.40000000000000002,0
cifar100_resnet8,C0,355,1420,47,1,0.93081081081081085,39.218000000000004,0.29999999999999999,0
cifar100_resnet8,C0,356,1424,18.5,1,0.9771428571428572,42.640000000000001,0.69999999999999996,0
cifar100_resnet8,C0,357,1428,30,1,0.96100386100386093,41.158000000000001,0.25,0
cifar100_resnet8,C0,358,1432,23.5,1,0.9755212355212356,42.274000000000001,0.40000000000000002,0
cifar100_resnet8,C0,359,1436,31,1,0.95976833976833975,41.112000000000002,0.40000000000000002,0
cifar100_resnet8,C0,360,1440,17.5,1,0.95725868725868735,41.060000000000002,0.55000000000000004,0
cifar100_resnet8,C0,361,1444,43,1,0.95339768339768338,40.762,0.40000000000000002,0
cifar100_resnet8,C0,362,1448,22.5,1,0.95281853281853279,40.969999999999999,0.5,0
cifar100_resnet8,C0,363,1452,24.5,1,0.95872586872586874,41.122,0.5,0
cifar100_resnet8,C0,364,1456,20.5,1,0.97598455598455602,42.225999999999999,0.5,0
cifar100_resnet8,C0,365,1460,27,1,0.9627413127413128,41.164000000000001,0.40000000000000002,0
cifar100_resnet8,C0,366,1464,25.5,1,0.9733976833976834,42.006,0.45000000000000001,0
cifar100_resnet8,C0,367,1468,30,1,0.97223938223938222,42.097999999999999,0.34999999999999998,0
cifar100_resnet8,C0,368,1472,16,1,0.97637065637065634,42.344000000000001,0.59999999999999998,0
cifar100_resnet8,C0,369,1476,21,1,0.95806949806949804,40.984000000000002,0.5,0
cifar100_resnet8,C0,370,1480,18,1,0.97015444015444019,41.902000000000001,0.55000000000000004,0
cifar100_resnet8,C0,371,1484,20,1,0.95841698841698852,41.07,0.55000000000000004,0
cifar100_resnet8,C0,372,1488,22,1,0.96961389961389965,41.874000000000002,0.5,0
cifar100_resnet8,C0,373,1492,29,1,0.95895752895752895,41.034000000000006,0.40000000000000002,0
cifar100_resnet8,C0,374,1496,23,1,0.97915057915057913,42.390000000000001,0.40000000000000002,0
cifar100_resnet8,C0,375,1500,24.5,1,0.93007722007722005,40.475999999999999,0.45000000000000001,0
cifar100_resnet8,C0,376,1504,14,1,0.97108108108108104,41.835999999999999,0.75,0
cifar100_resnet8,C0,377,1508,18.5,1,0.97220077220077228,42.045999999999999,0.59999999999999998,0
cifar100_resnet8,C0,378,1512,31.5,1,0.93559845559845556,40.033999999999999,0.40000000000000002,0.050000000000000003
cifar100_resnet8,C0,379,1516,25.5,1,0.97745173745173752,42.369999999999997,0.45000000000000001,0
cifar100_resnet8,C0,380,1520,23,1,0.97907335907335913,42.628,0.45000000000000001,0
cifar100_resnet8,C0,381,1524,31.5,1,0.96138996138996136,41.341999999999999,0.34999999999999998,0
cifar100_resnet8,C0,382,1528,23,1,0.97115830115830115,41.954000000000001,0.34999999999999998,0
cifar100_resnet8,C0,383,1532,20,1,0.93142857142857149,39.841999999999999,0.5,0.050000000000000003
cifar100_resnet8,C0,384,1536,18,1,0.97756756756756746,42.368000000000002,0.55000000000000004,0
cifar100_resnet8,C0,385,1540,24.5,1,0.96903474903474895,41.75,0.20000000000000001,0
cifar100_resnet8,C0,386,1544,26.5,1,0.97845559845559849,42.392000000000003,0.40000000000000002,0
cifar100_resnet8,C0,387,1548,21.5,1,0.97386100386100394,42.039999999999999,0.5,0
cifar100_resnet8,C0,388,1552,15,1,0.97235521235521227,41.866,0.59999999999999998,0
cifar100_resnet8,C0,389,1556,20.5,1,0.97359073359073367,42.101999999999997,0.55000000000000004,0
cifar100_resnet8,C0,390,1560,21,1,0.96328185328185323,41.369999999999997,0.5,0
cifar100_resnet8,C0,391,1564,16.5,1,0.96486486486486489,41.509999999999998,0.65000000000000002,0
cifar100_resnet8,C0,392,1568,17,1,0.97077220077220083,41.835999999999999,0.69999999999999996,0
cifar100_resnet8,C0,393,1572,52.5,1,0.94934362934362926,40.555999999999997,0.34999999999999998,0
cifar100_resnet8,C0,394,1576,20.5,1,0.97459459459459463,42.25,0.59999999999999998,0
cifar100_resnet8,C0,395,1580,34,1,0.97142857142857131,41.944000000000003,0.29999999999999999,0
cifar100_resnet8,C0,396,1584,18,1,0.96915057915057923,41.893999999999998,0.59999999999999998,0
cifar100_resnet8,C0,397,1588,28,1,0.95320463320463311,40.827999999999996,0.40000000000000002,0
cifar100_resnet8,C0,398,1592,37.5,1,0.89803088803088804,37.5,0.40000000000000002,0.050000000000000003
cifar100_resnet8,C0,399,1596,21.5,1,0.9672972972972973,41.728000000000002,0.5,0
cifar100_resnet8,C0,400,1600,14.5,1,0.97061776061776062,41.851999999999997,0.59999999999999998,0
cifar100_resnet8,C0,401,1604,38,1,0.95799227799227804,40.923999999999999,0.34999999999999998,0
cifar100_resnet8,C0,402,1608,21,1,0.96478764478764467,41.448,0.5,0
cifar100_resnet8,C0,403,1612,26,1,0.96876447876447869,41.738,0.34999999999999998,0
cifar100_resnet8,C0,404,1616,25,1,0.96760617760617751,41.564,0.45000000000000001,0
cifar100_resnet8,C0,405,1620,23,1,0.96474903474903473,41.293999999999997,0.5,0
cifar100_resnet8,C0,406,1624,18.5,1,0.97969111969111966,42.368000000000002,0.5,0
cifar100_resnet8,C0,407,1628,17.5,1,0.98166023166023175,42.665999999999997,0.65000000000000002,0
cifar100_resnet8,C0,408,1632,36.5,1,0.95729729729729729,40.910000000000004,0.40000000000000002,0
cifar100_resnet8,C0,409,1636,14.5,1,0.97976833976833988,42.585999999999999,0.69999999999999996,0
cifar100_resnet8,C0,410,1640,18,1,0.98247104247104244,42.713999999999999,0.65000000000000002,0
cifar100_resnet8,C0,411,1644,15.5,1,0.97455598455598458,42.030000000000001,0.65000000000000002,0
cifar100_resnet8,C0,412,1648,38,1,0.94926640926640926,40.251999999999995,0.40000000000000002,0
cifar100_resnet8,C0,413,1652,24.5,1,0.95957528957528948,40.942,0.34999999999999998,0
cifar100_resnet8,C0,414,1656,14.5,1,0.97938223938223934,42.386000000000003,0.59999999999999998,0
cifar100_resnet8,C0,415,1660,23.5,1,0.97683397683397677,42.351999999999997,0.45000000000000001,0
cifar100_resnet8,C0,416,1664,28,1,0.94092664092664102,40.492000000000004,0.45000000000000001,0.050000000000000003
cifar100_resnet8,C0,417,1668,26,1,0.96922779922779922,41.672000000000004,0.45000000000000001,0
cifar100_resnet8,C0,418,1672,23,1,0.96637065637065633,41.548000000000002,0.5,0
cifar100_resnet8,C0,419,1676,35,1,0.95822393822393825,41.113999999999997,0.34999999999999998,0
cifar100_resnet8,C0,420,1680,21.5,1,0.93544401544401556,40.245999999999995,0.5,0.050000000000000003
cifar100_resnet8,C0,421,1684,15.5,1,0.98027027027027036,42.475999999999999,0.55000000000000004,0
cifar100_resnet8,C0,422,1688,10.5,1,0.98501930501930501,42.643999999999998,0.65000000000000002,0
cifar100_resnet8,C0,423,1692,22.5,1,0.96177606177606179,41.231999999999999,0.5,0
cifar100_resnet8,C0,424,1696,10.5,1,0.93976833976833984,40.738,0.69999999999999996,0
cifar100_resnet8,C0,425,1700,17.5,1,0.96861003861003869,41.612000000000002,0.59999999999999998,0
cifar100_resnet8,C0,426,1704,23,1,0.96544401544401537,41.582000000000001,0.45000000000000001,0
cifar100_resnet8,C0,427,1708,16.5,1,0.97254826254826254,41.904000000000003,0.65000000000000002,0
cifar100_resnet8,C0,428,1712,26,1,0.97617760617760607,42.289999999999999,0.40000000000000002,0
cifar100_resnet8,C0,429,1716,31.5,1,0.95061776061776071,40.802,0.34999999999999998,0
cifar100_resnet8,C0,430,1720,17.5,1,0.96054054054054061,41.119999999999997,0.55000000000000004,0
cifar100_resnet8,C0,431,1724,28.5,1,0.97513513513513517,42.260000000000005,0.34999999999999998,0
cifar100_resnet8,C0,432,1728,24,1,0.94942084942084948,40.643999999999998,0.45000000000000001,0
cifar100_resnet8,C0,433,1732,30,1,0.95258687258687258,40.748000000000005,0.40000000000000002,0
cifar100_resnet8,C0,434,1736,24.5,1,0.96536679536679537,41.531999999999996,0.5,0
cifar100_resnet8,C0,435,1740,23.5,1,0.96610038610038607,41.438000000000002,0.40000000000000002,0
cifar100_resnet8,C0,436,1744,13,1,0.97598455598455602,42.140000000000001,0.59999999999999998,0
cifar100_resnet8,C0,437,1748,30,1,0.95911196911196905,41.052,0.40000000000000002,0
cifar100_resnet8,C0,438,1752,14.5,1,0.96613899613899612,41.408000000000001,0.55000000000000004,0
cifar100_resnet8,C0,439,1756,14.5,1,0.97988416988416982,42.469999999999999,0.75,0
cifar100_resnet8,C0,440,1760,21,1,0.97698841698841699,42.504000000000005,0.55000000000000004,0
cifar100_resnet8,C0,441,1764,20,1,0.97718146718146726,42.339999999999996,0.55000000000000004,0
cifar100_resnet8,C0,442,1768,14.5,1,0.97366795366795367,42.085999999999999,0.65000000000000002,0
cifar100_resnet8,C0,443,1772,17,1,0.97204633204633206,41.832000000000001,0.59999999999999998,0
cifar100_resnet8,C0,444,1776,17.5,1,0.97436293436293442,42.148000000000003,0.59999999999999998,0
cifar100_resnet8,C0,445,1780,17.5,1,0.9803088803088803,42.613999999999997,0.59999999999999998,0
cifar100_resnet8,C0,446,1784,16,1,0.98231660231660223,42.548000000000002,0.59999999999999998,0
cifar100_resnet8,C0,447,1788,26,1,0.96818532818532821,41.660000000000004,0.45000000000000001,0
cifar100_resnet8,C0,448,1792,19,1,0.97127413127413131,41.827999999999996,0.55000000000000004,0
cifar100_resnet8,C0,449,1796,24.5,1,0.96513513513513516,41.597999999999999,0.45000000000000001,0
cifar100_resnet8,C0,450,1800,18,1,0.97949806949806939,42.405999999999999,0.55000000000000004,0
cifar100_resnet8,C0,451,1804,35.5,1,0.96980694980694993,41.774000000000001,0.40000000000000002,0
cifar100_resnet8,C0,452,1808,14,1,0.97297297297297303,42.088000000000001,0.75,0
cifar100_resnet8,C0,453,1812,17.5,1,0.98301158301158298,42.829999999999998,0.69999999999999996,0
cifar100_resnet8,C0,454,1816,21,1,0.98034749034749036,42.363999999999997,0.5,0
cifar100_resnet8,C0,455,1820,19.5,1,0.97270270270270276,41.963999999999999,0.59999999999999998,0
cifar100_resnet8,C0,456,1824,36.5,1,0.96494208494208489,41.512,0.29999999999999999,0
cifar100_resnet8,C0,457,1828,15.5,1,0.97652509652509656,42.176000000000002,0.55000000000000004,0
cifar100_resnet8,C0,458,1832,20,1,0.93521235521235524,40.648000000000003,0.55000000000000004,0
cifar100_resnet8,C0,459,1836,20,1,0.91374517374517372,38.613999999999997,0.5,0.050000000000000003
cifar100_resnet8,C0,460,1840,17,1,0.94837837837837835,41.030000000000001,0.65000000000000002,0.050000000000000003
cifar100_resnet8,C0,461,1844,13.5,1,0.97177606177606179,41.847999999999999,0.69999999999999996,0
cifar100_resnet8,C0,462,1848,26,1,0.97142857142857131,41.874000000000002,0.45000000000000001,0
cifar100_resnet8,C0,463,1852,21,1,0.96293436293436296,41.206000000000003,0.5,0
cifar100_resnet8,C0,464,1856,18.5,1,0.91227799227799233,39.299999999999997,0.55000000000000004,0
cifar100_resnet8,C0,465,1860,26,1,0.9749420849420849,42.244,0.40000000000000002,0
cifar100_resnet8,C0,466,1864,21.5,1,0.94745173745173739,40.666000000000004,0.5,0.050000000000000003
cifar100_resnet8,C0,467,1868,14,1,0.97555984555984554,42.119999999999997,0.65000000000000002,0
cifar100_resnet8,C0,468,1872,20.5,1,0.97413127413127421,42.251999999999995,0.5,0
cifar100_resnet8,C0,469,1876,18.5,1,0.97308880308880297,41.954000000000001,0.59999999999999998,0
cifar100_resnet8,C0,470,1880,19,1,0.97559845559845559,42.182000000000002,0.59999999999999998,0
cifar100_resnet8,C0,471,1884,17.5,1,0.98428571428571432,42.902000000000001,0.65000000000000002,0
cifar100_resnet8,C0,472,1888,16.5,1,0.97057915057915056,41.841999999999999,0.59999999999999998,0
cifar100_resnet8,C0,473,1892,14,1,0.98023166023166031,42.43,0.59999999999999998,0
cifar100_resnet8,C0,474,1896,35.5,1,0.95837837837837836,41.072000000000003,0.40000000000000002,0
cifar100_resnet8,C0,475,1900,30.5,1,0.94073359073359075,40.200000000000003,0.40000000000000002,0.050000000000000003
cifar100_resnet8,C0,476,1904,22,1,0.97440154440154436,42.083999999999996,0.45000000000000001,0
cifar100_resnet8,C0,477,1908,29,1,0.97355212355212351,42.072000000000003,0.40000000000000002,0
cifar100_resnet8,C0,478,1912,14,1,0.98501930501930501,42.832000000000001,0.59999999999999998,0
cifar100_resnet8,C0,479,1916,18.5,1,0.97308880308880319,42.016000000000005,0.59999999999999998,0
cifar100_resnet8,C0,480,1920,27,1,0.977953667953668,42.338000000000001,0.34999999999999998,0
cifar100_resnet8,C0,481,1924,32.5,1,0.91714285714285704,38.853999999999999,0.29999999999999999,0.050000000000000003
cifar100_resnet8,C0,482,1928,16.5,1,0.98324324324324319,42.701999999999998,0.65000000000000002,0
cifar100_resnet8,C0,483,1932,18,1,0.97397683397683399,42.072000000000003,0.55000000000000004,0
cifar100_resnet8,C0,484,1936,28,1,0.95942084942084949,40.938000000000002,0.40000000000000002,0
cifar100_resnet8,C0,485,1940,19,1,0.97293436293436297,42.216000000000001,0.59999999999999998,0
cifar100_resnet8,C0,486,1944,17.5,1,0.96992277992277987,41.636000000000003,0.55000000000000004,0
cifar100_resnet8,C0,487,1948,33.5,1,0.96559845559845559,41.501999999999995,0.40000000000000002,0
cifar100_resnet8,C0,488,1952,17.5,1,0.967953667953668,41.637999999999998,0.55000000000000004,0
cifar100_resnet8,C0,489,1956,22,1,0.97555984555984554,42.164000000000001,0.45000000000000001,0
cifar100_resnet8,C0,490,1960,28,1,0.96328185328185323,41.368000000000002,0.40000000000000002,0
cifar100_resnet8,C0,491,1964,21,1,0.98262548262548266,42.787999999999997,0.5,0
cifar100_resnet8,C0,492,1968,28,1,0.93691119691119695,40.058,0.45000000000000001,0.050000000000000003
cifar100_resnet8,C0,493,1972,22,1,0.9749420849420849,42.077999999999996,0.45000000000000001,0
cifar100_resnet8,C0,494,1976,19.5,1,0.96764478764478756,41.510000000000005,0.5,0
cifar100_resnet8,C0,495,1980,17.5,1,0.97073359073359078,41.829999999999998,0.59999999999999998,0
cifar100_resnet8,C0,496,1984,34,1,0.97297297297297303,42.010000000000005,0.29999999999999999,0
cifar100_resnet8,C0,497,1988,33,1,0.94038610038610027,40.171999999999997,0.45000000000000001,0.050000000000000003
cifar100_resnet8,C0,498,1992,28.5,1,0.9672972972972973,41.585999999999999,0.45000000000000001,0
cifar100_resnet8,C0,499,1996,17.5,1,0.97293436293436297,42.055999999999997,0.65000000000000002,0
cifar100_resnet8,C0,500,2000,19,1,0.97988416988416982,42.564,0.55000000000000004,0
cifar100_resnet8,C0,501,2004,20.5,1,0.97084942084942083,41.869999999999997,0.5,0
cifar100_resnet8,C0,502,2008,23,1,0.96710424710424703,41.533999999999999,0.45000000000000001,0
cifar100_resnet8,C0,503,2012,17.5,1,0.96930501930501922,41.673999999999999,0.55000000000000004,0
cifar100_resnet8,C0,504,2016,31.5,1,0.95810810810810809,41.122,0.34999999999999998,0
cifar100_resnet8,C0,505,2020,29,1,0.96536679536679537,41.576000000000001,0.40000000000000002,0
cifar100_resnet8,C0,506,2024,20.5,1,0.96544401544401537,41.554000000000002,0.59999999999999998,0
cifar100_resnet8,C0,507,2028,19,1,0.98158301158301153,42.637999999999998,0.65000000000000002,0
cifar100_resnet8,C0,508,2032,20,1,0.97706563706563698,42.140000000000001,0.5,0
cifar100_resnet8,C0,509,2036,20,1,0.96586872586872585,41.510000000000005,0.55000000000000004,0
cifar100_resnet8,C0,510,2040,30.5,1,0.96193050193050189,41.260000000000005,0.40000000000000002,0
cifar100_resnet8,C0,511,2044,21.5,1,0.97660231660231656,42.263999999999996,0.5,0
cifar100_resnet8,C0,512,2048,33,1,0.97370656370656372,42.054000000000002,0.29999999999999999,0
cifar100_resnet8,C1,1,4,612.5,612.5,0.49992277992277989,17.969999999999999,0,0.40000000000000002
cifar100_resnet8,C1,2,8,446,298,0.67683397683397684,24.763999999999999,0,0.10000000000000001
cifar100_resnet8,C1,3,12,499,271,0.57262548262548263,20.012,0,0.20000000000000001
cifar100_resnet8,C1,4,16,577.5,180,0.52084942084942087,21.077999999999999,0.050000000000000003,0.29999999999999999
cifar100_resnet8,C1,5,20,637.5,168.5,0.51235521235521231,20.332000000000001,0.050000000000000003,0.20000000000000001
cifar100_resnet8,C1,6,24,511.5,155.5,0.53409266409266409,20.59,0.050000000000000003,0.25
cifar100_resnet8,C1,7,28,618.5,147,0.48888030888030887,18.130000000000003,0,0.20000000000000001
cifar100_resnet8,C1,8,32,676,129.5,0.4423552123552123,17.172000000000001,0.050000000000000003,0.25
cifar100_resnet8,C1,9,36,554.5,129.5,0.54714285714285715,19.57,0,0.20000000000000001
cifar100_resnet8,C1,10,40,660.5,129.5,0.45123552123552119,16.187999999999999,0,0.25
cifar100_resnet8,C1,11,44,508.5,112.5,0.59297297297297302,21.530000000000001,0,0.25
cifar100_resnet8,C1,12,48,476.5,112.5,0.54316602316602314,20.651999999999997,0,0.20000000000000001
cifar100_resnet8,C1,13,52,457,104,0.63891891891891883,24.145999999999997,0.050000000000000003,0.20000000000000001
cifar100_resnet8,C1,14,56,693.5,104,0.4841312741312741,19.282,0,0.40000000000000002
cifar100_resnet8,C1,15,60,572,102,0.53841698841698837,19.868000000000002,0,0.34999999999999998
cifar100_resnet8,C1,16,64,390.5,89.5,0.63814671814671819,25.199999999999999,0.10000000000000001,0.14999999999999999
cifar100_resnet8,C1,17,68,619,63,0.4915444015444016,18.584,0.050000000000000003,0.14999999999999999
cifar100_resnet8,C1,18,72,472.5,63,0.58722007722007719,22.009999999999998,0,0.25
cifar100_resnet8,C1,19,76,513.5,63,0.50586872586872589,18.834,0,0.14999999999999999
cifar100_resnet8,C1,20,80,558.5,63,0.5447490347490348,19.803999999999998,0,0.29999999999999999
cifar100_resnet8,C1,21,84,492,63,0.59050193050193056,22.936,0,0.20000000000000001
cifar100_resnet8,C1,22,88,645.5,41,0.48092664092664095,18.280000000000001,0.050000000000000003,0.29999999999999999
cifar100_resnet8,C1,23,92,429,38,0.56899613899613899,21.887999999999998,0,0.34999999999999998
cifar100_resnet8,C1,24,96,525.5,38,0.59718146718146714,22.922000000000001,0.050000000000000003,0.25
cifar100_resnet8,C1,25,100,620.5,38,0.5745173745173745,21.758000000000003,0.050000000000000003,0.25
cifar100_resnet8,C1,26,104,406.5,31,0.61146718146718149,24.16,0.050000000000000003,0.10000000000000001
cifar100_resnet8,C1,27,108,661,21.5,0.49648648648648647,18.48,0.050000000000000003,0.40000000000000002
cifar100_resnet8,C1,28,112,390,21.5,0.61231660231660234,23.628,0,0.20000000000000001
cifar100_resnet8,C1,29,116,534.5,21.5,0.58830115830115826,22.386000000000003,0.050000000000000003,0.29999999999999999
cifar100_resnet8,C1,30,120,693.5,21.5,0.46135135135135136,16.213999999999999,0,0.29999999999999999
cifar100_resnet8,C1,31,124,557,21.5,0.5652509652509653,20.710000000000001,0,0.25
cifar100_resnet8,C1,32,128,425.5,18.5,0.62976833976833979,25.306000000000001,0.10000000000000001,0.14999999999999999
cifar100_resnet8,C1,33,132,294,17,0.66984555984555993,26.701999999999998,0.14999999999999999,0.14999999999999999
cifar100_resnet8,C1,34,136,368,16.5,0.71637065637065633,27.350000000000001,0.050000000000000003,0.14999999999999999
cifar100_resnet8,C1,35,140,214,16,0.74949806949806952,29.330000000000002,0.050000000000000003,0.050000000000000003
cifar100_resnet8,C1,36,144,400.5,16,0.65694980694980698,25.437999999999999,0.10000000000000001,0.050000000000000003
cifar100_resnet8,C1,37,148,562,16,0.57301158301158295,21.975999999999999,0,0.25
cifar100_resnet8,C1,38,152,379,14.5,0.63694980694980696,24.690000000000001,0.10000000000000001,0.20000000000000001
cifar100_resnet8,C1,39,156,411,14.5,0.65359073359073361,24.512,0,0.20000000000000001
cifar100_resnet8,C1,40,160,321,14.5,0.75115830115830118,28.286000000000001,0.050000000000000003,0.050000000000000003
cifar100_resnet8,C1,41,164,305.5,14.5,0.69648648648648648,26.748000000000001,0,0.14999999999999999
cifar100_resnet8,C1,42,168,300,13.5,0.65972972972972976,26.512,0.10000000000000001,0.14999999999999999
cifar100_resnet8,C1,43,172,385,13.5,0.6847490347490347,25.654000000000003,0.050000000000000003,0.050000000000000003
cifar100_resnet8,C1,44,176,408,13.5,0.65687258687258687,25.006,0,0.14999999999999999
cifar100_resnet8,C1,45,180,392.5,12.5,0.66509652509652517,25.857999999999997,0.10000000000000001,0.25
cifar100_resnet8,C1,46,184,276,12.5,0.70474903474903472,27.649999999999999,0,0.10000000000000001
cifar100_resnet8,C1,47,188,282,12.5,0.69710424710424712,27.527999999999999,0,0.10000000000000001
cifar100_resnet8,C1,48,192,265.5,11.5,0.70463320463320467,27.795999999999999,0.050000000000000003,0.14999999999999999
cifar100_resnet8,C1,49,196,238,11.5,0.7127413127413128,27.754000000000001,0,0.050000000000000003
cifar100_resnet8,C1,50,200,121.5,10,0.82660231660231653,33.68,0.20000000000000001,0.050000000000000003
cifar100_resnet8,C1,51,204,184.5,8.5,0.77362934362934366,30.536000000000001,0.14999999999999999,0.14999999999999999
cifar100_resnet8,C1,52,208,237,8.5,0.72424710424710426,28.398000000000003,0.050000000000000003,0.10000000000000001
cifar100_resnet8,C1,53,212,212,7,0.73359073359073357,29.104000000000003,0.14999999999999999,0.20000000000000001
cifar100_resnet8,C1,54,216,171,7,0.81069498069498069,32.272000000000006,0.050000000000000003,0.050000000000000003
cifar100_resnet8,C1,55,220,200.5,7,0.74432432432432427,29.637999999999998,0.10000000000000001,0.14999999999999999
cifar100_resnet8,C1,56,224,187,6.5,0.72054054054054051,28.731999999999999,0.14999999999999999,0.14999999999999999
cifar100_resnet8,C1,57,228,329,5.5,0.70073359073359076,28.201999999999998,0.14999999999999999,0.10000000000000001
cifar100_resnet8,C1,58,232,247,5.5,0.70471042471042478,28.074000000000002,0,0.050000000000000003
cifar100_resnet8,C1,59,236,219.5,5,0.74895752895752898,29.280000000000001,0.14999999999999999,0.14999999999999999
cifar100_resnet8,C1,60,240,197,5,0.81115830115830112,32.030000000000001,0.10000000000000001,0.050000000000000003
cifar100_resnet8,C1,61,244,232.5,5,0.79088803088803084,30.895999999999997,0.050000000000000003,0.10000000000000001
cifar100_resnet8,C1,62,248,257,5,0.75633204633204643,29.788,0.050000000000000003,0.14999999999999999
cifar100_resnet8,C1,63,252,314.5,5,0.73606177606177603,28.238,0,0.14999999999999999
cifar100_resnet8,C1,64,256,354.5,5,0.73501930501930501,28.486000000000001,0.10000000000000001,0.10000000000000001
cifar100_resnet8,C1,65,260,143,5,0.81969111969111963,33.296000000000006,0.10000000000000001,0
cifar100_resnet8,C1,66,264,95,5,0.8799227799227799,36.195999999999998,0.20000000000000001,0
cifar100_resnet8,C1,67,268,174,4.5,0.83702702702702703,33.518000000000001,0.14999999999999999,0.050000000000000003
cifar100_resnet8,C1,68,272,117.5,4.5,0.83305019305019301,34.065999999999995,0.14999999999999999,0
cifar100_resnet8,C1,69,276,121.5,4.5,0.73787644787644791,30.687999999999999,0.050000000000000003,0.10000000000000001
cifar100_resnet8,C1,70,280,187,4,0.74826254826254823,29.848000000000003,0.10000000000000001,0.14999999999999999
cifar100_resnet8,C1,71,284,128,4,0.81405405405405395,32.957999999999998,0.050000000000000003,0.050000000000000003
cifar100_resnet8,C1,72,288,343,4,0.69722007722007728,26.282,0.050000000000000003,0.20000000000000001
cifar100_resnet8,C1,73,292,136,4,0.784980694980695,31.507999999999999,0.10000000000000001,0
cifar100_resnet8,C1,74,296,221.5,4,0.80111969111969117,31.354000000000003,0,0
cifar100_resnet8,C1,75,300,85.5,4,0.86710424710424705,36.268000000000001,0.14999999999999999,0.050000000000000003
cifar100_resnet8,C1,76,304,76.5,4,0.83779922779922789,34.678000000000004,0.29999999999999999,0.10000000000000001
cifar100_resnet8,C1,77,308,95.5,4,0.90034749034749029,37.113999999999997,0.20000000000000001,0
cifar100_resnet8,C1,78,312,121.5,4,0.7683011583011583,31.604000000000003,0.10000000000000001,0.050000000000000003
cifar100_resnet8,C1,79,316,139,4,0.81830115830115824,33.230000000000004,0.20000000000000001,0
cifar100_resnet8,C1,80,320,131,4,0.8236293436293437,33.405999999999999,0.10000000000000001,0.10000000000000001
cifar100_resnet8,C1,81,324,82,4,0.89610038610038623,37.161999999999999,0.20000000000000001,0
cifar100_resnet8,C1,82,328,83,4,0.87428571428571422,35.795999999999999,0.25,0
cifar100_resnet8,C1,83,332,206.5,4,0.77559845559845564,30.606000000000002,0.10000000000000001,0.10000000000000001
cifar100_resnet8,C1,84,336,81.5,4,0.81281853281853278,33.477999999999994,0.14999999999999999,0.14999999999999999
cifar100_resnet8,C1,85,340,93.5,4,0.85235521235521239,35.113999999999997,0.10000000000000001,0
cifar100_resnet8,C1,86,344,176,4,0.80579150579150571,32.390000000000001,0.20000000000000001,0.050000000000000003
cifar100_resnet8,C1,87,348,102,4,0.84745173745173741,34.372,0.050000000000000003,0.050000000000000003
cifar100_resnet8,C1,88,352,148.5,4,0.83254826254826253,33.268000000000001,0.25,0
cifar100_resnet8,C1,89,356,76,3.5,0.87965250965250963,37.067999999999998,0.20000000000000001,0
cifar100_resnet8,C1,90,360,57.5,3.5,0.92316602316602325,38.676000000000002,0.34999999999999998,0
cifar100_resnet8,C1,91,364,213.5,3.5,0.79050193050193052,31.228000000000002,0.050000000000000003,0.14999999999999999
cifar100_resnet8,C1,92,368,129,3.5,0.7797683397683397,31.616000000000003,0.14999999999999999,0.10000000000000001
cifar100_resnet8,C1,93,372,159,3.5,0.79123552123552121,31.733999999999998,0.050000000000000003,0.10000000000000001
cifar100_resnet8,C1,94,376,90.5,3.5,0.83223938223938221,34.118000000000002,0.14999999999999999,0.10000000000000001
cifar100_resnet8,C1,95,380,132,3.5,0.78092664092664088,31.504000000000001,0.10000000000000001,0.050000000000000003
cifar100_resnet8,C1,96,384,113.5,3.5,0.81401544401544401,32.664000000000001,0.20000000000000001,0.10000000000000001
cifar100_resnet8,C1,97,388,50.5,3.5,0.85945945945945945,36.036000000000001,0.29999999999999999,0.14999999999999999
cifar100_resnet8,C1,98,392,77.5,3.5,0.90000000000000002,37.566000000000003,0.14999999999999999,0.050000000000000003
cifar100_resnet8,C1,99,396,75,3.5,0.87957528957528963,36.489999999999995,0.34999999999999998,0.050000000000000003
cifar100_resnet8,C1,100,400,82,3,0.8167953667953668,33.923999999999999,0.25,0.10000000000000001
cifar100_resnet8,C1,101,404,80.5,3,0.91092664092664088,37.902000000000001,0.25,0
cifar100_resnet8,C1,102,408,78.5,3,0.8868339768339768,36.838000000000001,0.14999999999999999,0.050000000000000003
cifar100_resnet8,C1,103,412,105.5,3,0.88787644787644793,36.595999999999997,0.20000000000000001,0.050000000000000003
cifar100_resnet8,C1,104,416,75.5,3,0.8465637065637065,34.829999999999998,0.29999999999999999,0.14999999999999999
cifar100_resnet8,C1,105,420,162,3,0.84084942084942083,33.975999999999999,0.25,0.050000000000000003
cifar100_resnet8,C1,106,424,97.5,3,0.85953667953667945,35.585999999999999,0.10000000000000001,0.10000000000000001
cifar100_resnet8,C1,107,428,67,3,0.87895752895752888,36.484000000000002,0.14999999999999999,0.10000000000000001
cifar100_resnet8,C1,108,432,76,2.5,0.84613899613899624,34.981999999999999,0.20000000000000001,0.14999999999999999
cifar100_resnet8,C1,109,436,79.5,2.5,0.89876447876447885,37.390000000000001,0.14999999999999999,0
cifar100_resnet8,C1,110,440,98.5,2.5,0.89104247104247103,36.510000000000005,0.14999999999999999,0
cifar100_resnet8,C1,111,444,59,2.5,0.84007722007722008,35.076000000000001,0.20000000000000001,0.10000000000000001
cifar100_resnet8,C1,112,448,79,2,0.85142857142857142,34.994,0.29999999999999999,0
cifar100_resnet8,C1,113,452,29.5,2,0.89876447876447885,38.140000000000001,0.45000000000000001,0.050000000000000003
cifar100_resnet8,C1,114,456,50,2,0.9088030888030888,38.350000000000001,0.20000000000000001,0.050000000000000003
cifar100_resnet8,C1,115,460,52.5,2,0.89945945945945949,37.552,0.25,0
cifar100_resnet8,C1,116,464,45.5,2,0.92918918918918914,39.148000000000003,0.40000000000000002,0
cifar100_resnet8,C1,117,468,38.5,2,0.84007722007722008,35.381999999999998,0.40000000000000002,0.10000000000000001
cifar100_resnet8,C1,118,472,32.5,2,0.8928571428571429,37.433999999999997,0.40000000000000002,0.050000000000000003
cifar100_resnet8,C1,119,476,52.5,2,0.91166023166023158,38.061999999999998,0.25,0
cifar100_resnet8,C1,120,480,66.5,2,0.90104247104247093,37.911999999999999,0.25,0
cifar100_resnet8,C1,121,484,59,2,0.93930501930501931,39.739999999999995,0.29999999999999999,0
cifar100_resnet8,C1,122,488,72.5,2,0.8891119691119691,37.293999999999997,0.34999999999999998,0
cifar100_resnet8,C1,123,492,57,2,0.89656370656370643,37.560000000000002,0.29999999999999999,0.050000000000000003
cifar100_resnet8,C1,124,496,62,2,0.91494208494208495,38.571999999999996,0.25,0.050000000000000003
cifar100_resnet8,C1,125,500,44,2,0.8564092664092664,35.481999999999999,0.40000000000000002,0.10000000000000001
cifar100_resnet8,C1,126,504,40,2,0.93864864864864861,39.585999999999999,0.34999999999999998,0
cifar100_resnet8,C1,127,508,100,2,0.89490347490347499,37.244,0.25,0.050000000000000003
cifar100_resnet8,C1,128,512,67.5,2,0.86733590733590726,35.847999999999999,0.25,0.10000000000000001
cifar100_resnet8,C1,129,516,32.5,2,0.92895752895752892,39.165999999999997,0.29999999999999999,0
cifar100_resnet8,C1,130,520,18.5,2,0.96162162162162157,41.295999999999999,0.55000000000000004,0
cifar100_resnet8,C1,131,524,38.5,2,0.89779922779922783,37.856000000000002,0.34999999999999998,0.10000000000000001
cifar100_resnet8,C1,132,528,38,1.5,0.90710424710424709,38.113999999999997,0.40000000000000002,0
cifar100_resnet8,C1,133,532,90.5,1.5,0.86586872586872587,36.058,0.29999999999999999,0.14999999999999999
cifar100_resnet8,C1,134,536,30.5,1.5,0.87158301158301155,37.116,0.45000000000000001,0.050000000000000003
cifar100_resnet8,C1,135,540,31.5,1.5,0.94552123552123546,40.347999999999999,0.40000000000000002,0
cifar100_resnet8,C1,136,544,40.5,1.5,0.92961389961389962,39.460000000000001,0.40000000000000002,0
cifar100_resnet8,C1,137,548,41,1,0.93756756756756765,39.698,0.29999999999999999,0
cifar100_resnet8,C1,138,552,28,1,0.92227799227799223,38.802,0.40000000000000002,0
cifar100_resnet8,C1,139,556,64.5,1,0.88841698841698835,36.898000000000003,0.29999999999999999,0
cifar100_resnet8,C1,140,560,58,1,0.92397683397683394,38.815999999999995,0.29999999999999999,0
cifar100_resnet8,C1,141,564,25,1,0.95660231660231665,40.923999999999999,0.45000000000000001,0
cifar100_resnet8,C1,142,568,58.5,1,0.91135135135135137,39.332000000000001,0.29999999999999999,0
cifar100_resnet8,C1,143,572,20.5,1,0.86776061776061775,37.595999999999997,0.5,0
cifar100_resnet8,C1,144,576,82.5,1,0.90015444015444024,37.225999999999999,0.25,0
cifar100_resnet8,C1,145,580,38,1,0.92521235521235512,39.245999999999995,0.40000000000000002,0
cifar100_resnet8,C1,146,584,66,1,0.87783783783783775,37.079999999999998,0.40000000000000002,0.050000000000000003
cifar100_resnet8,C1,147,588,21,1,0.95247104247104242,40.787999999999997,0.55000000000000004,0
cifar100_resnet8,C1,148,592,24.5,1,0.9573745173745174,41.161999999999999,0.5,0
cifar100_resnet8,C1,149,596,20,1,0.97061776061776062,41.932000000000002,0.59999999999999998,0
cifar100_resnet8,C1,150,600,27,1,0.9126254826254826,39.269999999999996,0.5,0
cifar100_resnet8,C1,151,604,20.5,1,0.97490347490347484,42.304000000000002,0.59999999999999998,0
cifar100_resnet8,C1,152,608,47,1,0.90370656370656377,38.192,0.45000000000000001,0.050000000000000003
cifar100_resnet8,C1,153,612,21,1,0.96436293436293441,41.489999999999995,0.59999999999999998,0
cifar100_resnet8,C1,154,616,21,1,0.93965250965250957,39.811999999999998,0.5,0
cifar100_resnet8,C1,155,620,20.5,1,0.94034749034749032,40.172000000000004,0.59999999999999998,0
cifar100_resnet8,C1,156,624,18,1,0.94911196911196904,40.469999999999999,0.55000000000000004,0
cifar100_resnet8,C1,157,628,41,1,0.93660231660231652,39.683999999999997,0.45000000000000001,0
cifar100_resnet8,C1,158,632,37.5,1,0.92270270270270272,39.257999999999996,0.45000000000000001,0.050000000000000003
cifar100_resnet8,C1,159,636,19.5,1,0.94297297297297289,40.420000000000002,0.55000000000000004,0.050000000000000003
cifar100_resnet8,C1,160,640,21,1,0.92135135135135138,40.019999999999996,0.59999999999999998,0
cifar100_resnet8,C1,161,644,22,1,0.95822393822393825,41.254000000000005,0.45000000000000001,0
cifar100_resnet8,C1,162,648,21.5,1,0.93030888030888037,39.667999999999999,0.5,0.050000000000000003
cifar100_resnet8,C1,163,652,31.5,1,0.96027027027027023,41.262,0.45000000000000001,0
cifar100_resnet8,C1,164,656,35.5,1,0.88471042471042483,37.457999999999998,0.34999999999999998,0.10000000000000001
cifar100_resnet8,C1,165,660,55.5,1,0.91366795366795373,38.951999999999998,0.34999999999999998,0
cifar100_resnet8,C1,166,664,21,1,0.94247104247104241,40.589999999999996,0.55000000000000004,0.050000000000000003
cifar100_resnet8,C1,167,668,21.5,1,0.93490347490347481,39.926000000000002,0.5,0.050000000000000003
cifar100_resnet8,C1,168,672,21.5,1,0.94895752895752905,40.619999999999997,0.5,0
cifar100_resnet8,C1,169,676,19,1,0.96150579150579163,41.396000000000001,0.59999999999999998,0
cifar100_resnet8,C1,170,680,17.5,1,0.95231660231660231,40.833999999999996,0.69999999999999996,0
cifar100_resnet8,C1,171,684,23.5,1,0.9596525096525097,41.113999999999997,0.40000000000000002,0
cifar100_resnet8,C1,172,688,23,1,0.89212355212355221,37.751999999999995,0.5,0.10000000000000001
cifar100_resnet8,C1,173,692,21,1,0.96822393822393826,41.908000000000001,0.59999999999999998,0
cifar100_resnet8,C1,174,696,21.5,1,0.96540540540540543,41.607999999999997,0.5,0
cifar100_resnet8,C1,175,700,21,1,0.92131274131274132,39.927999999999997,0.55000000000000004,0
cifar100_resnet8,C1,176,704,22.5,1,0.92362934362934368,40,0.5,0
cifar100_resnet8,C1,177,708,20,1,0.97679536679536683,42.571999999999996,0.80000000000000004,0
cifar100_resnet8,C1,178,712,17,1,0.97505791505791506,42.152000000000001,0.75,0
cifar100_resnet8,C1,179,716,18.5,1,0.97814671814671816,42.372,0.65000000000000002,0
cifar100_resnet8,C1,180,720,14.5,1,0.94223938223938219,41.510000000000005,0.80000000000000004,0
cifar100_resnet8,C1,181,724,16.5,1,0.97328185328185324,42.089999999999996,0.69999999999999996,0
cifar100_resnet8,C1,182,728,21.5,1,0.97463320463320469,42.248000000000005,0.5,0
cifar100_resnet8,C1,183,732,20.5,1,0.97335907335907346,42.260000000000005,0.69999999999999996,0
cifar100_resnet8,C1,184,736,18.5,1,0.97088803088803088,42.143999999999998,0.80000000000000004,0
cifar100_resnet8,C1,185,740,19,1,0.92876447876447865,39.802,0.75,0.050000000000000003
cifar100_resnet8,C1,186,744,19,1,0.97166023166023163,42.045999999999999,0.59999999999999998,0
cifar100_resnet8,C1,187,748,18.5,1,0.95324324324324328,41.459999999999994,0.75,0.050000000000000003
cifar100_resnet8,C1,188,752,22,1,0.95644787644787643,40.950000000000003,0.45000000000000001,0
cifar100_resnet8,C1,189,756,20.5,1,0.97741312741312747,42.524000000000001,0.65000000000000002,0
cifar100_resnet8,C1,190,760,20.5,1,0.97621621621621624,42.463999999999999,0.59999999999999998,0
cifar100_resnet8,C1,191,764,31,1,0.96474903474903473,41.606000000000002,0.45000000000000001,0
cifar100_resnet8,C1,192,768,18.5,1,0.95571428571428574,41.219999999999999,0.75,0
cifar100_resnet8,C1,193,772,17,1,0.9711196911196911,42.039999999999999,0.75,0
cifar100_resnet8,C1,194,776,14.5,1,0.98007722007722009,42.579999999999998,0.69999999999999996,0
cifar100_resnet8,C1,195,780,19,1,0.98042471042471036,42.718000000000004,0.75,0
cifar100_resnet8,C1,196,784,17.5,1,0.94362934362934359,40.552,0.59999999999999998,0.050000000000000003
cifar100_resnet8,C1,197,788,19,1,0.96849420849420853,41.902000000000001,0.75,0
cifar100_resnet8,C1,198,792,16,1,0.9854440154440155,42.977999999999994,0.69999999999999996,0
cifar100_resnet8,C1,199,796,16.5,1,0.98498069498069507,42.998000000000005,0.80000000000000004,0
cifar100_resnet8,C1,200,800,21,1,0.97845559845559849,42.689999999999998,0.69999999999999996,0
cifar100_resnet8,C1,201,804,20.5,1,0.98397683397683389,43.094000000000001,0.80000000000000004,0
cifar100_resnet8,C1,202,808,16.5,1,0.98289575289575293,42.950000000000003,0.75,0
cifar100_resnet8,C1,203,812,15,1,0.97992277992277987,42.616,0.80000000000000004,0
cifar100_resnet8,C1,204,816,18,1,0.96849420849420853,41.926000000000002,0.65000000000000002,0
cifar100_resnet8,C1,205,820,20.5,1,0.93772200772200764,40.398000000000003,0.75,0.050000000000000003
cifar100_resnet8,C1,206,824,15.5,1,0.98660231660231656,43.183999999999997,0.90000000000000002,0
cifar100_resnet8,C1,207,828,21,1,0.95934362934362949,41.100000000000001,0.55000000000000004,0
cifar100_resnet8,C1,208,832,19,1,0.96953667953667944,41.887999999999998,0.69999999999999996,0
cifar100_resnet8,C1,209,836,19.5,1,0.9415057915057915,41.280000000000001,0.84999999999999998,0
cifar100_resnet8,C1,210,840,19,1,0.96911196911196917,41.968000000000004,0.75,0
cifar100_resnet8,C1,211,844,17,1,0.94602316602316594,40.899999999999999,0.80000000000000004,0.050000000000000003
cifar100_resnet8,C1,212,848,15,1,0.95540540540540542,41.558,0.84999999999999998,0.050000000000000003
cifar100_resnet8,C1,213,852,18.5,1,0.97996138996138993,42.75,0.84999999999999998,0
cifar100_resnet8,C1,214,856,20.5,1,0.94486486486486476,40.992000000000004,0.75,0
cifar100_resnet8,C1,215,860,16.5,1,0.98621621621621625,43.076000000000001,0.90000000000000002,0
cifar100_resnet8,C1,216,864,15.5,1,0.97849420849420843,42.625999999999998,0.84999999999999998,0
cifar100_resnet8,C1,217,868,16,1,0.94339768339768337,41.450000000000003,0.84999999999999998,0
cifar100_resnet8,C1,218,872,15,1,0.97575289575289581,42.341999999999999,0.80000000000000004,0
cifar100_resnet8,C1,219,876,14,1,0.98613899613899625,43.149999999999999,0.84999999999999998,0
cifar100_resnet8,C1,220,880,13.5,1,0.96212355212355205,41.332000000000001,0.75,0
cifar100_resnet8,C1,221,884,17,1,0.98548262548262555,43.112000000000002,0.84999999999999998,0
cifar100_resnet8,C1,222,888,18.5,1,0.96034749034749045,41.713999999999999,0.80000000000000004,0.050000000000000003
cifar100_resnet8,C1,223,892,21,1,0.92795366795366796,40.275999999999996,0.69999999999999996,0
cifar100_resnet8,C1,224,896,16,1,0.98405405405405411,42.839999999999996,0.80000000000000004,0
cifar100_resnet8,C1,225,900,17.5,1,0.96930501930501944,41.947999999999993,0.80000000000000004,0
cifar100_resnet8,C1,226,904,14.5,1,0.986911196911197,43.130000000000003,0.80000000000000004,0
cifar100_resnet8,C1,227,908,16.5,1,0.98525096525096534,43.006,0.69999999999999996,0
cifar100_resnet8,C1,228,912,21,1,0.95953667953667954,41.281999999999996,0.65000000000000002,0
cifar100_resnet8,C1,229,916,15,1,0.97976833976833988,42.555999999999997,0.84999999999999998,0
cifar100_resnet8,C1,230,920,17.5,1,0.98536679536679528,43.039999999999999,0.75,0
cifar100_resnet8,C1,231,924,14,1,0.9854440154440155,43.100000000000001,0.84999999999999998,0
cifar100_resnet8,C1,232,928,11,1,0.98826254826254833,43.054000000000002,0.84999999999999998,0
cifar100_resnet8,C1,233,932,15,1,0.97359073359073367,42.167999999999999,0.80000000000000004,0
cifar100_resnet8,C1,234,936,18,1,0.95745173745173751,41.677999999999997,0.80000000000000004,0.050000000000000003
cifar100_resnet8,C1,235,940,18,1,0.97691119691119699,42.494,0.84999999999999998,0
cifar100_resnet8,C1,236,944,19,1,0.98606177606177603,43.155999999999999,0.84999999999999998,0
cifar100_resnet8,C1,237,948,20.5,1,0.92853281853281866,40.372,0.69999999999999996,0
cifar100_resnet8,C1,238,952,17,1,0.98011583011583014,42.519999999999996,0.80000000000000004,0
cifar100_resnet8,C1,239,956,17.5,1,0.98694980694980694,43.390000000000001,0.90000000000000002,0
cifar100_resnet8,C1,240,960,15.5,1,0.94756756756756766,40.956000000000003,0.80000000000000004,0
cifar100_resnet8,C1,241,964,18.5,1,0.98737451737451742,43.244,0.94999999999999996,0
cifar100_resnet8,C1,242,968,18.5,1,0.98679536679536672,43.155999999999999,0.84999999999999998,0
cifar100_resnet8,C1,243,972,16,1,0.98818532818532812,43.248000000000005,0.84999999999999998,0
cifar100_resnet8,C1,244,976,20,1,0.98594594594594598,43.085999999999999,0.75,0
cifar100_resnet8,C1,245,980,16.5,1,0.97957528957528961,42.707999999999998,0.84999999999999998,0
cifar100_resnet8,C1,246,984,18,1,0.98806949806949818,43.345999999999997,0.94999999999999996,0
cifar100_resnet8,C1,247,988,14,1,0.94347490347490359,41.329999999999998,0.84999999999999998,0
cifar100_resnet8,C1,248,992,20,1,0.96888030888030896,41.926000000000002,0.75,0
cifar100_resnet8,C1,249,996,15.5,1,0.98621621621621625,43.161999999999999,0.84999999999999998,0
cifar100_resnet8,C1,250,1000,17,1,0.98725868725868726,43.380000000000003,0.90000000000000002,0
cifar100_resnet8,C1,251,1004,17.5,1,0.9740540540540541,42.251999999999995,0.75,0
cifar100_resnet8,C1,252,1008,14,1,0.98667953667953667,43.125999999999998,0.84999999999999998,0
cifar100_resnet8,C1,253,1012,17.5,1,0.98490347490347485,43.192,0.90000000000000002,0
cifar100_resnet8,C1,254,1016,14,1,0.98776061776061774,43.165999999999997,0.94999999999999996,0
cifar100_resnet8,C1,255,1020,17,1,0.98698841698841699,43.256,0.90000000000000002,0
cifar100_resnet8,C1,256,1024,16,1,0.98687258687258694,43.222000000000001,0.84999999999999998,0
cifar100_resnet8,C1,257,1028,18.5,1,0.98702702702702694,43.215999999999994,0.84999999999999998,0
cifar100_resnet8,C1,258,1032,14.5,1,0.9892664092664093,43.372,0.94999999999999996,0
cifar100_resnet8,C1,259,1036,17,1,0.96799227799227805,42.118000000000002,0.84999999999999998,0
cifar100_resnet8,C1,260,1040,17.5,1,0.97525096525096533,42.378,0.84999999999999998,0
cifar100_resnet8,C1,261,1044,19.5,1,0.98447876447876459,43.155999999999999,0.80000000000000004,0
cifar100_resnet8,C1,262,1048,19,1,0.98756756756756769,43.283999999999999,0.94999999999999996,0
cifar100_resnet8,C1,263,1052,17.5,1,0.98710424710424716,43.165999999999997,0.90000000000000002,0
cifar100_resnet8,C1,264,1056,17.5,1,0.95467181467181472,41.628,0.90000000000000002,0.050000000000000003
cifar100_resnet8,C1,265,1060,15,1,0.98945945945945957,43.353999999999999,0.94999999999999996,0
cifar100_resnet8,C1,266,1064,17,1,0.9885328185328186,43.295999999999999,0.90000000000000002,0
cifar100_resnet8,C1,267,1068,18.5,1,0.98833976833976833,43.263999999999996,0.84999999999999998,0
cifar100_resnet8,C1,268,1072,16.5,1,0.98397683397683411,42.75,0.84999999999999998,0
cifar100_resnet8,C1,269,1076,16.5,1,0.96528957528957537,41.810000000000002,0.80000000000000004,0
cifar100_resnet8,C1,270,1080,17.5,1,0.98671814671814673,43.221999999999994,0.90000000000000002,0
cifar100_resnet8,C1,271,1084,18,1,0.98034749034749036,42.760000000000005,0.90000000000000002,0
cifar100_resnet8,C1,272,1088,14,1,0.93976833976833984,41.230000000000004,0.84999999999999998,0
cifar100_resnet8,C1,273,1092,12.5,1,0.9900772200772201,43.398000000000003,1,0
cifar100_resnet8,C1,274,1096,20.5,1,0.97193050193050201,42.341999999999999,0.80000000000000004,0
cifar100_resnet8,C1,275,1100,19,1,0.98760617760617764,43.362000000000002,0.94999999999999996,0
cifar100_resnet8,C1,276,1104,15,1,0.97548262548262554,42.225999999999999,0.84999999999999998,0
cifar100_resnet8,C1,277,1108,15,1,0.98598455598455603,43.119999999999997,0.84999999999999998,0
cifar100_resnet8,C1,278,1112,16,1,0.98671814671814673,43.128,0.84999999999999998,0
cifar100_resnet8,C1,279,1116,14,1,0.9847876447876448,42.995999999999995,0.90000000000000002,0
cifar100_resnet8,C1,280,1120,17,1,0.98621621621621625,43.164000000000001,0.94999999999999996,0
cifar100_resnet8,C1,281,1124,16.5,1,0.98579150579150576,43.143999999999998,0.90000000000000002,0
cifar100_resnet8,C1,282,1128,14.5,1,0.98389961389961389,42.994,0.90000000000000002,0
cifar100_resnet8,C1,283,1132,17,1,0.98907335907335914,43.369999999999997,0.90000000000000002,0
cifar100_resnet8,C1,284,1136,16.5,1,0.98598455598455603,43.061999999999998,0.84999999999999998,0
cifar100_resnet8,C1,285,1140,20,1,0.97335907335907346,42.378,0.80000000000000004,0
cifar100_resnet8,C1,286,1144,20.5,1,0.97536679536679538,42.637999999999998,0.84999999999999998,0
cifar100_resnet8,C1,287,1148,15.5,1,0.98949806949806951,43.410000000000004,1,0
cifar100_resnet8,C1,288,1152,11,1,0.9917760617760617,43.366,1,0
cifar100_resnet8,C1,289,1156,18.5,1,0.98660231660231668,43.299999999999997,0.94999999999999996,0
cifar100_resnet8,C1,290,1160,18.5,1,0.98764478764478769,43.268000000000001,0.90000000000000002,0
cifar100_resnet8,C1,291,1164,15,1,0.99019305019305026,43.314,1,0
cifar100_resnet8,C1,292,1168,17.5,1,0.98725868725868726,43.263999999999996,0.94999999999999996,0
cifar100_resnet8,C1,293,1172,18,1,0.97969111969111966,42.652000000000001,0.80000000000000004,0
cifar100_resnet8,C1,294,1176,16.5,1,0.98247104247104244,42.869999999999997,0.90000000000000002,0
cifar100_resnet8,C1,295,1180,14.5,1,0.98111969111969111,42.811999999999998,0.90000000000000002,0
cifar100_resnet8,C1,296,1184,14.5,1,0.98895752895752886,43.347999999999999,0.94999999999999996,0
cifar100_resnet8,C1,297,1188,14,1,0.98613899613899603,43.158000000000001,0.94999999999999996,0
cifar100_resnet8,C1,298,1192,16.5,1,0.98880308880308887,43.299999999999997,0.90000000000000002,0
cifar100_resnet8,C1,299,1196,14.5,1,0.98999999999999999,43.314,0.94999999999999996,0
cifar100_resnet8,C1,300,1200,14,1,0.9854440154440155,43.119999999999997,0.90000000000000002,0
cifar100_resnet8,C1,301,1204,16,1,0.98200772200772202,42.731999999999999,0.94999999999999996,0
cifar100_resnet8,C1,302,1208,20.5,1,0.98652509652509646,43.381999999999998,0.90000000000000002,0
cifar100_resnet8,C1,303,1212,16,1,0.98722007722007721,43.25,0.90000000000000002,0
cifar100_resnet8,C1,304,1216,14.5,1,0.98833976833976833,43.465999999999994,0.94999999999999996,0
cifar100_resnet8,C1,305,1220,17.5,1,0.97536679536679538,42.469999999999999,0.90000000000000002,0
cifar100_resnet8,C1,306,1224,13,1,0.99042471042471047,43.329999999999998,0.94999999999999996,0
cifar100_resnet8,C1,307,1228,15,1,0.98722007722007721,43.213999999999999,0.84999999999999998,0
cifar100_resnet8,C1,308,1232,14,1,0.98980694980694983,43.405999999999999,0.94999999999999996,0
cifar100_resnet8,C1,309,1236,17,1,0.97015444015444019,42.012,0.75,0
cifar100_resnet8,C1,310,1240,17,1,0.98135135135135132,42.771999999999998,0.75,0
cifar100_resnet8,C1,311,1244,19,1,0.94034749034749032,41.374000000000002,0.90000000000000002,0
cifar100_resnet8,C1,312,1248,18.5,1,0.97571428571428576,42.466000000000001,0.84999999999999998,0
cifar100_resnet8,C1,313,1252,17.5,1,0.98880308880308887,43.438000000000002,1,0
cifar100_resnet8,C1,314,1256,16.5,1,0.98830115830115839,43.245999999999995,0.84999999999999998,0
cifar100_resnet8,C1,315,1260,19,1,0.97567567567567559,42.402000000000001,0.80000000000000004,0
cifar100_resnet8,C1,316,1264,12.5,1,0.9885328185328186,43.176000000000002,0.94999999999999996,0
cifar100_resnet8,C1,317,1268,14,1,0.99003861003861005,43.387999999999998,1,0
cifar100_resnet8,C1,318,1272,14.5,1,0.98756756756756769,43.142000000000003,0.90000000000000002,0
cifar100_resnet8,C1,319,1276,14,1,0.98915057915057913,43.448,0.94999999999999996,0
cifar100_resnet8,C1,320,1280,15,1,0.9894208494208494,43.351999999999997,0.94999999999999996,0
cifar100_resnet8,C1,321,1284,19,1,0.98772200772200769,43.32,0.94999999999999996,0
cifar100_resnet8,C1,322,1288,17,1,0.98791505791505796,43.238,0.90000000000000002,0
cifar100_resnet8,C1,323,1292,16,1,0.98845559845559838,43.286000000000001,0.94999999999999996,0
cifar100_resnet8,C1,324,1296,14,1,0.98899613899613903,43.415999999999997,0.94999999999999996,0
cifar100_resnet8,C1,325,1300,19,1,0.9817760617760618,42.868000000000002,0.80000000000000004,0
cifar100_resnet8,C1,326,1304,15,1,0.9816988416988417,42.814,0.90000000000000002,0
cifar100_resnet8,C1,327,1308,14.5,1,0.98698841698841699,43.227999999999994,0.94999999999999996,0
cifar100_resnet8,C1,328,1312,13.5,1,0.98370656370656362,42.893999999999998,0.84999999999999998,0
cifar100_resnet8,C1,329,1316,16,1,0.9892664092664093,43.420000000000002,1,0
cifar100_resnet8,C1,330,1320,14.5,1,0.94637065637065643,41.561999999999998,0.94999999999999996,0
cifar100_resnet8,C1,331,1324,15,1,0.98389961389961389,43.067999999999998,0.90000000000000002,0
cifar100_resnet8,C1,332,1328,14,1,0.98976833976833978,43.362000000000002,1,0
cifar100_resnet8,C1,333,1332,13.5,1,0.99054054054054053,43.280000000000001,1,0
cifar100_resnet8,C1,334,1336,14.5,1,0.98598455598455603,43.148000000000003,0.94999999999999996,0
cifar100_resnet8,C1,335,1340,14.5,1,0.98980694980694983,43.488,1,0
cifar100_resnet8,C1,336,1344,16.5,1,0.95864864864864874,41.783999999999999,0.90000000000000002,0.050000000000000003
cifar100_resnet8,C1,337,1348,16,1,0.98463320463320458,43.072000000000003,0.84999999999999998,0
cifar100_resnet8,C1,338,1352,17,1,0.98864864864864865,43.287999999999997,0.84999999999999998,0
cifar100_resnet8,C1,339,1356,16.5,1,0.98864864864864865,43.439999999999998,0.94999999999999996,0
cifar100_resnet8,C1,340,1360,16,1,0.98888030888030887,43.378,0.94999999999999996,0
cifar100_resnet8,C1,341,1364,14,1,0.98876447876447882,43.280000000000001,0.94999999999999996,0
cifar100_resnet8,C1,342,1368,17.5,1,0.97459459459459463,42.351999999999997,0.84999999999999998,0
cifar100_resnet8,C1,343,1372,14.5,1,0.98610038610038608,43.122,0.90000000000000002,0
cifar100_resnet8,C1,344,1376,20,1,0.98482625482625485,43.198,0.80000000000000004,0
cifar100_resnet8,C1,345,1380,17,1,0.98849420849420855,43.384,0.94999999999999996,0
cifar100_resnet8,C1,346,1384,16.5,1,0.9892664092664093,43.317999999999998,0.94999999999999996,0
cifar100_resnet8,C1,347,1388,15,1,0.98899613899613903,43.398000000000003,0.94999999999999996,0
cifar100_resnet8,C1,348,1392,14,1,0.98918918918918908,43.436,0.94999999999999996,0
cifar100_resnet8,C1,349,1396,18.5,1,0.9848648648648648,42.988,0.84999999999999998,0
cifar100_resnet8,C1,350,1400,10.5,1,0.99057915057915058,43.295999999999999,0.94999999999999996,0
cifar100_resnet8,C1,351,1404,15.5,1,0.98760617760617764,43.269999999999996,0.94999999999999996,0
cifar100_resnet8,C1,352,1408,11.5,1,0.99054054054054053,43.378,0.94999999999999996,0
cifar100_resnet8,C1,353,1412,16,1,0.98884169884169881,43.474000000000004,0.94999999999999996,0
cifar100_resnet8,C1,354,1416,14,1,0.98710424710424716,43.192,0.94999999999999996,0
cifar100_resnet8,C1,355,1420,15,1,0.98362934362934362,42.917999999999999,0.80000000000000004,0
cifar100_resnet8,C1,356,1424,18.5,1,0.98841698841698844,43.537999999999997,0.94999999999999996,0
cifar100_resnet8,C1,357,1428,14,1,0.98640926640926652,43.097999999999999,0.90000000000000002,0
cifar100_resnet8,C1,358,1432,16.5,1,0.98845559845559838,43.268000000000001,0.84999999999999998,0
cifar100_resnet8,C1,359,1436,16,1,0.98598455598455603,43.221999999999994,0.84999999999999998,0
cifar100_resnet8,C1,360,1440,16.5,1,0.98907335907335914,43.404000000000003,1,0
cifar100_resnet8,C1,361,1444,14.5,1,0.98590733590733604,43.106000000000002,0.90000000000000002,0
cifar100_resnet8,C1,362,1448,17,1,0.98328185328185336,42.950000000000003,0.90000000000000002,0
cifar100_resnet8,C1,363,1452,18,1,0.98629343629343624,43.195999999999998,0.94999999999999996,0
cifar100_resnet8,C1,364,1456,14.5,1,0.9894208494208494,43.506,1,0
cifar100_resnet8,C1,365,1460,12,1,0.99081081081081079,43.399999999999999,1,0
cifar100_resnet8,C1,366,1464,14,1,0.98575289575289582,42.965999999999994,0.90000000000000002,0
cifar100_resnet8,C1,367,1468,17,1,0.98891891891891892,43.488,1,0
cifar100_resnet8,C1,368,1472,14.5,1,0.98722007722007721,43.097999999999999,0.90000000000000002,0
cifar100_resnet8,C1,369,1476,14.5,1,0.98980694980694983,43.398000000000003,1,0
cifar100_resnet8,C1,370,1480,18,1,0.98884169884169881,43.417999999999999,1,0
cifar100_resnet8,C1,371,1484,13,1,0.99019305019305026,43.423999999999999,1,0
cifar100_resnet8,C1,372,1488,14,1,0.98779922779922791,43.265999999999998,0.94999999999999996,0
cifar100_resnet8,C1,373,1492,19.5,1,0.98594594594594598,43.293999999999997,0.80000000000000004,0
cifar100_resnet8,C1,374,1496,15.5,1,0.98965250965250962,43.308,0.94999999999999996,0
cifar100_resnet8,C1,375,1500,18,1,0.98857142857142866,43.498000000000005,1,0
cifar100_resnet8,C1,376,1504,17.5,1,0.98888030888030887,43.311999999999998,1,0
cifar100_resnet8,C1,377,1508,17,1,0.98830115830115839,43.507999999999996,1,0
cifar100_resnet8,C1,378,1512,14,1,0.98953667953667956,43.494,1,0
cifar100_resnet8,C1,379,1516,16,1,0.98969111969111978,43.381999999999998,1,0
cifar100_resnet8,C1,380,1520,15,1,0.98895752895752909,43.462000000000003,0.94999999999999996,0
cifar100_resnet8,C1,381,1524,19,1,0.98745173745173742,43.457999999999998,0.94999999999999996,0
cifar100_resnet8,C1,382,1528,15.5,1,0.98957528957528962,43.269999999999996,0.94999999999999996,0
cifar100_resnet8,C1,383,1532,18.5,1,0.98061776061776063,42.775999999999996,0.90000000000000002,0
cifar100_resnet8,C1,384,1536,18.5,1,0.98752895752895742,43.393999999999998,0.90000000000000002,0
cifar100_resnet8,C1,385,1540,14.5,1,0.98988416988416983,43.335999999999999,0.94999999999999996,0
cifar100_resnet8,C1,386,1544,14.5,1,0.98934362934362929,43.432000000000002,1,0
cifar100_resnet8,C1,387,1548,17,1,0.98826254826254833,43.323999999999998,0.94999999999999996,0
cifar100_resnet8,C1,388,1552,19,1,0.98822393822393817,43.414000000000001,1,0
cifar100_resnet8,C1,389,1556,17,1,0.9886872586872586,43.512,1,0
cifar100_resnet8,C1,390,1560,18.5,1,0.98111969111969111,42.838000000000001,0.90000000000000002,0
cifar100_resnet8,C1,391,1564,20.5,1,0.9759073359073358,42.646000000000001,0.94999999999999996,0
cifar100_resnet8,C1,392,1568,19,1,0.9793436293436294,42.718000000000004,0.90000000000000002,0
cifar100_resnet8,C1,393,1572,18.5,1,0.9830888030888032,42.936,0.84999999999999998,0
cifar100_resnet8,C1,394,1576,18.5,1,0.98884169884169881,43.378,1,0
cifar100_resnet8,C1,395,1580,17,1,0.98903474903474908,43.345999999999997,0.94999999999999996,0
cifar100_resnet8,C1,396,1584,17,1,0.97853281853281848,42.756,0.90000000000000002,0
cifar100_resnet8,C1,397,1588,14.5,1,0.99023166023166032,43.445999999999998,1,0
cifar100_resnet8,C1,398,1592,17,1,0.96733590733590735,42.182000000000002,0.84999999999999998,0
cifar100_resnet8,C1,399,1596,12.5,1,0.98818532818532812,43.067999999999998,0.94999999999999996,0
cifar100_resnet8,C1,400,1600,14,1,0.98976833976833978,43.366,0.94999999999999996,0
cifar100_resnet8,C1,401,1604,14.5,1,0.9894208494208494,43.456000000000003,1,0
cifar100_resnet8,C1,402,1608,19.5,1,0.98810810810810812,43.381999999999998,0.90000000000000002,0
cifar100_resnet8,C1,403,1612,20,1,0.9886100386100386,43.423999999999999,0.94999999999999996,0
cifar100_resnet8,C1,404,1616,18,1,0.980965250965251,42.698,0.90000000000000002,0
cifar100_resnet8,C1,405,1620,14.5,1,0.98996138996139005,43.362000000000002,1,0
cifar100_resnet8,C1,406,1624,14.5,1,0.98760617760617764,43.182000000000002,0.84999999999999998,0
cifar100_resnet8,C1,407,1628,16.5,1,0.9885328185328186,43.436,0.94999999999999996,0
cifar100_resnet8,C1,408,1632,17,1,0.98826254826254833,43.480000000000004,0.94999999999999996,0
cifar100_resnet8,C1,409,1636,14,1,0.98903474903474908,43.561999999999998,1,0
cifar100_resnet8,C1,410,1640,18.5,1,0.98864864864864865,43.398000000000003,0.94999999999999996,0
cifar100_resnet8,C1,411,1644,17,1,0.98895752895752909,43.495999999999995,1,0
cifar100_resnet8,C1,412,1648,18.5,1,0.98899613899613903,43.411999999999999,1,0
cifar100_resnet8,C1,413,1652,17.5,1,0.97988416988416982,42.686,0.84999999999999998,0
cifar100_resnet8,C1,414,1656,14,1,0.98980694980694983,43.417999999999999,1,0
cifar100_resnet8,C1,415,1660,16,1,0.98880308880308887,43.333999999999996,0.94999999999999996,0
cifar100_resnet8,C1,416,1664,16,1,0.98857142857142866,43.474000000000004,0.94999999999999996,0
cifar100_resnet8,C1,417,1668,19,1,0.98806949806949818,43.438000000000002,0.94999999999999996,0
cifar100_resnet8,C1,418,1672,18.5,1,0.98814671814671817,43.366,0.94999999999999996,0
cifar100_resnet8,C1,419,1676,19,1,0.97640926640926651,42.655999999999999,0.94999999999999996,0
cifar100_resnet8,C1,420,1680,19.5,1,0.97872586872586864,42.625999999999998,0.84999999999999998,0
cifar100_resnet8,C1,421,1684,12.5,1,0.99019305019305026,43.453999999999994,1,0
cifar100_resnet8,C1,422,1688,14,1,0.98957528957528962,43.310000000000002,0.90000000000000002,0
cifar100_resnet8,C1,423,1692,19,1,0.98803088803088812,43.445999999999998,1,0
cifar100_resnet8,C1,424,1696,15,1,0.94138996138996145,41.233999999999995,0.84999999999999998,0
cifar100_resnet8,C1,425,1700,18.5,1,0.98501930501930501,43.275999999999996,0.94999999999999996,0
cifar100_resnet8,C1,426,1704,14,1,0.98073359073359079,42.760000000000005,0.90000000000000002,0
cifar100_resnet8,C1,427,1708,18,1,0.98880308880308887,43.399999999999999,1,0
cifar100_resnet8,C1,428,1712,16,1,0.9892664092664093,43.405999999999999,0.94999999999999996,0
cifar100_resnet8,C1,429,1716,17,1,0.98895752895752886,43.405999999999999,1,0
cifar100_resnet8,C1,430,1720,17,1,0.98888030888030887,43.498000000000005,1,0
cifar100_resnet8,C1,431,1724,16,1,0.98918918918918908,43.427999999999997,1,0
cifar100_resnet8,C1,432,1728,17,1,0.98857142857142866,43.453999999999994,1,0
cifar100_resnet8,C1,433,1732,19,1,0.96911196911196917,42.001999999999995,0.90000000000000002,0
cifar100_resnet8,C1,434,1736,18,1,0.98837837837837839,43.5,1,0
cifar100_resnet8,C1,435,1740,16.5,1,0.98918918918918908,43.359999999999999,0.94999999999999996,0
cifar100_resnet8,C1,436,1744,15.5,1,0.98957528957528962,43.396000000000001,1,0
cifar100_resnet8,C1,437,1748,18,1,0.98911196911196908,43.411999999999999,1,0
cifar100_resnet8,C1,438,1752,15.5,1,0.98880308880308887,43.345999999999997,0.94999999999999996,0
cifar100_resnet8,C1,439,1756,19,1,0.98579150579150576,43.299999999999997,0.94999999999999996,0
cifar100_resnet8,C1,440,1760,18,1,0.98849420849420855,43.387999999999998,1,0
cifar100_resnet8,C1,441,1764,13.5,1,0.98957528957528962,43.310000000000002,0.94999999999999996,0
cifar100_resnet8,C1,442,1768,18.5,1,0.98841698841698844,43.474000000000004,1,0
cifar100_resnet8,C1,443,1772,18,1,0.98818532818532812,43.456000000000003,1,0
cifar100_resnet8,C1,444,1776,17,1,0.98899613899613903,43.353999999999999,0.94999999999999996,0
cifar100_resnet8,C1,445,1780,19.5,1,0.98837837837837839,43.439999999999998,0.94999999999999996,0
cifar100_resnet8,C1,446,1784,15.5,1,0.98930501930501935,43.457999999999998,1,0
cifar100_resnet8,C1,447,1788,15,1,0.98814671814671817,43.304000000000002,0.84999999999999998,0
cifar100_resnet8,C1,448,1792,14.5,1,0.98965250965250962,43.509999999999998,1,0
cifar100_resnet8,C1,449,1796,18.5,1,0.98598455598455603,43.259999999999998,0.94999999999999996,0
cifar100_resnet8,C1,450,1800,20,1,0.98772200772200769,43.327999999999996,0.90000000000000002,0
cifar100_resnet8,C1,451,1804,15,1,0.98999999999999999,43.314,1,0
cifar100_resnet8,C1,452,1808,18.5,1,0.97687258687258693,42.68,0.94999999999999996,0
cifar100_resnet8,C1,453,1812,16,1,0.98895752895752886,43.374000000000002,0.94999999999999996,0
cifar100_resnet8,C1,454,1816,16,1,0.9886100386100386,43.460000000000001,0.94999999999999996,0
cifar100_resnet8,C1,455,1820,17,1,0.98799227799227796,43.32,0.84999999999999998,0
cifar100_resnet8,C1,456,1824,15.5,1,0.98903474903474908,43.543999999999997,1,0
cifar100_resnet8,C1,457,1828,14.5,1,0.98988416988416983,43.321999999999996,1,0
cifar100_resnet8,C1,458,1832,19.5,1,0.94297297297297289,41.543999999999997,0.84999999999999998,0
cifar100_resnet8,C1,459,1836,14.5,1,0.98953667953667956,43.442,1,0
cifar100_resnet8,C1,460,1840,18.5,1,0.98876447876447882,43.450000000000003,0.94999999999999996,0
cifar100_resnet8,C1,461,1844,17,1,0.98864864864864865,43.495999999999995,1,0
cifar100_resnet8,C1,462,1848,19,1,0.98833976833976833,43.524000000000001,1,0
cifar100_resnet8,C1,463,1852,17.5,1,0.98833976833976833,43.392000000000003,0.94999999999999996,0
cifar100_resnet8,C1,464,1856,15,1,0.98772200772200769,43.287999999999997,0.94999999999999996,0
cifar100_resnet8,C1,465,1860,16.5,1,0.98849420849420855,43.363999999999997,0.90000000000000002,0
cifar100_resnet8,C1,466,1864,17.5,1,0.95498069498069493,41.682000000000002,0.80000000000000004,0.050000000000000003
cifar100_resnet8,C1,467,1868,17.5,1,0.98872586872586865,43.474000000000004,1,0
cifar100_resnet8,C1,468,1872,15,1,0.98880308880308887,43.445999999999998,0.94999999999999996,0
cifar100_resnet8,C1,469,1876,17.5,1,0.98687258687258694,43.221999999999994,0.94999999999999996,0
cifar100_resnet8,C1,470,1880,16,1,0.9894208494208494,43.390000000000001,1,0
cifar100_resnet8,C1,471,1884,17,1,0.98864864864864865,43.525999999999996,1,0
cifar100_resnet8,C1,472,1888,17,1,0.98903474903474908,43.387999999999998,1,0
cifar100_resnet8,C1,473,1892,18.5,1,0.98891891891891892,43.414000000000001,1,0
cifar100_resnet8,C1,474,1896,17.5,1,0.98694980694980694,43.213999999999999,0.90000000000000002,0
cifar100_resnet8,C1,475,1900,15,1,0.98980694980694983,43.317999999999998,1,0
cifar100_resnet8,C1,476,1904,17,1,0.98888030888030887,43.392000000000003,0.94999999999999996,0
cifar100_resnet8,C1,477,1908,15,1,0.9894208494208494,43.495999999999995,1,0
cifar100_resnet8,C1,478,1912,19,1,0.96895752895752896,42.192,0.90000000000000002,0
cifar100_resnet8,C1,479,1916,18,1,0.98880308880308887,43.380000000000003,1,0
cifar100_resnet8,C1,480,1920,16,1,0.98907335907335914,43.374000000000002,0.90000000000000002,0
cifar100_resnet8,C1,481,1924,14,1,0.98972972972972983,43.417999999999999,1,0
cifar100_resnet8,C1,482,1928,18,1,0.98830115830115839,43.242000000000004,0.94999999999999996,0
cifar100_resnet8,C1,483,1932,18,1,0.98722007722007721,43.381999999999998,0.94999999999999996,0
cifar100_resnet8,C1,484,1936,21,1,0.97517374517374511,42.641999999999996,0.90000000000000002,0
cifar100_resnet8,C1,485,1940,20,1,0.98764478764478769,43.533999999999999,0.90000000000000002,0
cifar100_resnet8,C1,486,1944,15,1,0.98969111969111978,43.387999999999998,1,0
cifar100_resnet8,C1,487,1948,18,1,0.98826254826254833,43.460000000000001,0.94999999999999996,0
cifar100_resnet8,C1,488,1952,14.5,1,0.99011583011583004,43.359999999999999,1,0
cifar100_resnet8,C1,489,1956,19,1,0.98857142857142866,43.345999999999997,0.94999999999999996,0
cifar100_resnet8,C1,490,1960,14.5,1,0.9894208494208494,43.469999999999999,1,0
cifar100_resnet8,C1,491,1964,17.5,1,0.98791505791505796,43.263999999999996,0.94999999999999996,0
cifar100_resnet8,C1,492,1968,16,1,0.98888030888030887,43.5,1,0
cifar100_resnet8,C1,493,1972,19,1,0.98857142857142866,43.469999999999999,1,0
cifar100_resnet8,C1,494,1976,16,1,0.98938223938223935,43.415999999999997,1,0
cifar100_resnet8,C1,495,1980,19,1,0.98810810810810812,43.423999999999999,1,0
cifar100_resnet8,C1,496,1984,15.5,1,0.98922779922779935,43.463999999999999,1,0
cifar100_resnet8,C1,497,1988,19,1,0.98814671814671817,43.436,1,0
cifar100_resnet8,C1,498,1992,14,1,0.98938223938223935,43.438000000000002,0.94999999999999996,0
cifar100_resnet8,C1,499,1996,17,1,0.980965250965251,42.736000000000004,0.94999999999999996,0
cifar100_resnet8,C1,500,2000,18,1,0.98810810810810812,43.326000000000001,0.94999999999999996,0
cifar100_resnet8,C1,501,2004,16.5,1,0.97945945945945945,42.751999999999995,0.94999999999999996,0
cifar100_resnet8,C1,502,2008,15.5,1,0.97992277992277987,42.597999999999999,0.84999999999999998,0
cifar100_resnet8,C1,503,2012,16,1,0.98000000000000009,42.665999999999997,0.90000000000000002,0
cifar100_resnet8,C1,504,2016,19,1,0.98872586872586865,43.384,0.94999999999999996,0
cifar100_resnet8,C1,505,2020,16.5,1,0.98907335907335914,43.438000000000002,1,0
cifar100_resnet8,C1,506,2024,18.5,1,0.97899613899613891,42.721999999999994,0.94999999999999996,0
cifar100_resnet8,C1,507,2028,18,1,0.98888030888030887,43.439999999999998,0.94999999999999996,0
cifar100_resnet8,C1,508,2032,16.5,1,0.98918918918918908,43.293999999999997,0.94999999999999996,0
cifar100_resnet8,C1,509,2036,15,1,0.9894208494208494,43.457999999999998,1,0
cifar100_resnet8,C1,510,2040,20,1,0.98100386100386106,42.810000000000002,0.94999999999999996,0
cifar100_resnet8,C1,511,2044,15,1,0.98972972972972983,43.317999999999998,1,0
cifar100_resnet8,C1,512,2048,17,1,0.98888030888030887,43.439999999999998,1,0
cifar100_resnet8,C2,1,4,775.5,775.5,0.44339768339768337,16.047999999999998,0,0.5
cifar100_resnet8,C2,2,8,393,319.5,0.654980694980695,24.265999999999998,0,0.25
cifar100_resnet8,C2,3,12,515.5,280,0.55996138996139,19.966000000000001,0,0.29999999999999999
cifar100_resnet8,C2,4,16,671,168.5,0.52779922779922783,21.702000000000002,0.050000000000000003,0.29999999999999999
cifar100_resnet8,C2,5,20,635.5,129.5,0.52818532818532815,20.684000000000001,0.050000000000000003,0.25
cifar100_resnet8,C2,6,24,581,125,0.50189189189189187,19.225999999999999,0,0.25
cifar100_resnet8,C2,7,28,602,112.5,0.49644787644787647,18.57,0,0.20000000000000001
cifar100_resnet8,C2,8,32,728.5,105.5,0.44243243243243241,17.280000000000001,0.050000000000000003,0.29999999999999999
cifar100_resnet8,C2,9,36,554.5,105.5,0.55772200772200775,20.224,0,0.20000000000000001
cifar100_resnet8,C2,10,40,709,105.5,0.45498069498069499,17.27,0,0.25
cifar100_resnet8,C2,11,44,556.5,101.5,0.56200772200772198,20.646000000000001,0,0.29999999999999999
cifar100_resnet8,C2,12,48,486.5,101.5,0.54370656370656367,21.045999999999999,0,0.25
cifar100_resnet8,C2,13,52,493,101.5,0.54664092664092667,20.834,0,0.20000000000000001
cifar100_resnet8,C2,14,56,693.5,101.5,0.47432432432432431,18.786000000000001,0,0.40000000000000002
cifar100_resnet8,C2,15,60,580.5,101.5,0.53818532818532816,19.5,0,0.34999999999999998
cifar100_resnet8,C2,16,64,360.5,98.5,0.63463320463320461,24.670000000000002,0.050000000000000003,0.20000000000000001
cifar100_resnet8,C2,17,68,504,89.5,0.52880308880308879,19.884,0.050000000000000003,0.14999999999999999
cifar100_resnet8,C2,18,72,518,82.5,0.57872586872586873,21.375999999999998,0,0.25
cifar100_resnet8,C2,19,76,508,82.5,0.50359073359073359,18.538,0,0.20000000000000001
cifar100_resnet8,C2,20,80,597,82.5,0.5168339768339768,18.364000000000001,0,0.34999999999999998
cifar100_resnet8,C2,21,84,450,82.5,0.59980694980694982,23.396000000000001,0.050000000000000003,0.20000000000000001
cifar100_resnet8,C2,22,88,689,62.5,0.44548262548262552,16.884,0.050000000000000003,0.45000000000000001
cifar100_resnet8,C2,23,92,633.5,62.5,0.50247104247104246,18.988,0,0.40000000000000002
cifar100_resnet8,C2,24,96,509,60,0.56467181467181471,21.706,0.050000000000000003,0.25
cifar100_resnet8,C2,25,100,671.5,60,0.57169884169884166,21.5,0.050000000000000003,0.29999999999999999
cifar100_resnet8,C2,26,104,428,41,0.59606177606177613,23.859999999999999,0.10000000000000001,0.14999999999999999
cifar100_resnet8,C2,27,108,641,36.5,0.49289575289575288,18.404,0.050000000000000003,0.40000000000000002
cifar100_resnet8,C2,28,112,532,36.5,0.52949806949806955,20.800000000000001,0,0.25
cifar100_resnet8,C2,29,116,778.5,31.5,0.48088803088803089,18.922000000000001,0.050000000000000003,0.40000000000000002
cifar100_resnet8,C2,30,120,671.5,31.5,0.47100386100386099,16.853999999999999,0,0.34999999999999998
cifar100_resnet8,C2,31,124,571.5,29,0.56034749034749032,21.624000000000002,0.050000000000000003,0.25
cifar100_resnet8,C2,32,128,465,21.5,0.60791505791505795,24.202000000000002,0.14999999999999999,0.20000000000000001
cifar100_resnet8,C2,33,132,306,17,0.66212355212355212,26.427999999999997,0.14999999999999999,0.20000000000000001
cifar100_resnet8,C2,34,136,388.5,16.5,0.64482625482625477,24.746000000000002,0.050000000000000003,0.14999999999999999
cifar100_resnet8,C2,35,140,167.5,16,0.74972972972972973,30.064,0.050000000000000003,0.10000000000000001
cifar100_resnet8,C2,36,144,324.5,16,0.67536679536679534,26.504000000000001,0.10000000000000001,0.050000000000000003
cifar100_resnet8,C2,37,148,576,16,0.54891891891891897,20.698,0,0.34999999999999998
cifar100_resnet8,C2,38,152,379,14.5,0.636023166023166,24.756,0.10000000000000001,0.20000000000000001
cifar100_resnet8,C2,39,156,449,14.5,0.63413127413127413,23.431999999999999,0,0.20000000000000001
cifar100_resnet8,C2,40,160,321,14.5,0.74474903474903476,28.327999999999996,0.050000000000000003,0.10000000000000001
cifar100_resnet8,C2,41,164,305.5,14.5,0.68903474903474904,26.832000000000001,0,0.14999999999999999
cifar100_resnet8,C2,42,168,361,13.5,0.59942084942084939,23.802,0.050000000000000003,0.25
cifar100_resnet8,C2,43,172,365.5,13.5,0.69401544401544402,26.207999999999998,0.050000000000000003,0.050000000000000003
cifar100_resnet8,C2,44,176,408,13.5,0.65370656370656366,25.366,0,0.20000000000000001
cifar100_resnet8,C2,45,180,624.5,13.5,0.58316602316602317,22.184000000000001,0.050000000000000003,0.40000000000000002
cifar100_resnet8,C2,46,184,243,13.5,0.64073359073359071,25.547999999999998,0,0.10000000000000001
cifar100_resnet8,C2,47,188,312,13.5,0.66532818532818527,26.127999999999997,0,0.14999999999999999
cifar100_resnet8,C2,48,192,375.5,13.5,0.62474903474903476,24.062000000000001,0,0.20000000000000001
cifar100_resnet8,C2,49,196,232,13.5,0.72351351351351345,28.381999999999998,0,0.050000000000000003
cifar100_resnet8,C2,50,200,128.5,12,0.77980694980694987,31.792000000000002,0.14999999999999999,0.14999999999999999
cifar100_resnet8,C2,51,204,164.5,11,0.75868725868725861,30.448,0.14999999999999999,0.14999999999999999
cifar100_resnet8,C2,52,208,249,11,0.69274131274131279,26.962,0.050000000000000003,0.14999999999999999
cifar100_resnet8,C2,53,212,245.5,9,0.67389961389961395,27.045999999999999,0.14999999999999999,0.20000000000000001
cifar100_resnet8,C2,54,216,201,8.5,0.74764478764478759,30.131999999999998,0.10000000000000001,0.050000000000000003
cifar100_resnet8,C2,55,220,170.5,8,0.75806949806949808,30.318000000000001,0.14999999999999999,0.14999999999999999
cifar100_resnet8,C2,56,224,385.5,8,0.67150579150579159,26.574000000000002,0.25,0.20000000000000001
cifar100_resnet8,C2,57,228,348.5,8,0.67953667953667951,26.978000000000002,0.050000000000000003,0.10000000000000001
cifar100_resnet8,C2,58,232,231.5,8,0.69911196911196904,28.756,0.10000000000000001,0.050000000000000003
cifar100_resnet8,C2,59,236,243.5,8,0.78077220077220078,30.892000000000003,0.20000000000000001,0.14999999999999999
cifar100_resnet8,C2,60,240,197,7.5,0.8137837837837838,32.071999999999996,0.10000000000000001,0.050000000000000003
cifar100_resnet8,C2,61,244,237.5,7.5,0.76594594594594589,30.137999999999998,0.050000000000000003,0.10000000000000001
cifar100_resnet8,C2,62,248,334,7.5,0.71606177606177612,28.422000000000004,0.10000000000000001,0.20000000000000001
cifar100_resnet8,C2,63,252,383.5,7.5,0.67413127413127416,25.766000000000002,0.050000000000000003,0.29999999999999999
cifar100_resnet8,C2,64,256,354.5,7.5,0.70984555984555986,27.863999999999997,0.10000000000000001,0.10000000000000001
cifar100_resnet8,C2,65,260,103,6,0.79528957528957522,33.378,0.14999999999999999,0.050000000000000003
cifar100_resnet8,C2,66,264,95,6,0.82444015444015439,34.274000000000001,0.20000000000000001,0.10000000000000001
cifar100_resnet8,C2,67,268,159.5,6,0.836138996138996,33.643999999999998,0.10000000000000001,0.050000000000000003
cifar100_resnet8,C2,68,272,80.5,6,0.84644787644787645,35.137999999999998,0.25,0
cifar100_resnet8,C2,69,276,95.5,6,0.7264092664092664,29.788,0,0.14999999999999999
cifar100_resnet8,C2,70,280,194.5,6,0.73644787644787646,29.704000000000001,0.10000000000000001,0.14999999999999999
cifar100_resnet8,C2,71,284,124.5,6,0.78768339768339768,32.533999999999999,0.10000000000000001,0.050000000000000003
cifar100_resnet8,C2,72,288,343,6,0.6906949806949807,26.298000000000002,0.050000000000000003,0.25
cifar100_resnet8,C2,73,292,124,6,0.78864864864864859,32.082000000000001,0.14999999999999999,0.050000000000000003
cifar100_resnet8,C2,74,296,143,6,0.82509652509652509,32.890000000000001,0.10000000000000001,0
cifar100_resnet8,C2,75,300,62.5,6,0.90803088803088805,38.665999999999997,0.25,0.050000000000000003
cifar100_resnet8,C2,76,304,41,6,0.8799227799227799,37.396000000000001,0.29999999999999999,0.10000000000000001
cifar100_resnet8,C2,77,308,112.5,4.5,0.88181467181467177,36.166000000000004,0.20000000000000001,0.050000000000000003
cifar100_resnet8,C2,78,312,165,4.5,0.71880308880308885,29.466000000000001,0.10000000000000001,0.050000000000000003
cifar100_resnet8,C2,79,316,79.5,4.5,0.84478764478764479,34.844000000000001,0.25,0
cifar100_resnet8,C2,80,320,112.5,4.5,0.83583011583011579,34.198,0.10000000000000001,0.10000000000000001
cifar100_resnet8,C2,81,324,84.5,4.5,0.87830115830115818,36.356000000000002,0.20000000000000001,0.050000000000000003
cifar100_resnet8,C2,82,328,124.5,4.5,0.84702702702702692,34.182000000000002,0.14999999999999999,0
cifar100_resnet8,C2,83,332,225,4.5,0.73984555984555977,28.986000000000001,0.10000000000000001,0.20000000000000001
cifar100_resnet8,C2,84,336,90.5,4,0.85459459459459453,35.170000000000002,0.20000000000000001,0.10000000000000001
cifar100_resnet8,C2,85,340,100,4,0.84374517374517377,34.887999999999998,0.10000000000000001,0
cifar100_resnet8,C2,86,344,143.5,4,0.78656370656370656,32.125999999999998,0.050000000000000003,0.050000000000000003
cifar100_resnet8,C2,87,348,102,4,0.85583011583011592,35.006,0.10000000000000001,0.050000000000000003
cifar100_resnet8,C2,88,352,96,4,0.8116602316602316,32.926000000000002,0.25,0
cifar100_resnet8,C2,89,356,76,4,0.83787644787644788,35.701999999999998,0.14999999999999999,0
cifar100_resnet8,C2,90,360,45.5,4,0.93629343629343631,39.655999999999999,0.34999999999999998,0
cifar100_resnet8,C2,91,364,213.5,4,0.75984555984555979,30.538,0.10000000000000001,0.14999999999999999
cifar100_resnet8,C2,92,368,104.5,4,0.74779922779922781,30.580000000000002,0.10000000000000001,0.10000000000000001
cifar100_resnet8,C2,93,372,133,4,0.81254826254826251,33.082000000000001,0.050000000000000003,0.10000000000000001
cifar100_resnet8,C2,94,376,108.5,4,0.76876447876447873,31.300000000000001,0.10000000000000001,0.25
cifar100_resnet8,C2,95,380,124,4,0.78841698841698837,32.166000000000004,0.14999999999999999,0.10000000000000001
cifar100_resnet8,C2,96,384,104,4,0.8110038610038609,32.704000000000001,0.10000000000000001,0.14999999999999999
cifar100_resnet8,C2,97,388,44,4,0.86277992277992277,36.213999999999999,0.29999999999999999,0.14999999999999999
cifar100_resnet8,C2,98,392,92,4,0.88486486486486482,36.531999999999996,0.20000000000000001,0.050000000000000003
cifar100_resnet8,C2,99,396,82.5,4,0.87250965250965251,35.839999999999996,0.29999999999999999,0.050000000000000003
cifar100_resnet8,C2,100,400,85,4,0.82123552123552135,34.201999999999998,0.29999999999999999,0.10000000000000001
cifar100_resnet8,C2,101,404,57.5,4,0.91675675675675683,38.32,0.25,0
cifar100_resnet8,C2,102,408,75.5,4,0.86818532818532823,35.914000000000001,0.29999999999999999,0.10000000000000001
cifar100_resnet8,C2,103,412,107,4,0.84042471042471045,34.683999999999997,0.10000000000000001,0.050000000000000003
cifar100_resnet8,C2,104,416,85.5,4,0.83683397683397676,34.408000000000001,0.25,0.14999999999999999
cifar100_resnet8,C2,105,420,119.5,4,0.85355212355212351,34.833999999999996,0.25,0.050000000000000003
cifar100_resnet8,C2,106,424,98.5,4,0.85590733590733592,35.204000000000001,0.20000000000000001,0.10000000000000001
cifar100_resnet8,C2,107,428,58,4,0.85328185328185335,35.962000000000003,0.14999999999999999,0.10000000000000001
cifar100_resnet8,C2,108,432,85.5,4,0.87606177606177604,36.521999999999998,0.29999999999999999,0.10000000000000001
cifar100_resnet8,C2,109,436,75,4,0.9110038610038611,37.916000000000004,0.10000000000000001,0
cifar100_resnet8,C2,110,440,90,3,0.82339768339768349,34.344000000000001,0.10000000000000001,0
cifar100_resnet8,C2,111,444,185,3,0.72173745173745174,29.300000000000001,0.14999999999999999,0.20000000000000001
cifar100_resnet8,C2,112,448,92,3,0.85227799227799239,35.184000000000005,0.20000000000000001,0
cifar100_resnet8,C2,113,452,19.5,3,0.92347490347490346,39.475999999999999,0.55000000000000004,0.050000000000000003
cifar100_resnet8,C2,114,456,44,3,0.93193050193050198,39.738,0.29999999999999999,0.050000000000000003
cifar100_resnet8,C2,115,460,44,3,0.87057915057915058,36.251999999999995,0.29999999999999999,0.050000000000000003
cifar100_resnet8,C2,116,464,40.5,3,0.92444015444015437,38.915999999999997,0.40000000000000002,0
cifar100_resnet8,C2,117,468,65.5,2.5,0.82293436293436295,34.274000000000001,0.14999999999999999,0.10000000000000001
cifar100_resnet8,C2,118,472,17.5,2,0.91061776061776067,38.481999999999999,0.55000000000000004,0.050000000000000003
cifar100_resnet8,C2,119,476,47.5,2,0.93640926640926647,39.549999999999997,0.40000000000000002,0
cifar100_resnet8,C2,120,480,63.5,2,0.92891891891891887,39.054000000000002,0.25,0
cifar100_resnet8,C2,121,484,36.5,2,0.94779922779922787,40.507999999999996,0.34999999999999998,0
cifar100_resnet8,C2,122,488,81.5,2,0.86424710424710427,36.022000000000006,0.34999999999999998,0.050000000000000003
cifar100_resnet8,C2,123,492,50,2,0.86972972972972973,36.369999999999997,0.29999999999999999,0.10000000000000001
cifar100_resnet8,C2,124,496,58,2,0.89872586872586879,37.963999999999999,0.25,0.10000000000000001
cifar100_resnet8,C2,125,500,66,2,0.8281853281853282,34.016000000000005,0.34999999999999998,0.14999999999999999
cifar100_resnet8,C2,126,504,44,2,0.92625482625482625,38.866,0.34999999999999998,0
cifar100_resnet8,C2,127,508,71,2,0.8958687258687259,37.317999999999998,0.14999999999999999,0.050000000000000003
cifar100_resnet8,C2,128,512,66.5,2,0.86999999999999988,35.866,0.20000000000000001,0.10000000000000001
cifar100_resnet8,C2,129,516,60,2,0.90173745173745168,37.628,0.25,0.050000000000000003
cifar100_resnet8,C2,130,520,24.5,2,0.95891891891891901,41.189999999999998,0.45000000000000001,0
cifar100_resnet8,C2,131,524,31.5,2,0.88281853281853295,37.643999999999998,0.40000000000000002,0.050000000000000003
cifar100_resnet8,C2,132,528,34,2,0.91208494208494206,38.451999999999998,0.34999999999999998,0
cifar100_resnet8,C2,133,532,53.5,2,0.87756756756756749,36.799999999999997,0.34999999999999998,0.14999999999999999
cifar100_resnet8,C2,134,536,31.5,2,0.87316602316602321,37.140000000000001,0.34999999999999998,0.050000000000000003
cifar100_resnet8,C2,135,540,48.5,2,0.94023166023166027,39.884,0.34999999999999998,0
cifar100_resnet8,C2,136,544,59.5,2,0.92664092664092657,39.149999999999999,0.20000000000000001,0
cifar100_resnet8,C2,137,548,33,2,0.94930501930501932,40.404000000000003,0.40000000000000002,0
cifar100_resnet8,C2,138,552,67.5,2,0.91949806949806945,38.484000000000002,0.25,0
cifar100_resnet8,C2,139,556,67.5,2,0.88745173745173744,36.783999999999999,0.34999999999999998,0
cifar100_resnet8,C2,140,560,68.5,2,0.87359073359073369,36.665999999999997,0.25,0
cifar100_resnet8,C2,141,564,24.5,2,0.92540540540540539,39.333999999999996,0.5,0.050000000000000003
cifar100_resnet8,C2,142,568,43,2,0.9208494208494209,39.827999999999996,0.40000000000000002,0
cifar100_resnet8,C2,143,572,26.5,2,0.85359073359073356,36.736000000000004,0.45000000000000001,0
cifar100_resnet8,C2,144,576,58,2,0.91030888030888035,38.030000000000001,0.25,0
cifar100_resnet8,C2,145,580,62,2,0.91436293436293448,38.486000000000004,0.29999999999999999,0
cifar100_resnet8,C2,146,584,71,2,0.86293436293436299,36.079999999999998,0.40000000000000002,0.050000000000000003
cifar100_resnet8,C2,147,588,31.5,2,0.9056370656370657,38.886000000000003,0.45000000000000001,0
cifar100_resnet8,C2,148,592,27,2,0.96490347490347494,41.553999999999995,0.5,0
cifar100_resnet8,C2,149,596,20.5,2,0.96528957528957537,41.660000000000004,0.65000000000000002,0
cifar100_resnet8,C2,150,600,34,2,0.905057915057915,38.655999999999999,0.40000000000000002,0
cifar100_resnet8,C2,151,604,20.5,2,0.97196911196911207,42.131999999999998,0.59999999999999998,0
cifar100_resnet8,C2,152,608,21,2,0.91351351351351351,38.927999999999997,0.55000000000000004,0.050000000000000003
cifar100_resnet8,C2,153,612,22.5,2,0.93444015444015438,40.269999999999996,0.5,0.050000000000000003
cifar100_resnet8,C2,154,616,25,2,0.92463320463320464,39.363999999999997,0.45000000000000001,0.050000000000000003
cifar100_resnet8,C2,155,620,19.5,2,0.93918918918918914,40.125999999999998,0.65000000000000002,0
cifar100_resnet8,C2,156,624,29.5,2,0.93791505791505791,39.780000000000001,0.5,0
cifar100_resnet8,C2,157,628,58,2,0.904980694980695,37.968000000000004,0.34999999999999998,0.050000000000000003
cifar100_resnet8,C2,158,632,50.5,2,0.88382239382239391,37.768000000000001,0.45000000000000001,0.050000000000000003
cifar100_resnet8,C2,159,636,22.5,2,0.93162162162162176,39.640000000000001,0.5,0.050000000000000003
cifar100_resnet8,C2,160,640,22,2,0.91563706563706559,39.577999999999996,0.5,0
cifar100_resnet8,C2,161,644,22,2,0.9603088803088804,41.402000000000001,0.45000000000000001,0
cifar100_resnet8,C2,162,648,21,2,0.94664092664092669,40.762,0.55000000000000004,0.050000000000000003
cifar100_resnet8,C2,163,652,21,2,0.95586872586872595,40.995999999999995,0.59999999999999998,0
cifar100_resnet8,C2,164,656,34,2,0.91513513513513511,38.880000000000003,0.34999999999999998,0.050000000000000003
cifar100_resnet8,C2,165,660,27,2,0.92235521235521234,39.673999999999999,0.40000000000000002,0
cifar100_resnet8,C2,166,664,21,2,0.9484169884169884,41.060000000000002,0.55000000000000004,0.050000000000000003
cifar100_resnet8,C2,167,668,21,2,0.94189189189189193,40.448,0.55000000000000004,0.050000000000000003
cifar100_resnet8,C2,168,672,30,2,0.92957528957528957,39.292000000000002,0.45000000000000001,0
cifar100_resnet8,C2,169,676,16.5,2,0.9755212355212356,42.420000000000002,0.69999999999999996,0
cifar100_resnet8,C2,170,680,21.5,2,0.92571428571428582,39.405999999999999,0.5,0.050000000000000003
cifar100_resnet8,C2,171,684,22,2,0.94691119691119696,40.338000000000001,0.5,0
cifar100_resnet8,C2,172,688,21,2,0.9018146718146719,38.549999999999997,0.55000000000000004,0.10000000000000001
cifar100_resnet8,C2,173,692,20.5,2,0.96810810810810799,41.981999999999999,0.65000000000000002,0
cifar100_resnet8,C2,174,696,21.5,2,0.96783783783783783,41.815999999999995,0.5,0
cifar100_resnet8,C2,175,700,21,2,0.9148262548262549,39.579999999999998,0.55000000000000004,0
cifar100_resnet8,C2,176,704,26,2,0.92552123552123555,40.082000000000001,0.45000000000000001,0
cifar100_resnet8,C2,177,708,20.5,2,0.97378378378378372,42.350000000000001,0.75,0
cifar100_resnet8,C2,178,712,20,2,0.97559845559845559,42.457999999999998,0.69999999999999996,0
cifar100_resnet8,C2,179,716,20.5,2,0.97833976833976843,42.492000000000004,0.59999999999999998,0
cifar100_resnet8,C2,180,720,21,2,0.93633204633204625,41.012,0.69999999999999996,0
cifar100_resnet8,C2,181,724,20,2,0.93362934362934369,39.868000000000002,0.59999999999999998,0.050000000000000003
cifar100_resnet8,C2,182,728,18,2,0.98092664092664106,42.765999999999998,0.65000000000000002,0
cifar100_resnet8,C2,183,732,20.5,2,0.96455598455598446,41.667999999999999,0.55000000000000004,0
cifar100_resnet8,C2,184,736,19.5,2,0.96779922779922778,41.917999999999999,0.69999999999999996,0
cifar100_resnet8,C2,185,740,21,2,0.9208494208494209,39.474000000000004,0.65000000000000002,0.050000000000000003
cifar100_resnet8,C2,186,744,18.5,1.5,0.97154440154440158,42.045999999999999,0.59999999999999998,0
cifar100_resnet8,C2,187,748,18,1.5,0.94795366795366787,41.118000000000002,0.69999999999999996,0.050000000000000003
cifar100_resnet8,C2,188,752,21,1.5,0.94173745173745171,40.206000000000003,0.55000000000000004,0
cifar100_resnet8,C2,189,756,19.5,1.5,0.98054054054054052,42.829999999999998,0.75,0
cifar100_resnet8,C2,190,760,20.5,1.5,0.97447876447876447,42.408000000000001,0.59999999999999998,0
cifar100_resnet8,C2,191,764,42,1.5,0.96042471042471045,41.287999999999997,0.40000000000000002,0
cifar100_resnet8,C2,192,768,17,1.5,0.96471042471042467,41.787999999999997,0.75,0
cifar100_resnet8,C2,193,772,17,1,0.97054054054054062,42.140000000000001,0.75,0
cifar100_resnet8,C2,194,776,21,1,0.97382239382239388,42.177999999999997,0.55000000000000004,0
cifar100_resnet8,C2,195,780,19,1,0.98324324324324319,43.022000000000006,0.84999999999999998,0
cifar100_resnet8,C2,196,784,20.5,1,0.94011583011583011,40.396000000000001,0.55000000000000004,0.050000000000000003
cifar100_resnet8,C2,197,788,21,1,0.96938223938223944,42.006,0.69999999999999996,0
cifar100_resnet8,C2,198,792,17.5,1,0.98567567567567571,42.942,0.75,0
cifar100_resnet8,C2,199,796,16.5,1,0.98277992277992277,42.916000000000004,0.80000000000000004,0
cifar100_resnet8,C2,200,800,20,1,0.97899613899613891,42.713999999999999,0.80000000000000004,0
cifar100_resnet8,C2,201,804,21,1,0.97617760617760629,42.533999999999999,0.55000000000000004,0
cifar100_resnet8,C2,202,808,18,1,0.98204633204633196,42.917999999999999,0.80000000000000004,0
cifar100_resnet8,C2,203,812,17,1,0.97826254826254821,42.595999999999997,0.80000000000000004,0
cifar100_resnet8,C2,204,816,19.5,1,0.96818532818532821,41.975999999999999,0.69999999999999996,0
cifar100_resnet8,C2,205,820,21,1,0.93374517374517363,40.097999999999999,0.59999999999999998,0.050000000000000003
cifar100_resnet8,C2,206,824,17.5,1,0.97200772200772201,42.245999999999995,0.80000000000000004,0
cifar100_resnet8,C2,207,828,21,1,0.95799227799227804,41.079999999999998,0.55000000000000004,0
cifar100_resnet8,C2,208,832,17,1,0.98247104247104244,42.817999999999998,0.75,0
cifar100_resnet8,C2,209,836,17,1,0.9408494208494208,41.186,0.80000000000000004,0
cifar100_resnet8,C2,210,840,19,1,0.96528957528957537,41.75,0.75,0
cifar100_resnet8,C2,211,844,17.5,1,0.93880308880308883,40.263999999999996,0.80000000000000004,0.050000000000000003
cifar100_resnet8,C2,212,848,16,1,0.95741312741312734,41.736000000000004,0.80000000000000004,0.050000000000000003
cifar100_resnet8,C2,213,852,16.5,1,0.98830115830115839,43.420000000000002,0.94999999999999996,0
cifar100_resnet8,C2,214,856,20,1,0.96455598455598446,42.033999999999999,0.84999999999999998,0
cifar100_resnet8,C2,215,860,17,1,0.95370656370656381,41.465999999999994,0.84999999999999998,0.050000000000000003
cifar100_resnet8,C2,216,864,15,1,0.98073359073359079,42.808,0.84999999999999998,0
cifar100_resnet8,C2,217,868,17.5,1,0.90003861003860997,39.760000000000005,0.84999999999999998,0
cifar100_resnet8,C2,218,872,15,1,0.97270270270270276,42.272000000000006,0.69999999999999996,0
cifar100_resnet8,C2,219,876,17.5,1,0.98629343629343624,43.136000000000003,0.84999999999999998,0
cifar100_resnet8,C2,220,880,21,1,0.95772200772200777,41.254000000000005,0.59999999999999998,0
cifar100_resnet8,C2,221,884,17.5,1,0.98150579150579154,42.936,0.80000000000000004,0
cifar100_resnet8,C2,222,888,19,1,0.95903474903474906,41.594000000000001,0.69999999999999996,0.050000000000000003
cifar100_resnet8,C2,223,892,19,1,0.93965250965250957,41.245999999999995,0.80000000000000004,0
cifar100_resnet8,C2,224,896,18,1,0.98046332046332052,42.660000000000004,0.75,0
cifar100_resnet8,C2,225,900,19,1,0.95088803088803098,40.82,0.75,0
cifar100_resnet8,C2,226,904,13,1,0.98833976833976833,43.244,0.90000000000000002,0
cifar100_resnet8,C2,227,908,17.5,1,0.98154440154440148,42.736000000000004,0.69999999999999996,0
cifar100_resnet8,C2,228,912,20,1,0.95822393822393825,41.153999999999996,0.65000000000000002,0
cifar100_resnet8,C2,229,916,17.5,1,0.98011583011583014,42.724000000000004,0.84999999999999998,0
cifar100_resnet8,C2,230,920,19,1,0.98741312741312748,43.186,0.80000000000000004,0
cifar100_resnet8,C2,231,924,14,1,0.9855984555984556,43.263999999999996,0.94999999999999996,0
cifar100_resnet8,C2,232,928,19.5,1,0.94189189189189193,41.372,0.75,0
cifar100_resnet8,C2,233,932,18.5,1,0.9415057915057915,40.554000000000002,0.69999999999999996,0.050000000000000003
cifar100_resnet8,C2,234,936,14,1,0.95463320463320467,41.326000000000001,0.75,0.050000000000000003
cifar100_resnet8,C2,235,940,16,1,0.97563706563706565,42.225999999999999,0.80000000000000004,0
cifar100_resnet8,C2,236,944,18,1,0.98563706563706555,43.192,0.84999999999999998,0
cifar100_resnet8,C2,237,948,21,1,0.92652509652509651,40.269999999999996,0.65000000000000002,0
cifar100_resnet8,C2,238,952,15,1,0.97988416988416982,42.584000000000003,0.75,0
cifar100_resnet8,C2,239,956,17.5,1,0.98749034749034748,43.417999999999999,0.90000000000000002,0
cifar100_resnet8,C2,240,960,18.5,1,0.94667953667953664,40.833999999999996,0.84999999999999998,0
cifar100_resnet8,C2,241,964,19.5,1,0.98745173745173742,43.275999999999996,0.80000000000000004,0
cifar100_resnet8,C2,242,968,16.5,1,0.9872972972972972,43.215999999999994,0.90000000000000002,0
cifar100_resnet8,C2,243,972,16,1,0.98725868725868726,43.244,0.90000000000000002,0
cifar100_resnet8,C2,244,976,17,1,0.98660231660231668,43.140000000000001,0.84999999999999998,0
cifar100_resnet8,C2,245,980,21,1,0.97725868725868725,42.634,0.69999999999999996,0
cifar100_resnet8,C2,246,984,19,1,0.98590733590733604,43.238,0.90000000000000002,0
cifar100_resnet8,C2,247,988,13,1,0.94633204633204637,41.609999999999999,0.94999999999999996,0
cifar100_resnet8,C2,248,992,19,1,0.96949806949806949,41.980000000000004,0.75,0
cifar100_resnet8,C2,249,996,15.5,1,0.98922779922779935,43.420000000000002,1,0
cifar100_resnet8,C2,250,1000,18,1,0.97652509652509656,42.700000000000003,0.80000000000000004,0
cifar100_resnet8,C2,251,1004,19,1,0.97671814671814672,42.415999999999997,0.75,0
cifar100_resnet8,C2,252,1008,15.5,1,0.9742084942084942,42.218000000000004,0.80000000000000004,0
cifar100_resnet8,C2,253,1012,15.5,1,0.98548262548262555,43.233999999999995,0.90000000000000002,0
cifar100_resnet8,C2,254,1016,14,1,0.98803088803088812,43.170000000000002,0.94999999999999996,0
cifar100_resnet8,C2,255,1020,15.5,1,0.98694980694980694,43.131999999999998,0.90000000000000002,0
cifar100_resnet8,C2,256,1024,17,1,0.98833976833976833,43.386000000000003,0.90000000000000002,0
cifar100_resnet8,C2,257,1028,20,1,0.98505791505791507,43.089999999999996,0.80000000000000004,0
cifar100_resnet8,C2,258,1032,13.5,1,0.99015444015444021,43.421999999999997,1,0
cifar100_resnet8,C2,259,1036,17.5,1,0.96733590733590735,42.07,0.84999999999999998,0
cifar100_resnet8,C2,260,1040,16.5,1,0.96482625482625495,41.622,0.84999999999999998,0
cifar100_resnet8,C2,261,1044,20,1,0.98548262548262555,43.311999999999998,0.80000000000000004,0
cifar100_resnet8,C2,262,1048,19,1,0.98640926640926652,43.225999999999999,0.90000000000000002,0
cifar100_resnet8,C2,263,1052,16,1,0.98903474903474908,43.393999999999998,0.94999999999999996,0
cifar100_resnet8,C2,264,1056,15,1,0.95691119691119686,41.804000000000002,0.94999999999999996,0.050000000000000003
cifar100_resnet8,C2,265,1060,16.5,1,0.98787644787644791,43.268000000000001,0.90000000000000002,0
cifar100_resnet8,C2,266,1064,19.5,1,0.98598455598455603,43.248000000000005,0.84999999999999998,0
cifar100_resnet8,C2,267,1068,19,1,0.97490347490347484,42.542000000000002,0.84999999999999998,0
cifar100_resnet8,C2,268,1072,17,1,0.9848648648648648,42.880000000000003,0.90000000000000002,0
cifar100_resnet8,C2,269,1076,17.5,1,0.9627413127413128,41.601999999999997,0.75,0
cifar100_resnet8,C2,270,1080,17.5,1,0.98613899613899625,43.263999999999996,0.90000000000000002,0
cifar100_resnet8,C2,271,1084,20,1,0.94934362934362926,41.152000000000001,0.84999999999999998,0.050000000000000003
cifar100_resnet8,C2,272,1088,12.5,1,0.94123552123552123,41.215999999999994,0.90000000000000002,0
cifar100_resnet8,C2,273,1092,15.5,1,0.98934362934362929,43.298000000000002,0.94999999999999996,0
cifar100_resnet8,C2,274,1096,20.5,1,0.97281853281853281,42.445999999999998,0.80000000000000004,0
cifar100_resnet8,C2,275,1100,19,1,0.98741312741312748,43.32,0.90000000000000002,0
cifar100_resnet8,C2,276,1104,19,1,0.97440154440154436,42.173999999999999,0.80000000000000004,0
cifar100_resnet8,C2,277,1108,17.5,1,0.98671814671814673,43.177999999999997,0.94999999999999996,0
cifar100_resnet8,C2,278,1112,16,1,0.98459459459459464,42.963999999999999,0.80000000000000004,0
cifar100_resnet8,C2,279,1116,15.5,1,0.9847876447876448,42.992000000000004,0.90000000000000002,0
cifar100_resnet8,C2,280,1120,16,1,0.98494208494208491,43.055999999999997,0.90000000000000002,0
cifar100_resnet8,C2,281,1124,19.5,1,0.9733204633204634,42.302,0.84999999999999998,0
cifar100_resnet8,C2,282,1128,17.5,1,0.98463320463320458,43.101999999999997,0.90000000000000002,0
cifar100_resnet8,C2,283,1132,17.5,1,0.95783783783783782,41.744,0.84999999999999998,0.050000000000000003
cifar100_resnet8,C2,284,1136,15,1,0.98733590733590737,43.204000000000001,0.94999999999999996,0
cifar100_resnet8,C2,285,1140,20,1,0.97370656370656372,42.399999999999999,0.75,0
cifar100_resnet8,C2,286,1144,21,1,0.97617760617760629,42.609999999999999,0.80000000000000004,0
cifar100_resnet8,C2,287,1148,16.5,1,0.98949806949806951,43.344000000000001,0.94999999999999996,0
cifar100_resnet8,C2,288,1152,11.5,1,0.98999999999999999,43.272000000000006,0.90000000000000002,0
cifar100_resnet8,C2,289,1156,14.5,1,0.98826254826254822,43.295999999999999,0.90000000000000002,0
cifar100_resnet8,C2,290,1160,16.5,1,0.98938223938223935,43.274000000000001,0.94999999999999996,0
cifar100_resnet8,C2,291,1164,15.5,1,0.98949806949806951,43.315999999999995,0.94999999999999996,0
cifar100_resnet8,C2,292,1168,18,1,0.9886872586872586,43.347999999999999,0.90000000000000002,0
cifar100_resnet8,C2,293,1172,18.5,1,0.9786872586872587,42.600000000000001,0.80000000000000004,0
cifar100_resnet8,C2,294,1176,18.5,1,0.98015444015444009,42.727999999999994,0.80000000000000004,0
cifar100_resnet8,C2,295,1180,15,1,0.98111969111969111,42.731999999999999,0.84999999999999998,0
cifar100_resnet8,C2,296,1184,16.5,1,0.9847104247104248,43.094000000000001,0.94999999999999996,0
cifar100_resnet8,C2,297,1188,15.5,1,0.98583011583011582,43.167999999999999,0.94999999999999996,0
cifar100_resnet8,C2,298,1192,15.5,1,0.98969111969111978,43.329999999999998,0.94999999999999996,0
cifar100_resnet8,C2,299,1196,14,1,0.98899613899613903,43.272000000000006,0.75,0
cifar100_resnet8,C2,300,1200,14.5,1,0.98833976833976833,43.311999999999998,0.90000000000000002,0
cifar100_resnet8,C2,301,1204,16.5,1,0.98123552123552127,42.695999999999998,0.90000000000000002,0
cifar100_resnet8,C2,302,1208,19,1,0.98513513513513506,43.176000000000002,0.84999999999999998,0
cifar100_resnet8,C2,303,1212,17.5,1,0.98667953667953667,43.239999999999995,0.90000000000000002,0
cifar100_resnet8,C2,304,1216,15.5,1,0.98725868725868726,43.410000000000004,0.90000000000000002,0
cifar100_resnet8,C2,305,1220,17,1,0.98822393822393817,43.274000000000001,0.94999999999999996,0
cifar100_resnet8,C2,306,1224,13.5,1,0.99069498069498074,43.323999999999998,0.94999999999999996,0
cifar100_resnet8,C2,307,1228,16.5,1,0.98555984555984555,43.024000000000001,0.84999999999999998,0
cifar100_resnet8,C2,308,1232,16.5,1,0.98945945945945957,43.350000000000001,0.94999999999999996,0
cifar100_resnet8,C2,309,1236,17,1,0.96949806949806949,42,0.80000000000000004,0
cifar100_resnet8,C2,310,1240,18.5,1,0.98027027027027036,42.648000000000003,0.69999999999999996,0
cifar100_resnet8,C2,311,1244,16.5,1,0.94494208494208498,41.658000000000001,0.90000000000000002,0
cifar100_resnet8,C2,312,1248,18.5,1,0.97548262548262554,42.510000000000005,0.80000000000000004,0
cifar100_resnet8,C2,313,1252,13,1,0.98992277992277999,43.357999999999997,1,0
cifar100_resnet8,C2,314,1256,13,1,0.98930501930501935,43.227999999999994,0.84999999999999998,0
cifar100_resnet8,C2,315,1260,17,1,0.97223938223938222,42.230000000000004,0.90000000000000002,0
cifar100_resnet8,C2,316,1264,18,1,0.98733590733590737,43.166000000000004,0.84999999999999998,0
cifar100_resnet8,C2,317,1268,11.5,1,0.99034749034749026,43.380000000000003,1,0
cifar100_resnet8,C2,318,1272,14.5,1,0.9872972972972972,43.210000000000001,0.90000000000000002,0
cifar100_resnet8,C2,319,1276,14,1,0.9900772200772201,43.357999999999997,1,0
cifar100_resnet8,C2,320,1280,14,1,0.98957528957528962,43.471999999999994,1,0
cifar100_resnet8,C2,321,1284,16.5,1,0.93980694980694979,41.350000000000001,0.84999999999999998,0
cifar100_resnet8,C2,322,1288,16,1,0.98791505791505796,43.225999999999999,0.94999999999999996,0
cifar100_resnet8,C2,323,1292,14.5,1,0.98934362934362929,43.344000000000001,0.90000000000000002,0
cifar100_resnet8,C2,324,1296,17.5,1,0.98714285714285721,43.254000000000005,0.80000000000000004,0
cifar100_resnet8,C2,325,1300,17,1,0.98223938223938223,42.880000000000003,0.80000000000000004,0
cifar100_resnet8,C2,326,1304,16,1,0.98135135135135132,42.841999999999999,0.94999999999999996,0
cifar100_resnet8,C2,327,1308,17.5,1,0.9886872586872586,43.408000000000001,0.94999999999999996,0
cifar100_resnet8,C2,328,1312,13.5,1,0.98374517374517367,42.763999999999996,0.80000000000000004,0
cifar100_resnet8,C2,329,1316,14.5,1,0.98953667953667956,43.378,0.94999999999999996,0
cifar100_resnet8,C2,330,1320,16,1,0.94571428571428573,41.524000000000001,0.84999999999999998,0
cifar100_resnet8,C2,331,1324,13.5,1,0.98803088803088812,43.210000000000001,0.90000000000000002,0
cifar100_resnet8,C2,332,1328,11.5,1,0.99081081081081079,43.351999999999997,1,0
cifar100_resnet8,C2,333,1332,15.5,1,0.99038610038610031,43.298000000000002,1,0
cifar100_resnet8,C2,334,1336,14,1,0.98660231660231656,43.064,0.94999999999999996,0
cifar100_resnet8,C2,335,1340,17,1,0.98934362934362929,43.456000000000003,1,0
cifar100_resnet8,C2,336,1344,16,1,0.95849420849420852,41.781999999999996,0.90000000000000002,0.050000000000000003
cifar100_resnet8,C2,337,1348,14,1,0.98579150579150576,42.966000000000001,0.90000000000000002,0
cifar100_resnet8,C2,338,1352,17,1,0.98833976833976833,43.265999999999998,0.84999999999999998,0
cifar100_resnet8,C2,339,1356,15.5,1,0.98864864864864865,43.299999999999997,0.90000000000000002,0
cifar100_resnet8,C2,340,1360,15,1,0.98563706563706555,43.085999999999999,0.90000000000000002,0
cifar100_resnet8,C2,341,1364,17,1,0.98880308880308887,43.392000000000003,0.90000000000000002,0
cifar100_resnet8,C2,342,1368,17.5,1,0.97374517374517366,42.257999999999996,0.75,0
cifar100_resnet8,C2,343,1372,13,1,0.98876447876447882,43.146000000000001,0.94999999999999996,0
cifar100_resnet8,C2,344,1376,17,1,0.9854440154440155,43.077999999999996,0.84999999999999998,0
cifar100_resnet8,C2,345,1380,16.5,1,0.98818532818532812,43.408000000000001,0.90000000000000002,0
cifar100_resnet8,C2,346,1384,16.5,1,0.98826254826254833,43.254000000000005,0.84999999999999998,0
cifar100_resnet8,C2,347,1388,18,1,0.98745173745173742,43.242000000000004,0.75,0
cifar100_resnet8,C2,348,1392,13.5,1,0.98980694980694983,43.381999999999998,1,0
cifar100_resnet8,C2,349,1396,17,1,0.98428571428571432,42.890000000000001,0.80000000000000004,0
cifar100_resnet8,C2,350,1400,12.5,1,0.99011583011583004,43.242000000000004,0.90000000000000002,0
cifar100_resnet8,C2,351,1404,13,1,0.98884169884169881,43.149999999999999,0.90000000000000002,0
cifar100_resnet8,C2,352,1408,13.5,1,0.99069498069498074,43.410000000000004,0.94999999999999996,0
cifar100_resnet8,C2,353,1412,14,1,0.98949806949806951,43.338000000000001,0.90000000000000002,0
cifar100_resnet8,C2,354,1416,13,1,0.9885328185328186,43.130000000000003,0.94999999999999996,0
cifar100_resnet8,C2,355,1420,14,1,0.98830115830115839,43.224000000000004,0.90000000000000002,0
cifar100_resnet8,C2,356,1424,16.5,1,0.98884169884169881,43.436,0.94999999999999996,0
cifar100_resnet8,C2,357,1428,13.5,1,0.98725868725868726,43.116,0.94999999999999996,0
cifar100_resnet8,C2,358,1432,16.5,1,0.98907335907335914,43.219999999999999,0.90000000000000002,0
cifar100_resnet8,C2,359,1436,15,1,0.95498069498069493,41.676000000000002,0.90000000000000002,0.050000000000000003
cifar100_resnet8,C2,360,1440,15.5,1,0.9886100386100386,43.423999999999999,0.94999999999999996,0
cifar100_resnet8,C2,361,1444,19,1,0.98474903474903486,43.107999999999997,0.90000000000000002,0
cifar100_resnet8,C2,362,1448,16,1,0.98293436293436298,42.808,0.84999999999999998,0
cifar100_resnet8,C2,363,1452,16.5,1,0.95675675675675687,41.589999999999996,0.90000000000000002,0.050000000000000003
cifar100_resnet8,C2,364,1456,14,1,0.94617760617760616,41.634,0.94999999999999996,0
cifar100_resnet8,C2,365,1460,12,1,0.99050193050193047,43.332000000000001,0.94999999999999996,0
cifar100_resnet8,C2,366,1464,13.5,1,0.98583011583011582,42.945999999999998,0.90000000000000002,0
cifar100_resnet8,C2,367,1468,15,1,0.96447876447876446,42.019999999999996,0.94999999999999996,0.050000000000000003
cifar100_resnet8,C2,368,1472,15,1,0.98976833976833978,43.298000000000002,0.94999999999999996,0
cifar100_resnet8,C2,369,1476,14.5,1,0.97694980694980704,42.451999999999998,0.90000000000000002,0
cifar100_resnet8,C2,370,1480,14,1,0.99011583011583004,43.271999999999998,0.94999999999999996,0
cifar100_resnet8,C2,371,1484,13,1,0.99104247104247101,43.323999999999998,1,0
cifar100_resnet8,C2,372,1488,15.5,1,0.98671814671814673,43.176000000000002,0.94999999999999996,0
cifar100_resnet8,C2,373,1492,16,1,0.98803088803088812,43.236000000000004,0.84999999999999998,0
cifar100_resnet8,C2,374,1496,15,1,0.99015444015444021,43.238,0.94999999999999996,0
cifar100_resnet8,C2,375,1500,14.5,1,0.98957528957528962,43.402000000000001,1,0
cifar100_resnet8,C2,376,1504,18.5,1,0.98864864864864865,43.295999999999999,0.90000000000000002,0
cifar100_resnet8,C2,377,1508,16.5,1,0.98077220077220084,42.671999999999997,0.94999999999999996,0
cifar100_resnet8,C2,378,1512,14,1,0.99023166023166032,43.366,1,0
cifar100_resnet8,C2,379,1516,11,1,0.99111969111969123,43.286000000000001,1,0
cifar100_resnet8,C2,380,1520,15,1,0.98857142857142866,43.350000000000001,0.84999999999999998,0
cifar100_resnet8,C2,381,1524,20,1,0.98783783783783785,43.460000000000001,0.90000000000000002,0
cifar100_resnet8,C2,382,1528,15,1,0.98969111969111978,43.167999999999999,0.94999999999999996,0
cifar100_resnet8,C2,383,1532,15.5,1,0.98957528957528962,43.302,0.90000000000000002,0
cifar100_resnet8,C2,384,1536,14.5,1,0.98915057915057913,43.359999999999999,0.90000000000000002,0
cifar100_resnet8,C2,385,1540,11,1,0.99088803088803101,43.200000000000003,0.90000000000000002,0
cifar100_resnet8,C2,386,1544,13.5,1,0.99077220077220074,43.353999999999999,1,0
cifar100_resnet8,C2,387,1548,16.5,1,0.98888030888030887,43.224000000000004,0.90000000000000002,0
cifar100_resnet8,C2,388,1552,17,1,0.98969111969111978,43.277999999999999,0.94999999999999996,0
cifar100_resnet8,C2,389,1556,14.5,1,0.98911196911196908,43.281999999999996,0.94999999999999996,0
cifar100_resnet8,C2,390,1560,14,1,0.98181467181467175,42.777999999999999,0.90000000000000002,0
cifar100_resnet8,C2,391,1564,17.5,1,0.97679536679536683,42.494,0.90000000000000002,0
cifar100_resnet8,C2,392,1568,17.5,1,0.98888030888030887,43.222000000000001,0.84999999999999998,0
cifar100_resnet8,C2,393,1572,17,1,0.98405405405405411,42.811999999999998,0.90000000000000002,0
cifar100_resnet8,C2,394,1576,14,1,0.98988416988416983,43.332000000000001,1,0
cifar100_resnet8,C2,395,1580,14.5,1,0.99027027027027026,43.298000000000002,0.94999999999999996,0
cifar100_resnet8,C2,396,1584,16.5,1,0.9786100386100387,42.677999999999997,0.90000000000000002,0
cifar100_resnet8,C2,397,1588,15.5,1,0.99069498069498074,43.283999999999999,0.94999999999999996,0
cifar100_resnet8,C2,398,1592,18.5,1,0.958996138996139,41.387999999999998,0.69999999999999996,0
cifar100_resnet8,C2,399,1596,11,1,0.98872586872586887,43.024000000000001,0.90000000000000002,0
cifar100_resnet8,C2,400,1600,13.5,1,0.98969111969111978,43.286000000000001,0.94999999999999996,0
cifar100_resnet8,C2,401,1604,15.5,1,0.98660231660231656,43.097999999999999,0.90000000000000002,0
cifar100_resnet8,C2,402,1608,16,1,0.98930501930501935,43.339999999999996,0.94999999999999996,0
cifar100_resnet8,C2,403,1612,15.5,1,0.9886872586872586,43.317999999999998,0.90000000000000002,0
cifar100_resnet8,C2,404,1616,15.5,1,0.98115830115830127,42.634,0.80000000000000004,0
cifar100_resnet8,C2,405,1620,16,1,0.98976833976833978,43.225999999999999,0.90000000000000002,0
cifar100_resnet8,C2,406,1624,9.5,1,0.98961389961389956,43.065999999999995,0.90000000000000002,0
cifar100_resnet8,C2,407,1628,16,1,0.98942084942084951,43.332000000000001,0.94999999999999996,0
cifar100_resnet8,C2,408,1632,15.5,1,0.98907335907335914,43.439999999999998,0.94999999999999996,0
cifar100_resnet8,C2,409,1636,13,1,0.98996138996139005,43.402000000000001,0.94999999999999996,0
cifar100_resnet8,C2,410,1640,13.5,1,0.98984555984555977,43.317999999999998,0.94999999999999996,0
cifar100_resnet8,C2,411,1644,13,1,0.99034749034749026,43.438000000000002,1,0
cifar100_resnet8,C2,412,1648,17,1,0.98938223938223935,43.339999999999996,0.94999999999999996,0
cifar100_resnet8,C2,413,1652,15,1,0.98857142857142866,43.173999999999999,0.84999999999999998,0
cifar100_resnet8,C2,414,1656,13.5,1,0.98999999999999999,43.269999999999996,0.90000000000000002,0
cifar100_resnet8,C2,415,1660,19,1,0.98841698841698844,43.206000000000003,0.80000000000000004,0
cifar100_resnet8,C2,416,1664,18,1,0.98864864864864865,43.292000000000002,0.84999999999999998,0
cifar100_resnet8,C2,417,1668,18,1,0.98945945945945957,43.323999999999998,0.94999999999999996,0
cifar100_resnet8,C2,418,1672,14,1,0.98907335907335914,43.200000000000003,0.84999999999999998,0
cifar100_resnet8,C2,419,1676,18,1,0.97660231660231656,42.486000000000004,0.90000000000000002,0
cifar100_resnet8,C2,420,1680,16.5,1,0.98166023166023175,42.733999999999995,0.94999999999999996,0
cifar100_resnet8,C2,421,1684,14,1,0.98999999999999999,43.292000000000002,0.94999999999999996,0
cifar100_resnet8,C2,422,1688,12.5,1,0.99011583011583004,43.224000000000004,0.84999999999999998,0
cifar100_resnet8,C2,423,1692,15,1,0.99027027027027026,43.302,1,0
cifar100_resnet8,C2,424,1696,13.5,1,0.94710424710424712,41.503999999999998,0.90000000000000002,0
cifar100_resnet8,C2,425,1700,12.5,1,0.98656370656370651,43.076000000000001,0.94999999999999996,0
cifar100_resnet8,C2,426,1704,12,1,0.98258687258687272,42.731999999999999,0.94999999999999996,0
cifar100_resnet8,C2,427,1708,12.5,1,0.99034749034749026,43.277999999999999,1,0
cifar100_resnet8,C2,428,1712,15.5,1,0.98714285714285721,43.210000000000001,0.90000000000000002,0
cifar100_resnet8,C2,429,1716,13,1,0.99057915057915058,43.256,1,0
cifar100_resnet8,C2,430,1720,13,1,0.99042471042471047,43.335999999999999,1,0
cifar100_resnet8,C2,431,1724,16.5,1,0.9894208494208494,43.311999999999998,0.94999999999999996,0
cifar100_resnet8,C2,432,1728,14,1,0.99019305019305026,43.292000000000002,1,0
cifar100_resnet8,C2,433,1732,12.5,1,0.98081081081081078,42.654000000000003,0.94999999999999996,0
cifar100_resnet8,C2,434,1736,14,1,0.99015444015444021,43.421999999999997,1,0
cifar100_resnet8,C2,435,1740,14.5,1,0.98999999999999999,43.254000000000005,0.90000000000000002,0
cifar100_resnet8,C2,436,1744,13,1,0.99081081081081079,43.390000000000001,1,0
cifar100_resnet8,C2,437,1748,13,1,0.99011583011583004,43.204000000000001,0.94999999999999996,0
cifar100_resnet8,C2,438,1752,14,1,0.97984555984555988,42.589999999999996,0.84999999999999998,0
cifar100_resnet8,C2,439,1756,18,1,0.98694980694980694,43.143999999999998,0.90000000000000002,0
cifar100_resnet8,C2,440,1760,13,1,0.98980694980694983,43.332000000000001,0.94999999999999996,0
cifar100_resnet8,C2,441,1764,13,1,0.98756756756756769,43.079999999999998,0.90000000000000002,0
cifar100_resnet8,C2,442,1768,15.5,1,0.98957528957528962,43.374000000000002,1,0
cifar100_resnet8,C2,443,1772,11,1,0.99042471042471047,43.289999999999999,1,0
cifar100_resnet8,C2,444,1776,15.5,1,0.98115830115830127,42.671999999999997,0.94999999999999996,0
cifar100_resnet8,C2,445,1780,18.5,1,0.98891891891891892,43.384,0.90000000000000002,0
cifar100_resnet8,C2,446,1784,13.5,1,0.99023166023166032,43.398000000000003,1,0
cifar100_resnet8,C2,447,1788,12,1,0.98969111969111978,43.225999999999999,0.90000000000000002,0
cifar100_resnet8,C2,448,1792,11,1,0.99100386100386095,43.305999999999997,1,0
cifar100_resnet8,C2,449,1796,19,1,0.9863320463320463,43.116,0.84999999999999998,0
cifar100_resnet8,C2,450,1800,15.5,1,0.98922779922779935,43.280000000000001,0.94999999999999996,0
cifar100_resnet8,C2,451,1804,9,1,0.99111969111969123,43.236000000000004,0.94999999999999996,0
cifar100_resnet8,C2,452,1808,15,1,0.97752895752895752,42.609999999999999,0.90000000000000002,0
cifar100_resnet8,C2,453,1812,18,1,0.98891891891891892,43.32,0.90000000000000002,0
cifar100_resnet8,C2,454,1816,14.5,1,0.9892664092664093,43.310000000000002,0.84999999999999998,0
cifar100_resnet8,C2,455,1820,13.5,1,0.98961389961389956,43.286000000000001,0.84999999999999998,0
cifar100_resnet8,C2,456,1824,15,1,0.98949806949806951,43.402000000000001,0.94999999999999996,0
cifar100_resnet8,C2,457,1828,10,1,0.99092664092664096,43.268000000000001,1,0
cifar100_resnet8,C2,458,1832,19,1,0.94382239382239386,41.392000000000003,0.75,0
cifar100_resnet8,C2,459,1836,9,1,0.99131274131274127,43.244,0.94999999999999996,0
cifar100_resnet8,C2,460,1840,18,1,0.98872586872586887,43.266000000000005,0.80000000000000004,0
cifar100_resnet8,C2,461,1844,12.5,1,0.99030888030888031,43.333999999999996,1,0
cifar100_resnet8,C2,462,1848,16.5,1,0.98150579150579154,42.730000000000004,0.84999999999999998,0
cifar100_resnet8,C2,463,1852,13,1,0.99038610038610031,43.305999999999997,0.94999999999999996,0
cifar100_resnet8,C2,464,1856,13.5,1,0.98884169884169881,43.130000000000003,0.90000000000000002,0
cifar100_resnet8,C2,465,1860,10,1,0.99162162162162171,43.311999999999998,1,0
cifar100_resnet8,C2,466,1864,15.5,1,0.95613899613899611,41.600000000000001,0.75,0.050000000000000003
cifar100_resnet8,C2,467,1868,12.5,1,0.99061776061776075,43.299999999999997,0.94999999999999996,0
cifar100_resnet8,C2,468,1872,17.5,1,0.98915057915057913,43.266000000000005,0.84999999999999998,0
cifar100_resnet8,C2,469,1876,13.5,1,0.98764478764478769,43.194000000000003,0.94999999999999996,0
cifar100_resnet8,C2,470,1880,13,1,0.99023166023166032,43.253999999999998,0.94999999999999996,0
cifar100_resnet8,C2,471,1884,13.5,1,0.99011583011583004,43.432000000000002,1,0
cifar100_resnet8,C2,472,1888,11.5,1,0.99081081081081079,43.257999999999996,1,0
cifar100_resnet8,C2,473,1892,17.5,1,0.99003861003861005,43.253999999999998,1,0
cifar100_resnet8,C2,474,1896,14.5,1,0.98965250965250962,43.219999999999999,0.84999999999999998,0
cifar100_resnet8,C2,475,1900,16,1,0.98536679536679528,42.884,0.84999999999999998,0
cifar100_resnet8,C2,476,1904,10.5,1,0.99077220077220074,43.245999999999995,1,0
cifar100_resnet8,C2,477,1908,12.5,1,0.99061776061776052,43.368000000000002,1,0
cifar100_resnet8,C2,478,1912,12,1,0.99061776061776075,43.372,1,0
cifar100_resnet8,C2,479,1916,15.5,1,0.98772200772200769,43.118000000000002,0.90000000000000002,0
cifar100_resnet8,C2,480,1920,13.5,1,0.98984555984555977,43.315999999999995,0.90000000000000002,0
cifar100_resnet8,C2,481,1924,12.5,1,0.99054054054054053,43.311999999999998,0.94999999999999996,0
cifar100_resnet8,C2,482,1928,12,1,0.98972972972972983,43.182000000000002,0.90000000000000002,0
cifar100_resnet8,C2,483,1932,16,1,0.98787644787644791,43.18,0.90000000000000002,0
cifar100_resnet8,C2,484,1936,15.5,1,0.97737451737451742,42.450000000000003,0.90000000000000002,0
cifar100_resnet8,C2,485,1940,14,1,0.99003861003861005,43.396000000000001,0.94999999999999996,0
cifar100_resnet8,C2,486,1944,11,1,0.99108108108108106,43.262,0.94999999999999996,0
cifar100_resnet8,C2,487,1948,15.5,1,0.98961389961389956,43.314,0.94999999999999996,0
cifar100_resnet8,C2,488,1952,11.5,1,0.99088803088803101,43.305999999999997,0.94999999999999996,0
cifar100_resnet8,C2,489,1956,18.5,1,0.98895752895752909,43.242000000000004,0.84999999999999998,0
cifar100_resnet8,C2,490,1960,14.5,1,0.99019305019305026,43.369999999999997,1,0
cifar100_resnet8,C2,491,1964,15,1,0.98972972972972983,43.378,1,0
cifar100_resnet8,C2,492,1968,12.5,1,0.99042471042471047,43.338000000000001,1,0
cifar100_resnet8,C2,493,1972,11,1,0.99015444015444021,43.321999999999996,0.94999999999999996,0
cifar100_resnet8,C2,494,1976,14,1,0.98204633204633196,42.683999999999997,0.90000000000000002,0
cifar100_resnet8,C2,495,1980,15.5,1,0.98972972972972983,43.299999999999997,0.94999999999999996,0
cifar100_resnet8,C2,496,1984,18,1,0.98899613899613903,43.310000000000002,0.94999999999999996,0
cifar100_resnet8,C2,497,1988,19.5,1,0.98849420849420855,43.378,0.90000000000000002,0
cifar100_resnet8,C2,498,1992,11,1,0.99065637065637069,43.275999999999996,0.94999999999999996,0
cifar100_resnet8,C2,499,1996,18.5,1,0.98019305019305025,42.725999999999999,0.84999999999999998,0
cifar100_resnet8,C2,500,2000,13.5,1,0.99030888030888031,43.280000000000001,0.94999999999999996,0
cifar100_resnet8,C2,501,2004,18,1,0.97949806949806961,42.707999999999998,0.94999999999999996,0
cifar100_resnet8,C2,502,2008,12.5,1,0.98115830115830127,42.57,0.84999999999999998,0
cifar100_resnet8,C2,503,2012,13.5,1,0.9907335907335908,43.341999999999999,1,0
cifar100_resnet8,C2,504,2016,13,1,0.98988416988416983,43.25,0.90000000000000002,0
cifar100_resnet8,C2,505,2020,14,1,0.99038610038610053,43.399999999999999,1,0
cifar100_resnet8,C2,506,2024,14,1,0.980965250965251,42.670000000000002,0.94999999999999996,0
cifar100_resnet8,C2,507,2028,15.5,1,0.98984555984555977,43.284000000000006,0.94999999999999996,0
cifar100_resnet8,C2,508,2032,8.5,1,0.99154440154440149,43.245999999999995,1,0
cifar100_resnet8,C2,509,2036,13.5,1,0.97768339768339774,42.495999999999995,0.90000000000000002,0
cifar100_resnet8,C2,510,2040,10.5,1,0.99034749034749026,43.323999999999998,1,0
cifar100_resnet8,C2,511,2044,11,1,0.99069498069498074,43.311999999999998,1,0
cifar100_resnet8,C2,512,2048,15.5,1,0.98992277992277999,43.315999999999995,0.94999999999999996,0
cifar100_simplecnn,C0,1,4,563,563,0.48440154440154437,37.890000000000001,0.14999999999999999,0.34999999999999998
cifar100_simplecnn,C0,2,8,506.5,346,0.616988416988417,43.225999999999999,0.29999999999999999,0.10000000000000001
cifar100_simplecnn,C0,3,12,627.5,270.5,0.53428571428571425,40.233999999999995,0.20000000000000001,0.20000000000000001
cifar100_simplecnn,C0,4,16,425.5,151,0.57563706563706563,40.786000000000001,0.25,0.29999999999999999
cifar100_simplecnn,C0,5,20,364,126.5,0.60864864864864865,42.510000000000005,0.29999999999999999,0.20000000000000001
cifar100_simplecnn,C0,6,24,343,126.5,0.59957528957528949,41.198,0.25,0.20000000000000001
cifar100_simplecnn,C0,7,28,528.5,108,0.54424710424710421,41.357999999999997,0.14999999999999999,0.14999999999999999
cifar100_simplecnn,C0,8,32,649,108,0.50216216216216214,40.498000000000005,0.10000000000000001,0.20000000000000001
cifar100_simplecnn,C0,9,36,387.5,97,0.61942084942084941,42.704000000000001,0.20000000000000001,0.10000000000000001
cifar100_simplecnn,C0,10,40,471.5,74.5,0.62258687258687262,43.634,0.20000000000000001,0.14999999999999999
cifar100_simplecnn,C0,11,44,652.5,44,0.55440154440154443,41.335999999999999,0.20000000000000001,0.25
cifar100_simplecnn,C0,12,48,372.5,44,0.61965250965250962,43.284000000000006,0.25,0.20000000000000001
cifar100_simplecnn,C0,13,52,556,34.5,0.58498069498069494,42.210000000000001,0.25,0.20000000000000001
cifar100_simplecnn,C0,14,56,313.5,34.5,0.5684169884169884,39.630000000000003,0.34999999999999998,0.40000000000000002
cifar100_simplecnn,C0,15,60,557,28,0.57266409266409268,41.795999999999999,0.20000000000000001,0.29999999999999999
cifar100_simplecnn,C0,16,64,307.5,27,0.68316602316602315,44.408000000000001,0.5,0.10000000000000001
cifar100_simplecnn,C0,17,68,708,27,0.52482625482625489,41.184000000000005,0.14999999999999999,0.14999999999999999
cifar100_simplecnn,C0,18,72,560,27,0.56316602316602316,40.805999999999997,0.25,0.25
cifar100_simplecnn,C0,19,76,657.5,27,0.54810810810810806,40.624000000000002,0.20000000000000001,0.14999999999999999
cifar100_simplecnn,C0,20,80,453,23.5,0.56397683397683396,40.218000000000004,0.20000000000000001,0.25
cifar100_simplecnn,C0,21,84,308.5,23.5,0.68088803088803096,44.048000000000002,0.40000000000000002,0.14999999999999999
cifar100_simplecnn,C0,22,88,677,23.5,0.53235521235521233,40.742000000000004,0.20000000000000001,0.20000000000000001
cifar100_simplecnn,C0,23,92,706.5,23.5,0.48853281853281849,39.018000000000001,0.20000000000000001,0.34999999999999998
cifar100_simplecnn,C0,24,96,452.5,19.5,0.58196911196911194,40.875999999999998,0.40000000000000002,0.25
cifar100_simplecnn,C0,25,100,567.5,19.5,0.56861003861003856,41.688000000000002,0.20000000000000001,0.29999999999999999
cifar100_simplecnn,C0,26,104,393.5,19.5,0.62239382239382235,43.402000000000001,0.20000000000000001,0.10000000000000001
cifar100_simplecnn,C0,27,108,771,15.5,0.45741312741312745,37.558,0.20000000000000001,0.40000000000000002
cifar100_simplecnn,C0,28,112,458,15.5,0.56752895752895749,41.82,0.20000000000000001,0.20000000000000001
cifar100_simplecnn,C0,29,116,598,15.5,0.52308880308880312,40.524000000000001,0.20000000000000001,0.34999999999999998
cifar100_simplecnn,C0,30,120,656.5,15.5,0.49895752895752893,39.756,0.10000000000000001,0.29999999999999999
cifar100_simplecnn,C0,31,124,581,15.5,0.5471042471042471,40.974000000000004,0.25,0.25
cifar100_simplecnn,C0,32,128,377,15.5,0.6541698841698842,43.589999999999996,0.45000000000000001,0.14999999999999999
cifar100_simplecnn,C0,33,132,467.5,15.5,0.58166023166023162,41.18,0.34999999999999998,0.20000000000000001
cifar100_simplecnn,C0,34,136,476.5,15.5,0.61957528957528951,42.122,0.29999999999999999,0.20000000000000001
cifar100_simplecnn,C0,35,140,222,15.5,0.75779922779922781,45.853999999999999,0.59999999999999998,0.050000000000000003
cifar100_simplecnn,C0,36,144,508.5,15.5,0.59173745173745174,43.231999999999999,0.14999999999999999,0.10000000000000001
cifar100_simplecnn,C0,37,148,639.5,15.5,0.49181467181467181,39.536000000000001,0.10000000000000001,0.29999999999999999
cifar100_simplecnn,C0,38,152,403,15.5,0.63312741312741316,43.25,0.25,0.20000000000000001
cifar100_simplecnn,C0,39,156,619,15.5,0.52447876447876451,40.327999999999996,0.14999999999999999,0.25
cifar100_simplecnn,C0,40,160,453.5,14.5,0.59019305019305013,41.622,0.25,0.14999999999999999
cifar100_simplecnn,C0,41,164,396.5,14.5,0.57822393822393825,40.942,0.29999999999999999,0.20000000000000001
cifar100_simplecnn,C0,42,168,478,14.5,0.5820849420849421,42.222000000000001,0.14999999999999999,0.20000000000000001
cifar100_simplecnn,C0,43,172,668,14.5,0.51528957528957531,40.703999999999994,0.10000000000000001,0.14999999999999999
cifar100_simplecnn,C0,44,176,424.5,14.5,0.61579150579150577,41.984000000000002,0.34999999999999998,0.20000000000000001
cifar100_simplecnn,C0,45,180,700,14.5,0.46370656370656371,38.073999999999998,0.20000000000000001,0.40000000000000002
cifar100_simplecnn,C0,46,184,477,14.5,0.62841698841698845,43.501999999999995,0.25,0.10000000000000001
cifar100_simplecnn,C0,47,188,395.5,11.5,0.60378378378378383,41.463999999999999,0.25,0.20000000000000001
cifar100_simplecnn,C0,48,192,509,11.5,0.60972972972972972,42.286000000000001,0.34999999999999998,0.20000000000000001
cifar100_simplecnn,C0,49,196,601.5,11.5,0.55247104247104251,41.404000000000003,0.14999999999999999,0.10000000000000001
cifar100_simplecnn,C0,50,200,372.5,11.5,0.62818532818532824,42.655999999999999,0.29999999999999999,0.14999999999999999
cifar100_simplecnn,C0,51,204,479,11.5,0.59382239382239388,40.962000000000003,0.34999999999999998,0.20000000000000001
cifar100_simplecnn,C0,52,208,708,11.5,0.4831660231660232,39.254000000000005,0.14999999999999999,0.25
cifar100_simplecnn,C0,53,212,392,11.5,0.60949806949806951,41.751999999999995,0.34999999999999998,0.25
cifar100_simplecnn,C0,54,216,387.5,11.5,0.65722007722007725,43.815999999999995,0.34999999999999998,0.14999999999999999
cifar100_simplecnn,C0,55,220,441,11.5,0.57247104247104252,41.244,0.20000000000000001,0.25
cifar100_simplecnn,C0,56,224,601,11.5,0.57416988416988413,41.768000000000001,0.25,0.25
cifar100_simplecnn,C0,57,228,560.5,11.5,0.57868725868725868,43.240000000000002,0.10000000000000001,0.10000000000000001
cifar100_simplecnn,C0,58,232,473,11.5,0.59023166023166029,43.097999999999999,0.10000000000000001,0.10000000000000001
cifar100_simplecnn,C0,59,236,603.5,11.5,0.54664092664092667,40.402000000000001,0.25,0.20000000000000001
cifar100_simplecnn,C0,60,240,369,7.5,0.65243243243243243,44.031999999999996,0.25,0.10000000000000001
cifar100_simplecnn,C0,61,244,638,7.5,0.50100386100386096,40.248000000000005,0.10000000000000001,0.25
cifar100_simplecnn,C0,62,248,648.5,7.5,0.50328185328185326,39.422000000000004,0.20000000000000001,0.25
cifar100_simplecnn,C0,63,252,764,7.5,0.4840926640926641,38.676000000000002,0.10000000000000001,0.40000000000000002
cifar100_simplecnn,C0,64,256,576.5,7.5,0.60513513513513506,42.030000000000001,0.29999999999999999,0.14999999999999999
cifar100_simplecnn,C0,65,260,526,7.5,0.5585714285714285,41.646000000000001,0.25,0.14999999999999999
cifar100_simplecnn,C0,66,264,299.5,7.5,0.61722007722007721,41.795999999999999,0.34999999999999998,0.14999999999999999
cifar100_simplecnn,C0,67,268,475.5,7.5,0.61498069498069496,43.190000000000005,0.14999999999999999,0.14999999999999999
cifar100_simplecnn,C0,68,272,299,7,0.6997297297297298,43.963999999999999,0.40000000000000002,0.10000000000000001
cifar100_simplecnn,C0,69,276,680,7,0.53220077220077222,40.835999999999999,0.25,0.20000000000000001
cifar100_simplecnn,C0,70,280,734,7,0.50131274131274128,39.874000000000002,0.20000000000000001,0.29999999999999999
cifar100_simplecnn,C0,71,284,539,7,0.56343629343629342,41.302,0.14999999999999999,0.14999999999999999
cifar100_simplecnn,C0,72,288,602,7,0.51235521235521231,39.951999999999998,0.14999999999999999,0.25
cifar100_simplecnn,C0,73,292,588.5,7,0.5561389961389962,40.890000000000001,0.25,0.20000000000000001
cifar100_simplecnn,C0,74,296,380.5,7,0.65706563706563714,44.225999999999999,0.25,0.050000000000000003
cifar100_simplecnn,C0,75,300,345.5,6,0.6194980694980694,41.664000000000001,0.34999999999999998,0.20000000000000001
cifar100_simplecnn,C0,76,304,576,6,0.55660231660231663,42.530000000000001,0.10000000000000001,0.20000000000000001
cifar100_simplecnn,C0,77,308,571.5,6,0.56772200772200776,41.204000000000001,0.20000000000000001,0.25
cifar100_simplecnn,C0,78,312,531,6,0.60938223938223934,41.989999999999995,0.25,0.14999999999999999
cifar100_simplecnn,C0,79,316,556.5,6,0.59100386100386104,42.769999999999996,0.29999999999999999,0.050000000000000003
cifar100_simplecnn,C0,80,320,578.5,6,0.57343629343629343,41.631999999999998,0.25,0.20000000000000001
cifar100_simplecnn,C0,81,324,516.5,6,0.54942084942084946,40.839999999999996,0.34999999999999998,0.29999999999999999
cifar100_simplecnn,C0,82,328,496,6,0.58131274131274124,41.826000000000001,0.25,0.14999999999999999
cifar100_simplecnn,C0,83,332,511.5,6,0.55355212355212358,40.524000000000001,0.40000000000000002,0.34999999999999998
cifar100_simplecnn,C0,84,336,730,6,0.47818532818532822,39.305999999999997,0.10000000000000001,0.29999999999999999
cifar100_simplecnn,C0,85,340,401,6,0.6397683397683398,43.68,0.20000000000000001,0.14999999999999999
cifar100_simplecnn,C0,86,344,420,6,0.59633204633204628,41.960000000000001,0.25,0.14999999999999999
cifar100_simplecnn,C0,87,348,517.5,6,0.55745173745173748,39.777999999999999,0.34999999999999998,0.29999999999999999
cifar100_simplecnn,C0,88,352,608,6,0.53216216216216217,40.731999999999999,0.10000000000000001,0.14999999999999999
cifar100_simplecnn,C0,89,356,383.5,6,0.62509652509652514,43.289999999999999,0.20000000000000001,0.14999999999999999
cifar100_simplecnn,C0,90,360,362.5,6,0.63131274131274129,41.442,0.40000000000000002,0.25
cifar100_simplecnn,C0,91,364,566,6,0.57413127413127418,41.411999999999999,0.20000000000000001,0.20000000000000001
cifar100_simplecnn,C0,92,368,711,6,0.49525096525096524,39.716000000000001,0.10000000000000001,0.29999999999999999
cifar100_simplecnn,C0,93,372,457,6,0.60679536679536672,41.920000000000002,0.34999999999999998,0.20000000000000001
cifar100_simplecnn,C0,94,376,815.5,6,0.46223938223938221,38.060000000000002,0.14999999999999999,0.45000000000000001
cifar100_simplecnn,C0,95,380,654.5,4.5,0.51544401544401541,39.353999999999999,0.20000000000000001,0.25
cifar100_simplecnn,C0,96,384,521,4.5,0.57806949806949803,40.692,0.29999999999999999,0.25
cifar100_simplecnn,C0,97,388,300,4.5,0.62822393822393818,42.125999999999998,0.45000000000000001,0.20000000000000001
cifar100_simplecnn,C0,98,392,424.5,4.5,0.59154440154440147,41.804000000000002,0.20000000000000001,0.14999999999999999
cifar100_simplecnn,C0,99,396,447,4.5,0.60289575289575281,42.850000000000001,0.25,0.10000000000000001
cifar100_simplecnn,C0,100,400,485,4.5,0.62189189189189187,43.071999999999996,0.29999999999999999,0.20000000000000001
cifar100_simplecnn,C0,101,404,465,4.5,0.58976833976833976,42.957999999999998,0.14999999999999999,0.25
cifar100_simplecnn,C0,102,408,389.5,4.5,0.59463320463320468,41.465999999999994,0.34999999999999998,0.25
cifar100_simplecnn,C0,103,412,296.5,4.5,0.69660231660231653,43.728000000000002,0.45000000000000001,0.14999999999999999
cifar100_simplecnn,C0,104,416,651,4.5,0.4841312741312741,39.236000000000004,0.20000000000000001,0.34999999999999998
cifar100_simplecnn,C0,105,420,630,4.5,0.52849420849420858,39.477999999999994,0.25,0.34999999999999998
cifar100_simplecnn,C0,106,424,601,4.5,0.4991891891891892,38.577999999999996,0.25,0.40000000000000002
cifar100_simplecnn,C0,107,428,561,4.5,0.579073359073359,42.042000000000002,0.25,0.14999999999999999
cifar100_simplecnn,C0,108,432,432.5,4.5,0.6102316602316602,41.945999999999998,0.40000000000000002,0.25
cifar100_simplecnn,C0,109,436,563.5,4.5,0.52521235521235521,39.504000000000005,0.25,0.25
cifar100_simplecnn,C0,110,440,317,4.5,0.65258687258687265,42.817999999999998,0.45000000000000001,0.14999999999999999
cifar100_simplecnn,C0,111,444,732.5,4.5,0.51100386100386097,39.658000000000001,0.20000000000000001,0.25
cifar100_simplecnn,C0,112,448,583.5,4.5,0.57270270270270274,41.275999999999996,0.34999999999999998,0.20000000000000001
cifar100_simplecnn,C0,113,452,541.5,4,0.59235521235521238,42.042000000000002,0.29999999999999999,0.29999999999999999
cifar100_simplecnn,C0,114,456,442,4,0.5956756756756757,40.829999999999998,0.29999999999999999,0.29999999999999999
cifar100_simplecnn,C0,115,460,541,4,0.52142857142857146,38.811999999999998,0.25,0.34999999999999998
cifar100_simplecnn,C0,116,464,409,4,0.60899613899613902,42.233999999999995,0.34999999999999998,0.14999999999999999
cifar100_simplecnn,C0,117,468,338,4,0.62482625482625476,42.719999999999999,0.34999999999999998,0.20000000000000001
cifar100_simplecnn,C0,118,472,577,4,0.50861003861003862,38.525999999999996,0.20000000000000001,0.40000000000000002
cifar100_simplecnn,C0,119,476,399,4,0.65876447876447874,44.601999999999997,0.25,0.050000000000000003
cifar100_simplecnn,C0,120,480,493.5,4,0.59953667953667955,42.710000000000001,0.25,0.10000000000000001
cifar100_simplecnn,C0,121,484,385,4,0.65459459459459457,43.006,0.29999999999999999,0.10000000000000001
cifar100_simplecnn,C0,122,488,441,4,0.60555984555984554,41.777999999999999,0.40000000000000002,0.20000000000000001
cifar100_simplecnn,C0,123,492,282.5,4,0.61119691119691111,40.488,0.5,0.29999999999999999
cifar100_simplecnn,C0,124,496,449.5,4,0.59563706563706564,41.269999999999996,0.40000000000000002,0.25
cifar100_simplecnn,C0,125,500,710.5,4,0.53293436293436292,41.042000000000002,0.20000000000000001,0.25
cifar100_simplecnn,C0,126,504,586.5,4,0.55795366795366796,41.049999999999997,0.29999999999999999,0.20000000000000001
cifar100_simplecnn,C0,127,508,331,4,0.65111969111969104,44.088000000000001,0.29999999999999999,0.050000000000000003
cifar100_simplecnn,C0,128,512,617,4,0.52382239382239382,39.481999999999999,0.25,0.29999999999999999
cifar100_simplecnn,C0,129,516,362.5,4,0.62671814671814674,42.799999999999997,0.25,0.14999999999999999
cifar100_simplecnn,C0,130,520,367.5,4,0.58073359073359065,40.881999999999998,0.29999999999999999,0.25
cifar100_simplecnn,C0,131,524,391,4,0.63806949806949809,43.416000000000004,0.29999999999999999,0.14999999999999999
cifar100_simplecnn,C0,132,528,491.5,4,0.58675675675675676,41.561999999999998,0.34999999999999998,0.25
cifar100_simplecnn,C0,133,532,529.5,4,0.55077220077220068,40.762,0.10000000000000001,0.25
cifar100_simplecnn,C0,134,536,435,4,0.6511583011583012,44.469999999999999,0.34999999999999998,0.10000000000000001
cifar100_simplecnn,C0,135,540,687,4,0.47034749034749035,37.472000000000001,0.14999999999999999,0.29999999999999999
cifar100_simplecnn,C0,136,544,536.5,4,0.62671814671814663,43.552,0.25,0.10000000000000001
cifar100_simplecnn,C0,137,548,267,3.5,0.70057915057915054,44.772000000000006,0.40000000000000002,0.14999999999999999
cifar100_simplecnn,C0,138,552,460,3.5,0.5888416988416989,41.932000000000002,0.20000000000000001,0.10000000000000001
cifar100_simplecnn,C0,139,556,476.5,3.5,0.60185328185328191,42.826000000000001,0.25,0.10000000000000001
cifar100_simplecnn,C0,140,560,466,3.5,0.58262548262548264,41.172000000000004,0.20000000000000001,0.20000000000000001
cifar100_simplecnn,C0,141,564,400,3.5,0.66760617760617769,43.869999999999997,0.45000000000000001,0.14999999999999999
cifar100_simplecnn,C0,142,568,486,3.5,0.60490347490347485,42.322000000000003,0.29999999999999999,0.14999999999999999
cifar100_simplecnn,C0,143,572,620,3.5,0.57942084942084937,42.374000000000002,0.29999999999999999,0.25
cifar100_simplecnn,C0,144,576,546.5,3.5,0.62212355212355219,42.908000000000001,0.29999999999999999,0.050000000000000003
cifar100_simplecnn,C0,145,580,467,3.5,0.62142857142857144,43.216000000000001,0.20000000000000001,0.14999999999999999
cifar100_simplecnn,C0,146,584,628,3.5,0.5471042471042471,40.914000000000001,0.20000000000000001,0.25
cifar100_simplecnn,C0,147,588,733,3.5,0.48339768339768341,37.995999999999995,0.20000000000000001,0.34999999999999998
cifar100_simplecnn,C0,148,592,326,3.5,0.66984555984555993,42.718000000000004,0.45000000000000001,0.14999999999999999
cifar100_simplecnn,C0,149,596,382.5,3.5,0.6352123552123552,43.670000000000002,0.25,0.10000000000000001
cifar100_simplecnn,C0,150,600,430.5,3.5,0.65293436293436291,43.494,0.40000000000000002,0.14999999999999999
cifar100_simplecnn,C0,151,604,528,3.5,0.61741312741312737,43.481999999999999,0.20000000000000001,0.050000000000000003
cifar100_simplecnn,C0,152,608,361,3.5,0.63069498069498064,41.902000000000001,0.45000000000000001,0.20000000000000001
cifar100_simplecnn,C0,153,612,307.5,3.5,0.68057915057915053,44.374000000000002,0.45000000000000001,0.10000000000000001
cifar100_simplecnn,C0,154,616,418,3.5,0.60791505791505795,41.308,0.29999999999999999,0.20000000000000001
cifar100_simplecnn,C0,155,620,473,3.5,0.58714285714285719,41.398000000000003,0.34999999999999998,0.14999999999999999
cifar100_simplecnn,C0,156,624,515,3.5,0.63992277992277991,43.886000000000003,0.25,0.050000000000000003
cifar100_simplecnn,C0,157,628,315,3.5,0.6391119691119691,42.399999999999999,0.29999999999999999,0.14999999999999999
cifar100_simplecnn,C0,158,632,537.5,3.5,0.60799227799227795,42.326000000000001,0.25,0.25
cifar100_simplecnn,C0,159,636,694.5,3.5,0.47335907335907335,38.775999999999996,0.10000000000000001,0.34999999999999998
cifar100_simplecnn,C0,160,640,607.5,3.5,0.51857142857142857,39.277999999999999,0.14999999999999999,0.25
cifar100_simplecnn,C0,161,644,360,3.5,0.65822393822393821,42.398000000000003,0.45000000000000001,0.14999999999999999
cifar100_simplecnn,C0,162,648,564,3.5,0.63548262548262546,42.548000000000002,0.40000000000000002,0.14999999999999999
cifar100_simplecnn,C0,163,652,493,3.5,0.63490347490347487,43.942,0.29999999999999999,0.10000000000000001
cifar100_simplecnn,C0,164,656,365,3.5,0.68969111969111974,45.024000000000001,0.34999999999999998,0.14999999999999999
cifar100_simplecnn,C0,165,660,490,3.5,0.62293436293436288,42.910000000000004,0.29999999999999999,0.10000000000000001
cifar100_simplecnn,C0,166,664,335,3.5,0.6382239382239383,43.016000000000005,0.25,0.20000000000000001
cifar100_simplecnn,C0,167,668,459,3.5,0.61135135135135132,41.738,0.25,0.20000000000000001
cifar100_simplecnn,C0,168,672,590,3.5,0.54019305019305019,40.863999999999997,0.20000000000000001,0.14999999999999999
cifar100_simplecnn,C0,169,676,473.5,3.5,0.55347490347490347,40.064,0.20000000000000001,0.29999999999999999
cifar100_simplecnn,C0,170,680,421,3.5,0.63111969111969113,42.640000000000001,0.29999999999999999,0.25
cifar100_simplecnn,C0,171,684,461,3.5,0.62447876447876449,42.944000000000003,0.34999999999999998,0.10000000000000001
cifar100_simplecnn,C0,172,688,780,3.5,0.50200772200772203,39.872,0.10000000000000001,0.5
cifar100_simplecnn,C0,173,692,435,3.5,0.59474903474903473,42.763999999999996,0.25,0.20000000000000001
cifar100_simplecnn,C0,174,696,476,3.5,0.66795366795366795,45.064,0.25,0
cifar100_simplecnn,C0,175,700,409,3.5,0.65501930501930494,43.393999999999998,0.34999999999999998,0.10000000000000001
cifar100_simplecnn,C0,176,704,412,3.5,0.64528957528957531,43.661999999999999,0.25,0.14999999999999999
cifar100_simplecnn,C0,177,708,302,3.5,0.72328185328185324,45.927999999999997,0.40000000000000002,0.10000000000000001
cifar100_simplecnn,C0,178,712,415,3.5,0.6214671814671815,41.960000000000001,0.40000000000000002,0.20000000000000001
cifar100_simplecnn,C0,179,716,564.5,3.5,0.57501930501930498,41.334000000000003,0.25,0.20000000000000001
cifar100_simplecnn,C0,180,720,333,3.5,0.65413127413127414,42.591999999999999,0.34999999999999998,0.14999999999999999
cifar100_simplecnn,C0,181,724,429.5,3.5,0.59027027027027024,41.416000000000004,0.34999999999999998,0.25
cifar100_simplecnn,C0,182,728,330,3.5,0.70424710424710424,44.256,0.40000000000000002,0.10000000000000001
cifar100_simplecnn,C0,183,732,338,3.5,0.66841698841698838,44.451999999999998,0.40000000000000002,0.14999999999999999
cifar100_simplecnn,C0,184,736,282,3.5,0.71227799227799227,45.450000000000003,0.40000000000000002,0.050000000000000003
cifar100_simplecnn,C0,185,740,442,3.5,0.62366795366795369,42.076000000000001,0.34999999999999998,0.14999999999999999
cifar100_simplecnn,C0,186,744,412.5,3.5,0.61459459459459453,43.727999999999994,0.25,0.20000000000000001
cifar100_simplecnn,C0,187,748,333,3.5,0.66555984555984549,43.522000000000006,0.34999999999999998,0.20000000000000001
cifar100_simplecnn,C0,188,752,446,3.5,0.64671814671814665,44.298000000000002,0.20000000000000001,0.050000000000000003
cifar100_simplecnn,C0,189,756,402,3.5,0.65239382239382238,44.167999999999999,0.29999999999999999,0.050000000000000003
cifar100_simplecnn,C0,190,760,305.5,3.5,0.72115830115830115,45.707999999999998,0.40000000000000002,0
cifar100_simplecnn,C0,191,764,366,3.5,0.67463320463320464,44.756,0.25,0.10000000000000001
cifar100_simplecnn,C0,192,768,310,3.5,0.71907335907335912,45.116,0.40000000000000002,0.050000000000000003
cifar100_simplecnn,C0,193,772,333,3.5,0.70675675675675675,45.607999999999997,0.34999999999999998,0.050000000000000003
cifar100_simplecnn,C0,194,776,345,3.5,0.71880308880308885,45.527999999999999,0.34999999999999998,0.050000000000000003
cifar100_simplecnn,C0,195,780,390,3.5,0.68969111969111974,44.718000000000004,0.40000000000000002,0.10000000000000001
cifar100_simplecnn,C0,196,784,431,3.5,0.65000000000000002,43.923999999999999,0.29999999999999999,0.14999999999999999
cifar100_simplecnn,C0,197,788,380.5,3.5,0.68050193050193042,44.082000000000001,0.34999999999999998,0.10000000000000001
cifar100_simplecnn,C0,198,792,121,3.5,0.82606177606177611,46.262,0.75,0.050000000000000003
cifar100_simplecnn,C0,199,796,523,3.5,0.52706563706563703,41.263999999999996,0.050000000000000003,0.14999999999999999
cifar100_simplecnn,C0,200,800,662.5,3.5,0.57903474903474905,42.154000000000003,0.29999999999999999,0.20000000000000001
cifar100_simplecnn,C0,201,804,300,3,0.71312741312741312,44.423999999999999,0.45000000000000001,0.10000000000000001
cifar100_simplecnn,C0,202,808,493,3,0.65791505791505789,44.079999999999998,0.40000000000000002,0.050000000000000003
cifar100_simplecnn,C0,203,812,336.5,3,0.68490347490347492,43.559999999999995,0.40000000000000002,0.20000000000000001
cifar100_simplecnn,C0,204,816,491.5,3,0.62088803088803091,42.411999999999999,0.34999999999999998,0.25
cifar100_simplecnn,C0,205,820,425.5,3,0.66899613899613897,44.192,0.40000000000000002,0.20000000000000001
cifar100_simplecnn,C0,206,824,296.5,3,0.69366795366795375,43.622,0.5,0.14999999999999999
cifar100_simplecnn,C0,207,828,476.5,3,0.61386100386100384,42.233999999999995,0.25,0.20000000000000001
cifar100_simplecnn,C0,208,832,449.5,3,0.64266409266409263,42.704000000000001,0.40000000000000002,0.14999999999999999
cifar100_simplecnn,C0,209,836,438,3,0.63687258687258685,43.739999999999995,0.25,0.10000000000000001
cifar100_simplecnn,C0,210,840,447.5,3,0.68575289575289577,45.103999999999999,0.25,0.050000000000000003
cifar100_simplecnn,C0,211,844,368.5,3,0.68401544401544401,45.003999999999998,0.29999999999999999,0.10000000000000001
cifar100_simplecnn,C0,212,848,182.5,3,0.76575289575289573,45.994,0.59999999999999998,0.10000000000000001
cifar100_simplecnn,C0,213,852,261,3,0.71019305019305023,44.583999999999996,0.45000000000000001,0.10000000000000001
cifar100_simplecnn,C0,214,856,238.5,3,0.77308880308880312,46.484000000000002,0.5,0
cifar100_simplecnn,C0,215,860,485,3,0.62594594594594599,42.498000000000005,0.40000000000000002,0.14999999999999999
cifar100_simplecnn,C0,216,864,274.5,3,0.71787644787644789,44.828000000000003,0.40000000000000002,0.10000000000000001
cifar100_simplecnn,C0,217,868,473.5,3,0.65868725868725864,44.030000000000001,0.29999999999999999,0.10000000000000001
cifar100_simplecnn,C0,218,872,452.5,3,0.6285328185328185,43.076000000000001,0.25,0.10000000000000001
cifar100_simplecnn,C0,219,876,341,3,0.68525096525096518,44.128,0.29999999999999999,0.10000000000000001
cifar100_simplecnn,C0,220,880,318,3,0.70081081081081087,44.304000000000002,0.45000000000000001,0.10000000000000001
cifar100_simplecnn,C0,221,884,206,3,0.78702702702702709,46.231999999999999,0.59999999999999998,0.10000000000000001
cifar100_simplecnn,C0,222,888,359,3,0.70204633204633204,44.488,0.45000000000000001,0.10000000000000001
cifar100_simplecnn,C0,223,892,416.5,3,0.66710424710424709,43.368000000000002,0.40000000000000002,0.14999999999999999
cifar100_simplecnn,C0,224,896,275,3,0.78243243243243243,46.567999999999998,0.5,0
cifar100_simplecnn,C0,225,900,401,3,0.66868725868725876,45.013999999999996,0.20000000000000001,0.10000000000000001
cifar100_simplecnn,C0,226,904,272.5,3,0.72602316602316608,44.798000000000002,0.34999999999999998,0.10000000000000001
cifar100_simplecnn,C0,227,908,248.5,3,0.75559845559845562,46.219999999999999,0.5,0
cifar100_simplecnn,C0,228,912,489,3,0.61737451737451743,42.986000000000004,0.25,0.10000000000000001
cifar100_simplecnn,C0,229,916,267,3,0.70386100386100392,44.866,0.40000000000000002,0.10000000000000001
cifar100_simplecnn,C0,230,920,369,3,0.72332046332046329,46.454000000000001,0.20000000000000001,0
cifar100_simplecnn,C0,231,924,346.5,3,0.71895752895752896,45.866,0.34999999999999998,0
cifar100_simplecnn,C0,232,928,606.5,3,0.58621621621621622,41.904000000000003,0.20000000000000001,0.25
cifar100_simplecnn,C0,233,932,145,2.5,0.73872586872586876,44.539999999999999,0.55000000000000004,0.10000000000000001
cifar100_simplecnn,C0,234,936,443.5,2.5,0.63849420849420846,43.299999999999997,0.25,0.10000000000000001
cifar100_simplecnn,C0,235,940,459,2.5,0.57521235521235525,41.576000000000001,0.20000000000000001,0.25
cifar100_simplecnn,C0,236,944,313,2.5,0.68185328185328187,43.350000000000001,0.40000000000000002,0.14999999999999999
cifar100_simplecnn,C0,237,948,441,2.5,0.59853281853281859,42.542000000000002,0.14999999999999999,0.14999999999999999
cifar100_simplecnn,C0,238,952,329.5,2.5,0.72891891891891891,46.088000000000001,0.34999999999999998,0
cifar100_simplecnn,C0,239,956,489,2.5,0.65996138996138998,43.333999999999996,0.40000000000000002,0.25
cifar100_simplecnn,C0,240,960,295.5,2.5,0.72478764478764479,45.863999999999997,0.34999999999999998,0
cifar100_simplecnn,C0,241,964,302,2.5,0.73552123552123549,45.725999999999999,0.45000000000000001,0.050000000000000003
cifar100_simplecnn,C0,242,968,312,2.5,0.70594594594594595,44.525999999999996,0.45000000000000001,0.10000000000000001
cifar100_simplecnn,C0,243,972,369,2.5,0.66196911196911201,44.5,0.25,0.10000000000000001
cifar100_simplecnn,C0,244,976,372.5,2.5,0.69038610038610038,45.218000000000004,0.40000000000000002,0.050000000000000003
cifar100_simplecnn,C0,245,980,373,2.5,0.70752895752895761,45.700000000000003,0.29999999999999999,0.050000000000000003
cifar100_simplecnn,C0,246,984,399.5,2.5,0.67972972972972978,44.589999999999996,0.34999999999999998,0.10000000000000001
cifar100_simplecnn,C0,247,988,379,2.5,0.64409266409266408,44.375999999999998,0.20000000000000001,0.10000000000000001
cifar100_simplecnn,C0,248,992,173.5,2.5,0.77436293436293435,46.317999999999998,0.59999999999999998,0
cifar100_simplecnn,C0,249,996,307.5,2.5,0.72972972972972971,45.566000000000003,0.40000000000000002,0.050000000000000003
cifar100_simplecnn,C0,250,1000,143.5,2.5,0.79324324324324325,46.504000000000005,0.65000000000000002,0.050000000000000003
cifar100_simplecnn,C0,251,1004,328,2.5,0.70756756756756756,44.317999999999998,0.34999999999999998,0.10000000000000001
cifar100_simplecnn,C0,252,1008,261,2.5,0.74378378378378385,45.5,0.45000000000000001,0.050000000000000003
cifar100_simplecnn,C0,253,1012,304.5,2.5,0.73401544401544405,45.628,0.40000000000000002,0.10000000000000001
cifar100_simplecnn,C0,254,1016,237,2.5,0.73575289575289582,44.712000000000003,0.5,0.10000000000000001
cifar100_simplecnn,C0,255,1020,413,2.5,0.63969111969111969,43.148000000000003,0.25,0.14999999999999999
cifar100_simplecnn,C0,256,1024,418,2.5,0.63320463320463316,42.410000000000004,0.25,0.14999999999999999
cifar100_simplecnn,C0,257,1028,61,2.5,0.81741312741312733,46.624000000000002,0.55000000000000004,0.050000000000000003
cifar100_simplecnn,C0,258,1032,267,2.5,0.77320463320463317,46.537999999999997,0.40000000000000002,0
cifar100_simplecnn,C0,259,1036,468,2.5,0.6352123552123552,42.578000000000003,0.40000000000000002,0.20000000000000001
cifar100_simplecnn,C0,260,1040,300,2.5,0.66710424710424709,42.460000000000001,0.45000000000000001,0.20000000000000001
cifar100_simplecnn,C0,261,1044,151,2.5,0.80482625482625481,46.055999999999997,0.59999999999999998,0.10000000000000001
cifar100_simplecnn,C0,262,1048,279,2.5,0.77027027027027029,46.432000000000002,0.45000000000000001,0
cifar100_simplecnn,C0,263,1052,153.5,2,0.78000000000000003,45.384,0.55000000000000004,0.10000000000000001
cifar100_simplecnn,C0,264,1056,435,2,0.6193436293436293,43.095999999999997,0.25,0.14999999999999999
cifar100_simplecnn,C0,265,1060,343,2,0.70474903474903472,44.643999999999998,0.34999999999999998,0.050000000000000003
cifar100_simplecnn,C0,266,1064,304,2,0.72938223938223934,44.477999999999994,0.5,0.10000000000000001
cifar100_simplecnn,C0,267,1068,412,2,0.67953667953667951,44.607999999999997,0.29999999999999999,0.050000000000000003
cifar100_simplecnn,C0,268,1072,279,2,0.76725868725868729,45.75,0.40000000000000002,0.050000000000000003
cifar100_simplecnn,C0,269,1076,331,2,0.72698841698841699,45.878,0.45000000000000001,0.050000000000000003
cifar100_simplecnn,C0,270,1080,279,2,0.77610038610038612,46.543999999999997,0.40000000000000002,0
cifar100_simplecnn,C0,271,1084,279,2,0.77694980694980686,45.910000000000004,0.45000000000000001,0.10000000000000001
cifar100_simplecnn,C0,272,1088,302,2,0.73166023166023164,45.263999999999996,0.40000000000000002,0.050000000000000003
cifar100_simplecnn,C0,273,1092,391.5,2,0.68189189189189192,44.451999999999998,0.34999999999999998,0.050000000000000003
cifar100_simplecnn,C0,274,1096,469.5,2,0.67370656370656368,44.372,0.29999999999999999,0.10000000000000001
cifar100_simplecnn,C0,275,1100,204.5,2,0.75239382239382235,45.427999999999997,0.55000000000000004,0
cifar100_simplecnn,C0,276,1104,182.5,2,0.81420849420849417,47.362000000000002,0.5,0
cifar100_simplecnn,C0,277,1108,267,2,0.80490347490347491,47.281999999999996,0.40000000000000002,0
cifar100_simplecnn,C0,278,1112,342.5,2,0.78111969111969115,46.905999999999999,0.40000000000000002,0
cifar100_simplecnn,C0,279,1116,267,1.5,0.77150579150579157,46.245999999999995,0.45000000000000001,0
cifar100_simplecnn,C0,280,1120,329.5,1.5,0.6938610038610038,44.504000000000005,0.25,0.10000000000000001
cifar100_simplecnn,C0,281,1124,448.5,1.5,0.6391119691119691,42.533999999999999,0.29999999999999999,0.10000000000000001
cifar100_simplecnn,C0,282,1128,80,1.5,0.81779922779922776,46.920000000000002,0.55000000000000004,0
cifar100_simplecnn,C0,283,1132,171,1.5,0.80640926640926636,46.802,0.55000000000000004,0.050000000000000003
cifar100_simplecnn,C0,284,1136,450.5,1.5,0.70864864864864863,44.893999999999998,0.40000000000000002,0.10000000000000001
cifar100_simplecnn,C0,285,1140,239.5,1.5,0.72463320463320469,44.004000000000005,0.5,0.10000000000000001
cifar100_simplecnn,C0,286,1144,334,1.5,0.71818532818532821,45.299999999999997,0.40000000000000002,0.050000000000000003
cifar100_simplecnn,C0,287,1148,279,1.5,0.74235521235521229,45.369999999999997,0.45000000000000001,0.10000000000000001
cifar100_simplecnn,C0,288,1152,328,1.5,0.71030888030888029,45.624000000000002,0.25,0.050000000000000003
cifar100_simplecnn,C0,289,1156,253.5,1.5,0.7706563706563706,46.146000000000001,0.5,0.10000000000000001
cifar100_simplecnn,C0,290,1160,57.5,1.5,0.86513513513513518,47.567999999999998,0.65000000000000002,0
cifar100_simplecnn,C0,291,1164,254,1.5,0.77525096525096526,46.281999999999996,0.5,0.050000000000000003
cifar100_simplecnn,C0,292,1168,75.5,1.5,0.82586872586872584,46.927999999999997,0.65000000000000002,0.050000000000000003
cifar100_simplecnn,C0,293,1172,261,1.5,0.81799227799227803,47.460000000000001,0.45000000000000001,0
cifar100_simplecnn,C0,294,1176,36,1.5,0.84613899613899624,47.037999999999997,0.59999999999999998,0
cifar100_simplecnn,C0,295,1180,54.5,1.5,0.88247104247104247,47.992000000000004,0.69999999999999996,0
cifar100_simplecnn,C0,296,1184,193,1.5,0.78942084942084945,46.536000000000001,0.55000000000000004,0.10000000000000001
cifar100_simplecnn,C0,297,1188,402,1.5,0.74559845559845561,46.289999999999999,0.40000000000000002,0
cifar100_simplecnn,C0,298,1192,307.5,1.5,0.76378378378378375,46.456000000000003,0.34999999999999998,0
cifar100_simplecnn,C0,299,1196,343,1.5,0.7508108108108108,46.164000000000001,0.34999999999999998,0.050000000000000003
cifar100_simplecnn,C0,300,1200,351,1.5,0.74150579150579143,46.131999999999998,0.40000000000000002,0.050000000000000003
cifar100_simplecnn,C0,301,1204,290,1.5,0.74517374517374513,45.822000000000003,0.45000000000000001,0.050000000000000003
cifar100_simplecnn,C0,302,1208,244,1.5,0.73204633204633207,44.769999999999996,0.5,0.10000000000000001
cifar100_simplecnn,C0,303,1212,295,1.5,0.77030888030888023,46.530000000000001,0.40000000000000002,0
cifar100_simplecnn,C0,304,1216,125.5,1.5,0.80362934362934357,46.107999999999997,0.55000000000000004,0.050000000000000003
cifar100_simplecnn,C0,305,1220,243.5,1.5,0.7667567567567567,45.420000000000002,0.5,0.050000000000000003
cifar100_simplecnn,C0,306,1224,322,1.5,0.75938223938223937,46.170000000000002,0.40000000000000002,0.050000000000000003
cifar100_simplecnn,C0,307,1228,29.5,1.5,0.86710424710424705,47.347999999999999,0.69999999999999996,0
cifar100_simplecnn,C0,308,1232,240,1.5,0.76050193050193049,46.082000000000001,0.5,0.10000000000000001
cifar100_simplecnn,C0,309,1236,290,1.5,0.74447876447876449,45.564,0.40000000000000002,0.050000000000000003
cifar100_simplecnn,C0,310,1240,359,1.5,0.74826254826254823,46.350000000000001,0.29999999999999999,0
cifar100_simplecnn,C0,311,1244,323,1.5,0.74482625482625475,45.225999999999999,0.40000000000000002,0.10000000000000001
cifar100_simplecnn,C0,312,1248,256.5,1.5,0.77208494208494205,46.079999999999998,0.5,0
cifar100_simplecnn,C0,313,1252,192,1.5,0.82162162162162156,47.341999999999999,0.5,0.050000000000000003
cifar100_simplecnn,C0,314,1256,69.5,1.5,0.85540540540540544,47.405999999999999,0.69999999999999996,0
cifar100_simplecnn,C0,315,1260,336.5,1.5,0.73312741312741314,45.097999999999999,0.40000000000000002,0.050000000000000003
cifar100_simplecnn,C0,316,1264,58.5,1.5,0.77308880308880312,44.475999999999999,0.59999999999999998,0.10000000000000001
cifar100_simplecnn,C0,317,1268,159.5,1,0.80447876447876454,46.631999999999998,0.5,0
cifar100_simplecnn,C0,318,1272,112.5,1,0.79590733590733598,45.984000000000002,0.55000000000000004,0.050000000000000003
cifar100_simplecnn,C0,319,1276,134,1,0.85100386100386094,47.667999999999999,0.55000000000000004,0
cifar100_simplecnn,C0,320,1280,66,1,0.79590733590733587,45.670000000000002,0.59999999999999998,0.050000000000000003
cifar100_simplecnn,C0,321,1284,323,1,0.74525096525096524,46.642000000000003,0.29999999999999999,0
cifar100_simplecnn,C0,322,1288,36,1,0.90382239382239382,48.125999999999998,0.75,0
cifar100_simplecnn,C0,323,1292,225.5,1,0.77683397683397681,45.504000000000005,0.55000000000000004,0.10000000000000001
cifar100_simplecnn,C0,324,1296,323,1,0.74899613899613893,45.335999999999999,0.45000000000000001,0.10000000000000001
cifar100_simplecnn,C0,325,1300,66,1,0.84057915057915056,47.030000000000001,0.69999999999999996,0
cifar100_simplecnn,C0,326,1304,290,1,0.73972972972972972,45.710000000000001,0.34999999999999998,0.050000000000000003
cifar100_simplecnn,C0,327,1308,267,1,0.75640926640926642,45.911999999999999,0.45000000000000001,0.10000000000000001
cifar100_simplecnn,C0,328,1312,34,1,0.9018146718146719,48.083999999999996,0.75,0
cifar100_simplecnn,C0,329,1316,267,1,0.7810810810810811,46.472000000000001,0.40000000000000002,0.050000000000000003
cifar100_simplecnn,C0,330,1320,65,1,0.84166023166023174,46.512,0.69999999999999996,0.050000000000000003
cifar100_simplecnn,C0,331,1324,81.5,1,0.85416988416988426,47.432000000000002,0.69999999999999996,0
cifar100_simplecnn,C0,332,1328,266.5,1,0.80000000000000004,46.862000000000002,0.45000000000000001,0
cifar100_simplecnn,C0,333,1332,57.5,1,0.84671814671814671,47.210000000000001,0.75,0.050000000000000003
cifar100_simplecnn,C0,334,1336,187.5,1,0.80324324324324325,46.130000000000003,0.55000000000000004,0.050000000000000003
cifar100_simplecnn,C0,335,1340,261,1,0.74965250965250962,45.525999999999996,0.40000000000000002,0.10000000000000001
cifar100_simplecnn,C0,336,1344,267,1,0.77189189189189189,46.305999999999997,0.45000000000000001,0.050000000000000003
cifar100_simplecnn,C0,337,1348,282,1,0.76185328185328183,45.905999999999999,0.45000000000000001,0.10000000000000001
cifar100_simplecnn,C0,338,1352,209.5,1,0.81498069498069492,47.212000000000003,0.55000000000000004,0
cifar100_simplecnn,C0,339,1356,212.5,1,0.83092664092664104,47.463999999999999,0.5,0
cifar100_simplecnn,C0,340,1360,165.5,1,0.82637065637065632,47,0.59999999999999998,0.050000000000000003
cifar100_simplecnn,C0,341,1364,272.5,1,0.81027027027027021,47.366,0.45000000000000001,0
cifar100_simplecnn,C0,342,1368,40.5,1,0.83976833976833976,46.920000000000002,0.65000000000000002,0.050000000000000003
cifar100_simplecnn,C0,343,1372,61,1,0.80131274131274144,46.280000000000001,0.59999999999999998,0.050000000000000003
cifar100_simplecnn,C0,344,1376,267,1,0.81069498069498069,47.268000000000001,0.40000000000000002,0
cifar100_simplecnn,C0,345,1380,308.5,1,0.73509652509652512,45.892000000000003,0.25,0.050000000000000003
cifar100_simplecnn,C0,346,1384,333,1,0.72092664092664094,45.381999999999998,0.34999999999999998,0.050000000000000003
cifar100_simplecnn,C0,347,1388,267,1,0.75123552123552118,44.856000000000002,0.34999999999999998,0.10000000000000001
cifar100_simplecnn,C0,348,1392,323,1,0.77389961389961393,46.594000000000001,0.45000000000000001,0
cifar100_simplecnn,C0,349,1396,58,1,0.83521235521235526,47.305999999999997,0.59999999999999998,0
cifar100_simplecnn,C0,350,1400,361,1,0.74069498069498063,46.155999999999999,0.34999999999999998,0
cifar100_simplecnn,C0,351,1404,333,1,0.7264092664092664,45.432000000000002,0.40000000000000002,0.050000000000000003
cifar100_simplecnn,C0,352,1408,155,1,0.84289575289575291,47.386000000000003,0.65000000000000002,0
cifar100_simplecnn,C0,353,1412,267,1,0.76077220077220076,46.182000000000002,0.34999999999999998,0.10000000000000001
cifar100_simplecnn,C0,354,1416,226.5,1,0.82119691119691107,47.201999999999998,0.5,0
cifar100_simplecnn,C0,355,1420,226,1,0.76505791505791509,45.926000000000002,0.5,0.050000000000000003
cifar100_simplecnn,C0,356,1424,85.5,1,0.8532432432432433,47.25,0.65000000000000002,0
cifar100_simplecnn,C0,357,1428,86,1,0.83223938223938221,47.426000000000002,0.55000000000000004,0
cifar100_simplecnn,C0,358,1432,185,1,0.81853281853281845,47.082000000000001,0.55000000000000004,0.050000000000000003
cifar100_simplecnn,C0,359,1436,267,1,0.74899613899613904,45.204000000000001,0.40000000000000002,0.10000000000000001
cifar100_simplecnn,C0,360,1440,79,1,0.83795366795366788,47.200000000000003,0.59999999999999998,0
cifar100_simplecnn,C0,361,1444,188.5,1,0.8017374517374517,46.838000000000001,0.5,0
cifar100_simplecnn,C0,362,1448,267,1,0.7477220077220077,45.198,0.40000000000000002,0.050000000000000003
cifar100_simplecnn,C0,363,1452,34,1,0.8123166023166023,45.786000000000001,0.59999999999999998,0.10000000000000001
cifar100_simplecnn,C0,364,1456,255,1,0.81833976833976829,47.269999999999996,0.5,0
cifar100_simplecnn,C0,365,1460,43,1,0.81621621621621609,46.549999999999997,0.59999999999999998,0.050000000000000003
cifar100_simplecnn,C0,366,1464,233.5,1,0.77108108108108109,45.980000000000004,0.5,0.10000000000000001
cifar100_simplecnn,C0,367,1468,39.5,1,0.82247104247104252,45.667999999999999,0.65000000000000002,0.10000000000000001
cifar100_simplecnn,C0,368,1472,33.5,1,0.89320463320463317,47.902000000000001,0.65000000000000002,0
cifar100_simplecnn,C0,369,1476,41.5,1,0.84571428571428575,47.207999999999998,0.59999999999999998,0
cifar100_simplecnn,C0,370,1480,272.5,1,0.81583011583011589,47.244,0.45000000000000001,0
cifar100_simplecnn,C0,371,1484,274.5,1,0.7757915057915058,46.506,0.34999999999999998,0.050000000000000003
cifar100_simplecnn,C0,372,1488,291,1,0.8071814671814671,47.183999999999997,0.45000000000000001,0
cifar100_simplecnn,C0,373,1492,202.5,1,0.83482625482625483,47.488,0.55000000000000004,0
cifar100_simplecnn,C0,374,1496,32,1,0.87362934362934364,47.468000000000004,0.69999999999999996,0
cifar100_simplecnn,C0,375,1500,83.5,1,0.85687258687258683,47.757999999999996,0.59999999999999998,0
cifar100_simplecnn,C0,376,1504,300,1,0.78528957528957533,46.565999999999995,0.45000000000000001,0.050000000000000003
cifar100_simplecnn,C0,377,1508,50.5,1,0.84030888030888029,46.218000000000004,0.69999999999999996,0.050000000000000003
cifar100_simplecnn,C0,378,1512,40.5,1,0.83243243243243248,47.136000000000003,0.59999999999999998,0.050000000000000003
cifar100_simplecnn,C0,379,1516,44,1,0.87054054054054064,47.744,0.59999999999999998,0
cifar100_simplecnn,C0,380,1520,30.5,1,0.90509652509652516,47.945999999999998,0.80000000000000004,0
cifar100_simplecnn,C0,381,1524,41.5,1,0.8329729729729729,46.847999999999999,0.59999999999999998,0.050000000000000003
cifar100_simplecnn,C0,382,1528,34.5,1,0.88590733590733595,48.073999999999998,0.65000000000000002,0
cifar100_simplecnn,C0,383,1532,333,1,0.73521235521235517,45.676000000000002,0.40000000000000002,0.050000000000000003
cifar100_simplecnn,C0,384,1536,84,1,0.84895752895752907,47.630000000000003,0.59999999999999998,0
cifar100_simplecnn,C0,385,1540,155,1,0.8381853281853282,47.432000000000002,0.5,0
cifar100_simplecnn,C0,386,1544,267,1,0.7833590733590734,46.606000000000002,0.45000000000000001,0.050000000000000003
cifar100_simplecnn,C0,387,1548,33,1,0.87285714285714278,47.838000000000001,0.65000000000000002,0
cifar100_simplecnn,C0,388,1552,156.5,1,0.82644787644787654,47.444000000000003,0.5,0
cifar100_simplecnn,C0,389,1556,39.5,1,0.89158301158301145,48.013999999999996,0.65000000000000002,0
cifar100_simplecnn,C0,390,1560,34,1,0.88957528957528953,47.792000000000002,0.69999999999999996,0
cifar100_simplecnn,C0,391,1564,329.5,1,0.73424710424710427,45.582000000000001,0.34999999999999998,0
cifar100_simplecnn,C0,392,1568,124.5,1,0.86884169884169871,48.201999999999998,0.59999999999999998,0
cifar100_simplecnn,C0,393,1572,290,1,0.78131274131274131,46.817999999999998,0.34999999999999998,0
cifar100_simplecnn,C0,394,1576,36,1,0.84532818532818532,47.100000000000001,0.65000000000000002,0
cifar100_simplecnn,C0,395,1580,58,1,0.85127413127413121,47.387999999999998,0.55000000000000004,0
cifar100_simplecnn,C0,396,1584,173.5,1,0.8115830115830116,46.962000000000003,0.59999999999999998,0.050000000000000003
cifar100_simplecnn,C0,397,1588,295.5,1,0.78281853281853286,46.194000000000003,0.40000000000000002,0.050000000000000003
cifar100_simplecnn,C0,398,1592,142.5,1,0.78768339768339768,45.781999999999996,0.55000000000000004,0.050000000000000003
cifar100_simplecnn,C0,399,1596,99,1,0.83316602316602317,47.262,0.59999999999999998,0
cifar100_simplecnn,C0,400,1600,267,1,0.81984555984555985,47.474000000000004,0.45000000000000001,0
cifar100_simplecnn,C0,401,1604,36.5,1,0.86833976833976823,47.944000000000003,0.55000000000000004,0
cifar100_simplecnn,C0,402,1608,41,1,0.84903474903474907,47.091999999999999,0.59999999999999998,0.050000000000000003
cifar100_simplecnn,C0,403,1612,161,1,0.83803088803088799,47.404000000000003,0.55000000000000004,0.050000000000000003
cifar100_simplecnn,C0,404,1616,39,1,0.85911196911196908,47.474000000000004,0.59999999999999998,0
cifar100_simplecnn,C0,405,1620,38,1,0.83328185328185322,46.314,0.65000000000000002,0.050000000000000003
cifar100_simplecnn,C0,406,1624,75.5,1,0.8418532818532819,47.186,0.59999999999999998,0
cifar100_simplecnn,C0,407,1628,267,1,0.81193050193050187,47.018000000000001,0.45000000000000001,0
cifar100_simplecnn,C0,408,1632,36,1,0.90571428571428569,48.085999999999999,0.75,0
cifar100_simplecnn,C0,409,1636,40,1,0.90088803088803093,47.968000000000004,0.75,0
cifar100_simplecnn,C0,410,1640,153.5,1,0.84667953667953666,47.577999999999996,0.5,0
cifar100_simplecnn,C0,411,1644,37.5,1,0.87598455598455605,47.75,0.65000000000000002,0
cifar100_simplecnn,C0,412,1648,73,1,0.81552123552123545,46.792000000000002,0.59999999999999998,0.050000000000000003
cifar100_simplecnn,C0,413,1652,283,1,0.72837837837837838,44.804000000000002,0.5,0.050000000000000003
cifar100_simplecnn,C0,414,1656,32.5,1,0.89200772200772194,47.704000000000001,0.69999999999999996,0
cifar100_simplecnn,C0,415,1660,38,1,0.85930501930501924,47.527999999999999,0.65000000000000002,0.050000000000000003
cifar100_simplecnn,C0,416,1664,36.5,1,0.83498069498069505,46.899999999999999,0.65000000000000002,0.050000000000000003
cifar100_simplecnn,C0,417,1668,333,1,0.78787644787644795,47.277999999999999,0.29999999999999999,0
cifar100_simplecnn,C0,418,1672,160.5,1,0.80664092664092668,47.094000000000001,0.5,0
cifar100_simplecnn,C0,419,1676,33,1,0.90822393822393832,47.600000000000001,0.80000000000000004,0
cifar100_simplecnn,C0,420,1680,34,1,0.89444015444015457,47.457999999999998,0.75,0.050000000000000003
cifar100_simplecnn,C0,421,1684,147.5,1,0.85853281853281849,47.82,0.5,0
cifar100_simplecnn,C0,422,1688,32,1,0.90424710424710431,48.256,0.69999999999999996,0
cifar100_simplecnn,C0,423,1692,267,1,0.81888030888030894,47.427999999999997,0.45000000000000001,0
cifar100_simplecnn,C0,424,1696,192,1,0.84718146718146714,47.936,0.5,0
cifar100_simplecnn,C0,425,1700,39.5,1,0.85899613899613902,47.417999999999999,0.65000000000000002,0
cifar100_simplecnn,C0,426,1704,30.5,1,0.92343629343629341,48.072000000000003,0.84999999999999998,0
cifar100_simplecnn,C0,427,1708,34.5,1,0.92949806949806946,48.213999999999999,0.80000000000000004,0
cifar100_simplecnn,C0,428,1712,40,1,0.87054054054054064,47.810000000000002,0.59999999999999998,0
cifar100_simplecnn,C0,429,1716,36.5,1,0.82884169884169889,46.832000000000001,0.55000000000000004,0.050000000000000003
cifar100_simplecnn,C0,430,1720,41,1,0.84810810810810811,47.454000000000001,0.59999999999999998,0
cifar100_simplecnn,C0,431,1724,124.5,1,0.86312741312741303,47.939999999999998,0.59999999999999998,0
cifar100_simplecnn,C0,432,1728,128.5,1,0.84729729729729741,47.719999999999999,0.59999999999999998,0
cifar100_simplecnn,C0,433,1732,38,1,0.85625482625482618,47.366,0.69999999999999996,0
cifar100_simplecnn,C0,434,1736,37.5,1,0.89756756756756761,48.103999999999999,0.69999999999999996,0
cifar100_simplecnn,C0,435,1740,267,1,0.79046332046332046,46.622,0.40000000000000002,0.050000000000000003
cifar100_simplecnn,C0,436,1744,36.5,1,0.88907335907335905,47.893999999999998,0.69999999999999996,0
cifar100_simplecnn,C0,437,1748,36,1,0.8785328185328185,47.847999999999999,0.59999999999999998,0
cifar100_simplecnn,C0,438,1752,28,1,0.90386100386100376,48.013999999999996,0.69999999999999996,0
cifar100_simplecnn,C0,439,1756,33,1,0.90027027027027029,48.170000000000002,0.69999999999999996,0
cifar100_simplecnn,C0,440,1760,120.5,1,0.82277992277992273,47.072000000000003,0.59999999999999998,0
cifar100_simplecnn,C0,441,1764,43,1,0.84652509652509644,47.239999999999995,0.69999999999999996,0.050000000000000003
cifar100_simplecnn,C0,442,1768,50,1,0.86918918918918919,47.859999999999999,0.59999999999999998,0
cifar100_simplecnn,C0,443,1772,31,1,0.945907335907336,48.398000000000003,0.84999999999999998,0
cifar100_simplecnn,C0,444,1776,36.5,1,0.91220077220077234,48.344000000000001,0.69999999999999996,0
cifar100_simplecnn,C0,445,1780,267,1,0.83687258687258692,47.673999999999999,0.45000000000000001,0
cifar100_simplecnn,C0,446,1784,41.5,1,0.88637065637065626,47.692,0.75,0
cifar100_simplecnn,C0,447,1788,42,1,0.85857142857142854,47.549999999999997,0.59999999999999998,0
cifar100_simplecnn,C0,448,1792,38.5,1,0.8647104247104247,46.804000000000002,0.65000000000000002,0.050000000000000003
cifar100_simplecnn,C0,449,1796,290,1,0.7902702702702703,47.082000000000001,0.34999999999999998,0
cifar100_simplecnn,C0,450,1800,155,1,0.82359073359073354,47.146000000000001,0.5,0
cifar100_simplecnn,C0,451,1804,42.5,1,0.90274131274131286,48.218000000000004,0.75,0
cifar100_simplecnn,C0,452,1808,42,1,0.83274131274131269,46.594000000000001,0.65000000000000002,0
cifar100_simplecnn,C0,453,1812,32,1,0.91285714285714281,48.128,0.84999999999999998,0
cifar100_simplecnn,C0,454,1816,40,1,0.86498069498069496,47.566000000000003,0.65000000000000002,0
cifar100_simplecnn,C0,455,1820,233.5,1,0.85243243243243239,47.786000000000001,0.55000000000000004,0
cifar100_simplecnn,C0,456,1824,35.5,1,0.88675675675675669,47.938000000000002,0.69999999999999996,0
cifar100_simplecnn,C0,457,1828,41.5,1,0.80428571428571427,46.183999999999997,0.59999999999999998,0.10000000000000001
cifar100_simplecnn,C0,458,1832,267,1,0.8304633204633205,47.345999999999997,0.45000000000000001,0
cifar100_simplecnn,C0,459,1836,300,1,0.76065637065637071,46.277999999999999,0.40000000000000002,0.050000000000000003
cifar100_simplecnn,C0,460,1840,39,1,0.83166023166023173,46.844000000000001,0.59999999999999998,0.050000000000000003
cifar100_simplecnn,C0,461,1844,41,1,0.88169884169884172,47.850000000000001,0.69999999999999996,0
cifar100_simplecnn,C0,462,1848,267,1,0.81555984555984562,47.298000000000002,0.40000000000000002,0.050000000000000003
cifar100_simplecnn,C0,463,1852,192,1,0.83042471042471033,47.341999999999999,0.5,0
cifar100_simplecnn,C0,464,1856,35,1,0.88135135135135134,47.845999999999997,0.69999999999999996,0
cifar100_simplecnn,C0,465,1860,27,1,0.92768339768339769,48.089999999999996,0.80000000000000004,0
cifar100_simplecnn,C0,466,1864,274.5,1,0.79285714285714293,46.545999999999999,0.45000000000000001,0.050000000000000003
cifar100_simplecnn,C0,467,1868,42,1,0.87054054054054064,47.68,0.69999999999999996,0
cifar100_simplecnn,C0,468,1872,40,1,0.91679536679536677,48.327999999999996,0.75,0
cifar100_simplecnn,C0,469,1876,318.5,1,0.77528957528957521,46.847999999999999,0.29999999999999999,0
cifar100_simplecnn,C0,470,1880,40.5,1,0.82671814671814681,46.926000000000002,0.55000000000000004,0.050000000000000003
cifar100_simplecnn,C0,471,1884,37.5,1,0.91054054054054046,48.183999999999997,0.75,0
cifar100_simplecnn,C0,472,1888,170,1,0.74787644787644791,44.254000000000005,0.55000000000000004,0.10000000000000001
cifar100_simplecnn,C0,473,1892,39,1,0.86490347490347497,47.571999999999996,0.59999999999999998,0
cifar100_simplecnn,C0,474,1896,38.5,1,0.86683397683397678,47.748000000000005,0.59999999999999998,0
cifar100_simplecnn,C0,475,1900,91,1,0.84181467181467173,47.402000000000001,0.55000000000000004,0.050000000000000003
cifar100_simplecnn,C0,476,1904,58,1,0.85806949806949806,47.700000000000003,0.55000000000000004,0
cifar100_simplecnn,C0,477,1908,267,1,0.82301158301158295,47.265999999999998,0.40000000000000002,0.050000000000000003
cifar100_simplecnn,C0,478,1912,71.5,1,0.84787644787644789,47.332000000000001,0.55000000000000004,0
cifar100_simplecnn,C0,479,1916,267,1,0.82513513513513514,47.772000000000006,0.34999999999999998,0
cifar100_simplecnn,C0,480,1920,300,1,0.78687258687258688,46.561999999999998,0.40000000000000002,0.050000000000000003
cifar100_simplecnn,C0,481,1924,155,1,0.80579150579150571,46.799999999999997,0.5,0.050000000000000003
cifar100_simplecnn,C0,482,1928,30.5,1,0.86613899613899614,47.463999999999999,0.65000000000000002,0
cifar100_simplecnn,C0,483,1932,40,1,0.87528957528957529,47.910000000000004,0.59999999999999998,0
cifar100_simplecnn,C0,484,1936,36,1,0.85046332046332052,47.286000000000001,0.59999999999999998,0
cifar100_simplecnn,C0,485,1940,43,1,0.87274131274131272,47.774000000000001,0.65000000000000002,0
cifar100_simplecnn,C0,486,1944,42.5,1,0.88463320463320461,47.881999999999998,0.65000000000000002,0
cifar100_simplecnn,C0,487,1948,34.5,1,0.88926640926640932,47.756,0.69999999999999996,0
cifar100_simplecnn,C0,488,1952,38,1,0.84698841698841698,47.359999999999999,0.59999999999999998,0.050000000000000003
cifar100_simplecnn,C0,489,1956,29,1,0.90420849420849425,48.106000000000002,0.69999999999999996,0
cifar100_simplecnn,C0,490,1960,37.5,1,0.87428571428571433,47.827999999999996,0.65000000000000002,0
cifar100_simplecnn,C0,491,1964,267,1,0.80945945945945952,47.316000000000003,0.40000000000000002,0.050000000000000003
cifar100_simplecnn,C0,492,1968,29,1,0.88104247104247102,47.433999999999997,0.69999999999999996,0.050000000000000003
cifar100_simplecnn,C0,493,1972,42,1,0.83111969111969108,46.5,0.59999999999999998,0.050000000000000003
cifar100_simplecnn,C0,494,1976,323,1,0.80737451737451738,47.332000000000001,0.45000000000000001,0
cifar100_simplecnn,C0,495,1980,155,1,0.81131274131274134,47.052,0.5,0
cifar100_simplecnn,C0,496,1984,32.5,1,0.89498069498069499,47.853999999999999,0.69999999999999996,0
cifar100_simplecnn,C0,497,1988,54,1,0.81957528957528969,46.432000000000002,0.59999999999999998,0.050000000000000003
cifar100_simplecnn,C0,498,1992,38.5,1,0.8853667953667953,47.769999999999996,0.65000000000000002,0
cifar100_simplecnn,C0,499,1996,40.5,1,0.87799227799227797,47.844000000000001,0.59999999999999998,0
cifar100_simplecnn,C0,500,2000,199,1,0.83725868725868724,47.539999999999999,0.5,0
cifar100_simplecnn,C0,501,2004,33,1,0.92980694980694989,48.265999999999998,0.84999999999999998,0
cifar100_simplecnn,C0,502,2008,261,1,0.83521235521235526,47.606000000000002,0.45000000000000001,0
cifar100_simplecnn,C0,503,2012,41.5,1,0.85490347490347496,47.667999999999999,0.65000000000000002,0
cifar100_simplecnn,C0,504,2016,39.5,1,0.89737451737451734,47.956000000000003,0.80000000000000004,0
cifar100_simplecnn,C0,505,2020,33,1,0.88521235521235531,47.805999999999997,0.65000000000000002,0
cifar100_simplecnn,C0,506,2024,42,1,0.88764478764478771,48.201999999999998,0.59999999999999998,0
cifar100_simplecnn,C0,507,2028,35.5,1,0.89436293436293435,47.957999999999998,0.69999999999999996,0
cifar100_simplecnn,C0,508,2032,41.5,1,0.87822393822393818,48.136000000000003,0.59999999999999998,0
cifar100_simplecnn,C0,509,2036,38,1,0.85316602316602308,47.323999999999998,0.65000000000000002,0
cifar100_simplecnn,C0,510,2040,267,1,0.83710424710424713,47.673999999999999,0.45000000000000001,0
cifar100_simplecnn,C0,511,2044,33.5,1,0.9323938223938224,48.415999999999997,0.80000000000000004,0
cifar100_simplecnn,C0,512,2048,34,1,0.91420849420849426,48.013999999999996,0.75,0
cifar100_simplecnn,C1,1,4,563,563,0.48440154440154437,37.890000000000001,0.14999999999999999,0.34999999999999998
cifar100_simplecnn,C1,2,8,506.5,346,0.616988416988417,43.225999999999999,0.29999999999999999,0.10000000000000001
cifar100_simplecnn,C1,3,12,627.5,270.5,0.53428571428571425,40.233999999999995,0.20000000000000001,0.20000000000000001
cifar100_simplecnn,C1,4,16,425.5,151,0.57563706563706563,40.786000000000001,0.25,0.29999999999999999
cifar100_simplecnn,C1,5,20,364,126.5,0.60864864864864865,42.510000000000005,0.29999999999999999,0.20000000000000001
cifar100_simplecnn,C1,6,24,343,126.5,0.59957528957528949,41.198,0.25,0.20000000000000001
cifar100_simplecnn,C1,7,28,528.5,108,0.54424710424710421,41.357999999999997,0.14999999999999999,0.14999999999999999
cifar100_simplecnn,C1,8,32,649,108,0.50216216216216214,40.498000000000005,0.10000000000000001,0.20000000000000001
cifar100_simplecnn,C1,9,36,387.5,97,0.61942084942084941,42.704000000000001,0.20000000000000001,0.10000000000000001
cifar100_simplecnn,C1,10,40,471.5,74.5,0.62258687258687262,43.634,0.20000000000000001,0.14999999999999999
cifar100_simplecnn,C1,11,44,652.5,44,0.55440154440154443,41.335999999999999,0.20000000000000001,0.25
cifar100_simplecnn,C1,12,48,372.5,44,0.61965250965250962,43.284000000000006,0.25,0.20000000000000001
cifar100_simplecnn,C1,13,52,556,34.5,0.58498069498069494,42.210000000000001,0.25,0.20000000000000001
cifar100_simplecnn,C1,14,56,313.5,34.5,0.5684169884169884,39.630000000000003,0.34999999999999998,0.40000000000000002
cifar100_simplecnn,C1,15,60,557,28,0.57266409266409268,41.795999999999999,0.20000000000000001,0.29999999999999999
cifar100_simplecnn,C1,16,64,307.5,27,0.68316602316602315,44.408000000000001,0.5,0.10000000000000001
cifar100_simplecnn,C1,17,68,643,27,0.53154440154440152,41.619999999999997,0.14999999999999999,0.14999999999999999
cifar100_simplecnn,C1,18,72,560,27,0.57548262548262552,41.143999999999998,0.25,0.25
cifar100_simplecnn,C1,19,76,553.5,27,0.58378378378378382,41.422000000000004,0.25,0.14999999999999999
cifar100_simplecnn,C1,20,80,496.5,25.5,0.54293436293436292,39.957999999999998,0.14999999999999999,0.25
cifar100_simplecnn,C1,21,84,313,25.5,0.6701930501930502,43.905999999999999,0.40000000000000002,0.14999999999999999
cifar100_simplecnn,C1,22,88,581,25.5,0.52683397683397681,40.719999999999999,0.14999999999999999,0.25
cifar100_simplecnn,C1,23,92,663.5,23.5,0.53003861003861008,39.998000000000005,0.25,0.29999999999999999
cifar100_simplecnn,C1,24,96,389,21,0.61073359073359079,41.616,0.45000000000000001,0.25
cifar100_simplecnn,C1,25,100,449,21,0.6437451737451737,43.694000000000003,0.29999999999999999,0.20000000000000001
cifar100_simplecnn,C1,26,104,393.5,21,0.62903474903474899,43.492000000000004,0.25,0.10000000000000001
cifar100_simplecnn,C1,27,108,626.5,17,0.51343629343629349,39.477999999999994,0.25,0.29999999999999999
cifar100_simplecnn,C1,28,112,415,17,0.60216216216216212,42.667999999999999,0.25,0.20000000000000001
cifar100_simplecnn,C1,29,116,567.5,17,0.54733590733590731,41.170000000000002,0.25,0.29999999999999999
cifar100_simplecnn,C1,30,120,650.5,17,0.51691119691119691,40.260000000000005,0.10000000000000001,0.29999999999999999
cifar100_simplecnn,C1,31,124,581,17,0.53274131274131276,41.012,0.25,0.25
cifar100_simplecnn,C1,32,128,371,17,0.65096525096525093,43.694000000000003,0.45000000000000001,0.14999999999999999
cifar100_simplecnn,C1,33,132,254.5,17,0.70891891891891889,45.287999999999997,0.5,0.10000000000000001
cifar100_simplecnn,C1,34,136,341.5,17,0.6688803088803088,43.834000000000003,0.40000000000000002,0.10000000000000001
cifar100_simplecnn,C1,35,140,237,17,0.7711583011583012,46.642000000000003,0.55000000000000004,0.050000000000000003
cifar100_simplecnn,C1,36,144,478.5,17,0.62119691119691123,43.631999999999998,0.20000000000000001,0.10000000000000001
cifar100_simplecnn,C1,37,148,436,17,0.57640926640926637,41.898000000000003,0.14999999999999999,0.25
cifar100_simplecnn,C1,38,152,372.5,17,0.6458687258687259,43.494,0.29999999999999999,0.20000000000000001
cifar100_simplecnn,C1,39,156,539.5,17,0.57853281853281857,41.474000000000004,0.25,0.25
cifar100_simplecnn,C1,40,160,318.5,14,0.66158301158301158,43.839999999999996,0.25,0.10000000000000001
cifar100_simplecnn,C1,41,164,406,14,0.60528957528957528,42.106000000000002,0.34999999999999998,0.14999999999999999
cifar100_simplecnn,C1,42,168,377,14,0.61378378378378373,42.660000000000004,0.29999999999999999,0.20000000000000001
cifar100_simplecnn,C1,43,172,495.5,14,0.63965250965250964,43.642000000000003,0.29999999999999999,0.050000000000000003
cifar100_simplecnn,C1,44,176,312,10.5,0.69166023166023161,44.603999999999999,0.45000000000000001,0.14999999999999999
cifar100_simplecnn,C1,45,180,448.5,10.5,0.60768339768339774,42.122,0.40000000000000002,0.25
cifar100_simplecnn,C1,46,184,417,10.5,0.62911196911196909,43.398000000000003,0.34999999999999998,0.14999999999999999
cifar100_simplecnn,C1,47,188,295,10.5,0.70938223938223932,44.501999999999995,0.45000000000000001,0.10000000000000001
cifar100_simplecnn,C1,48,192,317.5,10.5,0.66308880308880302,43.504000000000005,0.40000000000000002,0.14999999999999999
cifar100_simplecnn,C1,49,196,407.5,10.5,0.65644787644787639,44.189999999999998,0.34999999999999998,0.050000000000000003
cifar100_simplecnn,C1,50,200,306,10.5,0.69482625482625482,44.167999999999999,0.34999999999999998,0.10000000000000001
cifar100_simplecnn,C1,51,204,279,10.5,0.69544401544401546,44.676000000000002,0.45000000000000001,0.10000000000000001
cifar100_simplecnn,C1,52,208,410,10.5,0.64308880308880312,43.815999999999995,0.40000000000000002,0.10000000000000001
cifar100_simplecnn,C1,53,212,321.5,10.5,0.68359073359073352,43.676000000000002,0.45000000000000001,0.20000000000000001
cifar100_simplecnn,C1,54,216,210,10.5,0.76007722007722012,46.317999999999998,0.55000000000000004,0.050000000000000003
cifar100_simplecnn,C1,55,220,260.5,10.5,0.69629343629343632,44.088000000000001,0.5,0.14999999999999999
cifar100_simplecnn,C1,56,224,282,10.5,0.6604247104247104,43.528000000000006,0.45000000000000001,0.14999999999999999
cifar100_simplecnn,C1,57,228,534,10.5,0.6214671814671815,43.829999999999998,0.29999999999999999,0.10000000000000001
cifar100_simplecnn,C1,58,232,316.5,10.5,0.70455598455598456,45.689999999999998,0.40000000000000002,0.050000000000000003
cifar100_simplecnn,C1,59,236,333,10.5,0.64455598455598451,43.201999999999998,0.40000000000000002,0.14999999999999999
cifar100_simplecnn,C1,60,240,254.5,7.5,0.73173745173745175,45.607999999999997,0.5,0.050000000000000003
cifar100_simplecnn,C1,61,244,387.5,7.5,0.62938223938223936,43.366,0.29999999999999999,0.10000000000000001
cifar100_simplecnn,C1,62,248,545.5,7.5,0.60525096525096522,42.694000000000003,0.34999999999999998,0.14999999999999999
cifar100_simplecnn,C1,63,252,218,6.5,0.68023166023166026,43.082000000000001,0.55000000000000004,0.20000000000000001
cifar100_simplecnn,C1,64,256,299.5,6.5,0.68096525096525096,44.262,0.40000000000000002,0.10000000000000001
cifar100_simplecnn,C1,65,260,223,6.5,0.73675675675675678,45.986000000000004,0.55000000000000004,0.050000000000000003
cifar100_simplecnn,C1,66,264,228.5,6.5,0.71876447876447869,44.799999999999997,0.59999999999999998,0.10000000000000001
cifar100_simplecnn,C1,67,268,314,6.5,0.69806949806949814,45.186,0.5,0.10000000000000001
cifar100_simplecnn,C1,68,272,197,6.5,0.83768339768339772,48.073999999999998,0.75,0
cifar100_simplecnn,C1,69,276,398,6.5,0.66081081081081083,44.239999999999995,0.45000000000000001,0.14999999999999999
cifar100_simplecnn,C1,70,280,383.5,6.5,0.63996138996138996,44.219999999999999,0.34999999999999998,0.14999999999999999
cifar100_simplecnn,C1,71,284,310.5,6.5,0.7189189189189189,45.393999999999998,0.40000000000000002,0.050000000000000003
cifar100_simplecnn,C1,72,288,586.5,6.5,0.55945945945945952,41.317999999999998,0.14999999999999999,0.25
cifar100_simplecnn,C1,73,292,252.5,6.5,0.7400772200772201,46.039999999999999,0.5,0.050000000000000003
cifar100_simplecnn,C1,74,296,299,6.5,0.7416216216216216,46.263999999999996,0.45000000000000001,0
cifar100_simplecnn,C1,75,300,216,6.5,0.78953667953667961,47.308,0.65000000000000002,0.050000000000000003
cifar100_simplecnn,C1,76,304,249,6.5,0.71764478764478767,46.192,0.55000000000000004,0.10000000000000001
cifar100_simplecnn,C1,77,308,255,6.5,0.74613899613899615,46.856000000000002,0.45000000000000001,0.050000000000000003
cifar100_simplecnn,C1,78,312,233,6.5,0.76362934362934365,46.527999999999999,0.55000000000000004,0.050000000000000003
cifar100_simplecnn,C1,79,316,259.5,6.5,0.72389961389961388,45.634,0.5,0.050000000000000003
cifar100_simplecnn,C1,80,320,204,6.5,0.77783783783783789,46.68,0.65000000000000002,0.10000000000000001
cifar100_simplecnn,C1,81,324,236,6.5,0.71594594594594585,45.643999999999998,0.55000000000000004,0.10000000000000001
cifar100_simplecnn,C1,82,328,254.5,6.5,0.74227799227799229,46.759999999999998,0.5,0
cifar100_simplecnn,C1,83,332,237,6.5,0.70335907335907333,44.689999999999998,0.59999999999999998,0.14999999999999999
cifar100_simplecnn,C1,84,336,238,6.5,0.67528957528957534,43.555999999999997,0.55000000000000004,0.14999999999999999
cifar100_simplecnn,C1,85,340,248.5,6.5,0.80061776061776069,47.601999999999997,0.55000000000000004,0
cifar100_simplecnn,C1,86,344,200,6.5,0.80814671814671812,47.567999999999998,0.80000000000000004,0
cifar100_simplecnn,C1,87,348,227,6.5,0.77339768339768333,46.488,0.65000000000000002,0.050000000000000003
cifar100_simplecnn,C1,88,352,229,6.5,0.77158301158301157,46.886000000000003,0.59999999999999998,0
cifar100_simplecnn,C1,89,356,246,6.5,0.75586872586872589,46.792000000000002,0.55000000000000004,0.050000000000000003
cifar100_simplecnn,C1,90,360,241.5,6.5,0.7751351351351351,47.053999999999995,0.75,0.10000000000000001
cifar100_simplecnn,C1,91,364,200,6.5,0.7272200772200772,44.474000000000004,0.59999999999999998,0.14999999999999999
cifar100_simplecnn,C1,92,368,254.5,6.5,0.66370656370656378,43.136000000000003,0.5,0.20000000000000001
cifar100_simplecnn,C1,93,372,171.5,6.5,0.77783783783783789,45.805999999999997,0.69999999999999996,0.10000000000000001
cifar100_simplecnn,C1,94,376,243,6.5,0.70729729729729729,44.917999999999999,0.59999999999999998,0.20000000000000001
cifar100_simplecnn,C1,95,380,253.5,6.5,0.68042471042471042,44.118000000000002,0.5,0.14999999999999999
cifar100_simplecnn,C1,96,384,246.5,6.5,0.74513513513513518,46.064,0.55000000000000004,0.050000000000000003
cifar100_simplecnn,C1,97,388,224.5,6.5,0.70069498069498071,44.18,0.75,0.14999999999999999
cifar100_simplecnn,C1,98,392,205.5,6.5,0.79868725868725865,46.948,0.69999999999999996,0.050000000000000003
cifar100_simplecnn,C1,99,396,252,6.5,0.72953667953667956,46.109999999999999,0.55000000000000004,0.050000000000000003
cifar100_simplecnn,C1,100,400,215.5,6.5,0.77019305019305018,46.872,0.75,0.10000000000000001
cifar100_simplecnn,C1,101,404,237,6.5,0.75718146718146717,46.772000000000006,0.65000000000000002,0.10000000000000001
cifar100_simplecnn,C1,102,408,203,6.5,0.72853281853281859,44.486000000000004,0.65000000000000002,0.14999999999999999
cifar100_simplecnn,C1,103,412,211.5,6.5,0.77606177606177607,46.278000000000006,0.59999999999999998,0.10000000000000001
cifar100_simplecnn,C1,104,416,248,6.5,0.71791505791505794,45,0.65000000000000002,0.14999999999999999
cifar100_simplecnn,C1,105,420,250,6.5,0.69254826254826252,45.143999999999998,0.55000000000000004,0.10000000000000001
cifar100_simplecnn,C1,106,424,317,6.5,0.72876447876447881,46.107999999999997,0.45000000000000001,0.10000000000000001
cifar100_simplecnn,C1,107,428,249,6.5,0.72312741312741313,45.567999999999998,0.55000000000000004,0.10000000000000001
cifar100_simplecnn,C1,108,432,202.5,6.5,0.74046332046332053,45.257999999999996,0.65000000000000002,0.20000000000000001
cifar100_simplecnn,C1,109,436,228.5,6.5,0.77027027027027029,46.938000000000002,0.69999999999999996,0
cifar100_simplecnn,C1,110,440,214.5,6.5,0.78428571428571425,47.224000000000004,0.65000000000000002,0
cifar100_simplecnn,C1,111,444,259.5,6.5,0.68220077220077224,44.396000000000001,0.5,0.20000000000000001
cifar100_simplecnn,C1,112,448,221.5,6.5,0.77656370656370655,47.176000000000002,0.65000000000000002,0
cifar100_simplecnn,C1,113,452,209.5,6.5,0.82409266409266413,48.066000000000003,0.90000000000000002,0.050000000000000003
cifar100_simplecnn,C1,114,456,206,6.5,0.79544401544401544,47.378,0.80000000000000004,0.050000000000000003
cifar100_simplecnn,C1,115,460,239.5,6.5,0.75328185328185326,46.862000000000002,0.65000000000000002,0.050000000000000003
cifar100_simplecnn,C1,116,464,243,6.5,0.79583011583011587,47.682000000000002,0.75,0
cifar100_simplecnn,C1,117,468,244,6.5,0.72992277992277987,45.892000000000003,0.59999999999999998,0.10000000000000001
cifar100_simplecnn,C1,118,472,206,6.5,0.8079150579150578,47.576000000000001,0.75,0.050000000000000003
cifar100_simplecnn,C1,119,476,204.5,6.5,0.80864864864864872,47.851999999999997,0.80000000000000004,0
cifar100_simplecnn,C1,120,480,202,6.5,0.83081081081081076,47.951999999999998,0.84999999999999998,0
cifar100_simplecnn,C1,121,484,224.5,6.5,0.82664092664092659,48.082000000000001,0.80000000000000004,0
cifar100_simplecnn,C1,122,488,209,6.5,0.80413127413127405,47.606000000000002,0.69999999999999996,0
cifar100_simplecnn,C1,123,492,209.5,6.5,0.80011583011582998,47.176000000000002,0.75,0.050000000000000003
cifar100_simplecnn,C1,124,496,244,6.5,0.73185328185328191,45.853999999999999,0.59999999999999998,0.10000000000000001
cifar100_simplecnn,C1,125,500,248,6.5,0.69003861003861,44.792000000000002,0.59999999999999998,0.14999999999999999
cifar100_simplecnn,C1,126,504,238.5,6.5,0.73590733590733592,45.823999999999998,0.59999999999999998,0.10000000000000001
cifar100_simplecnn,C1,127,508,232.5,6.5,0.77583011583011585,46.789999999999999,0.80000000000000004,0.050000000000000003
cifar100_simplecnn,C1,128,512,245.5,6.5,0.74776061776061775,45.821999999999996,0.59999999999999998,0.10000000000000001
cifar100_simplecnn,C1,129,516,267,6.5,0.71621621621621623,45.734000000000002,0.40000000000000002,0.050000000000000003
cifar100_simplecnn,C1,130,520,195,6.5,0.85691119691119688,48.618000000000002,0.84999999999999998,0
cifar100_simplecnn,C1,131,524,241.5,6.5,0.74903474903474909,46.130000000000003,0.75,0.10000000000000001
cifar100_simplecnn,C1,132,528,238.5,6.5,0.76362934362934365,47.073999999999998,0.75,0.050000000000000003
cifar100_simplecnn,C1,133,532,245,6.5,0.71872586872586874,44.811999999999998,0.59999999999999998,0.14999999999999999
cifar100_simplecnn,C1,134,536,249.5,6.5,0.76447876447876451,47.353999999999999,0.65000000000000002,0.050000000000000003
cifar100_simplecnn,C1,135,540,244,6.5,0.7508108108108108,46.472000000000001,0.59999999999999998,0.050000000000000003
cifar100_simplecnn,C1,136,544,226.5,6.5,0.82675675675675675,48.164000000000001,0.84999999999999998,0
cifar100_simplecnn,C1,137,548,209.5,6.5,0.78528957528957533,47.088000000000001,0.75,0.10000000000000001
cifar100_simplecnn,C1,138,552,211.5,6.5,0.80490347490347491,47.460000000000001,0.84999999999999998,0
cifar100_simplecnn,C1,139,556,246,6.5,0.76571428571428579,46.844000000000001,0.59999999999999998,0
cifar100_simplecnn,C1,140,560,188,6.5,0.84768339768339762,48.204000000000001,0.90000000000000002,0
cifar100_simplecnn,C1,141,564,225,6.5,0.78918918918918923,47.350000000000001,0.69999999999999996,0.050000000000000003
cifar100_simplecnn,C1,142,568,246,6.5,0.80189189189189192,48.067999999999998,0.75,0
cifar100_simplecnn,C1,143,572,210.5,6.5,0.80633204633204636,47.960000000000001,0.75,0
cifar100_simplecnn,C1,144,576,239.5,6.5,0.75583011583011583,46.869999999999997,0.69999999999999996,0
cifar100_simplecnn,C1,145,580,251.5,6.5,0.79478764478764474,48.091999999999999,0.65000000000000002,0
cifar100_simplecnn,C1,146,584,218.5,6.5,0.79965250965250967,46.751999999999995,0.80000000000000004,0.050000000000000003
cifar100_simplecnn,C1,147,588,241.5,6.5,0.74660231660231668,46.372,0.69999999999999996,0.10000000000000001
cifar100_simplecnn,C1,148,592,207.5,5.5,0.84633204633204639,48.618000000000002,0.90000000000000002,0
cifar100_simplecnn,C1,149,596,209.5,5.5,0.80934362934362925,47.869999999999997,0.84999999999999998,0
cifar100_simplecnn,C1,150,600,240,5.5,0.75922779922779926,46.787999999999997,0.75,0.10000000000000001
cifar100_simplecnn,C1,151,604,247,5.5,0.78119691119691115,47.754000000000005,0.69999999999999996,0
cifar100_simplecnn,C1,152,608,213,5.5,0.81084942084942091,47.642000000000003,0.84999999999999998,0.050000000000000003
cifar100_simplecnn,C1,153,612,206.5,5.5,0.78633204633204634,47.537999999999997,0.80000000000000004,0.050000000000000003
cifar100_simplecnn,C1,154,616,219,5.5,0.77084942084942087,46.619999999999997,0.75,0.050000000000000003
cifar100_simplecnn,C1,155,620,211.5,5.5,0.81447876447876444,48.100000000000001,0.90000000000000002,0
cifar100_simplecnn,C1,156,624,205.5,5.5,0.81212355212355214,47.969999999999999,0.80000000000000004,0
cifar100_simplecnn,C1,157,628,209.5,5.5,0.79312741312741308,46.751999999999995,0.80000000000000004,0.050000000000000003
cifar100_simplecnn,C1,158,632,204,5.5,0.82277992277992273,47.920000000000002,0.84999999999999998,0.050000000000000003
cifar100_simplecnn,C1,159,636,249.5,5.5,0.70424710424710424,45.201999999999998,0.59999999999999998,0.14999999999999999
cifar100_simplecnn,C1,160,640,227,5.5,0.79911196911196913,47.980000000000004,0.75,0
cifar100_simplecnn,C1,161,644,239.5,5.5,0.81610038610038615,48.329999999999998,0.90000000000000002,0
cifar100_simplecnn,C1,162,648,246,5.5,0.73864864864864865,46.016000000000005,0.80000000000000004,0.10000000000000001
cifar100_simplecnn,C1,163,652,231.5,5.5,0.81579150579150583,48.356000000000002,0.80000000000000004,0
cifar100_simplecnn,C1,164,656,239.5,5.5,0.791003861003861,47.531999999999996,0.84999999999999998,0.050000000000000003
cifar100_simplecnn,C1,165,660,207.5,5.5,0.79918918918918913,47.134,0.84999999999999998,0.050000000000000003
cifar100_simplecnn,C1,166,664,207.5,5.5,0.81154440154440155,48.097999999999999,0.90000000000000002,0.050000000000000003
cifar100_simplecnn,C1,167,668,243.5,5.5,0.79150579150579148,47.244,0.80000000000000004,0.050000000000000003
cifar100_simplecnn,C1,168,672,247.5,5.5,0.77135135135135136,47.302,0.59999999999999998,0
cifar100_simplecnn,C1,169,676,210,5.5,0.81949806949806947,48.230000000000004,0.80000000000000004,0
cifar100_simplecnn,C1,170,680,242.5,5.5,0.74714285714285711,46.295999999999999,0.75,0.10000000000000001
cifar100_simplecnn,C1,171,684,230,5.5,0.79347490347490346,47.688000000000002,0.80000000000000004,0
cifar100_simplecnn,C1,172,688,245,5.5,0.73505791505791507,46.143999999999998,0.69999999999999996,0.14999999999999999
cifar100_simplecnn,C1,173,692,245.5,5.5,0.79667953667953673,48.244,0.75,0
cifar100_simplecnn,C1,174,696,219.5,5.5,0.81861003861003867,48.420000000000002,0.84999999999999998,0
cifar100_simplecnn,C1,175,700,229,5.5,0.79853281853281854,47.869999999999997,0.84999999999999998,0
cifar100_simplecnn,C1,176,704,200.5,5.5,0.81926640926640926,48.036000000000001,0.80000000000000004,0
cifar100_simplecnn,C1,177,708,229,5.5,0.80177606177606187,48.060000000000002,0.90000000000000002,0.050000000000000003
cifar100_simplecnn,C1,178,712,212,5.5,0.8122393822393823,48.028000000000006,0.75,0
cifar100_simplecnn,C1,179,716,223,5.5,0.83559845559845558,48.673999999999999,0.94999999999999996,0
cifar100_simplecnn,C1,180,720,213,5.5,0.82718146718146723,48.539999999999999,0.84999999999999998,0
cifar100_simplecnn,C1,181,724,212,5.5,0.81208494208494209,48.042000000000002,0.84999999999999998,0.050000000000000003
cifar100_simplecnn,C1,182,728,210.5,5.5,0.84540540540540543,48.736000000000004,0.94999999999999996,0
cifar100_simplecnn,C1,183,732,241,5.5,0.83069498069498082,48.392000000000003,0.80000000000000004,0
cifar100_simplecnn,C1,184,736,243.5,5.5,0.79567567567567576,48.130000000000003,0.84999999999999998,0
cifar100_simplecnn,C1,185,740,245.5,5.5,0.73733590733590737,46.295999999999999,0.75,0.050000000000000003
cifar100_simplecnn,C1,186,744,244,5.5,0.77027027027027029,47.346000000000004,0.69999999999999996,0.050000000000000003
cifar100_simplecnn,C1,187,748,220.5,5.5,0.79980694980694977,47.736000000000004,0.84999999999999998,0.050000000000000003
cifar100_simplecnn,C1,188,752,249.5,5.5,0.77305019305019307,47.286000000000001,0.65000000000000002,0
cifar100_simplecnn,C1,189,756,233.5,5.5,0.81471042471042465,48.308,0.90000000000000002,0
cifar100_simplecnn,C1,190,760,244.5,5.5,0.80822393822393823,48.224000000000004,0.84999999999999998,0
cifar100_simplecnn,C1,191,764,210.5,5.5,0.8084942084942085,47.793999999999997,0.80000000000000004,0.050000000000000003
cifar100_simplecnn,C1,192,768,240.5,5.5,0.8047490347490347,48.101999999999997,0.90000000000000002,0
cifar100_simplecnn,C1,193,772,224,5.5,0.79312741312741308,47.905999999999999,0.84999999999999998,0
cifar100_simplecnn,C1,194,776,210.5,5.5,0.8243629343629344,48.474000000000004,0.84999999999999998,0
cifar100_simplecnn,C1,195,780,213,5.5,0.82756756756756755,48.707999999999998,0.94999999999999996,0
cifar100_simplecnn,C1,196,784,211.5,5.5,0.81204633204633203,47.920000000000002,0.90000000000000002,0.050000000000000003
cifar100_simplecnn,C1,197,788,245,5.5,0.80571428571428572,48.362000000000002,0.84999999999999998,0
cifar100_simplecnn,C1,198,792,207,5.5,0.83722007722007719,48.704000000000001,0.94999999999999996,0
cifar100_simplecnn,C1,199,796,217.5,5.5,0.83482625482625483,48.857999999999997,1,0
cifar100_simplecnn,C1,200,800,251.5,5.5,0.76046332046332044,47.332000000000001,0.69999999999999996,0
cifar100_simplecnn,C1,201,804,236.5,5.5,0.79046332046332046,47.763999999999996,0.84999999999999998,0.050000000000000003
cifar100_simplecnn,C1,202,808,218,5.5,0.81293436293436305,48.280000000000001,0.84999999999999998,0
cifar100_simplecnn,C1,203,812,250.5,5.5,0.80208494208494208,48.387999999999998,0.84999999999999998,0
cifar100_simplecnn,C1,204,816,243,5.5,0.77586872586872579,46.963999999999999,0.75,0.050000000000000003
cifar100_simplecnn,C1,205,820,252,5.5,0.77760617760617756,47.338000000000001,0.80000000000000004,0.10000000000000001
cifar100_simplecnn,C1,206,824,224,5.5,0.7924710424710425,47.295999999999999,0.80000000000000004,0.050000000000000003
cifar100_simplecnn,C1,207,828,206.5,5.5,0.81602316602316605,48.045999999999999,0.80000000000000004,0
cifar100_simplecnn,C1,208,832,211,5.5,0.82722007722007729,48.466000000000001,0.84999999999999998,0
cifar100_simplecnn,C1,209,836,225.5,5.5,0.8281081081081082,48.676000000000002,0.84999999999999998,0
cifar100_simplecnn,C1,210,840,215,5.5,0.81714285714285706,48.190000000000005,0.90000000000000002,0
cifar100_simplecnn,C1,211,844,246,5.5,0.80274131274131277,47.853999999999999,0.75,0.050000000000000003
cifar100_simplecnn,C1,212,848,206,5.5,0.81841698841698851,48.136000000000003,0.90000000000000002,0.050000000000000003
cifar100_simplecnn,C1,213,852,239.5,5.5,0.82536679536679536,48.686,0.94999999999999996,0
cifar100_simplecnn,C1,214,856,210,5.5,0.81023166023166016,48.043999999999997,0.84999999999999998,0
cifar100_simplecnn,C1,215,860,247.5,5.5,0.81575289575289567,48.516000000000005,0.94999999999999996,0
cifar100_simplecnn,C1,216,864,243.5,5.5,0.81706563706563706,48.432000000000002,0.75,0
cifar100_simplecnn,C1,217,868,225,5.5,0.82664092664092659,48.613999999999997,0.84999999999999998,0
cifar100_simplecnn,C1,218,872,212,5.5,0.79559845559845566,47.066000000000003,0.80000000000000004,0.050000000000000003
cifar100_simplecnn,C1,219,876,213,5.5,0.81111969111969118,48.305999999999997,0.84999999999999998,0
cifar100_simplecnn,C1,220,880,202,5.5,0.7818918918918919,46.616,0.84999999999999998,0.050000000000000003
cifar100_simplecnn,C1,221,884,230,5.5,0.83795366795366788,48.730000000000004,1,0
cifar100_simplecnn,C1,222,888,228.5,5.5,0.80440154440154443,47.372,0.90000000000000002,0.050000000000000003
cifar100_simplecnn,C1,223,892,248.5,5.5,0.80235521235521234,48.298000000000002,0.75,0
cifar100_simplecnn,C1,224,896,243.5,5.5,0.81656370656370658,48.595999999999997,0.84999999999999998,0
cifar100_simplecnn,C1,225,900,212,5.5,0.79444015444015448,47.810000000000002,0.84999999999999998,0.050000000000000003
cifar100_simplecnn,C1,226,904,221,5.5,0.7979150579150579,47.466000000000001,0.90000000000000002,0.050000000000000003
cifar100_simplecnn,C1,227,908,209.5,5.5,0.83837837837837836,48.744,1,0
cifar100_simplecnn,C1,228,912,243,5.5,0.80208494208494208,48.067999999999998,0.69999999999999996,0
cifar100_simplecnn,C1,229,916,246.5,5.5,0.80833976833976828,48.359999999999999,0.84999999999999998,0
cifar100_simplecnn,C1,230,920,228.5,5.5,0.79714285714285715,47.910000000000004,0.80000000000000004,0
cifar100_simplecnn,C1,231,924,243,5.5,0.80953667953667952,48.357999999999997,0.94999999999999996,0
cifar100_simplecnn,C1,232,928,241,5.5,0.81822393822393824,48.528000000000006,0.84999999999999998,0
cifar100_simplecnn,C1,233,932,250,5.5,0.78239382239382249,47.591999999999999,0.80000000000000004,0.050000000000000003
cifar100_simplecnn,C1,234,936,240.5,5.5,0.76660231660231659,46.811999999999998,0.84999999999999998,0.10000000000000001
cifar100_simplecnn,C1,235,940,240.5,5.5,0.81888030888030894,48.596000000000004,0.94999999999999996,0
cifar100_simplecnn,C1,236,944,251,5.5,0.80374517374517374,48.374000000000002,0.90000000000000002,0
cifar100_simplecnn,C1,237,948,231,5.5,0.8078378378378378,48.218000000000004,0.84999999999999998,0
cifar100_simplecnn,C1,238,952,210.5,5.5,0.83397683397683386,48.828000000000003,0.94999999999999996,0
cifar100_simplecnn,C1,239,956,250.5,5.5,0.7706563706563706,47.492000000000004,0.84999999999999998,0.10000000000000001
cifar100_simplecnn,C1,240,960,244,5.5,0.78409266409266409,47.774000000000001,0.80000000000000004,0
cifar100_simplecnn,C1,241,964,210.5,5.5,0.83015444015444007,48.840000000000003,1,0
cifar100_simplecnn,C1,242,968,243,5.5,0.82675675675675675,48.850000000000001,1,0
cifar100_simplecnn,C1,243,972,222,5.5,0.83702702702702703,48.817999999999998,1,0
cifar100_simplecnn,C1,244,976,236.5,5.5,0.80822393822393823,48.416000000000004,0.90000000000000002,0
cifar100_simplecnn,C1,245,980,211,5.5,0.80787644787644786,47.969999999999999,0.84999999999999998,0.050000000000000003
cifar100_simplecnn,C1,246,984,236.5,5.5,0.83150579150579151,48.872,1,0
cifar100_simplecnn,C1,247,988,213,5.5,0.81281853281853278,48.079999999999998,0.90000000000000002,0.050000000000000003
cifar100_simplecnn,C1,248,992,251.5,5.5,0.78451737451737447,47.706000000000003,0.75,0
cifar100_simplecnn,C1,249,996,211,5.5,0.81976833976833974,48.43,0.94999999999999996,0
cifar100_simplecnn,C1,250,1000,213,5.5,0.84370656370656361,48.839999999999996,1,0
cifar100_simplecnn,C1,251,1004,205,5.5,0.82938223938223943,48.643999999999998,0.84999999999999998,0
cifar100_simplecnn,C1,252,1008,217,5.5,0.82293436293436295,48.534000000000006,0.84999999999999998,0
cifar100_simplecnn,C1,253,1012,211,5.5,0.82239382239382253,48.314,0.90000000000000002,0
cifar100_simplecnn,C1,254,1016,226.5,5.5,0.81872586872586872,48.716000000000001,0.94999999999999996,0
cifar100_simplecnn,C1,255,1020,246.5,5.5,0.81610038610038615,48.513999999999996,0.84999999999999998,0
cifar100_simplecnn,C1,256,1024,210.5,5.5,0.81355212355212347,48.339999999999996,0.94999999999999996,0
cifar100_simplecnn,C1,257,1028,219.5,5.5,0.82386100386100392,48.624000000000002,0.84999999999999998,0
cifar100_simplecnn,C1,258,1032,209.5,5.5,0.83586872586872585,48.838000000000001,1,0
cifar100_simplecnn,C1,259,1036,211,5.5,0.76305019305019306,46.82,0.80000000000000004,0.10000000000000001
cifar100_simplecnn,C1,260,1040,215,5.5,0.80447876447876454,47.887999999999998,0.90000000000000002,0
cifar100_simplecnn,C1,261,1044,247,5.5,0.82196911196911204,48.765999999999998,1,0
cifar100_simplecnn,C1,262,1048,213,5.5,0.83718146718146724,48.692,0.94999999999999996,0
cifar100_simplecnn,C1,263,1052,228.5,5.5,0.83324324324324317,48.841999999999999,1,0
cifar100_simplecnn,C1,264,1056,246.5,5.5,0.77451737451737457,47.356000000000002,0.84999999999999998,0.10000000000000001
cifar100_simplecnn,C1,265,1060,230.5,5.5,0.83231660231660221,48.858000000000004,1,0
cifar100_simplecnn,C1,266,1064,224,5.5,0.80277992277992283,48.152000000000001,0.90000000000000002,0.050000000000000003
cifar100_simplecnn,C1,267,1068,221.5,5.5,0.83196911196911194,48.710000000000001,1,0
cifar100_simplecnn,C1,268,1072,209.5,5.5,0.83401544401544414,48.757999999999996,1,0
cifar100_simplecnn,C1,269,1076,209.5,5.5,0.82007722007722017,48.451999999999998,0.94999999999999996,0
cifar100_simplecnn,C1,270,1080,242,5.5,0.79382239382239383,47.875999999999998,0.84999999999999998,0
cifar100_simplecnn,C1,271,1084,230,5.5,0.81903474903474893,48.555999999999997,0.80000000000000004,0
cifar100_simplecnn,C1,272,1088,209,5.5,0.83123552123552125,48.718000000000004,0.94999999999999996,0
cifar100_simplecnn,C1,273,1092,244.5,5.5,0.82061776061776059,48.712000000000003,0.94999999999999996,0
cifar100_simplecnn,C1,274,1096,220,5.5,0.78822393822393821,47.704000000000001,0.84999999999999998,0.050000000000000003
cifar100_simplecnn,C1,275,1100,230.5,5.5,0.82764478764478766,48.826000000000001,1,0
cifar100_simplecnn,C1,276,1104,203.5,5.5,0.84586872586872597,48.731999999999999,0.94999999999999996,0
cifar100_simplecnn,C1,277,1108,225.5,5.5,0.83042471042471033,48.666000000000004,0.84999999999999998,0
cifar100_simplecnn,C1,278,1112,234,5.5,0.83324324324324317,48.713999999999999,0.94999999999999996,0
cifar100_simplecnn,C1,279,1116,207,5.5,0.84420849420849431,48.740000000000002,0.94999999999999996,0
cifar100_simplecnn,C1,280,1120,241,5.5,0.81972972972972968,48.561999999999998,0.94999999999999996,0
cifar100_simplecnn,C1,281,1124,242,5.5,0.74930501930501925,46.326000000000001,0.80000000000000004,0.050000000000000003
cifar100_simplecnn,C1,282,1128,203.5,5.5,0.85818532818532811,48.828000000000003,1,0
cifar100_simplecnn,C1,283,1132,240,5.5,0.8024710424710424,48.146000000000001,0.90000000000000002,0.050000000000000003
cifar100_simplecnn,C1,284,1136,224.5,5.5,0.81069498069498069,47.980000000000004,0.90000000000000002,0.050000000000000003
cifar100_simplecnn,C1,285,1140,231.5,5.5,0.81362934362934369,48.269999999999996,0.90000000000000002,0
cifar100_simplecnn,C1,286,1144,249,5.5,0.79683397683397683,48.001999999999995,0.90000000000000002,0.050000000000000003
cifar100_simplecnn,C1,287,1148,225.5,5.5,0.83409266409266414,48.844000000000001,1,0
cifar100_simplecnn,C1,288,1152,206.5,5.5,0.8023938223938224,47.896000000000001,0.84999999999999998,0
cifar100_simplecnn,C1,289,1156,225.5,5.5,0.81880308880308872,48.660000000000004,0.84999999999999998,0
cifar100_simplecnn,C1,290,1160,245.5,5.5,0.82119691119691107,48.706000000000003,0.94999999999999996,0
cifar100_simplecnn,C1,291,1164,241.5,5.5,0.831930501930502,48.904000000000003,1,0
cifar100_simplecnn,C1,292,1168,222.5,5.5,0.831930501930502,48.844000000000001,1,0
cifar100_simplecnn,C1,293,1172,217.5,5.5,0.83096525096525098,48.778000000000006,1,0
cifar100_simplecnn,C1,294,1176,205,5.5,0.8329729729729729,48.712000000000003,0.94999999999999996,0
cifar100_simplecnn,C1,295,1180,210,5.5,0.8342857142857143,48.766000000000005,1,0
cifar100_simplecnn,C1,296,1184,209,5.5,0.84046332046332051,48.838000000000001,1,0
cifar100_simplecnn,C1,297,1188,213,5.5,0.82610038610038605,48.748000000000005,0.94999999999999996,0
cifar100_simplecnn,C1,298,1192,247,5.5,0.82019305019305011,48.730000000000004,0.90000000000000002,0
cifar100_simplecnn,C1,299,1196,213,5.5,0.78864864864864859,47.648000000000003,0.80000000000000004,0.050000000000000003
cifar100_simplecnn,C1,300,1200,243.5,5.5,0.82826254826254819,48.704000000000001,0.90000000000000002,0
cifar100_simplecnn,C1,301,1204,241.5,5.5,0.80498069498069502,48.374000000000002,0.90000000000000002,0
cifar100_simplecnn,C1,302,1208,243,5.5,0.8161389961389961,48.573999999999998,0.90000000000000002,0
cifar100_simplecnn,C1,303,1212,239.5,5.5,0.82563706563706563,48.834000000000003,1,0
cifar100_simplecnn,C1,304,1216,227.5,5.5,0.82741312741312745,48.760000000000005,0.94999999999999996,0
cifar100_simplecnn,C1,305,1220,233.5,5.5,0.83208494208494199,48.744,1,0
cifar100_simplecnn,C1,306,1224,222,5.5,0.81687258687258679,48.507999999999996,0.94999999999999996,0
cifar100_simplecnn,C1,307,1228,232,5.5,0.83173745173745173,48.731999999999999,0.94999999999999996,0
cifar100_simplecnn,C1,308,1232,211,5.5,0.80088803088803096,48.043999999999997,0.90000000000000002,0.050000000000000003
cifar100_simplecnn,C1,309,1236,240,5.5,0.82644787644787654,48.619999999999997,0.94999999999999996,0
cifar100_simplecnn,C1,310,1240,211.5,5.5,0.81891891891891899,48.384,0.84999999999999998,0
cifar100_simplecnn,C1,311,1244,211.5,5.5,0.8418532818532819,48.768000000000001,1,0
cifar100_simplecnn,C1,312,1248,213,5.5,0.81413127413127417,48.368000000000002,0.94999999999999996,0
cifar100_simplecnn,C1,313,1252,209.5,5.5,0.82691119691119697,48.793999999999997,0.94999999999999996,0
cifar100_simplecnn,C1,314,1256,208,5.5,0.83038610038610039,48.783999999999999,0.94999999999999996,0
cifar100_simplecnn,C1,315,1260,211.5,5.5,0.80722007722007716,48.350000000000001,0.90000000000000002,0
cifar100_simplecnn,C1,316,1264,243,5.5,0.82783783783783793,48.869999999999997,1,0
cifar100_simplecnn,C1,317,1268,227.5,5.5,0.80308880308880304,48.287999999999997,0.84999999999999998,0
cifar100_simplecnn,C1,318,1272,244,5.5,0.78509652509652506,47.445999999999998,0.90000000000000002,0.050000000000000003
cifar100_simplecnn,C1,319,1276,213,5.5,0.83795366795366788,48.881999999999998,1,0
cifar100_simplecnn,C1,320,1280,210,5.5,0.83162162162162157,48.816000000000003,1,0
cifar100_simplecnn,C1,321,1284,211,5.5,0.83413127413127408,48.756,0.90000000000000002,0
cifar100_simplecnn,C1,322,1288,222,5.5,0.8237065637065637,48.763999999999996,0.90000000000000002,0
cifar100_simplecnn,C1,323,1292,212,5.5,0.82779922779922777,48.774000000000001,0.94999999999999996,0
cifar100_simplecnn,C1,324,1296,209.5,5.5,0.82795366795366798,48.748000000000005,1,0
cifar100_simplecnn,C1,325,1300,223.5,5.5,0.8336293436293436,48.786000000000001,1,0
cifar100_simplecnn,C1,326,1304,200.5,5.5,0.80374517374517374,47.426000000000002,0.94999999999999996,0.050000000000000003
cifar100_simplecnn,C1,327,1308,229.5,5.5,0.80918918918918925,48.142000000000003,0.94999999999999996,0.050000000000000003
cifar100_simplecnn,C1,328,1312,201,5.5,0.83965250965250959,48.738,0.94999999999999996,0
cifar100_simplecnn,C1,329,1316,207,5.5,0.8367953667953667,48.844000000000001,1,0
cifar100_simplecnn,C1,330,1320,212.5,5.5,0.83169884169884178,48.82,1,0
cifar100_simplecnn,C1,331,1324,206,5.5,0.84235521235521238,48.762,0.94999999999999996,0
cifar100_simplecnn,C1,332,1328,222.5,5.5,0.82324324324324327,48.630000000000003,0.90000000000000002,0
cifar100_simplecnn,C1,333,1332,211.5,5.5,0.82034749034749033,48.594000000000001,0.94999999999999996,0
cifar100_simplecnn,C1,334,1336,213,5.5,0.82683397683397675,48.756,0.94999999999999996,0
cifar100_simplecnn,C1,335,1340,243,5.5,0.82590733590733589,48.748000000000005,0.90000000000000002,0
cifar100_simplecnn,C1,336,1344,241.5,5.5,0.80949806949806946,48.190000000000005,0.94999999999999996,0.050000000000000003
cifar100_simplecnn,C1,337,1348,212,5.5,0.78942084942084945,47.528000000000006,0.90000000000000002,0.10000000000000001
cifar100_simplecnn,C1,338,1352,208,5.5,0.83613899613899623,48.742000000000004,1,0
cifar100_simplecnn,C1,339,1356,223,5.5,0.82559845559845557,48.746000000000002,0.94999999999999996,0
cifar100_simplecnn,C1,340,1360,238,5.5,0.82583011583011579,48.829999999999998,0.94999999999999996,0
cifar100_simplecnn,C1,341,1364,223,5.5,0.83266409266409269,48.762,1,0
cifar100_simplecnn,C1,342,1368,218.5,5.5,0.79806949806949812,47.619999999999997,0.84999999999999998,0.050000000000000003
cifar100_simplecnn,C1,343,1372,204,5.5,0.82328185328185322,48.178000000000004,0.94999999999999996,0.050000000000000003
cifar100_simplecnn,C1,344,1376,225.5,5.5,0.82463320463320466,48.756,0.94999999999999996,0
cifar100_simplecnn,C1,345,1380,244,5.5,0.81123552123552112,48.416000000000004,0.94999999999999996,0
cifar100_simplecnn,C1,346,1384,205.5,5.5,0.83760617760617762,48.719999999999999,0.94999999999999996,0
cifar100_simplecnn,C1,347,1388,227.5,5.5,0.79764478764478763,47.468000000000004,0.94999999999999996,0.050000000000000003
cifar100_simplecnn,C1,348,1392,213,5.5,0.83096525096525098,48.808,0.94999999999999996,0
cifar100_simplecnn,C1,349,1396,242,5.5,0.80760617760617759,48.308,0.94999999999999996,0
cifar100_simplecnn,C1,350,1400,203,5.5,0.83084942084942082,48.772000000000006,0.94999999999999996,0
cifar100_simplecnn,C1,351,1404,213,5.5,0.83150579150579151,48.841999999999999,0.94999999999999996,0
cifar100_simplecnn,C1,352,1408,212,5.5,0.82162162162162156,48.577999999999996,0.94999999999999996,0
cifar100_simplecnn,C1,353,1412,213,5.5,0.80359073359073352,48.088000000000001,0.90000000000000002,0.050000000000000003
cifar100_simplecnn,C1,354,1416,200,5.5,0.85108108108108116,48.688000000000002,1,0
cifar100_simplecnn,C1,355,1420,205,5.5,0.81830115830115824,48.353999999999999,0.84999999999999998,0
cifar100_simplecnn,C1,356,1424,211.5,5.5,0.83393822393822392,48.845999999999997,1,0
cifar100_simplecnn,C1,357,1428,210.5,5.5,0.83610038610038606,48.810000000000002,0.94999999999999996,0
cifar100_simplecnn,C1,358,1432,224,5.5,0.84115830115830126,48.838000000000001,1,0
cifar100_simplecnn,C1,359,1436,239,5.5,0.79003861003861009,47.926000000000002,0.80000000000000004,0.050000000000000003
cifar100_simplecnn,C1,360,1440,228,5.5,0.80911196911196903,48.481999999999999,0.94999999999999996,0
cifar100_simplecnn,C1,361,1444,210.5,5.5,0.82308880308880306,48.408000000000001,0.90000000000000002,0
cifar100_simplecnn,C1,362,1448,213,5.5,0.83092664092664104,48.826000000000001,0.94999999999999996,0
cifar100_simplecnn,C1,363,1452,206.5,5.5,0.76552123552123552,46.718000000000004,0.84999999999999998,0.10000000000000001
cifar100_simplecnn,C1,364,1456,211,5.5,0.83351351351351366,48.763999999999996,0.94999999999999996,0
cifar100_simplecnn,C1,365,1460,213,5.5,0.82845559845559846,48.740000000000002,0.90000000000000002,0
cifar100_simplecnn,C1,366,1464,207.5,5.5,0.83332046332046339,48.799999999999997,0.94999999999999996,0
cifar100_simplecnn,C1,367,1468,234,5.5,0.83088803088803087,48.787999999999997,1,0
cifar100_simplecnn,C1,368,1472,224.5,5.5,0.8329729729729729,48.781999999999996,0.94999999999999996,0
cifar100_simplecnn,C1,369,1476,208.5,5.5,0.7872586872586872,47.603999999999999,0.84999999999999998,0
cifar100_simplecnn,C1,370,1480,209,5.5,0.83629343629343622,48.772000000000006,0.94999999999999996,0
cifar100_simplecnn,C1,371,1484,209.5,5.5,0.81737451737451727,48.636000000000003,0.90000000000000002,0
cifar100_simplecnn,C1,372,1488,206.5,5.5,0.83424710424710435,48.722000000000001,0.94999999999999996,0
cifar100_simplecnn,C1,373,1492,209.5,5.5,0.82903474903474916,48.68,0.90000000000000002,0
cifar100_simplecnn,C1,374,1496,242,5.5,0.82254826254826252,48.768000000000001,0.94999999999999996,0
cifar100_simplecnn,C1,375,1500,210,5.5,0.83308880308880318,48.826000000000001,1,0
cifar100_simplecnn,C1,376,1504,228,5.5,0.81783783783783781,48.692,0.94999999999999996,0
cifar100_simplecnn,C1,377,1508,204,5.5,0.83702702702702703,48.853999999999999,1,0
cifar100_simplecnn,C1,378,1512,209,5.5,0.8275289575289575,48.774000000000001,0.94999999999999996,0
cifar100_simplecnn,C1,379,1516,211,5.5,0.82440154440154445,48.528000000000006,0.94999999999999996,0
cifar100_simplecnn,C1,380,1520,207.5,5.5,0.83621621621621622,48.868000000000002,1,0
cifar100_simplecnn,C1,381,1524,240,5.5,0.82567567567567557,48.698,0.90000000000000002,0
cifar100_simplecnn,C1,382,1528,212,5.5,0.82768339768339771,48.68,0.90000000000000002,0
cifar100_simplecnn,C1,383,1532,205.5,5.5,0.78432432432432431,47.648000000000003,0.90000000000000002,0.050000000000000003
cifar100_simplecnn,C1,384,1536,237,5.5,0.80911196911196903,48.345999999999997,0.94999999999999996,0
cifar100_simplecnn,C1,385,1540,239,5.5,0.82806949806949803,48.700000000000003,1,0
cifar100_simplecnn,C1,386,1544,204.5,5.5,0.84362934362934361,48.789999999999999,1,0
cifar100_simplecnn,C1,387,1548,210.5,5.5,0.82509652509652509,48.730000000000004,0.94999999999999996,0
cifar100_simplecnn,C1,388,1552,225,5.5,0.83320463320463323,48.886000000000003,0.94999999999999996,0
cifar100_simplecnn,C1,389,1556,235.5,5.5,0.83073359073359077,48.816000000000003,1,0
cifar100_simplecnn,C1,390,1560,235.5,5.5,0.81254826254826251,48.530000000000001,0.84999999999999998,0
cifar100_simplecnn,C1,391,1564,242.5,5.5,0.78312741312741319,47.758000000000003,0.90000000000000002,0.050000000000000003
cifar100_simplecnn,C1,392,1568,203,5.5,0.84100386100386104,48.775999999999996,1,0
cifar100_simplecnn,C1,393,1572,206.5,5.5,0.83702702702702703,48.609999999999999,0.94999999999999996,0
cifar100_simplecnn,C1,394,1576,209,5.5,0.83146718146718146,48.838000000000001,1,0
cifar100_simplecnn,C1,395,1580,212,5.5,0.83374517374517365,48.878,1,0
cifar100_simplecnn,C1,396,1584,236.5,5.5,0.8335521235521236,48.846000000000004,1,0
cifar100_simplecnn,C1,397,1588,220,5.5,0.82096525096525108,48.469999999999999,0.94999999999999996,0
cifar100_simplecnn,C1,398,1592,211.5,5.5,0.79637065637065629,48.106000000000002,0.84999999999999998,0
cifar100_simplecnn,C1,399,1596,227.5,5.5,0.82332046332046327,48.768000000000001,0.94999999999999996,0
cifar100_simplecnn,C1,400,1600,209,5.5,0.81799227799227803,48.410000000000004,0.94999999999999996,0
cifar100_simplecnn,C1,401,1604,207,5.5,0.83015444015444007,48.724000000000004,0.94999999999999996,0
cifar100_simplecnn,C1,402,1608,202,5.5,0.83482625482625483,48.664000000000001,0.94999999999999996,0
cifar100_simplecnn,C1,403,1612,201.5,5.5,0.8344401544401544,48.804000000000002,1,0
cifar100_simplecnn,C1,404,1616,242.5,5.5,0.79389961389961383,48.025999999999996,0.84999999999999998,0.050000000000000003
cifar100_simplecnn,C1,405,1620,209,5.5,0.83007722007722007,48.566000000000003,0.90000000000000002,0
cifar100_simplecnn,C1,406,1624,200.5,5.5,0.84069498069498072,48.748000000000005,1,0
cifar100_simplecnn,C1,407,1628,242,5.5,0.82683397683397675,48.829999999999998,1,0
cifar100_simplecnn,C1,408,1632,204.5,5.5,0.83675675675675676,48.603999999999999,0.94999999999999996,0
cifar100_simplecnn,C1,409,1636,212,5.5,0.82756756756756755,48.850000000000001,1,0
cifar100_simplecnn,C1,410,1640,209,5.5,0.82123552123552135,48.769999999999996,0.94999999999999996,0
cifar100_simplecnn,C1,411,1644,204,5.5,0.8311969111969113,48.686,0.94999999999999996,0
cifar100_simplecnn,C1,412,1648,200.5,5.5,0.8471428571428572,48.756,1,0
cifar100_simplecnn,C1,413,1652,221,5.5,0.77077220077220077,47.432000000000002,0.75,0
cifar100_simplecnn,C1,414,1656,206.5,5.5,0.83579150579150574,48.835999999999999,1,0
cifar100_simplecnn,C1,415,1660,209,5.5,0.83057915057915055,48.826000000000001,1,0
cifar100_simplecnn,C1,416,1664,240,5.5,0.80444015444015449,48.234000000000002,0.94999999999999996,0.050000000000000003
cifar100_simplecnn,C1,417,1668,201,5.5,0.81131274131274134,48.158000000000001,0.94999999999999996,0.050000000000000003
cifar100_simplecnn,C1,418,1672,211,5.5,0.83432432432432435,48.780000000000001,1,0
cifar100_simplecnn,C1,419,1676,201,5.5,0.81776061776061781,48.402000000000001,0.94999999999999996,0
cifar100_simplecnn,C1,420,1680,209,5.5,0.83536679536679537,48.835999999999999,1,0
cifar100_simplecnn,C1,421,1684,203,5.5,0.8344401544401544,48.816000000000003,0.94999999999999996,0
cifar100_simplecnn,C1,422,1688,204.5,5.5,0.83320463320463323,48.874000000000002,1,0
cifar100_simplecnn,C1,423,1692,241,5.5,0.80918918918918925,48.366,0.84999999999999998,0
cifar100_simplecnn,C1,424,1696,204.5,5.5,0.82671814671814681,48.760000000000005,0.90000000000000002,0
cifar100_simplecnn,C1,425,1700,200,5.5,0.85115830115830116,48.826000000000001,0.94999999999999996,0
cifar100_simplecnn,C1,426,1704,200,5.5,0.83432432432432435,48.642000000000003,0.94999999999999996,0
cifar100_simplecnn,C1,427,1708,201,5.5,0.83644787644787644,48.862000000000002,1,0
cifar100_simplecnn,C1,428,1712,204.5,5.5,0.82648648648648648,48.655999999999999,0.90000000000000002,0
cifar100_simplecnn,C1,429,1716,217,5.5,0.81583011583011589,48.411999999999999,0.90000000000000002,0
cifar100_simplecnn,C1,430,1720,200,5.5,0.83972972972972981,48.784000000000006,1,0
cifar100_simplecnn,C1,431,1724,204.5,5.5,0.83988416988416981,48.811999999999998,1,0
cifar100_simplecnn,C1,432,1728,222.5,5.5,0.80563706563706572,48.334000000000003,0.84999999999999998,0
cifar100_simplecnn,C1,433,1732,208.5,5.5,0.84702702702702692,48.664000000000001,0.94999999999999996,0
cifar100_simplecnn,C1,434,1736,200,5.5,0.83945945945945932,48.736000000000004,0.94999999999999996,0
cifar100_simplecnn,C1,435,1740,201,5.5,0.82046332046332038,48.368000000000002,0.94999999999999996,0
cifar100_simplecnn,C1,436,1744,207.5,5.5,0.83644787644787644,48.798000000000002,1,0
cifar100_simplecnn,C1,437,1748,206.5,5.5,0.83409266409266414,48.734000000000002,1,0
cifar100_simplecnn,C1,438,1752,204,5.5,0.83934362934362938,48.742000000000004,0.90000000000000002,0
cifar100_simplecnn,C1,439,1756,204,5.5,0.82474903474903472,48.690000000000005,0.90000000000000002,0
cifar100_simplecnn,C1,440,1760,250,5.5,0.77733590733590741,47.673999999999999,0.80000000000000004,0.050000000000000003
cifar100_simplecnn,C1,441,1764,204.5,5.5,0.83521235521235526,48.766000000000005,0.94999999999999996,0
cifar100_simplecnn,C1,442,1768,223,5.5,0.81972972972972968,48.75,0.94999999999999996,0
cifar100_simplecnn,C1,443,1772,200,5.5,0.83640926640926649,48.858000000000004,1,0
cifar100_simplecnn,C1,444,1776,203,5.5,0.83463320463320456,48.846000000000004,1,0
cifar100_simplecnn,C1,445,1780,205.5,5.5,0.83409266409266414,48.796000000000006,1,0
cifar100_simplecnn,C1,446,1784,205.5,5.5,0.81768339768339759,48.502000000000002,0.94999999999999996,0
cifar100_simplecnn,C1,447,1788,203,5.5,0.83610038610038606,48.690000000000005,0.90000000000000002,0
cifar100_simplecnn,C1,448,1792,201.5,5.5,0.84019305019305024,48.808,1,0
cifar100_simplecnn,C1,449,1796,208,5.5,0.81864864864864872,48.268000000000001,0.94999999999999996,0
cifar100_simplecnn,C1,450,1800,203.5,5.5,0.82223938223938231,48.534000000000006,0.94999999999999996,0
cifar100_simplecnn,C1,451,1804,200,5.5,0.85088803088803089,48.841999999999999,1,0
cifar100_simplecnn,C1,452,1808,206.5,5.5,0.82247104247104252,48.414000000000001,0.94999999999999996,0
cifar100_simplecnn,C1,453,1812,205.5,5.5,0.84046332046332051,48.835999999999999,1,0
cifar100_simplecnn,C1,454,1816,205.5,5.5,0.82405405405405396,48.474000000000004,0.94999999999999996,0
cifar100_simplecnn,C1,455,1820,213,5.5,0.77942084942084944,47.089999999999996,0.90000000000000002,0.050000000000000003
cifar100_simplecnn,C1,456,1824,200,5.5,0.83876447876447879,48.880000000000003,1,0
cifar100_simplecnn,C1,457,1828,200,5.5,0.83583011583011579,48.838000000000001,1,0
cifar100_simplecnn,C1,458,1832,204.5,5.5,0.8281081081081082,48.757999999999996,0.94999999999999996,0
cifar100_simplecnn,C1,459,1836,204.5,5.5,0.73930501930501935,46.058,0.75,0.10000000000000001
cifar100_simplecnn,C1,460,1840,209.5,5.5,0.80938223938223941,48.231999999999999,0.94999999999999996,0.050000000000000003
cifar100_simplecnn,C1,461,1844,204.5,5.5,0.84115830115830126,48.864000000000004,1,0
cifar100_simplecnn,C1,462,1848,209.5,5.5,0.82490347490347493,48.746000000000002,0.94999999999999996,0
cifar100_simplecnn,C1,463,1852,200,5.5,0.84108108108108104,48.746000000000002,0.94999999999999996,0
cifar100_simplecnn,C1,464,1856,208.5,5.5,0.81722007722007728,48.378,0.90000000000000002,0
cifar100_simplecnn,C1,465,1860,201,5.5,0.83559845559845558,48.796000000000006,0.94999999999999996,0
cifar100_simplecnn,C1,466,1864,204,5.5,0.80011583011582998,47.975999999999999,0.84999999999999998,0.050000000000000003
cifar100_simplecnn,C1,467,1868,200,5.5,0.84359073359073355,48.890000000000001,1,0
cifar100_simplecnn,C1,468,1872,210,5.5,0.83953667953667954,48.757999999999996,1,0
cifar100_simplecnn,C1,469,1876,201.5,5.5,0.82277992277992273,48.322000000000003,0.90000000000000002,0
cifar100_simplecnn,C1,470,1880,200,5.5,0.85212355212355217,48.816000000000003,1,0
cifar100_simplecnn,C1,471,1884,203,5.5,0.8406177606177605,48.817999999999998,1,0
cifar100_simplecnn,C1,472,1888,204,5.5,0.79702702702702699,47.352000000000004,0.84999999999999998,0.050000000000000003
cifar100_simplecnn,C1,473,1892,200,5.5,0.8444401544401543,48.832000000000001,1,0
cifar100_simplecnn,C1,474,1896,209,5.5,0.80749034749034754,48.310000000000002,0.90000000000000002,0
cifar100_simplecnn,C1,475,1900,200,5.5,0.8193050193050192,48.067999999999998,0.94999999999999996,0.050000000000000003
cifar100_simplecnn,C1,476,1904,203,5.5,0.83208494208494199,48.856000000000002,1,0
cifar100_simplecnn,C1,477,1908,206.5,5.5,0.82934362934362937,48.625999999999998,0.90000000000000002,0
cifar100_simplecnn,C1,478,1912,202.5,5.5,0.82729729729729728,48.554000000000002,0.94999999999999996,0
cifar100_simplecnn,C1,479,1916,201,5.5,0.83494208494208488,48.793999999999997,0.94999999999999996,0
cifar100_simplecnn,C1,480,1920,202,5.5,0.84150579150579152,48.828000000000003,1,0
cifar100_simplecnn,C1,481,1924,203,5.5,0.80451737451737448,47.710000000000001,0.90000000000000002,0.050000000000000003
cifar100_simplecnn,C1,482,1928,200,5.5,0.825984555984556,48.446000000000005,0.94999999999999996,0
cifar100_simplecnn,C1,483,1932,221,5.5,0.83602316602316606,48.763999999999996,1,0
cifar100_simplecnn,C1,484,1936,201,5.5,0.82907335907335911,48.408000000000001,0.94999999999999996,0
cifar100_simplecnn,C1,485,1940,210,5.5,0.83305019305019301,48.75,1,0
cifar100_simplecnn,C1,486,1944,201,5.5,0.83451737451737462,48.748000000000005,0.94999999999999996,0
cifar100_simplecnn,C1,487,1948,204,5.5,0.84189189189189195,48.835999999999999,1,0
cifar100_simplecnn,C1,488,1952,200,5.5,0.84625482625482618,48.786000000000001,1,0
cifar100_simplecnn,C1,489,1956,200,5.5,0.83752895752895751,48.784000000000006,0.94999999999999996,0
cifar100_simplecnn,C1,490,1960,240,5.5,0.80687258687258689,48.398000000000003,0.84999999999999998,0
cifar100_simplecnn,C1,491,1964,200,5.5,0.83799227799227793,48.859999999999999,1,0
cifar100_simplecnn,C1,492,1968,201,5.5,0.83366795366795365,48.713999999999999,0.94999999999999996,0
cifar100_simplecnn,C1,493,1972,200,5.5,0.84027027027027024,48.774000000000001,1,0
cifar100_simplecnn,C1,494,1976,205,5.5,0.82613899613899611,48.666000000000004,0.94999999999999996,0
cifar100_simplecnn,C1,495,1980,200,5.5,0.83528957528957526,48.899999999999999,1,0
cifar100_simplecnn,C1,496,1984,221.5,5.5,0.82536679536679536,48.722000000000001,0.94999999999999996,0
cifar100_simplecnn,C1,497,1988,204,5.5,0.85463320463320469,48.760000000000005,1,0
cifar100_simplecnn,C1,498,1992,202.5,5.5,0.83868725868725869,48.634,0.94999999999999996,0
cifar100_simplecnn,C1,499,1996,209.5,5.5,0.84111969111969098,48.850000000000001,1,0
cifar100_simplecnn,C1,500,2000,206.5,5.5,0.82992277992277985,48.811999999999998,0.94999999999999996,0
cifar100_simplecnn,C1,501,2004,206,5.5,0.82779922779922777,48.710000000000001,0.94999999999999996,0
cifar100_simplecnn,C1,502,2008,200,5.5,0.85069498069498073,48.718000000000004,0.94999999999999996,0
cifar100_simplecnn,C1,503,2012,200,5.5,0.83729729729729718,48.781999999999996,0.94999999999999996,0
cifar100_simplecnn,C1,504,2016,209.5,5.5,0.83030888030888028,48.341999999999999,0.94999999999999996,0
cifar100_simplecnn,C1,505,2020,209,5.5,0.81131274131274134,48.272000000000006,0.90000000000000002,0
cifar100_simplecnn,C1,506,2024,200,5.5,0.85050193050193046,48.810000000000002,1,0
cifar100_simplecnn,C1,507,2028,201,5.5,0.83938223938223933,48.787999999999997,0.94999999999999996,0
cifar100_simplecnn,C1,508,2032,200.5,5.5,0.82254826254826252,48.374000000000002,0.94999999999999996,0
cifar100_simplecnn,C1,509,2036,203,5.5,0.8167181467181468,48.236000000000004,0.84999999999999998,0
cifar100_simplecnn,C1,510,2040,206.5,5.5,0.82455598455598467,48.572000000000003,0.90000000000000002,0
cifar100_simplecnn,C1,511,2044,200,5.5,0.84555984555984554,48.823999999999998,1,0
cifar100_simplecnn,C1,512,2048,207.5,5.5,0.83405405405405408,48.731999999999999,1,0
cifar100_simplecnn,C2,1,4,782.5,782.5,0.39270270270270269,35.006,0.050000000000000003,0.5
cifar100_simplecnn,C2,2,8,594.5,409,0.57494208494208499,40.673999999999999,0.34999999999999998,0.25
cifar100_simplecnn,C2,3,12,627.5,225.5,0.5235907335907336,39.161999999999999,0.25,0.29999999999999999
cifar100_simplecnn,C2,4,16,425.5,151,0.57270270270270274,40.793999999999997,0.25,0.29999999999999999
cifar100_simplecnn,C2,5,20,517.5,116,0.56239382239382241,40.344000000000001,0.29999999999999999,0.25
cifar100_simplecnn,C2,6,24,453,116,0.53015444015444013,39.422000000000004,0.10000000000000001,0.25
cifar100_simplecnn,C2,7,28,557,108,0.51544401544401541,40.148000000000003,0.14999999999999999,0.20000000000000001
cifar100_simplecnn,C2,8,32,668.5,107.5,0.49220077220077219,39.333999999999996,0.14999999999999999,0.29999999999999999
cifar100_simplecnn,C2,9,36,439.5,97,0.54718146718146721,40.118000000000002,0.20000000000000001,0.20000000000000001
cifar100_simplecnn,C2,10,40,638,96,0.5394594594594595,41.277999999999999,0.14999999999999999,0.25
cifar100_simplecnn,C2,11,44,698.5,74.5,0.52019305019305018,40.689999999999998,0.14999999999999999,0.29999999999999999
cifar100_simplecnn,C2,12,48,401,74.5,0.59057915057915067,42.118000000000002,0.20000000000000001,0.25
cifar100_simplecnn,C2,13,52,590,73.5,0.58054054054054061,42.107999999999997,0.25,0.20000000000000001
cifar100_simplecnn,C2,14,56,461,61.5,0.54451737451737459,39.254000000000005,0.29999999999999999,0.40000000000000002
cifar100_simplecnn,C2,15,60,693.5,49.5,0.50725868725868728,40.387999999999998,0.10000000000000001,0.34999999999999998
cifar100_simplecnn,C2,16,64,528.5,38.5,0.60567567567567571,42.154000000000003,0.34999999999999998,0.20000000000000001
cifar100_simplecnn,C2,17,68,715.5,38.5,0.53922779922779918,41.392000000000003,0.20000000000000001,0.20000000000000001
cifar100_simplecnn,C2,18,72,595,38.5,0.57644787644787643,41.321999999999996,0.25,0.25
cifar100_simplecnn,C2,19,76,698.5,34,0.5152123552123552,39.591999999999999,0.14999999999999999,0.20000000000000001
cifar100_simplecnn,C2,20,80,528,34,0.50019305019305027,38.296000000000006,0.14999999999999999,0.34999999999999998
cifar100_simplecnn,C2,21,84,532,34,0.57934362934362937,41.530000000000001,0.29999999999999999,0.25
cifar100_simplecnn,C2,22,88,805.5,34,0.43169884169884176,37.375999999999998,0.14999999999999999,0.45000000000000001
cifar100_simplecnn,C2,23,92,747.5,34,0.46911196911196906,38.692,0.14999999999999999,0.40000000000000002
cifar100_simplecnn,C2,24,96,523.5,34,0.53683397683397682,39.823999999999998,0.29999999999999999,0.29999999999999999
cifar100_simplecnn,C2,25,100,567.5,34,0.55637065637065641,41.206000000000003,0.20000000000000001,0.34999999999999998
cifar100_simplecnn,C2,26,104,456,34,0.6017760617760618,42.814,0.25,0.14999999999999999
cifar100_simplecnn,C2,27,108,759,34,0.47050193050193051,38.089999999999996,0.20000000000000001,0.40000000000000002
cifar100_simplecnn,C2,28,112,719,34,0.53528957528957533,40.448,0.25,0.25
cifar100_simplecnn,C2,29,116,632.5,34,0.51490347490347488,39.975999999999999,0.25,0.40000000000000002
cifar100_simplecnn,C2,30,120,701,34,0.45942084942084949,38.564,0.050000000000000003,0.34999999999999998
cifar100_simplecnn,C2,31,124,561.5,34,0.55123552123552122,41.335999999999999,0.29999999999999999,0.25
cifar100_simplecnn,C2,32,128,531.5,27.5,0.57810810810810809,41.001999999999995,0.40000000000000002,0.25
cifar100_simplecnn,C2,33,132,402,27.5,0.58096525096525098,41.911999999999999,0.40000000000000002,0.25
cifar100_simplecnn,C2,34,136,372,23.5,0.62849420849420845,42.341999999999999,0.34999999999999998,0.20000000000000001
cifar100_simplecnn,C2,35,140,238,23.5,0.72845559845559849,45.591999999999999,0.55000000000000004,0.10000000000000001
cifar100_simplecnn,C2,36,144,478.5,23.5,0.61768339768339764,43.607999999999997,0.20000000000000001,0.10000000000000001
cifar100_simplecnn,C2,37,148,695,23.5,0.49235521235521229,38.884,0.14999999999999999,0.34999999999999998
cifar100_simplecnn,C2,38,152,372.5,23.5,0.64517374517374515,43.456000000000003,0.29999999999999999,0.20000000000000001
cifar100_simplecnn,C2,39,156,619,23.5,0.55903474903474903,41.107999999999997,0.20000000000000001,0.25
cifar100_simplecnn,C2,40,160,464,22,0.59343629343629345,41.57,0.25,0.14999999999999999
cifar100_simplecnn,C2,41,164,406,22,0.59776061776061773,41.775999999999996,0.29999999999999999,0.20000000000000001
cifar100_simplecnn,C2,42,168,377,22,0.56783783783783781,40.810000000000002,0.25,0.29999999999999999
cifar100_simplecnn,C2,43,172,381.5,22,0.63764478764478771,43.565999999999995,0.29999999999999999,0.10000000000000001
cifar100_simplecnn,C2,44,176,400.5,22,0.62301158301158299,42.783999999999999,0.34999999999999998,0.20000000000000001
cifar100_simplecnn,C2,45,180,739.5,22,0.44478764478764476,37.603999999999999,0.20000000000000001,0.45000000000000001
cifar100_simplecnn,C2,46,184,396.5,22,0.64575289575289574,43.733999999999995,0.40000000000000002,0.14999999999999999
cifar100_simplecnn,C2,47,188,343,22,0.63459459459459455,42.422000000000004,0.29999999999999999,0.20000000000000001
cifar100_simplecnn,C2,48,192,422,22,0.62158301158301155,42.567999999999998,0.29999999999999999,0.25
cifar100_simplecnn,C2,49,196,424.5,22,0.61451737451737443,43.432000000000002,0.25,0.050000000000000003
cifar100_simplecnn,C2,50,200,297.5,22,0.68169884169884176,43.805999999999997,0.45000000000000001,0.14999999999999999
cifar100_simplecnn,C2,51,204,305,22,0.64826254826254825,42.322000000000003,0.45000000000000001,0.20000000000000001
cifar100_simplecnn,C2,52,208,547.5,22,0.54911196911196902,40.798000000000002,0.25,0.20000000000000001
cifar100_simplecnn,C2,53,212,321.5,22,0.67976833976833972,43.734000000000002,0.45000000000000001,0.20000000000000001
cifar100_simplecnn,C2,54,216,259,22,0.71158301158301163,44.827999999999996,0.5,0.14999999999999999
cifar100_simplecnn,C2,55,220,391,22,0.60579150579150576,41.504000000000005,0.40000000000000002,0.29999999999999999
cifar100_simplecnn,C2,56,224,553.5,22,0.59478764478764479,42.518000000000001,0.40000000000000002,0.20000000000000001
cifar100_simplecnn,C2,57,228,449,22,0.62444015444015444,44.061999999999998,0.25,0.10000000000000001
cifar100_simplecnn,C2,58,232,342.5,22,0.6915057915057915,45.286000000000001,0.34999999999999998,0.050000000000000003
cifar100_simplecnn,C2,59,236,333,22,0.64366795366795371,43.204000000000001,0.40000000000000002,0.14999999999999999
cifar100_simplecnn,C2,60,240,418,17,0.6305019305019306,42.780000000000001,0.34999999999999998,0.14999999999999999
cifar100_simplecnn,C2,61,244,399.5,17,0.62038610038610043,42.923999999999999,0.29999999999999999,0.14999999999999999
cifar100_simplecnn,C2,62,248,573,17,0.57455598455598456,41.564,0.29999999999999999,0.20000000000000001
cifar100_simplecnn,C2,63,252,707.5,10.5,0.5538610038610039,40.378,0.34999999999999998,0.34999999999999998
cifar100_simplecnn,C2,64,256,455.5,10.5,0.62702702702702706,43.43,0.40000000000000002,0.14999999999999999
cifar100_simplecnn,C2,65,260,305,10.5,0.676949806949807,45.067999999999998,0.40000000000000002,0.050000000000000003
cifar100_simplecnn,C2,66,264,273,10.5,0.6807722007722008,44.049999999999997,0.45000000000000001,0.10000000000000001
cifar100_simplecnn,C2,67,268,237.5,10.5,0.73606177606177603,46.037999999999997,0.55000000000000004,0.050000000000000003
cifar100_simplecnn,C2,68,272,207.5,10.5,0.81783783783783781,47.853999999999999,0.65000000000000002,0
cifar100_simplecnn,C2,69,276,310,10.5,0.66602316602316602,44.414000000000001,0.45000000000000001,0.14999999999999999
cifar100_simplecnn,C2,70,280,391.5,10.5,0.60166023166023164,42.805999999999997,0.29999999999999999,0.20000000000000001
cifar100_simplecnn,C2,71,284,323,10.5,0.67057915057915063,43.701999999999998,0.34999999999999998,0.14999999999999999
cifar100_simplecnn,C2,72,288,526,10.5,0.56397683397683396,41.507999999999996,0.14999999999999999,0.25
cifar100_simplecnn,C2,73,292,348,10.5,0.66841698841698838,44.218000000000004,0.40000000000000002,0.10000000000000001
cifar100_simplecnn,C2,74,296,299,9.5,0.7316988416988417,46.269999999999996,0.45000000000000001,0
cifar100_simplecnn,C2,75,300,203.5,9.5,0.75092664092664096,45.68,0.65000000000000002,0.10000000000000001
cifar100_simplecnn,C2,76,304,325.5,9.5,0.65938223938223939,44.778000000000006,0.40000000000000002,0.20000000000000001
cifar100_simplecnn,C2,77,308,297.5,9.5,0.64602316602316601,43.329999999999998,0.34999999999999998,0.20000000000000001
cifar100_simplecnn,C2,78,312,252.5,9.5,0.74173745173745176,46.317999999999998,0.5,0.050000000000000003
cifar100_simplecnn,C2,79,316,260,9.5,0.66918918918918924,44.480000000000004,0.5,0.050000000000000003
cifar100_simplecnn,C2,80,320,197,9.5,0.71189189189189184,44.573999999999998,0.59999999999999998,0.14999999999999999
cifar100_simplecnn,C2,81,324,346,9.5,0.67177606177606175,44.851999999999997,0.45000000000000001,0.14999999999999999
cifar100_simplecnn,C2,82,328,273,9.5,0.70046332046332049,45.721999999999994,0.45000000000000001,0.050000000000000003
cifar100_simplecnn,C2,83,332,237,7.5,0.67617760617760614,44.488,0.55000000000000004,0.14999999999999999
cifar100_simplecnn,C2,84,336,448,7.5,0.60111969111969121,41.963999999999999,0.40000000000000002,0.25
cifar100_simplecnn,C2,85,340,267,7.5,0.7683011583011583,46.977999999999994,0.40000000000000002,0
cifar100_simplecnn,C2,86,344,231.5,7.5,0.74034749034749026,46.036000000000001,0.65000000000000002,0.050000000000000003
cifar100_simplecnn,C2,87,348,298,7.5,0.67996138996138999,44.007999999999996,0.5,0.14999999999999999
cifar100_simplecnn,C2,88,352,353,7.5,0.67579150579150582,44.152000000000001,0.34999999999999998,0.050000000000000003
cifar100_simplecnn,C2,89,356,256.5,7.5,0.73223938223938223,46.200000000000003,0.5,0.050000000000000003
cifar100_simplecnn,C2,90,360,241.5,7.5,0.72926640926640929,44.730000000000004,0.65000000000000002,0.14999999999999999
cifar100_simplecnn,C2,91,364,242.5,7.5,0.71312741312741312,44.010000000000005,0.5,0.20000000000000001
cifar100_simplecnn,C2,92,368,392,7.5,0.59169884169884168,41.881999999999998,0.29999999999999999,0.25
cifar100_simplecnn,C2,93,372,182.5,7.5,0.75505791505791509,45.287999999999997,0.69999999999999996,0.10000000000000001
cifar100_simplecnn,C2,94,376,248.5,7.5,0.61212355212355207,41.863999999999997,0.55000000000000004,0.34999999999999998
cifar100_simplecnn,C2,95,380,274.5,7.5,0.68131274131274133,44.334000000000003,0.40000000000000002,0.14999999999999999
cifar100_simplecnn,C2,96,384,225,7.5,0.69702702702702701,43.757999999999996,0.55000000000000004,0.14999999999999999
cifar100_simplecnn,C2,97,388,210,7.5,0.70166023166023161,44.154000000000003,0.75,0.14999999999999999
cifar100_simplecnn,C2,98,392,248,7.5,0.72644787644787645,44.862000000000002,0.55000000000000004,0.10000000000000001
cifar100_simplecnn,C2,99,396,226,7.5,0.72220077220077228,45.808,0.59999999999999998,0.050000000000000003
cifar100_simplecnn,C2,100,400,221.5,7.5,0.76208494208494204,46.789999999999999,0.65000000000000002,0.10000000000000001
cifar100_simplecnn,C2,101,404,260.5,7.5,0.69424710424710423,45.094000000000001,0.5,0.14999999999999999
cifar100_simplecnn,C2,102,408,244,7.5,0.69000000000000006,43.856000000000002,0.59999999999999998,0.20000000000000001
cifar100_simplecnn,C2,103,412,214,7.5,0.75803088803088803,46.096000000000004,0.59999999999999998,0.10000000000000001
cifar100_simplecnn,C2,104,416,298,7.5,0.64710424710424719,43.206000000000003,0.5,0.25
cifar100_simplecnn,C2,105,420,362.5,7.5,0.63899613899613894,43.136000000000003,0.40000000000000002,0.20000000000000001
cifar100_simplecnn,C2,106,424,296.5,7.5,0.70413127413127419,44.787999999999997,0.5,0.14999999999999999
cifar100_simplecnn,C2,107,428,242.5,7.5,0.72416988416988415,45.558,0.59999999999999998,0.10000000000000001
cifar100_simplecnn,C2,108,432,232,7.5,0.74945945945945946,45.804000000000002,0.59999999999999998,0.14999999999999999
cifar100_simplecnn,C2,109,436,212.5,7.5,0.73679536679536684,45.893999999999998,0.65000000000000002,0.10000000000000001
cifar100_simplecnn,C2,110,440,203,7.5,0.80220077220077213,47.603999999999999,0.65000000000000002,0
cifar100_simplecnn,C2,111,444,300,7.5,0.65370656370656366,43.712000000000003,0.45000000000000001,0.20000000000000001
cifar100_simplecnn,C2,112,448,221.5,7.5,0.76135135135135135,46.853999999999999,0.59999999999999998,0
cifar100_simplecnn,C2,113,452,210,7.5,0.77169884169884173,46.652000000000001,0.80000000000000004,0.14999999999999999
cifar100_simplecnn,C2,114,456,209,7.5,0.68764478764478765,44.630000000000003,0.59999999999999998,0.14999999999999999
cifar100_simplecnn,C2,115,460,250,7.5,0.69552123552123546,44.926000000000002,0.55000000000000004,0.10000000000000001
cifar100_simplecnn,C2,116,464,225,7.5,0.79702702702702699,47.561999999999998,0.80000000000000004,0
cifar100_simplecnn,C2,117,468,244,7.5,0.72324324324324318,45.834000000000003,0.55000000000000004,0.10000000000000001
cifar100_simplecnn,C2,118,472,348,7.5,0.62023166023166021,41.462000000000003,0.45000000000000001,0.29999999999999999
cifar100_simplecnn,C2,119,476,198.5,7.5,0.82814671814671814,48.101999999999997,0.84999999999999998,0
cifar100_simplecnn,C2,120,480,195.5,7.5,0.80069498069498068,46.892000000000003,0.69999999999999996,0
cifar100_simplecnn,C2,121,484,175,7.5,0.81335907335907331,47.601999999999997,0.75,0
cifar100_simplecnn,C2,122,488,231.5,7.5,0.76088803088803092,46.790000000000006,0.59999999999999998,0.050000000000000003
cifar100_simplecnn,C2,123,492,237,7.5,0.73285714285714287,45.172000000000004,0.65000000000000002,0.14999999999999999
cifar100_simplecnn,C2,124,496,243,7.5,0.71474903474903473,44.908000000000001,0.59999999999999998,0.14999999999999999
cifar100_simplecnn,C2,125,500,286,7.5,0.66552123552123554,44.280000000000001,0.45000000000000001,0.14999999999999999
cifar100_simplecnn,C2,126,504,215.5,7.5,0.76030888030888033,46.287999999999997,0.69999999999999996,0.050000000000000003
cifar100_simplecnn,C2,127,508,234.5,7.5,0.74084942084942085,45.988,0.59999999999999998,0.050000000000000003
cifar100_simplecnn,C2,128,512,245.5,7.5,0.73370656370656362,45.706000000000003,0.59999999999999998,0.10000000000000001
cifar100_simplecnn,C2,129,516,251.5,7.5,0.74382239382239379,46.160000000000004,0.5,0.050000000000000003
cifar100_simplecnn,C2,130,520,202,7.5,0.81115830115830112,47.792000000000002,0.80000000000000004,0
cifar100_simplecnn,C2,131,524,217.5,7.5,0.76146718146718151,46.213999999999999,0.80000000000000004,0.10000000000000001
cifar100_simplecnn,C2,132,528,213,7.5,0.74451737451737454,46.398000000000003,0.75,0.10000000000000001
cifar100_simplecnn,C2,133,532,224.5,7.5,0.72054054054054051,44.707999999999998,0.59999999999999998,0.14999999999999999
cifar100_simplecnn,C2,134,536,247,7.5,0.76571428571428579,47.019999999999996,0.69999999999999996,0.050000000000000003
cifar100_simplecnn,C2,135,540,249,7.5,0.7172972972972973,44.754000000000005,0.59999999999999998,0.10000000000000001
cifar100_simplecnn,C2,136,544,212,7.5,0.81640926640926637,47.777999999999999,0.80000000000000004,0
cifar100_simplecnn,C2,137,548,203,7.5,0.7834362934362934,47.022000000000006,0.69999999999999996,0.10000000000000001
cifar100_simplecnn,C2,138,552,243,7.5,0.76158301158301156,47.216000000000001,0.59999999999999998,0
cifar100_simplecnn,C2,139,556,247,7.5,0.73451737451737453,46.339999999999996,0.55000000000000004,0
cifar100_simplecnn,C2,140,560,198,7.5,0.78579150579150581,46.576000000000001,0.69999999999999996,0.050000000000000003
cifar100_simplecnn,C2,141,564,204,7.5,0.78895752895752902,47.194000000000003,0.75,0.050000000000000003
cifar100_simplecnn,C2,142,568,247.5,7.5,0.78540540540540538,47.869999999999997,0.69999999999999996,0
cifar100_simplecnn,C2,143,572,226.5,7.5,0.7757915057915058,47.483999999999995,0.65000000000000002,0
cifar100_simplecnn,C2,144,576,236.5,7.5,0.76552123552123552,46.951999999999998,0.65000000000000002,0
cifar100_simplecnn,C2,145,580,226.5,7.5,0.80667953667953662,48.034000000000006,0.75,0
cifar100_simplecnn,C2,146,584,249,7.5,0.74046332046332053,45.676000000000002,0.59999999999999998,0.10000000000000001
cifar100_simplecnn,C2,147,588,249,7.5,0.73409266409266416,46.280000000000001,0.65000000000000002,0.10000000000000001
cifar100_simplecnn,C2,148,592,217.5,7.5,0.73907335907335914,45.940000000000005,0.69999999999999996,0.050000000000000003
cifar100_simplecnn,C2,149,596,197.5,7.5,0.83231660231660221,48.242000000000004,0.90000000000000002,0
cifar100_simplecnn,C2,150,600,222,7.5,0.76664092664092665,46.988,0.75,0.050000000000000003
cifar100_simplecnn,C2,151,604,233,7.5,0.7940926640926641,47.661999999999999,0.69999999999999996,0
cifar100_simplecnn,C2,152,608,208.5,7.5,0.80752895752895759,47.576000000000001,0.84999999999999998,0.050000000000000003
cifar100_simplecnn,C2,153,612,200,7.5,0.80405405405405406,47.540000000000006,0.84999999999999998,0.050000000000000003
cifar100_simplecnn,C2,154,616,241.5,7.5,0.76301158301158301,46.664000000000001,0.65000000000000002,0.050000000000000003
cifar100_simplecnn,C2,155,620,250,7.5,0.76679536679536686,47.136000000000003,0.75,0
cifar100_simplecnn,C2,156,624,209,7.5,0.79884169884169887,47.893999999999998,0.75,0
cifar100_simplecnn,C2,157,628,205.5,7.5,0.77648648648648655,46.652000000000001,0.69999999999999996,0.050000000000000003
cifar100_simplecnn,C2,158,632,207,7.5,0.79374517374517373,47.339999999999996,0.80000000000000004,0.10000000000000001
cifar100_simplecnn,C2,159,636,251,7.5,0.65783783783783778,43.927999999999997,0.59999999999999998,0.25
cifar100_simplecnn,C2,160,640,211.5,7.5,0.81189189189189181,48.149999999999999,0.80000000000000004,0
cifar100_simplecnn,C2,161,644,213,7.5,0.82208494208494209,48.310000000000002,0.94999999999999996,0
cifar100_simplecnn,C2,162,648,206.5,7.5,0.78285714285714281,46.751999999999995,0.84999999999999998,0.050000000000000003
cifar100_simplecnn,C2,163,652,213,7.5,0.80347490347490358,47.857999999999997,0.75,0
cifar100_simplecnn,C2,164,656,237.5,7.5,0.76135135135135135,46.829999999999998,0.75,0.10000000000000001
cifar100_simplecnn,C2,165,660,203.5,7.5,0.80216216216216218,47.125999999999998,0.84999999999999998,0.050000000000000003
cifar100_simplecnn,C2,166,664,207.5,7.5,0.81189189189189181,48.058000000000007,0.90000000000000002,0.050000000000000003
cifar100_simplecnn,C2,167,668,242,7.5,0.78922779922779918,47.148000000000003,0.75,0.050000000000000003
cifar100_simplecnn,C2,168,672,218.5,7.5,0.78440154440154441,47.347999999999999,0.69999999999999996,0
cifar100_simplecnn,C2,169,676,201,7.5,0.8381853281853282,48.525999999999996,0.84999999999999998,0
cifar100_simplecnn,C2,170,680,243.5,7.5,0.74509652509652502,46.246000000000002,0.69999999999999996,0.10000000000000001
cifar100_simplecnn,C2,171,684,205.5,7.5,0.81872586872586872,48.130000000000003,0.84999999999999998,0
cifar100_simplecnn,C2,172,688,231.5,7.5,0.77552123552123553,47.113999999999997,0.75,0.10000000000000001
cifar100_simplecnn,C2,173,692,244.5,7.5,0.80814671814671812,48.339999999999996,0.80000000000000004,0
cifar100_simplecnn,C2,174,696,203.5,7.5,0.82501930501930509,48.439999999999998,0.80000000000000004,0
cifar100_simplecnn,C2,175,700,215,7.5,0.79907335907335908,47.792000000000002,0.84999999999999998,0
cifar100_simplecnn,C2,176,704,242.5,7.5,0.80003861003860999,47.980000000000004,0.69999999999999996,0
cifar100_simplecnn,C2,177,708,243.5,7.5,0.77413127413127414,47.323999999999998,0.90000000000000002,0.10000000000000001
cifar100_simplecnn,C2,178,712,200.5,7.5,0.82629343629343632,48.097999999999999,0.80000000000000004,0
cifar100_simplecnn,C2,179,716,202.5,7.5,0.83972972972972981,48.618000000000002,0.94999999999999996,0
cifar100_simplecnn,C2,180,720,212,7.5,0.82965250965250958,48.648000000000003,0.90000000000000002,0
cifar100_simplecnn,C2,181,724,227.5,7.5,0.72220077220077217,45.390000000000001,0.69999999999999996,0.20000000000000001
cifar100_simplecnn,C2,182,728,204,7.5,0.79992277992277994,47.328000000000003,0.90000000000000002,0.050000000000000003
cifar100_simplecnn,C2,183,732,247.5,7.5,0.82042471042471043,48.486000000000004,0.84999999999999998,0
cifar100_simplecnn,C2,184,736,236.5,7.5,0.79953667953667951,47.984000000000002,0.80000000000000004,0
cifar100_simplecnn,C2,185,740,237.5,7.5,0.74471042471042481,46.260000000000005,0.75,0.050000000000000003
cifar100_simplecnn,C2,186,744,245,7.5,0.77127413127413136,47.366,0.69999999999999996,0.050000000000000003
cifar100_simplecnn,C2,187,748,211,7.5,0.80810810810810807,47.998000000000005,0.94999999999999996,0.050000000000000003
cifar100_simplecnn,C2,188,752,243,7.5,0.77853281853281853,47.486000000000004,0.65000000000000002,0
cifar100_simplecnn,C2,189,756,240,7.5,0.77420849420849414,46.963999999999999,0.84999999999999998,0.050000000000000003
cifar100_simplecnn,C2,190,760,241.5,7.5,0.79606177606177608,47.763999999999996,0.80000000000000004,0
cifar100_simplecnn,C2,191,764,223,7.5,0.80177606177606187,47.700000000000003,0.75,0.050000000000000003
cifar100_simplecnn,C2,192,768,250,7.5,0.78262548262548259,47.758000000000003,0.69999999999999996,0
cifar100_simplecnn,C2,193,772,205,7.5,0.80115830115830122,47.838000000000001,0.90000000000000002,0
cifar100_simplecnn,C2,194,776,207.5,7.5,0.83525096525096532,48.398000000000003,0.84999999999999998,0
cifar100_simplecnn,C2,195,780,209,7.5,0.81513513513513514,48.260000000000005,0.90000000000000002,0
cifar100_simplecnn,C2,196,784,237,7.5,0.80567567567567566,47.798000000000002,0.80000000000000004,0.050000000000000003
cifar100_simplecnn,C2,197,788,244,7.5,0.79822393822393822,48.137999999999998,0.75,0
cifar100_simplecnn,C2,198,792,203,7.5,0.83861003861003858,48.730000000000004,0.94999999999999996,0
cifar100_simplecnn,C2,199,796,206.5,7.5,0.84231660231660244,48.648000000000003,0.94999999999999996,0
cifar100_simplecnn,C2,200,800,244,7.5,0.79583011583011587,47.810000000000002,0.75,0
cifar100_simplecnn,C2,201,804,208.5,7.5,0.80416988416988422,47.910000000000004,0.90000000000000002,0
cifar100_simplecnn,C2,202,808,209,7.5,0.77602316602316601,47.152000000000001,0.80000000000000004,0.050000000000000003
cifar100_simplecnn,C2,203,812,204.5,7.5,0.79969111969111961,48.008000000000003,0.84999999999999998,0.050000000000000003
cifar100_simplecnn,C2,204,816,242.5,7.5,0.77297297297297296,46.805999999999997,0.75,0.050000000000000003
cifar100_simplecnn,C2,205,820,228.5,7.5,0.772046332046332,46.905999999999999,0.69999999999999996,0.10000000000000001
cifar100_simplecnn,C2,206,824,213,7.5,0.76073359073359081,46.040000000000006,0.80000000000000004,0.10000000000000001
cifar100_simplecnn,C2,207,828,205.5,7.5,0.81826254826254829,48.224000000000004,0.80000000000000004,0
cifar100_simplecnn,C2,208,832,208,7.5,0.82795366795366798,48.454000000000001,0.84999999999999998,0
cifar100_simplecnn,C2,209,836,221,7.5,0.82042471042471043,48.654000000000003,0.84999999999999998,0
cifar100_simplecnn,C2,210,840,214,7.5,0.81772200772200776,48.158000000000001,0.90000000000000002,0
cifar100_simplecnn,C2,211,844,245,7.5,0.80007722007722004,47.725999999999999,0.75,0.050000000000000003
cifar100_simplecnn,C2,212,848,204,7.5,0.82420849420849418,48.085999999999999,0.94999999999999996,0.050000000000000003
cifar100_simplecnn,C2,213,852,234,7.5,0.79664092664092667,47.396000000000001,0.90000000000000002,0.050000000000000003
cifar100_simplecnn,C2,214,856,210.5,7.5,0.82034749034749033,48.192,0.90000000000000002,0
cifar100_simplecnn,C2,215,860,207.5,7.5,0.8017374517374517,47.772000000000006,0.84999999999999998,0.050000000000000003
cifar100_simplecnn,C2,216,864,243,7.5,0.80822393822393823,48.329999999999998,0.69999999999999996,0
cifar100_simplecnn,C2,217,868,210.5,7.5,0.82803088803088798,48.603999999999999,0.90000000000000002,0
cifar100_simplecnn,C2,218,872,209,7.5,0.79486486486486485,47.024000000000001,0.80000000000000004,0.050000000000000003
cifar100_simplecnn,C2,219,876,211.5,7.5,0.82262548262548274,48.405999999999999,0.90000000000000002,0
cifar100_simplecnn,C2,220,880,202,7.5,0.76911196911196911,46.43,0.80000000000000004,0.050000000000000003
cifar100_simplecnn,C2,221,884,242.5,7.5,0.81803088803088797,48.438000000000002,0.80000000000000004,0
cifar100_simplecnn,C2,222,888,204.5,7.5,0.78150579150579147,46.738,0.84999999999999998,0.10000000000000001
cifar100_simplecnn,C2,223,892,243,7.5,0.80169884169884165,48.224000000000004,0.80000000000000004,0
cifar100_simplecnn,C2,224,896,204,7.5,0.83486486486486489,48.613999999999997,0.94999999999999996,0
cifar100_simplecnn,C2,225,900,201,7.5,0.81436293436293439,48.049999999999997,0.90000000000000002,0.050000000000000003
cifar100_simplecnn,C2,226,904,205,7.5,0.80324324324324325,47.404000000000003,0.90000000000000002,0.050000000000000003
cifar100_simplecnn,C2,227,908,200.5,7.5,0.8519305019305019,48.658000000000001,1,0
cifar100_simplecnn,C2,228,912,233.5,7.5,0.81154440154440155,48.085999999999999,0.75,0
cifar100_simplecnn,C2,229,916,230,7.5,0.81370656370656369,48.564,0.84999999999999998,0
cifar100_simplecnn,C2,230,920,223,7.5,0.791003861003861,47.980000000000004,0.75,0
cifar100_simplecnn,C2,231,924,208.5,7.5,0.81787644787644775,48.323999999999998,0.94999999999999996,0
cifar100_simplecnn,C2,232,928,223,7.5,0.80223938223938218,47.93,0.84999999999999998,0.050000000000000003
cifar100_simplecnn,C2,233,932,202,7.5,0.79888030888030881,47.731999999999999,0.90000000000000002,0.050000000000000003
cifar100_simplecnn,C2,234,936,213,7.5,0.75042471042471048,46.245999999999995,0.75,0.10000000000000001
cifar100_simplecnn,C2,235,940,206.5,7.5,0.82250965250965247,48.481999999999999,0.84999999999999998,0
cifar100_simplecnn,C2,236,944,218,7.5,0.7818918918918919,47.024000000000001,0.90000000000000002,0.050000000000000003
cifar100_simplecnn,C2,237,948,239.5,7.5,0.80274131274131277,48.112000000000002,0.80000000000000004,0
cifar100_simplecnn,C2,238,952,204.5,7.5,0.84011583011583002,48.68,0.94999999999999996,0
cifar100_simplecnn,C2,239,956,244,7.5,0.77938223938223938,47.525999999999996,0.90000000000000002,0.10000000000000001
cifar100_simplecnn,C2,240,960,238.5,7.5,0.78528957528957533,47.601999999999997,0.75,0
cifar100_simplecnn,C2,241,964,209,7.5,0.81617760617760615,48.396000000000001,0.94999999999999996,0
cifar100_simplecnn,C2,242,968,237,7.5,0.82563706563706563,48.738,0.94999999999999996,0
cifar100_simplecnn,C2,243,972,206.5,7.5,0.81335907335907331,48.049999999999997,0.94999999999999996,0.050000000000000003
cifar100_simplecnn,C2,244,976,221,7.5,0.81602316602316605,48.272000000000006,0.84999999999999998,0
cifar100_simplecnn,C2,245,980,241,7.5,0.79416988416988421,47.966000000000001,0.84999999999999998,0.050000000000000003
cifar100_simplecnn,C2,246,984,203,7.5,0.83814671814671815,48.808000000000007,1,0
cifar100_simplecnn,C2,247,988,224.5,7.5,0.79586872586872581,47.93,0.84999999999999998,0.050000000000000003
cifar100_simplecnn,C2,248,992,215.5,7.5,0.80675675675675684,48.112000000000002,0.84999999999999998,0
cifar100_simplecnn,C2,249,996,203.5,7.5,0.82555984555984563,48.357999999999997,0.94999999999999996,0
cifar100_simplecnn,C2,250,1000,204,7.5,0.84606177606177602,48.772000000000006,1,0
cifar100_simplecnn,C2,251,1004,204.5,7.5,0.82934362934362937,48.631999999999998,0.84999999999999998,0
cifar100_simplecnn,C2,252,1008,202,7.5,0.8160617760617761,47.978000000000002,0.90000000000000002,0.050000000000000003
cifar100_simplecnn,C2,253,1012,207,7.5,0.79772200772200774,47.678000000000004,0.90000000000000002,0.050000000000000003
cifar100_simplecnn,C2,254,1016,206.5,7.5,0.82849420849420841,48.720000000000006,0.90000000000000002,0
cifar100_simplecnn,C2,255,1020,227,7.5,0.8236293436293437,48.530000000000001,0.84999999999999998,0
cifar100_simplecnn,C2,256,1024,211,7.5,0.82613899613899611,48.661999999999999,0.90000000000000002,0
cifar100_simplecnn,C2,257,1028,205.5,7.5,0.82644787644787654,48.525999999999996,0.84999999999999998,0
cifar100_simplecnn,C2,258,1032,203,7.5,0.83749034749034745,48.731999999999999,0.94999999999999996,0
cifar100_simplecnn,C2,259,1036,204,7.5,0.78988416988416987,47.596000000000004,0.80000000000000004,0.050000000000000003
cifar100_simplecnn,C2,260,1040,230.5,7.5,0.77899613899613906,46.594000000000001,0.80000000000000004,0.10000000000000001
cifar100_simplecnn,C2,261,1044,211,7.5,0.82741312741312745,48.670000000000002,0.94999999999999996,0
cifar100_simplecnn,C2,262,1048,205,7.5,0.84733590733590736,48.706000000000003,0.94999999999999996,0
cifar100_simplecnn,C2,263,1052,204,7.5,0.84173745173745174,48.698,0.90000000000000002,0
cifar100_simplecnn,C2,264,1056,223.5,7.5,0.79988416988416988,47.963999999999999,0.84999999999999998,0.050000000000000003
cifar100_simplecnn,C2,265,1060,209,7.5,0.8054826254826255,47.390000000000001,0.94999999999999996,0.050000000000000003
cifar100_simplecnn,C2,266,1064,221,7.5,0.77637065637065639,46.805999999999997,0.90000000000000002,0.10000000000000001
cifar100_simplecnn,C2,267,1068,201,7.5,0.83934362934362938,48.740000000000002,1,0
cifar100_simplecnn,C2,268,1072,203,7.5,0.83934362934362938,48.686,0.94999999999999996,0
cifar100_simplecnn,C2,269,1076,209,7.5,0.82918918918918916,48.362000000000002,0.94999999999999996,0
cifar100_simplecnn,C2,270,1080,202.5,7.5,0.81532818532818541,48.201999999999998,0.90000000000000002,0
cifar100_simplecnn,C2,271,1084,228.5,7.5,0.79772200772200774,47.874000000000002,0.84999999999999998,0.050000000000000003
cifar100_simplecnn,C2,272,1088,208,7.5,0.83185328185328178,48.670000000000002,0.94999999999999996,0
cifar100_simplecnn,C2,273,1092,207,7.5,0.83347490347490338,48.724000000000004,1,0
cifar100_simplecnn,C2,274,1096,245,7.5,0.75953667953667958,47.137999999999998,0.75,0.050000000000000003
cifar100_simplecnn,C2,275,1100,211.5,7.5,0.83189189189189194,48.798000000000002,1,0
cifar100_simplecnn,C2,276,1104,201,7.5,0.8494980694980695,48.756,1,0
cifar100_simplecnn,C2,277,1108,211,7.5,0.83467181467181462,48.700000000000003,0.94999999999999996,0
cifar100_simplecnn,C2,278,1112,211,7.5,0.83393822393822392,48.625999999999998,0.94999999999999996,0
cifar100_simplecnn,C2,279,1116,210,7.5,0.83312741312741312,48.744,0.90000000000000002,0
cifar100_simplecnn,C2,280,1120,212,7.5,0.82374517374517375,48.561999999999998,0.94999999999999996,0
cifar100_simplecnn,C2,281,1124,224,7.5,0.73193050193050191,45.296000000000006,0.75,0.10000000000000001
cifar100_simplecnn,C2,282,1128,205,7.5,0.85088803088803089,48.835999999999999,1,0
cifar100_simplecnn,C2,283,1132,209.5,7.5,0.81011583011583022,48.091999999999999,0.94999999999999996,0.050000000000000003
cifar100_simplecnn,C2,284,1136,202,7.5,0.79235521235521245,47.590000000000003,0.84999999999999998,0.050000000000000003
cifar100_simplecnn,C2,285,1140,209,7.5,0.80177606177606164,47.886000000000003,0.90000000000000002,0
cifar100_simplecnn,C2,286,1144,210,7.5,0.80714285714285716,47.957999999999998,0.90000000000000002,0.050000000000000003
cifar100_simplecnn,C2,287,1148,207,7.5,0.83698841698841697,48.774000000000001,0.94999999999999996,0
cifar100_simplecnn,C2,288,1152,204,7.5,0.82478764478764488,48.290000000000006,0.84999999999999998,0
cifar100_simplecnn,C2,289,1156,223.5,7.5,0.82030888030888038,48.603999999999999,0.84999999999999998,0
cifar100_simplecnn,C2,290,1160,206.5,7.5,0.83000000000000007,48.637999999999998,0.90000000000000002,0
cifar100_simplecnn,C2,291,1164,228.5,7.5,0.83285714285714296,48.672000000000004,0.94999999999999996,0
cifar100_simplecnn,C2,292,1168,206.5,7.5,0.8381081081081081,48.814,1,0
cifar100_simplecnn,C2,293,1172,216.5,7.5,0.83436293436293441,48.808000000000007,1,0
cifar100_simplecnn,C2,294,1176,204.5,7.5,0.83637065637065644,48.670000000000002,0.94999999999999996,0
cifar100_simplecnn,C2,295,1180,210,7.5,0.83343629343629344,48.805999999999997,1,0
cifar100_simplecnn,C2,296,1184,203,7.5,0.84131274131274125,48.764000000000003,0.94999999999999996,0
cifar100_simplecnn,C2,297,1188,212,7.5,0.83664092664092671,48.792000000000002,0.94999999999999996,0
cifar100_simplecnn,C2,298,1192,243.5,7.5,0.82637065637065632,48.786000000000001,0.90000000000000002,0
cifar100_simplecnn,C2,299,1196,210.5,7.5,0.8091505791505792,48.052000000000007,0.90000000000000002,0.050000000000000003
cifar100_simplecnn,C2,300,1200,228,7.5,0.81957528957528969,48.698,0.84999999999999998,0
cifar100_simplecnn,C2,301,1204,204,7.5,0.80725868725868732,48.238,0.84999999999999998,0
cifar100_simplecnn,C2,302,1208,215,7.5,0.82285714285714273,48.589999999999996,0.84999999999999998,0
cifar100_simplecnn,C2,303,1212,225,7.5,0.82235521235521225,48.700000000000003,0.94999999999999996,0
cifar100_simplecnn,C2,304,1216,210,7.5,0.83146718146718146,48.781999999999996,0.94999999999999996,0
cifar100_simplecnn,C2,305,1220,207,7.5,0.81447876447876444,48.353999999999999,0.94999999999999996,0
cifar100_simplecnn,C2,306,1224,202.5,7.5,0.83586872586872585,48.808,1,0
cifar100_simplecnn,C2,307,1228,210,7.5,0.83768339768339772,48.730000000000004,0.94999999999999996,0
cifar100_simplecnn,C2,308,1232,203,7.5,0.80972972972972967,48.146000000000001,0.94999999999999996,0.050000000000000003
cifar100_simplecnn,C2,309,1236,208.5,7.5,0.81799227799227803,48.166000000000004,0.90000000000000002,0
cifar100_simplecnn,C2,310,1240,203,7.5,0.83077220077220082,48.492000000000004,0.90000000000000002,0
cifar100_simplecnn,C2,311,1244,210,7.5,0.81320463320463321,48.322000000000003,0.90000000000000002,0
cifar100_simplecnn,C2,312,1248,209,7.5,0.81837837837837846,48.350000000000001,0.94999999999999996,0
cifar100_simplecnn,C2,313,1252,202,7.5,0.82891891891891889,48.784000000000006,0.94999999999999996,0
cifar100_simplecnn,C2,314,1256,236,7.5,0.81115830115830112,48.531999999999996,0.84999999999999998,0
cifar100_simplecnn,C2,315,1260,209.5,7.5,0.80772200772200775,48.152000000000001,0.90000000000000002,0.050000000000000003
cifar100_simplecnn,C2,316,1264,209,7.5,0.83285714285714296,48.762,1,0
cifar100_simplecnn,C2,317,1268,228.5,7.5,0.80393822393822401,48.228000000000002,0.80000000000000004,0
cifar100_simplecnn,C2,318,1272,239.5,7.5,0.78961389961389961,47.381999999999998,0.84999999999999998,0.050000000000000003
cifar100_simplecnn,C2,319,1276,203,7.5,0.83795366795366788,48.790000000000006,1,0
cifar100_simplecnn,C2,320,1280,204,7.5,0.84166023166023174,48.856000000000002,1,0
cifar100_simplecnn,C2,321,1284,204,7.5,0.83694980694980692,48.838000000000001,0.94999999999999996,0
cifar100_simplecnn,C2,322,1288,204.5,7.5,0.82841698841698841,48.673999999999999,0.90000000000000002,0
cifar100_simplecnn,C2,323,1292,206.5,7.5,0.83853281853281858,48.772000000000006,0.94999999999999996,0
cifar100_simplecnn,C2,324,1296,204.5,7.5,0.83586872586872585,48.666000000000004,1,0
cifar100_simplecnn,C2,325,1300,203,7.5,0.83563706563706552,48.822000000000003,0.94999999999999996,0
cifar100_simplecnn,C2,326,1304,200.5,7.5,0.8023166023166024,47.346000000000004,0.90000000000000002,0.050000000000000003
cifar100_simplecnn,C2,327,1308,200,7.5,0.84420849420849431,48.748000000000005,0.94999999999999996,0
cifar100_simplecnn,C2,328,1312,200,7.5,0.8405405405405405,48.786000000000001,1,0
cifar100_simplecnn,C2,329,1316,203,7.5,0.83633204633204627,48.793999999999997,0.94999999999999996,0
cifar100_simplecnn,C2,330,1320,203,7.5,0.82888030888030895,48.736000000000004,0.94999999999999996,0
cifar100_simplecnn,C2,331,1324,200.5,7.5,0.8458301158301158,48.75,1,0
cifar100_simplecnn,C2,332,1328,203.5,7.5,0.83544401544401548,48.799999999999997,1,0
cifar100_simplecnn,C2,333,1332,241,7.5,0.8198841698841699,48.561999999999998,0.94999999999999996,0
cifar100_simplecnn,C2,334,1336,206.5,7.5,0.83096525096525098,48.696000000000005,0.94999999999999996,0
cifar100_simplecnn,C2,335,1340,206.5,7.5,0.82397683397683397,48.68,0.94999999999999996,0
cifar100_simplecnn,C2,336,1344,204,7.5,0.81749034749034755,48.166000000000004,0.94999999999999996,0.050000000000000003
cifar100_simplecnn,C2,337,1348,205,7.5,0.77355212355212355,47.045999999999999,0.84999999999999998,0.10000000000000001
cifar100_simplecnn,C2,338,1352,209,7.5,0.83285714285714296,48.748000000000005,0.94999999999999996,0
cifar100_simplecnn,C2,339,1356,207,7.5,0.82764478764478766,48.798000000000002,0.94999999999999996,0
cifar100_simplecnn,C2,340,1360,203.5,7.5,0.83440154440154435,48.816000000000003,1,0
cifar100_simplecnn,C2,341,1364,202.5,7.5,0.83729729729729718,48.856000000000002,1,0
cifar100_simplecnn,C2,342,1368,200,7.5,0.81830115830115824,48.134,0.80000000000000004,0
cifar100_simplecnn,C2,343,1372,204,7.5,0.81876447876447878,48.152000000000001,0.90000000000000002,0.050000000000000003
cifar100_simplecnn,C2,344,1376,211,7.5,0.82420849420849418,48.751999999999995,0.94999999999999996,0
cifar100_simplecnn,C2,345,1380,227,7.5,0.83034749034749034,48.829999999999998,0.94999999999999996,0
cifar100_simplecnn,C2,346,1384,204,7.5,0.84351351351351356,48.706000000000003,0.94999999999999996,0
cifar100_simplecnn,C2,347,1388,207,7.5,0.79888030888030881,47.434000000000005,0.94999999999999996,0.050000000000000003
cifar100_simplecnn,C2,348,1392,201,7.5,0.83447876447876435,48.828000000000003,1,0
cifar100_simplecnn,C2,349,1396,225.5,7.5,0.81308880308880305,48.305999999999997,0.90000000000000002,0
cifar100_simplecnn,C2,350,1400,200,7.5,0.83776061776061772,48.852000000000004,1,0
cifar100_simplecnn,C2,351,1404,204.5,7.5,0.81092664092664091,48.218000000000004,0.94999999999999996,0.050000000000000003
cifar100_simplecnn,C2,352,1408,200,7.5,0.84779922779922789,48.792000000000002,1,0
cifar100_simplecnn,C2,353,1412,207,7.5,0.80749034749034754,48.085999999999999,0.90000000000000002,0.050000000000000003
cifar100_simplecnn,C2,354,1416,204,7.5,0.84432432432432436,48.822000000000003,1,0
cifar100_simplecnn,C2,355,1420,202,7.5,0.81806949806949802,48.347999999999999,0.84999999999999998,0
cifar100_simplecnn,C2,356,1424,210,7.5,0.83366795366795365,48.822000000000003,1,0
cifar100_simplecnn,C2,357,1428,202.5,7.5,0.83027027027027034,48.618000000000002,0.90000000000000002,0
cifar100_simplecnn,C2,358,1432,223,7.5,0.83926640926640927,48.805999999999997,1,0
cifar100_simplecnn,C2,359,1436,211,7.5,0.75980694980694985,46.628,0.80000000000000004,0.10000000000000001
cifar100_simplecnn,C2,360,1440,211.5,7.5,0.81081081081081086,48.411999999999999,0.94999999999999996,0
cifar100_simplecnn,C2,361,1444,200,7.5,0.85405405405405399,48.840000000000003,1,0
cifar100_simplecnn,C2,362,1448,200,7.5,0.82787644787644799,48.513999999999996,0.90000000000000002,0
cifar100_simplecnn,C2,363,1452,208,7.5,0.76416988416988407,46.701999999999998,0.84999999999999998,0.10000000000000001
cifar100_simplecnn,C2,364,1456,208,7.5,0.83432432432432435,48.722000000000001,0.94999999999999996,0
cifar100_simplecnn,C2,365,1460,204.5,7.5,0.83034749034749034,48.658000000000001,0.90000000000000002,0
cifar100_simplecnn,C2,366,1464,200,7.5,0.83652509652509655,48.738,0.94999999999999996,0
cifar100_simplecnn,C2,367,1468,206.5,7.5,0.83683397683397676,48.728000000000002,1,0
cifar100_simplecnn,C2,368,1472,209,7.5,0.83687258687258692,48.802000000000007,0.94999999999999996,0
cifar100_simplecnn,C2,369,1476,202.5,7.5,0.81783783783783781,48.362000000000002,0.94999999999999996,0
cifar100_simplecnn,C2,370,1480,200,7.5,0.8412741312741312,48.810000000000002,1,0
cifar100_simplecnn,C2,371,1484,210,7.5,0.82351351351351343,48.738,0.94999999999999996,0
cifar100_simplecnn,C2,372,1488,212,7.5,0.82471042471042466,48.748000000000005,0.94999999999999996,0
cifar100_simplecnn,C2,373,1492,209,7.5,0.8243629343629344,48.701999999999998,0.90000000000000002,0
cifar100_simplecnn,C2,374,1496,202,7.5,0.83652509652509655,48.839999999999996,1,0
cifar100_simplecnn,C2,375,1500,207,7.5,0.83567567567567558,48.840000000000003,1,0
cifar100_simplecnn,C2,376,1504,207,7.5,0.81957528957528969,48.694000000000003,0.94999999999999996,0
cifar100_simplecnn,C2,377,1508,227,7.5,0.79760617760617758,47.534000000000006,0.94999999999999996,0.050000000000000003
cifar100_simplecnn,C2,378,1512,207,7.5,0.82498069498069493,48.734000000000002,0.94999999999999996,0
cifar100_simplecnn,C2,379,1516,202.5,7.5,0.83853281853281858,48.760000000000005,1,0
cifar100_simplecnn,C2,380,1520,201,7.5,0.84135135135135131,48.868000000000002,1,0
cifar100_simplecnn,C2,381,1524,209,7.5,0.83289575289575291,48.839999999999996,1,0
cifar100_simplecnn,C2,382,1528,208.5,7.5,0.82521235521235514,48.652000000000001,0.94999999999999996,0
cifar100_simplecnn,C2,383,1532,201,7.5,0.80212355212355213,47.981999999999999,0.90000000000000002,0.050000000000000003
cifar100_simplecnn,C2,384,1536,205.5,7.5,0.82131274131274135,48.359999999999999,0.94999999999999996,0
cifar100_simplecnn,C2,385,1540,200.5,7.5,0.83347490347490338,48.631999999999998,1,0
cifar100_simplecnn,C2,386,1544,201,7.5,0.84301158301158297,48.838000000000001,1,0
cifar100_simplecnn,C2,387,1548,207,7.5,0.82741312741312745,48.748000000000005,0.94999999999999996,0
cifar100_simplecnn,C2,388,1552,202.5,7.5,0.8382625482625482,48.82,0.94999999999999996,0
cifar100_simplecnn,C2,389,1556,222.5,7.5,0.83011583011583012,48.756,1,0
cifar100_simplecnn,C2,390,1560,209,7.5,0.83123552123552125,48.698,1,0
cifar100_simplecnn,C2,391,1564,212,7.5,0.80687258687258689,48.372,0.90000000000000002,0
cifar100_simplecnn,C2,392,1568,203,7.5,0.8419305019305019,48.805999999999997,1,0
cifar100_simplecnn,C2,393,1572,201,7.5,0.83961389961389954,48.616,0.94999999999999996,0
cifar100_simplecnn,C2,394,1576,208,7.5,0.81586872586872583,48.393999999999998,0.94999999999999996,0
cifar100_simplecnn,C2,395,1580,206.5,7.5,0.83397683397683386,48.862000000000002,1,0
cifar100_simplecnn,C2,396,1584,207.5,7.5,0.83741312741312746,48.805999999999997,0.94999999999999996,0
cifar100_simplecnn,C2,397,1588,203,7.5,0.80351351351351352,47.510000000000005,0.94999999999999996,0.050000000000000003
cifar100_simplecnn,C2,398,1592,227.5,7.5,0.74745173745173743,46.308,0.75,0.050000000000000003
cifar100_simplecnn,C2,399,1596,202.5,7.5,0.82803088803088798,48.826000000000001,0.94999999999999996,0
cifar100_simplecnn,C2,400,1600,204,7.5,0.83903474903474906,48.826000000000001,1,0
cifar100_simplecnn,C2,401,1604,211,7.5,0.83667953667953676,48.829999999999998,1,0
cifar100_simplecnn,C2,402,1608,201,7.5,0.83992277992277986,48.793999999999997,1,0
cifar100_simplecnn,C2,403,1612,201.5,7.5,0.83405405405405408,48.847999999999999,1,0
cifar100_simplecnn,C2,404,1616,204,7.5,0.82822393822393825,48.713999999999999,0.94999999999999996,0
cifar100_simplecnn,C2,405,1620,204,7.5,0.83486486486486489,48.667999999999999,0.94999999999999996,0
cifar100_simplecnn,C2,406,1624,200.5,7.5,0.84046332046332051,48.75,1,0
cifar100_simplecnn,C2,407,1628,211,7.5,0.83343629343629344,48.863999999999997,1,0
cifar100_simplecnn,C2,408,1632,200,7.5,0.84154440154440147,48.722000000000001,1,0
cifar100_simplecnn,C2,409,1636,209,7.5,0.83220077220077227,48.769999999999996,1,0
cifar100_simplecnn,C2,410,1640,209,7.5,0.82135135135135129,48.706000000000003,0.94999999999999996,0
cifar100_simplecnn,C2,411,1644,200,7.5,0.83258687258687247,48.646000000000001,0.90000000000000002,0
cifar100_simplecnn,C2,412,1648,200,7.5,0.845019305019305,48.844000000000001,1,0
cifar100_simplecnn,C2,413,1652,203,7.5,0.79123552123552121,47.730000000000004,0.84999999999999998,0
cifar100_simplecnn,C2,414,1656,203,7.5,0.83474903474903484,48.832000000000001,0.94999999999999996,0
cifar100_simplecnn,C2,415,1660,206,7.5,0.83158301158301151,48.838000000000001,1,0
cifar100_simplecnn,C2,416,1664,242,7.5,0.80517374517374518,48.236000000000004,0.94999999999999996,0.050000000000000003
cifar100_simplecnn,C2,417,1668,200.5,7.5,0.83806949806949815,48.736000000000004,1,0
cifar100_simplecnn,C2,418,1672,206.5,7.5,0.83374517374517365,48.802,1,0
cifar100_simplecnn,C2,419,1676,202,7.5,0.81864864864864872,48.43,0.94999999999999996,0
cifar100_simplecnn,C2,420,1680,200,7.5,0.81258687258687257,48.161999999999999,0.94999999999999996,0.050000000000000003
cifar100_simplecnn,C2,421,1684,200,7.5,0.84115830115830126,48.884,1,0
cifar100_simplecnn,C2,422,1688,203,7.5,0.83216216216216221,48.838000000000001,0.94999999999999996,0
cifar100_simplecnn,C2,423,1692,234,7.5,0.80359073359073352,48.311999999999998,0.84999999999999998,0
cifar100_simplecnn,C2,424,1696,207,7.5,0.82722007722007729,48.766000000000005,0.94999999999999996,0
cifar100_simplecnn,C2,425,1700,200,7.5,0.8496525096525096,48.774000000000001,1,0
cifar100_simplecnn,C2,426,1704,200,7.5,0.83976833976833976,48.682000000000002,0.94999999999999996,0
cifar100_simplecnn,C2,427,1708,208.5,7.5,0.83003861003861013,48.742000000000004,0.94999999999999996,0
cifar100_simplecnn,C2,428,1712,203.5,7.5,0.82830115830115825,48.736000000000004,0.94999999999999996,0
cifar100_simplecnn,C2,429,1716,202,7.5,0.82463320463320466,48.501999999999995,0.94999999999999996,0
cifar100_simplecnn,C2,430,1720,203,7.5,0.83374517374517365,48.740000000000002,0.94999999999999996,0
cifar100_simplecnn,C2,431,1724,204.5,7.5,0.83969111969111965,48.868000000000002,1,0
cifar100_simplecnn,C2,432,1728,204.5,7.5,0.82250965250965247,48.698,0.94999999999999996,0
cifar100_simplecnn,C2,433,1732,202,7.5,0.83660231660231654,48.710000000000001,0.94999999999999996,0
cifar100_simplecnn,C2,434,1736,200,7.5,0.84150579150579152,48.841999999999999,1,0
cifar100_simplecnn,C2,435,1740,202,7.5,0.81683397683397685,48.356000000000002,0.94999999999999996,0
cifar100_simplecnn,C2,436,1744,202,7.5,0.83285714285714296,48.748000000000005,1,0
cifar100_simplecnn,C2,437,1748,202,7.5,0.8411969111969112,48.692,0.94999999999999996,0
cifar100_simplecnn,C2,438,1752,200,7.5,0.84633204633204628,48.853999999999999,1,0
cifar100_simplecnn,C2,439,1756,200.5,7.5,0.82918918918918916,48.770000000000003,0.94999999999999996,0
cifar100_simplecnn,C2,440,1760,234,7.5,0.78467181467181468,47.716000000000001,0.90000000000000002,0.050000000000000003
cifar100_simplecnn,C2,441,1764,206.5,7.5,0.83733590733590724,48.780000000000001,1,0
cifar100_simplecnn,C2,442,1768,222.5,7.5,0.82683397683397675,48.856000000000002,1,0
cifar100_simplecnn,C2,443,1772,202.5,7.5,0.83416988416988413,48.808000000000007,1,0
cifar100_simplecnn,C2,444,1776,200.5,7.5,0.83868725868725869,48.850000000000001,1,0
cifar100_simplecnn,C2,445,1780,202,7.5,0.83536679536679537,48.828000000000003,1,0
cifar100_simplecnn,C2,446,1784,209.5,7.5,0.82347490347490349,48.810000000000002,0.94999999999999996,0
cifar100_simplecnn,C2,447,1788,200,7.5,0.83772200772200767,48.713999999999999,0.94999999999999996,0
cifar100_simplecnn,C2,448,1792,200,7.5,0.83872586872586863,48.878,1,0
cifar100_simplecnn,C2,449,1796,227,7.5,0.8091505791505792,48.408000000000001,0.94999999999999996,0
cifar100_simplecnn,C2,450,1800,206.5,7.5,0.82081081081081086,48.454000000000001,0.94999999999999996,0
cifar100_simplecnn,C2,451,1804,200,7.5,0.85521235521235517,48.790000000000006,1,0
cifar100_simplecnn,C2,452,1808,211.5,7.5,0.81042471042471043,48.492000000000004,0.94999999999999996,0
cifar100_simplecnn,C2,453,1812,204.5,7.5,0.8342857142857143,48.839999999999996,1,0
cifar100_simplecnn,C2,454,1816,204,7.5,0.84297297297297291,48.780000000000001,1,0
cifar100_simplecnn,C2,455,1820,215,7.5,0.80980694980694978,48.302,0.90000000000000002,0
cifar100_simplecnn,C2,456,1824,204.5,7.5,0.82903474903474894,48.694000000000003,0.94999999999999996,0
cifar100_simplecnn,C2,457,1828,202,7.5,0.82123552123552135,48.450000000000003,0.94999999999999996,0
cifar100_simplecnn,C2,458,1832,225.5,7.5,0.82594594594594584,48.769999999999996,0.94999999999999996,0
cifar100_simplecnn,C2,459,1836,206.5,7.5,0.76884169884169884,47.359999999999999,0.80000000000000004,0.050000000000000003
cifar100_simplecnn,C2,460,1840,209,7.5,0.82019305019305011,48.596000000000004,0.94999999999999996,0
cifar100_simplecnn,C2,461,1844,204,7.5,0.83822393822393815,48.846000000000004,1,0
cifar100_simplecnn,C2,462,1848,204.5,7.5,0.83694980694980692,48.816000000000003,1,0
cifar100_simplecnn,C2,463,1852,211,7.5,0.83490347490347483,48.692,0.90000000000000002,0
cifar100_simplecnn,C2,464,1856,208,7.5,0.82405405405405396,48.416000000000004,0.90000000000000002,0
cifar100_simplecnn,C2,465,1860,200,7.5,0.83945945945945932,48.822000000000003,1,0
cifar100_simplecnn,C2,466,1864,201,7.5,0.81034749034749043,48.091999999999999,0.90000000000000002,0.050000000000000003
cifar100_simplecnn,C2,467,1868,205.5,7.5,0.83710424710424713,48.835999999999999,1,0
cifar100_simplecnn,C2,468,1872,208,7.5,0.83347490347490338,48.838000000000001,1,0
cifar100_simplecnn,C2,469,1876,203.5,7.5,0.82204633204633204,48.346000000000004,0.94999999999999996,0
cifar100_simplecnn,C2,470,1880,201.5,7.5,0.83942084942084938,48.869999999999997,1,0
cifar100_simplecnn,C2,471,1884,204,7.5,0.83899613899613912,48.796000000000006,1,0
cifar100_simplecnn,C2,472,1888,227,7.5,0.79536679536679533,47.426000000000002,0.94999999999999996,0.050000000000000003
cifar100_simplecnn,C2,473,1892,209,7.5,0.83023166023166028,48.790000000000006,0.94999999999999996,0
cifar100_simplecnn,C2,474,1896,226,7.5,0.80660231660231663,48.290000000000006,0.90000000000000002,0
cifar100_simplecnn,C2,475,1900,200,7.5,0.81220077220077214,48.101999999999997,0.94999999999999996,0.050000000000000003
cifar100_simplecnn,C2,476,1904,200.5,7.5,0.83648648648648649,48.793999999999997,1,0
cifar100_simplecnn,C2,477,1908,204,7.5,0.83432432432432435,48.786000000000001,0.94999999999999996,0
cifar100_simplecnn,C2,478,1912,202,7.5,0.83640926640926649,48.856000000000002,1,0
cifar100_simplecnn,C2,479,1916,209,7.5,0.82571428571428562,48.707999999999998,0.90000000000000002,0
cifar100_simplecnn,C2,480,1920,203,7.5,0.8419305019305019,48.904000000000003,1,0
cifar100_simplecnn,C2,481,1924,207,7.5,0.80957528957528946,48.054000000000002,0.90000000000000002,0.050000000000000003
cifar100_simplecnn,C2,482,1928,204,7.5,0.83436293436293441,48.859999999999999,1,0
cifar100_simplecnn,C2,483,1932,203,7.5,0.83644787644787644,48.850000000000001,1,0
cifar100_simplecnn,C2,484,1936,202,7.5,0.81799227799227803,48.448,0.94999999999999996,0
cifar100_simplecnn,C2,485,1940,211,7.5,0.82521235521235514,48.731999999999999,0.94999999999999996,0
cifar100_simplecnn,C2,486,1944,202,7.5,0.8406177606177605,48.811999999999998,0.94999999999999996,0
cifar100_simplecnn,C2,487,1948,206.5,7.5,0.83054054054054061,48.772000000000006,0.94999999999999996,0
cifar100_simplecnn,C2,488,1952,200,7.5,0.83698841698841697,48.822000000000003,1,0
cifar100_simplecnn,C2,489,1956,240,7.5,0.82444015444015439,48.742000000000004,0.94999999999999996,0
cifar100_simplecnn,C2,490,1960,209.5,7.5,0.82181467181467183,48.700000000000003,0.90000000000000002,0
cifar100_simplecnn,C2,491,1964,206.5,7.5,0.81196911196911192,48.204000000000001,0.94999999999999996,0.050000000000000003
cifar100_simplecnn,C2,492,1968,201,7.5,0.81436293436293439,48.136000000000003,0.90000000000000002,0.050000000000000003
cifar100_simplecnn,C2,493,1972,200,7.5,0.8336293436293436,48.796000000000006,1,0
cifar100_simplecnn,C2,494,1976,210,7.5,0.82440154440154445,48.625999999999998,0.94999999999999996,0
cifar100_simplecnn,C2,495,1980,200,7.5,0.83563706563706552,48.884,1,0
cifar100_simplecnn,C2,496,1984,208.5,7.5,0.82976833976833986,48.796000000000006,0.94999999999999996,0
cifar100_simplecnn,C2,497,1988,225.5,7.5,0.79741312741312742,47.399999999999999,0.90000000000000002,0.050000000000000003
cifar100_simplecnn,C2,498,1992,200,7.5,0.83864864864864863,48.722000000000001,0.94999999999999996,0
cifar100_simplecnn,C2,499,1996,242,7.5,0.82212355212355204,48.814,0.94999999999999996,0
cifar100_simplecnn,C2,500,2000,201,7.5,0.83586872586872585,48.887999999999998,1,0
cifar100_simplecnn,C2,501,2004,203,7.5,0.83482625482625483,48.760000000000005,0.94999999999999996,0
cifar100_simplecnn,C2,502,2008,200,7.5,0.85015444015444019,48.798000000000002,1,0
cifar100_simplecnn,C2,503,2012,202,7.5,0.84328185328185334,48.792000000000002,1,0
cifar100_simplecnn,C2,504,2016,223,7.5,0.81270270270270273,48.387999999999998,0.94999999999999996,0
cifar100_simplecnn,C2,505,2020,205.5,7.5,0.80895752895752904,48.284000000000006,0.90000000000000002,0
cifar100_simplecnn,C2,506,2024,201,7.5,0.84378378378378383,48.880000000000003,1,0
cifar100_simplecnn,C2,507,2028,209.5,7.5,0.81830115830115824,48.537999999999997,0.94999999999999996,0
cifar100_simplecnn,C2,508,2032,200,7.5,0.81953667953667941,48.438000000000002,0.94999999999999996,0
cifar100_simplecnn,C2,509,2036,202.5,7.5,0.8167953667953668,48.432000000000002,0.94999999999999996,0
cifar100_simplecnn,C2,510,2040,202,7.5,0.83486486486486489,48.673999999999999,0.94999999999999996,0
cifar100_simplecnn,C2,511,2044,200,7.5,0.83992277992277986,48.826000000000001,1,0
cifar100_simplecnn,C2,512,2048,203,7.5,0.8306177606177606,48.730000000000004,1,0
cifar10_lenet5,C0,1,4,761.5,761.5,0.44861003861003856,56.320000000000007,0.29999999999999999,0.34999999999999998
cifar10_lenet5,C0,2,8,382.5,213,0.67880308880308882,61.422000000000004,0.5,0.10000000000000001
cifar10_lenet5,C0,3,12,417,213,0.56420849420849417,58.815999999999995,0.34999999999999998,0.20000000000000001
cifar10_lenet5,C0,4,16,531,169.5,0.5721621621621622,58.282000000000004,0.45000000000000001,0.29999999999999999
cifar10_lenet5,C0,5,20,554.5,169.5,0.56308880308880316,60.427999999999997,0.29999999999999999,0.20000000000000001
cifar10_lenet5,C0,6,24,480,132.5,0.55687258687258689,57.122,0.34999999999999998,0.25
cifar10_lenet5,C0,7,28,629,109,0.53494208494208495,59.258000000000003,0.29999999999999999,0.14999999999999999
cifar10_lenet5,C0,8,32,615.5,109,0.46258687258687259,58.282000000000004,0.14999999999999999,0.25
cifar10_lenet5,C0,9,36,521.5,109,0.55459459459459459,58.967999999999996,0.40000000000000002,0.10000000000000001
cifar10_lenet5,C0,10,40,532.5,92.5,0.60745173745173742,61.109999999999999,0.29999999999999999,0.14999999999999999
cifar10_lenet5,C0,11,44,471.5,81.5,0.60521235521235517,60.398000000000003,0.45000000000000001,0.25
cifar10_lenet5,C0,12,48,436,57.5,0.63853281853281851,60.281999999999996,0.5,0.20000000000000001
cifar10_lenet5,C0,13,52,467.5,57.5,0.63200772200772204,61.294000000000004,0.40000000000000002,0.20000000000000001
cifar10_lenet5,C0,14,56,509,57.5,0.54830115830115833,57.648000000000003,0.45000000000000001,0.40000000000000002
cifar10_lenet5,C0,15,60,487,26.5,0.62806949806949808,60.826000000000001,0.34999999999999998,0.29999999999999999
cifar10_lenet5,C0,16,64,345,26.5,0.64057915057915049,60.968000000000004,0.55000000000000004,0.10000000000000001
cifar10_lenet5,C0,17,68,604,26.5,0.51378378378378375,59.760000000000005,0.10000000000000001,0.14999999999999999
cifar10_lenet5,C0,18,72,451,23,0.59814671814671816,59.299999999999997,0.5,0.25
cifar10_lenet5,C0,19,76,536,20.5,0.57308880308880306,59.584000000000003,0.29999999999999999,0.14999999999999999
cifar10_lenet5,C0,20,80,517.5,20.5,0.51594594594594601,57.608000000000004,0.25,0.25
cifar10_lenet5,C0,21,84,429,20.5,0.60621621621621613,59.906000000000006,0.45000000000000001,0.20000000000000001
cifar10_lenet5,C0,22,88,832,20.5,0.39617760617760622,55.946000000000005,0.14999999999999999,0.45000000000000001
cifar10_lenet5,C0,23,92,587.5,17,0.54000000000000004,58.018000000000008,0.40000000000000002,0.40000000000000002
cifar10_lenet5,C0,24,96,456,14.5,0.58355212355212349,59.272000000000006,0.34999999999999998,0.25
cifar10_lenet5,C0,25,100,685.5,14.5,0.55945945945945952,60.475999999999999,0.40000000000000002,0.25
cifar10_lenet5,C0,26,104,449.5,14.5,0.64308880308880312,60.905999999999992,0.40000000000000002,0.14999999999999999
cifar10_lenet5,C0,27,108,771.5,12.5,0.43343629343629342,56.472000000000001,0.25,0.45000000000000001
cifar10_lenet5,C0,28,112,568.5,12.5,0.5447490347490348,59.970000000000006,0.20000000000000001,0.25
cifar10_lenet5,C0,29,116,639,12.5,0.48602316602316603,58.782000000000004,0.25,0.34999999999999998
cifar10_lenet5,C0,30,120,674,12.5,0.48351351351351352,57.567999999999998,0.14999999999999999,0.34999999999999998
cifar10_lenet5,C0,31,124,698,12.5,0.48594594594594592,58.890000000000001,0.25,0.25
cifar10_lenet5,C0,32,128,418.5,12.5,0.58023166023166017,59.512,0.5,0.20000000000000001
cifar10_lenet5,C0,33,132,523.5,12.5,0.55135135135135127,58.710000000000001,0.40000000000000002,0.25
cifar10_lenet5,C0,34,136,556.5,12.5,0.57590733590733589,58.994000000000007,0.40000000000000002,0.20000000000000001
cifar10_lenet5,C0,35,140,199,12.5,0.7135521235521235,61.144000000000005,0.65000000000000002,0.14999999999999999
cifar10_lenet5,C0,36,144,662,12.5,0.43868725868725872,58.366,0.10000000000000001,0.14999999999999999
cifar10_lenet5,C0,37,148,669,12.5,0.48320463320463319,58.939999999999998,0.10000000000000001,0.29999999999999999
cifar10_lenet5,C0,38,152,568.5,12.5,0.59081081081081077,60.465999999999994,0.40000000000000002,0.20000000000000001
cifar10_lenet5,C0,39,156,604.5,12.5,0.54664092664092667,58.579999999999998,0.34999999999999998,0.25
cifar10_lenet5,C0,40,160,499,10.5,0.54351351351351351,57.286000000000001,0.34999999999999998,0.25
cifar10_lenet5,C0,41,164,493.5,10.5,0.54154440154440153,58.676000000000002,0.29999999999999999,0.20000000000000001
cifar10_lenet5,C0,42,168,579.5,10.5,0.52783783783783789,58.815999999999995,0.29999999999999999,0.25
cifar10_lenet5,C0,43,172,734,10.5,0.49046332046332042,58.927999999999997,0.20000000000000001,0.14999999999999999
cifar10_lenet5,C0,44,176,646,10.5,0.50942084942084942,58.767999999999994,0.25,0.25
cifar10_lenet5,C0,45,180,888.5,10.5,0.35567567567567571,53.850000000000001,0.20000000000000001,0.55000000000000004
cifar10_lenet5,C0,46,184,514,10.5,0.61803088803088801,60.362000000000002,0.40000000000000002,0.14999999999999999
cifar10_lenet5,C0,47,188,583,9,0.50640926640926642,58,0.20000000000000001,0.29999999999999999
cifar10_lenet5,C0,48,192,638.5,9,0.49880308880308882,57.920000000000002,0.29999999999999999,0.34999999999999998
cifar10_lenet5,C0,49,196,492.5,9,0.58054054054054061,59.405999999999992,0.45000000000000001,0.050000000000000003
cifar10_lenet5,C0,50,200,710,9,0.49444015444015443,57.248000000000005,0.40000000000000002,0.25
cifar10_lenet5,C0,51,204,416,9,0.62250965250965251,58.899999999999999,0.45000000000000001,0.25
cifar10_lenet5,C0,52,208,605.5,9,0.53899613899613896,58.251999999999995,0.34999999999999998,0.29999999999999999
cifar10_lenet5,C0,53,212,477,9,0.59853281853281859,59.486000000000004,0.34999999999999998,0.25
cifar10_lenet5,C0,54,216,465.5,9,0.57849420849420841,58.555999999999997,0.45000000000000001,0.29999999999999999
cifar10_lenet5,C0,55,220,622,9,0.51710424710424707,58.010000000000005,0.29999999999999999,0.34999999999999998
cifar10_lenet5,C0,56,224,486.5,9,0.59177606177606168,59.799999999999997,0.40000000000000002,0.34999999999999998
cifar10_lenet5,C0,57,228,654,9,0.47362934362934361,58.314,0.20000000000000001,0.20000000000000001
cifar10_lenet5,C0,58,232,628,9,0.47254826254826254,57.953999999999994,0.14999999999999999,0.14999999999999999
cifar10_lenet5,C0,59,236,661,9,0.47204633204633206,57.717999999999996,0.20000000000000001,0.29999999999999999
cifar10_lenet5,C0,60,240,515.5,8.5,0.58011583011583012,59.152000000000001,0.40000000000000002,0.20000000000000001
cifar10_lenet5,C0,61,244,564,8.5,0.52100386100386098,58.810000000000002,0.25,0.25
cifar10_lenet5,C0,62,248,548.5,8.5,0.53749034749034741,58.553999999999995,0.34999999999999998,0.25
cifar10_lenet5,C0,63,252,631.5,8,0.54019305019305019,58.789999999999999,0.29999999999999999,0.40000000000000002
cifar10_lenet5,C0,64,256,566.5,6.5,0.57409266409266402,59.148000000000003,0.40000000000000002,0.20000000000000001
cifar10_lenet5,C0,65,260,625,6.5,0.49752895752895754,58.727999999999994,0.25,0.20000000000000001
cifar10_lenet5,C0,66,264,429,6.5,0.57413127413127418,58.691999999999993,0.45000000000000001,0.20000000000000001
cifar10_lenet5,C0,67,268,616,6.5,0.50494208494208492,59.189999999999998,0.14999999999999999,0.20000000000000001
cifar10_lenet5,C0,68,272,565,6.5,0.59162162162162157,60.489999999999995,0.40000000000000002,0.10000000000000001
cifar10_lenet5,C0,69,276,863,6.5,0.43884169884169888,57.302,0.25,0.34999999999999998
cifar10_lenet5,C0,70,280,759.5,6.5,0.4832818532818533,58.510000000000005,0.20000000000000001,0.34999999999999998
cifar10_lenet5,C0,71,284,582.5,6.5,0.54069498069498079,58.350000000000001,0.25,0.25
cifar10_lenet5,C0,72,288,790.5,6.5,0.42779922779922785,56.712000000000003,0.20000000000000001,0.45000000000000001
cifar10_lenet5,C0,73,292,674,5.5,0.51420849420849424,57.522000000000006,0.34999999999999998,0.25
cifar10_lenet5,C0,74,296,504.5,4.5,0.59081081081081077,59.188000000000002,0.45000000000000001,0.14999999999999999
cifar10_lenet5,C0,75,300,535,4.5,0.56424710424710423,58.676000000000002,0.40000000000000002,0.25
cifar10_lenet5,C0,76,304,784.5,4.5,0.45154440154440156,57.808000000000007,0.20000000000000001,0.29999999999999999
cifar10_lenet5,C0,77,308,527,4.5,0.53586872586872591,58.414000000000001,0.25,0.34999999999999998
cifar10_lenet5,C0,78,312,792,4.5,0.45355212355212354,57.155999999999992,0.20000000000000001,0.20000000000000001
cifar10_lenet5,C0,79,316,636,3.5,0.53764478764478763,59.625999999999998,0.25,0.20000000000000001
cifar10_lenet5,C0,80,320,574.5,3.5,0.53640926640926634,59.552,0.25,0.29999999999999999
cifar10_lenet5,C0,81,324,713,3.5,0.51764478764478761,58.938000000000002,0.29999999999999999,0.29999999999999999
cifar10_lenet5,C0,82,328,506,3.5,0.57610038610038605,59.548000000000002,0.29999999999999999,0.20000000000000001
cifar10_lenet5,C0,83,332,608.5,3.5,0.58158301158301151,60.314,0.40000000000000002,0.29999999999999999
cifar10_lenet5,C0,84,336,819.5,3.5,0.42193050193050191,57.902000000000001,0.10000000000000001,0.34999999999999998
cifar10_lenet5,C0,85,340,597,3.5,0.52362934362934355,59.460000000000001,0.20000000000000001,0.25
cifar10_lenet5,C0,86,344,499,3.5,0.61648648648648652,59.303999999999995,0.40000000000000002,0.20000000000000001
cifar10_lenet5,C0,87,348,562,3.5,0.54216216216216218,59.438000000000002,0.29999999999999999,0.34999999999999998
cifar10_lenet5,C0,88,352,504,3.5,0.54818532818532817,58.951999999999998,0.29999999999999999,0.14999999999999999
cifar10_lenet5,C0,89,356,607,3.5,0.53231660231660238,59.405999999999992,0.20000000000000001,0.29999999999999999
cifar10_lenet5,C0,90,360,563.5,3.5,0.54907335907335908,58.405999999999992,0.34999999999999998,0.25
cifar10_lenet5,C0,91,364,592,3.5,0.55579150579150582,59.248000000000005,0.29999999999999999,0.20000000000000001
cifar10_lenet5,C0,92,368,656.5,3.5,0.50235521235521241,58.884,0.25,0.34999999999999998
cifar10_lenet5,C0,93,372,641,3.5,0.55467181467181459,60.182000000000002,0.25,0.25
cifar10_lenet5,C0,94,376,751,3.5,0.42409266409266405,57.055999999999997,0.10000000000000001,0.55000000000000004
cifar10_lenet5,C0,95,380,612,3.5,0.50432432432432428,58.220000000000006,0.29999999999999999,0.29999999999999999
cifar10_lenet5,C0,96,384,566.5,3.5,0.54833976833976839,58.434000000000005,0.34999999999999998,0.25
cifar10_lenet5,C0,97,388,780.5,3.5,0.47698841698841699,57.616,0.25,0.29999999999999999
cifar10_lenet5,C0,98,392,522.5,3.5,0.48637065637065635,57.512,0.14999999999999999,0.25
cifar10_lenet5,C0,99,396,520.5,3.5,0.60567567567567571,60.835999999999999,0.29999999999999999,0.20000000000000001
cifar10_lenet5,C0,100,400,593.5,3.5,0.58532818532818531,59.950000000000003,0.34999999999999998,0.29999999999999999
cifar10_lenet5,C0,101,404,664.5,3.5,0.47185328185328179,58.112000000000002,0.14999999999999999,0.40000000000000002
cifar10_lenet5,C0,102,408,520.5,3.5,0.49714285714285716,57.251999999999995,0.29999999999999999,0.40000000000000002
cifar10_lenet5,C0,103,412,532.5,3.5,0.60803088803088801,61.298000000000002,0.29999999999999999,0.14999999999999999
cifar10_lenet5,C0,104,416,877,3.5,0.39316602316602312,56.232000000000006,0.10000000000000001,0.45000000000000001
cifar10_lenet5,C0,105,420,626,2.5,0.55606177606177609,58.541999999999994,0.34999999999999998,0.40000000000000002
cifar10_lenet5,C0,106,424,747.5,2.5,0.48996138996138994,56.494000000000007,0.29999999999999999,0.5
cifar10_lenet5,C0,107,428,585,2.5,0.55343629343629341,60.001999999999995,0.25,0.25
cifar10_lenet5,C0,108,432,476,2.5,0.61880308880308887,59.855999999999995,0.45000000000000001,0.29999999999999999
cifar10_lenet5,C0,109,436,794,2.5,0.44617760617760621,57.076000000000001,0.20000000000000001,0.40000000000000002
cifar10_lenet5,C0,110,440,461,2.5,0.63111969111969113,60.064,0.45000000000000001,0.14999999999999999
cifar10_lenet5,C0,111,444,776.5,2.5,0.45494208494208499,57.741999999999997,0.14999999999999999,0.29999999999999999
cifar10_lenet5,C0,112,448,507.5,2.5,0.53602316602316602,58.465999999999994,0.40000000000000002,0.20000000000000001
cifar10_lenet5,C0,113,452,781.5,2.5,0.54104247104247105,59.967999999999996,0.34999999999999998,0.34999999999999998
cifar10_lenet5,C0,114,456,804.5,2.5,0.45629343629343627,57.101999999999997,0.25,0.5
cifar10_lenet5,C0,115,460,714.5,2.5,0.45702702702702702,55.960000000000001,0.20000000000000001,0.45000000000000001
cifar10_lenet5,C0,116,464,576.5,2.5,0.49023166023166026,56.967999999999996,0.29999999999999999,0.29999999999999999
cifar10_lenet5,C0,117,468,706,2.5,0.46316602316602318,58.203999999999994,0.14999999999999999,0.29999999999999999
cifar10_lenet5,C0,118,472,800.5,2.5,0.38196911196911199,54.637999999999998,0.14999999999999999,0.55000000000000004
cifar10_lenet5,C0,119,476,436,2.5,0.63189189189189188,61.434000000000005,0.40000000000000002,0.10000000000000001
cifar10_lenet5,C0,120,480,680,2.5,0.46289575289575291,58.227999999999994,0.14999999999999999,0.14999999999999999
cifar10_lenet5,C0,121,484,747.5,2.5,0.47764478764478763,58.275999999999996,0.20000000000000001,0.14999999999999999
cifar10_lenet5,C0,122,488,660,2.5,0.54501930501930507,59.878,0.34999999999999998,0.29999999999999999
cifar10_lenet5,C0,123,492,677,2.5,0.44212355212355214,57.527999999999999,0.14999999999999999,0.40000000000000002
cifar10_lenet5,C0,124,496,469,2.5,0.58876447876447879,58.988,0.34999999999999998,0.25
cifar10_lenet5,C0,125,500,648,2.5,0.538069498069498,59.827999999999996,0.29999999999999999,0.20000000000000001
cifar10_lenet5,C0,126,504,586,2.5,0.52918918918918911,58.649999999999999,0.34999999999999998,0.29999999999999999
cifar10_lenet5,C0,127,508,440,2.5,0.65027027027027029,60.789999999999999,0.34999999999999998,0.10000000000000001
cifar10_lenet5,C0,128,512,699.5,2.5,0.49702702702702706,57.232000000000006,0.40000000000000002,0.34999999999999998
cifar10_lenet5,C0,129,516,524,2.5,0.56822393822393824,58.794000000000004,0.29999999999999999,0.20000000000000001
cifar10_lenet5,C0,130,520,453.5,2.5,0.58567567567567569,59.560000000000002,0.34999999999999998,0.29999999999999999
cifar10_lenet5,C0,131,524,467,2.5,0.5933976833976834,58.890000000000001,0.34999999999999998,0.25
cifar10_lenet5,C0,132,528,673.5,2.5,0.4711196911196911,56.403999999999996,0.29999999999999999,0.40000000000000002
cifar10_lenet5,C0,133,532,542.5,2.5,0.54772200772200774,59.539999999999999,0.25,0.20000000000000001
cifar10_lenet5,C0,134,536,661.5,2.5,0.49872586872586872,58.878,0.25,0.25
cifar10_lenet5,C0,135,540,605,2.5,0.51305019305019306,57.617999999999995,0.34999999999999998,0.20000000000000001
cifar10_lenet5,C0,136,544,500,2.5,0.54343629343629352,60.049999999999997,0.25,0.20000000000000001
cifar10_lenet5,C0,137,548,633.5,2.5,0.52694980694980686,58.384,0.29999999999999999,0.34999999999999998
cifar10_lenet5,C0,138,552,659,2.5,0.49231660231660229,58.299999999999997,0.14999999999999999,0.20000000000000001
cifar10_lenet5,C0,139,556,648.5,2.5,0.52911196911196912,59.609999999999999,0.20000000000000001,0.29999999999999999
cifar10_lenet5,C0,140,560,662,2.5,0.52185328185328184,59.206000000000003,0.20000000000000001,0.25
cifar10_lenet5,C0,141,564,600.5,2.5,0.56521235521235513,60.052,0.34999999999999998,0.34999999999999998
cifar10_lenet5,C0,142,568,704.5,2.5,0.43911196911196909,57.323999999999998,0.10000000000000001,0.25
cifar10_lenet5,C0,143,572,673.5,2.5,0.49833976833976834,59.644000000000005,0.14999999999999999,0.29999999999999999
cifar10_lenet5,C0,144,576,497,2.5,0.59239382239382243,59.879999999999995,0.34999999999999998,0.050000000000000003
cifar10_lenet5,C0,145,580,675,2.5,0.51559845559845563,57.786000000000001,0.29999999999999999,0.34999999999999998
cifar10_lenet5,C0,146,584,669,2.5,0.51142857142857145,58.789999999999999,0.20000000000000001,0.34999999999999998
cifar10_lenet5,C0,147,588,682.5,2.5,0.44154440154440155,56.591999999999999,0.10000000000000001,0.40000000000000002
cifar10_lenet5,C0,148,592,531.5,2.5,0.51799227799227798,58.143999999999991,0.25,0.20000000000000001
cifar10_lenet5,C0,149,596,654,2.5,0.46752895752895751,57.058000000000007,0.20000000000000001,0.25
cifar10_lenet5,C0,150,600,501,2.5,0.58795366795366788,60.167999999999992,0.40000000000000002,0.14999999999999999
cifar10_lenet5,C0,151,604,560,2.5,0.5168339768339768,59.105999999999995,0.25,0.050000000000000003
cifar10_lenet5,C0,152,608,638.5,2.5,0.53471042471042474,60.541999999999994,0.25,0.34999999999999998
cifar10_lenet5,C0,153,612,558,2.5,0.55602316602316604,59.101999999999997,0.34999999999999998,0.29999999999999999
cifar10_lenet5,C0,154,616,500.5,2.5,0.53177606177606174,57.335999999999999,0.34999999999999998,0.25
cifar10_lenet5,C0,155,620,643.5,2.5,0.5083011583011583,58.772000000000006,0.25,0.14999999999999999
cifar10_lenet5,C0,156,624,640,2.5,0.49424710424710422,59.091999999999999,0.20000000000000001,0.20000000000000001
cifar10_lenet5,C0,157,628,587.5,2.5,0.53459459459459457,57.962000000000003,0.29999999999999999,0.29999999999999999
cifar10_lenet5,C0,158,632,754,2.5,0.47471042471042468,58.494000000000007,0.20000000000000001,0.34999999999999998
cifar10_lenet5,C0,159,636,689.5,2.5,0.45471042471042472,57.588000000000001,0.20000000000000001,0.40000000000000002
cifar10_lenet5,C0,160,640,600,2.5,0.50818532818532813,57.398000000000003,0.29999999999999999,0.29999999999999999
cifar10_lenet5,C0,161,644,581,2.5,0.55525096525096518,59.398000000000003,0.25,0.34999999999999998
cifar10_lenet5,C0,162,648,691.5,2.5,0.5235135135135135,57.763999999999996,0.29999999999999999,0.40000000000000002
cifar10_lenet5,C0,163,652,623.5,2.5,0.58749034749034745,60.612000000000002,0.29999999999999999,0.25
cifar10_lenet5,C0,164,656,588.5,2.5,0.56258687258687257,60.172000000000004,0.29999999999999999,0.25
cifar10_lenet5,C0,165,660,718,2.5,0.4461389961389961,55.708000000000006,0.25,0.29999999999999999
cifar10_lenet5,C0,166,664,621.5,2.5,0.56536679536679535,58.878,0.34999999999999998,0.29999999999999999
cifar10_lenet5,C0,167,668,776.5,2.5,0.42945945945945951,57.088000000000001,0.14999999999999999,0.34999999999999998
cifar10_lenet5,C0,168,672,722.5,2.5,0.45220077220077215,57.998000000000005,0.14999999999999999,0.45000000000000001
cifar10_lenet5,C0,169,676,692,2.5,0.49204633204633208,57.455999999999996,0.25,0.34999999999999998
cifar10_lenet5,C0,170,680,754,2.5,0.45100386100386097,57.522000000000006,0.14999999999999999,0.34999999999999998
cifar10_lenet5,C0,171,684,693,2.5,0.51389961389961392,59.322000000000003,0.20000000000000001,0.34999999999999998
cifar10_lenet5,C0,172,688,677,2.5,0.50362934362934364,58.539999999999999,0.20000000000000001,0.59999999999999998
cifar10_lenet5,C0,173,692,780.5,2.5,0.41818532818532816,58.320000000000007,0.050000000000000003,0.34999999999999998
cifar10_lenet5,C0,174,696,510.5,2.5,0.60567567567567571,60.890000000000001,0.29999999999999999,0.050000000000000003
cifar10_lenet5,C0,175,700,448,2.5,0.63030888030888033,61.041999999999994,0.25,0.20000000000000001
cifar10_lenet5,C0,176,704,583,2.5,0.54691119691119694,59.494000000000007,0.20000000000000001,0.25
cifar10_lenet5,C0,177,708,515.5,2.5,0.62312741312741315,61.382000000000005,0.34999999999999998,0.20000000000000001
cifar10_lenet5,C0,178,712,582.5,2.5,0.56513513513513514,59.113999999999997,0.29999999999999999,0.20000000000000001
cifar10_lenet5,C0,179,716,800,2.5,0.44359073359073359,57.765999999999998,0.20000000000000001,0.25
cifar10_lenet5,C0,180,720,667,2.5,0.51594594594594589,58.548000000000002,0.25,0.34999999999999998
cifar10_lenet5,C0,181,724,760,2.5,0.52316602316602312,58.677999999999997,0.34999999999999998,0.45000000000000001
cifar10_lenet5,C0,182,728,633,2.5,0.53679536679536677,58.262,0.29999999999999999,0.25
cifar10_lenet5,C0,183,732,534,2.5,0.60100386100386094,60.732000000000006,0.34999999999999998,0.25
cifar10_lenet5,C0,184,736,662,2.5,0.52386100386100387,58.811999999999998,0.25,0.34999999999999998
cifar10_lenet5,C0,185,740,646,2.5,0.50942084942084942,58.070000000000007,0.25,0.25
cifar10_lenet5,C0,186,744,565.5,2.5,0.58030888030888028,61.201999999999998,0.25,0.20000000000000001
cifar10_lenet5,C0,187,748,504,2.5,0.60563706563706565,60.803999999999995,0.29999999999999999,0.29999999999999999
cifar10_lenet5,C0,188,752,498.5,2.5,0.55494208494208497,60.041999999999994,0.14999999999999999,0.050000000000000003
cifar10_lenet5,C0,189,756,437,2.5,0.6458687258687259,61.003999999999998,0.40000000000000002,0.10000000000000001
cifar10_lenet5,C0,190,760,507.5,2.5,0.60227799227799228,60.658000000000001,0.29999999999999999,0.050000000000000003
cifar10_lenet5,C0,191,764,505.5,2.5,0.57038610038610038,60.149999999999999,0.20000000000000001,0.14999999999999999
cifar10_lenet5,C0,192,768,517.5,2.5,0.52583011583011585,58.546000000000006,0.20000000000000001,0.25
cifar10_lenet5,C0,193,772,524.5,2.5,0.57131274131274135,60.565999999999995,0.20000000000000001,0.10000000000000001
cifar10_lenet5,C0,194,776,623,2,0.56220077220077225,60.450000000000003,0.29999999999999999,0.20000000000000001
cifar10_lenet5,C0,195,780,490,2,0.6147104247104247,60.636000000000003,0.40000000000000002,0.14999999999999999
cifar10_lenet5,C0,196,784,500.5,2,0.62652509652509658,60.579999999999998,0.40000000000000002,0.20000000000000001
cifar10_lenet5,C0,197,788,654,2,0.52602316602316601,59.423999999999999,0.14999999999999999,0.29999999999999999
cifar10_lenet5,C0,198,792,513.5,2,0.56154440154440155,59.274000000000001,0.29999999999999999,0.20000000000000001
cifar10_lenet5,C0,199,796,804,2,0.46227799227799232,58.089999999999996,0.14999999999999999,0.25
cifar10_lenet5,C0,200,800,657.5,2,0.50722007722007723,58.729999999999997,0.20000000000000001,0.34999999999999998
cifar10_lenet5,C0,201,804,805,2,0.44501930501930503,57.698,0.14999999999999999,0.25
cifar10_lenet5,C0,202,808,496,2,0.58100386100386103,59.426000000000002,0.40000000000000002,0.20000000000000001
cifar10_lenet5,C0,203,812,855.5,2,0.3608880308880309,56.061999999999998,0.050000000000000003,0.5
cifar10_lenet5,C0,204,816,659,2,0.4930888030888031,58.327999999999996,0.20000000000000001,0.29999999999999999
cifar10_lenet5,C0,205,820,648.5,2,0.56297297297297288,60.926000000000002,0.25,0.20000000000000001
cifar10_lenet5,C0,206,824,440,2,0.61710424710424705,60.241999999999997,0.34999999999999998,0.20000000000000001
cifar10_lenet5,C0,207,828,656.5,2,0.51945945945945948,58.353999999999999,0.25,0.25
cifar10_lenet5,C0,208,832,643,2,0.4354054054054054,57.396000000000001,0.050000000000000003,0.20000000000000001
cifar10_lenet5,C0,209,836,619,2,0.50150579150579155,59.555999999999997,0.14999999999999999,0.25
cifar10_lenet5,C0,210,840,534,2,0.55915057915057909,59.679999999999993,0.25,0.10000000000000001
cifar10_lenet5,C0,211,844,382.5,2,0.712007722007722,62.441999999999993,0.5,0.10000000000000001
cifar10_lenet5,C0,212,848,549.5,2,0.58729729729729729,60.474000000000004,0.29999999999999999,0.25
cifar10_lenet5,C0,213,852,754,2,0.47231660231660227,57.691999999999993,0.20000000000000001,0.40000000000000002
cifar10_lenet5,C0,214,856,643.5,2,0.53540540540540538,58.561999999999998,0.40000000000000002,0.20000000000000001
cifar10_lenet5,C0,215,860,483.5,2,0.58193050193050189,59.591999999999999,0.40000000000000002,0.25
cifar10_lenet5,C0,216,864,608,2,0.48737451737451731,58.358000000000004,0.14999999999999999,0.25
cifar10_lenet5,C0,217,868,646,2,0.54617760617760625,59.486000000000004,0.29999999999999999,0.25
cifar10_lenet5,C0,218,872,553.5,2,0.57822393822393825,60.25,0.25,0.14999999999999999
cifar10_lenet5,C0,219,876,655.5,2,0.51463320463320461,58.438000000000002,0.25,0.25
cifar10_lenet5,C0,220,880,516,2,0.62779922779922781,60.149999999999999,0.40000000000000002,0.14999999999999999
cifar10_lenet5,C0,221,884,467.5,2,0.65108108108108109,60.882000000000005,0.45000000000000001,0.20000000000000001
cifar10_lenet5,C0,222,888,684,2,0.45189189189189188,57.622,0.20000000000000001,0.29999999999999999
cifar10_lenet5,C0,223,892,731.5,2,0.516023166023166,57.882000000000005,0.29999999999999999,0.25
cifar10_lenet5,C0,224,896,671.5,2,0.50289575289575283,58.477999999999994,0.20000000000000001,0.14999999999999999
cifar10_lenet5,C0,225,900,631.5,2,0.53262548262548259,58.975999999999999,0.29999999999999999,0.25
cifar10_lenet5,C0,226,904,515.5,2,0.55606177606177609,59.748000000000005,0.29999999999999999,0.14999999999999999
cifar10_lenet5,C0,227,908,541.5,2,0.61459459459459453,60.441999999999993,0.34999999999999998,0.10000000000000001
cifar10_lenet5,C0,228,912,551,2,0.55961389961389962,60.827999999999996,0.10000000000000001,0.050000000000000003
cifar10_lenet5,C0,229,916,737.5,2,0.51949806949806954,58.512,0.29999999999999999,0.29999999999999999
cifar10_lenet5,C0,230,920,670.5,2,0.53100386100386099,59.584000000000003,0.25,0.14999999999999999
cifar10_lenet5,C0,231,924,554.5,2,0.49945945945945941,58.618000000000009,0.14999999999999999,0.14999999999999999
cifar10_lenet5,C0,232,928,563,2,0.503011583011583,59.463999999999999,0.10000000000000001,0.34999999999999998
cifar10_lenet5,C0,233,932,474.5,2,0.62953667953667947,60.994000000000007,0.40000000000000002,0.050000000000000003
cifar10_lenet5,C0,234,936,440,2,0.63486486486486482,60.432000000000002,0.40000000000000002,0.14999999999999999
cifar10_lenet5,C0,235,940,621.5,2,0.50092664092664096,59.338000000000001,0.10000000000000001,0.20000000000000001
cifar10_lenet5,C0,236,944,630.5,2,0.50019305019305027,57.670000000000002,0.20000000000000001,0.29999999999999999
cifar10_lenet5,C0,237,948,522.5,2,0.56818532818532819,59.498000000000005,0.25,0.10000000000000001
cifar10_lenet5,C0,238,952,524.5,2,0.52586872586872579,59.372,0.14999999999999999,0.20000000000000001
cifar10_lenet5,C0,239,956,573,2,0.51243243243243242,59.513999999999996,0.10000000000000001,0.40000000000000002
cifar10_lenet5,C0,240,960,513.5,2,0.5897297297297297,60.222000000000001,0.25,0.10000000000000001
cifar10_lenet5,C0,241,964,529,2,0.51617760617760611,58.920000000000002,0.14999999999999999,0.20000000000000001
cifar10_lenet5,C0,242,968,738.5,2,0.46687258687258681,56.605999999999995,0.25,0.34999999999999998
cifar10_lenet5,C0,243,972,339.5,2,0.70173745173745172,61.767999999999994,0.5,0.10000000000000001
cifar10_lenet5,C0,244,976,571.5,2,0.56181467181467182,60.326000000000001,0.25,0.25
cifar10_lenet5,C0,245,980,531,2,0.57405405405405407,60.215999999999994,0.25,0.10000000000000001
cifar10_lenet5,C0,246,984,763.5,2,0.46621621621621623,58.222000000000001,0.14999999999999999,0.25
cifar10_lenet5,C0,247,988,660,2,0.48405405405405399,59.294000000000004,0.10000000000000001,0.20000000000000001
cifar10_lenet5,C0,248,992,534,2,0.57625482625482627,59.200000000000003,0.34999999999999998,0.10000000000000001
cifar10_lenet5,C0,249,996,600,2,0.52451737451737457,59.926000000000002,0.20000000000000001,0.10000000000000001
cifar10_lenet5,C0,250,1000,538.5,2,0.57957528957528959,60.561999999999998,0.34999999999999998,0.14999999999999999
cifar10_lenet5,C0,251,1004,518,2,0.58822393822393815,59.739999999999995,0.25,0.14999999999999999
cifar10_lenet5,C0,252,1008,646,2,0.53899613899613896,60.431999999999995,0.20000000000000001,0.25
cifar10_lenet5,C0,253,1012,486,2,0.62432432432432428,59.541999999999994,0.45000000000000001,0.25
cifar10_lenet5,C0,254,1016,536,2,0.58374517374517376,60.303999999999995,0.34999999999999998,0.14999999999999999
cifar10_lenet5,C0,255,1020,636,2,0.50007722007722,59.444000000000003,0.10000000000000001,0.14999999999999999
cifar10_lenet5,C0,256,1024,643.5,2,0.49003861003861005,58.884,0.10000000000000001,0.29999999999999999
cifar10_lenet5,C0,257,1028,600.5,2,0.57459459459459461,60.117999999999995,0.34999999999999998,0.14999999999999999
cifar10_lenet5,C0,258,1032,526.5,2,0.62590733590733594,60.899999999999999,0.40000000000000002,0.10000000000000001
cifar10_lenet5,C0,259,1036,511,2,0.49857142857142855,59.084000000000003,0.050000000000000003,0.34999999999999998
cifar10_lenet5,C0,260,1040,481,2,0.55494208494208497,59,0.25,0.25
cifar10_lenet5,C0,261,1044,456,2,0.65698841698841703,62.073999999999998,0.29999999999999999,0.10000000000000001
cifar10_lenet5,C0,262,1048,515.5,2,0.60787644787644779,60.585999999999999,0.34999999999999998,0.10000000000000001
cifar10_lenet5,C0,263,1052,512,2,0.59092664092664093,60.378,0.20000000000000001,0.14999999999999999
cifar10_lenet5,C0,264,1056,659,2,0.49872586872586872,58.820000000000007,0.20000000000000001,0.14999999999999999
cifar10_lenet5,C0,265,1060,612,2,0.50922779922779926,59.438000000000002,0.14999999999999999,0.050000000000000003
cifar10_lenet5,C0,266,1064,651,2,0.53065637065637072,57.994000000000007,0.29999999999999999,0.14999999999999999
cifar10_lenet5,C0,267,1068,625.5,2,0.49320463320463326,59.231999999999992,0.20000000000000001,0.050000000000000003
cifar10_lenet5,C0,268,1072,529,2,0.56374517374517374,59.402000000000001,0.29999999999999999,0.20000000000000001
cifar10_lenet5,C0,269,1076,561,2,0.55420849420849427,59.955999999999996,0.20000000000000001,0.10000000000000001
cifar10_lenet5,C0,270,1080,505.5,2,0.58320463320463323,60.387999999999998,0.20000000000000001,0.050000000000000003
cifar10_lenet5,C0,271,1084,513.5,2,0.6102316602316602,61.048000000000002,0.20000000000000001,0.14999999999999999
cifar10_lenet5,C0,272,1088,526.5,2,0.53741312741312741,59.827999999999996,0.14999999999999999,0.10000000000000001
cifar10_lenet5,C0,273,1092,528,2,0.5645945945945946,60.052,0.25,0.14999999999999999
cifar10_lenet5,C0,274,1096,692.5,2,0.4787258687258687,58.738,0.14999999999999999,0.20000000000000001
cifar10_lenet5,C0,275,1100,512,2,0.58471042471042467,59.882000000000005,0.29999999999999999,0.10000000000000001
cifar10_lenet5,C0,276,1104,558.5,2,0.575984555984556,60.652000000000001,0.20000000000000001,0.10000000000000001
cifar10_lenet5,C0,277,1108,456,2,0.69258687258687257,61.679999999999993,0.40000000000000002,0.050000000000000003
cifar10_lenet5,C0,278,1112,551.5,2,0.61621621621621625,61.193999999999996,0.29999999999999999,0.10000000000000001
cifar10_lenet5,C0,279,1116,591.5,2,0.59992277992277987,59.894000000000005,0.40000000000000002,0.14999999999999999
cifar10_lenet5,C0,280,1120,541,2,0.4991891891891892,59.224000000000004,0.10000000000000001,0.20000000000000001
cifar10_lenet5,C0,281,1124,594.5,2,0.4757528957528957,57.805999999999997,0.20000000000000001,0.20000000000000001
cifar10_lenet5,C0,282,1128,539.5,2,0.54355212355212357,60.046000000000006,0.20000000000000001,0.10000000000000001
cifar10_lenet5,C0,283,1132,524,2,0.59362934362934361,61.339999999999996,0.20000000000000001,0.10000000000000001
cifar10_lenet5,C0,284,1136,575,2,0.58675675675675676,61.046000000000006,0.25,0.10000000000000001
cifar10_lenet5,C0,285,1140,563,2,0.58104247104247109,60.522000000000006,0.25,0.10000000000000001
cifar10_lenet5,C0,286,1144,563,2,0.53687258687258688,59.520000000000003,0.20000000000000001,0.14999999999999999
cifar10_lenet5,C0,287,1148,599.5,2,0.50158301158301155,59.665999999999997,0.10000000000000001,0.20000000000000001
cifar10_lenet5,C0,288,1152,678,2,0.47637065637065634,59.201999999999998,0.10000000000000001,0.25
cifar10_lenet5,C0,289,1156,511,2,0.60312741312741314,60.660000000000004,0.29999999999999999,0.14999999999999999
cifar10_lenet5,C0,290,1160,505.5,2,0.63610038610038611,61.347999999999999,0.29999999999999999,0.050000000000000003
cifar10_lenet5,C0,291,1164,534.5,2,0.5485714285714286,59.334000000000003,0.20000000000000001,0.20000000000000001
cifar10_lenet5,C0,292,1168,541,2,0.59606177606177613,60.884,0.29999999999999999,0.20000000000000001
cifar10_lenet5,C0,293,1172,536,2,0.61200772200772202,60.439999999999998,0.29999999999999999,0.20000000000000001
cifar10_lenet5,C0,294,1176,554.5,2,0.56169884169884177,60.411999999999999,0.14999999999999999,0.050000000000000003
cifar10_lenet5,C0,295,1180,539.5,2,0.63393822393822385,61.458000000000006,0.34999999999999998,0.10000000000000001
cifar10_lenet5,C0,296,1184,525.5,2,0.58841698841698842,60.462000000000003,0.29999999999999999,0.14999999999999999
cifar10_lenet5,C0,297,1188,629,2,0.50424710424710428,59.850000000000001,0.14999999999999999,0
cifar10_lenet5,C0,298,1192,656.5,2,0.47416988416988415,59.601999999999997,0.050000000000000003,0.10000000000000001
cifar10_lenet5,C0,299,1196,552.5,2,0.56544401544401546,60.827999999999996,0.14999999999999999,0.050000000000000003
cifar10_lenet5,C0,300,1200,500,2,0.66486486486486485,61.597999999999999,0.34999999999999998,0.050000000000000003
cifar10_lenet5,C0,301,1204,509.5,2,0.6032432432432433,61.073999999999998,0.20000000000000001,0.10000000000000001
cifar10_lenet5,C0,302,1208,563,2,0.52532818532818537,58.460000000000001,0.25,0.20000000000000001
cifar10_lenet5,C0,303,1212,552,2,0.55127413127413127,60.520000000000003,0.14999999999999999,0.10000000000000001
cifar10_lenet5,C0,304,1216,539.5,2,0.59177606177606179,60.172000000000004,0.25,0.10000000000000001
cifar10_lenet5,C0,305,1220,591.5,2,0.44698841698841701,57.091999999999999,0.050000000000000003,0.20000000000000001
cifar10_lenet5,C0,306,1224,501,2,0.63150579150579156,61.403999999999996,0.25,0.050000000000000003
cifar10_lenet5,C0,307,1228,608.5,2,0.54200772200772196,59.923999999999999,0.14999999999999999,0.14999999999999999
cifar10_lenet5,C0,308,1232,646,2,0.5175675675675675,59.149999999999999,0.20000000000000001,0.25
cifar10_lenet5,C0,309,1236,671,2,0.45694980694980697,57.75,0.14999999999999999,0.25
cifar10_lenet5,C0,310,1240,584,2,0.5753281853281853,60.986000000000004,0.14999999999999999,0
cifar10_lenet5,C0,311,1244,605,2,0.44486486486486487,57.359999999999999,0.050000000000000003,0.29999999999999999
cifar10_lenet5,C0,312,1248,656.5,2,0.50177606177606182,58.948,0.20000000000000001,0.14999999999999999
cifar10_lenet5,C0,313,1252,616,2,0.51849420849420846,59.844000000000008,0.10000000000000001,0.14999999999999999
cifar10_lenet5,C0,314,1256,563,2,0.61876447876447871,60.710000000000001,0.34999999999999998,0.10000000000000001
cifar10_lenet5,C0,315,1260,591,2,0.53432432432432431,59.724000000000004,0.20000000000000001,0.10000000000000001
cifar10_lenet5,C0,316,1264,707.5,2,0.43992277992277995,57.186,0.14999999999999999,0.20000000000000001
cifar10_lenet5,C0,317,1268,554.5,2,0.54378378378378378,59.863999999999997,0.20000000000000001,0.10000000000000001
cifar10_lenet5,C0,318,1272,487,2,0.64077220077220076,62.122,0.25,0.10000000000000001
cifar10_lenet5,C0,319,1276,569.5,2,0.52034749034749039,60.270000000000003,0.10000000000000001,0.050000000000000003
cifar10_lenet5,C0,320,1280,612,2,0.51235521235521231,58.834000000000003,0.20000000000000001,0.14999999999999999
cifar10_lenet5,C0,321,1284,596,2,0.58030888030888028,61.108000000000004,0.14999999999999999,0
cifar10_lenet5,C0,322,1288,549.5,2,0.56853281853281845,60.153999999999996,0.25,0.050000000000000003
cifar10_lenet5,C0,323,1292,563,2,0.56861003861003856,59.738,0.25,0.20000000000000001
cifar10_lenet5,C0,324,1296,554.5,2,0.59131274131274136,60.170000000000002,0.25,0.14999999999999999
cifar10_lenet5,C0,325,1300,542,2,0.58791505791505794,60.039999999999999,0.29999999999999999,0.050000000000000003
cifar10_lenet5,C0,326,1304,554.5,2,0.50957528957528964,59.591999999999999,0.050000000000000003,0.14999999999999999
cifar10_lenet5,C0,327,1308,553,2,0.61467181467181464,61.498000000000005,0.25,0.10000000000000001
cifar10_lenet5,C0,328,1312,528,2,0.58181467181467184,61.198,0.20000000000000001,0.050000000000000003
cifar10_lenet5,C0,329,1316,572,2,0.5280694980694981,59.831999999999994,0.14999999999999999,0.10000000000000001
cifar10_lenet5,C0,330,1320,552,2,0.55254826254826261,60.155999999999992,0.14999999999999999,0.050000000000000003
cifar10_lenet5,C0,331,1324,599.5,2,0.5485714285714286,59.576000000000001,0.20000000000000001,0.20000000000000001
cifar10_lenet5,C0,332,1328,577.5,2,0.51525096525096525,58.820000000000007,0.14999999999999999,0.10000000000000001
cifar10_lenet5,C0,333,1332,496,2,0.66517374517374517,61.722000000000001,0.34999999999999998,0.10000000000000001
cifar10_lenet5,C0,334,1336,537,2,0.57930501930501932,60.353999999999999,0.14999999999999999,0.14999999999999999
cifar10_lenet5,C0,335,1340,516,2,0.54030888030888025,59.679999999999993,0.14999999999999999,0.14999999999999999
cifar10_lenet5,C0,336,1344,541,2,0.5714285714285714,60.772000000000006,0.14999999999999999,0.050000000000000003
cifar10_lenet5,C0,337,1348,546,2,0.58351351351351355,61.332000000000008,0.14999999999999999,0.14999999999999999
cifar10_lenet5,C0,338,1352,681.5,2,0.5586486486486486,60.203999999999994,0.29999999999999999,0.10000000000000001
cifar10_lenet5,C0,339,1356,588.5,2,0.54536679536679533,61.186,0.10000000000000001,0.14999999999999999
cifar10_lenet5,C0,340,1360,546,2,0.62320463320463326,61.210000000000001,0.25,0.10000000000000001
cifar10_lenet5,C0,341,1364,548,2,0.49000000000000005,59.222000000000001,0.10000000000000001,0.14999999999999999
cifar10_lenet5,C0,342,1368,512,2,0.65942084942084933,62.117999999999995,0.29999999999999999,0.050000000000000003
cifar10_lenet5,C0,343,1372,533,2,0.58988416988416992,59.963999999999999,0.29999999999999999,0.25
cifar10_lenet5,C0,344,1376,591.5,2,0.51420849420849424,60.346000000000004,0.10000000000000001,0.10000000000000001
cifar10_lenet5,C0,345,1380,563,2,0.55698841698841695,60.317999999999998,0.14999999999999999,0
cifar10_lenet5,C0,346,1384,570,2,0.46787644787644789,58.734000000000002,0,0.14999999999999999
cifar10_lenet5,C0,347,1388,584,2,0.54343629343629352,59.713999999999999,0.14999999999999999,0.14999999999999999
cifar10_lenet5,C0,348,1392,528,2,0.6261003861003861,60.779999999999994,0.29999999999999999,0.050000000000000003
cifar10_lenet5,C0,349,1396,542,2,0.63169884169884172,62.001999999999995,0.29999999999999999,0.050000000000000003
cifar10_lenet5,C0,350,1400,563,2,0.59135135135135131,61.049999999999997,0.20000000000000001,0.10000000000000001
cifar10_lenet5,C0,351,1404,551,2,0.51023166023166022,59.665999999999997,0.10000000000000001,0.10000000000000001
cifar10_lenet5,C0,352,1408,761,2,0.4315830115830116,58.960000000000001,0,0.10000000000000001
cifar10_lenet5,C0,353,1412,543,2,0.58038610038610039,60.779999999999994,0.20000000000000001,0.050000000000000003
cifar10_lenet5,C0,354,1416,538.5,2,0.57710424710424713,60.772000000000006,0.14999999999999999,0.050000000000000003
cifar10_lenet5,C0,355,1420,535,2,0.58335907335907344,60.484000000000002,0.25,0.14999999999999999
cifar10_lenet5,C0,356,1424,567,2,0.51926640926640932,59.524000000000001,0.050000000000000003,0.14999999999999999
cifar10_lenet5,C0,357,1428,563.5,2,0.54830115830115833,61.270000000000003,0.050000000000000003,0.050000000000000003
cifar10_lenet5,C0,358,1432,533,2,0.60142857142857142,61.286000000000001,0.14999999999999999,0.10000000000000001
cifar10_lenet5,C0,359,1436,595,2,0.51003861003861006,58.851999999999997,0.10000000000000001,0.14999999999999999
cifar10_lenet5,C0,360,1440,544.5,2,0.5867181467181467,60.823999999999998,0.14999999999999999,0.10000000000000001
cifar10_lenet5,C0,361,1444,829.5,2,0.44536679536679535,57.908000000000001,0.10000000000000001,0.20000000000000001
cifar10_lenet5,C0,362,1448,600.5,2,0.50335907335907337,58.814,0.14999999999999999,0.10000000000000001
cifar10_lenet5,C0,363,1452,729,2,0.45706563706563708,58.089999999999996,0.10000000000000001,0.25
cifar10_lenet5,C0,364,1456,591.5,2,0.47351351351351345,58.939999999999998,0,0.050000000000000003
cifar10_lenet5,C0,365,1460,587.5,2,0.47424710424710426,58.049999999999997,0.14999999999999999,0.20000000000000001
cifar10_lenet5,C0,366,1464,554.5,2,0.56934362934362936,60.565999999999995,0.20000000000000001,0.20000000000000001
cifar10_lenet5,C0,367,1468,536,2,0.64675675675675681,61.124000000000002,0.34999999999999998,0.10000000000000001
cifar10_lenet5,C0,368,1472,532.5,1.5,0.62270270270270278,61.498000000000005,0.29999999999999999,0
cifar10_lenet5,C0,369,1476,604,1.5,0.50212355212355209,60.058000000000007,0.050000000000000003,0.10000000000000001
cifar10_lenet5,C0,370,1480,584,1.5,0.52482625482625489,60.455999999999996,0.10000000000000001,0.050000000000000003
cifar10_lenet5,C0,371,1484,563,1.5,0.51826254826254825,60.217999999999996,0.050000000000000003,0.10000000000000001
cifar10_lenet5,C0,372,1488,563,1.5,0.57405405405405407,61.561999999999998,0.050000000000000003,0
cifar10_lenet5,C0,373,1492,584,1.5,0.52297297297297296,60.088000000000001,0.10000000000000001,0
cifar10_lenet5,C0,374,1496,513,1,0.66096525096525094,61.184000000000005,0.34999999999999998,0.050000000000000003
cifar10_lenet5,C0,375,1500,566.5,1,0.54683397683397683,61.072000000000003,0.050000000000000003,0.10000000000000001
cifar10_lenet5,C0,376,1504,548,1,0.51034749034749027,59.458000000000006,0.10000000000000001,0.10000000000000001
cifar10_lenet5,C0,377,1508,537,1,0.59366795366795366,60.082000000000008,0.25,0.10000000000000001
cifar10_lenet5,C0,378,1512,557.5,1,0.55440154440154443,60.403999999999996,0.10000000000000001,0.10000000000000001
cifar10_lenet5,C0,379,1516,554.5,1,0.57857142857142851,60.584000000000003,0.14999999999999999,0.050000000000000003
cifar10_lenet5,C0,380,1520,563,1,0.5866409266409266,60.936,0.14999999999999999,0.050000000000000003
cifar10_lenet5,C0,381,1524,612,1,0.50555984555984557,59.640000000000001,0.10000000000000001,0.10000000000000001
cifar10_lenet5,C0,382,1528,587,1,0.54648648648648646,60.755999999999993,0.050000000000000003,0.10000000000000001
cifar10_lenet5,C0,383,1532,633,1,0.51471042471042472,60.064,0.10000000000000001,0.050000000000000003
cifar10_lenet5,C0,384,1536,561,1,0.57366795366795365,60.010000000000005,0.20000000000000001,0.050000000000000003
cifar10_lenet5,C0,385,1540,538.5,1,0.57266409266409268,61.403999999999996,0.10000000000000001,0
cifar10_lenet5,C0,386,1544,620,1,0.48845559845559849,59.125999999999998,0.14999999999999999,0.10000000000000001
cifar10_lenet5,C0,387,1548,542,1,0.59011583011583002,61.799999999999997,0.10000000000000001,0
cifar10_lenet5,C0,388,1552,566.5,1,0.46389961389961387,58.267999999999994,0.050000000000000003,0.20000000000000001
cifar10_lenet5,C0,389,1556,541,1,0.65081081081081082,61.991999999999997,0.25,0.10000000000000001
cifar10_lenet5,C0,390,1560,549.5,1,0.55366795366795363,61.289999999999999,0.050000000000000003,0.10000000000000001
cifar10_lenet5,C0,391,1564,554.5,1,0.51552123552123552,60.367999999999995,0,0.050000000000000003
cifar10_lenet5,C0,392,1568,538.5,1,0.55679536679536679,61.227999999999994,0.050000000000000003,0.050000000000000003
cifar10_lenet5,C0,393,1572,646,1,0.54019305019305019,60.548000000000002,0.14999999999999999,0
cifar10_lenet5,C0,394,1576,596,1,0.51722007722007723,60.167999999999992,0.050000000000000003,0.050000000000000003
cifar10_lenet5,C0,395,1580,541,1,0.62393822393822396,61.862000000000002,0.14999999999999999,0
cifar10_lenet5,C0,396,1584,541,1,0.56888030888030883,60.589999999999996,0.14999999999999999,0.14999999999999999
cifar10_lenet5,C0,397,1588,541,1,0.5371814671814672,60.479999999999997,0.10000000000000001,0.10000000000000001
cifar10_lenet5,C0,398,1592,605,1,0.49679536679536679,60.053999999999995,0,0.10000000000000001
cifar10_lenet5,C0,399,1596,536,1,0.58559845559845558,61.467999999999996,0.10000000000000001,0
cifar10_lenet5,C0,400,1600,561.5,1,0.54795366795366796,61.022000000000006,0.050000000000000003,0.10000000000000001
cifar10_lenet5,C0,401,1604,646,1,0.52841698841698848,60.673999999999999,0.14999999999999999,0.10000000000000001
cifar10_lenet5,C0,402,1608,565,1,0.56416988416988423,61.070000000000007,0.10000000000000001,0.10000000000000001
cifar10_lenet5,C0,403,1612,541,1,0.61239382239382234,61.417999999999992,0.25,0.10000000000000001
cifar10_lenet5,C0,404,1616,612.5,1,0.54119691119691127,60.899999999999999,0.10000000000000001,0.050000000000000003
cifar10_lenet5,C0,405,1620,605,1,0.54613899613899608,61.034000000000006,0.050000000000000003,0.10000000000000001
cifar10_lenet5,C0,406,1624,538.5,1,0.6034749034749034,60.958000000000006,0.20000000000000001,0
cifar10_lenet5,C0,407,1628,625.5,1,0.49478764478764481,59.712000000000003,0.050000000000000003,0.050000000000000003
cifar10_lenet5,C0,408,1632,583,1,0.56308880308880305,61.073999999999998,0.14999999999999999,0.050000000000000003
cifar10_lenet5,C0,409,1636,575,1,0.56054054054054059,60.335999999999999,0.20000000000000001,0
cifar10_lenet5,C0,410,1640,563,1,0.54810810810810806,61.203999999999994,0.050000000000000003,0.050000000000000003
cifar10_lenet5,C0,411,1644,554.5,1,0.57355212355212359,61.112000000000002,0.20000000000000001,0
cifar10_lenet5,C0,412,1648,608.5,1,0.51501930501930504,59.356000000000009,0.14999999999999999,0.10000000000000001
cifar10_lenet5,C0,413,1652,572,1,0.48258687258687261,59.585999999999999,0,0.10000000000000001
cifar10_lenet5,C0,414,1656,537,1,0.62826254826254824,61.734000000000002,0.25,0
cifar10_lenet5,C0,415,1660,537,1,0.6185328185328185,61.670000000000002,0.20000000000000001,0
cifar10_lenet5,C0,416,1664,612.5,1,0.51111969111969113,60.122,0.10000000000000001,0.10000000000000001
cifar10_lenet5,C0,417,1668,646,1,0.45285714285714285,59.258000000000003,0.050000000000000003,0.10000000000000001
cifar10_lenet5,C0,418,1672,648.5,1,0.47799227799227795,59.116,0.10000000000000001,0.14999999999999999
cifar10_lenet5,C0,419,1676,566.5,1,0.58150579150579151,60.920000000000002,0.14999999999999999,0
cifar10_lenet5,C0,420,1680,563,1,0.53320463320463318,59.660000000000004,0.10000000000000001,0.10000000000000001
cifar10_lenet5,C0,421,1684,608.5,1,0.56297297297297288,60.820000000000007,0.14999999999999999,0.050000000000000003
cifar10_lenet5,C0,422,1688,542,1,0.62613899613899615,61.679999999999993,0.25,0.10000000000000001
cifar10_lenet5,C0,423,1692,554.5,1,0.554092664092664,61.298000000000002,0.10000000000000001,0.050000000000000003
cifar10_lenet5,C0,424,1696,612.5,1,0.48189189189189185,58.338000000000001,0.10000000000000001,0.14999999999999999
cifar10_lenet5,C0,425,1700,584,1,0.51501930501930504,59.926000000000002,0.050000000000000003,0
cifar10_lenet5,C0,426,1704,563,1,0.55752895752895759,61.188000000000002,0.10000000000000001,0.050000000000000003
cifar10_lenet5,C0,427,1708,544.5,1,0.61158301158301165,61.988,0.14999999999999999,0
cifar10_lenet5,C0,428,1712,541,1,0.59084942084942083,61.553999999999995,0.10000000000000001,0
cifar10_lenet5,C0,429,1716,587,1,0.4991891891891892,59.339999999999996,0.10000000000000001,0.10000000000000001
cifar10_lenet5,C0,430,1720,553,1,0.58733590733590735,61.398000000000003,0.10000000000000001,0
cifar10_lenet5,C0,431,1724,543,1,0.55988416988416989,60.851999999999997,0.10000000000000001,0.050000000000000003
cifar10_lenet5,C0,432,1728,608,1,0.50320463320463316,60.341999999999999,0.10000000000000001,0
cifar10_lenet5,C0,433,1732,563,1,0.57204633204633204,60.799999999999997,0.20000000000000001,0.050000000000000003
cifar10_lenet5,C0,434,1736,541,1,0.56868725868725867,61.444000000000003,0.10000000000000001,0.050000000000000003
cifar10_lenet5,C0,435,1740,542,1,0.55362934362934357,60.584000000000003,0.10000000000000001,0.050000000000000003
cifar10_lenet5,C0,436,1744,543,1,0.5471042471042471,59.822000000000003,0.10000000000000001,0.10000000000000001
cifar10_lenet5,C0,437,1748,542,1,0.55521235521235524,60.903999999999996,0.050000000000000003,0
cifar10_lenet5,C0,438,1752,541,1,0.5456370656370656,61.003999999999998,0,0
cifar10_lenet5,C0,439,1756,541,1,0.55525096525096518,61.246000000000002,0.050000000000000003,0.050000000000000003
cifar10_lenet5,C0,440,1760,549.5,1,0.59471042471042468,61.335999999999999,0.14999999999999999,0.050000000000000003
cifar10_lenet5,C0,441,1764,558,1,0.54953667953667951,61.120000000000005,0.10000000000000001,0.050000000000000003
cifar10_lenet5,C0,442,1768,538.5,1,0.61432432432432438,61.653999999999996,0.25,0
cifar10_lenet5,C0,443,1772,542,1,0.56590733590733588,60.862000000000002,0.10000000000000001,0
cifar10_lenet5,C0,444,1776,544.5,1,0.60081081081081078,61.322000000000003,0.14999999999999999,0
cifar10_lenet5,C0,445,1780,563,1,0.54571428571428571,61.022000000000006,0.050000000000000003,0
cifar10_lenet5,C0,446,1784,540,1,0.56193050193050198,61.567999999999998,0,0.050000000000000003
cifar10_lenet5,C0,447,1788,591.5,1,0.5075675675675676,60.601999999999997,0,0
cifar10_lenet5,C0,448,1792,579.5,1,0.53281853281853286,61.128,0,0.050000000000000003
cifar10_lenet5,C0,449,1796,596,1,0.51575289575289573,59.779999999999994,0.050000000000000003,0.050000000000000003
cifar10_lenet5,C0,450,1800,587,1,0.49710424710424717,60.597999999999999,0,0.10000000000000001
cifar10_lenet5,C0,451,1804,534.5,1,0.6048648648648649,60.758000000000003,0.14999999999999999,0.050000000000000003
cifar10_lenet5,C0,452,1808,579.5,1,0.50486486486486482,59.755999999999993,0.050000000000000003,0
cifar10_lenet5,C0,453,1812,536,1,0.63011583011583006,61.522000000000006,0.20000000000000001,0
cifar10_lenet5,C0,454,1816,575,1,0.48007722007722009,59.394000000000005,0,0.050000000000000003
cifar10_lenet5,C0,455,1820,587,1,0.50559845559845562,59.625999999999998,0.050000000000000003,0.050000000000000003
cifar10_lenet5,C0,456,1824,603.5,1,0.50189189189189187,60.091999999999999,0,0.10000000000000001
cifar10_lenet5,C0,457,1828,563,1,0.50969111969111969,60.265999999999998,0,0.10000000000000001
cifar10_lenet5,C0,458,1832,558,1,0.55362934362934368,60.799999999999997,0.050000000000000003,0.050000000000000003
cifar10_lenet5,C0,459,1836,600.5,1,0.46872586872586874,58.717999999999996,0.050000000000000003,0.14999999999999999
cifar10_lenet5,C0,460,1840,575.5,1,0.51868725868725873,60.279999999999994,0.050000000000000003,0.10000000000000001
cifar10_lenet5,C0,461,1844,544.5,1,0.51949806949806954,60.161999999999999,0.050000000000000003,0.10000000000000001
cifar10_lenet5,C0,462,1848,542,1,0.52262548262548258,59.75,0.050000000000000003,0.14999999999999999
cifar10_lenet5,C0,463,1852,542,1,0.56791505791505792,60.815999999999995,0.10000000000000001,0.050000000000000003
cifar10_lenet5,C0,464,1856,543,1,0.56409266409266412,61.044000000000004,0.14999999999999999,0
cifar10_lenet5,C0,465,1860,543.5,1,0.58096525096525098,61.605999999999995,0.050000000000000003,0
cifar10_lenet5,C0,466,1864,596.5,1,0.54833976833976839,61.224000000000004,0.050000000000000003,0.14999999999999999
cifar10_lenet5,C0,467,1868,541,1,0.55088803088803084,61.465999999999994,0,0.050000000000000003
cifar10_lenet5,C0,468,1872,537,1,0.61208494208494213,61.934000000000005,0.10000000000000001,0
cifar10_lenet5,C0,469,1876,553,1,0.53567567567567564,61.017999999999994,0,0
cifar10_lenet5,C0,470,1880,575,1,0.55081081081081085,60.584000000000003,0.10000000000000001,0.050000000000000003
cifar10_lenet5,C0,471,1884,563,1,0.54961389961389961,61.058000000000007,0.050000000000000003,0
cifar10_lenet5,C0,472,1888,563,1,0.47764478764478763,57.908000000000001,0.050000000000000003,0.10000000000000001
cifar10_lenet5,C0,473,1892,563,1,0.54092664092664089,61.179999999999993,0,0
cifar10_lenet5,C0,474,1896,566.5,1,0.50660231660231658,60.120000000000005,0.050000000000000003,0.10000000000000001
cifar10_lenet5,C0,475,1900,561,1,0.59019305019305013,61.443999999999996,0.14999999999999999,0.050000000000000003
cifar10_lenet5,C0,476,1904,542,1,0.54444015444015448,61,0,0
cifar10_lenet5,C0,477,1908,553,1,0.56220077220077225,60.855999999999995,0.10000000000000001,0.050000000000000003
cifar10_lenet5,C0,478,1912,591.5,1,0.50424710424710428,59.390000000000001,0.14999999999999999,0
cifar10_lenet5,C0,479,1916,541,1,0.51679536679536686,60.334000000000003,0,0
cifar10_lenet5,C0,480,1920,587,1,0.48494208494208496,60.108000000000004,0.050000000000000003,0.10000000000000001
cifar10_lenet5,C0,481,1924,575,1,0.52305019305019307,60.866,0,0.050000000000000003
cifar10_lenet5,C0,482,1928,538.5,1,0.58691119691119698,61.160000000000004,0.10000000000000001,0.050000000000000003
cifar10_lenet5,C0,483,1932,558,1,0.54146718146718142,61.355999999999995,0,0.050000000000000003
cifar10_lenet5,C0,484,1936,563,1,0.51335907335907338,60.648000000000003,0,0.050000000000000003
cifar10_lenet5,C0,485,1940,546,1,0.55629343629343631,61.036000000000001,0.050000000000000003,0
cifar10_lenet5,C0,486,1944,556.5,1,0.5266023166023166,60.153999999999996,0.050000000000000003,0.10000000000000001
cifar10_lenet5,C0,487,1948,563,1,0.53679536679536688,61.248000000000005,0,0.050000000000000003
cifar10_lenet5,C0,488,1952,605,1,0.56884169884169888,61.370000000000005,0.10000000000000001,0.10000000000000001
cifar10_lenet5,C0,489,1956,541,1,0.57965250965250958,61.653999999999996,0.050000000000000003,0
cifar10_lenet5,C0,490,1960,558,1,0.56579150579150572,61.108000000000004,0.10000000000000001,0.050000000000000003
cifar10_lenet5,C0,491,1964,543,1,0.56648648648648647,61.375999999999998,0.050000000000000003,0.10000000000000001
cifar10_lenet5,C0,492,1968,575,1,0.59374517374517377,61.537999999999997,0.14999999999999999,0.050000000000000003
cifar10_lenet5,C0,493,1972,579.5,1,0.49324324324324326,59.427999999999997,0,0.10000000000000001
cifar10_lenet5,C0,494,1976,584,1,0.51698841698841691,60.872,0,0
cifar10_lenet5,C0,495,1980,646,1,0.47833976833976832,59.847999999999999,0.050000000000000003,0.10000000000000001
cifar10_lenet5,C0,496,1984,563,1,0.53888030888030891,60.811999999999998,0.10000000000000001,0.050000000000000003
cifar10_lenet5,C0,497,1988,566.5,1,0.53142857142857136,60.474000000000004,0.050000000000000003,0.050000000000000003
cifar10_lenet5,C0,498,1992,540,1,0.62891891891891893,61.641999999999996,0.20000000000000001,0
cifar10_lenet5,C0,499,1996,543,1,0.56768339768339771,61.160000000000004,0.10000000000000001,0
cifar10_lenet5,C0,500,2000,543.5,1,0.52996138996138997,60.772000000000006,0,0
cifar10_lenet5,C0,501,2004,531,1,0.62297297297297294,61.882000000000005,0.14999999999999999,0.050000000000000003
cifar10_lenet5,C0,502,2008,591.5,1,0.52907335907335906,59.760000000000005,0.050000000000000003,0.050000000000000003
cifar10_lenet5,C0,503,2012,541,1,0.55590733590733588,61.298000000000002,0,0
cifar10_lenet5,C0,504,2016,543.5,1,0.59223938223938222,61.322000000000003,0.10000000000000001,0
cifar10_lenet5,C0,505,2020,553,1,0.56818532818532819,61.579999999999998,0.050000000000000003,0
cifar10_lenet5,C0,506,2024,543,1,0.56756756756756754,61.658000000000001,0,0
cifar10_lenet5,C0,507,2028,544.5,1,0.54424710424710421,60.917999999999992,0.050000000000000003,0
cifar10_lenet5,C0,508,2032,563,1,0.53776061776061779,61.253999999999998,0,0.050000000000000003
cifar10_lenet5,C0,509,2036,584,1,0.50498069498069498,60.561999999999998,0,0
cifar10_lenet5,C0,510,2040,605,1,0.52247104247104248,61.105999999999995,0,0
cifar10_lenet5,C0,511,2044,552,1,0.52003861003861007,60.411999999999999,0,0
cifar10_lenet5,C0,512,2048,575,1,0.54714285714285715,61.037999999999997,0.050000000000000003,0
cifar10_lenet5,C1,1,4,761.5,761.5,0.44861003861003856,56.320000000000007,0.29999999999999999,0.34999999999999998
cifar10_lenet5,C1,2,8,382.5,213,0.67880308880308882,61.422000000000004,0.5,0.10000000000000001
cifar10_lenet5,C1,3,12,417,213,0.56420849420849417,58.815999999999995,0.34999999999999998,0.20000000000000001
cifar10_lenet5,C1,4,16,531,169.5,0.5721621621621622,58.282000000000004,0.45000000000000001,0.29999999999999999
cifar10_lenet5,C1,5,20,554.5,169.5,0.56308880308880316,60.427999999999997,0.29999999999999999,0.20000000000000001
cifar10_lenet5,C1,6,24,480,132.5,0.55687258687258689,57.122,0.34999999999999998,0.25
cifar10_lenet5,C1,7,28,629,109,0.53494208494208495,59.258000000000003,0.29999999999999999,0.14999999999999999
cifar10_lenet5,C1,8,32,615.5,109,0.46258687258687259,58.282000000000004,0.14999999999999999,0.25
cifar10_lenet5,C1,9,36,521.5,109,0.55459459459459459,58.967999999999996,0.40000000000000002,0.10000000000000001
cifar10_lenet5,C1,10,40,532.5,92.5,0.60745173745173742,61.109999999999999,0.29999999999999999,0.14999999999999999
cifar10_lenet5,C1,11,44,471.5,81.5,0.60521235521235517,60.398000000000003,0.45000000000000001,0.25
cifar10_lenet5,C1,12,48,436,57.5,0.63853281853281851,60.281999999999996,0.5,0.20000000000000001
cifar10_lenet5,C1,13,52,467.5,57.5,0.63200772200772204,61.294000000000004,0.40000000000000002,0.20000000000000001
cifar10_lenet5,C1,14,56,509,57.5,0.54830115830115833,57.648000000000003,0.45000000000000001,0.40000000000000002
cifar10_lenet5,C1,15,60,487,26.5,0.62806949806949808,60.826000000000001,0.34999999999999998,0.29999999999999999
cifar10_lenet5,C1,16,64,345,26.5,0.64057915057915049,60.968000000000004,0.55000000000000004,0.10000000000000001
cifar10_lenet5,C1,17,68,584,26.5,0.53575289575289575,60.248000000000005,0.14999999999999999,0.20000000000000001
cifar10_lenet5,C1,18,72,451,23,0.62382239382239379,60.072000000000003,0.5,0.25
cifar10_lenet5,C1,19,76,493.5,20.5,0.60737451737451731,60.164000000000001,0.40000000000000002,0.14999999999999999
cifar10_lenet5,C1,20,80,509.5,20.5,0.53285714285714281,57.970000000000006,0.29999999999999999,0.25
cifar10_lenet5,C1,21,84,326,20.5,0.6610810810810811,60.926000000000002,0.55000000000000004,0.14999999999999999
cifar10_lenet5,C1,22,88,668,20.5,0.50239382239382235,59.315999999999995,0.25,0.25
cifar10_lenet5,C1,23,92,452,20.5,0.57926640926640927,59.188000000000002,0.5,0.34999999999999998
cifar10_lenet5,C1,24,96,418.5,18.5,0.61436293436293432,59.529999999999994,0.5,0.25
cifar10_lenet5,C1,25,100,685.5,18.5,0.57239382239382242,60.534000000000006,0.45000000000000001,0.25
cifar10_lenet5,C1,26,104,448,18.5,0.63359073359073359,61.124000000000002,0.40000000000000002,0.10000000000000001
cifar10_lenet5,C1,27,108,651,17,0.50996138996138995,58.438000000000002,0.29999999999999999,0.34999999999999998
cifar10_lenet5,C1,28,112,433,17,0.59942084942084939,60.379999999999995,0.40000000000000002,0.20000000000000001
cifar10_lenet5,C1,29,116,644.5,17,0.49100386100386101,59.100000000000001,0.25,0.29999999999999999
cifar10_lenet5,C1,30,120,626.5,17,0.52536679536679531,59.096000000000004,0.20000000000000001,0.29999999999999999
cifar10_lenet5,C1,31,124,619,17,0.51081081081081081,59.347999999999999,0.29999999999999999,0.25
cifar10_lenet5,C1,32,128,377,17,0.60876447876447881,60.673999999999999,0.55000000000000004,0.14999999999999999
cifar10_lenet5,C1,33,132,377,17,0.67305019305019298,61.890000000000001,0.55000000000000004,0.14999999999999999
cifar10_lenet5,C1,34,136,369.5,15,0.66440154440154442,60.841999999999999,0.55000000000000004,0.14999999999999999
cifar10_lenet5,C1,35,140,200.5,15,0.78447876447876452,62.775999999999996,0.75,0.050000000000000003
cifar10_lenet5,C1,36,144,496,15,0.61069498069498063,60.620000000000005,0.45000000000000001,0.050000000000000003
cifar10_lenet5,C1,37,148,486,11.5,0.55413127413127417,59.658000000000001,0.34999999999999998,0.25
cifar10_lenet5,C1,38,152,396.5,11.5,0.64872586872586868,61.544000000000004,0.5,0.20000000000000001
cifar10_lenet5,C1,39,156,402,11.5,0.67119691119691116,61.629999999999995,0.45000000000000001,0.14999999999999999
cifar10_lenet5,C1,40,160,242,10.5,0.74158301158301154,61.799999999999997,0.69999999999999996,0.050000000000000003
cifar10_lenet5,C1,41,164,373,10.5,0.63996138996138996,60.227999999999994,0.5,0.14999999999999999
cifar10_lenet5,C1,42,168,398.5,10.5,0.61142857142857143,60.458000000000006,0.5,0.20000000000000001
cifar10_lenet5,C1,43,172,409,10.5,0.6649806949806949,61.938000000000002,0.45000000000000001,0.050000000000000003
cifar10_lenet5,C1,44,176,367,9,0.65899613899613896,61.299999999999997,0.5,0.14999999999999999
cifar10_lenet5,C1,45,180,421.5,9,0.58467181467181473,59.784000000000006,0.5,0.25
cifar10_lenet5,C1,46,184,274.5,9,0.68173745173745171,61.367999999999995,0.55000000000000004,0.10000000000000001
cifar10_lenet5,C1,47,188,355,9,0.66416988416988421,61.414000000000001,0.55000000000000004,0.10000000000000001
cifar10_lenet5,C1,48,192,348,9,0.6284555984555984,60.329999999999998,0.59999999999999998,0.14999999999999999
cifar10_lenet5,C1,49,196,370.5,9,0.66332046332046324,61.046000000000006,0.5,0.050000000000000003
cifar10_lenet5,C1,50,200,360.5,9,0.67027027027027031,61.191999999999993,0.65000000000000002,0.14999999999999999
cifar10_lenet5,C1,51,204,234,9,0.72305019305019302,60.894000000000005,0.69999999999999996,0.14999999999999999
cifar10_lenet5,C1,52,208,362.5,9,0.67806949806949812,61.753999999999998,0.55000000000000004,0.10000000000000001
cifar10_lenet5,C1,53,212,381,9,0.66945945945945939,60.805999999999997,0.5,0.20000000000000001
cifar10_lenet5,C1,54,216,320,9,0.73749034749034748,62.323999999999998,0.75,0
cifar10_lenet5,C1,55,220,344.5,9,0.63471042471042471,60.229999999999997,0.55000000000000004,0.20000000000000001
cifar10_lenet5,C1,56,224,386.5,9,0.64250965250965253,61.391999999999996,0.5,0.20000000000000001
cifar10_lenet5,C1,57,228,392,9,0.6512355212355212,62.024000000000001,0.5,0.10000000000000001
cifar10_lenet5,C1,58,232,286,9,0.68899613899613898,61.544000000000004,0.65000000000000002,0.050000000000000003
cifar10_lenet5,C1,59,236,347.5,9,0.66644787644787651,60.926000000000002,0.59999999999999998,0.14999999999999999
cifar10_lenet5,C1,60,240,314,8.5,0.73281853281853282,62.258000000000003,0.69999999999999996,0.050000000000000003
cifar10_lenet5,C1,61,244,409,8.5,0.66324324324324324,60.917999999999992,0.45000000000000001,0.14999999999999999
cifar10_lenet5,C1,62,248,388,8.5,0.65297297297297296,61.748000000000005,0.55000000000000004,0.14999999999999999
cifar10_lenet5,C1,63,252,318.5,8.5,0.66752895752895758,60.758000000000003,0.55000000000000004,0.25
cifar10_lenet5,C1,64,256,333.5,8.5,0.69996138996139001,61.739999999999995,0.69999999999999996,0.10000000000000001
cifar10_lenet5,C1,65,260,282,8.5,0.71610038610038607,62.382000000000005,0.65000000000000002,0.050000000000000003
cifar10_lenet5,C1,66,264,361,8.5,0.69961389961389964,61.826000000000001,0.65000000000000002,0.050000000000000003
cifar10_lenet5,C1,67,268,429,8.5,0.65471042471042473,61.811999999999998,0.40000000000000002,0.050000000000000003
cifar10_lenet5,C1,68,272,329,8.5,0.75339768339768343,63.079999999999998,0.80000000000000004,0
cifar10_lenet5,C1,69,276,354.5,8.5,0.66138996138996142,61.887999999999998,0.59999999999999998,0.14999999999999999
cifar10_lenet5,C1,70,280,378.5,8.5,0.67386100386100378,62.351999999999997,0.5,0.14999999999999999
cifar10_lenet5,C1,71,284,180.5,8.5,0.76096525096525092,62.232000000000006,0.65000000000000002,0.050000000000000003
cifar10_lenet5,C1,72,288,461.5,8.5,0.57640926640926637,60.153999999999996,0.29999999999999999,0.25
cifar10_lenet5,C1,73,292,307.5,7,0.70861003861003868,61.953999999999994,0.69999999999999996,0.050000000000000003
cifar10_lenet5,C1,74,296,365,7,0.69783783783783782,62.037999999999997,0.69999999999999996,0
cifar10_lenet5,C1,75,300,310,7,0.73737451737451731,63.003999999999998,0.80000000000000004,0
cifar10_lenet5,C1,76,304,325.5,7,0.68440154440154433,62.450000000000003,0.65000000000000002,0.14999999999999999
cifar10_lenet5,C1,77,308,290.5,7,0.74034749034749037,62.055999999999997,0.69999999999999996,0.10000000000000001
cifar10_lenet5,C1,78,312,368.5,7,0.72409266409266404,62.510000000000005,0.59999999999999998,0.050000000000000003
cifar10_lenet5,C1,79,316,304,7,0.73926640926640919,62.844000000000008,0.80000000000000004,0
cifar10_lenet5,C1,80,320,335,7,0.73061776061776063,63.041999999999994,0.69999999999999996,0.10000000000000001
cifar10_lenet5,C1,81,324,341.5,7,0.71675675675675676,62.568000000000005,0.75,0.10000000000000001
cifar10_lenet5,C1,82,328,417.5,7,0.71030888030888029,62.929999999999993,0.5,0
cifar10_lenet5,C1,83,332,318.5,7,0.71536679536679537,61.936,0.65000000000000002,0.10000000000000001
cifar10_lenet5,C1,84,336,263,7,0.7021621621621621,61.351999999999997,0.75,0.14999999999999999
cifar10_lenet5,C1,85,340,322.5,7,0.72845559845559849,62.553999999999995,0.75,0
cifar10_lenet5,C1,86,344,217,7,0.78355212355212356,62.584000000000003,0.84999999999999998,0.050000000000000003
cifar10_lenet5,C1,87,348,311.5,7,0.75262548262548257,63.279999999999994,0.80000000000000004,0.050000000000000003
cifar10_lenet5,C1,88,352,333.5,7,0.69687258687258691,62.284000000000006,0.69999999999999996,0
cifar10_lenet5,C1,89,356,376,7,0.71536679536679537,62.772000000000006,0.59999999999999998,0.050000000000000003
cifar10_lenet5,C1,90,360,319,7,0.75768339768339765,63.263999999999996,0.80000000000000004,0.050000000000000003
cifar10_lenet5,C1,91,364,273,7,0.72849420849420843,61.213999999999999,0.65000000000000002,0.14999999999999999
cifar10_lenet5,C1,92,368,373,7,0.68065637065637064,61.832000000000008,0.59999999999999998,0.10000000000000001
cifar10_lenet5,C1,93,372,242.5,7,0.73610038610038608,61.946000000000005,0.69999999999999996,0.10000000000000001
cifar10_lenet5,C1,94,376,316,7,0.66679536679536677,61.680000000000007,0.65000000000000002,0.20000000000000001
cifar10_lenet5,C1,95,380,298.5,7,0.71471042471042467,62.588000000000001,0.75,0.050000000000000003
cifar10_lenet5,C1,96,384,330,7,0.7174517374517374,62.338000000000001,0.75,0.10000000000000001
cifar10_lenet5,C1,97,388,303,6,0.70347490347490349,61.061999999999998,0.75,0.14999999999999999
cifar10_lenet5,C1,98,392,280.5,6,0.74795366795366802,62.505999999999993,0.84999999999999998,0.050000000000000003
cifar10_lenet5,C1,99,396,282.5,6,0.73992277992277988,62.753999999999998,0.75,0.050000000000000003
cifar10_lenet5,C1,100,400,341.5,6,0.74258687258687262,63.118000000000009,0.75,0.10000000000000001
cifar10_lenet5,C1,101,404,314.5,6,0.70679536679536681,62.113999999999997,0.75,0.14999999999999999
cifar10_lenet5,C1,102,408,301,6,0.67081081081081084,60.710000000000001,0.75,0.14999999999999999
cifar10_lenet5,C1,103,412,280,6,0.76853281853281852,63.212000000000003,0.75,0.10000000000000001
cifar10_lenet5,C1,104,416,320,6,0.71741312741312746,62.167999999999992,0.65000000000000002,0.14999999999999999
cifar10_lenet5,C1,105,420,291,6,0.73957528957528962,62.358000000000004,0.80000000000000004,0.10000000000000001
cifar10_lenet5,C1,106,424,337,6,0.72324324324324318,62.808000000000007,0.69999999999999996,0.20000000000000001
cifar10_lenet5,C1,107,428,358.5,6,0.71606177606177612,62.088000000000001,0.65000000000000002,0.10000000000000001
cifar10_lenet5,C1,108,432,296,6,0.74559845559845561,62.544000000000004,0.84999999999999998,0.10000000000000001
cifar10_lenet5,C1,109,436,321,6,0.7583783783783784,63.010000000000005,0.80000000000000004,0
cifar10_lenet5,C1,110,440,204.5,6,0.81266409266409256,63.341999999999999,0.80000000000000004,0
cifar10_lenet5,C1,111,444,380.5,6,0.67880308880308882,61.894000000000005,0.5,0.20000000000000001
cifar10_lenet5,C1,112,448,312,6,0.72918918918918918,62.914000000000001,0.80000000000000004,0
cifar10_lenet5,C1,113,452,321.5,6,0.76200772200772193,63.234000000000002,0.90000000000000002,0.10000000000000001
cifar10_lenet5,C1,114,456,280.5,6,0.77590733590733596,63.418000000000006,0.90000000000000002,0.050000000000000003
cifar10_lenet5,C1,115,460,335,6,0.69196911196911193,62.684000000000005,0.65000000000000002,0.050000000000000003
cifar10_lenet5,C1,116,464,248.5,6,0.79077220077220078,63.427999999999997,0.84999999999999998,0
cifar10_lenet5,C1,117,468,337,6,0.70602316602316606,62.855999999999995,0.65000000000000002,0.10000000000000001
cifar10_lenet5,C1,118,472,289.5,6,0.75073359073359069,63.089999999999996,0.90000000000000002,0.050000000000000003
cifar10_lenet5,C1,119,476,306.5,6,0.76362934362934365,63.173999999999999,0.90000000000000002,0
cifar10_lenet5,C1,120,480,300.5,6,0.76752895752895756,63.189999999999998,0.94999999999999996,0
cifar10_lenet5,C1,121,484,279.5,6,0.75111969111969112,62.939999999999998,0.84999999999999998,0
cifar10_lenet5,C1,122,488,320,6,0.75420849420849423,63.346000000000004,0.90000000000000002,0
cifar10_lenet5,C1,123,492,303.5,6,0.76231660231660237,63.272000000000006,0.84999999999999998,0.10000000000000001
cifar10_lenet5,C1,124,496,315,6,0.73818532818532812,63.070000000000007,0.69999999999999996,0.050000000000000003
cifar10_lenet5,C1,125,500,338,6,0.71223938223938221,62.75,0.69999999999999996,0.10000000000000001
cifar10_lenet5,C1,126,504,258,6,0.75007722007722011,62.408000000000001,0.80000000000000004,0.050000000000000003
cifar10_lenet5,C1,127,508,254.5,6,0.77436293436293435,62.505999999999993,0.84999999999999998,0.050000000000000003
cifar10_lenet5,C1,128,512,248.5,6,0.77154440154440151,63.176000000000002,0.84999999999999998,0.050000000000000003
cifar10_lenet5,C1,129,516,319.5,6,0.74351351351351347,62.508000000000003,0.80000000000000004,0.050000000000000003
cifar10_lenet5,C1,130,520,282.5,6,0.788069498069498,63.460000000000001,0.90000000000000002,0
cifar10_lenet5,C1,131,524,294,6,0.7530888030888031,62.396000000000001,0.80000000000000004,0.10000000000000001
cifar10_lenet5,C1,132,528,325.5,6,0.72007722007722008,62.811999999999998,0.84999999999999998,0
cifar10_lenet5,C1,133,532,362,6,0.66610038610038613,61.379999999999995,0.69999999999999996,0.14999999999999999
cifar10_lenet5,C1,134,536,378.5,6,0.67123552123552122,62.609999999999999,0.65000000000000002,0.050000000000000003
cifar10_lenet5,C1,135,540,306,6,0.71239382239382243,62.232000000000006,0.84999999999999998,0.050000000000000003
cifar10_lenet5,C1,136,544,323,6,0.76146718146718151,63.258000000000003,0.94999999999999996,0
cifar10_lenet5,C1,137,548,314,6,0.76212355212355209,63.308000000000007,0.84999999999999998,0.050000000000000003
cifar10_lenet5,C1,138,552,318.5,6,0.76548262548262547,63.070000000000007,0.84999999999999998,0
cifar10_lenet5,C1,139,556,326,6,0.69830115830115835,62.225999999999999,0.80000000000000004,0
cifar10_lenet5,C1,140,560,255.5,6,0.77285714285714291,63.262,0.80000000000000004,0
cifar10_lenet5,C1,141,564,273.5,6,0.76142857142857134,63.339999999999996,0.84999999999999998,0.050000000000000003
cifar10_lenet5,C1,142,568,366.5,6,0.72891891891891891,62.898000000000003,0.80000000000000004,0
cifar10_lenet5,C1,143,572,356.5,6,0.72142857142857142,63.046000000000006,0.59999999999999998,0.050000000000000003
cifar10_lenet5,C1,144,576,235.5,6,0.76046332046332044,62.944000000000003,0.80000000000000004,0
cifar10_lenet5,C1,145,580,268,6,0.78158301158301158,62.927999999999997,0.90000000000000002,0
cifar10_lenet5,C1,146,584,260.5,6,0.74953667953667957,62.370000000000005,0.75,0.10000000000000001
cifar10_lenet5,C1,147,588,305,6,0.72432432432432425,62.996000000000002,0.75,0.050000000000000003
cifar10_lenet5,C1,148,592,306,6,0.76270270270270268,63.558000000000007,0.90000000000000002,0
cifar10_lenet5,C1,149,596,330,6,0.76938223938223937,63.520000000000003,0.94999999999999996,0
cifar10_lenet5,C1,150,600,315,6,0.7810810810810811,63.641999999999996,0.90000000000000002,0
cifar10_lenet5,C1,151,604,341,6,0.74420849420849422,63.052,0.80000000000000004,0
cifar10_lenet5,C1,152,608,289,6,0.75884169884169883,63.382000000000005,0.84999999999999998,0.050000000000000003
cifar10_lenet5,C1,153,612,279,6,0.78471042471042474,63.517999999999994,0.94999999999999996,0.050000000000000003
cifar10_lenet5,C1,154,616,316.5,6,0.71069498069498072,62.096000000000004,0.84999999999999998,0.050000000000000003
cifar10_lenet5,C1,155,620,311.5,6,0.76243243243243242,63.255999999999993,0.94999999999999996,0
cifar10_lenet5,C1,156,624,363.5,6,0.7272200772200772,63.302,0.75,0
cifar10_lenet5,C1,157,628,309,6,0.74988416988416984,62.438000000000002,0.80000000000000004,0.050000000000000003
cifar10_lenet5,C1,158,632,241.5,6,0.80169884169884165,63.438000000000002,0.94999999999999996,0.050000000000000003
cifar10_lenet5,C1,159,636,369,6,0.68142857142857138,62.422000000000004,0.75,0.14999999999999999
cifar10_lenet5,C1,160,640,317.5,6,0.76926640926640921,63.522000000000006,0.90000000000000002,0
cifar10_lenet5,C1,161,644,358,6,0.75571428571428567,63.572000000000003,0.90000000000000002,0
cifar10_lenet5,C1,162,648,289.5,6,0.74544401544401551,62.582000000000008,0.84999999999999998,0.050000000000000003
cifar10_lenet5,C1,163,652,273,6,0.77915057915057917,63.335999999999999,0.94999999999999996,0
cifar10_lenet5,C1,164,656,295,6,0.75722007722007723,63.052,0.90000000000000002,0.050000000000000003
cifar10_lenet5,C1,165,660,308.5,6,0.76857142857142857,63.208000000000006,0.80000000000000004,0
cifar10_lenet5,C1,166,664,271.5,6,0.78301158301158302,63.496000000000002,0.94999999999999996,0.050000000000000003
cifar10_lenet5,C1,167,668,340,6,0.75822393822393819,62.729999999999997,0.94999999999999996,0.050000000000000003
cifar10_lenet5,C1,168,672,308.5,6,0.74374517374517368,63.003999999999998,0.80000000000000004,0
cifar10_lenet5,C1,169,676,307,6,0.77841698841698848,63.588000000000001,0.90000000000000002,0
cifar10_lenet5,C1,170,680,307,6,0.70942084942084949,61.923999999999999,0.80000000000000004,0.10000000000000001
cifar10_lenet5,C1,171,684,313,6,0.77266409266409264,63.501999999999995,0.84999999999999998,0
cifar10_lenet5,C1,172,688,351.5,6,0.73841698841698844,63.048000000000002,0.84999999999999998,0.14999999999999999
cifar10_lenet5,C1,173,692,332,6,0.7553667953667953,63.366,0.84999999999999998,0
cifar10_lenet5,C1,174,696,275,6,0.78208494208494206,63.417999999999992,0.84999999999999998,0
cifar10_lenet5,C1,175,700,296.5,6,0.78073359073359072,63.358000000000004,0.84999999999999998,0
cifar10_lenet5,C1,176,704,293.5,6,0.76737451737451745,63.432000000000002,0.84999999999999998,0
cifar10_lenet5,C1,177,708,365.5,6,0.73837837837837839,63.432000000000002,0.84999999999999998,0.050000000000000003
cifar10_lenet5,C1,178,712,277.5,5.5,0.78393822393822388,63.153999999999996,0.90000000000000002,0
cifar10_lenet5,C1,179,716,306,5.5,0.77536679536679531,63.539999999999999,0.94999999999999996,0
cifar10_lenet5,C1,180,720,314,5.5,0.75980694980694985,63.589999999999996,0.94999999999999996,0
cifar10_lenet5,C1,181,724,296.5,5.5,0.73992277992277988,63.101999999999997,0.80000000000000004,0.14999999999999999
cifar10_lenet5,C1,182,728,302,5.5,0.7902702702702703,63.552,1,0
cifar10_lenet5,C1,183,732,311.5,5.5,0.77764478764478762,63.498000000000005,0.94999999999999996,0
cifar10_lenet5,C1,184,736,312.5,5.5,0.75320463320463316,63.503999999999998,0.84999999999999998,0
cifar10_lenet5,C1,185,740,371,5.5,0.65949806949806944,61.920000000000002,0.69999999999999996,0.050000000000000003
cifar10_lenet5,C1,186,744,362,5.5,0.75459459459459466,63.426000000000002,0.75,0
cifar10_lenet5,C1,187,748,300.5,5.5,0.78212355212355211,63.629999999999995,0.94999999999999996,0
cifar10_lenet5,C1,188,752,297.5,5.5,0.74077220077220074,62.944000000000003,0.84999999999999998,0
cifar10_lenet5,C1,189,756,289,5.5,0.79980694980694977,63.658000000000001,0.94999999999999996,0
cifar10_lenet5,C1,190,760,325,5.5,0.76397683397683402,63.592000000000006,0.94999999999999996,0
cifar10_lenet5,C1,191,764,331.5,5.5,0.76494208494208493,63.198,0.80000000000000004,0.050000000000000003
cifar10_lenet5,C1,192,768,302,5.5,0.7772586872586873,63.512,0.94999999999999996,0
cifar10_lenet5,C1,193,772,325,5.5,0.763088803088803,63.414000000000001,0.80000000000000004,0
cifar10_lenet5,C1,194,776,269.5,5.5,0.7713127413127413,63.222000000000001,0.75,0
cifar10_lenet5,C1,195,780,289,5.5,0.78768339768339768,63.668000000000006,1,0
cifar10_lenet5,C1,196,784,278,5.5,0.75980694980694985,63.160000000000004,0.84999999999999998,0.10000000000000001
cifar10_lenet5,C1,197,788,318.5,5.5,0.76718146718146718,63.605999999999995,0.94999999999999996,0
cifar10_lenet5,C1,198,792,300.5,5.5,0.77826254826254826,63.636000000000003,1,0
cifar10_lenet5,C1,199,796,249.5,5.5,0.79424710424710432,63.484000000000002,0.94999999999999996,0
cifar10_lenet5,C1,200,800,266.5,5.5,0.78123552123552131,63.513999999999996,0.94999999999999996,0
cifar10_lenet5,C1,201,804,336.5,5.5,0.74077220077220074,63.041999999999994,0.90000000000000002,0
cifar10_lenet5,C1,202,808,198,5.5,0.8167181467181468,63.467999999999996,0.90000000000000002,0
cifar10_lenet5,C1,203,812,303,5.5,0.77957528957528965,63.546000000000006,0.94999999999999996,0
cifar10_lenet5,C1,204,816,287,5.5,0.75698841698841701,62.548000000000002,0.90000000000000002,0.050000000000000003
cifar10_lenet5,C1,205,820,326,5.5,0.73613899613899614,63.215999999999994,0.80000000000000004,0.10000000000000001
cifar10_lenet5,C1,206,824,340.5,5.5,0.76254826254826258,63.567999999999998,0.94999999999999996,0
cifar10_lenet5,C1,207,828,299,5.5,0.77281853281853286,63.372,0.90000000000000002,0
cifar10_lenet5,C1,208,832,334.5,5.5,0.75057915057915059,63.366,0.84999999999999998,0
cifar10_lenet5,C1,209,836,313,5.5,0.77478764478764472,63.553999999999995,0.94999999999999996,0
cifar10_lenet5,C1,210,840,315,5.5,0.77737451737451735,63.558000000000007,0.84999999999999998,0
cifar10_lenet5,C1,211,844,324.5,5.5,0.74405405405405411,63.137999999999998,0.84999999999999998,0.050000000000000003
cifar10_lenet5,C1,212,848,309.5,5.5,0.76544401544401541,63.496000000000002,0.84999999999999998,0.050000000000000003
cifar10_lenet5,C1,213,852,252.5,5.5,0.7947490347490348,63.384,0.94999999999999996,0
cifar10_lenet5,C1,214,856,350.5,5.5,0.76339768339768344,63.488,0.90000000000000002,0
cifar10_lenet5,C1,215,860,326,5.5,0.76393822393822397,63.510000000000005,0.94999999999999996,0
cifar10_lenet5,C1,216,864,312,5.5,0.74320463320463326,63.375999999999998,0.90000000000000002,0.050000000000000003
cifar10_lenet5,C1,217,868,379,5.5,0.73386100386100384,63.616000000000007,0.84999999999999998,0
cifar10_lenet5,C1,218,872,306.5,5.5,0.74884169884169882,62.612000000000002,0.90000000000000002,0.050000000000000003
cifar10_lenet5,C1,219,876,315,5.5,0.77598455598455596,63.712000000000003,1,0
cifar10_lenet5,C1,220,880,290.5,5.5,0.78227799227799222,63.510000000000005,0.94999999999999996,0
cifar10_lenet5,C1,221,884,317,5.5,0.7612355212355213,63.546000000000006,0.94999999999999996,0
cifar10_lenet5,C1,222,888,288,5.5,0.74490347490347486,62.798000000000002,0.94999999999999996,0.050000000000000003
cifar10_lenet5,C1,223,892,307,5.5,0.74386100386100384,63.212000000000003,0.90000000000000002,0
cifar10_lenet5,C1,224,896,305,5.5,0.77571428571428569,63.515999999999998,0.90000000000000002,0
cifar10_lenet5,C1,225,900,293,5.5,0.75289575289575283,63.270000000000003,0.80000000000000004,0.050000000000000003
cifar10_lenet5,C1,226,904,299.5,5.5,0.77208494208494205,63.649999999999999,0.94999999999999996,0
cifar10_lenet5,C1,227,908,274,5.5,0.7711583011583012,63.594000000000008,0.94999999999999996,0
cifar10_lenet5,C1,228,912,307,5.5,0.75254826254826257,62.905999999999992,0.90000000000000002,0
cifar10_lenet5,C1,229,916,304.5,5.5,0.77996138996138997,63.498000000000005,0.94999999999999996,0
cifar10_lenet5,C1,230,920,313,5.5,0.75015444015444011,63.415999999999997,0.84999999999999998,0
cifar10_lenet5,C1,231,924,284.5,5.5,0.79123552123552121,63.527999999999999,1,0
cifar10_lenet5,C1,232,928,248.5,5.5,0.80154440154440143,63.411999999999999,0.90000000000000002,0
cifar10_lenet5,C1,233,932,255.5,5.5,0.79359073359073362,63.429999999999993,0.94999999999999996,0.050000000000000003
cifar10_lenet5,C1,234,936,337.5,5.5,0.72467181467181463,62.474000000000004,0.84999999999999998,0.10000000000000001
cifar10_lenet5,C1,235,940,304.5,5.5,0.7789575289575289,63.298000000000002,0.90000000000000002,0
cifar10_lenet5,C1,236,944,247.5,5.5,0.81640926640926637,63.624000000000002,1,0
cifar10_lenet5,C1,237,948,322.5,5.5,0.77104247104247103,63.335999999999999,0.90000000000000002,0
cifar10_lenet5,C1,238,952,315,5.5,0.7682239382239382,63.482000000000006,0.94999999999999996,0
cifar10_lenet5,C1,239,956,330,5.5,0.74833976833976834,63.482000000000006,0.90000000000000002,0.050000000000000003
cifar10_lenet5,C1,240,960,313,5.5,0.69729729729729728,62.420000000000002,0.84999999999999998,0
cifar10_lenet5,C1,241,964,310,5.5,0.76046332046332044,63.402000000000001,0.90000000000000002,0
cifar10_lenet5,C1,242,968,307,5.5,0.78088803088803094,63.625999999999998,0.94999999999999996,0
cifar10_lenet5,C1,243,972,299.5,5.5,0.77590733590733596,63.489999999999995,0.94999999999999996,0.050000000000000003
cifar10_lenet5,C1,244,976,277,5.5,0.78702702702702709,63.384,1,0
cifar10_lenet5,C1,245,980,300,5.5,0.76270270270270268,63.479999999999997,0.90000000000000002,0.050000000000000003
cifar10_lenet5,C1,246,984,276,5.5,0.74301158301158299,63.008000000000003,0.84999999999999998,0.050000000000000003
cifar10_lenet5,C1,247,988,280,5.5,0.76741312741312739,63.408000000000001,0.84999999999999998,0.050000000000000003
cifar10_lenet5,C1,248,992,307,5.5,0.74019305019305015,62.866,0.80000000000000004,0
cifar10_lenet5,C1,249,996,263,5.5,0.76772200772200772,63.338000000000001,0.84999999999999998,0
cifar10_lenet5,C1,250,1000,318.5,5.5,0.77038610038610034,63.758000000000003,0.94999999999999996,0
cifar10_lenet5,C1,251,1004,315.5,5.5,0.75710424710424706,63.423999999999999,0.84999999999999998,0
cifar10_lenet5,C1,252,1008,299.5,5.5,0.77138996138996141,63.596000000000004,0.84999999999999998,0
cifar10_lenet5,C1,253,1012,309.5,5.5,0.77297297297297296,63.561999999999998,0.94999999999999996,0
cifar10_lenet5,C1,254,1016,336.5,5.5,0.73444015444015442,63.366,0.84999999999999998,0
cifar10_lenet5,C1,255,1020,345,5.5,0.74776061776061775,63.146000000000001,0.94999999999999996,0
cifar10_lenet5,C1,256,1024,314,5.5,0.78204633204633212,63.673999999999999,1,0
cifar10_lenet5,C1,257,1028,276,5.5,0.7878378378378379,63.510000000000005,1,0
cifar10_lenet5,C1,258,1032,299.5,5.5,0.7827027027027027,63.698,1,0
cifar10_lenet5,C1,259,1036,303,5.5,0.74420849420849422,62.923999999999999,0.84999999999999998,0.050000000000000003
cifar10_lenet5,C1,260,1040,314.5,5.5,0.77301158301158301,63.423999999999999,0.94999999999999996,0.050000000000000003
cifar10_lenet5,C1,261,1044,296.5,5.5,0.77745173745173746,63.606000000000009,0.94999999999999996,0
cifar10_lenet5,C1,262,1048,289.5,5.5,0.77590733590733596,63.468000000000004,0.94999999999999996,0
cifar10_lenet5,C1,263,1052,296,5.5,0.78146718146718153,63.739999999999995,1,0
cifar10_lenet5,C1,264,1056,307.5,5.5,0.76799227799227798,63.406000000000006,0.94999999999999996,0.050000000000000003
cifar10_lenet5,C1,265,1060,307,5.5,0.78814671814671811,63.618000000000009,1,0
cifar10_lenet5,C1,266,1064,309.5,5.5,0.78216216216216217,63.665999999999997,1,0
cifar10_lenet5,C1,267,1068,308.5,5.5,0.7711583011583012,63.486000000000004,0.94999999999999996,0
cifar10_lenet5,C1,268,1072,306,5.5,0.78057915057915062,63.484000000000002,1,0
cifar10_lenet5,C1,269,1076,322.5,5.5,0.73895752895752898,63.084000000000003,0.94999999999999996,0
cifar10_lenet5,C1,270,1080,297,5.5,0.76606177606177606,63.070000000000007,0.94999999999999996,0
cifar10_lenet5,C1,271,1084,280.5,5.5,0.7979150579150579,63.503999999999998,0.94999999999999996,0.050000000000000003
cifar10_lenet5,C1,272,1088,307,5.5,0.76061776061776065,63.379999999999995,0.84999999999999998,0
cifar10_lenet5,C1,273,1092,304.5,5.5,0.78884169884169886,63.479999999999997,0.90000000000000002,0
cifar10_lenet5,C1,274,1096,300.5,5.5,0.75575289575289584,63.263999999999996,0.90000000000000002,0.050000000000000003
cifar10_lenet5,C1,275,1100,280.5,5.5,0.79324324324324325,63.613999999999997,1,0
cifar10_lenet5,C1,276,1104,295.5,5.5,0.80115830115830122,63.620000000000005,1,0
cifar10_lenet5,C1,277,1108,309.5,5.5,0.77000000000000002,63.667999999999992,0.94999999999999996,0
cifar10_lenet5,C1,278,1112,313.5,5.5,0.76173745173745178,63.339999999999996,0.84999999999999998,0
cifar10_lenet5,C1,279,1116,309.5,5.5,0.7810810810810811,63.553999999999995,0.94999999999999996,0
cifar10_lenet5,C1,280,1120,293,5.5,0.77915057915057917,63.486000000000004,0.90000000000000002,0
cifar10_lenet5,C1,281,1124,294,5.5,0.72768339768339774,62.179999999999993,0.84999999999999998,0.050000000000000003
cifar10_lenet5,C1,282,1128,307.5,5.5,0.77339768339768344,63.616,1,0
cifar10_lenet5,C1,283,1132,286,5.5,0.7674903474903475,63.422000000000004,0.94999999999999996,0.050000000000000003
cifar10_lenet5,C1,284,1136,308,5.5,0.77648648648648655,63.584000000000003,0.94999999999999996,0
cifar10_lenet5,C1,285,1140,274.5,5.5,0.79096525096525094,63.475999999999999,0.94999999999999996,0
cifar10_lenet5,C1,286,1144,288,5.5,0.75972972972972974,63.218000000000004,0.90000000000000002,0.050000000000000003
cifar10_lenet5,C1,287,1148,319,5.5,0.75471042471042471,63.677999999999997,0.84999999999999998,0
cifar10_lenet5,C1,288,1152,293,5.5,0.77123552123552119,63.366,0.80000000000000004,0
cifar10_lenet5,C1,289,1156,285.5,5.5,0.7683011583011583,63.391999999999996,0.94999999999999996,0.050000000000000003
cifar10_lenet5,C1,290,1160,272,5.5,0.7903474903474903,63.450000000000003,0.90000000000000002,0
cifar10_lenet5,C1,291,1164,300.5,5.5,0.78714285714285714,63.648000000000003,0.90000000000000002,0
cifar10_lenet5,C1,292,1168,318,5.5,0.76984555984555991,63.564,1,0
cifar10_lenet5,C1,293,1172,319,5.5,0.76193050193050194,63.510000000000005,0.90000000000000002,0
cifar10_lenet5,C1,294,1176,287,5.5,0.79459459459459458,63.613999999999997,1,0
cifar10_lenet5,C1,295,1180,306,5.5,0.79339768339768335,63.546000000000006,1,0
cifar10_lenet5,C1,296,1184,293.5,5.5,0.79266409266409266,63.525999999999996,0.90000000000000002,0
cifar10_lenet5,C1,297,1188,330.5,5.5,0.76687258687258686,63.591999999999999,1,0
cifar10_lenet5,C1,298,1192,307,5.5,0.76776061776061777,63.618000000000009,0.90000000000000002,0
cifar10_lenet5,C1,299,1196,303,5.5,0.76498069498069499,63.506000000000007,0.90000000000000002,0
cifar10_lenet5,C1,300,1200,310,5.5,0.77208494208494205,63.612000000000002,0.94999999999999996,0
cifar10_lenet5,C1,301,1204,304.5,5.5,0.77247104247104248,63.384,0.90000000000000002,0
cifar10_lenet5,C1,302,1208,302,5.5,0.79042471042471041,63.609999999999999,1,0
cifar10_lenet5,C1,303,1212,307,5.5,0.77413127413127414,63.582000000000008,0.94999999999999996,0
cifar10_lenet5,C1,304,1216,285.5,5.5,0.75181467181467176,62.717999999999996,0.94999999999999996,0.050000000000000003
cifar10_lenet5,C1,305,1220,278,5.5,0.79081081081081073,63.689999999999998,1,0
cifar10_lenet5,C1,306,1224,271.5,5.5,0.79428571428571426,63.656000000000006,0.94999999999999996,0
cifar10_lenet5,C1,307,1228,307,5.5,0.77768339768339767,63.570000000000007,0.94999999999999996,0
cifar10_lenet5,C1,308,1232,282,5.5,0.77459459459459468,63.438000000000002,0.94999999999999996,0.050000000000000003
cifar10_lenet5,C1,309,1236,306,5.5,0.75872586872586878,63.441999999999993,0.94999999999999996,0
cifar10_lenet5,C1,310,1240,191,5.5,0.81243243243243257,63.375999999999998,1,0
cifar10_lenet5,C1,311,1244,304.5,5.5,0.77162162162162162,63.600000000000001,0.94999999999999996,0
cifar10_lenet5,C1,312,1248,337,5.5,0.75359073359073359,63.601999999999997,0.94999999999999996,0
cifar10_lenet5,C1,313,1252,304,5.5,0.78969111969111971,63.832000000000008,0.94999999999999996,0
cifar10_lenet5,C1,314,1256,239,5.5,0.80169884169884165,63.282000000000004,0.90000000000000002,0
cifar10_lenet5,C1,315,1260,312,5.5,0.771969111969112,63.625999999999998,0.94999999999999996,0
cifar10_lenet5,C1,316,1264,322.5,5.5,0.75884169884169883,63.617999999999995,1,0
cifar10_lenet5,C1,317,1268,307,5.5,0.77208494208494216,63.544000000000004,0.94999999999999996,0
cifar10_lenet5,C1,318,1272,279.5,5.5,0.76061776061776065,62.609999999999999,0.90000000000000002,0.050000000000000003
cifar10_lenet5,C1,319,1276,286,5.5,0.79096525096525094,63.589999999999996,0.94999999999999996,0
cifar10_lenet5,C1,320,1280,293.5,5.5,0.77965250965250965,63.564,0.94999999999999996,0
cifar10_lenet5,C1,321,1284,325,5.5,0.76853281853281863,63.549999999999997,0.90000000000000002,0
cifar10_lenet5,C1,322,1288,299.5,5.5,0.78069498069498067,63.594000000000008,1,0
cifar10_lenet5,C1,323,1292,324,5.5,0.7705019305019305,63.682000000000002,0.94999999999999996,0
cifar10_lenet5,C1,324,1296,286,5.5,0.7849034749034749,63.632000000000005,1,0
cifar10_lenet5,C1,325,1300,239,5.5,0.80440154440154443,63.536000000000001,1,0
cifar10_lenet5,C1,326,1304,299.5,5.5,0.77864864864864869,63.510000000000005,0.94999999999999996,0
cifar10_lenet5,C1,327,1308,295.5,5.5,0.76664092664092665,63.555999999999997,0.84999999999999998,0
cifar10_lenet5,C1,328,1312,293,5.5,0.7780694980694981,63.582000000000008,0.94999999999999996,0
cifar10_lenet5,C1,329,1316,268,5.5,0.80664092664092668,63.532000000000004,0.94999999999999996,0
cifar10_lenet5,C1,330,1320,314.5,5.5,0.77223938223938227,63.552,0.90000000000000002,0
cifar10_lenet5,C1,331,1324,310,5.5,0.76301158301158301,63.686,1,0
cifar10_lenet5,C1,332,1328,302,5.5,0.79239382239382239,63.553999999999995,1,0
cifar10_lenet5,C1,333,1332,306,5.5,0.78660231660231661,63.596000000000004,1,0
cifar10_lenet5,C1,334,1336,312,5.5,0.75841698841698846,63.384,0.84999999999999998,0
cifar10_lenet5,C1,335,1340,351.5,5.5,0.74193050193050192,63.320000000000007,0.80000000000000004,0
cifar10_lenet5,C1,336,1344,307,5.5,0.76752895752895756,63.338000000000001,0.90000000000000002,0.050000000000000003
cifar10_lenet5,C1,337,1348,303,5.5,0.75173745173745177,63.344000000000008,0.90000000000000002,0.10000000000000001
cifar10_lenet5,C1,338,1352,309.5,5.5,0.77814671814671821,63.597999999999999,0.94999999999999996,0
cifar10_lenet5,C1,339,1356,303,5.5,0.78065637065637072,63.608000000000004,1,0
cifar10_lenet5,C1,340,1360,297,5.5,0.78073359073359072,63.414000000000001,0.94999999999999996,0
cifar10_lenet5,C1,341,1364,304,5.5,0.79054054054054057,63.609999999999999,1,0
cifar10_lenet5,C1,342,1368,253.5,5.5,0.7940926640926641,63.370000000000005,0.94999999999999996,0
cifar10_lenet5,C1,343,1372,308.5,5.5,0.77073359073359071,63.410000000000004,0.90000000000000002,0.050000000000000003
cifar10_lenet5,C1,344,1376,265,5.5,0.80355212355212358,63.520000000000003,0.94999999999999996,0
cifar10_lenet5,C1,345,1380,232,5.5,0.8084942084942085,63.494000000000007,0.90000000000000002,0
cifar10_lenet5,C1,346,1384,305.5,5.5,0.75023166023166021,63.379999999999995,0.90000000000000002,0.050000000000000003
cifar10_lenet5,C1,347,1388,307.5,5.5,0.75942084942084942,62.689999999999998,0.90000000000000002,0.050000000000000003
cifar10_lenet5,C1,348,1392,307,5.5,0.75749034749034749,63.640000000000001,0.90000000000000002,0
cifar10_lenet5,C1,349,1396,321,5.5,0.77007722007722013,63.510000000000005,0.94999999999999996,0
cifar10_lenet5,C1,350,1400,298,5.5,0.75895752895752899,62.962000000000003,0.90000000000000002,0
cifar10_lenet5,C1,351,1404,346,5.5,0.73733590733590737,63.382000000000005,0.80000000000000004,0.050000000000000003
cifar10_lenet5,C1,352,1408,307.5,5.5,0.78131274131274131,63.570000000000007,0.90000000000000002,0
cifar10_lenet5,C1,353,1412,313.5,5.5,0.75984555984555979,63.379999999999995,0.94999999999999996,0.050000000000000003
cifar10_lenet5,C1,354,1416,293,5.5,0.78084942084942077,63.588000000000001,1,0
cifar10_lenet5,C1,355,1420,288.5,5.5,0.78984555984555982,63.609999999999999,0.94999999999999996,0
cifar10_lenet5,C1,356,1424,365,5.5,0.75571428571428567,63.556000000000004,0.90000000000000002,0
cifar10_lenet5,C1,357,1428,228,5.5,0.80316602316602315,63.460000000000001,0.94999999999999996,0
cifar10_lenet5,C1,358,1432,292.5,5.5,0.78065637065637072,63.577999999999996,0.94999999999999996,0
cifar10_lenet5,C1,359,1436,309.5,5.5,0.76841698841698836,63.537999999999997,0.94999999999999996,0
cifar10_lenet5,C1,360,1440,336.5,5.5,0.75254826254826257,63.700000000000003,1,0
cifar10_lenet5,C1,361,1444,307,5.5,0.7811583011583012,63.527999999999999,1,0
cifar10_lenet5,C1,362,1448,306,5.5,0.74926640926640931,63.236000000000004,0.94999999999999996,0
cifar10_lenet5,C1,363,1452,312,5.5,0.76011583011583017,63.429999999999993,0.94999999999999996,0.050000000000000003
cifar10_lenet5,C1,364,1456,288,5.5,0.79444015444015448,63.620000000000005,1,0
cifar10_lenet5,C1,365,1460,307,5.5,0.76258687258687252,63.524000000000001,0.94999999999999996,0
cifar10_lenet5,C1,366,1464,320,5.5,0.73702702702702694,63.513999999999996,0.84999999999999998,0.050000000000000003
cifar10_lenet5,C1,367,1468,229,5.5,0.80042471042471042,63.524000000000001,1,0
cifar10_lenet5,C1,368,1472,284,5.5,0.78814671814671811,63.746000000000002,1,0
cifar10_lenet5,C1,369,1476,311.5,5.5,0.77606177606177607,63.576000000000001,0.94999999999999996,0
cifar10_lenet5,C1,370,1480,258,5.5,0.80127413127413116,63.475999999999999,0.94999999999999996,0
cifar10_lenet5,C1,371,1484,264.5,5.5,0.79247104247104239,63.494000000000007,0.90000000000000002,0
cifar10_lenet5,C1,372,1488,315,5.5,0.75501930501930503,63.463999999999999,0.94999999999999996,0
cifar10_lenet5,C1,373,1492,308.5,5.5,0.76764478764478761,63.629999999999995,1,0
cifar10_lenet5,C1,374,1496,295.5,5.5,0.78073359073359072,63.561999999999998,0.94999999999999996,0
cifar10_lenet5,C1,375,1500,307,5.5,0.7675675675675675,63.520000000000003,0.94999999999999996,0
cifar10_lenet5,C1,376,1504,306,5.5,0.78339768339768345,63.494000000000007,0.94999999999999996,0
cifar10_lenet5,C1,377,1508,290.5,5.5,0.78969111969111971,63.632000000000005,1,0
cifar10_lenet5,C1,378,1512,306,5.5,0.76015444015444023,63.346000000000004,0.90000000000000002,0.050000000000000003
cifar10_lenet5,C1,379,1516,246.5,5.5,0.81579150579150583,63.561999999999998,1,0
cifar10_lenet5,C1,380,1520,309.5,5.5,0.77845559845559842,63.664000000000001,1,0
cifar10_lenet5,C1,381,1524,309,5.5,0.77509652509652516,63.532000000000004,0.94999999999999996,0
cifar10_lenet5,C1,382,1528,307.5,5.5,0.76949806949806954,63.5,0.94999999999999996,0
cifar10_lenet5,C1,383,1532,307,5.5,0.75806949806949808,63.122,0.90000000000000002,0.050000000000000003
cifar10_lenet5,C1,384,1536,306,5.5,0.77308880308880312,63.556000000000004,1,0
cifar10_lenet5,C1,385,1540,307,5.5,0.76162162162162161,63.241999999999997,0.80000000000000004,0
cifar10_lenet5,C1,386,1544,278,5.5,0.79196911196911191,63.620000000000005,1,0
cifar10_lenet5,C1,387,1548,306,5.5,0.76752895752895756,63.520000000000003,0.94999999999999996,0
cifar10_lenet5,C1,388,1552,292,5.5,0.78362934362934367,63.577999999999996,1,0
cifar10_lenet5,C1,389,1556,273,5.5,0.78436293436293436,63.544000000000004,0.94999999999999996,0
cifar10_lenet5,C1,390,1560,306,5.5,0.77833976833976837,63.577999999999996,0.94999999999999996,0
cifar10_lenet5,C1,391,1564,345,5.5,0.74907335907335904,63.456000000000003,0.90000000000000002,0
cifar10_lenet5,C1,392,1568,292,5.5,0.80243243243243234,63.636000000000003,1,0
cifar10_lenet5,C1,393,1572,324,5.5,0.75915057915057915,63.378,0.80000000000000004,0
cifar10_lenet5,C1,394,1576,306,5.5,0.76501930501930504,63.366,0.94999999999999996,0
cifar10_lenet5,C1,395,1580,217,5.5,0.81285714285714283,63.582000000000008,1,0
cifar10_lenet5,C1,396,1584,295.5,5.5,0.7902702702702703,63.585999999999999,0.94999999999999996,0
cifar10_lenet5,C1,397,1588,298.5,5.5,0.78621621621621629,63.582000000000008,1,0
cifar10_lenet5,C1,398,1592,313,5.5,0.71150579150579152,62.176000000000002,0.84999999999999998,0.050000000000000003
cifar10_lenet5,C1,399,1596,300.5,5.5,0.78034749034749029,63.596000000000004,0.94999999999999996,0
cifar10_lenet5,C1,400,1600,307.5,5.5,0.77077220077220077,63.564,0.84999999999999998,0
cifar10_lenet5,C1,401,1604,239,5.5,0.80521235521235524,63.567999999999998,0.94999999999999996,0
cifar10_lenet5,C1,402,1608,241,5.5,0.80444015444015449,63.537999999999997,0.94999999999999996,0
cifar10_lenet5,C1,403,1612,289,5.5,0.79123552123552121,63.649999999999999,1,0
cifar10_lenet5,C1,404,1616,314,5.5,0.75857142857142856,63.544000000000004,0.90000000000000002,0
cifar10_lenet5,C1,405,1620,307,5.5,0.78069498069498067,63.518000000000008,0.94999999999999996,0
cifar10_lenet5,C1,406,1624,289,5.5,0.77459459459459468,63.589999999999996,0.94999999999999996,0
cifar10_lenet5,C1,407,1628,305,5.5,0.78590733590733586,63.609999999999999,1,0
cifar10_lenet5,C1,408,1632,190,5.5,0.83200772200772199,63.573999999999998,1,0
cifar10_lenet5,C1,409,1636,306,5.5,0.77490347490347489,63.701999999999998,1,0
cifar10_lenet5,C1,410,1640,307,5.5,0.78861003861003864,63.636000000000003,1,0
cifar10_lenet5,C1,411,1644,307.5,5.5,0.75884169884169883,63.527999999999999,0.94999999999999996,0
cifar10_lenet5,C1,412,1648,221.5,5.5,0.81957528957528969,63.477999999999994,1,0
cifar10_lenet5,C1,413,1652,304.5,5.5,0.74220077220077219,62.384,0.75,0.050000000000000003
cifar10_lenet5,C1,414,1656,304.5,5.5,0.7902702702702703,63.588000000000001,1,0
cifar10_lenet5,C1,415,1660,235.5,5.5,0.81247104247104251,63.508000000000003,0.94999999999999996,0
cifar10_lenet5,C1,416,1664,243,5.5,0.78096525096525093,63.501999999999995,0.94999999999999996,0.050000000000000003
cifar10_lenet5,C1,417,1668,293,5.5,0.7780694980694981,63.462000000000003,0.94999999999999996,0
cifar10_lenet5,C1,418,1672,288,5.5,0.78447876447876452,63.536000000000001,1,0
cifar10_lenet5,C1,419,1676,307,5.5,0.77362934362934366,63.579999999999998,1,0
cifar10_lenet5,C1,420,1680,332.5,5.5,0.75779922779922781,63.537999999999997,0.94999999999999996,0
cifar10_lenet5,C1,421,1684,306,5.5,0.77189189189189189,63.624000000000002,1,0
cifar10_lenet5,C1,422,1688,307,5.5,0.77814671814671821,63.594000000000008,0.94999999999999996,0
cifar10_lenet5,C1,423,1692,293,5.5,0.76656370656370654,63.515999999999998,0.84999999999999998,0
cifar10_lenet5,C1,424,1696,307,5.5,0.76610038610038611,63.472000000000001,0.94999999999999996,0
cifar10_lenet5,C1,425,1700,293,5.5,0.78814671814671811,63.553999999999995,0.94999999999999996,0
cifar10_lenet5,C1,426,1704,289.5,5.5,0.77702702702702697,63.438000000000002,0.94999999999999996,0
cifar10_lenet5,C1,427,1708,307,5.5,0.76486486486486494,63.658000000000001,1,0
cifar10_lenet5,C1,428,1712,307,5.5,0.78301158301158302,63.573999999999998,0.94999999999999996,0
cifar10_lenet5,C1,429,1716,254,5.5,0.78154440154440152,63.220000000000006,0.94999999999999996,0
cifar10_lenet5,C1,430,1720,309.5,5.5,0.77799227799227799,63.5,1,0
cifar10_lenet5,C1,431,1724,312.5,5.5,0.75428571428571423,63.501999999999995,0.94999999999999996,0.050000000000000003
cifar10_lenet5,C1,432,1728,312,5.5,0.73613899613899614,63.084000000000003,0.90000000000000002,0
cifar10_lenet5,C1,433,1732,243,5.5,0.80293436293436304,63.591999999999999,0.94999999999999996,0
cifar10_lenet5,C1,434,1736,307,5.5,0.77637065637065639,63.588000000000001,1,0
cifar10_lenet5,C1,435,1740,281.5,5.5,0.80235521235521234,63.5,1,0
cifar10_lenet5,C1,436,1744,312.5,5.5,0.76660231660231659,63.720000000000006,0.94999999999999996,0
cifar10_lenet5,C1,437,1748,250,5.5,0.80382239382239384,63.640000000000001,1,0
cifar10_lenet5,C1,438,1752,248,5.5,0.79243243243243244,63.505999999999993,0.90000000000000002,0
cifar10_lenet5,C1,439,1756,313.5,5.5,0.766023166023166,63.584000000000003,1,0
cifar10_lenet5,C1,440,1760,307,5.5,0.77100386100386098,63.512,0.94999999999999996,0
cifar10_lenet5,C1,441,1764,299.5,5.5,0.77177606177606184,63.411999999999999,0.94999999999999996,0.050000000000000003
cifar10_lenet5,C1,442,1768,304,5.5,0.7804247104247104,63.684000000000005,1,0
cifar10_lenet5,C1,443,1772,306,5.5,0.78478764478764484,63.622,1,0
cifar10_lenet5,C1,444,1776,307,5.5,0.77826254826254826,63.660000000000004,1,0
cifar10_lenet5,C1,445,1780,263,5.5,0.79046332046332046,63.594000000000008,0.94999999999999996,0
cifar10_lenet5,C1,446,1784,316.5,5.5,0.7567567567567568,63.570000000000007,1,0
cifar10_lenet5,C1,447,1788,307,5.5,0.76092664092664086,63.423999999999999,0.94999999999999996,0
cifar10_lenet5,C1,448,1792,304.5,5.5,0.78347490347490356,63.463999999999999,1,0
cifar10_lenet5,C1,449,1796,285.5,5.5,0.77934362934362933,63.565999999999995,1,0
cifar10_lenet5,C1,450,1800,300,5.5,0.772046332046332,63.653999999999996,1,0
cifar10_lenet5,C1,451,1804,272.5,5.5,0.78378378378378377,63.512,1,0
cifar10_lenet5,C1,452,1808,211.5,5.5,0.82424710424710423,63.594000000000008,1,0
cifar10_lenet5,C1,453,1812,319.5,5.5,0.7705019305019305,63.537999999999997,0.94999999999999996,0
cifar10_lenet5,C1,454,1816,290.5,5.5,0.78702702702702709,63.522000000000006,0.94999999999999996,0
cifar10_lenet5,C1,455,1820,295.5,5.5,0.77575289575289585,63.594000000000008,1,0
cifar10_lenet5,C1,456,1824,270,5.5,0.77853281853281853,63.462000000000003,0.90000000000000002,0
cifar10_lenet5,C1,457,1828,304.5,5.5,0.76359073359073359,63.481999999999992,0.84999999999999998,0
cifar10_lenet5,C1,458,1832,277.5,5.5,0.78019305019305019,63.520000000000003,0.94999999999999996,0
cifar10_lenet5,C1,459,1836,307,5.5,0.74899613899613904,63.227999999999994,0.80000000000000004,0.050000000000000003
cifar10_lenet5,C1,460,1840,307,5.5,0.76258687258687252,63.560000000000002,0.94999999999999996,0
cifar10_lenet5,C1,461,1844,299.5,5.5,0.77231660231660226,63.565999999999995,0.90000000000000002,0
cifar10_lenet5,C1,462,1848,203.5,5.5,0.80737451737451738,63.427999999999997,0.94999999999999996,0
cifar10_lenet5,C1,463,1852,279,5.5,0.80644787644787641,63.597999999999999,1,0
cifar10_lenet5,C1,464,1856,319,5.5,0.75003861003861005,63.003999999999998,0.80000000000000004,0
cifar10_lenet5,C1,465,1860,259.5,5.5,0.8123166023166023,63.402000000000001,1,0
cifar10_lenet5,C1,466,1864,266,5.5,0.79606177606177608,63.520000000000003,0.94999999999999996,0
cifar10_lenet5,C1,467,1868,314,5.5,0.76216216216216215,63.418000000000006,0.94999999999999996,0
cifar10_lenet5,C1,468,1872,309.5,5.5,0.77069498069498077,63.503999999999998,0.94999999999999996,0
cifar10_lenet5,C1,469,1876,303,5.5,0.77297297297297296,63.489999999999995,0.84999999999999998,0
cifar10_lenet5,C1,470,1880,307,5.5,0.77104247104247103,63.597999999999999,1,0
cifar10_lenet5,C1,471,1884,292,5.5,0.78679536679536688,63.608000000000004,1,0
cifar10_lenet5,C1,472,1888,303,5.5,0.7446332046332047,62.672000000000004,0.94999999999999996,0.050000000000000003
cifar10_lenet5,C1,473,1892,304.5,5.5,0.78772200772200773,63.564,0.94999999999999996,0
cifar10_lenet5,C1,474,1896,274.5,5.5,0.77868725868725863,63.5,0.94999999999999996,0
cifar10_lenet5,C1,475,1900,271,5.5,0.78513513513513522,63.398000000000003,0.94999999999999996,0.050000000000000003
cifar10_lenet5,C1,476,1904,307,5.5,0.7772586872586873,63.463999999999999,0.94999999999999996,0
cifar10_lenet5,C1,477,1908,233,5.5,0.81370656370656369,63.427999999999997,0.94999999999999996,0
cifar10_lenet5,C1,478,1912,272,5.5,0.79019305019305019,63.534000000000006,1,0
cifar10_lenet5,C1,479,1916,304.5,5.5,0.78355212355212356,63.508000000000003,1,0
cifar10_lenet5,C1,480,1920,288.5,5.5,0.79972972972972978,63.622,0.94999999999999996,0
cifar10_lenet5,C1,481,1924,274.5,5.5,0.78274131274131276,63.323999999999998,0.94999999999999996,0.050000000000000003
cifar10_lenet5,C1,482,1928,262.5,5.5,0.79664092664092667,63.600000000000001,1,0
cifar10_lenet5,C1,483,1932,299.5,5.5,0.78594594594594602,63.686,1,0
cifar10_lenet5,C1,484,1936,250,5.5,0.80525096525096518,63.486000000000004,1,0
cifar10_lenet5,C1,485,1940,275,5.5,0.78030888030888035,63.617999999999995,1,0
cifar10_lenet5,C1,486,1944,307,5.5,0.77135135135135136,63.489999999999995,0.94999999999999996,0
cifar10_lenet5,C1,487,1948,289,5.5,0.78818532818532816,63.482000000000006,1,0
cifar10_lenet5,C1,488,1952,307,5.5,0.78737451737451747,63.491999999999997,1,0
cifar10_lenet5,C1,489,1956,300.5,5.5,0.78938223938223939,63.402000000000001,0.94999999999999996,0
cifar10_lenet5,C1,490,1960,303.5,5.5,0.77880308880308879,63.422000000000004,0.94999999999999996,0
cifar10_lenet5,C1,491,1964,307,5.5,0.77220077220077221,63.641999999999996,1,0
cifar10_lenet5,C1,492,1968,295.5,5.5,0.77478764478764472,63.515999999999998,0.94999999999999996,0.050000000000000003
cifar10_lenet5,C1,493,1972,307,5.5,0.77019305019305018,63.552,0.94999999999999996,0
cifar10_lenet5,C1,494,1976,309.5,5.5,0.7583783783783784,63.351999999999997,0.94999999999999996,0
cifar10_lenet5,C1,495,1980,299.5,5.5,0.77471042471042473,63.525999999999996,0.94999999999999996,0
cifar10_lenet5,C1,496,1984,260.5,5.5,0.79888030888030892,63.458000000000006,1,0
cifar10_lenet5,C1,497,1988,293.5,5.5,0.75482625482625487,62.597999999999999,0.90000000000000002,0.050000000000000003
cifar10_lenet5,C1,498,1992,302,5.5,0.77629343629343628,63.460000000000001,0.94999999999999996,0
cifar10_lenet5,C1,499,1996,303,5.5,0.78258687258687254,63.539999999999999,0.94999999999999996,0
cifar10_lenet5,C1,500,2000,281.5,5.5,0.76455598455598461,63.439999999999998,0.94999999999999996,0
cifar10_lenet5,C1,501,2004,307,5.5,0.77575289575289585,63.670000000000002,0.94999999999999996,0
cifar10_lenet5,C1,502,2008,307,5.5,0.77073359073359071,63.520000000000003,1,0
cifar10_lenet5,C1,503,2012,271,5.5,0.80339768339768336,63.450000000000003,1,0
cifar10_lenet5,C1,504,2016,307,5.5,0.77864864864864869,63.484000000000002,0.94999999999999996,0
cifar10_lenet5,C1,505,2020,303,5.5,0.77548262548262548,63.541999999999994,1,0
cifar10_lenet5,C1,506,2024,282.5,5.5,0.78895752895752902,63.625999999999998,0.90000000000000002,0
cifar10_lenet5,C1,507,2028,238,5.5,0.81849420849420851,63.613999999999997,1,0
cifar10_lenet5,C1,508,2032,280,5.5,0.7818918918918919,63.508000000000003,0.94999999999999996,0
cifar10_lenet5,C1,509,2036,305,5.5,0.77254826254826248,63.218000000000004,0.90000000000000002,0
cifar10_lenet5,C1,510,2040,278.5,5.5,0.79841698841698849,63.430000000000007,0.90000000000000002,0
cifar10_lenet5,C1,511,2044,220,5.5,0.81003861003861,63.510000000000005,1,0
cifar10_lenet5,C1,512,2048,275.5,5.5,0.78405405405405404,63.588000000000001,1,0
cifar10_lenet5,C2,1,4,835.5,835.5,0.36200772200772202,54.263999999999996,0.14999999999999999,0.5
cifar10_lenet5,C2,2,8,402.5,372.5,0.60312741312741314,59.477999999999994,0.5,0.25
cifar10_lenet5,C2,3,12,465.5,255,0.53478764478764484,57.741999999999997,0.34999999999999998,0.29999999999999999
cifar10_lenet5,C2,4,16,531,196,0.5676061776061776,58.291999999999994,0.45000000000000001,0.29999999999999999
cifar10_lenet5,C2,5,20,542.5,192,0.54169884169884175,58.963999999999999,0.34999999999999998,0.25
cifar10_lenet5,C2,6,24,416,182.5,0.57119691119691118,57.217999999999996,0.40000000000000002,0.25
cifar10_lenet5,C2,7,28,634.5,161,0.52293436293436302,58.494000000000007,0.34999999999999998,0.20000000000000001
cifar10_lenet5,C2,8,32,676,161,0.45185328185328189,57.589999999999996,0.20000000000000001,0.29999999999999999
cifar10_lenet5,C2,9,36,608,161,0.45791505791505793,56.930000000000007,0.25,0.20000000000000001
cifar10_lenet5,C2,10,40,604,137.5,0.55216216216216218,59.975999999999999,0.25,0.25
cifar10_lenet5,C2,11,44,504.5,92.5,0.56945945945945942,60.186,0.40000000000000002,0.29999999999999999
cifar10_lenet5,C2,12,48,507,82,0.60003861003861003,59.420000000000002,0.45000000000000001,0.25
cifar10_lenet5,C2,13,52,471.5,82,0.60590733590733592,60.894000000000005,0.34999999999999998,0.20000000000000001
cifar10_lenet5,C2,14,56,509,73.5,0.53606177606177607,57.564,0.40000000000000002,0.40000000000000002
cifar10_lenet5,C2,15,60,547.5,64.5,0.58853281853281847,60.720000000000006,0.29999999999999999,0.34999999999999998
cifar10_lenet5,C2,16,64,472.5,64.5,0.58942084942084949,59.810000000000002,0.5,0.20000000000000001
cifar10_lenet5,C2,17,68,587.5,50.5,0.55185328185328186,60.248000000000005,0.20000000000000001,0.20000000000000001
cifar10_lenet5,C2,18,72,416,29,0.62420849420849422,60.013999999999996,0.45000000000000001,0.25
cifar10_lenet5,C2,19,76,531.5,26,0.54447876447876442,58.794000000000004,0.29999999999999999,0.20000000000000001
cifar10_lenet5,C2,20,80,655.5,26,0.45671814671814676,56.696000000000005,0.25,0.40000000000000002
cifar10_lenet5,C2,21,84,421,26,0.59525096525096521,59.867999999999995,0.45000000000000001,0.20000000000000001
cifar10_lenet5,C2,22,88,789,26,0.42127413127413132,57.189999999999998,0.20000000000000001,0.45000000000000001
cifar10_lenet5,C2,23,92,553.5,26,0.55181467181467181,58.996000000000002,0.45000000000000001,0.40000000000000002
cifar10_lenet5,C2,24,96,469,23,0.55316602316602315,58.458000000000006,0.34999999999999998,0.29999999999999999
cifar10_lenet5,C2,25,100,685.5,23,0.55826254826254829,59.879999999999995,0.45000000000000001,0.34999999999999998
cifar10_lenet5,C2,26,104,461.5,23,0.59610038610038607,60.847999999999999,0.34999999999999998,0.14999999999999999
cifar10_lenet5,C2,27,108,674,23,0.46293436293436291,57.200000000000003,0.25,0.40000000000000002
cifar10_lenet5,C2,28,112,557.5,23,0.54193050193050196,59.294000000000004,0.29999999999999999,0.29999999999999999
cifar10_lenet5,C2,29,116,644.5,23,0.49710424710424717,58.796000000000006,0.29999999999999999,0.40000000000000002
cifar10_lenet5,C2,30,120,626.5,23,0.51876447876447873,59.048000000000002,0.20000000000000001,0.29999999999999999
cifar10_lenet5,C2,31,124,613.5,23,0.52563706563706558,59.458000000000006,0.34999999999999998,0.25
cifar10_lenet5,C2,32,128,548.5,18.5,0.53548262548262548,58.794000000000004,0.45000000000000001,0.25
cifar10_lenet5,C2,33,132,481,18.5,0.54583011583011587,59.850000000000001,0.40000000000000002,0.25
cifar10_lenet5,C2,34,136,391,18.5,0.64907335907335906,60.161999999999999,0.5,0.20000000000000001
cifar10_lenet5,C2,35,140,199.5,18.5,0.77274131274131275,62.572000000000003,0.75,0.10000000000000001
cifar10_lenet5,C2,36,144,496,18.5,0.60976833976833977,60.620000000000005,0.45000000000000001,0.10000000000000001
cifar10_lenet5,C2,37,148,589,18.5,0.52347490347490344,59.191999999999993,0.29999999999999999,0.29999999999999999
cifar10_lenet5,C2,38,152,426,18.5,0.61961389961389968,60.867999999999995,0.45000000000000001,0.25
cifar10_lenet5,C2,39,156,456,18.5,0.61756756756756759,60.632000000000005,0.34999999999999998,0.25
cifar10_lenet5,C2,40,160,384.5,14,0.69320463320463321,60.866,0.55000000000000004,0.10000000000000001
cifar10_lenet5,C2,41,164,458.5,14,0.6108880308880309,60.049999999999997,0.45000000000000001,0.20000000000000001
cifar10_lenet5,C2,42,168,424,14,0.58370656370656371,59.532000000000004,0.45000000000000001,0.25
cifar10_lenet5,C2,43,172,369.5,14,0.67355212355212357,62.241999999999997,0.5,0.050000000000000003
cifar10_lenet5,C2,44,176,416,14,0.6466023166023166,61.267999999999994,0.45000000000000001,0.14999999999999999
cifar10_lenet5,C2,45,180,794.5,14,0.48223938223938223,57.890000000000001,0.34999999999999998,0.40000000000000002
cifar10_lenet5,C2,46,184,274.5,14,0.72220077220077217,62.296000000000006,0.59999999999999998,0.10000000000000001
cifar10_lenet5,C2,47,188,355,14,0.63787644787644793,60.584000000000003,0.55000000000000004,0.14999999999999999
cifar10_lenet5,C2,48,192,348,14,0.62629343629343626,60.272000000000006,0.55000000000000004,0.20000000000000001
cifar10_lenet5,C2,49,196,283.5,14,0.6915057915057915,61.213999999999999,0.59999999999999998,0.050000000000000003
cifar10_lenet5,C2,50,200,365.5,14,0.66509652509652517,61.255999999999993,0.65000000000000002,0.14999999999999999
cifar10_lenet5,C2,51,204,297.5,14,0.6923166023166023,60.724000000000004,0.65000000000000002,0.20000000000000001
cifar10_lenet5,C2,52,208,464,14,0.63231660231660236,60.622,0.45000000000000001,0.14999999999999999
cifar10_lenet5,C2,53,212,381,14,0.66297297297297297,60.887999999999998,0.5,0.20000000000000001
cifar10_lenet5,C2,54,216,341.5,14,0.68339768339768336,61.929999999999993,0.65000000000000002,0.10000000000000001
cifar10_lenet5,C2,55,220,365.5,14,0.60359073359073356,59.410000000000004,0.5,0.25
cifar10_lenet5,C2,56,224,365.5,14,0.65065637065637072,61.402000000000001,0.55000000000000004,0.25
cifar10_lenet5,C2,57,228,419,14,0.62382239382239379,61.585999999999999,0.5,0.10000000000000001
cifar10_lenet5,C2,58,232,302.5,14,0.68382239382239385,61.524000000000001,0.65000000000000002,0.050000000000000003
cifar10_lenet5,C2,59,236,372,14,0.63440154440154439,60.696000000000005,0.55000000000000004,0.20000000000000001
cifar10_lenet5,C2,60,240,316.5,13,0.67961389961389962,61.213999999999999,0.59999999999999998,0.14999999999999999
cifar10_lenet5,C2,61,244,409,13,0.65922779922779928,60.839999999999996,0.40000000000000002,0.14999999999999999
cifar10_lenet5,C2,62,248,425.5,13,0.62305019305019305,60.884,0.5,0.20000000000000001
cifar10_lenet5,C2,63,252,415.5,11,0.64706563706563702,60.503999999999998,0.5,0.34999999999999998
cifar10_lenet5,C2,64,256,302,11,0.69930501930501932,61.701999999999998,0.69999999999999996,0.10000000000000001
cifar10_lenet5,C2,65,260,288.5,11,0.71277992277992275,62.215999999999994,0.69999999999999996,0.10000000000000001
cifar10_lenet5,C2,66,264,314,11,0.71907335907335912,61.903999999999996,0.80000000000000004,0.050000000000000003
cifar10_lenet5,C2,67,268,391.5,11,0.67061776061776057,61.953999999999994,0.5,0.050000000000000003
cifar10_lenet5,C2,68,272,335.5,11,0.72922779922779923,62.972000000000001,0.75,0
cifar10_lenet5,C2,69,276,354.5,11,0.66818532818532828,61.941999999999993,0.59999999999999998,0.14999999999999999
cifar10_lenet5,C2,70,280,378.5,11,0.6587258687258688,61.579999999999998,0.5,0.20000000000000001
cifar10_lenet5,C2,71,284,292.5,11,0.71142857142857141,61.798000000000002,0.59999999999999998,0.050000000000000003
cifar10_lenet5,C2,72,288,531.5,11,0.56289575289575289,59.950000000000003,0.29999999999999999,0.25
cifar10_lenet5,C2,73,292,328,10.5,0.6557915057915058,60.597999999999999,0.59999999999999998,0.10000000000000001
cifar10_lenet5,C2,74,296,371.5,10.5,0.68262548262548262,61.917999999999992,0.65000000000000002,0
cifar10_lenet5,C2,75,300,307.5,10.5,0.73976833976833978,62.75,0.80000000000000004,0.050000000000000003
cifar10_lenet5,C2,76,304,358.5,10.5,0.63783783783783776,61.808000000000007,0.59999999999999998,0.20000000000000001
cifar10_lenet5,C2,77,308,293.5,10.5,0.71548262548262553,61.946000000000005,0.65000000000000002,0.14999999999999999
cifar10_lenet5,C2,78,312,368.5,10.5,0.6898841698841699,62.036000000000001,0.59999999999999998,0.050000000000000003
cifar10_lenet5,C2,79,316,295,10.5,0.74189189189189197,62.644000000000005,0.80000000000000004,0.050000000000000003
cifar10_lenet5,C2,80,320,334.5,10.5,0.68764478764478765,62.027999999999999,0.65000000000000002,0.14999999999999999
cifar10_lenet5,C2,81,324,359.5,10.5,0.70563706563706563,62.453999999999994,0.69999999999999996,0.14999999999999999
cifar10_lenet5,C2,82,328,410.5,10.5,0.66548262548262549,61.862000000000002,0.5,0.10000000000000001
cifar10_lenet5,C2,83,332,318.5,10,0.69162162162162155,61.941999999999993,0.59999999999999998,0.10000000000000001
cifar10_lenet5,C2,84,336,319.5,10,0.65019305019305018,60.979999999999997,0.59999999999999998,0.25
cifar10_lenet5,C2,85,340,297,10,0.73193050193050202,62.585999999999999,0.80000000000000004,0
cifar10_lenet5,C2,86,344,248.5,10,0.77185328185328184,62.640000000000001,0.80000000000000004,0.050000000000000003
cifar10_lenet5,C2,87,348,317,10,0.73405405405405399,63.116,0.80000000000000004,0.10000000000000001
cifar10_lenet5,C2,88,352,335.5,10,0.66907335907335908,61.315999999999995,0.65000000000000002,0.050000000000000003
cifar10_lenet5,C2,89,356,356.5,10,0.71903474903474907,62.715999999999994,0.65000000000000002,0.050000000000000003
cifar10_lenet5,C2,90,360,315,10,0.7379536679536679,62.477999999999994,0.90000000000000002,0.050000000000000003
cifar10_lenet5,C2,91,364,273,10,0.71254826254826253,61.082000000000008,0.65000000000000002,0.20000000000000001
cifar10_lenet5,C2,92,368,383,10,0.6746718146718147,61.808000000000007,0.55000000000000004,0.14999999999999999
cifar10_lenet5,C2,93,372,206,10,0.75312741312741305,62.116,0.69999999999999996,0.10000000000000001
cifar10_lenet5,C2,94,376,381,10,0.62528957528957529,60.591999999999999,0.55000000000000004,0.25
cifar10_lenet5,C2,95,380,330,10,0.7043629343629344,62.544000000000004,0.69999999999999996,0.050000000000000003
cifar10_lenet5,C2,96,384,330,10,0.67054054054054046,61.268000000000008,0.69999999999999996,0.14999999999999999
cifar10_lenet5,C2,97,388,317,10,0.68216216216216219,61.176000000000002,0.80000000000000004,0.14999999999999999
cifar10_lenet5,C2,98,392,286,10,0.73254826254826255,62.082000000000008,0.84999999999999998,0.050000000000000003
cifar10_lenet5,C2,99,396,294.5,10,0.76092664092664086,63.093999999999994,0.80000000000000004,0.050000000000000003
cifar10_lenet5,C2,100,400,348,10,0.73969111969111967,63.103999999999999,0.80000000000000004,0.10000000000000001
cifar10_lenet5,C2,101,404,330.5,10,0.69660231660231653,62.677999999999997,0.65000000000000002,0.14999999999999999
cifar10_lenet5,C2,102,408,291,10,0.66891891891891897,60.922000000000004,0.69999999999999996,0.20000000000000001
cifar10_lenet5,C2,103,412,299.5,10,0.75355212355212353,63.120000000000005,0.65000000000000002,0.10000000000000001
cifar10_lenet5,C2,104,416,395,10,0.65216216216216216,61.577999999999996,0.5,0.25
cifar10_lenet5,C2,105,420,291,10,0.70837837837837836,61.482000000000006,0.80000000000000004,0.14999999999999999
cifar10_lenet5,C2,106,424,357,10,0.72308880308880308,62.805999999999997,0.65000000000000002,0.14999999999999999
cifar10_lenet5,C2,107,428,300.5,10,0.7233976833976834,62.128,0.69999999999999996,0.10000000000000001
cifar10_lenet5,C2,108,432,288,10,0.73552123552123549,62.224000000000004,0.80000000000000004,0.14999999999999999
cifar10_lenet5,C2,109,436,334,10,0.72123552123552126,62.774000000000001,0.69999999999999996,0.050000000000000003
cifar10_lenet5,C2,110,440,296,10,0.77872586872586869,63.153999999999996,0.69999999999999996,0
cifar10_lenet5,C2,111,444,396,10,0.66722007722007715,61.806000000000004,0.45000000000000001,0.20000000000000001
cifar10_lenet5,C2,112,448,312,10,0.72733590733590736,62.765999999999998,0.80000000000000004,0
cifar10_lenet5,C2,113,452,341,10,0.76096525096525103,63.434000000000005,0.90000000000000002,0.050000000000000003
cifar10_lenet5,C2,114,456,310,10,0.71787644787644789,62.450000000000003,0.80000000000000004,0.10000000000000001
cifar10_lenet5,C2,115,460,334.5,10,0.67637065637065641,62.414000000000001,0.65000000000000002,0.10000000000000001
cifar10_lenet5,C2,116,464,245,10,0.79281853281853276,63.417999999999992,0.90000000000000002,0
cifar10_lenet5,C2,117,468,324,10,0.72764478764478757,63.018000000000008,0.75,0.10000000000000001
cifar10_lenet5,C2,118,472,310,10,0.69772200772200776,62.008000000000003,0.75,0.14999999999999999
cifar10_lenet5,C2,119,476,300,10,0.76169884169884172,62.996000000000002,0.84999999999999998,0
cifar10_lenet5,C2,120,480,307.5,10,0.78559845559845565,63.426000000000002,0.84999999999999998,0
cifar10_lenet5,C2,121,484,279,10,0.73115830115830116,62.270000000000003,0.75,0.050000000000000003
cifar10_lenet5,C2,122,488,320,10,0.72266409266409259,62.289999999999999,0.80000000000000004,0.050000000000000003
cifar10_lenet5,C2,123,492,324.5,10,0.75891891891891894,63.229999999999997,0.84999999999999998,0.10000000000000001
cifar10_lenet5,C2,124,496,316,10,0.71853281853281847,62.165999999999997,0.75,0.10000000000000001
cifar10_lenet5,C2,125,500,359,10,0.71459459459459462,62.762,0.69999999999999996,0.10000000000000001
cifar10_lenet5,C2,126,504,281.5,10,0.7408880308880309,62.347999999999999,0.69999999999999996,0.050000000000000003
cifar10_lenet5,C2,127,508,254.5,10,0.76459459459459456,62.496000000000002,0.84999999999999998,0.050000000000000003
cifar10_lenet5,C2,128,512,376,10,0.68235521235521235,61.386000000000003,0.65000000000000002,0.10000000000000001
cifar10_lenet5,C2,129,516,323,10,0.70644787644787643,61.646000000000001,0.80000000000000004,0.10000000000000001
cifar10_lenet5,C2,130,520,282.5,10,0.78664092664092666,63.465999999999994,0.90000000000000002,0
cifar10_lenet5,C2,131,524,337,10,0.74749034749034748,62.438000000000002,0.84999999999999998,0.10000000000000001
cifar10_lenet5,C2,132,528,319,10,0.71046332046332039,62.465999999999994,0.80000000000000004,0.050000000000000003
cifar10_lenet5,C2,133,532,356,10,0.66729729729729725,61.275999999999996,0.65000000000000002,0.14999999999999999
cifar10_lenet5,C2,134,536,313,10,0.70660231660231665,62.641999999999996,0.69999999999999996,0.050000000000000003
cifar10_lenet5,C2,135,540,314.5,10,0.71613899613899612,61.974000000000004,0.80000000000000004,0.050000000000000003
cifar10_lenet5,C2,136,544,326.5,10,0.75189189189189187,63.100000000000001,0.90000000000000002,0
cifar10_lenet5,C2,137,548,315,10,0.74046332046332053,63.210000000000001,0.80000000000000004,0.10000000000000001
cifar10_lenet5,C2,138,552,299.5,10,0.77552123552123553,63.358000000000004,0.84999999999999998,0
cifar10_lenet5,C2,139,556,346.5,10,0.69119691119691118,62.246000000000002,0.75,0
cifar10_lenet5,C2,140,560,253,10,0.772046332046332,63.317999999999998,0.80000000000000004,0
cifar10_lenet5,C2,141,564,273.5,10,0.76231660231660237,63.366,0.84999999999999998,0.050000000000000003
cifar10_lenet5,C2,142,568,318.5,10,0.77258687258687264,63.432000000000002,0.90000000000000002,0
cifar10_lenet5,C2,143,572,342.5,10,0.72127413127413131,63.046000000000006,0.65000000000000002,0.050000000000000003
cifar10_lenet5,C2,144,576,276.5,10,0.75351351351351359,63.370000000000005,0.75,0
cifar10_lenet5,C2,145,580,294.5,10,0.76760617760617766,62.936,0.90000000000000002,0
cifar10_lenet5,C2,146,584,303.5,10,0.74602316602316598,62.553999999999995,0.80000000000000004,0.050000000000000003
cifar10_lenet5,C2,147,588,309.5,10,0.68679536679536679,62.029999999999994,0.69999999999999996,0.10000000000000001
cifar10_lenet5,C2,148,592,292.5,10,0.76328185328185327,63.474000000000004,0.90000000000000002,0
cifar10_lenet5,C2,149,596,328,10,0.76343629343629338,63.510000000000005,0.90000000000000002,0
cifar10_lenet5,C2,150,600,308,10,0.76050193050193049,63.438000000000002,0.84999999999999998,0.050000000000000003
cifar10_lenet5,C2,151,604,293,10,0.76826254826254825,63.064,0.84999999999999998,0
cifar10_lenet5,C2,152,608,348.5,10,0.75231660231660236,63.408000000000001,0.84999999999999998,0.050000000000000003
cifar10_lenet5,C2,153,612,272.5,10,0.78486486486486484,63.436,0.90000000000000002,0.050000000000000003
cifar10_lenet5,C2,154,616,307,10,0.69374517374517375,61.103999999999999,0.75,0.10000000000000001
cifar10_lenet5,C2,155,620,312.5,10,0.75857142857142856,63.287999999999997,0.94999999999999996,0
cifar10_lenet5,C2,156,624,363.5,10,0.75277992277992278,63.320000000000007,0.75,0
cifar10_lenet5,C2,157,628,309,10,0.74749034749034748,62.431999999999995,0.80000000000000004,0.050000000000000003
cifar10_lenet5,C2,158,632,276.5,10,0.78756756756756752,63.510000000000005,0.94999999999999996,0.050000000000000003
cifar10_lenet5,C2,159,636,392.5,10,0.63694980694980696,61.968000000000004,0.55000000000000004,0.25
cifar10_lenet5,C2,160,640,321.5,10,0.75482625482625487,63.451999999999998,0.80000000000000004,0
cifar10_lenet5,C2,161,644,270.5,10,0.78034749034749029,63.458000000000006,0.84999999999999998,0
cifar10_lenet5,C2,162,648,288,10,0.74671814671814674,62.603999999999999,0.90000000000000002,0.050000000000000003
cifar10_lenet5,C2,163,652,287,10,0.75166023166023166,62.448,0.84999999999999998,0.050000000000000003
cifar10_lenet5,C2,164,656,296.5,10,0.72980694980694982,62.887999999999998,0.80000000000000004,0.050000000000000003
cifar10_lenet5,C2,165,660,307,10,0.73297297297297292,62.344000000000008,0.80000000000000004,0.050000000000000003
cifar10_lenet5,C2,166,664,256.5,10,0.78984555984555982,63.475999999999999,0.90000000000000002,0.050000000000000003
cifar10_lenet5,C2,167,668,342,10,0.73343629343629346,62.558000000000007,0.84999999999999998,0.050000000000000003
cifar10_lenet5,C2,168,672,310,10,0.75984555984555979,62.920000000000002,0.80000000000000004,0
cifar10_lenet5,C2,169,676,297,10,0.77216216216216216,63.591999999999999,0.94999999999999996,0
cifar10_lenet5,C2,170,680,310.5,10,0.71173745173745173,61.914000000000001,0.69999999999999996,0.10000000000000001
cifar10_lenet5,C2,171,684,305,10,0.76652509652509648,63.408000000000001,0.84999999999999998,0
cifar10_lenet5,C2,172,688,313.5,10,0.73498069498069496,63.088000000000001,0.84999999999999998,0.14999999999999999
cifar10_lenet5,C2,173,692,319,10,0.75347490347490342,63.177999999999997,0.84999999999999998,0
cifar10_lenet5,C2,174,696,217,10,0.79714285714285715,63.444000000000003,0.94999999999999996,0
cifar10_lenet5,C2,175,700,296.5,10,0.77536679536679531,63.320000000000007,0.80000000000000004,0
cifar10_lenet5,C2,176,704,314,10,0.74671814671814674,63.272000000000006,0.75,0
cifar10_lenet5,C2,177,708,376.5,10,0.72401544401544404,63.213999999999999,0.84999999999999998,0.10000000000000001
cifar10_lenet5,C2,178,712,276.5,10,0.74725868725868727,62.194000000000003,0.84999999999999998,0.050000000000000003
cifar10_lenet5,C2,179,716,307.5,10,0.73594594594594587,62.891999999999996,0.84999999999999998,0.050000000000000003
cifar10_lenet5,C2,180,720,317,10,0.76575289575289573,63.588000000000001,0.90000000000000002,0
cifar10_lenet5,C2,181,724,319,10,0.72077220077220072,63.015999999999998,0.75,0.14999999999999999
cifar10_lenet5,C2,182,728,293,10,0.79301158301158303,63.475999999999999,1,0
cifar10_lenet5,C2,183,732,317,10,0.76872586872586868,63.446000000000005,0.94999999999999996,0
cifar10_lenet5,C2,184,736,330.5,10,0.74200772200772203,63.491999999999997,0.84999999999999998,0
cifar10_lenet5,C2,185,740,345.5,10,0.68575289575289577,62.109999999999999,0.80000000000000004,0.050000000000000003
cifar10_lenet5,C2,186,744,359,10,0.76135135135135135,63.386000000000003,0.84999999999999998,0
cifar10_lenet5,C2,187,748,277.5,10,0.77749034749034751,63.564,0.94999999999999996,0
cifar10_lenet5,C2,188,752,306.5,10,0.72972972972972971,63.013999999999996,0.84999999999999998,0
cifar10_lenet5,C2,189,756,314.5,10,0.74949806949806952,62.541999999999994,0.90000000000000002,0.050000000000000003
cifar10_lenet5,C2,190,760,312.5,10,0.77922779922779928,63.618000000000009,0.94999999999999996,0
cifar10_lenet5,C2,191,764,273.5,10,0.76691119691119691,63.053999999999995,0.84999999999999998,0.10000000000000001
cifar10_lenet5,C2,192,768,312,10,0.75895752895752899,63.326000000000001,0.84999999999999998,0
cifar10_lenet5,C2,193,772,322.5,10,0.75818532818532813,63.489999999999995,0.84999999999999998,0
cifar10_lenet5,C2,194,776,291.5,10,0.75405405405405401,63.141999999999996,0.75,0
cifar10_lenet5,C2,195,780,316.5,10,0.76803088803088804,63.654000000000011,1,0
cifar10_lenet5,C2,196,784,290.5,10,0.7713127413127413,63.279999999999994,0.90000000000000002,0.050000000000000003
cifar10_lenet5,C2,197,788,313.5,10,0.77127413127413136,63.525999999999996,0.94999999999999996,0
cifar10_lenet5,C2,198,792,300.5,10,0.77965250965250965,63.556000000000004,1,0
cifar10_lenet5,C2,199,796,273.5,10,0.77567567567567575,63.429999999999993,0.94999999999999996,0.050000000000000003
cifar10_lenet5,C2,200,800,305.5,10,0.77934362934362933,63.622,1,0
cifar10_lenet5,C2,201,804,303.5,10,0.75799227799227809,63.129999999999995,0.90000000000000002,0
cifar10_lenet5,C2,202,808,275.5,10,0.79729729729729726,63.448,0.90000000000000002,0
cifar10_lenet5,C2,203,812,307,10,0.73907335907335914,63.094000000000008,0.90000000000000002,0
cifar10_lenet5,C2,204,816,274,10,0.77393822393822398,62.677999999999997,0.94999999999999996,0.050000000000000003
cifar10_lenet5,C2,205,820,353,10,0.71942084942084938,63.131999999999991,0.75,0.10000000000000001
cifar10_lenet5,C2,206,824,314,10,0.73733590733590737,62.677999999999997,0.94999999999999996,0.050000000000000003
cifar10_lenet5,C2,207,828,304.5,10,0.75343629343629348,63.289999999999999,0.80000000000000004,0
cifar10_lenet5,C2,208,832,307.5,10,0.7605791505791506,63.387999999999998,0.90000000000000002,0
cifar10_lenet5,C2,209,836,304.5,10,0.77281853281853286,63.600000000000001,0.94999999999999996,0
cifar10_lenet5,C2,210,840,303.5,10,0.77243243243243243,63.556000000000004,0.90000000000000002,0
cifar10_lenet5,C2,211,844,320,10,0.73714285714285721,63.044000000000004,0.84999999999999998,0.10000000000000001
cifar10_lenet5,C2,212,848,293.5,10,0.76787644787644793,63.548000000000002,0.94999999999999996,0.050000000000000003
cifar10_lenet5,C2,213,852,285,10,0.79382239382239383,63.637999999999998,1,0
cifar10_lenet5,C2,214,856,358,10,0.75760617760617754,63.560000000000002,0.94999999999999996,0
cifar10_lenet5,C2,215,860,341,10,0.75277992277992278,63.529999999999994,0.94999999999999996,0
cifar10_lenet5,C2,216,864,311.5,10,0.7491119691119692,63.423999999999999,0.90000000000000002,0.050000000000000003
cifar10_lenet5,C2,217,868,363.5,10,0.70378378378378381,62.5,0.80000000000000004,0.050000000000000003
cifar10_lenet5,C2,218,872,310,10,0.72177606177606179,62.408000000000001,0.84999999999999998,0.050000000000000003
cifar10_lenet5,C2,219,876,318,10,0.76436293436293434,63.696000000000005,0.94999999999999996,0
cifar10_lenet5,C2,220,880,307,10,0.73969111969111967,62.636000000000003,0.90000000000000002,0.050000000000000003
cifar10_lenet5,C2,221,884,314,10,0.75953667953667958,63.561999999999998,0.94999999999999996,0
cifar10_lenet5,C2,222,888,293,10,0.74760617760617765,62.739999999999995,0.94999999999999996,0.050000000000000003
cifar10_lenet5,C2,223,892,304,10,0.77590733590733596,63.646000000000001,1,0
cifar10_lenet5,C2,224,896,306,10,0.75868725868725861,63.394000000000005,0.90000000000000002,0
cifar10_lenet5,C2,225,900,284,10,0.77679536679536676,63.272000000000006,0.90000000000000002,0.050000000000000003
cifar10_lenet5,C2,226,904,299.5,10,0.77799227799227799,63.594000000000008,1,0
cifar10_lenet5,C2,227,908,318,10,0.75243243243243252,63.561999999999998,0.90000000000000002,0
cifar10_lenet5,C2,228,912,308.5,10,0.76737451737451745,63.277999999999999,0.90000000000000002,0
cifar10_lenet5,C2,229,916,314,10,0.76382239382239381,63.458000000000006,0.94999999999999996,0
cifar10_lenet5,C2,230,920,319,10,0.73718146718146715,63.444000000000003,0.84999999999999998,0
cifar10_lenet5,C2,231,924,309,10,0.76915057915057916,63.503999999999998,0.94999999999999996,0
cifar10_lenet5,C2,232,928,307,10,0.78266409266409265,63.303999999999995,0.90000000000000002,0.050000000000000003
cifar10_lenet5,C2,233,932,299.5,10,0.7735907335907336,63.351999999999997,0.84999999999999998,0.050000000000000003
cifar10_lenet5,C2,234,936,359,10,0.72718146718146714,62.525999999999996,0.84999999999999998,0.050000000000000003
cifar10_lenet5,C2,235,940,307.5,10,0.74177606177606181,63.267999999999994,0.84999999999999998,0.050000000000000003
cifar10_lenet5,C2,236,944,307,10,0.77803088803088805,63.622,0.94999999999999996,0
cifar10_lenet5,C2,237,948,309.5,10,0.77737451737451735,63.577999999999996,0.94999999999999996,0
cifar10_lenet5,C2,238,952,314,10,0.76532818532818536,63.510000000000005,0.94999999999999996,0
cifar10_lenet5,C2,239,956,310,10,0.74285714285714288,63.387999999999998,0.90000000000000002,0.10000000000000001
cifar10_lenet5,C2,240,960,310,10,0.70764478764478755,62.275999999999996,0.84999999999999998,0
cifar10_lenet5,C2,241,964,315.5,10,0.75606177606177605,63.491999999999997,0.90000000000000002,0
cifar10_lenet5,C2,242,968,307,10,0.76776061776061777,63.652000000000001,0.94999999999999996,0
cifar10_lenet5,C2,243,972,313,10,0.76173745173745178,63.5,0.94999999999999996,0.050000000000000003
cifar10_lenet5,C2,244,976,303,10,0.77436293436293435,63.470000000000006,1,0
cifar10_lenet5,C2,245,980,307,10,0.75169884169884171,63.420000000000002,0.90000000000000002,0.050000000000000003
cifar10_lenet5,C2,246,984,307,10,0.76096525096525103,63.612000000000002,0.94999999999999996,0.050000000000000003
cifar10_lenet5,C2,247,988,309.5,10,0.75088803088803091,63.205999999999996,0.84999999999999998,0.050000000000000003
cifar10_lenet5,C2,248,992,310,10,0.7597683397683398,63.322000000000003,0.84999999999999998,0
cifar10_lenet5,C2,249,996,303,10,0.774980694980695,63.568000000000005,0.90000000000000002,0
cifar10_lenet5,C2,250,1000,315,10,0.7554440154440154,63.736000000000004,0.90000000000000002,0
cifar10_lenet5,C2,251,1004,295.5,10,0.75613899613899616,63.460000000000001,0.84999999999999998,0
cifar10_lenet5,C2,252,1008,298.5,10,0.78019305019305019,63.553999999999995,0.90000000000000002,0
cifar10_lenet5,C2,253,1012,327.5,10,0.76644787644787649,63.643999999999991,0.94999999999999996,0
cifar10_lenet5,C2,254,1016,314,10,0.73540540540540544,63.338000000000001,0.90000000000000002,0
cifar10_lenet5,C2,255,1020,307,10,0.7697683397683398,63.501999999999995,1,0
cifar10_lenet5,C2,256,1024,359,10,0.75482625482625487,63.572000000000003,0.94999999999999996,0
cifar10_lenet5,C2,257,1028,303,10,0.76965250965250964,63.444000000000003,0.90000000000000002,0
cifar10_lenet5,C2,258,1032,317,10,0.76084942084942087,63.584000000000003,0.94999999999999996,0
cifar10_lenet5,C2,259,1036,307.5,10,0.73718146718146715,63.013999999999996,0.84999999999999998,0
cifar10_lenet5,C2,260,1040,309.5,10,0.75212355212355209,63.353999999999999,0.84999999999999998,0.050000000000000003
cifar10_lenet5,C2,261,1044,362.5,10,0.75200772200772203,63.644000000000005,1,0
cifar10_lenet5,C2,262,1048,281.5,10,0.78266409266409265,63.561999999999998,1,0
cifar10_lenet5,C2,263,1052,319,10,0.76536679536679542,63.585999999999999,0.94999999999999996,0
cifar10_lenet5,C2,264,1056,310,10,0.7416216216216216,63.418000000000006,0.90000000000000002,0.050000000000000003
cifar10_lenet5,C2,265,1060,307,10,0.78000000000000003,63.629999999999995,1,0
cifar10_lenet5,C2,266,1064,316,10,0.74903474903474909,63.609999999999999,0.90000000000000002,0
cifar10_lenet5,C2,267,1068,316,10,0.7629343629343629,63.486000000000004,0.90000000000000002,0
cifar10_lenet5,C2,268,1072,306,10,0.77845559845559842,63.434000000000005,1,0
cifar10_lenet5,C2,269,1076,311,10,0.7431660231660232,63.144000000000005,0.94999999999999996,0
cifar10_lenet5,C2,270,1080,307,10,0.76030888030888033,63.613999999999997,1,0
cifar10_lenet5,C2,271,1084,316.5,10,0.75281853281853284,63.353999999999999,0.90000000000000002,0.050000000000000003
cifar10_lenet5,C2,272,1088,297.5,10,0.78104247104247104,63.451999999999998,0.90000000000000002,0
cifar10_lenet5,C2,273,1092,307.5,10,0.76579150579150579,63.532000000000004,0.84999999999999998,0
cifar10_lenet5,C2,274,1096,279.5,10,0.78760617760617757,63.518000000000008,1,0
cifar10_lenet5,C2,275,1100,299.5,10,0.80054054054054047,63.522000000000006,1,0
cifar10_lenet5,C2,276,1104,302,10,0.78737451737451747,63.656000000000006,1,0
cifar10_lenet5,C2,277,1108,305,10,0.77088803088803082,63.653999999999996,0.94999999999999996,0
cifar10_lenet5,C2,278,1112,312.5,10,0.75930501930501937,63.391999999999996,0.84999999999999998,0
cifar10_lenet5,C2,279,1116,307,10,0.78285714285714292,63.616,1,0
cifar10_lenet5,C2,280,1120,281.5,10,0.78231660231660238,63.632000000000005,1,0
cifar10_lenet5,C2,281,1124,307.5,10,0.74050193050193047,62.680000000000007,0.94999999999999996,0.050000000000000003
cifar10_lenet5,C2,282,1128,331,10,0.76096525096525103,63.603999999999999,1,0
cifar10_lenet5,C2,283,1132,299.5,10,0.7628571428571429,63.420000000000002,0.94999999999999996,0.050000000000000003
cifar10_lenet5,C2,284,1136,300,10,0.77100386100386098,63.346000000000004,0.94999999999999996,0.050000000000000003
cifar10_lenet5,C2,285,1140,325,10,0.74150579150579143,62.653999999999996,0.90000000000000002,0.050000000000000003
cifar10_lenet5,C2,286,1144,306,10,0.74393822393822395,63.320000000000007,0.90000000000000002,0.050000000000000003
cifar10_lenet5,C2,287,1148,317.5,10,0.74710424710424717,63.560000000000002,0.94999999999999996,0.050000000000000003
cifar10_lenet5,C2,288,1152,307,10,0.76046332046332044,63.450000000000003,0.90000000000000002,0
cifar10_lenet5,C2,289,1156,299.5,10,0.75729729729729733,63.375999999999998,0.94999999999999996,0.050000000000000003
cifar10_lenet5,C2,290,1160,302,10,0.7827027027027027,63.474000000000004,0.90000000000000002,0
cifar10_lenet5,C2,291,1164,310.5,10,0.77459459459459468,63.591999999999999,0.94999999999999996,0
cifar10_lenet5,C2,292,1168,312.5,10,0.75922779922779926,63.451999999999998,0.84999999999999998,0
cifar10_lenet5,C2,293,1172,330.5,10,0.75355212355212353,63.444000000000003,0.90000000000000002,0
cifar10_lenet5,C2,294,1176,299,10,0.79386100386100389,63.463999999999999,1,0
cifar10_lenet5,C2,295,1180,311.5,10,0.77525096525096526,63.613999999999997,0.94999999999999996,0
cifar10_lenet5,C2,296,1184,308.5,10,0.77814671814671821,63.594000000000008,0.90000000000000002,0
cifar10_lenet5,C2,297,1188,348.5,10,0.73868725868725871,63.303999999999995,0.84999999999999998,0
cifar10_lenet5,C2,298,1192,324.5,10,0.75760617760617754,63.549999999999997,0.90000000000000002,0
cifar10_lenet5,C2,299,1196,308,10,0.76316602316602311,63.344000000000008,0.84999999999999998,0
cifar10_lenet5,C2,300,1200,310,10,0.76509652509652515,63.664000000000001,0.94999999999999996,0
cifar10_lenet5,C2,301,1204,309.5,10,0.76166023166023167,63.382000000000005,0.90000000000000002,0
cifar10_lenet5,C2,302,1208,241,10,0.8024710424710424,63.536000000000001,0.94999999999999996,0
cifar10_lenet5,C2,303,1212,309.5,10,0.77023166023166023,63.652000000000001,0.94999999999999996,0
cifar10_lenet5,C2,304,1216,314.5,10,0.731042471042471,62.668000000000006,0.90000000000000002,0.050000000000000003
cifar10_lenet5,C2,305,1220,293,10,0.78355212355212356,63.548000000000002,0.94999999999999996,0
cifar10_lenet5,C2,306,1224,299.5,10,0.75934362934362931,63.182000000000002,0.90000000000000002,0
cifar10_lenet5,C2,307,1228,250.5,10,0.79227799227799234,63.520000000000003,0.94999999999999996,0
cifar10_lenet5,C2,308,1232,307,10,0.75745173745173744,63.430000000000007,0.94999999999999996,0.050000000000000003
cifar10_lenet5,C2,309,1236,363,10,0.73637065637065635,63.399999999999999,0.84999999999999998,0
cifar10_lenet5,C2,310,1240,268.5,10,0.80714285714285716,63.327999999999996,1,0
cifar10_lenet5,C2,311,1244,316,10,0.7613127413127414,63.501999999999995,0.94999999999999996,0
cifar10_lenet5,C2,312,1248,358,10,0.7460231660231661,63.534000000000006,0.90000000000000002,0
cifar10_lenet5,C2,313,1252,305,10,0.77621621621621617,63.670000000000002,0.90000000000000002,0
cifar10_lenet5,C2,314,1256,258.5,10,0.78976833976833982,63.277999999999999,0.90000000000000002,0
cifar10_lenet5,C2,315,1260,289,10,0.77687258687258687,63.414000000000001,0.90000000000000002,0
cifar10_lenet5,C2,316,1264,309.5,10,0.76640926640926643,63.676000000000002,1,0
cifar10_lenet5,C2,317,1268,306,10,0.76463320463320472,63.465999999999994,0.94999999999999996,0
cifar10_lenet5,C2,318,1272,307.5,10,0.75525096525096524,62.585999999999999,0.90000000000000002,0.050000000000000003
cifar10_lenet5,C2,319,1276,279,10,0.79243243243243244,63.579999999999998,1,0
cifar10_lenet5,C2,320,1280,314,10,0.76162162162162161,63.570000000000007,0.90000000000000002,0
cifar10_lenet5,C2,321,1284,334.5,10,0.74872586872586866,63.422000000000004,0.84999999999999998,0
cifar10_lenet5,C2,322,1288,285.5,10,0.77988416988416986,63.588000000000001,1,0
cifar10_lenet5,C2,323,1292,312.5,10,0.77714285714285714,63.609999999999999,0.94999999999999996,0
cifar10_lenet5,C2,324,1296,308,10,0.76474903474903466,63.503999999999998,0.94999999999999996,0
cifar10_lenet5,C2,325,1300,279,10,0.79073359073359073,63.468000000000004,1,0
cifar10_lenet5,C2,326,1304,300.5,10,0.73899613899613903,62.720000000000006,0.84999999999999998,0.050000000000000003
cifar10_lenet5,C2,327,1308,307.5,10,0.75432432432432439,63.350000000000001,0.90000000000000002,0.050000000000000003
cifar10_lenet5,C2,328,1312,295.5,10,0.768957528957529,63.625999999999998,0.94999999999999996,0
cifar10_lenet5,C2,329,1316,277,10,0.79023166023166014,63.582000000000008,0.94999999999999996,0
cifar10_lenet5,C2,330,1320,344,10,0.74888030888030888,63.603999999999999,0.84999999999999998,0
cifar10_lenet5,C2,331,1324,307,10,0.77664092664092665,63.561999999999998,1,0
cifar10_lenet5,C2,332,1328,307,10,0.78555984555984559,63.603999999999999,1,0
cifar10_lenet5,C2,333,1332,307,10,0.76042471042471038,63.299999999999997,0.90000000000000002,0.050000000000000003
cifar10_lenet5,C2,334,1336,314,10,0.76424710424710418,63.468000000000004,0.90000000000000002,0
cifar10_lenet5,C2,335,1340,303,10,0.73011583011583014,62.588000000000001,0.90000000000000002,0.050000000000000003
cifar10_lenet5,C2,336,1344,339.5,10,0.74220077220077219,63.291999999999994,0.80000000000000004,0.050000000000000003
cifar10_lenet5,C2,337,1348,306,10,0.76297297297297306,63.436,0.94999999999999996,0.050000000000000003
cifar10_lenet5,C2,338,1352,306,10,0.79166023166023169,63.512,1,0
cifar10_lenet5,C2,339,1356,307,10,0.78405405405405415,63.572000000000003,1,0
cifar10_lenet5,C2,340,1360,334.5,10,0.74857142857142855,63.432000000000002,0.84999999999999998,0
cifar10_lenet5,C2,341,1364,289,10,0.78428571428571436,63.603999999999999,1,0
cifar10_lenet5,C2,342,1368,253.5,10,0.79745173745173747,63.534000000000006,0.94999999999999996,0
cifar10_lenet5,C2,343,1372,311.5,10,0.75779922779922781,63.326000000000001,0.90000000000000002,0.050000000000000003
cifar10_lenet5,C2,344,1376,288,10,0.78409266409266409,63.637999999999998,1,0
cifar10_lenet5,C2,345,1380,230.5,10,0.81023166023166016,63.453999999999994,1,0
cifar10_lenet5,C2,346,1384,312,10,0.75359073359073359,63.326000000000001,0.90000000000000002,0.050000000000000003
cifar10_lenet5,C2,347,1388,291.5,10,0.75598455598455594,62.703999999999994,0.90000000000000002,0.050000000000000003
cifar10_lenet5,C2,348,1392,304.5,10,0.77007722007722013,63.665999999999997,1,0
cifar10_lenet5,C2,349,1396,303,10,0.78308880308880313,63.486000000000004,0.94999999999999996,0
cifar10_lenet5,C2,350,1400,297.5,10,0.75640926640926642,62.950000000000003,0.84999999999999998,0
cifar10_lenet5,C2,351,1404,323,10,0.74181467181467187,63.488,0.80000000000000004,0.050000000000000003
cifar10_lenet5,C2,352,1408,307.5,10,0.77451737451737457,63.600000000000001,0.94999999999999996,0
cifar10_lenet5,C2,353,1412,307,10,0.76077220077220076,63.406000000000006,0.94999999999999996,0.050000000000000003
cifar10_lenet5,C2,354,1416,303,10,0.77061776061776066,63.5,0.94999999999999996,0
cifar10_lenet5,C2,355,1420,309,10,0.75073359073359069,63.168000000000006,0.84999999999999998,0.050000000000000003
cifar10_lenet5,C2,356,1424,324,10,0.76880308880308879,63.592000000000006,1,0
cifar10_lenet5,C2,357,1428,304,10,0.78096525096525093,63.597999999999999,1,0
cifar10_lenet5,C2,358,1432,311.5,10,0.7751351351351351,63.608000000000004,0.94999999999999996,0
cifar10_lenet5,C2,359,1436,307,10,0.76274131274131274,63.462000000000003,0.94999999999999996,0
cifar10_lenet5,C2,360,1440,309.5,10,0.75517374517374525,63.541999999999994,0.94999999999999996,0
cifar10_lenet5,C2,361,1444,306,10,0.78729729729729736,63.453999999999994,1,0
cifar10_lenet5,C2,362,1448,281,10,0.76436293436293434,63.064,0.94999999999999996,0
cifar10_lenet5,C2,363,1452,305,10,0.76528957528957531,63.314,0.94999999999999996,0.050000000000000003
cifar10_lenet5,C2,364,1456,302,10,0.76729729729729734,63.515999999999998,0.90000000000000002,0
cifar10_lenet5,C2,365,1460,335,10,0.73911196911196908,63.450000000000003,0.84999999999999998,0
cifar10_lenet5,C2,366,1464,307,10,0.76370656370656376,63.439999999999998,0.94999999999999996,0.050000000000000003
cifar10_lenet5,C2,367,1468,255.5,10,0.79598455598455597,63.570000000000007,1,0
cifar10_lenet5,C2,368,1472,298.5,10,0.78050193050193051,63.622,1,0
cifar10_lenet5,C2,369,1476,309.5,10,0.78162162162162163,63.522000000000006,1,0
cifar10_lenet5,C2,370,1480,307,10,0.78552123552123554,63.612000000000002,1,0
cifar10_lenet5,C2,371,1484,304.5,10,0.77389961389961393,63.564,0.94999999999999996,0
cifar10_lenet5,C2,372,1488,305,10,0.76710424710424707,63.508000000000003,1,0
cifar10_lenet5,C2,373,1492,307,10,0.76888030888030889,63.579999999999998,1,0
cifar10_lenet5,C2,374,1496,307,10,0.7658687258687259,63.668000000000006,1,0
cifar10_lenet5,C2,375,1500,321.5,10,0.75,63.544000000000004,0.94999999999999996,0
cifar10_lenet5,C2,376,1504,309.5,10,0.75818532818532813,63.451999999999998,0.90000000000000002,0
cifar10_lenet5,C2,377,1508,295.5,10,0.78312741312741319,63.556000000000004,1,0
cifar10_lenet5,C2,378,1512,306,10,0.74297297297297304,63.335999999999999,0.90000000000000002,0.050000000000000003
cifar10_lenet5,C2,379,1516,229,10,0.80691119691119684,63.582000000000008,1,0
cifar10_lenet5,C2,380,1520,299.5,10,0.78706563706563704,63.605999999999995,1,0
cifar10_lenet5,C2,381,1524,288.5,10,0.77795366795366794,63.548000000000002,1,0
cifar10_lenet5,C2,382,1528,303,10,0.78258687258687254,63.579999999999998,1,0
cifar10_lenet5,C2,383,1532,356.5,10,0.72544401544401549,63.129999999999995,0.90000000000000002,0.050000000000000003
cifar10_lenet5,C2,384,1536,294.5,10,0.7696138996138997,63.605999999999995,0.94999999999999996,0
cifar10_lenet5,C2,385,1540,307,10,0.77401544401544409,63.451999999999998,0.94999999999999996,0
cifar10_lenet5,C2,386,1544,291,10,0.77586872586872579,63.634,1,0
cifar10_lenet5,C2,387,1548,307,10,0.77482625482625489,63.565999999999995,1,0
cifar10_lenet5,C2,388,1552,307,10,0.78096525096525105,63.537999999999997,1,0
cifar10_lenet5,C2,389,1556,276.5,10,0.79505791505791501,63.474000000000004,0.94999999999999996,0
cifar10_lenet5,C2,390,1560,314.5,10,0.76625482625482622,63.399999999999999,0.94999999999999996,0
cifar10_lenet5,C2,391,1564,307,10,0.76281853281853285,63.517999999999994,1,0
cifar10_lenet5,C2,392,1568,307,10,0.77625482625482634,63.553999999999995,0.94999999999999996,0
cifar10_lenet5,C2,393,1572,306,10,0.76409266409266408,63.341999999999999,0.90000000000000002,0
cifar10_lenet5,C2,394,1576,328.5,10,0.74810810810810813,63.258000000000003,0.90000000000000002,0
cifar10_lenet5,C2,395,1580,239,10,0.81015444015444016,63.536000000000001,0.94999999999999996,0
cifar10_lenet5,C2,396,1584,295.5,10,0.78579150579150581,63.684000000000005,0.94999999999999996,0
cifar10_lenet5,C2,397,1588,276,10,0.76621621621621627,63.015999999999998,0.94999999999999996,0
cifar10_lenet5,C2,398,1592,286,10,0.74305019305019315,63.039999999999999,0.90000000000000002,0
cifar10_lenet5,C2,399,1596,275.5,10,0.78289575289575297,63.527999999999999,1,0
cifar10_lenet5,C2,400,1600,305,10,0.7827027027027027,63.577999999999996,0.94999999999999996,0
cifar10_lenet5,C2,401,1604,235.5,10,0.79849420849420849,63.422000000000004,0.94999999999999996,0
cifar10_lenet5,C2,402,1608,267,10,0.79579150579150582,63.446000000000005,0.94999999999999996,0
cifar10_lenet5,C2,403,1612,292,10,0.77509652509652516,63.423999999999999,0.94999999999999996,0.050000000000000003
cifar10_lenet5,C2,404,1616,306,10,0.74814671814671807,63.287999999999997,0.90000000000000002,0.050000000000000003
cifar10_lenet5,C2,405,1620,306,10,0.78204633204633212,63.458000000000006,1,0
cifar10_lenet5,C2,406,1624,303,10,0.76413127413127413,63.512,0.90000000000000002,0
cifar10_lenet5,C2,407,1628,307,10,0.76420849420849424,63.536000000000001,0.94999999999999996,0
cifar10_lenet5,C2,408,1632,286.5,10,0.80262548262548261,63.391999999999996,0.90000000000000002,0
cifar10_lenet5,C2,409,1636,305,10,0.77135135135135136,63.513999999999996,0.90000000000000002,0
cifar10_lenet5,C2,410,1640,307,10,0.7788803088803089,63.572000000000003,1,0
cifar10_lenet5,C2,411,1644,300.5,10,0.76231660231660237,63.422000000000004,0.94999999999999996,0
cifar10_lenet5,C2,412,1648,264,10,0.80015444015444026,63.475999999999999,1,0
cifar10_lenet5,C2,413,1652,290.5,10,0.7348648648648648,62.289999999999999,0.75,0.050000000000000003
cifar10_lenet5,C2,414,1656,306,10,0.77953667953667949,63.624000000000002,1,0
cifar10_lenet5,C2,415,1660,259.5,10,0.79818532818532817,63.570000000000007,1,0
cifar10_lenet5,C2,416,1664,291,10,0.78525096525096527,63.632000000000005,1,0
cifar10_lenet5,C2,417,1668,282,10,0.79189189189189191,63.486000000000004,1,0
cifar10_lenet5,C2,418,1672,287,10,0.78305019305019308,63.618000000000009,1,0
cifar10_lenet5,C2,419,1676,307,10,0.77540540540540548,63.629999999999995,1,0
cifar10_lenet5,C2,420,1680,307,10,0.76880308880308879,63.520000000000003,0.94999999999999996,0
cifar10_lenet5,C2,421,1684,307,10,0.77297297297297296,63.479999999999997,0.94999999999999996,0
cifar10_lenet5,C2,422,1688,275,10,0.79193050193050196,63.510000000000005,1,0
cifar10_lenet5,C2,423,1692,267,10,0.78081081081081083,63.548000000000002,0.94999999999999996,0
cifar10_lenet5,C2,424,1696,307,10,0.75185328185328193,63.503999999999998,0.94999999999999996,0
cifar10_lenet5,C2,425,1700,307,10,0.77285714285714291,63.494000000000007,0.94999999999999996,0
cifar10_lenet5,C2,426,1704,292.5,10,0.77370656370656365,63.463999999999999,0.94999999999999996,0
cifar10_lenet5,C2,427,1708,345.5,10,0.74196911196911197,63.600000000000001,0.90000000000000002,0
cifar10_lenet5,C2,428,1712,307,10,0.77833976833976837,63.665999999999997,1,0
cifar10_lenet5,C2,429,1716,280.5,10,0.77436293436293435,63.136000000000003,0.90000000000000002,0
cifar10_lenet5,C2,430,1720,295.5,10,0.78061776061776067,63.527999999999999,1,0
cifar10_lenet5,C2,431,1724,306,10,0.75633204633204643,63.418000000000006,0.94999999999999996,0.050000000000000003
cifar10_lenet5,C2,432,1728,309.5,10,0.72084942084942083,63.070000000000007,0.84999999999999998,0
cifar10_lenet5,C2,433,1732,231,10,0.80262548262548261,63.656000000000006,1,0
cifar10_lenet5,C2,434,1736,337,10,0.74926640926640931,63.488,0.90000000000000002,0.050000000000000003
cifar10_lenet5,C2,435,1740,307,10,0.78830115830115832,63.488,0.94999999999999996,0
cifar10_lenet5,C2,436,1744,307,10,0.76413127413127413,63.656000000000006,0.94999999999999996,0
cifar10_lenet5,C2,437,1748,284,10,0.79212355212355212,63.527999999999999,1,0
cifar10_lenet5,C2,438,1752,302,10,0.77590733590733596,63.513999999999996,0.94999999999999996,0
cifar10_lenet5,C2,439,1756,307,10,0.77552123552123553,63.689999999999998,1,0
cifar10_lenet5,C2,440,1760,307.5,10,0.7797683397683397,63.456000000000003,0.94999999999999996,0
cifar10_lenet5,C2,441,1764,309,10,0.74725868725868727,63.455999999999996,0.94999999999999996,0.050000000000000003
cifar10_lenet5,C2,442,1768,288.5,10,0.78166023166023169,63.676000000000002,1,0
cifar10_lenet5,C2,443,1772,289,10,0.79034749034749041,63.656000000000006,1,0
cifar10_lenet5,C2,444,1776,303,10,0.78501930501930506,63.679999999999993,1,0
cifar10_lenet5,C2,445,1780,307,10,0.77525096525096526,63.652000000000001,0.94999999999999996,0
cifar10_lenet5,C2,446,1784,307,10,0.77239382239382237,63.444000000000003,1,0
cifar10_lenet5,C2,447,1788,307,10,0.75073359073359069,63.384,0.94999999999999996,0
cifar10_lenet5,C2,448,1792,306,10,0.78521235521235522,63.489999999999995,1,0
cifar10_lenet5,C2,449,1796,298,10,0.77181467181467178,63.556000000000004,0.94999999999999996,0
cifar10_lenet5,C2,450,1800,303,10,0.77293436293436302,63.503999999999998,1,0
cifar10_lenet5,C2,451,1804,272,10,0.78926640926640934,63.429999999999993,1,0
cifar10_lenet5,C2,452,1808,268,10,0.80301158301158304,63.564,0.94999999999999996,0
cifar10_lenet5,C2,453,1812,310.5,10,0.77880308880308879,63.653999999999996,1,0
cifar10_lenet5,C2,454,1816,289,10,0.76250965250965252,63.100000000000001,0.90000000000000002,0
cifar10_lenet5,C2,455,1820,306,10,0.76532818532818525,63.496000000000002,1,0
cifar10_lenet5,C2,456,1824,307,10,0.77486486486486483,63.606000000000009,0.90000000000000002,0
cifar10_lenet5,C2,457,1828,285.5,10,0.76980694980694975,63.555999999999997,0.90000000000000002,0
cifar10_lenet5,C2,458,1832,303,10,0.76833976833976836,63.503999999999998,0.90000000000000002,0
cifar10_lenet5,C2,459,1836,303,10,0.75517374517374525,63.220000000000006,0.84999999999999998,0.050000000000000003
cifar10_lenet5,C2,460,1840,311,10,0.76760617760617766,63.536000000000001,1,0
cifar10_lenet5,C2,461,1844,309.5,10,0.76876447876447873,63.456000000000003,0.84999999999999998,0
cifar10_lenet5,C2,462,1848,254,10,0.78057915057915062,63.432000000000002,0.94999999999999996,0
cifar10_lenet5,C2,463,1852,285.5,10,0.7918146718146718,63.465999999999994,0.94999999999999996,0
cifar10_lenet5,C2,464,1856,319,10,0.7416216216216216,63.186,0.90000000000000002,0
cifar10_lenet5,C2,465,1860,299,10,0.79227799227799234,63.387999999999998,0.94999999999999996,0
cifar10_lenet5,C2,466,1864,290,10,0.75884169884169883,63.320000000000007,0.94999999999999996,0.050000000000000003
cifar10_lenet5,C2,467,1868,307,10,0.77436293436293435,63.515999999999998,1,0
cifar10_lenet5,C2,468,1872,306.5,10,0.77270270270270269,63.589999999999996,1,0
cifar10_lenet5,C2,469,1876,307,10,0.77054054054054055,63.549999999999997,0.94999999999999996,0
cifar10_lenet5,C2,470,1880,307,10,0.77702702702702697,63.567999999999998,1,0
cifar10_lenet5,C2,471,1884,307,10,0.7849034749034749,63.597999999999999,1,0
cifar10_lenet5,C2,472,1888,304.5,10,0.74328185328185326,62.665999999999997,0.94999999999999996,0.050000000000000003
cifar10_lenet5,C2,473,1892,307,10,0.76235521235521242,63.479999999999997,0.94999999999999996,0
cifar10_lenet5,C2,474,1896,306,10,0.7674903474903475,63.411999999999999,0.94999999999999996,0
cifar10_lenet5,C2,475,1900,278.5,10,0.77613899613899617,63.326000000000001,0.80000000000000004,0.050000000000000003
cifar10_lenet5,C2,476,1904,306,10,0.77818532818532815,63.584000000000003,1,0
cifar10_lenet5,C2,477,1908,303,10,0.77305019305019307,63.484000000000002,0.94999999999999996,0
cifar10_lenet5,C2,478,1912,303,10,0.75625482625482632,63.117999999999995,0.94999999999999996,0
cifar10_lenet5,C2,479,1916,275,10,0.80088803088803096,63.561999999999998,1,0
cifar10_lenet5,C2,480,1920,270,10,0.79177606177606186,63.609999999999999,0.94999999999999996,0
cifar10_lenet5,C2,481,1924,304,10,0.77440154440154441,63.446000000000005,0.94999999999999996,0
cifar10_lenet5,C2,482,1928,265,10,0.79131274131274132,63.585999999999999,1,0
cifar10_lenet5,C2,483,1932,291,10,0.78243243243243243,63.617999999999995,1,0
cifar10_lenet5,C2,484,1936,293,10,0.79613899613899619,63.462000000000003,1,0
cifar10_lenet5,C2,485,1940,295.5,10,0.7849034749034749,63.596000000000004,1,0
cifar10_lenet5,C2,486,1944,302,10,0.78370656370656366,63.510000000000005,1,0
cifar10_lenet5,C2,487,1948,307,10,0.78142857142857136,63.505999999999993,1,0
cifar10_lenet5,C2,488,1952,307,10,0.77432432432432441,63.498000000000005,1,0
cifar10_lenet5,C2,489,1956,279,10,0.78656370656370656,63.479999999999997,0.94999999999999996,0
cifar10_lenet5,C2,490,1960,306,10,0.77274131274131275,63.320000000000007,0.94999999999999996,0
cifar10_lenet5,C2,491,1964,302,10,0.7575675675675676,63.399999999999999,0.94999999999999996,0.050000000000000003
cifar10_lenet5,C2,492,1968,302,10,0.7674903474903475,63.351999999999997,0.94999999999999996,0.050000000000000003
cifar10_lenet5,C2,493,1972,309.5,10,0.73293436293436298,62.544000000000004,0.84999999999999998,0.050000000000000003
cifar10_lenet5,C2,494,1976,307,10,0.75710424710424706,63.359999999999999,0.94999999999999996,0
cifar10_lenet5,C2,495,1980,307,10,0.77285714285714291,63.548000000000002,1,0
cifar10_lenet5,C2,496,1984,242,10,0.80389961389961384,63.505999999999993,1,0
cifar10_lenet5,C2,497,1988,277.5,10,0.76077220077220076,62.634,0.94999999999999996,0.050000000000000003
cifar10_lenet5,C2,498,1992,304.5,10,0.77378378378378376,63.405999999999992,0.94999999999999996,0
cifar10_lenet5,C2,499,1996,303,10,0.7772586872586873,63.600000000000001,0.94999999999999996,0
cifar10_lenet5,C2,500,2000,311.5,10,0.74922779922779925,63.372,0.94999999999999996,0.050000000000000003
cifar10_lenet5,C2,501,2004,307,10,0.7674903474903475,63.577999999999996,0.94999999999999996,0
cifar10_lenet5,C2,502,2008,307.5,10,0.77826254826254826,63.474000000000004,1,0
cifar10_lenet5,C2,503,2012,303.5,10,0.79250965250965255,63.355999999999995,0.94999999999999996,0
cifar10_lenet5,C2,504,2016,271,10,0.78243243243243243,63.474000000000004,0.94999999999999996,0
cifar10_lenet5,C2,505,2020,299,10,0.76930501930501927,63.5,1,0
cifar10_lenet5,C2,506,2024,255.5,10,0.79861003861003854,63.477999999999994,0.94999999999999996,0
cifar10_lenet5,C2,507,2028,300.5,10,0.78822393822393821,63.570000000000007,1,0
cifar10_lenet5,C2,508,2032,294.5,10,0.77575289575289574,63.567999999999998,1,0
cifar10_lenet5,C2,509,2036,290.5,10,0.79274131274131276,63.446000000000005,1,0
cifar10_lenet5,C2,510,2040,302,10,0.76362934362934365,63.358000000000004,0.90000000000000002,0
cifar10_lenet5,C2,511,2044,258.5,10,0.79501930501930507,63.556000000000004,1,0
cifar10_lenet5,C2,512,2048,303,10,0.77899613899613906,63.585999999999999,1,0
cifar10_resnet8,C0,1,4,750.5,750.5,0.43177606177606176,53.039999999999999,0,0.34999999999999998
cifar10_resnet8,C0,2,8,399,396,0.65216216216216216,65.403999999999996,0.050000000000000003,0.10000000000000001
cifar10_resnet8,C0,3,12,506.5,194.5,0.55888030888030893,60.341999999999999,0,0.20000000000000001
cifar10_resnet8,C0,4,16,731,153,0.49891891891891893,57.060000000000002,0.050000000000000003,0.29999999999999999
cifar10_resnet8,C0,5,20,640,132.5,0.55154440154440154,60.106000000000009,0.10000000000000001,0.20000000000000001
cifar10_resnet8,C0,6,24,717.5,115,0.48189189189189185,55.338000000000001,0,0.25
cifar10_resnet8,C0,7,28,724.5,115,0.48440154440154437,58.248000000000005,0,0.14999999999999999
cifar10_resnet8,C0,8,32,803,115,0.44957528957528964,56.311999999999998,0.050000000000000003,0.25
cifar10_resnet8,C0,9,36,518.5,114.5,0.59482625482625484,62.589999999999996,0,0.10000000000000001
cifar10_resnet8,C0,10,40,772.5,109,0.46297297297297302,57.589999999999996,0,0.14999999999999999
cifar10_resnet8,C0,11,44,534.5,103.5,0.62451737451737455,63.972000000000001,0.050000000000000003,0.25
cifar10_resnet8,C0,12,48,451,98.5,0.58169884169884178,61.430000000000007,0.050000000000000003,0.20000000000000001
cifar10_resnet8,C0,13,52,575,96,0.57872586872586873,62.618000000000009,0,0.20000000000000001
cifar10_resnet8,C0,14,56,550,90.5,0.49000000000000005,56.029999999999994,0,0.40000000000000002
cifar10_resnet8,C0,15,60,479.5,90.5,0.61019305019305015,63.525999999999996,0,0.29999999999999999
cifar10_resnet8,C0,16,64,380.5,61.5,0.64795366795366793,64.506,0.14999999999999999,0.10000000000000001
cifar10_resnet8,C0,17,68,639,59.5,0.53277992277992281,60.281999999999996,0.050000000000000003,0.20000000000000001
cifar10_resnet8,C0,18,72,402,56,0.61277992277992277,62.608000000000004,0,0.25
cifar10_resnet8,C0,19,76,604.5,56,0.51459459459459456,59.501999999999995,0,0.14999999999999999
cifar10_resnet8,C0,20,80,543.5,56,0.50335907335907337,57.835999999999999,0,0.29999999999999999
cifar10_resnet8,C0,21,84,428,53,0.63343629343629337,64.02000000000001,0.10000000000000001,0.14999999999999999
cifar10_resnet8,C0,22,88,724,48.5,0.48540540540540544,57.858000000000004,0.050000000000000003,0.25
cifar10_resnet8,C0,23,92,487.5,48.5,0.55162162162162165,60.378,0,0.40000000000000002
cifar10_resnet8,C0,24,96,617,48.5,0.56640926640926648,60.903999999999996,0.10000000000000001,0.25
cifar10_resnet8,C0,25,100,643.5,48.5,0.5653281853281853,62.351999999999997,0.050000000000000003,0.25
cifar10_resnet8,C0,26,104,403,41,0.61872586872586877,63.208000000000006,0.14999999999999999,0.10000000000000001
cifar10_resnet8,C0,27,108,678.5,41,0.46142857142857141,56.027999999999999,0.050000000000000003,0.40000000000000002
cifar10_resnet8,C0,28,112,555.5,35.5,0.54694980694980688,60.088000000000001,0.050000000000000003,0.20000000000000001
cifar10_resnet8,C0,29,116,608.5,32,0.54308880308880314,60.331999999999994,0.10000000000000001,0.29999999999999999
cifar10_resnet8,C0,30,120,645.5,32,0.46173745173745173,57.394000000000005,0,0.29999999999999999
cifar10_resnet8,C0,31,124,562.5,32,0.55324324324324325,61.061999999999998,0,0.25
cifar10_resnet8,C0,32,128,551.5,21.5,0.63034749034749038,64.042000000000002,0.29999999999999999,0.14999999999999999
cifar10_resnet8,C0,33,132,498.5,21.5,0.62447876447876449,64.049999999999997,0.10000000000000001,0.20000000000000001
cifar10_resnet8,C0,34,136,597,19,0.5349034749034749,59.322000000000003,0.10000000000000001,0.20000000000000001
cifar10_resnet8,C0,35,140,273.5,18,0.75729729729729733,69.579999999999998,0.10000000000000001,0.050000000000000003
cifar10_resnet8,C0,36,144,510,18,0.56849420849420851,62.212000000000003,0.050000000000000003,0.10000000000000001
cifar10_resnet8,C0,37,148,556,18,0.53926640926640934,60.967999999999996,0,0.25
cifar10_resnet8,C0,38,152,508,18,0.60837837837837838,63.462000000000003,0.14999999999999999,0.20000000000000001
cifar10_resnet8,C0,39,156,454,18,0.64471042471042472,65.388000000000005,0,0.20000000000000001
cifar10_resnet8,C0,40,160,416,18,0.64239382239382237,65.128,0.050000000000000003,0.050000000000000003
cifar10_resnet8,C0,41,164,382,18,0.62250965250965251,63.196000000000005,0,0.14999999999999999
cifar10_resnet8,C0,42,168,401,18,0.61722007722007721,62.694000000000003,0.14999999999999999,0.20000000000000001
cifar10_resnet8,C0,43,172,452.5,18,0.65347490347490345,66.015999999999991,0,0.050000000000000003
cifar10_resnet8,C0,44,176,494,18,0.60362934362934362,62.706000000000003,0,0.20000000000000001
cifar10_resnet8,C0,45,180,441.5,17,0.61942084942084941,63.143999999999991,0.14999999999999999,0.29999999999999999
cifar10_resnet8,C0,46,184,471.5,17,0.61366795366795368,63.882000000000005,0,0.10000000000000001
cifar10_resnet8,C0,47,188,600.5,17,0.55988416988416989,60.609999999999999,0.10000000000000001,0.20000000000000001
cifar10_resnet8,C0,48,192,290,15.5,0.60903474903474897,61.597999999999999,0.10000000000000001,0.14999999999999999
cifar10_resnet8,C0,49,196,461,15.5,0.60999999999999999,63.213999999999999,0.050000000000000003,0.050000000000000003
cifar10_resnet8,C0,50,200,411.5,15.5,0.66961389961389961,65.376000000000005,0.14999999999999999,0.14999999999999999
cifar10_resnet8,C0,51,204,321.5,15.5,0.62891891891891893,63.020000000000003,0.10000000000000001,0.20000000000000001
cifar10_resnet8,C0,52,208,444.5,15.5,0.60011583011583014,62.613999999999997,0.050000000000000003,0.25
cifar10_resnet8,C0,53,212,448.5,13,0.60057915057915057,61.887999999999998,0.10000000000000001,0.20000000000000001
cifar10_resnet8,C0,54,216,202,10.5,0.72389961389961388,67.914000000000001,0.14999999999999999,0
cifar10_resnet8,C0,55,220,570.5,10.5,0.56420849420849417,61.470000000000006,0.050000000000000003,0.20000000000000001
cifar10_resnet8,C0,56,224,478.5,9.5,0.62297297297297294,63.903999999999996,0.10000000000000001,0.20000000000000001
cifar10_resnet8,C0,57,228,372,9.5,0.68277992277992283,66.742000000000004,0.050000000000000003,0.10000000000000001
cifar10_resnet8,C0,58,232,429,8.5,0.65142857142857147,65.042000000000002,0.10000000000000001,0.050000000000000003
cifar10_resnet8,C0,59,236,417,8.5,0.63872586872586878,64.058000000000007,0,0.14999999999999999
cifar10_resnet8,C0,60,240,277,8.5,0.72378378378378383,68.116,0.20000000000000001,0.10000000000000001
cifar10_resnet8,C0,61,244,460.5,8.5,0.57536679536679536,61.589999999999996,0.050000000000000003,0.20000000000000001
cifar10_resnet8,C0,62,248,278.5,8.5,0.6847490347490347,65.488,0.050000000000000003,0.20000000000000001
cifar10_resnet8,C0,63,252,559,8.5,0.54212355212355212,60.565999999999995,0.050000000000000003,0.34999999999999998
cifar10_resnet8,C0,64,256,457.5,8.5,0.657992277992278,65.373999999999995,0.050000000000000003,0.10000000000000001
cifar10_resnet8,C0,65,260,219,8.5,0.74579150579150577,68.753999999999991,0.10000000000000001,0.10000000000000001
cifar10_resnet8,C0,66,264,292,8.5,0.68528957528957535,65.784000000000006,0.10000000000000001,0.14999999999999999
cifar10_resnet8,C0,67,268,417.5,8.5,0.68378378378378379,67.248000000000005,0,0.050000000000000003
cifar10_resnet8,C0,68,272,284,8.5,0.71996138996138992,68.444000000000003,0.050000000000000003,0.050000000000000003
cifar10_resnet8,C0,69,276,379.5,8.5,0.6657142857142857,65.960000000000008,0.050000000000000003,0.14999999999999999
cifar10_resnet8,C0,70,280,643.5,8.5,0.53054054054054056,59.394000000000005,0,0.29999999999999999
cifar10_resnet8,C0,71,284,403.5,8.5,0.62061776061776064,63.890000000000001,0,0.10000000000000001
cifar10_resnet8,C0,72,288,564,8.5,0.51853281853281852,59.489999999999995,0,0.25
cifar10_resnet8,C0,73,292,335.5,8.5,0.72231660231660233,68.768000000000001,0.050000000000000003,0.050000000000000003
cifar10_resnet8,C0,74,296,251.5,8.5,0.74830115830115829,69.222000000000008,0.10000000000000001,0
cifar10_resnet8,C0,75,300,204.5,8,0.7696138996138997,69.919999999999987,0.20000000000000001,0.10000000000000001
cifar10_resnet8,C0,76,304,366.5,8,0.66366795366795361,66.02000000000001,0.050000000000000003,0.25
cifar10_resnet8,C0,77,308,372,8,0.72444015444015442,68.829999999999998,0.10000000000000001,0.25
cifar10_resnet8,C0,78,312,461,8,0.63826254826254825,65.234000000000009,0.050000000000000003,0.050000000000000003
cifar10_resnet8,C0,79,316,205.5,8,0.79054054054054057,70.736000000000004,0.14999999999999999,0.050000000000000003
cifar10_resnet8,C0,80,320,245,8,0.7713127413127413,70.132000000000005,0.10000000000000001,0.14999999999999999
cifar10_resnet8,C0,81,324,446,8,0.68864864864864861,67.396000000000001,0.14999999999999999,0.20000000000000001
cifar10_resnet8,C0,82,328,357,8,0.71868725868725869,68.453999999999994,0.050000000000000003,0.050000000000000003
cifar10_resnet8,C0,83,332,493,8,0.63633204633204632,64.957999999999998,0.050000000000000003,0.25
cifar10_resnet8,C0,84,336,363.5,8,0.65826254826254826,65.563999999999993,0.050000000000000003,0.25
cifar10_resnet8,C0,85,340,359.5,8,0.67814671814671823,66.301999999999992,0,0.10000000000000001
cifar10_resnet8,C0,86,344,325.5,7.5,0.67339768339768336,64.948000000000008,0.10000000000000001,0.10000000000000001
cifar10_resnet8,C0,87,348,307,6.5,0.74996138996138995,68.905999999999992,0.10000000000000001,0.14999999999999999
cifar10_resnet8,C0,88,352,394.5,6.5,0.66158301158301158,65.27000000000001,0.10000000000000001,0.10000000000000001
cifar10_resnet8,C0,89,356,207,6.5,0.74289575289575294,69.251999999999995,0,0.20000000000000001
cifar10_resnet8,C0,90,360,246.5,6.5,0.76135135135135135,69.72999999999999,0.14999999999999999,0.10000000000000001
cifar10_resnet8,C0,91,364,328.5,6.5,0.64930501930501927,64.128,0.050000000000000003,0.20000000000000001
cifar10_resnet8,C0,92,368,551.5,6.5,0.56386100386100391,60.625999999999998,0.050000000000000003,0.29999999999999999
cifar10_resnet8,C0,93,372,278.5,6.5,0.70212355212355215,66.730000000000004,0,0.20000000000000001
cifar10_resnet8,C0,94,376,416,5.5,0.63262548262548257,63.594000000000008,0.14999999999999999,0.40000000000000002
cifar10_resnet8,C0,95,380,311,4.5,0.67081081081081084,65.609999999999999,0.10000000000000001,0.20000000000000001
cifar10_resnet8,C0,96,384,269,4.5,0.69397683397683396,66.072000000000003,0.050000000000000003,0.20000000000000001
cifar10_resnet8,C0,97,388,150.5,4.5,0.73042471042471047,67.322000000000003,0.25,0.20000000000000001
cifar10_resnet8,C0,98,392,237,4.5,0.75961389961389958,69.328000000000003,0.14999999999999999,0.050000000000000003
cifar10_resnet8,C0,99,396,232,4.5,0.74355212355212363,69.006,0.14999999999999999,0.10000000000000001
cifar10_resnet8,C0,100,400,273.5,4.5,0.68494208494208497,66.963999999999999,0.050000000000000003,0.14999999999999999
cifar10_resnet8,C0,101,404,277.5,4.5,0.72698841698841699,67.986000000000004,0.10000000000000001,0.20000000000000001
cifar10_resnet8,C0,102,408,229,4.5,0.70239382239382242,66.299999999999997,0.050000000000000003,0.20000000000000001
cifar10_resnet8,C0,103,412,210,4.5,0.74335907335907336,68.902000000000001,0.10000000000000001,0.10000000000000001
cifar10_resnet8,C0,104,416,353,4.5,0.65849420849420848,65.426000000000002,0,0.25
cifar10_resnet8,C0,105,420,329,4.5,0.6466023166023166,63.438000000000002,0,0.20000000000000001
cifar10_resnet8,C0,106,424,437.5,4.5,0.67498069498069502,66.903999999999996,0.050000000000000003,0.29999999999999999
cifar10_resnet8,C0,107,428,339.5,4.5,0.6761389961389962,66.091999999999999,0.14999999999999999,0.20000000000000001
cifar10_resnet8,C0,108,432,250,4.5,0.75335907335907337,68.801999999999992,0.050000000000000003,0.14999999999999999
cifar10_resnet8,C0,109,436,269,4.5,0.76000000000000001,69.924000000000007,0.050000000000000003,0.10000000000000001
cifar10_resnet8,C0,110,440,228.5,4.5,0.74474903474903476,68.753999999999991,0.10000000000000001,0
cifar10_resnet8,C0,111,444,485,4.5,0.62200772200772203,64.167999999999992,0.050000000000000003,0.20000000000000001
cifar10_resnet8,C0,112,448,200.5,4.5,0.80691119691119684,71.575999999999993,0.14999999999999999,0
cifar10_resnet8,C0,113,452,371.5,4.5,0.71540540540540543,68.207999999999998,0.10000000000000001,0.20000000000000001
cifar10_resnet8,C0,114,456,170.5,4.5,0.75343629343629348,69.24199999999999,0.20000000000000001,0.14999999999999999
cifar10_resnet8,C0,115,460,211.5,4.5,0.71683397683397687,67.844000000000008,0.10000000000000001,0.20000000000000001
cifar10_resnet8,C0,116,464,228.5,4.5,0.77416988416988419,70.355999999999995,0.20000000000000001,0
cifar10_resnet8,C0,117,468,240.5,4.5,0.73158301158301164,68.852000000000004,0.10000000000000001,0.20000000000000001
cifar10_resnet8,C0,118,472,301,4.5,0.73200772200772202,68.091999999999999,0.20000000000000001,0.25
cifar10_resnet8,C0,119,476,200.5,4.5,0.79208494208494207,71.244,0.14999999999999999,0
cifar10_resnet8,C0,120,480,215.5,4.5,0.7697683397683398,70.048000000000002,0.10000000000000001,0
cifar10_resnet8,C0,121,484,264,4.5,0.78602316602316602,70.594000000000008,0.050000000000000003,0
cifar10_resnet8,C0,122,488,135.5,4.5,0.77942084942084944,70.640000000000001,0.14999999999999999,0.10000000000000001
cifar10_resnet8,C0,123,492,212.5,4.5,0.71320463320463312,67.141999999999996,0.20000000000000001,0.20000000000000001
cifar10_resnet8,C0,124,496,207,3.5,0.74467181467181465,68.72999999999999,0.20000000000000001,0.14999999999999999
cifar10_resnet8,C0,125,500,272.5,3.5,0.75849420849420857,69.873999999999995,0,0.20000000000000001
cifar10_resnet8,C0,126,504,228,3.5,0.72853281853281859,68.02000000000001,0.20000000000000001,0.10000000000000001
cifar10_resnet8,C0,127,508,215.5,3,0.74486486486486492,68.74199999999999,0.10000000000000001,0.050000000000000003
cifar10_resnet8,C0,128,512,346.5,3,0.62559845559845562,62.474000000000004,0.050000000000000003,0.25
cifar10_resnet8,C0,129,516,210,3,0.73637065637065635,68.472000000000008,0.14999999999999999,0.050000000000000003
cifar10_resnet8,C0,130,520,223,3,0.77722007722007724,70.486000000000004,0.10000000000000001,0.10000000000000001
cifar10_resnet8,C0,131,524,270,3,0.72054054054054051,67.738,0.10000000000000001,0.14999999999999999
cifar10_resnet8,C0,132,528,214,3,0.74741312741312738,69.318000000000012,0.20000000000000001,0.14999999999999999
cifar10_resnet8,C0,133,532,239,3,0.7325096525096525,67.525999999999996,0.050000000000000003,0.14999999999999999
cifar10_resnet8,C0,134,536,275.5,3,0.7583011583011583,69.427999999999997,0.10000000000000001,0.050000000000000003
cifar10_resnet8,C0,135,540,206,3,0.77606177606177607,69.073999999999998,0.20000000000000001,0.050000000000000003
cifar10_resnet8,C0,136,544,367.5,3,0.71606177606177612,68.070000000000007,0.10000000000000001,0.20000000000000001
cifar10_resnet8,C0,137,548,194.5,3,0.74837837837837839,69.316000000000003,0.050000000000000003,0.20000000000000001
cifar10_resnet8,C0,138,552,354.5,3,0.76077220077220076,70.144000000000005,0.10000000000000001,0.050000000000000003
cifar10_resnet8,C0,139,556,287.5,3,0.73895752895752898,69.141999999999996,0.10000000000000001,0.050000000000000003
cifar10_resnet8,C0,140,560,372,3,0.66111969111969116,65.698000000000008,0,0.050000000000000003
cifar10_resnet8,C0,141,564,274.5,3,0.77814671814671821,70.527999999999992,0.050000000000000003,0.10000000000000001
cifar10_resnet8,C0,142,568,190.5,3,0.771969111969112,70.189999999999998,0.20000000000000001,0.050000000000000003
cifar10_resnet8,C0,143,572,228.5,3,0.72498069498069495,68.424000000000007,0.20000000000000001,0.20000000000000001
cifar10_resnet8,C0,144,576,230,3,0.77664092664092665,70.316000000000003,0.050000000000000003,0
cifar10_resnet8,C0,145,580,384,3,0.71540540540540543,67.603999999999999,0.20000000000000001,0.10000000000000001
cifar10_resnet8,C0,146,584,339.5,3,0.66984555984555993,65.953999999999994,0.10000000000000001,0.20000000000000001
cifar10_resnet8,C0,147,588,322.5,3,0.73374517374517378,68.870000000000005,0.050000000000000003,0.10000000000000001
cifar10_resnet8,C0,148,592,195,3,0.74675675675675679,67.969999999999999,0.14999999999999999,0.10000000000000001
cifar10_resnet8,C0,149,596,191.5,3,0.76258687258687252,69.713999999999999,0.10000000000000001,0.10000000000000001
cifar10_resnet8,C0,150,600,111,3,0.86027027027027025,73.046000000000006,0.34999999999999998,0.050000000000000003
cifar10_resnet8,C0,151,604,221.5,3,0.80015444015444026,71.135999999999996,0.25,0
cifar10_resnet8,C0,152,608,177,3,0.79772200772200774,71.067999999999998,0.14999999999999999,0.050000000000000003
cifar10_resnet8,C0,153,612,201,3,0.77710424710424708,69.397999999999996,0.14999999999999999,0.10000000000000001
cifar10_resnet8,C0,154,616,358.5,3,0.65081081081081082,63.820000000000007,0.050000000000000003,0.20000000000000001
cifar10_resnet8,C0,155,620,196,3,0.79281853281853276,70.616,0.20000000000000001,0.10000000000000001
cifar10_resnet8,C0,156,624,317.5,3,0.72922779922779923,68.861999999999995,0.10000000000000001,0.050000000000000003
cifar10_resnet8,C0,157,628,269,3,0.73328185328185325,68.176000000000002,0.10000000000000001,0.050000000000000003
cifar10_resnet8,C0,158,632,204,3,0.74926640926640931,69.784000000000006,0.14999999999999999,0.14999999999999999
cifar10_resnet8,C0,159,636,259.5,3,0.75667953667953669,69.414000000000001,0.14999999999999999,0.25
cifar10_resnet8,C0,160,640,202,3,0.81073359073359064,71.602000000000004,0.29999999999999999,0.050000000000000003
cifar10_resnet8,C0,161,644,195.5,3,0.76841698841698847,69.292000000000002,0.20000000000000001,0.14999999999999999
cifar10_resnet8,C0,162,648,233.5,3,0.75034749034749038,68.867999999999995,0,0.10000000000000001
cifar10_resnet8,C0,163,652,321,3,0.76451737451737445,70.155999999999992,0.10000000000000001,0.10000000000000001
cifar10_resnet8,C0,164,656,269.5,3,0.74069498069498074,68.926000000000002,0.14999999999999999,0.14999999999999999
cifar10_resnet8,C0,165,660,145,3,0.7986486486486486,70.840000000000003,0.29999999999999999,0.050000000000000003
cifar10_resnet8,C0,166,664,213.5,3,0.78459459459459457,70.044000000000011,0.10000000000000001,0.14999999999999999
cifar10_resnet8,C0,167,668,274,3,0.77930501930501928,69.666000000000011,0.10000000000000001,0.10000000000000001
cifar10_resnet8,C0,168,672,429.5,3,0.69540540540540541,67.683999999999997,0.10000000000000001,0.14999999999999999
cifar10_resnet8,C0,169,676,195.5,3,0.7902702702702703,71.102000000000004,0.25,0.10000000000000001
cifar10_resnet8,C0,170,680,380,3,0.71216216216216222,67.643999999999991,0.050000000000000003,0.20000000000000001
cifar10_resnet8,C0,171,684,188.5,3,0.74494208494208491,69.231999999999999,0.25,0.10000000000000001
cifar10_resnet8,C0,172,688,460,3,0.66965250965250966,66.873999999999995,0,0.40000000000000002
cifar10_resnet8,C0,173,692,238,3,0.74447876447876449,69.27000000000001,0.10000000000000001,0.14999999999999999
cifar10_resnet8,C0,174,696,207,3,0.80687258687258689,71.420000000000002,0.14999999999999999,0
cifar10_resnet8,C0,175,700,318,3,0.7515444015444015,69.465999999999994,0.25,0.10000000000000001
cifar10_resnet8,C0,176,704,213.5,3,0.80324324324324325,71.390000000000001,0.20000000000000001,0.050000000000000003
cifar10_resnet8,C0,177,708,177.5,3,0.80000000000000004,71.515999999999991,0.25,0.10000000000000001
cifar10_resnet8,C0,178,712,182.5,3,0.79335907335907341,71.024000000000001,0.20000000000000001,0.050000000000000003
cifar10_resnet8,C0,179,716,179,3,0.7766023166023166,70.457999999999998,0.10000000000000001,0.10000000000000001
cifar10_resnet8,C0,180,720,212.5,3,0.77845559845559842,70.746000000000009,0.14999999999999999,0
cifar10_resnet8,C0,181,724,274.5,3,0.72926640926640929,68.225999999999999,0.10000000000000001,0.29999999999999999
cifar10_resnet8,C0,182,728,156,3,0.83779922779922766,71.972000000000008,0.20000000000000001,0.050000000000000003
cifar10_resnet8,C0,183,732,156.5,3,0.81787644787644775,72.051999999999992,0.20000000000000001,0.10000000000000001
cifar10_resnet8,C0,184,736,168,3,0.81814671814671824,71.986000000000004,0.25,0.10000000000000001
cifar10_resnet8,C0,185,740,280,3,0.75884169884169883,69.231999999999999,0.14999999999999999,0.10000000000000001
cifar10_resnet8,C0,186,744,349.5,3,0.70401544401544403,68.022000000000006,0.20000000000000001,0.14999999999999999
cifar10_resnet8,C0,187,748,183,3,0.78803088803088805,70.451999999999998,0.050000000000000003,0.10000000000000001
cifar10_resnet8,C0,188,752,337,3,0.74177606177606181,69.203999999999994,0.25,0.050000000000000003
cifar10_resnet8,C0,189,756,184.5,3,0.81258687258687257,71.805999999999997,0.10000000000000001,0.050000000000000003
cifar10_resnet8,C0,190,760,182.5,3,0.83617760617760628,72.414000000000001,0.10000000000000001,0
cifar10_resnet8,C0,191,764,300.5,3,0.7430888030888031,69.167999999999992,0.050000000000000003,0.10000000000000001
cifar10_resnet8,C0,192,768,205,3,0.83239382239382242,72.441999999999993,0.14999999999999999,0
cifar10_resnet8,C0,193,772,144.5,3,0.84393822393822382,73.066000000000003,0.34999999999999998,0.050000000000000003
cifar10_resnet8,C0,194,776,235,3,0.78003861003861008,70.52000000000001,0.10000000000000001,0.10000000000000001
cifar10_resnet8,C0,195,780,215,3,0.80934362934362925,71.679999999999993,0.20000000000000001,0.050000000000000003
cifar10_resnet8,C0,196,784,210.5,3,0.78127413127413126,70.488,0.050000000000000003,0.14999999999999999
cifar10_resnet8,C0,197,788,139.5,3,0.853899613899614,73.170000000000002,0.25,0
cifar10_resnet8,C0,198,792,113.5,3,0.86621621621621614,73.560000000000002,0.25,0
cifar10_resnet8,C0,199,796,167,3,0.79648648648648646,71.332000000000008,0.10000000000000001,0.10000000000000001
cifar10_resnet8,C0,200,800,173,3,0.82405405405405419,72.162000000000006,0.20000000000000001,0.10000000000000001
cifar10_resnet8,C0,201,804,126.5,3,0.78976833976833982,70.927999999999997,0.25,0.10000000000000001
cifar10_resnet8,C0,202,808,243.5,3,0.76135135135135135,69.811999999999998,0.10000000000000001,0.10000000000000001
cifar10_resnet8,C0,203,812,177.5,3,0.76972972972972964,70.385999999999996,0.25,0.20000000000000001
cifar10_resnet8,C0,204,816,240.5,3,0.74034749034749037,68.397999999999996,0.10000000000000001,0.10000000000000001
cifar10_resnet8,C0,205,820,289,3,0.78436293436293436,70.679999999999993,0.10000000000000001,0.14999999999999999
cifar10_resnet8,C0,206,824,199,3,0.78444015444015447,69.390000000000001,0.25,0.10000000000000001
cifar10_resnet8,C0,207,828,163,3,0.78374517374517372,70.590000000000003,0.14999999999999999,0.050000000000000003
cifar10_resnet8,C0,208,832,90.5,3,0.86084942084942084,73.563999999999993,0.20000000000000001,0
cifar10_resnet8,C0,209,836,126.5,3,0.80254826254826261,70.837999999999994,0.20000000000000001,0.050000000000000003
cifar10_resnet8,C0,210,840,279.5,3,0.81822393822393824,71.933999999999997,0.20000000000000001,0.050000000000000003
cifar10_resnet8,C0,211,844,200.5,3,0.80671814671814668,71.310000000000002,0.050000000000000003,0.10000000000000001
cifar10_resnet8,C0,212,848,159,3,0.81683397683397685,71.798000000000002,0.29999999999999999,0.14999999999999999
cifar10_resnet8,C0,213,852,120.5,3,0.82150579150579151,72.246000000000009,0.20000000000000001,0.050000000000000003
cifar10_resnet8,C0,214,856,214.5,3,0.79050193050193052,70.929999999999993,0.10000000000000001,0.050000000000000003
cifar10_resnet8,C0,215,860,136,3,0.8357528957528958,72.75,0.25,0.10000000000000001
cifar10_resnet8,C0,216,864,138.5,3,0.77953667953667949,69.986000000000004,0.10000000000000001,0.10000000000000001
cifar10_resnet8,C0,217,868,246,3,0.74602316602316598,68.341999999999999,0.25,0.10000000000000001
cifar10_resnet8,C0,218,872,167,3,0.78196911196911201,69.917999999999992,0.20000000000000001,0.050000000000000003
cifar10_resnet8,C0,219,876,190,3,0.77525096525096526,69.835999999999999,0.14999999999999999,0.10000000000000001
cifar10_resnet8,C0,220,880,138.5,3,0.83853281853281858,72.551999999999992,0.20000000000000001,0.050000000000000003
cifar10_resnet8,C0,221,884,130,3,0.83023166023166028,72.501999999999995,0.10000000000000001,0.10000000000000001
cifar10_resnet8,C0,222,888,187,2.5,0.80509652509652518,70.560000000000002,0.20000000000000001,0.10000000000000001
cifar10_resnet8,C0,223,892,266,2.5,0.74814671814671818,69.188000000000002,0.10000000000000001,0.10000000000000001
cifar10_resnet8,C0,224,896,83,2.5,0.8306177606177606,72.429999999999993,0.40000000000000002,0
cifar10_resnet8,C0,225,900,247.5,2.5,0.74876447876447871,69.22999999999999,0.20000000000000001,0.10000000000000001
cifar10_resnet8,C0,226,904,138.5,2.5,0.8054826254826255,71.334000000000003,0.14999999999999999,0.050000000000000003
cifar10_resnet8,C0,227,908,218,2.5,0.80903474903474903,71.609999999999999,0.14999999999999999,0.050000000000000003
cifar10_resnet8,C0,228,912,162.5,2.5,0.82575289575289579,71.706000000000003,0.20000000000000001,0
cifar10_resnet8,C0,229,916,192,2.5,0.7696138996138997,69.691999999999993,0.050000000000000003,0.10000000000000001
cifar10_resnet8,C0,230,920,188.5,2.5,0.77718146718146719,69.834000000000003,0.20000000000000001,0
cifar10_resnet8,C0,231,924,153.5,2.5,0.84305019305019313,72.893999999999991,0.14999999999999999,0
cifar10_resnet8,C0,232,928,273.5,2.5,0.72992277992277999,68.488,0.10000000000000001,0.20000000000000001
cifar10_resnet8,C0,233,932,156.5,2.5,0.83243243243243248,72.539999999999992,0.14999999999999999,0.050000000000000003
cifar10_resnet8,C0,234,936,220,2.5,0.7491891891891892,68.606000000000009,0.10000000000000001,0.10000000000000001
cifar10_resnet8,C0,235,940,376.5,2.5,0.70702702702702702,68.111999999999995,0.10000000000000001,0.14999999999999999
cifar10_resnet8,C0,236,944,198.5,2.5,0.83111969111969108,72.378,0.20000000000000001,0.050000000000000003
cifar10_resnet8,C0,237,948,201,2.5,0.82459459459459461,72.217999999999989,0.20000000000000001,0
cifar10_resnet8,C0,238,952,113,2.5,0.81513513513513514,71.782000000000011,0.20000000000000001,0
cifar10_resnet8,C0,239,956,180.5,2.5,0.77745173745173746,70.667999999999992,0.10000000000000001,0.20000000000000001
cifar10_resnet8,C0,240,960,98.5,2.5,0.80382239382239384,70.549999999999997,0.20000000000000001,0
cifar10_resnet8,C0,241,964,186.5,2.5,0.82355212355212348,72.200000000000003,0.14999999999999999,0.050000000000000003
cifar10_resnet8,C0,242,968,164.5,2.5,0.83590733590733601,72.438000000000002,0.29999999999999999,0.050000000000000003
cifar10_resnet8,C0,243,972,180.5,2.5,0.83378378378378382,72.640000000000001,0.25,0.10000000000000001
cifar10_resnet8,C0,244,976,145.5,2.5,0.85162162162162169,73.073999999999998,0.20000000000000001,0.050000000000000003
cifar10_resnet8,C0,245,980,274,2.5,0.73289575289575293,68.679999999999993,0.25,0.050000000000000003
cifar10_resnet8,C0,246,984,194.5,2.5,0.782046332046332,70.445999999999998,0.14999999999999999,0.14999999999999999
cifar10_resnet8,C0,247,988,243,2.5,0.77532818532818537,70.304000000000002,0.10000000000000001,0.10000000000000001
cifar10_resnet8,C0,248,992,230.5,2.5,0.78131274131274131,70.463999999999999,0.20000000000000001,0.050000000000000003
cifar10_resnet8,C0,249,996,163,2.5,0.81216216216216208,71.566000000000003,0.14999999999999999,0.10000000000000001
cifar10_resnet8,C0,250,1000,145.5,2.5,0.8586100386100386,73.382000000000005,0.20000000000000001,0.050000000000000003
cifar10_resnet8,C0,251,1004,251,2.5,0.81498069498069492,71.677999999999997,0.20000000000000001,0
cifar10_resnet8,C0,252,1008,225,2.5,0.76536679536679542,69.810000000000002,0.050000000000000003,0.050000000000000003
cifar10_resnet8,C0,253,1012,209,2.5,0.81416988416988423,71.837999999999994,0.10000000000000001,0.14999999999999999
cifar10_resnet8,C0,254,1016,141,2.5,0.76185328185328183,69.091999999999999,0.050000000000000003,0.10000000000000001
cifar10_resnet8,C0,255,1020,125.5,2.5,0.77633204633204633,69.713999999999999,0.10000000000000001,0.10000000000000001
cifar10_resnet8,C0,256,1024,171,2.5,0.80652509652509663,71.450000000000003,0.20000000000000001,0
cifar10_resnet8,C0,257,1028,251.5,2.5,0.80517374517374518,71.47999999999999,0.10000000000000001,0.050000000000000003
cifar10_resnet8,C0,258,1032,136.5,2.5,0.83853281853281858,72.591999999999999,0.29999999999999999,0
cifar10_resnet8,C0,259,1036,143.5,2.5,0.72745173745173752,67.989999999999995,0.050000000000000003,0.29999999999999999
cifar10_resnet8,C0,260,1040,173,2.5,0.77644787644787638,69.587999999999994,0.20000000000000001,0.14999999999999999
cifar10_resnet8,C0,261,1044,114,2.5,0.85135135135135143,73.079999999999998,0.29999999999999999,0.050000000000000003
cifar10_resnet8,C0,262,1048,196,2.5,0.787992277992278,70.700000000000003,0.20000000000000001,0
cifar10_resnet8,C0,263,1052,179,2.5,0.83640926640926649,72.646000000000001,0.20000000000000001,0.050000000000000003
cifar10_resnet8,C0,264,1056,306,2.5,0.74193050193050192,69.244,0.14999999999999999,0.10000000000000001
cifar10_resnet8,C0,265,1060,182,2.5,0.80957528957528946,70.866,0,0.10000000000000001
cifar10_resnet8,C0,266,1064,228.5,2.5,0.79389961389961383,70.451999999999998,0.14999999999999999,0.10000000000000001
cifar10_resnet8,C0,267,1068,121.5,2.5,0.81992277992277995,71.5,0.34999999999999998,0.050000000000000003
cifar10_resnet8,C0,268,1072,168,2.5,0.84918918918918929,73.096000000000004,0.20000000000000001,0.050000000000000003
cifar10_resnet8,C0,269,1076,89.5,2.5,0.80772200772200775,71.539999999999992,0.25,0.050000000000000003
cifar10_resnet8,C0,270,1080,340,2.5,0.71752895752895751,68.503999999999991,0.10000000000000001,0
cifar10_resnet8,C0,271,1084,107.5,2.5,0.82250965250965247,72.090000000000003,0.14999999999999999,0.10000000000000001
cifar10_resnet8,C0,272,1088,124,2.5,0.82528957528957536,72.079999999999998,0.29999999999999999,0.050000000000000003
cifar10_resnet8,C0,273,1092,189,2.5,0.81729729729729728,72.013999999999996,0.10000000000000001,0.14999999999999999
cifar10_resnet8,C0,274,1096,204,2,0.79810810810810806,71.079999999999998,0.10000000000000001,0.10000000000000001
cifar10_resnet8,C0,275,1100,157,2,0.83397683397683386,72.474000000000004,0.10000000000000001,0
cifar10_resnet8,C0,276,1104,157.5,2,0.77822393822393821,70.515999999999991,0.050000000000000003,0.050000000000000003
cifar10_resnet8,C0,277,1108,151,2,0.84872586872586875,72.921999999999997,0.14999999999999999,0.050000000000000003
cifar10_resnet8,C0,278,1112,149.5,2,0.81339768339768348,71.674000000000007,0.10000000000000001,0
cifar10_resnet8,C0,279,1116,179,2,0.82386100386100392,72.265999999999991,0.14999999999999999,0
cifar10_resnet8,C0,280,1120,215,2,0.80590733590733588,71.634,0.25,0.050000000000000003
cifar10_resnet8,C0,281,1124,283,2,0.70528957528957525,66.558000000000007,0.14999999999999999,0.20000000000000001
cifar10_resnet8,C0,282,1128,130,2,0.83718146718146724,72.525999999999996,0.14999999999999999,0.050000000000000003
cifar10_resnet8,C0,283,1132,188.5,2,0.8123938223938223,71.738,0.050000000000000003,0.050000000000000003
cifar10_resnet8,C0,284,1136,298,2,0.75189189189189187,69.605999999999995,0.14999999999999999,0.10000000000000001
cifar10_resnet8,C0,285,1140,168,2,0.77239382239382237,69.231999999999999,0.25,0.10000000000000001
cifar10_resnet8,C0,286,1144,117,2,0.82768339768339771,72.191999999999993,0.14999999999999999,0.050000000000000003
cifar10_resnet8,C0,287,1148,180,2,0.82772200772200777,72.445999999999998,0.20000000000000001,0.10000000000000001
cifar10_resnet8,C0,288,1152,124.5,2,0.8783783783783784,73.927999999999997,0.14999999999999999,0.050000000000000003
cifar10_resnet8,C0,289,1156,178,2,0.80583011583011588,71.260000000000005,0.25,0.10000000000000001
cifar10_resnet8,C0,290,1160,163.5,2,0.84733590733590736,72.918000000000006,0.14999999999999999,0
cifar10_resnet8,C0,291,1164,94.5,2,0.85440154440154448,73.268000000000001,0.34999999999999998,0.050000000000000003
cifar10_resnet8,C0,292,1168,124.5,2,0.82911196911196916,72.515999999999991,0.14999999999999999,0.10000000000000001
cifar10_resnet8,C0,293,1172,202,2,0.81108108108108112,71.719999999999999,0.10000000000000001,0.050000000000000003
cifar10_resnet8,C0,294,1176,178,2,0.85988416988416994,73.322000000000003,0.14999999999999999,0
cifar10_resnet8,C0,295,1180,160.5,2,0.83471042471042478,72.394000000000005,0.14999999999999999,0
cifar10_resnet8,C0,296,1184,126,2,0.85953667953667945,73.530000000000001,0.29999999999999999,0.10000000000000001
cifar10_resnet8,C0,297,1188,176,2,0.76768339768339766,70.123999999999995,0.10000000000000001,0.050000000000000003
cifar10_resnet8,C0,298,1192,233.5,2,0.79733590733590742,71.156000000000006,0.10000000000000001,0
cifar10_resnet8,C0,299,1196,149,2,0.78150579150579147,70.572000000000003,0.050000000000000003,0.050000000000000003
cifar10_resnet8,C0,300,1200,214,2,0.83536679536679537,72.427999999999997,0.10000000000000001,0
cifar10_resnet8,C0,301,1204,280.5,2,0.71239382239382243,67.372,0,0.050000000000000003
cifar10_resnet8,C0,302,1208,207,2,0.8298069498069498,72.277999999999992,0.10000000000000001,0.050000000000000003
cifar10_resnet8,C0,303,1212,211.5,2,0.76567567567567563,69.659999999999997,0.050000000000000003,0
cifar10_resnet8,C0,304,1216,210.5,2,0.78382239382239383,69.738,0.10000000000000001,0.050000000000000003
cifar10_resnet8,C0,305,1220,132.5,2,0.82359073359073365,72.036000000000001,0.14999999999999999,0
cifar10_resnet8,C0,306,1224,208.5,2,0.79864864864864871,71.323999999999998,0.10000000000000001,0.050000000000000003
cifar10_resnet8,C0,307,1228,191.5,2,0.79401544401544399,71.191999999999993,0.050000000000000003,0.050000000000000003
cifar10_resnet8,C0,308,1232,222.5,2,0.77942084942084944,70.578000000000003,0.10000000000000001,0.14999999999999999
cifar10_resnet8,C0,309,1236,125.5,2,0.82467181467181461,72.181999999999988,0.14999999999999999,0.050000000000000003
cifar10_resnet8,C0,310,1240,228.5,2,0.79065637065637062,70.902000000000001,0.14999999999999999,0
cifar10_resnet8,C0,311,1244,266,2,0.75471042471042471,69.353999999999999,0.10000000000000001,0.050000000000000003
cifar10_resnet8,C0,312,1248,133,2,0.85154440154440147,73.150000000000006,0.14999999999999999,0.050000000000000003
cifar10_resnet8,C0,313,1252,230,2,0.77683397683397681,70.477999999999994,0.10000000000000001,0.10000000000000001
cifar10_resnet8,C0,314,1256,185.5,2,0.78451737451737447,70.308000000000007,0,0
cifar10_resnet8,C0,315,1260,251,2,0.71216216216216222,67.445999999999998,0,0.10000000000000001
cifar10_resnet8,C0,316,1264,99,2,0.86428571428571421,72.852000000000004,0.25,0.050000000000000003
cifar10_resnet8,C0,317,1268,163.5,2,0.80436293436293427,71.239999999999995,0.14999999999999999,0
cifar10_resnet8,C0,318,1272,170.5,2,0.7903474903474903,70.108000000000004,0.14999999999999999,0.050000000000000003
cifar10_resnet8,C0,319,1276,92,2,0.85069498069498073,73.094000000000008,0.20000000000000001,0
cifar10_resnet8,C0,320,1280,114.5,2,0.83274131274131269,72.507999999999996,0.25,0.050000000000000003
cifar10_resnet8,C0,321,1284,115,1.5,0.83003861003861013,72.379999999999995,0.29999999999999999,0
cifar10_resnet8,C0,322,1288,97.5,1.5,0.86926640926640919,73.953999999999994,0.34999999999999998,0
cifar10_resnet8,C0,323,1292,135,1.5,0.86501930501930491,73.597999999999999,0.29999999999999999,0.050000000000000003
cifar10_resnet8,C0,324,1296,149.5,1.5,0.83633204633204627,72.501999999999995,0,0.050000000000000003
cifar10_resnet8,C0,325,1300,175.5,1.5,0.79795366795366796,71.097999999999999,0.14999999999999999,0.050000000000000003
cifar10_resnet8,C0,326,1304,242,1.5,0.73494208494208491,68.181999999999988,0,0.10000000000000001
cifar10_resnet8,C0,327,1308,148.5,1.5,0.84166023166023174,72.760000000000005,0.14999999999999999,0.10000000000000001
cifar10_resnet8,C0,328,1312,62.5,1.5,0.89382239382239381,74.177999999999997,0.40000000000000002,0
cifar10_resnet8,C0,329,1316,244.5,1.5,0.79220077220077223,71.103999999999999,0.14999999999999999,0
cifar10_resnet8,C0,330,1320,116,1.5,0.83108108108108103,72.123999999999995,0.10000000000000001,0
cifar10_resnet8,C0,331,1324,93,1.5,0.90818532818532827,74.938000000000002,0.25,0
cifar10_resnet8,C0,332,1328,145,1.5,0.81888030888030894,71.829999999999998,0.25,0.050000000000000003
cifar10_resnet8,C0,333,1332,84,1.5,0.85590733590733592,73.299999999999997,0.29999999999999999,0.050000000000000003
cifar10_resnet8,C0,334,1336,92,1.5,0.85702702702702704,73.320000000000007,0.20000000000000001,0.050000000000000003
cifar10_resnet8,C0,335,1340,207,1.5,0.747065637065637,68.677999999999997,0.10000000000000001,0.10000000000000001
cifar10_resnet8,C0,336,1344,161.5,1.5,0.83467181467181462,72.24199999999999,0.20000000000000001,0.050000000000000003
cifar10_resnet8,C0,337,1348,295.5,1.5,0.74081081081081079,68.799999999999997,0,0.10000000000000001
cifar10_resnet8,C0,338,1352,132,1.5,0.83555984555984553,72.579999999999998,0.25,0.050000000000000003
cifar10_resnet8,C0,339,1356,141.5,1.5,0.80250965250965256,71.640000000000001,0.25,0.050000000000000003
cifar10_resnet8,C0,340,1360,228,1.5,0.77814671814671821,70.385999999999996,0.10000000000000001,0.050000000000000003
cifar10_resnet8,C0,341,1364,117,1.5,0.85764478764478758,73.359999999999999,0.10000000000000001,0
cifar10_resnet8,C0,342,1368,162.5,1.5,0.82274131274131279,72.118000000000009,0,0.050000000000000003
cifar10_resnet8,C0,343,1372,354.5,1.5,0.7613899613899614,70.120000000000005,0.20000000000000001,0.14999999999999999
cifar10_resnet8,C0,344,1376,134,1.5,0.85787644787644779,73.340000000000003,0.20000000000000001,0.050000000000000003
cifar10_resnet8,C0,345,1380,217.5,1.5,0.804092664092664,71.349999999999994,0.10000000000000001,0.050000000000000003
cifar10_resnet8,C0,346,1384,185.5,1.5,0.79428571428571426,71.108000000000004,0.20000000000000001,0.10000000000000001
cifar10_resnet8,C0,347,1388,174,1.5,0.79378378378378378,69.525999999999996,0.10000000000000001,0.14999999999999999
cifar10_resnet8,C0,348,1392,117,1.5,0.84826254826254832,72.977999999999994,0.25,0
cifar10_resnet8,C0,349,1396,98.5,1.5,0.85799227799227806,73.525999999999996,0.20000000000000001,0
cifar10_resnet8,C0,350,1400,233.5,1.5,0.78312741312741319,70.668000000000006,0.10000000000000001,0.050000000000000003
cifar10_resnet8,C0,351,1404,220,1.5,0.75888030888030888,69.989999999999995,0.14999999999999999,0.050000000000000003
cifar10_resnet8,C0,352,1408,147,1.5,0.79525096525096528,71.018000000000001,0.14999999999999999,0.050000000000000003
cifar10_resnet8,C0,353,1412,288.5,1.5,0.73710424710424705,68.689999999999998,0.10000000000000001,0.10000000000000001
cifar10_resnet8,C0,354,1416,108,1.5,0.86440154440154449,73.629999999999995,0.14999999999999999,0
cifar10_resnet8,C0,355,1420,204,1.5,0.8160617760617761,71.988,0.050000000000000003,0.050000000000000003
cifar10_resnet8,C0,356,1424,110.5,1.5,0.85374517374517378,73.186000000000007,0.20000000000000001,0.050000000000000003
cifar10_resnet8,C0,357,1428,171,1.5,0.82749034749034744,72.14200000000001,0.050000000000000003,0.050000000000000003
cifar10_resnet8,C0,358,1432,112,1.5,0.8821235521235522,73.984000000000009,0.20000000000000001,0.050000000000000003
cifar10_resnet8,C0,359,1436,103.5,1.5,0.81559845559845567,71.378,0.10000000000000001,0.10000000000000001
cifar10_resnet8,C0,360,1440,119,1.5,0.85432432432432426,73.388000000000005,0.20000000000000001,0.050000000000000003
cifar10_resnet8,C0,361,1444,107,1.5,0.87505791505791508,73.920000000000002,0.14999999999999999,0
cifar10_resnet8,C0,362,1448,123,1.5,0.79227799227799234,70.353999999999999,0.25,0.050000000000000003
cifar10_resnet8,C0,363,1452,236.5,1.5,0.76953667953667959,69.900000000000006,0.10000000000000001,0.050000000000000003
cifar10_resnet8,C0,364,1456,175,1.5,0.84030888030888029,72.659999999999997,0.14999999999999999,0
cifar10_resnet8,C0,365,1460,193.5,1.5,0.80517374517374518,71.200000000000003,0.14999999999999999,0.050000000000000003
cifar10_resnet8,C0,366,1464,112.5,1.5,0.84517374517374522,72.888000000000005,0.25,0.10000000000000001
cifar10_resnet8,C0,367,1468,173,1.5,0.79911196911196902,71.263999999999996,0.050000000000000003,0.10000000000000001
cifar10_resnet8,C0,368,1472,115,1.5,0.85011583011583025,73.134,0.25,0
cifar10_resnet8,C0,369,1476,207,1.5,0.82637065637065632,72.003999999999991,0.14999999999999999,0
cifar10_resnet8,C0,370,1480,145,1.5,0.80903474903474903,71.566000000000003,0.10000000000000001,0.050000000000000003
cifar10_resnet8,C0,371,1484,137,1.5,0.79108108108108111,70.710000000000008,0.14999999999999999,0.050000000000000003
cifar10_resnet8,C0,372,1488,197.5,1.5,0.79123552123552121,70.263999999999996,0.10000000000000001,0
cifar10_resnet8,C0,373,1492,113.5,1.5,0.8671428571428571,73.628,0.10000000000000001,0
cifar10_resnet8,C0,374,1496,134,1.5,0.82922779922779921,72.328000000000003,0.29999999999999999,0.050000000000000003
cifar10_resnet8,C0,375,1500,104.5,1.5,0.8464864864864865,72.765999999999991,0.10000000000000001,0
cifar10_resnet8,C0,376,1504,257.5,1.5,0.77857142857142858,70.626000000000005,0.10000000000000001,0.050000000000000003
cifar10_resnet8,C0,377,1508,249.5,1.5,0.77189189189189189,69.653999999999996,0.10000000000000001,0.050000000000000003
cifar10_resnet8,C0,378,1512,233,1.5,0.81768339768339771,71.777999999999992,0.10000000000000001,0.050000000000000003
cifar10_resnet8,C0,379,1516,183.5,1.5,0.84212355212355217,72.710000000000008,0.14999999999999999,0
cifar10_resnet8,C0,380,1520,96.5,1.5,0.90644787644787639,75.010000000000005,0.050000000000000003,0
cifar10_resnet8,C0,381,1524,101,1.5,0.85212355212355217,73.123999999999995,0.14999999999999999,0.050000000000000003
cifar10_resnet8,C0,382,1528,70,1.5,0.88335907335907338,74.213999999999999,0.25,0
cifar10_resnet8,C0,383,1532,124.5,1.5,0.84872586872586875,72.896000000000001,0.20000000000000001,0.050000000000000003
cifar10_resnet8,C0,384,1536,239,1.5,0.8115830115830116,71.713999999999999,0.20000000000000001,0
cifar10_resnet8,C0,385,1540,239,1.5,0.79528957528957522,70.653999999999996,0.14999999999999999,0
cifar10_resnet8,C0,386,1544,168,1.5,0.8489189189189188,73.048000000000002,0.10000000000000001,0
cifar10_resnet8,C0,387,1548,55.5,1.5,0.91467181467181469,75.393999999999991,0.34999999999999998,0
cifar10_resnet8,C0,388,1552,101,1.5,0.84131274131274125,72.544000000000011,0.20000000000000001,0
cifar10_resnet8,C0,389,1556,145,1.5,0.8373745173745174,72.634,0.050000000000000003,0.050000000000000003
cifar10_resnet8,C0,390,1560,126,1.5,0.85625482625482618,73.294000000000011,0.050000000000000003,0.050000000000000003
cifar10_resnet8,C0,391,1564,103.5,1.5,0.85081081081081078,73.286000000000001,0.20000000000000001,0
cifar10_resnet8,C0,392,1568,70,1.5,0.88795366795366792,74.549999999999997,0.20000000000000001,0
cifar10_resnet8,C0,393,1572,110.5,1.5,0.84945945945945955,72.818000000000012,0.050000000000000003,0
cifar10_resnet8,C0,394,1576,91,1.5,0.85552123552123549,73.246000000000009,0.25,0.050000000000000003
cifar10_resnet8,C0,395,1580,114.5,1.5,0.86262548262548255,73.396000000000001,0.10000000000000001,0
cifar10_resnet8,C0,396,1584,116,1.5,0.84957528957528949,73.010000000000005,0.050000000000000003,0.10000000000000001
cifar10_resnet8,C0,397,1588,111,1.5,0.8541312741312741,73.079999999999998,0.25,0.050000000000000003
cifar10_resnet8,C0,398,1592,204,1.5,0.80459459459459448,70.858000000000004,0.20000000000000001,0.050000000000000003
cifar10_resnet8,C0,399,1596,92,1.5,0.88853281853281862,74.421999999999997,0.20000000000000001,0
cifar10_resnet8,C0,400,1600,113,1.5,0.83146718146718146,72.433999999999997,0.25,0.050000000000000003
cifar10_resnet8,C0,401,1604,134,1.5,0.80177606177606187,71.543999999999997,0.20000000000000001,0
cifar10_resnet8,C0,402,1608,208.5,1.5,0.78722007722007725,70.429999999999993,0.14999999999999999,0.050000000000000003
cifar10_resnet8,C0,403,1612,220,1.5,0.77169884169884173,69.994,0.20000000000000001,0.050000000000000003
cifar10_resnet8,C0,404,1616,107,1.5,0.83096525096525098,72.498000000000005,0.10000000000000001,0.050000000000000003
cifar10_resnet8,C0,405,1620,128,1.5,0.80162162162162165,71.251999999999995,0.25,0.10000000000000001
cifar10_resnet8,C0,406,1624,126.5,1.5,0.88173745173745177,74.048000000000002,0.29999999999999999,0
cifar10_resnet8,C0,407,1628,99,1.5,0.82405405405405419,72.227999999999994,0.10000000000000001,0
cifar10_resnet8,C0,408,1632,159,1.5,0.84760617760617762,73.135999999999996,0.10000000000000001,0
cifar10_resnet8,C0,409,1636,199,1.5,0.84814671814671816,72.929999999999993,0.25,0
cifar10_resnet8,C0,410,1640,191.5,1.5,0.80598455598455598,71.355999999999995,0.14999999999999999,0
cifar10_resnet8,C0,411,1644,115.5,1.5,0.82996138996138991,72.397999999999996,0.10000000000000001,0
cifar10_resnet8,C0,412,1648,112,1.5,0.85185328185328191,73.001999999999995,0.050000000000000003,0.050000000000000003
cifar10_resnet8,C0,413,1652,206,1.5,0.70644787644787643,66.644000000000005,0.10000000000000001,0.10000000000000001
cifar10_resnet8,C0,414,1656,118,1.5,0.84652509652509644,72.941999999999993,0.14999999999999999,0
cifar10_resnet8,C0,415,1660,88.5,1.5,0.86509652509652513,73.608000000000004,0.20000000000000001,0
cifar10_resnet8,C0,416,1664,98.5,1.5,0.84231660231660244,72.853999999999999,0.10000000000000001,0.050000000000000003
cifar10_resnet8,C0,417,1668,133.5,1.5,0.84077220077220072,72.710000000000008,0.14999999999999999,0
cifar10_resnet8,C0,418,1672,171,1.5,0.84613899613899624,72.882000000000005,0,0
cifar10_resnet8,C0,419,1676,78,1.5,0.89181467181467178,74.617999999999995,0.14999999999999999,0
cifar10_resnet8,C0,420,1680,213.5,1.5,0.81621621621621609,71.667999999999992,0.10000000000000001,0.050000000000000003
cifar10_resnet8,C0,421,1684,79.5,1.5,0.9126254826254826,75.304000000000002,0.25,0
cifar10_resnet8,C0,422,1688,71.5,1.5,0.9012355212355212,74.890000000000001,0.25,0
cifar10_resnet8,C0,423,1692,202.5,1.5,0.82366795366795365,72.132000000000005,0,0.050000000000000003
cifar10_resnet8,C0,424,1696,158.5,1.5,0.80583011583011588,71.328000000000003,0.050000000000000003,0
cifar10_resnet8,C0,425,1700,152,1.5,0.77768339768339767,70.126000000000005,0.10000000000000001,0
cifar10_resnet8,C0,426,1704,92.5,1.5,0.82173745173745183,71.998000000000005,0.14999999999999999,0
cifar10_resnet8,C0,427,1708,58,1.5,0.90003861003860997,74.841999999999999,0.29999999999999999,0
cifar10_resnet8,C0,428,1712,106,1.5,0.87019305019305015,73.689999999999998,0.20000000000000001,0
cifar10_resnet8,C0,429,1716,182.5,1.5,0.84768339768339762,72.286000000000001,0.10000000000000001,0
cifar10_resnet8,C0,430,1720,106.5,1.5,0.8253281853281853,71.989999999999995,0.20000000000000001,0
cifar10_resnet8,C0,431,1724,86,1.5,0.88277992277992268,74.078000000000003,0.14999999999999999,0.050000000000000003
cifar10_resnet8,C0,432,1728,157,1.5,0.81833976833976829,71.774000000000001,0.14999999999999999,0
cifar10_resnet8,C0,433,1732,262.5,1.5,0.8023938223938224,71.346000000000004,0.20000000000000001,0
cifar10_resnet8,C0,434,1736,76,1.5,0.88822393822393819,74.396000000000001,0.10000000000000001,0.050000000000000003
cifar10_resnet8,C0,435,1740,101.5,1.5,0.87393822393822396,73.722000000000008,0.14999999999999999,0.050000000000000003
cifar10_resnet8,C0,436,1744,106,1.5,0.82575289575289579,72.282000000000011,0.050000000000000003,0
cifar10_resnet8,C0,437,1748,155,1.5,0.87911196911196909,73.943999999999988,0.10000000000000001,0
cifar10_resnet8,C0,438,1752,81.5,1.5,0.86050193050193047,73.099999999999994,0.25,0
cifar10_resnet8,C0,439,1756,58,1.5,0.92444015444015437,75.811999999999998,0.10000000000000001,0
cifar10_resnet8,C0,440,1760,83,1.5,0.89023166023166023,74.623999999999995,0.050000000000000003,0
cifar10_resnet8,C0,441,1764,85.5,1.5,0.89907335907335906,74.831999999999994,0.14999999999999999,0.050000000000000003
cifar10_resnet8,C0,442,1768,58,1.5,0.90687258687258687,75.126000000000005,0.29999999999999999,0
cifar10_resnet8,C0,443,1772,112,1.5,0.84888030888030885,72.981999999999999,0.10000000000000001,0
cifar10_resnet8,C0,444,1776,59,1.5,0.88552123552123552,74.489999999999995,0.20000000000000001,0
cifar10_resnet8,C0,445,1780,77.5,1.5,0.87115830115830106,73.97999999999999,0.20000000000000001,0
cifar10_resnet8,C0,446,1784,58,1.5,0.92289575289575299,75.655999999999992,0.10000000000000001,0.050000000000000003
cifar10_resnet8,C0,447,1788,58,1.5,0.8816216216216215,74.355999999999995,0.10000000000000001,0
cifar10_resnet8,C0,448,1792,111,1.5,0.8929343629343629,74.546000000000006,0.050000000000000003,0
cifar10_resnet8,C0,449,1796,262,1.5,0.75779922779922781,69.611999999999995,0.10000000000000001,0
cifar10_resnet8,C0,450,1800,190,1.5,0.79378378378378378,71.001999999999995,0.050000000000000003,0.050000000000000003
cifar10_resnet8,C0,451,1804,58,1.5,0.88861003861003862,74.253999999999991,0.29999999999999999,0
cifar10_resnet8,C0,452,1808,245,1.5,0.79301158301158303,70.486000000000004,0,0
cifar10_resnet8,C0,453,1812,58.5,1.5,0.83837837837837836,72.570000000000007,0.14999999999999999,0
cifar10_resnet8,C0,454,1816,62.5,1.5,0.84656370656370661,72.931999999999988,0.29999999999999999,0.050000000000000003
cifar10_resnet8,C0,455,1820,92.5,1.5,0.85818532818532822,73.390000000000001,0.050000000000000003,0
cifar10_resnet8,C0,456,1824,111,1,0.81281853281853278,71.731999999999999,0.14999999999999999,0
cifar10_resnet8,C0,457,1828,219,1,0.81258687258687257,71.805999999999997,0.10000000000000001,0.10000000000000001
cifar10_resnet8,C0,458,1832,73,1,0.84814671814671816,72.918000000000006,0.25,0
cifar10_resnet8,C0,459,1836,171,1,0.7734362934362935,69.469999999999999,0.050000000000000003,0.10000000000000001
cifar10_resnet8,C0,460,1840,94,1,0.85007722007721997,72.777999999999992,0.14999999999999999,0.050000000000000003
cifar10_resnet8,C0,461,1844,143,1,0.86637065637065636,73.727999999999994,0.050000000000000003,0
cifar10_resnet8,C0,462,1848,249.5,1,0.76212355212355209,69.832000000000008,0.20000000000000001,0.10000000000000001
cifar10_resnet8,C0,463,1852,131.5,1,0.84324324324324318,72.694000000000003,0.050000000000000003,0
cifar10_resnet8,C0,464,1856,238,1,0.79501930501930507,71.205999999999989,0.20000000000000001,0.050000000000000003
cifar10_resnet8,C0,465,1860,234.5,1,0.82424710424710423,71.988,0.050000000000000003,0
cifar10_resnet8,C0,466,1864,90,1,0.84934362934362928,73.012,0.14999999999999999,0.050000000000000003
cifar10_resnet8,C0,467,1868,53,1,0.9088030888030888,75.054000000000002,0.25,0
cifar10_resnet8,C0,468,1872,88,1,0.88803088803088792,74.225999999999999,0.14999999999999999,0
cifar10_resnet8,C0,469,1876,238.5,1,0.78583011583011575,70.096000000000004,0.050000000000000003,0
cifar10_resnet8,C0,470,1880,224.5,1,0.77957528957528965,70.465999999999994,0.14999999999999999,0
cifar10_resnet8,C0,471,1884,81.5,1,0.86447876447876448,73.572000000000003,0.14999999999999999,0
cifar10_resnet8,C0,472,1888,77,1,0.82119691119691107,70.396000000000001,0.25,0.10000000000000001
cifar10_resnet8,C0,473,1892,91,1,0.81957528957528969,71.834000000000003,0.14999999999999999,0
cifar10_resnet8,C0,474,1896,141,1,0.80640926640926636,71.194000000000003,0.050000000000000003,0
cifar10_resnet8,C0,475,1900,105.5,1,0.84231660231660244,72.481999999999999,0.050000000000000003,0.050000000000000003
cifar10_resnet8,C0,476,1904,90,1,0.8836679536679537,74.328000000000003,0.10000000000000001,0
cifar10_resnet8,C0,477,1908,100,1,0.83023166023166028,72.120000000000005,0.050000000000000003,0.050000000000000003
cifar10_resnet8,C0,478,1912,162,1,0.84606177606177602,72.847999999999999,0.050000000000000003,0
cifar10_resnet8,C0,479,1916,123,1,0.81918918918918915,71.676000000000002,0.10000000000000001,0
cifar10_resnet8,C0,480,1920,148,1,0.85776061776061785,73.044000000000011,0.14999999999999999,0.050000000000000003
cifar10_resnet8,C0,481,1924,102,1,0.84042471042471045,72.780000000000001,0.10000000000000001,0.050000000000000003
cifar10_resnet8,C0,482,1928,112,1,0.86038610038610042,73.225999999999999,0.14999999999999999,0
cifar10_resnet8,C0,483,1932,109.5,1,0.85826254826254833,73.201999999999998,0.10000000000000001,0
cifar10_resnet8,C0,484,1936,108.5,1,0.86065637065637068,73.457999999999998,0.10000000000000001,0
cifar10_resnet8,C0,485,1940,72.5,1,0.86274131274131283,73.503999999999991,0.10000000000000001,0
cifar10_resnet8,C0,486,1944,91,1,0.88235521235521241,74.165999999999997,0.10000000000000001,0
cifar10_resnet8,C0,487,1948,111,1,0.86096525096525089,73.402000000000001,0.050000000000000003,0
cifar10_resnet8,C0,488,1952,218,1,0.81694980694980701,71.792000000000002,0.050000000000000003,0.050000000000000003
cifar10_resnet8,C0,489,1956,70.5,1,0.88054054054054054,74.183999999999997,0.050000000000000003,0
cifar10_resnet8,C0,490,1960,111,1,0.85150579150579142,73.091999999999999,0.050000000000000003,0
cifar10_resnet8,C0,491,1964,118,1,0.83038610038610039,72.325999999999993,0.050000000000000003,0.050000000000000003
cifar10_resnet8,C0,492,1968,212.5,1,0.83544401544401548,72.457999999999998,0,0.050000000000000003
cifar10_resnet8,C0,493,1972,112,1,0.85830115830115827,73.286000000000001,0.10000000000000001,0
cifar10_resnet8,C0,494,1976,90,1,0.84629343629343623,72.472000000000008,0.10000000000000001,0
cifar10_resnet8,C0,495,1980,209,1,0.82289575289575301,71.933999999999997,0.050000000000000003,0
cifar10_resnet8,C0,496,1984,143.5,1,0.87042471042471037,73.706000000000003,0.10000000000000001,0
cifar10_resnet8,C0,497,1988,98.5,1,0.81301158301158305,70.774000000000001,0.050000000000000003,0.050000000000000003
cifar10_resnet8,C0,498,1992,96.5,1,0.90277992277992281,75.054000000000002,0.14999999999999999,0
cifar10_resnet8,C0,499,1996,55.5,1,0.85915057915057924,73.281999999999996,0.34999999999999998,0
cifar10_resnet8,C0,500,2000,77,1,0.83911196911196906,72.370000000000005,0.10000000000000001,0
cifar10_resnet8,C0,501,2004,83.5,1,0.90787644787644783,75.078000000000003,0.14999999999999999,0
cifar10_resnet8,C0,502,2008,59,1,0.91602316602316614,75.361999999999995,0.25,0
cifar10_resnet8,C0,503,2012,97.5,1,0.84814671814671816,72.534000000000006,0.20000000000000001,0
cifar10_resnet8,C0,504,2016,74.5,1,0.92038610038610036,75.522000000000006,0.20000000000000001,0
cifar10_resnet8,C0,505,2020,62.5,1,0.90127413127413125,74.852000000000004,0.14999999999999999,0
cifar10_resnet8,C0,506,2024,178,1,0.85559845559845571,73.150000000000006,0.10000000000000001,0
cifar10_resnet8,C0,507,2028,96.5,1,0.89150579150579146,74.548000000000002,0.14999999999999999,0.050000000000000003
cifar10_resnet8,C0,508,2032,75,1,0.8996911196911197,74.772000000000006,0.10000000000000001,0
cifar10_resnet8,C0,509,2036,97.5,1,0.79806949806949812,70.527999999999992,0.10000000000000001,0
cifar10_resnet8,C0,510,2040,97.5,1,0.81108108108108112,71.605999999999995,0.10000000000000001,0.10000000000000001
cifar10_resnet8,C0,511,2044,79.5,1,0.86722007722007732,73.596000000000004,0.14999999999999999,0
cifar10_resnet8,C0,512,2048,66,1,0.8942471042471043,74.602000000000004,0.10000000000000001,0
cifar10_resnet8,C1,1,4,750.5,750.5,0.43177606177606176,53.039999999999999,0,0.34999999999999998
cifar10_resnet8,C1,2,8,399,396,0.65216216216216216,65.403999999999996,0.050000000000000003,0.10000000000000001
cifar10_resnet8,C1,3,12,506.5,194.5,0.55888030888030893,60.341999999999999,0,0.20000000000000001
cifar10_resnet8,C1,4,16,731,153,0.49891891891891893,57.060000000000002,0.050000000000000003,0.29999999999999999
cifar10_resnet8,C1,5,20,640,132.5,0.55154440154440154,60.106000000000009,0.10000000000000001,0.20000000000000001
cifar10_resnet8,C1,6,24,717.5,115,0.48189189189189185,55.338000000000001,0,0.25
cifar10_resnet8,C1,7,28,724.5,115,0.48440154440154437,58.248000000000005,0,0.14999999999999999
cifar10_resnet8,C1,8,32,803,115,0.44957528957528964,56.311999999999998,0.050000000000000003,0.25
cifar10_resnet8,C1,9,36,518.5,114.5,0.59482625482625484,62.589999999999996,0,0.10000000000000001
cifar10_resnet8,C1,10,40,772.5,109,0.46297297297297302,57.589999999999996,0,0.14999999999999999
cifar10_resnet8,C1,11,44,534.5,103.5,0.62451737451737455,63.972000000000001,0.050000000000000003,0.25
cifar10_resnet8,C1,12,48,451,98.5,0.58169884169884178,61.430000000000007,0.050000000000000003,0.20000000000000001
cifar10_resnet8,C1,13,52,575,96,0.57872586872586873,62.618000000000009,0,0.20000000000000001
cifar10_resnet8,C1,14,56,550,90.5,0.49000000000000005,56.029999999999994,0,0.40000000000000002
cifar10_resnet8,C1,15,60,479.5,90.5,0.61019305019305015,63.525999999999996,0,0.29999999999999999
cifar10_resnet8,C1,16,64,380.5,61.5,0.64795366795366793,64.506,0.14999999999999999,0.10000000000000001
cifar10_resnet8,C1,17,68,574.5,59.5,0.56725868725868733,61.943999999999996,0.050000000000000003,0.14999999999999999
cifar10_resnet8,C1,18,72,402,56,0.61254826254826256,62.600000000000001,0,0.25
cifar10_resnet8,C1,19,76,604.5,56,0.52891891891891896,59.644000000000005,0.050000000000000003,0.14999999999999999
cifar10_resnet8,C1,20,80,702,56,0.48617760617760614,57.013999999999996,0,0.29999999999999999
cifar10_resnet8,C1,21,84,428,56,0.62760617760617765,63.751999999999995,0.050000000000000003,0.14999999999999999
cifar10_resnet8,C1,22,88,728,53,0.49347490347490347,58.617999999999995,0.050000000000000003,0.25
cifar10_resnet8,C1,23,92,487.5,48.5,0.56656370656370658,60.915999999999997,0.050000000000000003,0.34999999999999998
cifar10_resnet8,C1,24,96,620,48.5,0.55926640926640925,60.553999999999995,0.14999999999999999,0.25
cifar10_resnet8,C1,25,100,583.5,43,0.60590733590733592,63.962000000000003,0.10000000000000001,0.20000000000000001
cifar10_resnet8,C1,26,104,355,30.5,0.66204633204633212,64.988,0.14999999999999999,0.10000000000000001
cifar10_resnet8,C1,27,108,632,30.5,0.50297297297297294,58.338000000000001,0.050000000000000003,0.34999999999999998
cifar10_resnet8,C1,28,112,486,26,0.5958301158301158,61.850000000000001,0.10000000000000001,0.20000000000000001
cifar10_resnet8,C1,29,116,602,26,0.56250965250965257,61.477999999999994,0.10000000000000001,0.29999999999999999
cifar10_resnet8,C1,30,120,678.5,26,0.45019305019305023,57.091999999999999,0,0.29999999999999999
cifar10_resnet8,C1,31,124,557.5,26,0.5728957528957529,61.803999999999995,0.10000000000000001,0.25
cifar10_resnet8,C1,32,128,438.5,16,0.65486486486486484,65.042000000000002,0.29999999999999999,0.14999999999999999
cifar10_resnet8,C1,33,132,329,16,0.71150579150579152,68.227999999999994,0.14999999999999999,0.10000000000000001
cifar10_resnet8,C1,34,136,431.5,16,0.63957528957528953,64.777999999999992,0.10000000000000001,0.10000000000000001
cifar10_resnet8,C1,35,140,209,16,0.80200772200772197,71.414000000000001,0.14999999999999999,0.050000000000000003
cifar10_resnet8,C1,36,144,484,16,0.63853281853281851,64.804000000000002,0.050000000000000003,0.050000000000000003
cifar10_resnet8,C1,37,148,516,16,0.58316602316602317,62.472000000000001,0.050000000000000003,0.25
cifar10_resnet8,C1,38,152,416,16,0.64722007722007724,65.378,0.14999999999999999,0.20000000000000001
cifar10_resnet8,C1,39,156,454,16,0.66501930501930506,66.087999999999994,0,0.20000000000000001
cifar10_resnet8,C1,40,160,368,16,0.69424710424710434,67.02000000000001,0.050000000000000003,0.050000000000000003
cifar10_resnet8,C1,41,164,382,16,0.62293436293436288,63.363999999999997,0.050000000000000003,0.14999999999999999
cifar10_resnet8,C1,42,168,318.5,16,0.64915057915057917,64.361999999999995,0.14999999999999999,0.20000000000000001
cifar10_resnet8,C1,43,172,302.5,16,0.70440154440154434,67.936000000000007,0,0.050000000000000003
cifar10_resnet8,C1,44,176,406,16,0.68594594594594593,67.162000000000006,0.050000000000000003,0.10000000000000001
cifar10_resnet8,C1,45,180,375.5,13.5,0.6632046332046333,64.310000000000002,0.14999999999999999,0.25
cifar10_resnet8,C1,46,184,273,13.5,0.66710424710424709,65.608000000000004,0.050000000000000003,0.10000000000000001
cifar10_resnet8,C1,47,188,267,13.5,0.70293436293436296,67.034000000000006,0.14999999999999999,0.050000000000000003
cifar10_resnet8,C1,48,192,283.5,13.5,0.65915057915057917,64.292000000000002,0.10000000000000001,0.14999999999999999
cifar10_resnet8,C1,49,196,242.5,11.5,0.6990733590733591,66.248000000000005,0.050000000000000003,0.050000000000000003
cifar10_resnet8,C1,50,200,114.5,11.5,0.80764478764478764,70.975999999999999,0.29999999999999999,0.050000000000000003
cifar10_resnet8,C1,51,204,271,11.5,0.68783783783783792,66.277999999999992,0.14999999999999999,0.14999999999999999
cifar10_resnet8,C1,52,208,200.5,11.5,0.73351351351351357,67.994,0.10000000000000001,0.10000000000000001
cifar10_resnet8,C1,53,212,341,11.5,0.65633204633204634,64.244,0.10000000000000001,0.20000000000000001
cifar10_resnet8,C1,54,216,150,9,0.78629343629343629,70.341999999999999,0.20000000000000001,0.050000000000000003
cifar10_resnet8,C1,55,220,151.5,9,0.74362934362934363,68.103999999999999,0.25,0.14999999999999999
cifar10_resnet8,C1,56,224,211.5,9,0.72142857142857142,67.524000000000001,0.20000000000000001,0.14999999999999999
cifar10_resnet8,C1,57,228,296,9,0.72413127413127421,68.705999999999989,0.050000000000000003,0.10000000000000001
cifar10_resnet8,C1,58,232,272.5,9,0.70096525096525097,66.882000000000005,0.14999999999999999,0.050000000000000003
cifar10_resnet8,C1,59,236,280,9,0.74509652509652513,68.320000000000007,0.10000000000000001,0.14999999999999999
cifar10_resnet8,C1,60,240,199,9,0.78540540540540538,70.340000000000003,0.29999999999999999,0.050000000000000003
cifar10_resnet8,C1,61,244,270.5,9,0.71339768339768339,66.602000000000004,0.10000000000000001,0.10000000000000001
cifar10_resnet8,C1,62,248,146.5,9,0.77030888030888034,69.700000000000003,0.25,0.14999999999999999
cifar10_resnet8,C1,63,252,216,9,0.7136293436293436,66.994,0.20000000000000001,0.20000000000000001
cifar10_resnet8,C1,64,256,277.5,9,0.75127413127413134,68.806000000000012,0.25,0.10000000000000001
cifar10_resnet8,C1,65,260,140,9,0.82034749034749033,71.834000000000003,0.14999999999999999,0
cifar10_resnet8,C1,66,264,118.5,9,0.86084942084942084,73.078000000000003,0.25,0
cifar10_resnet8,C1,67,268,228.5,9,0.80683397683397684,71.653999999999996,0.25,0.050000000000000003
cifar10_resnet8,C1,68,272,127.5,8,0.83413127413127408,72.789999999999992,0.34999999999999998,0
cifar10_resnet8,C1,69,276,138.5,8,0.76891891891891895,69.647999999999996,0.14999999999999999,0.14999999999999999
cifar10_resnet8,C1,70,280,218.5,8,0.72127413127413131,67.933999999999997,0.14999999999999999,0.14999999999999999
cifar10_resnet8,C1,71,284,210.5,8,0.73667953667953667,68.063999999999993,0.10000000000000001,0.050000000000000003
cifar10_resnet8,C1,72,288,399,8,0.64907335907335906,64.594000000000008,0.10000000000000001,0.20000000000000001
cifar10_resnet8,C1,73,292,147,8,0.80250965250965256,71.640000000000001,0.20000000000000001,0.050000000000000003
cifar10_resnet8,C1,74,296,190,8,0.804015444015444,71.506,0.20000000000000001,0
cifar10_resnet8,C1,75,300,67.5,7.5,0.88583011583011584,74.47999999999999,0.45000000000000001,0.050000000000000003
cifar10_resnet8,C1,76,304,105.5,7.5,0.85583011583011592,73.717999999999989,0.40000000000000002,0.14999999999999999
cifar10_resnet8,C1,77,308,118.5,7.5,0.86243243243243239,73.596000000000004,0.34999999999999998,0
cifar10_resnet8,C1,78,312,165,7.5,0.75733590733590739,69.717999999999989,0.20000000000000001,0.050000000000000003
cifar10_resnet8,C1,79,316,61,7.5,0.85154440154440147,73.316000000000003,0.40000000000000002,0
cifar10_resnet8,C1,80,320,111,6.5,0.86656370656370663,73.698000000000008,0.25,0.10000000000000001
cifar10_resnet8,C1,81,324,89.5,6.5,0.88393822393822385,74.465999999999994,0.25,0.050000000000000003
cifar10_resnet8,C1,82,328,205.5,6,0.8374517374517374,72.798000000000002,0.29999999999999999,0
cifar10_resnet8,C1,83,332,213.5,6,0.76926640926640932,70.311999999999998,0.25,0.10000000000000001
cifar10_resnet8,C1,84,336,96,6,0.8439768339768341,72.265999999999991,0.29999999999999999,0.10000000000000001
cifar10_resnet8,C1,85,340,107,6,0.77891891891891896,70.236000000000004,0.10000000000000001,0
cifar10_resnet8,C1,86,344,245,6,0.77969111969111971,69.900000000000006,0.20000000000000001,0.050000000000000003
cifar10_resnet8,C1,87,348,116,6,0.87386100386100396,73.972000000000008,0.20000000000000001,0.050000000000000003
cifar10_resnet8,C1,88,352,162.5,6,0.82038610038610038,72.311999999999998,0.29999999999999999,0
cifar10_resnet8,C1,89,356,73.5,6,0.85880308880308875,73.224000000000004,0.25,0.050000000000000003
cifar10_resnet8,C1,90,360,41.5,6,0.93679536679536679,76.602000000000004,0.55000000000000004,0
cifar10_resnet8,C1,91,364,298,6,0.73193050193050202,67.518000000000001,0.14999999999999999,0.14999999999999999
cifar10_resnet8,C1,92,368,133.5,6,0.7825482625482626,69.496000000000009,0.20000000000000001,0.10000000000000001
cifar10_resnet8,C1,93,372,167,6,0.81826254826254829,71.311999999999998,0.25,0.10000000000000001
cifar10_resnet8,C1,94,376,42,6,0.90034749034749029,75.379999999999995,0.59999999999999998,0.050000000000000003
cifar10_resnet8,C1,95,380,175.5,6,0.75521235521235519,69.782000000000011,0.29999999999999999,0.14999999999999999
cifar10_resnet8,C1,96,384,115.5,6,0.87150579150579155,74.051999999999992,0.25,0.050000000000000003
cifar10_resnet8,C1,97,388,41.5,6,0.86552123552123539,72.794000000000011,0.65000000000000002,0.10000000000000001
cifar10_resnet8,C1,98,392,54,6,0.88138996138996129,73.920000000000002,0.5,0.050000000000000003
cifar10_resnet8,C1,99,396,92,6,0.88733590733590739,74.554000000000002,0.34999999999999998,0
cifar10_resnet8,C1,100,400,81.5,6,0.85405405405405399,73.555999999999997,0.45000000000000001,0.10000000000000001
cifar10_resnet8,C1,101,404,67.5,6,0.84934362934362928,73.438000000000002,0.34999999999999998,0.10000000000000001
cifar10_resnet8,C1,102,408,82.5,6,0.85463320463320469,72.75800000000001,0.34999999999999998,0.10000000000000001
cifar10_resnet8,C1,103,412,135,6,0.87644787644787647,74.152000000000001,0.25,0.050000000000000003
cifar10_resnet8,C1,104,416,108,6,0.85528957528957528,72.808000000000007,0.34999999999999998,0.14999999999999999
cifar10_resnet8,C1,105,420,77.5,6,0.89061776061776055,74.879999999999995,0.40000000000000002,0.050000000000000003
cifar10_resnet8,C1,106,424,177.5,6,0.84092664092664093,72.842000000000013,0.20000000000000001,0.14999999999999999
cifar10_resnet8,C1,107,428,93.5,6,0.83069498069498082,72.078000000000003,0.45000000000000001,0.10000000000000001
cifar10_resnet8,C1,108,432,85.5,6,0.85146718146718148,72.682000000000002,0.34999999999999998,0.050000000000000003
cifar10_resnet8,C1,109,436,56,6,0.93355212355212358,76.305999999999997,0.5,0
cifar10_resnet8,C1,110,440,75.5,6,0.86745173745173754,73.843999999999994,0.34999999999999998,0
cifar10_resnet8,C1,111,444,70,5.5,0.82899613899613889,72.638000000000005,0.45000000000000001,0.14999999999999999
cifar10_resnet8,C1,112,448,78.5,5,0.8738996138996139,74.114000000000004,0.40000000000000002,0
cifar10_resnet8,C1,113,452,40.5,5,0.89077220077220076,75.346000000000004,0.65000000000000002,0.050000000000000003
cifar10_resnet8,C1,114,456,32.5,5,0.937027027027027,76.641999999999996,0.65000000000000002,0.050000000000000003
cifar10_resnet8,C1,115,460,96,5,0.8836679536679537,74.560000000000002,0.34999999999999998,0.050000000000000003
cifar10_resnet8,C1,116,464,40.5,5,0.94772200772200765,77.044000000000011,0.59999999999999998,0
cifar10_resnet8,C1,117,468,48,5,0.84833976833976832,73.469999999999999,0.5,0.10000000000000001
cifar10_resnet8,C1,118,472,34,5,0.9132818532818533,75.867999999999995,0.69999999999999996,0.050000000000000003
cifar10_resnet8,C1,119,476,41,5,0.91567567567567565,75.775999999999996,0.55000000000000004,0
cifar10_resnet8,C1,120,480,61.5,5,0.92382239382239395,76.109999999999999,0.34999999999999998,0
cifar10_resnet8,C1,121,484,59.5,5,0.90471042471042473,75.340000000000003,0.45000000000000001,0
cifar10_resnet8,C1,122,488,46.5,5,0.91324324324324324,75.753999999999991,0.5,0
cifar10_resnet8,C1,123,492,56.5,5,0.90065637065637072,75.286000000000001,0.5,0.050000000000000003
cifar10_resnet8,C1,124,496,72.5,4,0.91760617760617758,75.746000000000009,0.34999999999999998,0.050000000000000003
cifar10_resnet8,C1,125,500,45.5,4,0.85826254826254833,73.384,0.59999999999999998,0.10000000000000001
cifar10_resnet8,C1,126,504,43.5,4,0.93413127413127417,76.465999999999994,0.59999999999999998,0
cifar10_resnet8,C1,127,508,49.5,4,0.88868725868725862,74.189999999999998,0.5,0.050000000000000003
cifar10_resnet8,C1,128,512,65,4,0.90702702702702709,75.361999999999995,0.45000000000000001,0
cifar10_resnet8,C1,129,516,46,4,0.91138996138996142,75.554000000000002,0.55000000000000004,0
cifar10_resnet8,C1,130,520,33,4,0.97440154440154436,78.325999999999993,0.90000000000000002,0
cifar10_resnet8,C1,131,524,43.5,4,0.86907335907335903,73.823999999999998,0.59999999999999998,0.10000000000000001
cifar10_resnet8,C1,132,528,39.5,4,0.91370656370656378,75.915999999999997,0.59999999999999998,0
cifar10_resnet8,C1,133,532,44,4,0.85752895752895753,72.409999999999997,0.55000000000000004,0.14999999999999999
cifar10_resnet8,C1,134,536,41.5,4,0.91131274131274131,75.975999999999999,0.69999999999999996,0
cifar10_resnet8,C1,135,540,45,4,0.93791505791505791,76.683999999999997,0.55000000000000004,0
cifar10_resnet8,C1,136,544,46,4,0.92733590733590732,76.364000000000004,0.55000000000000004,0
cifar10_resnet8,C1,137,548,43,4,0.93235521235521224,76.787999999999997,0.59999999999999998,0
cifar10_resnet8,C1,138,552,42,4,0.91988416988416988,76.287999999999997,0.69999999999999996,0
cifar10_resnet8,C1,139,556,54.5,4,0.89447876447876451,75.201999999999998,0.5,0
cifar10_resnet8,C1,140,560,73.5,4,0.89745173745173745,75.066000000000003,0.34999999999999998,0
cifar10_resnet8,C1,141,564,37,4,0.94073359073359075,76.986000000000004,0.69999999999999996,0.050000000000000003
cifar10_resnet8,C1,142,568,45.5,4,0.92135135135135138,76.046000000000006,0.55000000000000004,0
cifar10_resnet8,C1,143,572,38,4,0.90177606177606184,75.573999999999998,0.80000000000000004,0
cifar10_resnet8,C1,144,576,72.5,4,0.89563706563706569,74.984000000000009,0.40000000000000002,0
cifar10_resnet8,C1,145,580,45,3,0.92617760617760614,76.352000000000004,0.55000000000000004,0
cifar10_resnet8,C1,146,584,46,3,0.86965250965250962,73.629999999999995,0.55000000000000004,0.050000000000000003
cifar10_resnet8,C1,147,588,44.5,3,0.95521235521235526,77.596000000000004,0.75,0
cifar10_resnet8,C1,148,592,40.5,3,0.96173745173745184,77.746000000000009,0.75,0
cifar10_resnet8,C1,149,596,35,3,0.96285714285714286,78.105999999999995,0.90000000000000002,0
cifar10_resnet8,C1,150,600,43.5,3,0.92965250965250967,76.579999999999998,0.75,0
cifar10_resnet8,C1,151,604,41.5,3,0.95057915057915066,77.462000000000003,0.80000000000000004,0
cifar10_resnet8,C1,152,608,44.5,3,0.93166023166023171,76.486000000000004,0.59999999999999998,0.050000000000000003
cifar10_resnet8,C1,153,612,32.5,3,0.95200772200772188,77.383999999999986,0.75,0
cifar10_resnet8,C1,154,616,41.5,3,0.92250965250965256,76.465999999999994,0.69999999999999996,0
cifar10_resnet8,C1,155,620,43.5,3,0.93158301158301149,76.864000000000004,0.75,0
cifar10_resnet8,C1,156,624,37.5,3,0.96490347490347494,78.046000000000006,0.80000000000000004,0
cifar10_resnet8,C1,157,628,46,3,0.89772200772200761,74.689999999999998,0.59999999999999998,0.050000000000000003
cifar10_resnet8,C1,158,632,45.5,3,0.93397683397683395,76.585999999999999,0.55000000000000004,0.050000000000000003
cifar10_resnet8,C1,159,636,41,3,0.92057915057915063,75.635999999999996,0.75,0.050000000000000003
cifar10_resnet8,C1,160,640,37.5,3,0.93745173745173749,77.022000000000006,0.80000000000000004,0
cifar10_resnet8,C1,161,644,38,3,0.96818532818532821,78.188000000000002,0.84999999999999998,0
cifar10_resnet8,C1,162,648,40.5,3,0.92444015444015437,75.822000000000003,0.75,0.050000000000000003
cifar10_resnet8,C1,163,652,35.5,3,0.96563706563706564,78.037999999999997,0.80000000000000004,0
cifar10_resnet8,C1,164,656,43.5,3,0.94274131274131268,77.403999999999996,0.80000000000000004,0
cifar10_resnet8,C1,165,660,38,3,0.93440154440154433,76.793999999999997,0.69999999999999996,0
cifar10_resnet8,C1,166,664,37.5,3,0.96756756756756757,78.212000000000003,0.80000000000000004,0
cifar10_resnet8,C1,167,668,41.5,3,0.90826254826254826,75.195999999999998,0.80000000000000004,0.050000000000000003
cifar10_resnet8,C1,168,672,40,3,0.93752895752895749,76.891999999999996,0.75,0
cifar10_resnet8,C1,169,676,32,3,0.97127413127413131,78.117999999999995,0.90000000000000002,0
cifar10_resnet8,C1,170,680,37,3,0.94849420849420851,77.506,0.84999999999999998,0
cifar10_resnet8,C1,171,684,33.5,3,0.96424710424710425,77.710000000000008,0.80000000000000004,0
cifar10_resnet8,C1,172,688,46,3,0.91579150579150581,76.171999999999997,0.59999999999999998,0.10000000000000001
cifar10_resnet8,C1,173,692,37.5,3,0.95451737451737451,77.658000000000001,0.80000000000000004,0
cifar10_resnet8,C1,174,696,39.5,3,0.95370656370656381,77.587999999999994,0.80000000000000004,0
cifar10_resnet8,C1,175,700,40,3,0.96208494208494211,77.950000000000003,0.84999999999999998,0
cifar10_resnet8,C1,176,704,43.5,3,0.91212355212355212,75.744,0.69999999999999996,0
cifar10_resnet8,C1,177,708,38.5,3,0.94729729729729739,77.443999999999988,0.80000000000000004,0.050000000000000003
cifar10_resnet8,C1,178,712,36,3,0.96528957528957515,78.031999999999996,0.80000000000000004,0
cifar10_resnet8,C1,179,716,37,3,0.96420849420849419,77.900000000000006,0.75,0
cifar10_resnet8,C1,180,720,43,3,0.94220077220077214,77.308000000000007,0.80000000000000004,0
cifar10_resnet8,C1,181,724,30.5,3,0.94965250965250969,77.193999999999988,0.80000000000000004,0.050000000000000003
cifar10_resnet8,C1,182,728,30.5,3,0.97386100386100394,78.414000000000001,0.90000000000000002,0
cifar10_resnet8,C1,183,732,40,3,0.96733590733590735,78.096000000000004,0.84999999999999998,0
cifar10_resnet8,C1,184,736,33.5,3,0.96401544401544403,78.078000000000003,0.90000000000000002,0
cifar10_resnet8,C1,185,740,35.5,3,0.95471042471042478,77.831999999999994,0.94999999999999996,0
cifar10_resnet8,C1,186,744,43.5,3,0.95146718146718146,77.475999999999999,0.75,0
cifar10_resnet8,C1,187,748,33,3,0.95768339768339761,77.719999999999999,0.84999999999999998,0.050000000000000003
cifar10_resnet8,C1,188,752,37,3,0.95092664092664092,77.539999999999992,0.84999999999999998,0
cifar10_resnet8,C1,189,756,38,3,0.97019305019305013,78.310000000000002,0.90000000000000002,0
cifar10_resnet8,C1,190,760,43.5,3,0.96640926640926639,78.292000000000002,0.84999999999999998,0
cifar10_resnet8,C1,191,764,35.5,3,0.95806949806949804,77.537999999999997,0.69999999999999996,0
cifar10_resnet8,C1,192,768,36,3,0.95370656370656381,77.823999999999998,0.90000000000000002,0
cifar10_resnet8,C1,193,772,36,3,0.96617760617760617,78.114000000000004,0.84999999999999998,0
cifar10_resnet8,C1,194,776,33,3,0.95891891891891901,77.775999999999996,0.84999999999999998,0
cifar10_resnet8,C1,195,780,33.5,3,0.96961389961389965,78.323999999999998,0.90000000000000002,0
cifar10_resnet8,C1,196,784,38,3,0.95664092664092659,77.52000000000001,0.75,0
cifar10_resnet8,C1,197,788,39.5,3,0.96806949806949805,78.213999999999999,0.84999999999999998,0
cifar10_resnet8,C1,198,792,37.5,3,0.97250965250965249,78.320000000000007,0.90000000000000002,0
cifar10_resnet8,C1,199,796,32,3,0.97567567567567559,78.527999999999992,1,0
cifar10_resnet8,C1,200,800,40,3,0.96949806949806949,78.322000000000003,0.94999999999999996,0
cifar10_resnet8,C1,201,804,41,3,0.96841698841698842,78.289999999999992,0.84999999999999998,0
cifar10_resnet8,C1,202,808,38.5,3,0.96698841698841709,78.265999999999991,0.90000000000000002,0
cifar10_resnet8,C1,203,812,33.5,3,0.97189189189189185,78.463999999999999,0.94999999999999996,0
cifar10_resnet8,C1,204,816,37.5,3,0.96868725868725869,78.24199999999999,0.84999999999999998,0
cifar10_resnet8,C1,205,820,45,3,0.93988416988416978,77.143999999999991,0.84999999999999998,0.050000000000000003
cifar10_resnet8,C1,206,824,31.5,3,0.97382239382239388,78.495999999999995,0.94999999999999996,0
cifar10_resnet8,C1,207,828,35,3,0.96401544401544403,77.900000000000006,0.84999999999999998,0
cifar10_resnet8,C1,208,832,30,3,0.96563706563706564,78.061999999999998,0.84999999999999998,0
cifar10_resnet8,C1,209,836,37.5,3,0.94459459459459461,77.494,0.90000000000000002,0
cifar10_resnet8,C1,210,840,44,3,0.95942084942084949,77.801999999999992,0.75,0
cifar10_resnet8,C1,211,844,39,3,0.94046332046332048,77.063999999999993,0.80000000000000004,0.050000000000000003
cifar10_resnet8,C1,212,848,35,3,0.95119691119691119,77.674000000000007,0.90000000000000002,0.050000000000000003
cifar10_resnet8,C1,213,852,35.5,3,0.97193050193050179,78.496000000000009,0.94999999999999996,0
cifar10_resnet8,C1,214,856,44,3,0.93830115830115834,77.260000000000005,0.90000000000000002,0
cifar10_resnet8,C1,215,860,38.5,3,0.97289575289575292,78.498000000000005,0.94999999999999996,0
cifar10_resnet8,C1,216,864,34,3,0.9659845559845559,78.111999999999995,0.84999999999999998,0
cifar10_resnet8,C1,217,868,41.5,3,0.94517374517374519,77.522000000000006,0.94999999999999996,0
cifar10_resnet8,C1,218,872,35.5,3,0.94795366795366787,77.383999999999986,0.84999999999999998,0
cifar10_resnet8,C1,219,876,34,3,0.97386100386100394,78.519999999999996,0.94999999999999996,0
cifar10_resnet8,C1,220,880,37,3,0.96436293436293441,77.823999999999998,0.75,0
cifar10_resnet8,C1,221,884,36,3,0.97316602316602319,78.460000000000008,0.94999999999999996,0
cifar10_resnet8,C1,222,888,31,3,0.93289575289575288,76.164000000000001,0.84999999999999998,0.050000000000000003
cifar10_resnet8,C1,223,892,38,3,0.93243243243243246,76.931999999999988,0.84999999999999998,0
cifar10_resnet8,C1,224,896,38.5,3,0.96617760617760617,78.072000000000003,0.84999999999999998,0
cifar10_resnet8,C1,225,900,41.5,3,0.94559845559845557,77.408000000000001,0.80000000000000004,0
cifar10_resnet8,C1,226,904,33,3,0.97069498069498061,78.465999999999994,0.90000000000000002,0
cifar10_resnet8,C1,227,908,34.5,3,0.96980694980694993,78.186000000000007,0.90000000000000002,0
cifar10_resnet8,C1,228,912,43.5,3,0.95961389961389965,77.805999999999997,0.84999999999999998,0
cifar10_resnet8,C1,229,916,37,3,0.9482625482625483,77.436000000000007,0.90000000000000002,0
cifar10_resnet8,C1,230,920,33,3,0.97416988416988415,78.472000000000008,0.94999999999999996,0
cifar10_resnet8,C1,231,924,32.5,3,0.9703861003861004,78.450000000000003,0.94999999999999996,0
cifar10_resnet8,C1,232,928,35.5,3,0.93864864864864861,77.147999999999996,0.84999999999999998,0
cifar10_resnet8,C1,233,932,29,3,0.97359073359073367,78.407999999999987,0.90000000000000002,0
cifar10_resnet8,C1,234,936,34,3,0.92332046332046325,76.031999999999996,0.84999999999999998,0.050000000000000003
cifar10_resnet8,C1,235,940,34,3,0.96343629343629344,77.983999999999995,0.90000000000000002,0
cifar10_resnet8,C1,236,944,37.5,3,0.97316602316602319,78.525999999999996,1,0
cifar10_resnet8,C1,237,948,40.5,3,0.93903474903474904,77.122,0.84999999999999998,0
cifar10_resnet8,C1,238,952,33,3,0.96486486486486489,78.157999999999987,0.94999999999999996,0
cifar10_resnet8,C1,239,956,33.5,3,0.97297297297297303,78.426000000000002,0.94999999999999996,0
cifar10_resnet8,C1,240,960,34,3,0.93756756756756743,77.341999999999999,0.90000000000000002,0
cifar10_resnet8,C1,241,964,31.5,3,0.97432432432432436,78.653999999999996,1,0
cifar10_resnet8,C1,242,968,31,3,0.97216216216216222,78.277999999999992,0.90000000000000002,0
cifar10_resnet8,C1,243,972,39,3,0.97019305019305013,78.329999999999998,0.90000000000000002,0
cifar10_resnet8,C1,244,976,37,3,0.97262548262548254,78.510000000000005,0.94999999999999996,0
cifar10_resnet8,C1,245,980,35,3,0.95146718146718146,77.549999999999997,0.84999999999999998,0.050000000000000003
cifar10_resnet8,C1,246,984,39,3,0.97162162162162158,78.501999999999995,0.94999999999999996,0
cifar10_resnet8,C1,247,988,32.5,3,0.94505791505791503,77.512,0.94999999999999996,0
cifar10_resnet8,C1,248,992,32,3,0.95799227799227804,77.753999999999991,0.84999999999999998,0
cifar10_resnet8,C1,249,996,34,3,0.97204633204633206,78.451999999999998,0.94999999999999996,0
cifar10_resnet8,C1,250,1000,34,3,0.97436293436293442,78.596000000000004,1,0
cifar10_resnet8,C1,251,1004,35.5,3,0.96451737451737452,78.103999999999999,0.90000000000000002,0
cifar10_resnet8,C1,252,1008,28.5,3,0.97505791505791506,78.453999999999994,0.94999999999999996,0
cifar10_resnet8,C1,253,1012,35.5,3,0.96853281853281847,78.349999999999994,0.84999999999999998,0
cifar10_resnet8,C1,254,1016,33,3,0.96602316602316607,78.117999999999995,0.90000000000000002,0
cifar10_resnet8,C1,255,1020,34.5,3,0.97370656370656372,78.525999999999996,1,0
cifar10_resnet8,C1,256,1024,35.5,3,0.97270270270270276,78.670000000000002,1,0
cifar10_resnet8,C1,257,1028,35,3,0.97115830115830115,78.414000000000001,0.90000000000000002,0
cifar10_resnet8,C1,258,1032,31,3,0.97482625482625485,78.561999999999998,1,0
cifar10_resnet8,C1,259,1036,31,3,0.95409266409266402,77.653999999999996,0.90000000000000002,0
cifar10_resnet8,C1,260,1040,39.5,3,0.95756756756756756,77.805999999999997,0.84999999999999998,0
cifar10_resnet8,C1,261,1044,42.5,3,0.97200772200772201,78.551999999999992,1,0
cifar10_resnet8,C1,262,1048,34,3,0.94447876447876455,77.402000000000001,0.90000000000000002,0
cifar10_resnet8,C1,263,1052,31,3,0.9747876447876449,78.519999999999996,1,0
cifar10_resnet8,C1,264,1056,33.5,3,0.95768339768339761,77.977999999999994,0.94999999999999996,0.050000000000000003
cifar10_resnet8,C1,265,1060,32,3,0.96837837837837848,78.203999999999994,0.90000000000000002,0
cifar10_resnet8,C1,266,1064,38,3,0.97262548262548276,78.522000000000006,0.94999999999999996,0
cifar10_resnet8,C1,267,1068,37,3,0.96343629343629344,78.164000000000001,0.94999999999999996,0
cifar10_resnet8,C1,268,1072,29,3,0.9742084942084942,78.393999999999991,0.90000000000000002,0
cifar10_resnet8,C1,269,1076,32,3,0.9558301158301159,77.763999999999996,0.90000000000000002,0
cifar10_resnet8,C1,270,1080,31.5,3,0.97355212355212351,78.484000000000009,0.94999999999999996,0
cifar10_resnet8,C1,271,1084,32,3,0.96494208494208489,78.138000000000005,0.94999999999999996,0
cifar10_resnet8,C1,272,1088,31,3,0.92559845559845555,76.640000000000001,0.84999999999999998,0
cifar10_resnet8,C1,273,1092,31.5,3,0.97389961389961388,78.450000000000003,0.94999999999999996,0
cifar10_resnet8,C1,274,1096,39,3,0.9688416988416988,78.349999999999994,0.90000000000000002,0
cifar10_resnet8,C1,275,1100,39.5,3,0.97243243243243249,78.427999999999997,0.94999999999999996,0
cifar10_resnet8,C1,276,1104,27,3,0.96583011583011591,78.090000000000003,0.90000000000000002,0
cifar10_resnet8,C1,277,1108,29,3,0.9749420849420849,78.457999999999998,0.94999999999999996,0
cifar10_resnet8,C1,278,1112,31.5,3,0.97231660231660233,78.364000000000004,0.94999999999999996,0
cifar10_resnet8,C1,279,1116,31.5,3,0.96945945945945944,78.343999999999994,0.90000000000000002,0
cifar10_resnet8,C1,280,1120,33.5,3,0.9695752895752896,78.283999999999992,0.90000000000000002,0
cifar10_resnet8,C1,281,1124,34,3,0.97386100386100394,78.555999999999997,0.94999999999999996,0
cifar10_resnet8,C1,282,1128,33,3,0.97235521235521227,78.335999999999999,0.84999999999999998,0
cifar10_resnet8,C1,283,1132,30.5,3,0.96166023166023162,78.055999999999997,0.94999999999999996,0.050000000000000003
cifar10_resnet8,C1,284,1136,30,3,0.97501930501930512,78.402000000000001,0.94999999999999996,0
cifar10_resnet8,C1,285,1140,37,3,0.96857142857142853,78.274000000000001,0.90000000000000002,0
cifar10_resnet8,C1,286,1144,41.5,3,0.9633976833976835,78.131999999999991,0.90000000000000002,0
cifar10_resnet8,C1,287,1148,31,3,0.97579150579150586,78.467999999999989,1,0
cifar10_resnet8,C1,288,1152,29,3,0.97447876447876447,78.513999999999996,0.94999999999999996,0
cifar10_resnet8,C1,289,1156,34,3,0.97015444015444019,78.310000000000002,0.84999999999999998,0
cifar10_resnet8,C1,290,1160,26,3,0.97532818532818533,78.426000000000002,0.94999999999999996,0
cifar10_resnet8,C1,291,1164,37,3,0.97424710424710415,78.543999999999997,1,0
cifar10_resnet8,C1,292,1168,33.5,3,0.9742084942084942,78.590000000000003,1,0
cifar10_resnet8,C1,293,1172,37,3,0.96305019305019302,78.055999999999997,0.94999999999999996,0
cifar10_resnet8,C1,294,1176,30.5,3,0.96810810810810799,78.257999999999996,0.90000000000000002,0
cifar10_resnet8,C1,295,1180,32,3,0.96806949806949805,78.150000000000006,0.90000000000000002,0
cifar10_resnet8,C1,296,1184,30,3,0.96915057915057923,78.281999999999996,0.94999999999999996,0
cifar10_resnet8,C1,297,1188,33.5,3,0.97073359073359067,78.316000000000003,0.94999999999999996,0
cifar10_resnet8,C1,298,1192,29,3,0.97633204633204629,78.555999999999997,1,0
cifar10_resnet8,C1,299,1196,25.5,3,0.9773745173745173,78.549999999999997,1,0
cifar10_resnet8,C1,300,1200,31,3,0.97660231660231656,78.503999999999991,1,0
cifar10_resnet8,C1,301,1204,29,3,0.96297297297297302,77.955999999999989,0.94999999999999996,0
cifar10_resnet8,C1,302,1208,37,3,0.97444015444015442,78.573999999999998,1,0
cifar10_resnet8,C1,303,1212,31,3,0.97181467181467185,78.379999999999995,0.90000000000000002,0
cifar10_resnet8,C1,304,1216,33,3,0.97401544401544393,78.622,1,0
cifar10_resnet8,C1,305,1220,33,3,0.97011583011583014,78.301999999999992,0.90000000000000002,0
cifar10_resnet8,C1,306,1224,27,3,0.95660231660231665,77.891999999999996,0.94999999999999996,0
cifar10_resnet8,C1,307,1228,29,3,0.9727413127413127,78.35799999999999,0.90000000000000002,0
cifar10_resnet8,C1,308,1232,29.5,3,0.97633204633204629,78.515999999999991,1,0
cifar10_resnet8,C1,309,1236,38.5,3,0.96810810810810799,78.171999999999997,0.80000000000000004,0
cifar10_resnet8,C1,310,1240,31.5,3,0.96922779922779922,78.181999999999988,0.84999999999999998,0
cifar10_resnet8,C1,311,1244,34,3,0.93992277992277984,77.292000000000002,0.90000000000000002,0
cifar10_resnet8,C1,312,1248,31,3,0.97011583011583014,78.24199999999999,0.90000000000000002,0
cifar10_resnet8,C1,313,1252,26,3,0.97575289575289581,78.548000000000002,1,0
cifar10_resnet8,C1,314,1256,29.5,3,0.9666409266409266,78.075999999999993,0.90000000000000002,0
cifar10_resnet8,C1,315,1260,31.5,3,0.96590733590733591,78.037999999999997,0.90000000000000002,0
cifar10_resnet8,C1,316,1264,29,3,0.97498069498069495,78.421999999999997,0.94999999999999996,0
cifar10_resnet8,C1,317,1268,28.5,3,0.97305019305019302,78.439999999999998,0.94999999999999996,0
cifar10_resnet8,C1,318,1272,32.5,3,0.97351351351351345,78.439999999999998,0.94999999999999996,0
cifar10_resnet8,C1,319,1276,26.5,3,0.97521235521235516,78.543999999999997,1,0
cifar10_resnet8,C1,320,1280,29.5,3,0.97474903474903463,78.641999999999996,1,0
cifar10_resnet8,C1,321,1284,27,3,0.97625482625482629,78.486000000000004,0.94999999999999996,0
cifar10_resnet8,C1,322,1288,29.5,3,0.97474903474903463,78.417999999999992,0.94999999999999996,0
cifar10_resnet8,C1,323,1292,34,3,0.97432432432432436,78.543999999999997,1,0
cifar10_resnet8,C1,324,1296,27.5,3,0.97386100386100394,78.419999999999987,0.94999999999999996,0
cifar10_resnet8,C1,325,1300,37,3,0.96702702702702703,78.198000000000008,0.90000000000000002,0
cifar10_resnet8,C1,326,1304,33.5,3,0.96374517374517377,78.128,0.94999999999999996,0
cifar10_resnet8,C1,327,1308,28.5,3,0.97532818532818533,78.453999999999994,0.94999999999999996,0
cifar10_resnet8,C1,328,1312,29.5,3,0.97030888030888041,78.248000000000005,0.94999999999999996,0
cifar10_resnet8,C1,329,1316,26.5,3,0.9765637065637065,78.506,1,0
cifar10_resnet8,C1,330,1320,31,3,0.94849420849420851,77.522000000000006,0.94999999999999996,0
cifar10_resnet8,C1,331,1324,29.5,3,0.97679536679536683,78.453999999999994,1,0
cifar10_resnet8,C1,332,1328,26,3,0.97749034749034747,78.463999999999999,1,0
cifar10_resnet8,C1,333,1332,29,3,0.97675675675675677,78.542000000000002,1,0
cifar10_resnet8,C1,334,1336,27,3,0.97239382239382233,78.373999999999995,0.94999999999999996,0
cifar10_resnet8,C1,335,1340,30,3,0.97490347490347484,78.537999999999997,1,0
cifar10_resnet8,C1,336,1344,32.5,3,0.95988416988416991,77.895999999999987,0.90000000000000002,0.050000000000000003
cifar10_resnet8,C1,337,1348,27.5,3,0.97471042471042468,78.280000000000001,0.94999999999999996,0
cifar10_resnet8,C1,338,1352,31.5,3,0.97540540540540532,78.554000000000002,1,0
cifar10_resnet8,C1,339,1356,28.5,3,0.9742084942084942,78.424000000000007,0.94999999999999996,0
cifar10_resnet8,C1,340,1360,26.5,3,0.97440154440154436,78.439999999999998,0.94999999999999996,0
cifar10_resnet8,C1,341,1364,30,3,0.9759073359073358,78.525999999999996,1,0
cifar10_resnet8,C1,342,1368,34,3,0.96938223938223944,78.217999999999989,0.90000000000000002,0
cifar10_resnet8,C1,343,1372,26,3,0.97710424710424704,78.443999999999988,0.94999999999999996,0
cifar10_resnet8,C1,344,1376,35.5,3,0.97173745173745174,78.391999999999996,0.94999999999999996,0
cifar10_resnet8,C1,345,1380,35,3,0.97424710424710415,78.61999999999999,1,0
cifar10_resnet8,C1,346,1384,31,3,0.97664092664092661,78.554000000000002,1,0
cifar10_resnet8,C1,347,1388,37,3,0.93316602316602315,76.335999999999999,0.94999999999999996,0.050000000000000003
cifar10_resnet8,C1,348,1392,32.5,3,0.97621621621621624,78.531999999999996,1,0
cifar10_resnet8,C1,349,1396,35,3,0.97138996138996136,78.301999999999992,0.84999999999999998,0
cifar10_resnet8,C1,350,1400,27.5,3,0.97555984555984554,78.383999999999986,0.94999999999999996,0
cifar10_resnet8,C1,351,1404,26.5,3,0.97555984555984554,78.481999999999999,0.94999999999999996,0
cifar10_resnet8,C1,352,1408,27,3,0.97806949806949817,78.524000000000001,1,0
cifar10_resnet8,C1,353,1412,30.5,3,0.96864864864864875,78.138000000000005,0.94999999999999996,0
cifar10_resnet8,C1,354,1416,29.5,3,0.97598455598455602,78.483999999999995,0.94999999999999996,0
cifar10_resnet8,C1,355,1420,30.5,3,0.96714285714285708,78.126000000000005,0.84999999999999998,0
cifar10_resnet8,C1,356,1424,32,3,0.97413127413127421,78.591999999999999,1,0
cifar10_resnet8,C1,357,1428,26,3,0.9747876447876449,78.378,0.94999999999999996,0
cifar10_resnet8,C1,358,1432,29,3,0.97447876447876447,78.450000000000003,0.94999999999999996,0
cifar10_resnet8,C1,359,1436,31.5,3,0.97405405405405399,78.522000000000006,0.94999999999999996,0
cifar10_resnet8,C1,360,1440,27.5,3,0.9764864864864865,78.571999999999989,1,0
cifar10_resnet8,C1,361,1444,31.5,3,0.97490347490347484,78.337999999999994,0.90000000000000002,0
cifar10_resnet8,C1,362,1448,33,3,0.96911196911196917,78.238,0.90000000000000002,0
cifar10_resnet8,C1,363,1452,31,3,0.97262548262548276,78.335999999999999,0.90000000000000002,0
cifar10_resnet8,C1,364,1456,31.5,3,0.97467181467181463,78.566000000000003,1,0
cifar10_resnet8,C1,365,1460,27,3,0.97733590733590725,78.488,1,0
cifar10_resnet8,C1,366,1464,29,3,0.97081081081081089,78.253999999999991,0.90000000000000002,0
cifar10_resnet8,C1,367,1468,30,3,0.97610038610038607,78.591999999999999,1,0
cifar10_resnet8,C1,368,1472,26,3,0.97675675675675677,78.533999999999992,1,0
cifar10_resnet8,C1,369,1476,27,3,0.97536679536679538,78.611999999999995,1,0
cifar10_resnet8,C1,370,1480,27,3,0.97567567567567559,78.579999999999998,1,0
cifar10_resnet8,C1,371,1484,27,3,0.97729729729729731,78.530000000000001,1,0
cifar10_resnet8,C1,372,1488,26.5,3,0.97521235521235516,78.507999999999996,0.94999999999999996,0
cifar10_resnet8,C1,373,1492,26.5,3,0.97733590733590725,78.587999999999994,1,0
cifar10_resnet8,C1,374,1496,25.5,3,0.97640926640926651,78.531999999999996,1,0
cifar10_resnet8,C1,375,1500,31,3,0.94679536679536691,77.463999999999999,0.94999999999999996,0
cifar10_resnet8,C1,376,1504,29,3,0.97521235521235516,78.545999999999992,1,0
cifar10_resnet8,C1,377,1508,27.5,3,0.96401544401544403,78.138000000000005,0.94999999999999996,0
cifar10_resnet8,C1,378,1512,27,3,0.97610038610038607,78.451999999999998,1,0
cifar10_resnet8,C1,379,1516,25,3,0.97621621621621624,78.450000000000003,1,0
cifar10_resnet8,C1,380,1520,33,3,0.97505791505791506,78.605999999999995,1,0
cifar10_resnet8,C1,381,1524,28.5,3,0.97463320463320469,78.569999999999993,1,0
cifar10_resnet8,C1,382,1528,27.5,3,0.96861003861003869,78.116,0.94999999999999996,0
cifar10_resnet8,C1,383,1532,28.5,3,0.97559845559845559,78.554000000000002,1,0
cifar10_resnet8,C1,384,1536,32,3,0.97370656370656372,78.400000000000006,0.94999999999999996,0
cifar10_resnet8,C1,385,1540,26,3,0.97451737451737441,78.388000000000005,0.94999999999999996,0
cifar10_resnet8,C1,386,1544,29.5,3,0.97664092664092661,78.531999999999996,1,0
cifar10_resnet8,C1,387,1548,26.5,3,0.97482625482625485,78.429999999999993,0.94999999999999996,0
cifar10_resnet8,C1,388,1552,29.5,3,0.96416988416988425,78.079999999999998,0.94999999999999996,0
cifar10_resnet8,C1,389,1556,25.5,3,0.97741312741312747,78.494,1,0
cifar10_resnet8,C1,390,1560,31.5,3,0.96200772200772211,77.792000000000002,0.84999999999999998,0
cifar10_resnet8,C1,391,1564,33.5,3,0.97108108108108104,78.311999999999998,0.94999999999999996,0
cifar10_resnet8,C1,392,1568,26,3,0.97687258687258682,78.5,1,0
cifar10_resnet8,C1,393,1572,26.5,3,0.97266409266409271,78.248000000000005,0.90000000000000002,0
cifar10_resnet8,C1,394,1576,27,3,0.97617760617760607,78.513999999999996,1,0
cifar10_resnet8,C1,395,1580,29,3,0.97625482625482629,78.501999999999995,1,0
cifar10_resnet8,C1,396,1584,36,3,0.96258687258687259,78.096000000000004,0.94999999999999996,0
cifar10_resnet8,C1,397,1588,27.5,3,0.97718146718146726,78.436000000000007,1,0
cifar10_resnet8,C1,398,1592,27,3,0.95501930501930499,77.578000000000003,0.90000000000000002,0
cifar10_resnet8,C1,399,1596,26,3,0.9703861003861004,78.141999999999996,0.90000000000000002,0
cifar10_resnet8,C1,400,1600,27.5,3,0.97702702702702704,78.506,1,0
cifar10_resnet8,C1,401,1604,29.5,3,0.9742084942084942,78.531999999999996,0.94999999999999996,0
cifar10_resnet8,C1,402,1608,28.5,3,0.96610038610038607,78.10799999999999,0.94999999999999996,0
cifar10_resnet8,C1,403,1612,31,3,0.96999999999999997,78.167999999999992,0.90000000000000002,0
cifar10_resnet8,C1,404,1616,29.5,3,0.9689189189189189,78.11999999999999,0.94999999999999996,0
cifar10_resnet8,C1,405,1620,29,3,0.97571428571428576,78.555999999999997,1,0
cifar10_resnet8,C1,406,1624,25,3,0.97741312741312747,78.349999999999994,0.94999999999999996,0
cifar10_resnet8,C1,407,1628,31,3,0.9749420849420849,78.597999999999999,1,0
cifar10_resnet8,C1,408,1632,27,3,0.97305019305019302,78.209999999999994,0.94999999999999996,0
cifar10_resnet8,C1,409,1636,29.5,3,0.97544401544401538,78.61999999999999,1,0
cifar10_resnet8,C1,410,1640,26,3,0.97683397683397677,78.507999999999996,1,0
cifar10_resnet8,C1,411,1644,27,3,0.97687258687258682,78.652000000000001,1,0
cifar10_resnet8,C1,412,1648,29.5,3,0.95845559845559847,77.756,0.90000000000000002,0
cifar10_resnet8,C1,413,1652,26,3,0.97555984555984554,78.379999999999995,0.94999999999999996,0
cifar10_resnet8,C1,414,1656,29,3,0.97610038610038607,78.537999999999997,1,0
cifar10_resnet8,C1,415,1660,27.5,3,0.97575289575289581,78.359999999999999,0.94999999999999996,0
cifar10_resnet8,C1,416,1664,28,3,0.97594594594594586,78.503999999999991,1,0
cifar10_resnet8,C1,417,1668,26.5,3,0.97683397683397677,78.467999999999989,1,0
cifar10_resnet8,C1,418,1672,29,3,0.9759073359073358,78.501999999999995,1,0
cifar10_resnet8,C1,419,1676,26.5,3,0.97247104247104255,78.309999999999988,0.94999999999999996,0
cifar10_resnet8,C1,420,1680,29,3,0.9641312741312742,77.988,0.94999999999999996,0
cifar10_resnet8,C1,421,1684,26.5,3,0.9778764478764479,78.537999999999997,1,0
cifar10_resnet8,C1,422,1688,26.5,3,0.97501930501930512,78.337999999999994,0.94999999999999996,0
cifar10_resnet8,C1,423,1692,27.5,3,0.97362934362934372,78.325999999999993,0.94999999999999996,0
cifar10_resnet8,C1,424,1696,25,3,0.94474903474903482,77.155999999999992,0.90000000000000002,0
cifar10_resnet8,C1,425,1700,25,3,0.97432432432432436,78.307999999999993,0.94999999999999996,0
cifar10_resnet8,C1,426,1704,25,3,0.96687258687258681,77.955999999999989,0.84999999999999998,0
cifar10_resnet8,C1,427,1708,26.5,3,0.97637065637065634,78.439999999999998,1,0
cifar10_resnet8,C1,428,1712,29,3,0.9759073359073358,78.438000000000002,0.94999999999999996,0
cifar10_resnet8,C1,429,1716,26.5,3,0.97617760617760607,78.349999999999994,0.94999999999999996,0
cifar10_resnet8,C1,430,1720,25,3,0.97660231660231656,78.506,1,0
cifar10_resnet8,C1,431,1724,26.5,3,0.97513513513513517,78.503999999999991,1,0
cifar10_resnet8,C1,432,1728,26,3,0.95833976833976831,77.775999999999996,0.94999999999999996,0
cifar10_resnet8,C1,433,1732,31,3,0.96478764478764467,78.060000000000002,0.94999999999999996,0
cifar10_resnet8,C1,434,1736,26,3,0.9765637065637065,78.561999999999998,1,0
cifar10_resnet8,C1,435,1740,26,3,0.97818532818532822,78.525999999999996,1,0
cifar10_resnet8,C1,436,1744,26,3,0.97756756756756746,78.525999999999996,1,0
cifar10_resnet8,C1,437,1748,25,3,0.97841698841698843,78.530000000000001,1,0
cifar10_resnet8,C1,438,1752,25,3,0.97791505791505795,78.494,1,0
cifar10_resnet8,C1,439,1756,27,3,0.9747876447876449,78.518000000000001,0.94999999999999996,0
cifar10_resnet8,C1,440,1760,29,3,0.97517374517374511,78.527999999999992,1,0
cifar10_resnet8,C1,441,1764,27,3,0.97613899613899613,78.424000000000007,0.94999999999999996,0
cifar10_resnet8,C1,442,1768,25,3,0.97752895752895752,78.518000000000001,1,0
cifar10_resnet8,C1,443,1772,25.5,3,0.97822393822393816,78.462000000000003,1,0
cifar10_resnet8,C1,444,1776,26,3,0.97772200772200768,78.469999999999999,1,0
cifar10_resnet8,C1,445,1780,26,3,0.97667953667953677,78.469999999999999,1,0
cifar10_resnet8,C1,446,1784,25,3,0.97664092664092661,78.424000000000007,1,0
cifar10_resnet8,C1,447,1788,26.5,3,0.97706563706563698,78.489999999999995,1,0
cifar10_resnet8,C1,448,1792,25,3,0.97814671814671816,78.441999999999993,1,0
cifar10_resnet8,C1,449,1796,25,3,0.97467181467181463,78.36999999999999,0.94999999999999996,0
cifar10_resnet8,C1,450,1800,25,3,0.97814671814671816,78.530000000000001,1,0
cifar10_resnet8,C1,451,1804,25,3,0.97899613899613891,78.393999999999991,1,0
cifar10_resnet8,C1,452,1808,26.5,3,0.97374517374517366,78.325999999999993,0.94999999999999996,0
cifar10_resnet8,C1,453,1812,29,3,0.97652509652509656,78.530000000000001,1,0
cifar10_resnet8,C1,454,1816,28.5,3,0.97637065637065634,78.566000000000003,1,0
cifar10_resnet8,C1,455,1820,29.5,3,0.97536679536679538,78.542000000000002,1,0
cifar10_resnet8,C1,456,1824,25,3,0.97830115830115827,78.481999999999999,1,0
cifar10_resnet8,C1,457,1828,25.5,3,0.96629343629343634,78.021999999999991,0.94999999999999996,0
cifar10_resnet8,C1,458,1832,32,3,0.945984555984556,77.379999999999995,0.94999999999999996,0
cifar10_resnet8,C1,459,1836,25,3,0.96992277992277987,78.075999999999993,0.94999999999999996,0
cifar10_resnet8,C1,460,1840,31,3,0.9764864864864865,78.513999999999996,1,0
cifar10_resnet8,C1,461,1844,25,3,0.97783783783783773,78.465999999999994,1,0
cifar10_resnet8,C1,462,1848,27.5,3,0.97671814671814672,78.533999999999992,1,0
cifar10_resnet8,C1,463,1852,25,3,0.97783783783783795,78.417999999999992,1,0
cifar10_resnet8,C1,464,1856,27.5,3,0.96942084942084938,78.133999999999986,0.90000000000000002,0
cifar10_resnet8,C1,465,1860,26.5,3,0.97644787644787656,78.481999999999999,1,0
cifar10_resnet8,C1,466,1864,25,3,0.96227799227799227,77.825999999999993,0.94999999999999996,0.050000000000000003
cifar10_resnet8,C1,467,1868,25,3,0.97880308880308886,78.431999999999988,1,0
cifar10_resnet8,C1,468,1872,27,3,0.97694980694980704,78.539999999999992,1,0
cifar10_resnet8,C1,469,1876,25,3,0.97741312741312747,78.333999999999989,0.94999999999999996,0
cifar10_resnet8,C1,470,1880,25,3,0.97768339768339774,78.439999999999998,1,0
cifar10_resnet8,C1,471,1884,26,3,0.97837837837837838,78.467999999999989,1,0
cifar10_resnet8,C1,472,1888,25,3,0.97756756756756746,78.405999999999992,1,0
cifar10_resnet8,C1,473,1892,25,3,0.97880308880308886,78.367999999999995,1,0
cifar10_resnet8,C1,474,1896,29,3,0.97725868725868725,78.545999999999992,1,0
cifar10_resnet8,C1,475,1900,25,3,0.97961389961389966,78.459999999999994,1,0
cifar10_resnet8,C1,476,1904,25.5,3,0.97810810810810822,78.457999999999998,1,0
cifar10_resnet8,C1,477,1908,26,3,0.97756756756756746,78.519999999999996,1,0
cifar10_resnet8,C1,478,1912,25,3,0.978030888030888,78.475999999999999,1,0
cifar10_resnet8,C1,479,1916,25,3,0.97891891891891891,78.355999999999995,1,0
cifar10_resnet8,C1,480,1920,26,3,0.97671814671814672,78.465999999999994,1,0
cifar10_resnet8,C1,481,1924,25.5,3,0.97799227799227795,78.5,1,0
cifar10_resnet8,C1,482,1928,25,3,0.97733590733590725,78.343999999999994,0.94999999999999996,0
cifar10_resnet8,C1,483,1932,25,3,0.98007722007722009,78.415999999999997,1,0
cifar10_resnet8,C1,484,1936,25.5,3,0.97525096525096533,78.245999999999995,0.94999999999999996,0
cifar10_resnet8,C1,485,1940,25.5,3,0.97644787644787656,78.35799999999999,0.94999999999999996,0
cifar10_resnet8,C1,486,1944,26,3,0.97899613899613891,78.483999999999995,1,0
cifar10_resnet8,C1,487,1948,26,3,0.9772200772200772,78.49199999999999,1,0
cifar10_resnet8,C1,488,1952,25,3,0.97953667953667956,78.439999999999998,1,0
cifar10_resnet8,C1,489,1956,25,3,0.97772200772200768,78.388000000000005,1,0
cifar10_resnet8,C1,490,1960,25,3,0.97814671814671816,78.481999999999999,1,0
cifar10_resnet8,C1,491,1964,25,3,0.97749034749034747,78.429999999999993,0.94999999999999996,0
cifar10_resnet8,C1,492,1968,25.5,3,0.97837837837837838,78.477999999999994,1,0
cifar10_resnet8,C1,493,1972,25,3,0.97841698841698843,78.421999999999997,1,0
cifar10_resnet8,C1,494,1976,25.5,3,0.9710424710424711,78.109999999999985,0.94999999999999996,0
cifar10_resnet8,C1,495,1980,26.5,3,0.97702702702702704,78.5,1,0
cifar10_resnet8,C1,496,1984,25,3,0.97702702702702704,78.381999999999991,1,0
cifar10_resnet8,C1,497,1988,25.5,3,0.97814671814671816,78.469999999999999,1,0
cifar10_resnet8,C1,498,1992,25,3,0.97845559845559849,78.450000000000003,1,0
cifar10_resnet8,C1,499,1996,26.5,3,0.96629343629343634,78.025999999999996,0.94999999999999996,0
cifar10_resnet8,C1,500,2000,25,3,0.9786872586872587,78.417999999999992,1,0
cifar10_resnet8,C1,501,2004,26.5,3,0.97818532818532822,78.554000000000002,1,0
cifar10_resnet8,C1,502,2008,26,3,0.96942084942084938,78.059999999999988,0.94999999999999996,0
cifar10_resnet8,C1,503,2012,25,3,0.97768339768339774,78.415999999999997,1,0
cifar10_resnet8,C1,504,2016,27,3,0.97725868725868725,78.519999999999996,1,0
cifar10_resnet8,C1,505,2020,25,3,0.97718146718146726,78.419999999999987,1,0
cifar10_resnet8,C1,506,2024,25,3,0.96768339768339773,77.912000000000006,0.90000000000000002,0
cifar10_resnet8,C1,507,2028,25.5,3,0.9771428571428572,78.465999999999994,1,0
cifar10_resnet8,C1,508,2032,25,3,0.97749034749034747,78.431999999999988,1,0
cifar10_resnet8,C1,509,2036,25,3,0.97409266409266415,78.289999999999992,0.94999999999999996,0
cifar10_resnet8,C1,510,2040,25.5,3,0.9778764478764479,78.495999999999995,1,0
cifar10_resnet8,C1,511,2044,26,3,0.97185328185328179,78.205999999999989,0.94999999999999996,0
cifar10_resnet8,C1,512,2048,26.5,3,0.97698841698841699,78.481999999999999,1,0
cifar10_resnet8,C2,1,4,790,790,0.38872586872586873,50.561999999999998,0,0.5
cifar10_resnet8,C2,2,8,374,374,0.6215444015444016,62.436,0.050000000000000003,0.25
cifar10_resnet8,C2,3,12,506.5,231.5,0.53857142857142859,58.851999999999997,0,0.29999999999999999
cifar10_resnet8,C2,4,16,731,141,0.52289575289575285,57.872,0.050000000000000003,0.29999999999999999
cifar10_resnet8,C2,5,20,524.5,126.5,0.54239382239382239,58.796000000000006,0.050000000000000003,0.25
cifar10_resnet8,C2,6,24,717.5,126.5,0.46694980694980692,54.758000000000003,0,0.25
cifar10_resnet8,C2,7,28,672,118,0.48432432432432437,57.874000000000002,0,0.20000000000000001
cifar10_resnet8,C2,8,32,803,115,0.46196911196911195,56.041999999999994,0.050000000000000003,0.29999999999999999
cifar10_resnet8,C2,9,36,608,114.5,0.52471042471042462,58.660000000000004,0,0.20000000000000001
cifar10_resnet8,C2,10,40,746,109,0.47034749034749035,56.975999999999999,0,0.25
cifar10_resnet8,C2,11,44,534.5,103.5,0.61308880308880309,63.488,0.050000000000000003,0.29999999999999999
cifar10_resnet8,C2,12,48,524.5,98.5,0.5492277992277993,59.798000000000002,0.050000000000000003,0.25
cifar10_resnet8,C2,13,52,607,96,0.56965250965250969,62.318000000000005,0,0.20000000000000001
cifar10_resnet8,C2,14,56,550,90.5,0.48548262548262544,55.896000000000001,0,0.40000000000000002
cifar10_resnet8,C2,15,60,565.5,90.5,0.59297297297297302,62.979999999999997,0,0.34999999999999998
cifar10_resnet8,C2,16,64,514,85,0.59702702702702704,61.814,0.10000000000000001,0.20000000000000001
cifar10_resnet8,C2,17,68,574.5,74,0.57015444015444017,62.045999999999992,0.050000000000000003,0.20000000000000001
cifar10_resnet8,C2,18,72,415,61.5,0.61806949806949807,62.939999999999998,0,0.25
cifar10_resnet8,C2,19,76,550,61.5,0.55061776061776058,60.729999999999997,0,0.14999999999999999
cifar10_resnet8,C2,20,80,702,61.5,0.46193050193050195,55.827999999999996,0,0.40000000000000002
cifar10_resnet8,C2,21,84,412.5,61.5,0.60027027027027025,61.798000000000002,0.050000000000000003,0.20000000000000001
cifar10_resnet8,C2,22,88,806.5,61.5,0.43826254826254829,55.093999999999994,0.050000000000000003,0.45000000000000001
cifar10_resnet8,C2,23,92,487.5,56.5,0.55710424710424711,60.705999999999996,0,0.40000000000000002
cifar10_resnet8,C2,24,96,502.5,56.5,0.57660231660231664,61.217999999999996,0.10000000000000001,0.25
cifar10_resnet8,C2,25,100,643.5,56.5,0.55413127413127417,61.129999999999995,0.050000000000000003,0.34999999999999998
cifar10_resnet8,C2,26,104,379,47.5,0.64401544401544408,64.496000000000009,0.14999999999999999,0.14999999999999999
cifar10_resnet8,C2,27,108,663,42.5,0.4877606177606178,57.146000000000001,0.050000000000000003,0.40000000000000002
cifar10_resnet8,C2,28,112,555.5,42.5,0.55162162162162165,59.524000000000001,0,0.29999999999999999
cifar10_resnet8,C2,29,116,692.5,38.5,0.52837837837837831,60.258000000000003,0.10000000000000001,0.40000000000000002
cifar10_resnet8,C2,30,120,594,38.5,0.49888030888030893,59.134,0,0.29999999999999999
cifar10_resnet8,C2,31,124,557.5,38.5,0.5943629343629343,62.936,0.14999999999999999,0.25
cifar10_resnet8,C2,32,128,577.5,34.5,0.60779922779922779,62.718000000000004,0.25,0.20000000000000001
cifar10_resnet8,C2,33,132,259,34.5,0.65127413127413125,64.614000000000004,0.20000000000000001,0.25
cifar10_resnet8,C2,34,136,438,31,0.60544401544401549,62.477999999999994,0.10000000000000001,0.20000000000000001
cifar10_resnet8,C2,35,140,258,31,0.77030888030888023,70.227999999999994,0.10000000000000001,0.10000000000000001
cifar10_resnet8,C2,36,144,505,31,0.6163320463320463,64.075999999999993,0.050000000000000003,0.10000000000000001
cifar10_resnet8,C2,37,148,529,25.5,0.56416988416988423,61.729999999999997,0.050000000000000003,0.29999999999999999
cifar10_resnet8,C2,38,152,429.5,25.5,0.62922779922779926,64.581999999999994,0.10000000000000001,0.25
cifar10_resnet8,C2,39,156,467,25.5,0.6299227799227799,64.048000000000002,0,0.25
cifar10_resnet8,C2,40,160,287.5,25.5,0.71980694980694981,67.176000000000002,0.050000000000000003,0.10000000000000001
cifar10_resnet8,C2,41,164,318.5,25.5,0.66749034749034752,64.921999999999997,0.10000000000000001,0.14999999999999999
cifar10_resnet8,C2,42,168,318.5,24,0.64490347490347488,64.058000000000007,0.14999999999999999,0.20000000000000001
cifar10_resnet8,C2,43,172,252.5,24,0.71629343629343623,68.301999999999992,0,0.050000000000000003
cifar10_resnet8,C2,44,176,501,24,0.64826254826254825,65.153999999999996,0.050000000000000003,0.14999999999999999
cifar10_resnet8,C2,45,180,564,24,0.56065637065637064,59.260000000000005,0.14999999999999999,0.40000000000000002
cifar10_resnet8,C2,46,184,244.5,24,0.73227799227799228,68.400000000000006,0.050000000000000003,0.10000000000000001
cifar10_resnet8,C2,47,188,361,24,0.64478764478764483,64.370000000000005,0.14999999999999999,0.14999999999999999
cifar10_resnet8,C2,48,192,310.5,20,0.65081081081081082,64.075999999999993,0.050000000000000003,0.20000000000000001
cifar10_resnet8,C2,49,196,242.5,20,0.72127413127413131,67.138000000000005,0.050000000000000003,0.050000000000000003
cifar10_resnet8,C2,50,200,206,17.5,0.74833976833976834,68.144000000000005,0.25,0.14999999999999999
cifar10_resnet8,C2,51,204,216,17.5,0.72818532818532822,67.584000000000003,0.14999999999999999,0.14999999999999999
cifar10_resnet8,C2,52,208,392,17.5,0.67038610038610036,65.329999999999998,0.10000000000000001,0.20000000000000001
cifar10_resnet8,C2,53,212,266,14,0.67772200772200775,65.268000000000001,0.20000000000000001,0.20000000000000001
cifar10_resnet8,C2,54,216,155.5,14,0.7977606177606178,70.760000000000005,0.20000000000000001,0.050000000000000003
cifar10_resnet8,C2,55,220,358,14,0.65779922779922784,64.296000000000006,0.20000000000000001,0.25
cifar10_resnet8,C2,56,224,295,11.5,0.70559845559845558,67.108000000000004,0.25,0.20000000000000001
cifar10_resnet8,C2,57,228,372,11.5,0.70918918918918927,68.274000000000001,0.10000000000000001,0.10000000000000001
cifar10_resnet8,C2,58,232,268,11.5,0.6854054054054054,65.364000000000004,0.10000000000000001,0.10000000000000001
cifar10_resnet8,C2,59,236,280,11.5,0.73648648648648651,67.902000000000001,0.14999999999999999,0.14999999999999999
cifar10_resnet8,C2,60,240,187,11.5,0.79092664092664089,70.384,0.25,0.050000000000000003
cifar10_resnet8,C2,61,244,270.5,11.5,0.72915057915057913,67.102000000000004,0.10000000000000001,0.14999999999999999
cifar10_resnet8,C2,62,248,185.5,11.5,0.74366795366795357,68.811999999999998,0.20000000000000001,0.20000000000000001
cifar10_resnet8,C2,63,252,462,11.5,0.63559845559845563,63.560000000000002,0.14999999999999999,0.40000000000000002
cifar10_resnet8,C2,64,256,203.5,11.5,0.76861003861003863,69.378,0.25,0.10000000000000001
cifar10_resnet8,C2,65,260,140,11.5,0.78247104247104249,70.146000000000001,0.14999999999999999,0.10000000000000001
cifar10_resnet8,C2,66,264,146,11.5,0.80073359073359074,69.996000000000009,0.10000000000000001,0.10000000000000001
cifar10_resnet8,C2,67,268,215,11.5,0.7948262548262548,71.412000000000006,0.25,0.050000000000000003
cifar10_resnet8,C2,68,272,127.5,10,0.83779922779922789,72.915999999999997,0.40000000000000002,0
cifar10_resnet8,C2,69,276,140.5,10,0.75204633204633198,68.765999999999991,0.14999999999999999,0.14999999999999999
cifar10_resnet8,C2,70,280,181.5,10,0.79057915057915062,71.091999999999999,0.14999999999999999,0.14999999999999999
cifar10_resnet8,C2,71,284,132,10,0.77992277992277992,69.429999999999993,0.20000000000000001,0.050000000000000003
cifar10_resnet8,C2,72,288,426,10,0.61671814671814673,63.462000000000003,0.050000000000000003,0.25
cifar10_resnet8,C2,73,292,147,10,0.80339768339768336,71.694000000000003,0.20000000000000001,0.050000000000000003
cifar10_resnet8,C2,74,296,180.5,10,0.80795366795366808,71.608000000000004,0.25,0
cifar10_resnet8,C2,75,300,59,9.5,0.88559845559845551,74.519999999999996,0.5,0.050000000000000003
cifar10_resnet8,C2,76,304,88,9.5,0.87694980694980695,74.443999999999988,0.45000000000000001,0.14999999999999999
cifar10_resnet8,C2,77,308,118.5,8.5,0.86401544401544395,73.617999999999995,0.34999999999999998,0
cifar10_resnet8,C2,78,312,234.5,8.5,0.7233976833976834,67.951999999999998,0.14999999999999999,0.10000000000000001
cifar10_resnet8,C2,79,316,111,8.5,0.86189189189189186,73.707999999999998,0.29999999999999999,0
cifar10_resnet8,C2,80,320,151,8,0.85312741312741314,73.105999999999995,0.20000000000000001,0.10000000000000001
cifar10_resnet8,C2,81,324,81.5,8,0.86710424710424705,73.951999999999998,0.29999999999999999,0.10000000000000001
cifar10_resnet8,C2,82,328,244,7.5,0.8084942084942085,71.844000000000008,0.29999999999999999,0
cifar10_resnet8,C2,83,332,267.5,7.5,0.75073359073359069,69.652000000000001,0.25,0.20000000000000001
cifar10_resnet8,C2,84,336,108,7.5,0.83583011583011579,71.905999999999992,0.25,0.14999999999999999
cifar10_resnet8,C2,85,340,154,7.5,0.79953667953667951,70.933999999999997,0.14999999999999999,0
cifar10_resnet8,C2,86,344,243.5,7.5,0.78077220077220078,70.361999999999995,0.20000000000000001,0.050000000000000003
cifar10_resnet8,C2,87,348,150.5,7.5,0.80335907335907331,70.751999999999995,0.20000000000000001,0.14999999999999999
cifar10_resnet8,C2,88,352,149.5,7.5,0.82683397683397675,72.450000000000003,0.14999999999999999,0
cifar10_resnet8,C2,89,356,69.5,7.5,0.88868725868725862,74.341999999999999,0.34999999999999998,0.050000000000000003
cifar10_resnet8,C2,90,360,47.5,7.5,0.89250965250965242,74.210000000000008,0.5,0.10000000000000001
cifar10_resnet8,C2,91,364,255,7.5,0.7386100386100386,67.762,0.20000000000000001,0.14999999999999999
cifar10_resnet8,C2,92,368,154.5,7.5,0.77293436293436302,69.489999999999995,0.14999999999999999,0.14999999999999999
cifar10_resnet8,C2,93,372,131.5,7.5,0.80795366795366808,70.933999999999997,0.14999999999999999,0.10000000000000001
cifar10_resnet8,C2,94,376,79,7.5,0.82779922779922777,71.953999999999994,0.45000000000000001,0.14999999999999999
cifar10_resnet8,C2,95,380,115.5,7.5,0.78640926640926634,70.945999999999998,0.29999999999999999,0.10000000000000001
cifar10_resnet8,C2,96,384,132.5,7.5,0.76876447876447873,68.799999999999997,0.20000000000000001,0.20000000000000001
cifar10_resnet8,C2,97,388,44.5,7.5,0.86065637065637068,72.626000000000005,0.59999999999999998,0.10000000000000001
cifar10_resnet8,C2,98,392,56.5,7.5,0.88204633204633198,73.938000000000002,0.5,0.050000000000000003
cifar10_resnet8,C2,99,396,96,7.5,0.88127413127413123,74.322000000000003,0.34999999999999998,0
cifar10_resnet8,C2,100,400,81.5,7.5,0.85162162162162169,73.417999999999992,0.40000000000000002,0.10000000000000001
cifar10_resnet8,C2,101,404,128.5,7.5,0.82957528957528959,72.603999999999999,0.25,0.14999999999999999
cifar10_resnet8,C2,102,408,80,7,0.80297297297297288,70.527999999999992,0.34999999999999998,0.20000000000000001
cifar10_resnet8,C2,103,412,139.5,7,0.84247104247104243,72.920000000000002,0.20000000000000001,0.10000000000000001
cifar10_resnet8,C2,104,416,116.5,7,0.83320463320463323,72.141999999999996,0.29999999999999999,0.20000000000000001
cifar10_resnet8,C2,105,420,130,7,0.85768339768339763,73.427999999999997,0.25,0.050000000000000003
cifar10_resnet8,C2,106,424,216.5,7,0.80216216216216218,71.438000000000002,0.25,0.20000000000000001
cifar10_resnet8,C2,107,428,77,7,0.84791505791505783,72.717999999999989,0.45000000000000001,0.10000000000000001
cifar10_resnet8,C2,108,432,68,7,0.84888030888030885,72.626000000000005,0.34999999999999998,0.10000000000000001
cifar10_resnet8,C2,109,436,56,7,0.89830115830115831,75.123999999999995,0.5,0.050000000000000003
cifar10_resnet8,C2,110,440,94.5,7,0.86003861003860993,73.537999999999997,0.34999999999999998,0
cifar10_resnet8,C2,111,444,51,6.5,0.83857142857142863,73.042000000000002,0.5,0.14999999999999999
cifar10_resnet8,C2,112,448,78.5,6,0.87266409266409273,74.090000000000003,0.40000000000000002,0
cifar10_resnet8,C2,113,452,40,6,0.91270270270270282,76.048000000000002,0.65000000000000002,0.050000000000000003
cifar10_resnet8,C2,114,456,43,6,0.92857142857142849,76.439999999999998,0.55000000000000004,0.050000000000000003
cifar10_resnet8,C2,115,460,82.5,6,0.8814671814671815,74.515999999999991,0.40000000000000002,0.050000000000000003
cifar10_resnet8,C2,116,464,42.5,6,0.93347490347490347,76.49199999999999,0.55000000000000004,0
cifar10_resnet8,C2,117,468,77,6,0.84826254826254832,73.406000000000006,0.34999999999999998,0.10000000000000001
cifar10_resnet8,C2,118,472,40,6,0.9163706563706564,76.019999999999996,0.65000000000000002,0.050000000000000003
cifar10_resnet8,C2,119,476,46,6,0.9035135135135135,75.301999999999992,0.5,0
cifar10_resnet8,C2,120,480,60,6,0.93648648648648647,76.653999999999996,0.45000000000000001,0
cifar10_resnet8,C2,121,484,84,6,0.89803088803088804,75.215999999999994,0.45000000000000001,0
cifar10_resnet8,C2,122,488,56.5,6,0.91154440154440164,75.638000000000005,0.45000000000000001,0
cifar10_resnet8,C2,123,492,53.5,6,0.89077220077220076,74.897999999999996,0.5,0.10000000000000001
cifar10_resnet8,C2,124,496,66.5,5.5,0.87664092664092652,73.646000000000001,0.45000000000000001,0.10000000000000001
cifar10_resnet8,C2,125,500,54,5.5,0.84683397683397688,72.796000000000006,0.5,0.14999999999999999
cifar10_resnet8,C2,126,504,41.5,5.5,0.92301158301158304,76.036000000000001,0.55000000000000004,0
cifar10_resnet8,C2,127,508,43,5.5,0.88173745173745177,73.902000000000001,0.55000000000000004,0.050000000000000003
cifar10_resnet8,C2,128,512,69,5.5,0.87868725868725872,73.75,0.45000000000000001,0.050000000000000003
cifar10_resnet8,C2,129,516,44.5,5.5,0.86281853281853282,73.198000000000008,0.59999999999999998,0.050000000000000003
cifar10_resnet8,C2,130,520,41.5,5.5,0.96694980694980703,78.075999999999993,0.80000000000000004,0
cifar10_resnet8,C2,131,524,44.5,5.5,0.86521235521235518,73.631999999999991,0.55000000000000004,0.10000000000000001
cifar10_resnet8,C2,132,528,42,5.5,0.91158301158301158,75.738,0.55000000000000004,0
cifar10_resnet8,C2,133,532,51.5,5.5,0.85355212355212351,72.332000000000008,0.5,0.14999999999999999
cifar10_resnet8,C2,134,536,54,5.5,0.88092664092664097,74.641999999999996,0.5,0.050000000000000003
cifar10_resnet8,C2,135,540,42.5,5.5,0.86154440154440159,72.597999999999999,0.55000000000000004,0.10000000000000001
cifar10_resnet8,C2,136,544,45.5,5.5,0.92849420849420849,76.481999999999999,0.59999999999999998,0
cifar10_resnet8,C2,137,548,40,5.5,0.93745173745173749,76.878,0.59999999999999998,0
cifar10_resnet8,C2,138,552,44,5.5,0.93598455598455599,76.736000000000004,0.65000000000000002,0
cifar10_resnet8,C2,139,556,40.5,5.5,0.9376833976833977,76.840000000000003,0.65000000000000002,0
cifar10_resnet8,C2,140,560,56,5.5,0.90359073359073361,75.368000000000009,0.5,0
cifar10_resnet8,C2,141,564,33.5,5.5,0.94733590733590733,77.320000000000007,0.80000000000000004,0.050000000000000003
cifar10_resnet8,C2,142,568,45.5,5.5,0.91822393822393822,76.018000000000001,0.55000000000000004,0
cifar10_resnet8,C2,143,572,36,5.5,0.90100386100386098,75.213999999999999,0.75,0.050000000000000003
cifar10_resnet8,C2,144,576,80,5.5,0.90656370656370666,75.405999999999992,0.34999999999999998,0
cifar10_resnet8,C2,145,580,45,5.5,0.92718146718146721,76.457999999999998,0.55000000000000004,0
cifar10_resnet8,C2,146,584,49.5,5.5,0.8733204633204632,73.801999999999992,0.5,0.050000000000000003
cifar10_resnet8,C2,147,588,45.5,5.5,0.95196911196911194,77.439999999999998,0.69999999999999996,0
cifar10_resnet8,C2,148,592,43.5,5.5,0.95640926640926638,77.320000000000007,0.59999999999999998,0
cifar10_resnet8,C2,149,596,37.5,5.5,0.96988416988416992,78.109999999999999,0.84999999999999998,0
cifar10_resnet8,C2,150,600,43.5,5.5,0.93042471042471031,76.609999999999999,0.69999999999999996,0
cifar10_resnet8,C2,151,604,41,5.5,0.94494208494208498,77.244,0.75,0
cifar10_resnet8,C2,152,608,46,5.5,0.91930501930501918,76.186000000000007,0.55000000000000004,0.050000000000000003
cifar10_resnet8,C2,153,612,39,5.5,0.94671814671814669,77.169999999999987,0.69999999999999996,0
cifar10_resnet8,C2,154,616,46,5.5,0.94193050193050198,77.128,0.69999999999999996,0
cifar10_resnet8,C2,155,620,44,5.5,0.94096525096525097,77.322000000000003,0.80000000000000004,0
cifar10_resnet8,C2,156,624,40,5.5,0.95571428571428574,77.531999999999996,0.69999999999999996,0
cifar10_resnet8,C2,157,628,46,5.5,0.94065637065637075,77.030000000000001,0.55000000000000004,0
cifar10_resnet8,C2,158,632,43.5,5.5,0.92598455598455609,76.414000000000001,0.59999999999999998,0.050000000000000003
cifar10_resnet8,C2,159,636,43,5.5,0.90482625482625478,75.194000000000003,0.69999999999999996,0.10000000000000001
cifar10_resnet8,C2,160,640,39.5,5.5,0.91969111969111972,76.311999999999998,0.69999999999999996,0
cifar10_resnet8,C2,161,644,40.5,5.5,0.96667953667953666,78.155999999999992,0.84999999999999998,0
cifar10_resnet8,C2,162,648,41,5.5,0.91999999999999993,75.686000000000007,0.75,0.050000000000000003
cifar10_resnet8,C2,163,652,43,5.5,0.96196911196911183,77.963999999999999,0.75,0
cifar10_resnet8,C2,164,656,45.5,5.5,0.91335907335907329,76.079999999999998,0.65000000000000002,0.10000000000000001
cifar10_resnet8,C2,165,660,41,5.5,0.92918918918918914,76.629999999999995,0.65000000000000002,0
cifar10_resnet8,C2,166,664,37.5,5.5,0.96861003861003847,78.293999999999997,0.80000000000000004,0
cifar10_resnet8,C2,167,668,43.5,5.5,0.91027027027027019,75.477999999999994,0.80000000000000004,0.050000000000000003
cifar10_resnet8,C2,168,672,29,5.5,0.94733590733590733,77.146000000000001,0.80000000000000004,0
cifar10_resnet8,C2,169,676,33,5.5,0.96741312741312735,78.018000000000001,0.84999999999999998,0
cifar10_resnet8,C2,170,680,39.5,5.5,0.8821235521235522,74.325999999999993,0.75,0.10000000000000001
cifar10_resnet8,C2,171,684,36.5,5.5,0.95297297297297301,77.198000000000008,0.69999999999999996,0
cifar10_resnet8,C2,172,688,44.5,5.5,0.90571428571428569,75.805999999999997,0.59999999999999998,0.10000000000000001
cifar10_resnet8,C2,173,692,43.5,5.5,0.95760617760617761,77.781999999999996,0.75,0
cifar10_resnet8,C2,174,696,39.5,5.5,0.95312741312741311,77.578000000000003,0.80000000000000004,0
cifar10_resnet8,C2,175,700,44.5,5.5,0.945907335907336,77.341999999999999,0.75,0
cifar10_resnet8,C2,176,704,41.5,5,0.92212355212355201,75.948000000000008,0.69999999999999996,0
cifar10_resnet8,C2,177,708,44,5,0.94613899613899621,77.441999999999993,0.80000000000000004,0.050000000000000003
cifar10_resnet8,C2,178,712,39.5,5,0.94436293436293428,77.298000000000002,0.80000000000000004,0
cifar10_resnet8,C2,179,716,44.5,5,0.96436293436293441,77.974000000000004,0.75,0
cifar10_resnet8,C2,180,720,46,5,0.94135135135135128,77.450000000000003,0.84999999999999998,0
cifar10_resnet8,C2,181,724,36.5,5,0.94942084942084948,77.366,0.84999999999999998,0.050000000000000003
cifar10_resnet8,C2,182,728,36,5,0.97127413127413131,78.210000000000008,0.80000000000000004,0
cifar10_resnet8,C2,183,732,45,5,0.96393822393822393,78.164000000000001,0.84999999999999998,0
cifar10_resnet8,C2,184,736,37.5,5,0.9704633204633204,78.415999999999997,0.94999999999999996,0
cifar10_resnet8,C2,185,740,41.5,5,0.89864864864864857,75.217999999999989,0.84999999999999998,0.050000000000000003
cifar10_resnet8,C2,186,744,38.5,5,0.96142857142857141,77.853999999999999,0.80000000000000004,0
cifar10_resnet8,C2,187,748,34,5,0.9528957528957529,77.617999999999995,0.84999999999999998,0.050000000000000003
cifar10_resnet8,C2,188,752,43,5,0.9453281853281853,77.486000000000004,0.80000000000000004,0
cifar10_resnet8,C2,189,756,41,5,0.96872586872586874,78.355999999999995,0.90000000000000002,0
cifar10_resnet8,C2,190,760,42.5,5,0.96741312741312735,78.384,0.90000000000000002,0
cifar10_resnet8,C2,191,764,39.5,5,0.95876447876447879,77.609999999999999,0.65000000000000002,0
cifar10_resnet8,C2,192,768,40,5,0.95096525096525097,77.748000000000005,0.84999999999999998,0
cifar10_resnet8,C2,193,772,36,5,0.96586872586872585,78.067999999999998,0.80000000000000004,0
cifar10_resnet8,C2,194,776,42.5,5,0.95324324324324328,77.536000000000001,0.69999999999999996,0
cifar10_resnet8,C2,195,780,41,5,0.96532818532818543,78.227999999999994,0.84999999999999998,0
cifar10_resnet8,C2,196,784,42,5,0.94498069498069504,77.102000000000004,0.75,0.050000000000000003
cifar10_resnet8,C2,197,788,39,5,0.96942084942084938,78.331999999999994,0.90000000000000002,0
cifar10_resnet8,C2,198,792,39.5,5,0.97100386100386105,78.439999999999998,0.94999999999999996,0
cifar10_resnet8,C2,199,796,33,5,0.97389961389961388,78.631999999999991,1,0
cifar10_resnet8,C2,200,800,39.5,5,0.96814671814671827,78.210000000000008,0.90000000000000002,0
cifar10_resnet8,C2,201,804,38.5,5,0.96926640926640917,78.426000000000002,0.90000000000000002,0
cifar10_resnet8,C2,202,808,34,5,0.9695752895752896,78.311999999999998,0.90000000000000002,0
cifar10_resnet8,C2,203,812,33.5,5,0.97270270270270276,78.519999999999996,0.94999999999999996,0
cifar10_resnet8,C2,204,816,42.5,5,0.96023166023166018,77.893999999999991,0.75,0
cifar10_resnet8,C2,205,820,45,5,0.92525096525096528,76.549999999999997,0.80000000000000004,0.10000000000000001
cifar10_resnet8,C2,206,824,37,5,0.9306949806949808,76.260000000000005,0.90000000000000002,0.050000000000000003
cifar10_resnet8,C2,207,828,41.5,5,0.94783783783783782,77.203999999999994,0.75,0
cifar10_resnet8,C2,208,832,40,5,0.96235521235521237,78.027999999999992,0.80000000000000004,0
cifar10_resnet8,C2,209,836,32,5,0.94277992277992273,77.448000000000008,0.90000000000000002,0
cifar10_resnet8,C2,210,840,44.5,5,0.95934362934362927,77.841999999999999,0.75,0
cifar10_resnet8,C2,211,844,40,5,0.94185328185328188,77.031999999999996,0.75,0.050000000000000003
cifar10_resnet8,C2,212,848,38.5,5,0.95837837837837836,77.921999999999997,0.90000000000000002,0.050000000000000003
cifar10_resnet8,C2,213,852,35.5,5,0.97150579150579153,78.543999999999997,0.94999999999999996,0
cifar10_resnet8,C2,214,856,44,5,0.95293436293436284,77.881999999999991,0.90000000000000002,0
cifar10_resnet8,C2,215,860,41.5,5,0.97235521235521227,78.49199999999999,0.94999999999999996,0
cifar10_resnet8,C2,216,864,38.5,5,0.94061776061776059,77.340000000000003,0.90000000000000002,0
cifar10_resnet8,C2,217,868,40.5,5,0.94517374517374519,77.602000000000004,0.94999999999999996,0
cifar10_resnet8,C2,218,872,35.5,5,0.96220077220077216,78.055999999999997,0.90000000000000002,0
cifar10_resnet8,C2,219,876,36,5,0.9551737451737452,77.888000000000005,0.90000000000000002,0
cifar10_resnet8,C2,220,880,42,5,0.91656370656370656,75.47999999999999,0.69999999999999996,0.050000000000000003
cifar10_resnet8,C2,221,884,39,5,0.96969111969111965,78.414000000000001,0.90000000000000002,0
cifar10_resnet8,C2,222,888,36.5,5,0.93281853281853278,76.227999999999994,0.90000000000000002,0.050000000000000003
cifar10_resnet8,C2,223,892,37.5,5,0.9415830115830115,77.346000000000004,0.90000000000000002,0
cifar10_resnet8,C2,224,896,44,5,0.96115830115830114,77.953999999999994,0.80000000000000004,0
cifar10_resnet8,C2,225,900,38.5,5,0.95347490347490349,77.810000000000002,0.90000000000000002,0
cifar10_resnet8,C2,226,904,44,5,0.96888030888030896,78.421999999999997,0.90000000000000002,0
cifar10_resnet8,C2,227,908,34,5,0.96988416988416992,78.207999999999998,0.90000000000000002,0
cifar10_resnet8,C2,228,912,41.5,5,0.96779922779922778,78.170000000000002,0.84999999999999998,0
cifar10_resnet8,C2,229,916,31.5,5,0.94880308880308883,77.483999999999995,0.90000000000000002,0
cifar10_resnet8,C2,230,920,34.5,5,0.97405405405405399,78.591999999999999,1,0
cifar10_resnet8,C2,231,924,34,5,0.97401544401544393,78.605999999999995,1,0
cifar10_resnet8,C2,232,928,36.5,5,0.93405405405405406,77.013999999999996,0.84999999999999998,0
cifar10_resnet8,C2,233,932,32.5,5,0.97003861003861014,78.123999999999995,0.84999999999999998,0
cifar10_resnet8,C2,234,936,43,5,0.92123552123552133,75.908000000000001,0.80000000000000004,0.050000000000000003
cifar10_resnet8,C2,235,940,32.5,5,0.96776061776061773,78.162000000000006,0.94999999999999996,0
cifar10_resnet8,C2,236,944,38,5,0.97196911196911207,78.506,0.94999999999999996,0
cifar10_resnet8,C2,237,948,36,5,0.96710424710424703,78.169999999999987,0.84999999999999998,0
cifar10_resnet8,C2,238,952,35,5,0.96428571428571419,78.145999999999987,0.94999999999999996,0
cifar10_resnet8,C2,239,956,38.5,5,0.96745173745173751,78.238,0.90000000000000002,0
cifar10_resnet8,C2,240,960,34.5,5,0.93818532818532818,77.305999999999997,0.90000000000000002,0
cifar10_resnet8,C2,241,964,32,5,0.96420849420849419,78.162000000000006,0.94999999999999996,0
cifar10_resnet8,C2,242,968,29,5,0.97308880308880297,78.443999999999988,0.94999999999999996,0
cifar10_resnet8,C2,243,972,34.5,5,0.97196911196911207,78.409999999999997,0.90000000000000002,0
cifar10_resnet8,C2,244,976,40,5,0.9711196911196911,78.498000000000005,0.94999999999999996,0
cifar10_resnet8,C2,245,980,38.5,5,0.94957528957528958,77.481999999999999,0.84999999999999998,0.050000000000000003
cifar10_resnet8,C2,246,984,43.5,5,0.97061776061776062,78.441999999999993,0.94999999999999996,0
cifar10_resnet8,C2,247,988,31,5,0.94644787644787642,77.469999999999999,0.94999999999999996,0
cifar10_resnet8,C2,248,992,35,5,0.96498069498069494,78.030000000000001,0.84999999999999998,0
cifar10_resnet8,C2,249,996,32.5,5,0.9742084942084942,78.563999999999993,1,0
cifar10_resnet8,C2,250,1000,32.5,5,0.97459459459459463,78.643999999999991,1,0
cifar10_resnet8,C2,251,1004,46,5,0.96061776061776061,78.00800000000001,0.80000000000000004,0
cifar10_resnet8,C2,252,1008,36,5,0.96084942084942093,78.114000000000004,0.90000000000000002,0
cifar10_resnet8,C2,253,1012,39,5,0.97069498069498061,78.443999999999988,0.84999999999999998,0
cifar10_resnet8,C2,254,1016,32.5,5,0.97247104247104255,78.503999999999991,0.94999999999999996,0
cifar10_resnet8,C2,255,1020,36,5,0.97131274131274137,78.472000000000008,0.94999999999999996,0
cifar10_resnet8,C2,256,1024,34,5,0.97370656370656372,78.628,1,0
cifar10_resnet8,C2,257,1028,43.5,5,0.96953667953667944,78.419999999999987,0.90000000000000002,0
cifar10_resnet8,C2,258,1032,31.5,5,0.97505791505791506,78.597999999999999,1,0
cifar10_resnet8,C2,259,1036,33.5,5,0.95416988416988424,77.676000000000002,0.90000000000000002,0
cifar10_resnet8,C2,260,1040,38.5,5,0.95888030888030884,77.914000000000001,0.90000000000000002,0
cifar10_resnet8,C2,261,1044,38.5,5,0.97254826254826254,78.534000000000006,1,0
cifar10_resnet8,C2,262,1048,38,5,0.97366795366795367,78.628,1,0
cifar10_resnet8,C2,263,1052,32,5,0.97436293436293442,78.557999999999993,1,0
cifar10_resnet8,C2,264,1056,37.5,5,0.95826254826254831,78.055999999999997,0.94999999999999996,0.050000000000000003
cifar10_resnet8,C2,265,1060,29.5,5,0.97463320463320469,78.579999999999998,1,0
cifar10_resnet8,C2,266,1064,39.5,5,0.97305019305019302,78.599999999999994,1,0
cifar10_resnet8,C2,267,1068,37,5,0.96405405405405398,78.153999999999996,0.94999999999999996,0
cifar10_resnet8,C2,268,1072,27,5,0.97474903474903485,78.355999999999995,0.94999999999999996,0
cifar10_resnet8,C2,269,1076,38,5,0.95293436293436284,77.657999999999987,0.84999999999999998,0
cifar10_resnet8,C2,270,1080,37,5,0.96706563706563708,78.248000000000005,0.90000000000000002,0
cifar10_resnet8,C2,271,1084,33.5,5,0.96405405405405398,78.167999999999992,0.94999999999999996,0
cifar10_resnet8,C2,272,1088,31,5,0.94305019305019311,77.293999999999997,0.90000000000000002,0
cifar10_resnet8,C2,273,1092,32,5,0.97332046332046329,78.503999999999991,0.94999999999999996,0
cifar10_resnet8,C2,274,1096,39.5,5,0.96196911196911183,78.118000000000009,0.84999999999999998,0
cifar10_resnet8,C2,275,1100,43,5,0.96992277992277987,78.397999999999996,0.90000000000000002,0
cifar10_resnet8,C2,276,1104,38,5,0.96038610038610039,77.926000000000002,0.84999999999999998,0
cifar10_resnet8,C2,277,1108,38.5,5,0.97131274131274137,78.388000000000005,0.90000000000000002,0
cifar10_resnet8,C2,278,1112,33,5,0.97019305019305013,78.238,0.90000000000000002,0
cifar10_resnet8,C2,279,1116,32,5,0.967953667953668,78.313999999999993,0.90000000000000002,0
cifar10_resnet8,C2,280,1120,34.5,5,0.96918918918918917,78.262,0.90000000000000002,0
cifar10_resnet8,C2,281,1124,39,5,0.92884169884169887,76.251999999999995,0.90000000000000002,0.050000000000000003
cifar10_resnet8,C2,282,1128,36,5,0.97301158301158297,78.507999999999996,0.94999999999999996,0
cifar10_resnet8,C2,283,1132,37,5,0.96057915057915066,78.030000000000001,0.94999999999999996,0.050000000000000003
cifar10_resnet8,C2,284,1136,32.5,5,0.9733976833976834,78.472000000000008,0.94999999999999996,0
cifar10_resnet8,C2,285,1140,35.5,5,0.96868725868725869,78.217999999999989,0.90000000000000002,0
cifar10_resnet8,C2,286,1144,37,5,0.96471042471042467,78.174000000000007,0.90000000000000002,0
cifar10_resnet8,C2,287,1148,29.5,5,0.97528957528957538,78.531999999999996,1,0
cifar10_resnet8,C2,288,1152,27,5,0.97528957528957538,78.451999999999998,0.94999999999999996,0
cifar10_resnet8,C2,289,1156,32,5,0.97243243243243249,78.353999999999999,0.90000000000000002,0
cifar10_resnet8,C2,290,1160,27,5,0.97521235521235516,78.477999999999994,1,0
cifar10_resnet8,C2,291,1164,28,5,0.97498069498069495,78.519999999999996,1,0
cifar10_resnet8,C2,292,1168,35,5,0.97355212355212351,78.60799999999999,1,0
cifar10_resnet8,C2,293,1172,34.5,5,0.96250965250965259,78.103999999999999,0.94999999999999996,0
cifar10_resnet8,C2,294,1176,32.5,5,0.96803088803088799,78.244,0.90000000000000002,0
cifar10_resnet8,C2,295,1180,33,5,0.96552123552123559,78.049999999999997,0.90000000000000002,0
cifar10_resnet8,C2,296,1184,34,5,0.96810810810810799,78.328000000000003,0.94999999999999996,0
cifar10_resnet8,C2,297,1188,31,5,0.97428571428571442,78.510000000000005,0.94999999999999996,0
cifar10_resnet8,C2,298,1192,33,5,0.97509652509652511,78.599999999999994,1,0
cifar10_resnet8,C2,299,1196,29,5,0.97540540540540532,78.626000000000005,1,0
cifar10_resnet8,C2,300,1200,37,5,0.97127413127413131,78.328000000000003,0.94999999999999996,0
cifar10_resnet8,C2,301,1204,36.5,5,0.96710424710424703,78.181999999999988,0.94999999999999996,0
cifar10_resnet8,C2,302,1208,37,5,0.97266409266409271,78.524000000000001,0.94999999999999996,0
cifar10_resnet8,C2,303,1212,30,5,0.97324324324324318,78.549999999999997,0.94999999999999996,0
cifar10_resnet8,C2,304,1216,31.5,5,0.97501930501930512,78.614000000000004,1,0
cifar10_resnet8,C2,305,1220,29,5,0.97474903474903463,78.617999999999995,1,0
cifar10_resnet8,C2,306,1224,31,5,0.97521235521235516,78.583999999999989,1,0
cifar10_resnet8,C2,307,1228,35,5,0.97154440154440158,78.419999999999987,0.90000000000000002,0
cifar10_resnet8,C2,308,1232,27,5,0.97652509652509656,78.513999999999996,1,0
cifar10_resnet8,C2,309,1236,41.5,5,0.96980694980694993,78.331999999999994,0.84999999999999998,0
cifar10_resnet8,C2,310,1240,31.5,5,0.96961389961389965,78.299999999999997,0.90000000000000002,0
cifar10_resnet8,C2,311,1244,32.5,5,0.94015444015444005,77.292000000000002,0.90000000000000002,0
cifar10_resnet8,C2,312,1248,32.5,5,0.97397683397683399,78.554000000000002,1,0
cifar10_resnet8,C2,313,1252,26.5,5,0.97517374517374511,78.640000000000001,1,0
cifar10_resnet8,C2,314,1256,29.5,5,0.96606177606177612,78.048000000000002,0.90000000000000002,0
cifar10_resnet8,C2,315,1260,31,5,0.96872586872586874,78.317999999999998,0.94999999999999996,0
cifar10_resnet8,C2,316,1264,31.5,5,0.97455598455598458,78.617999999999995,1,0
cifar10_resnet8,C2,317,1268,26,5,0.97513513513513517,78.525999999999996,1,0
cifar10_resnet8,C2,318,1272,42,5,0.93023166023166026,76.301999999999992,0.90000000000000002,0.050000000000000003
cifar10_resnet8,C2,319,1276,33,5,0.97440154440154436,78.602000000000004,1,0
cifar10_resnet8,C2,320,1280,28,5,0.97505791505791506,78.605999999999995,1,0
cifar10_resnet8,C2,321,1284,27,5,0.97544401544401538,78.488,0.94999999999999996,0
cifar10_resnet8,C2,322,1288,27.5,5,0.97297297297297303,78.292000000000002,0.90000000000000002,0
cifar10_resnet8,C2,323,1292,32,5,0.97501930501930512,78.5,1,0
cifar10_resnet8,C2,324,1296,31,5,0.97532818532818533,78.533999999999992,1,0
cifar10_resnet8,C2,325,1300,37,5,0.96694980694980681,78.244,0.90000000000000002,0
cifar10_resnet8,C2,326,1304,30.5,5,0.96471042471042467,78.159999999999997,0.94999999999999996,0
cifar10_resnet8,C2,327,1308,31,5,0.97432432432432436,78.5,1,0
cifar10_resnet8,C2,328,1312,31.5,5,0.96949806949806949,78.316000000000003,0.94999999999999996,0
cifar10_resnet8,C2,329,1316,26.5,5,0.97586872586872586,78.530000000000001,1,0
cifar10_resnet8,C2,330,1320,31.5,5,0.94749034749034744,77.519999999999996,0.94999999999999996,0
cifar10_resnet8,C2,331,1324,29.5,5,0.97528957528957538,78.489999999999995,1,0
cifar10_resnet8,C2,332,1328,26,5,0.97575289575289581,78.488,1,0
cifar10_resnet8,C2,333,1332,26.5,5,0.97613899613899613,78.555999999999997,1,0
cifar10_resnet8,C2,334,1336,33,5,0.97061776061776062,78.397999999999996,0.94999999999999996,0
cifar10_resnet8,C2,335,1340,27,5,0.97586872586872586,78.524000000000001,1,0
cifar10_resnet8,C2,336,1344,33.5,5,0.95949806949806948,78,0.94999999999999996,0.050000000000000003
cifar10_resnet8,C2,337,1348,27.5,5,0.97289575289575292,78.256,0.94999999999999996,0
cifar10_resnet8,C2,338,1352,34,5,0.97382239382239388,78.486000000000004,1,0
cifar10_resnet8,C2,339,1356,29,5,0.97424710424710415,78.472000000000008,0.94999999999999996,0
cifar10_resnet8,C2,340,1360,32.5,5,0.96984555984555987,78.281999999999996,0.90000000000000002,0
cifar10_resnet8,C2,341,1364,30,5,0.97548262548262554,78.542000000000002,1,0
cifar10_resnet8,C2,342,1368,32.5,5,0.97015444015444019,78.224000000000004,0.90000000000000002,0
cifar10_resnet8,C2,343,1372,27,5,0.9759073359073358,78.469999999999999,0.94999999999999996,0
cifar10_resnet8,C2,344,1376,37,5,0.97073359073359067,78.414000000000001,0.94999999999999996,0
cifar10_resnet8,C2,345,1380,35,5,0.97405405405405399,78.635999999999996,1,0
cifar10_resnet8,C2,346,1384,33,5,0.97513513513513517,78.575999999999993,1,0
cifar10_resnet8,C2,347,1388,34.5,5,0.93362934362934369,76.372,0.94999999999999996,0.050000000000000003
cifar10_resnet8,C2,348,1392,33.5,5,0.97467181467181463,78.581999999999994,1,0
cifar10_resnet8,C2,349,1396,37,5,0.97204633204633206,78.388000000000005,0.90000000000000002,0
cifar10_resnet8,C2,350,1400,28,5,0.97463320463320469,78.381999999999991,0.94999999999999996,0
cifar10_resnet8,C2,351,1404,26.5,5,0.97509652509652511,78.433999999999997,0.94999999999999996,0
cifar10_resnet8,C2,352,1408,31.5,5,0.97594594594594586,78.569999999999993,1,0
cifar10_resnet8,C2,353,1412,29.5,5,0.97594594594594608,78.581999999999994,1,0
cifar10_resnet8,C2,354,1416,33,5,0.97474903474903463,78.515999999999991,0.94999999999999996,0
cifar10_resnet8,C2,355,1420,35.5,5,0.96756756756756757,78.191999999999993,0.90000000000000002,0
cifar10_resnet8,C2,356,1424,32.5,5,0.97471042471042468,78.622,1,0
cifar10_resnet8,C2,357,1428,27.5,5,0.97378378378378372,78.424000000000007,0.94999999999999996,0
cifar10_resnet8,C2,358,1432,26.5,5,0.97428571428571442,78.400000000000006,0.94999999999999996,0
cifar10_resnet8,C2,359,1436,35.5,5,0.95791505791505782,77.929999999999993,0.90000000000000002,0.050000000000000003
cifar10_resnet8,C2,360,1440,33.5,5,0.97471042471042468,78.590000000000003,1,0
cifar10_resnet8,C2,361,1444,32,5,0.97528957528957538,78.501999999999995,0.94999999999999996,0
cifar10_resnet8,C2,362,1448,32,5,0.96980694980694993,78.233999999999995,0.90000000000000002,0
cifar10_resnet8,C2,363,1452,30.5,5,0.97208494208494201,78.319999999999993,0.90000000000000002,0
cifar10_resnet8,C2,364,1456,29.5,5,0.97517374517374511,78.590000000000003,1,0
cifar10_resnet8,C2,365,1460,28,5,0.97652509652509656,78.513999999999996,1,0
cifar10_resnet8,C2,366,1464,32,5,0.96949806949806949,78.210000000000008,0.90000000000000002,0
cifar10_resnet8,C2,367,1468,29,5,0.97544401544401538,78.575999999999993,1,0
cifar10_resnet8,C2,368,1472,35.5,5,0.97347490347490351,78.49199999999999,0.94999999999999996,0
cifar10_resnet8,C2,369,1476,26.5,5,0.9755212355212356,78.602000000000004,1,0
cifar10_resnet8,C2,370,1480,27.5,5,0.97536679536679538,78.494,1,0
cifar10_resnet8,C2,371,1484,26.5,5,0.97613899613899613,78.518000000000001,1,0
cifar10_resnet8,C2,372,1488,27,5,0.97544401544401538,78.539999999999992,0.94999999999999996,0
cifar10_resnet8,C2,373,1492,27,5,0.97563706563706565,78.559999999999988,1,0
cifar10_resnet8,C2,374,1496,26.5,5,0.97559845559845559,78.530000000000001,1,0
cifar10_resnet8,C2,375,1500,32,5,0.94667953667953664,77.469999999999999,0.94999999999999996,0
cifar10_resnet8,C2,376,1504,31.5,5,0.97517374517374511,78.567999999999998,1,0
cifar10_resnet8,C2,377,1508,37.5,5,0.96285714285714286,78.147999999999996,0.94999999999999996,0
cifar10_resnet8,C2,378,1512,31,5,0.97498069498069495,78.47999999999999,1,0
cifar10_resnet8,C2,379,1516,26,5,0.97586872586872586,78.512,1,0
cifar10_resnet8,C2,380,1520,33,5,0.97498069498069495,78.603999999999999,1,0
cifar10_resnet8,C2,381,1524,31,5,0.97389961389961388,78.597999999999999,1,0
cifar10_resnet8,C2,382,1528,26,5,0.97671814671814672,78.459999999999994,1,0
cifar10_resnet8,C2,383,1532,25.5,5,0.94471042471042477,77.280000000000001,0.90000000000000002,0.050000000000000003
cifar10_resnet8,C2,384,1536,29,5,0.97378378378378372,78.445999999999998,0.94999999999999996,0
cifar10_resnet8,C2,385,1540,26.5,5,0.97536679536679538,78.415999999999997,0.94999999999999996,0
cifar10_resnet8,C2,386,1544,29,5,0.97594594594594608,78.545999999999992,1,0
cifar10_resnet8,C2,387,1548,26.5,5,0.97517374517374511,78.361999999999995,0.94999999999999996,0
cifar10_resnet8,C2,388,1552,26.5,5,0.97498069498069495,78.531999999999996,1,0
cifar10_resnet8,C2,389,1556,25.5,5,0.97664092664092661,78.507999999999996,1,0
cifar10_resnet8,C2,390,1560,31,5,0.97378378378378372,78.455999999999989,0.94999999999999996,0
cifar10_resnet8,C2,391,1564,38.5,5,0.97030888030888041,78.281999999999996,0.94999999999999996,0
cifar10_resnet8,C2,392,1568,25.5,5,0.96328185328185323,77.907999999999987,0.90000000000000002,0
cifar10_resnet8,C2,393,1572,33.5,5,0.96884169884169891,78.198000000000008,0.90000000000000002,0
cifar10_resnet8,C2,394,1576,26,5,0.97544401544401538,78.555999999999997,1,0
cifar10_resnet8,C2,395,1580,29,5,0.97579150579150586,78.522000000000006,1,0
cifar10_resnet8,C2,396,1584,34,5,0.97416988416988415,78.635999999999996,1,0
cifar10_resnet8,C2,397,1588,26.5,5,0.97621621621621624,78.5,1,0
cifar10_resnet8,C2,398,1592,25,5,0.95065637065637065,77.439999999999998,0.90000000000000002,0
cifar10_resnet8,C2,399,1596,25,5,0.97127413127413131,78.10799999999999,0.90000000000000002,0
cifar10_resnet8,C2,400,1600,27.5,5,0.97691119691119699,78.495999999999995,1,0
cifar10_resnet8,C2,401,1604,29.5,5,0.9759073359073358,78.581999999999994,1,0
cifar10_resnet8,C2,402,1608,34,5,0.96135135135135141,77.895999999999987,0.90000000000000002,0
cifar10_resnet8,C2,403,1612,25,5,0.97555984555984554,78.531999999999996,1,0
cifar10_resnet8,C2,404,1616,26,5,0.96872586872586874,78.073999999999998,0.94999999999999996,0
cifar10_resnet8,C2,405,1620,29,5,0.97610038610038607,78.518000000000001,1,0
cifar10_resnet8,C2,406,1624,25,5,0.97691119691119699,78.345999999999989,0.94999999999999996,0
cifar10_resnet8,C2,407,1628,30,5,0.97525096525096533,78.575999999999993,1,0
cifar10_resnet8,C2,408,1632,31,5,0.9711196911196911,78.251999999999995,0.94999999999999996,0
cifar10_resnet8,C2,409,1636,32.5,5,0.97382239382239388,78.524000000000001,0.94999999999999996,0
cifar10_resnet8,C2,410,1640,29.5,5,0.97517374517374511,78.525999999999996,1,0
cifar10_resnet8,C2,411,1644,27,5,0.97644787644787656,78.621999999999986,1,0
cifar10_resnet8,C2,412,1648,26.5,5,0.97559845559845559,78.587999999999994,1,0
cifar10_resnet8,C2,413,1652,26,5,0.97386100386100394,78.397999999999996,0.94999999999999996,0
cifar10_resnet8,C2,414,1656,29.5,5,0.97594594594594608,78.49199999999999,1,0
cifar10_resnet8,C2,415,1660,37,5,0.97285714285714275,78.451999999999998,0.94999999999999996,0
cifar10_resnet8,C2,416,1664,32.5,5,0.97505791505791506,78.519999999999996,1,0
cifar10_resnet8,C2,417,1668,25.5,5,0.97575289575289581,78.477999999999994,1,0
cifar10_resnet8,C2,418,1672,32.5,5,0.97490347490347484,78.424000000000007,1,0
cifar10_resnet8,C2,419,1676,26.5,5,0.97266409266409271,78.349999999999994,0.94999999999999996,0
cifar10_resnet8,C2,420,1680,25.5,5,0.96555984555984564,78.051999999999992,0.94999999999999996,0
cifar10_resnet8,C2,421,1684,25,5,0.97687258687258682,78.533999999999992,1,0
cifar10_resnet8,C2,422,1688,27,5,0.97490347490347484,78.367999999999995,0.94999999999999996,0
cifar10_resnet8,C2,423,1692,25,5,0.97664092664092661,78.451999999999998,1,0
cifar10_resnet8,C2,424,1696,25,5,0.94764478764478766,77.385999999999996,0.94999999999999996,0
cifar10_resnet8,C2,425,1700,25,5,0.97270270270270276,78.311999999999998,0.94999999999999996,0
cifar10_resnet8,C2,426,1704,25,5,0.97467181467181463,78.333999999999989,0.90000000000000002,0
cifar10_resnet8,C2,427,1708,26.5,5,0.97563706563706565,78.513999999999996,1,0
cifar10_resnet8,C2,428,1712,29.5,5,0.97579150579150586,78.477999999999994,1,0
cifar10_resnet8,C2,429,1716,26,5,0.97694980694980704,78.424000000000007,1,0
cifar10_resnet8,C2,430,1720,28,5,0.97594594594594608,78.531999999999996,1,0
cifar10_resnet8,C2,431,1724,25,5,0.97525096525096533,78.512,1,0
cifar10_resnet8,C2,432,1728,26,5,0.97598455598455602,78.467999999999989,1,0
cifar10_resnet8,C2,433,1732,28.5,5,0.96432432432432447,78.051999999999992,0.94999999999999996,0
cifar10_resnet8,C2,434,1736,29,5,0.97579150579150586,78.567999999999998,1,0
cifar10_resnet8,C2,435,1740,25,5,0.97594594594594608,78.486000000000004,1,0
cifar10_resnet8,C2,436,1744,25.5,5,0.97671814671814672,78.515999999999991,1,0
cifar10_resnet8,C2,437,1748,25,5,0.9778764478764479,78.515999999999991,1,0
cifar10_resnet8,C2,438,1752,25,5,0.97752895752895752,78.450000000000003,1,0
cifar10_resnet8,C2,439,1756,33,5,0.97343629343629345,78.525999999999996,0.94999999999999996,0
cifar10_resnet8,C2,440,1760,26.5,5,0.97413127413127421,78.465999999999994,0.94999999999999996,0
cifar10_resnet8,C2,441,1764,25,5,0.97575289575289581,78.385999999999996,0.94999999999999996,0
cifar10_resnet8,C2,442,1768,26.5,5,0.97583011583011581,78.549999999999997,1,0
cifar10_resnet8,C2,443,1772,25,5,0.97613899613899613,78.424000000000007,1,0
cifar10_resnet8,C2,444,1776,26.5,5,0.97633204633204629,78.488,1,0
cifar10_resnet8,C2,445,1780,26,5,0.97633204633204629,78.561999999999998,1,0
cifar10_resnet8,C2,446,1784,29,5,0.97536679536679538,78.536000000000001,1,0
cifar10_resnet8,C2,447,1788,31,5,0.96876447876447869,78.183999999999997,0.94999999999999996,0
cifar10_resnet8,C2,448,1792,26,5,0.9765637065637065,78.525999999999996,1,0
cifar10_resnet8,C2,449,1796,25,5,0.97436293436293442,78.426000000000002,0.94999999999999996,0
cifar10_resnet8,C2,450,1800,25,5,0.97633204633204629,78.501999999999995,1,0
cifar10_resnet8,C2,451,1804,25,5,0.97687258687258682,78.494,1,0
cifar10_resnet8,C2,452,1808,28.5,5,0.97254826254826254,78.353999999999999,0.94999999999999996,0
cifar10_resnet8,C2,453,1812,31,5,0.97583011583011581,78.524000000000001,1,0
cifar10_resnet8,C2,454,1816,26,5,0.97621621621621624,78.567999999999998,1,0
cifar10_resnet8,C2,455,1820,28,5,0.97613899613899613,78.527999999999992,1,0
cifar10_resnet8,C2,456,1824,25,5,0.97633204633204629,78.509999999999991,1,0
cifar10_resnet8,C2,457,1828,25,5,0.97776061776061773,78.49199999999999,1,0
cifar10_resnet8,C2,458,1832,30.5,5,0.9476061776061776,77.439999999999998,0.94999999999999996,0
cifar10_resnet8,C2,459,1836,25.5,5,0.97741312741312747,78.421999999999997,1,0
cifar10_resnet8,C2,460,1840,31.5,5,0.9764864864864865,78.522000000000006,1,0
cifar10_resnet8,C2,461,1844,27,5,0.97694980694980704,78.579999999999998,1,0
cifar10_resnet8,C2,462,1848,31,5,0.97528957528957538,78.573999999999998,1,0
cifar10_resnet8,C2,463,1852,26,5,0.97652509652509656,78.455999999999989,1,0
cifar10_resnet8,C2,464,1856,26,5,0.97621621621621624,78.451999999999998,0.94999999999999996,0
cifar10_resnet8,C2,465,1860,27.5,5,0.97617760617760607,78.5,1,0
cifar10_resnet8,C2,466,1864,26,5,0.96166023166023162,77.807999999999993,0.94999999999999996,0.050000000000000003
cifar10_resnet8,C2,467,1868,25,5,0.97799227799227795,78.467999999999989,1,0
cifar10_resnet8,C2,468,1872,29,5,0.97579150579150586,78.539999999999992,1,0
cifar10_resnet8,C2,469,1876,25.5,5,0.97525096525096533,78.402000000000001,0.94999999999999996,0
cifar10_resnet8,C2,470,1880,25,5,0.97664092664092661,78.471999999999994,1,0
cifar10_resnet8,C2,471,1884,27,5,0.97702702702702704,78.525999999999996,1,0
cifar10_resnet8,C2,472,1888,25,5,0.97675675675675677,78.391999999999996,1,0
cifar10_resnet8,C2,473,1892,25,5,0.97683397683397677,78.453999999999994,1,0
cifar10_resnet8,C2,474,1896,27.5,5,0.97606177606177602,78.463999999999999,0.94999999999999996,0
cifar10_resnet8,C2,475,1900,25,5,0.97880308880308886,78.441999999999993,1,0
cifar10_resnet8,C2,476,1904,25.5,5,0.97675675675675677,78.518000000000001,1,0
cifar10_resnet8,C2,477,1908,27,5,0.97671814671814672,78.597999999999999,1,0
cifar10_resnet8,C2,478,1912,25,5,0.95837837837837836,77.795999999999992,0.94999999999999996,0
cifar10_resnet8,C2,479,1916,25,5,0.9771428571428572,78.371999999999986,1,0
cifar10_resnet8,C2,480,1920,29,5,0.97640926640926629,78.474000000000004,1,0
cifar10_resnet8,C2,481,1924,25,5,0.97810810810810822,78.49199999999999,1,0
cifar10_resnet8,C2,482,1928,25,5,0.97625482625482629,78.426000000000002,0.94999999999999996,0
cifar10_resnet8,C2,483,1932,25.5,5,0.97833976833976843,78.457999999999998,1,0
cifar10_resnet8,C2,484,1936,25.5,5,0.97335907335907346,78.313999999999993,0.94999999999999996,0
cifar10_resnet8,C2,485,1940,31,5,0.97563706563706565,78.474000000000004,1,0
cifar10_resnet8,C2,486,1944,26,5,0.97830115830115827,78.445999999999998,1,0
cifar10_resnet8,C2,487,1948,26,5,0.97598455598455602,78.455999999999989,1,0
cifar10_resnet8,C2,488,1952,25,5,0.97822393822393816,78.438000000000002,1,0
cifar10_resnet8,C2,489,1956,25,5,0.97667953667953677,78.433999999999997,1,0
cifar10_resnet8,C2,490,1960,25,5,0.9765637065637065,78.524000000000001,1,0
cifar10_resnet8,C2,491,1964,26,5,0.9748648648648649,78.441999999999993,0.94999999999999996,0
cifar10_resnet8,C2,492,1968,25,5,0.97617760617760607,78.49199999999999,1,0
cifar10_resnet8,C2,493,1972,25,5,0.977953667953668,78.439999999999998,1,0
cifar10_resnet8,C2,494,1976,25,5,0.96864864864864875,78.10799999999999,0.94999999999999996,0
cifar10_resnet8,C2,495,1980,25,5,0.97702702702702704,78.525999999999996,1,0
cifar10_resnet8,C2,496,1984,25,5,0.97637065637065634,78.49199999999999,1,0
cifar10_resnet8,C2,497,1988,27.5,5,0.97610038610038607,78.518000000000001,1,0
cifar10_resnet8,C2,498,1992,25.5,5,0.97683397683397677,78.501999999999995,1,0
cifar10_resnet8,C2,499,1996,32.5,5,0.9641312741312742,78.027999999999992,0.94999999999999996,0
cifar10_resnet8,C2,500,2000,25,5,0.97810810810810822,78.488,1,0
cifar10_resnet8,C2,501,2004,26,5,0.97679536679536683,78.543999999999997,1,0
cifar10_resnet8,C2,502,2008,25.5,5,0.96625482625482628,78.019999999999996,0.94999999999999996,0
cifar10_resnet8,C2,503,2012,25,5,0.97706563706563698,78.501999999999995,1,0
cifar10_resnet8,C2,504,2016,31.5,5,0.97598455598455602,78.602000000000004,1,0
cifar10_resnet8,C2,505,2020,28,5,0.97625482625482629,78.436000000000007,1,0
cifar10_resnet8,C2,506,2024,25.5,5,0.96536679536679537,77.989999999999995,0.94999999999999996,0
cifar10_resnet8,C2,507,2028,25.5,5,0.97702702702702704,78.469999999999999,1,0
cifar10_resnet8,C2,508,2032,25,5,0.97776061776061773,78.461999999999989,1,0
cifar10_resnet8,C2,509,2036,25,5,0.97332046332046329,78.328000000000003,0.94999999999999996,0
cifar10_resnet8,C2,510,2040,25.5,5,0.97694980694980704,78.5,1,0
cifar10_resnet8,C2,511,2044,25.5,5,0.97756756756756746,78.507999999999996,1,0
cifar10_resnet8,C2,512,2048,25.5,5,0.97613899613899613,78.518000000000001,1,0
cifar10_simplecnn,C0,1,4,535,535,0.49212355212355219,66.415999999999997,0.29999999999999999,0.34999999999999998
cifar10_simplecnn,C0,2,8,500.5,360.5,0.60297297297297292,73.688000000000002,0.5,0.10000000000000001
cifar10_simplecnn,C0,3,12,579.5,288,0.54868725868725865,69.998000000000005,0.45000000000000001,0.20000000000000001
cifar10_simplecnn,C0,4,16,465,214,0.5523938223938224,69.706000000000003,0.55000000000000004,0.29999999999999999
cifar10_simplecnn,C0,5,20,422.5,146,0.62162162162162171,72.929999999999993,0.65000000000000002,0.20000000000000001
cifar10_simplecnn,C0,6,24,442.5,98,0.59027027027027024,69.018000000000001,0.55000000000000004,0.20000000000000001
cifar10_simplecnn,C0,7,28,549,98,0.56583011583011589,72.664000000000001,0.40000000000000002,0.14999999999999999
cifar10_simplecnn,C0,8,32,681,92,0.52868725868725863,72.246000000000009,0.34999999999999998,0.20000000000000001
cifar10_simplecnn,C0,9,36,312.5,76.5,0.66030888030888035,72.195999999999998,0.69999999999999996,0.10000000000000001
cifar10_simplecnn,C0,10,40,357.5,44,0.67571428571428571,74.611999999999995,0.59999999999999998,0.14999999999999999
cifar10_simplecnn,C0,11,44,652,22,0.57374517374517375,72.390000000000001,0.40000000000000002,0.25
cifar10_simplecnn,C0,12,48,457,22,0.62949806949806952,73.174000000000007,0.65000000000000002,0.20000000000000001
cifar10_simplecnn,C0,13,52,523.5,22,0.57208494208494209,72.996000000000009,0.5,0.20000000000000001
cifar10_simplecnn,C0,14,56,482,22,0.54992277992277994,68.132000000000005,0.55000000000000004,0.40000000000000002
cifar10_simplecnn,C0,15,60,557.5,22,0.56351351351351353,72.299999999999997,0.45000000000000001,0.29999999999999999
cifar10_simplecnn,C0,16,64,348.5,22,0.64888030888030879,73.852000000000004,0.69999999999999996,0.10000000000000001
cifar10_simplecnn,C0,17,68,586,16.5,0.52679536679536676,72.539999999999992,0.34999999999999998,0.14999999999999999
cifar10_simplecnn,C0,18,72,573.5,16.5,0.55907335907335909,71.253999999999991,0.40000000000000002,0.25
cifar10_simplecnn,C0,19,76,644,16.5,0.58057915057915055,71.352000000000004,0.45000000000000001,0.14999999999999999
cifar10_simplecnn,C0,20,80,491,16.5,0.58196911196911194,68.467999999999989,0.5,0.25
cifar10_simplecnn,C0,21,84,389.5,16.5,0.63212355212355209,72.152000000000001,0.65000000000000002,0.20000000000000001
cifar10_simplecnn,C0,22,88,779.5,16.5,0.47011583011583014,67.738,0.34999999999999998,0.34999999999999998
cifar10_simplecnn,C0,23,92,636.5,16.5,0.5235907335907336,70.239999999999995,0.40000000000000002,0.34999999999999998
cifar10_simplecnn,C0,24,96,575.5,16.5,0.53324324324324324,69.974000000000004,0.45000000000000001,0.25
cifar10_simplecnn,C0,25,100,537,16.5,0.58544401544401548,73.955999999999989,0.45000000000000001,0.25
cifar10_simplecnn,C0,26,104,392.5,14,0.64158301158301156,73.457999999999998,0.55000000000000004,0.10000000000000001
cifar10_simplecnn,C0,27,108,818.5,14,0.45498069498069499,68.109999999999999,0.34999999999999998,0.45000000000000001
cifar10_simplecnn,C0,28,112,411.5,14,0.61548262548262556,72.689999999999998,0.5,0.20000000000000001
cifar10_simplecnn,C0,29,116,529,13,0.53061776061776056,71.861999999999995,0.40000000000000002,0.34999999999999998
cifar10_simplecnn,C0,30,120,652.5,13,0.54467181467181469,70.591999999999999,0.34999999999999998,0.29999999999999999
cifar10_simplecnn,C0,31,124,588,13,0.55749034749034743,72.361999999999995,0.45000000000000001,0.25
cifar10_simplecnn,C0,32,128,308.5,13,0.66683397683397683,73.603999999999999,0.65000000000000002,0.14999999999999999
cifar10_simplecnn,C0,33,132,545.5,13,0.52722007722007724,69.736000000000004,0.45000000000000001,0.25
cifar10_simplecnn,C0,34,136,456.5,13,0.62513513513513508,71.713999999999999,0.55000000000000004,0.20000000000000001
cifar10_simplecnn,C0,35,140,340.5,13,0.67413127413127416,75.282000000000011,0.65000000000000002,0.10000000000000001
cifar10_simplecnn,C0,36,144,522.5,13,0.59409266409266404,71.686000000000007,0.5,0.14999999999999999
cifar10_simplecnn,C0,37,148,706,12.5,0.50745173745173744,70.042000000000002,0.34999999999999998,0.34999999999999998
cifar10_simplecnn,C0,38,152,317,12.5,0.64648648648648643,72.994,0.59999999999999998,0.20000000000000001
cifar10_simplecnn,C0,39,156,618.5,12.5,0.56208494208494209,71.015999999999991,0.40000000000000002,0.25
cifar10_simplecnn,C0,40,160,521.5,12.5,0.60023166023166019,70.620000000000005,0.5,0.14999999999999999
cifar10_simplecnn,C0,41,164,411.5,12.5,0.57764478764478766,70.234000000000009,0.55000000000000004,0.20000000000000001
cifar10_simplecnn,C0,42,168,512.5,8.5,0.54208494208494207,71.299999999999997,0.5,0.25
cifar10_simplecnn,C0,43,172,624,8.5,0.54092664092664089,72.599999999999994,0.25,0.14999999999999999
cifar10_simplecnn,C0,44,176,424,8.5,0.64220077220077221,70.676000000000002,0.69999999999999996,0.20000000000000001
cifar10_simplecnn,C0,45,180,851,8.5,0.38169884169884172,62.806000000000004,0.25,0.5
cifar10_simplecnn,C0,46,184,543.5,8.5,0.61324324324324331,74.599999999999994,0.45000000000000001,0.10000000000000001
cifar10_simplecnn,C0,47,188,339.5,8.5,0.59270270270270264,68.905999999999992,0.59999999999999998,0.25
cifar10_simplecnn,C0,48,192,583,8.5,0.53864864864864859,69.695999999999998,0.34999999999999998,0.25
cifar10_simplecnn,C0,49,196,733.5,8.5,0.53698841698841693,71.542000000000002,0.34999999999999998,0.10000000000000001
cifar10_simplecnn,C0,50,200,399.5,8.5,0.57702702702702702,70.167999999999992,0.55000000000000004,0.25
cifar10_simplecnn,C0,51,204,497,8.5,0.56235521235521235,69.975999999999999,0.5,0.20000000000000001
cifar10_simplecnn,C0,52,208,792.5,8.5,0.44289575289575289,67.47999999999999,0.29999999999999999,0.34999999999999998
cifar10_simplecnn,C0,53,212,343.5,8.5,0.62061776061776064,71.775999999999996,0.65000000000000002,0.25
cifar10_simplecnn,C0,54,216,756,8.5,0.45393822393822392,64.563999999999993,0.40000000000000002,0.45000000000000001
cifar10_simplecnn,C0,55,220,595,8.5,0.5334362934362934,68.379999999999995,0.40000000000000002,0.29999999999999999
cifar10_simplecnn,C0,56,224,636.5,8.5,0.50042471042471037,72.332000000000008,0.25,0.25
cifar10_simplecnn,C0,57,228,570,8.5,0.56536679536679535,72.884,0.40000000000000002,0.14999999999999999
cifar10_simplecnn,C0,58,232,570,8.5,0.543938223938224,71.5,0.40000000000000002,0.14999999999999999
cifar10_simplecnn,C0,59,236,693.5,8.5,0.48015444015444009,67.481999999999999,0.29999999999999999,0.29999999999999999
cifar10_simplecnn,C0,60,240,462.5,8.5,0.59718146718146714,71.634,0.59999999999999998,0.20000000000000001
cifar10_simplecnn,C0,61,244,641,8.5,0.49378378378378385,69.548000000000002,0.40000000000000002,0.25
cifar10_simplecnn,C0,62,248,670.5,8.5,0.46768339768339767,69.048000000000002,0.29999999999999999,0.29999999999999999
cifar10_simplecnn,C0,63,252,797,8.5,0.48579150579150576,68.606000000000009,0.29999999999999999,0.40000000000000002
cifar10_simplecnn,C0,64,256,509,8.5,0.6405791505791506,73.444000000000003,0.5,0.10000000000000001
cifar10_simplecnn,C0,65,260,679.5,8.5,0.54598455598455597,72.186000000000007,0.40000000000000002,0.20000000000000001
cifar10_simplecnn,C0,66,264,696.5,8.5,0.52061776061776066,69.501999999999995,0.40000000000000002,0.20000000000000001
cifar10_simplecnn,C0,67,268,588,8.5,0.50648648648648653,70.762,0.34999999999999998,0.25
cifar10_simplecnn,C0,68,272,186,8.5,0.68100386100386101,72.063999999999993,0.59999999999999998,0.14999999999999999
cifar10_simplecnn,C0,69,276,696.5,8.5,0.52791505791505799,72.289999999999992,0.29999999999999999,0.20000000000000001
cifar10_simplecnn,C0,70,280,801,8.5,0.44718146718146717,70.25,0.29999999999999999,0.34999999999999998
cifar10_simplecnn,C0,71,284,683.5,8.5,0.47667953667953666,66.353999999999999,0.29999999999999999,0.29999999999999999
cifar10_simplecnn,C0,72,288,724,8.5,0.51370656370656376,70.370000000000005,0.34999999999999998,0.29999999999999999
cifar10_simplecnn,C0,73,292,621,8.5,0.51918918918918922,72.246000000000009,0.29999999999999999,0.20000000000000001
cifar10_simplecnn,C0,74,296,383,8.5,0.62957528957528963,71.825999999999993,0.59999999999999998,0.14999999999999999
cifar10_simplecnn,C0,75,300,384.5,8.5,0.59671814671814671,70.022000000000006,0.55000000000000004,0.25
cifar10_simplecnn,C0,76,304,613.5,7,0.49903474903474904,73.116,0.20000000000000001,0.29999999999999999
cifar10_simplecnn,C0,77,308,681,7,0.52451737451737457,70.203999999999994,0.40000000000000002,0.40000000000000002
cifar10_simplecnn,C0,78,312,570,7,0.52841698841698848,69.513999999999996,0.40000000000000002,0.25
cifar10_simplecnn,C0,79,316,636.5,7,0.55559845559845555,73.974000000000004,0.34999999999999998,0.14999999999999999
cifar10_simplecnn,C0,80,320,589,7,0.53243243243243243,70.736000000000004,0.45000000000000001,0.29999999999999999
cifar10_simplecnn,C0,81,324,703.5,7,0.56386100386100391,71.768000000000001,0.45000000000000001,0.29999999999999999
cifar10_simplecnn,C0,82,328,585,5.5,0.57123552123552124,69.756,0.5,0.25
cifar10_simplecnn,C0,83,332,845,5.5,0.43571428571428578,68.170000000000002,0.25,0.45000000000000001
cifar10_simplecnn,C0,84,336,792,5.5,0.45355212355212354,70.120000000000005,0.25,0.34999999999999998
cifar10_simplecnn,C0,85,340,571,5.5,0.56899613899613899,71.268000000000001,0.45000000000000001,0.25
cifar10_simplecnn,C0,86,344,586,5.5,0.51857142857142857,69.634,0.34999999999999998,0.25
cifar10_simplecnn,C0,87,348,700.5,5.5,0.50907335907335916,70.170000000000002,0.34999999999999998,0.34999999999999998
cifar10_simplecnn,C0,88,352,636,5.5,0.50138996138996139,69.622,0.25,0.20000000000000001
cifar10_simplecnn,C0,89,356,589,5.5,0.57150579150579151,72.265999999999991,0.40000000000000002,0.29999999999999999
cifar10_simplecnn,C0,90,360,472,5.5,0.59154440154440158,69.554000000000002,0.5,0.29999999999999999
cifar10_simplecnn,C0,91,364,624,5,0.56277992277992284,69.424000000000007,0.34999999999999998,0.25
cifar10_simplecnn,C0,92,368,704.5,5,0.50042471042471048,70.611999999999995,0.29999999999999999,0.29999999999999999
cifar10_simplecnn,C0,93,372,522,5,0.59625482625482618,72.373999999999995,0.45000000000000001,0.29999999999999999
cifar10_simplecnn,C0,94,376,829,5,0.4027027027027027,67.829999999999998,0.14999999999999999,0.5
cifar10_simplecnn,C0,95,380,679.5,5,0.48884169884169887,68.753999999999991,0.34999999999999998,0.34999999999999998
cifar10_simplecnn,C0,96,384,547,5,0.56200772200772198,69.397999999999996,0.45000000000000001,0.29999999999999999
cifar10_simplecnn,C0,97,388,532.5,5,0.52861003861003864,70.945999999999998,0.45000000000000001,0.29999999999999999
cifar10_simplecnn,C0,98,392,323,4.5,0.6071428571428571,70.225999999999999,0.55000000000000004,0.14999999999999999
cifar10_simplecnn,C0,99,396,359.5,4.5,0.64162162162162162,74.325999999999993,0.55000000000000004,0.14999999999999999
cifar10_simplecnn,C0,100,400,666,4.5,0.51559845559845563,70.305999999999997,0.29999999999999999,0.34999999999999998
cifar10_simplecnn,C0,101,404,562.5,4.5,0.49285714285714288,70.355999999999995,0.34999999999999998,0.34999999999999998
cifar10_simplecnn,C0,102,408,649.5,4.5,0.49138996138996138,67.396000000000001,0.40000000000000002,0.40000000000000002
cifar10_simplecnn,C0,103,412,507,4.5,0.62150579150579155,72.736000000000004,0.5,0.20000000000000001
cifar10_simplecnn,C0,104,416,789,4.5,0.43370656370656369,69.50800000000001,0.14999999999999999,0.40000000000000002
cifar10_simplecnn,C0,105,420,744.5,4.5,0.49177606177606181,68.844000000000008,0.29999999999999999,0.40000000000000002
cifar10_simplecnn,C0,106,424,879.5,4.5,0.42482625482625486,67.731999999999999,0.25,0.5
cifar10_simplecnn,C0,107,428,739,4.5,0.48594594594594598,70.534000000000006,0.34999999999999998,0.29999999999999999
cifar10_simplecnn,C0,108,432,774.5,4.5,0.44413127413127407,68.400000000000006,0.29999999999999999,0.45000000000000001
cifar10_simplecnn,C0,109,436,746.5,4.5,0.43096525096525096,66.849999999999994,0.25,0.45000000000000001
cifar10_simplecnn,C0,110,440,620.5,4.5,0.5669498069498069,71.106000000000009,0.45000000000000001,0.20000000000000001
cifar10_simplecnn,C0,111,444,742,4.5,0.43637065637065636,70.049999999999997,0.14999999999999999,0.29999999999999999
cifar10_simplecnn,C0,112,448,495,4.5,0.59416988416988414,71.457999999999998,0.5,0.20000000000000001
cifar10_simplecnn,C0,113,452,772.5,4.5,0.47274131274131276,69.774000000000001,0.29999999999999999,0.45000000000000001
cifar10_simplecnn,C0,114,456,958,4.5,0.39247104247104247,65.096000000000004,0.20000000000000001,0.55000000000000004
cifar10_simplecnn,C0,115,460,865,4.5,0.40996138996138998,63.884,0.25,0.5
cifar10_simplecnn,C0,116,464,474.5,4,0.59019305019305013,68.597999999999999,0.55000000000000004,0.25
cifar10_simplecnn,C0,117,468,713.5,4,0.50239382239382235,70.335999999999999,0.34999999999999998,0.29999999999999999
cifar10_simplecnn,C0,118,472,952.5,4,0.40250965250965248,62.036000000000001,0.29999999999999999,0.59999999999999998
cifar10_simplecnn,C0,119,476,488,4,0.60490347490347496,71.421999999999997,0.5,0.20000000000000001
cifar10_simplecnn,C0,120,480,586,4,0.54131274131274132,72.653999999999996,0.34999999999999998,0.14999999999999999
cifar10_simplecnn,C0,121,484,522,4,0.62405405405405401,70.403999999999996,0.45000000000000001,0.14999999999999999
cifar10_simplecnn,C0,122,488,649.5,4,0.49289575289575288,70.450000000000003,0.34999999999999998,0.29999999999999999
cifar10_simplecnn,C0,123,492,717.5,4,0.47687258687258688,67.518000000000001,0.34999999999999998,0.34999999999999998
cifar10_simplecnn,C0,124,496,340.5,4,0.59235521235521238,68.390000000000001,0.55000000000000004,0.29999999999999999
cifar10_simplecnn,C0,125,500,706.5,4,0.47007722007722003,71.960000000000008,0.20000000000000001,0.25
cifar10_simplecnn,C0,126,504,749,4,0.51447876447876451,70.549999999999997,0.29999999999999999,0.29999999999999999
cifar10_simplecnn,C0,127,508,562,4,0.59104247104247098,73.390000000000001,0.45000000000000001,0.10000000000000001
cifar10_simplecnn,C0,128,512,703.5,4,0.47382239382239383,67.346000000000004,0.34999999999999998,0.40000000000000002
cifar10_simplecnn,C0,129,516,579,4,0.52749034749034751,69.689999999999998,0.40000000000000002,0.25
cifar10_simplecnn,C0,130,520,599,4,0.52810810810810804,68.355999999999995,0.40000000000000002,0.29999999999999999
cifar10_simplecnn,C0,131,524,562.5,4,0.61687258687258684,71.468000000000004,0.45000000000000001,0.20000000000000001
cifar10_simplecnn,C0,132,528,634,4,0.48169884169884175,67.703999999999994,0.29999999999999999,0.34999999999999998
cifar10_simplecnn,C0,133,532,683.5,3.5,0.56652509652509653,69.870000000000005,0.45000000000000001,0.25
cifar10_simplecnn,C0,134,536,589,3,0.58293436293436296,72.590000000000003,0.45000000000000001,0.20000000000000001
cifar10_simplecnn,C0,135,540,615.5,3,0.51223938223938226,68.164000000000001,0.29999999999999999,0.25
cifar10_simplecnn,C0,136,544,724,3,0.49150579150579149,71.679999999999993,0.29999999999999999,0.29999999999999999
cifar10_simplecnn,C0,137,548,633.5,3,0.56416988416988423,72.02000000000001,0.45000000000000001,0.29999999999999999
cifar10_simplecnn,C0,138,552,670.5,3,0.52606177606177607,70.872,0.34999999999999998,0.20000000000000001
cifar10_simplecnn,C0,139,556,516.5,3,0.61270270270270266,72.975999999999999,0.5,0.14999999999999999
cifar10_simplecnn,C0,140,560,616.5,3,0.55301158301158293,69.829999999999998,0.40000000000000002,0.20000000000000001
cifar10_simplecnn,C0,141,564,350,3,0.61586872586872587,72.628,0.55000000000000004,0.25
cifar10_simplecnn,C0,142,568,595,3,0.50498069498069498,68.039999999999992,0.40000000000000002,0.29999999999999999
cifar10_simplecnn,C0,143,572,783,3,0.48702702702702705,70.436000000000007,0.29999999999999999,0.34999999999999998
cifar10_simplecnn,C0,144,576,588,3,0.58011583011583012,72.698000000000008,0.34999999999999998,0.14999999999999999
cifar10_simplecnn,C0,145,580,663.5,3,0.54907335907335908,72.368000000000009,0.34999999999999998,0.20000000000000001
cifar10_simplecnn,C0,146,584,784,3,0.42671814671814667,69.701999999999998,0.14999999999999999,0.40000000000000002
cifar10_simplecnn,C0,147,588,786.5,3,0.41903474903474908,65.799999999999997,0.20000000000000001,0.40000000000000002
cifar10_simplecnn,C0,148,592,510.5,3,0.59077220077220072,70.14200000000001,0.5,0.20000000000000001
cifar10_simplecnn,C0,149,596,685,3,0.49598455598455599,71.864000000000004,0.25,0.20000000000000001
cifar10_simplecnn,C0,150,600,414,3,0.64868725868725874,74.768000000000001,0.5,0.10000000000000001
cifar10_simplecnn,C0,151,604,549.5,3,0.60509652509652512,73.322000000000003,0.34999999999999998,0.10000000000000001
cifar10_simplecnn,C0,152,608,586,3,0.57559845559845557,73.498000000000005,0.45000000000000001,0.29999999999999999
cifar10_simplecnn,C0,153,612,575.5,3,0.52092664092664098,69.219999999999999,0.40000000000000002,0.29999999999999999
cifar10_simplecnn,C0,154,616,681,3,0.53444015444015447,68.072000000000003,0.40000000000000002,0.25
cifar10_simplecnn,C0,155,620,693.5,3,0.53069498069498067,70.960000000000008,0.40000000000000002,0.20000000000000001
cifar10_simplecnn,C0,156,624,579,3,0.57382239382239386,72.417999999999992,0.45000000000000001,0.20000000000000001
cifar10_simplecnn,C0,157,628,539.5,3,0.59293436293436286,68.902000000000001,0.5,0.20000000000000001
cifar10_simplecnn,C0,158,632,611.5,3,0.53992277992277993,70.438000000000002,0.40000000000000002,0.34999999999999998
cifar10_simplecnn,C0,159,636,813,3,0.41694980694980693,67.939999999999998,0.25,0.45000000000000001
cifar10_simplecnn,C0,160,640,716.5,3,0.50637065637065637,65.341999999999999,0.40000000000000002,0.29999999999999999
cifar10_simplecnn,C0,161,644,615,3,0.53583011583011586,70.677999999999997,0.29999999999999999,0.29999999999999999
cifar10_simplecnn,C0,162,648,678.5,3,0.48046332046332046,68.873999999999995,0.25,0.34999999999999998
cifar10_simplecnn,C0,163,652,551.5,3,0.60274131274131271,72.640000000000001,0.40000000000000002,0.14999999999999999
cifar10_simplecnn,C0,164,656,463,3,0.63629343629343627,74.304000000000002,0.55000000000000004,0.20000000000000001
cifar10_simplecnn,C0,165,660,655,3,0.53691119691119682,68.210000000000008,0.40000000000000002,0.25
cifar10_simplecnn,C0,166,664,309,3,0.64320463320463328,71.462000000000003,0.55000000000000004,0.20000000000000001
cifar10_simplecnn,C0,167,668,783,3,0.41501930501930506,65.614000000000004,0.25,0.40000000000000002
cifar10_simplecnn,C0,168,672,841.5,3,0.41281853281853281,69.563999999999993,0.20000000000000001,0.34999999999999998
cifar10_simplecnn,C0,169,676,796.5,3,0.43200772200772197,65.799999999999997,0.25,0.40000000000000002
cifar10_simplecnn,C0,170,680,496.5,3,0.58305019305019301,69.888000000000005,0.5,0.29999999999999999
cifar10_simplecnn,C0,171,684,745,3,0.49895752895752893,71.760000000000005,0.29999999999999999,0.25
cifar10_simplecnn,C0,172,688,894.5,3,0.44590733590733594,68.828000000000003,0.29999999999999999,0.59999999999999998
cifar10_simplecnn,C0,173,692,599,3,0.50459459459459466,70.715999999999994,0.29999999999999999,0.29999999999999999
cifar10_simplecnn,C0,174,696,488,3,0.61656370656370663,73.417999999999992,0.5,0.10000000000000001
cifar10_simplecnn,C0,175,700,629.5,3,0.54552123552123555,71.284000000000006,0.34999999999999998,0.20000000000000001
cifar10_simplecnn,C0,176,704,604.5,3,0.55922779922779919,71.140000000000001,0.40000000000000002,0.20000000000000001
cifar10_simplecnn,C0,177,708,529,3,0.64328185328185328,74.320000000000007,0.45000000000000001,0.20000000000000001
cifar10_simplecnn,C0,178,712,456,3,0.59027027027027024,70.084000000000003,0.5,0.25
cifar10_simplecnn,C0,179,716,756,3,0.54104247104247105,70.618000000000009,0.34999999999999998,0.29999999999999999
cifar10_simplecnn,C0,180,720,588,3,0.5881853281853282,69.813999999999993,0.45000000000000001,0.25
cifar10_simplecnn,C0,181,724,830,3,0.49559845559845561,69.903999999999996,0.34999999999999998,0.40000000000000002
cifar10_simplecnn,C0,182,728,507,3,0.60737451737451731,70.031999999999996,0.5,0.20000000000000001
cifar10_simplecnn,C0,183,732,404,3,0.5661389961389961,69.566000000000003,0.55000000000000004,0.34999999999999998
cifar10_simplecnn,C0,184,736,583,2.5,0.53285714285714281,69.510000000000005,0.34999999999999998,0.25
cifar10_simplecnn,C0,185,740,649,2.5,0.5196911196911197,66.655999999999992,0.40000000000000002,0.29999999999999999
cifar10_simplecnn,C0,186,744,535.5,2.5,0.59999999999999998,74.140000000000001,0.5,0.20000000000000001
cifar10_simplecnn,C0,187,748,401.5,2.5,0.61895752895752898,72.311999999999998,0.55000000000000004,0.25
cifar10_simplecnn,C0,188,752,545,2.5,0.66065637065637062,74.832000000000008,0.40000000000000002,0.050000000000000003
cifar10_simplecnn,C0,189,756,493.5,2.5,0.64671814671814665,73.626000000000005,0.55000000000000004,0.10000000000000001
cifar10_simplecnn,C0,190,760,541.5,2.5,0.64420849420849424,74.950000000000003,0.5,0.050000000000000003
cifar10_simplecnn,C0,191,764,347.5,2.5,0.65830115830115832,73.152000000000001,0.55000000000000004,0.14999999999999999
cifar10_simplecnn,C0,192,768,566,2.5,0.58698841698841697,71.503999999999991,0.45000000000000001,0.14999999999999999
cifar10_simplecnn,C0,193,772,618.5,2.5,0.57683397683397675,71.510000000000005,0.40000000000000002,0.14999999999999999
cifar10_simplecnn,C0,194,776,358,2.5,0.65675675675675671,73.102000000000004,0.55000000000000004,0.14999999999999999
cifar10_simplecnn,C0,195,780,230,2,0.70297297297297301,73.477999999999994,0.69999999999999996,0.14999999999999999
cifar10_simplecnn,C0,196,784,589.5,2,0.58629343629343622,72.626000000000005,0.40000000000000002,0.20000000000000001
cifar10_simplecnn,C0,197,788,503,2,0.58328185328185334,70.896000000000001,0.5,0.29999999999999999
cifar10_simplecnn,C0,198,792,591,2,0.57934362934362937,71.222000000000008,0.34999999999999998,0.20000000000000001
cifar10_simplecnn,C0,199,796,576.5,2,0.55861003861003866,70.998000000000005,0.45000000000000001,0.20000000000000001
cifar10_simplecnn,C0,200,800,780.5,2,0.47169884169884169,71.296000000000006,0.20000000000000001,0.29999999999999999
cifar10_simplecnn,C0,201,804,531,2,0.58073359073359065,71.239999999999995,0.34999999999999998,0.20000000000000001
cifar10_simplecnn,C0,202,808,543.5,2,0.58528957528957526,72.784000000000006,0.5,0.14999999999999999
cifar10_simplecnn,C0,203,812,804,2,0.44474903474903477,66.799999999999997,0.20000000000000001,0.5
cifar10_simplecnn,C0,204,816,532,2,0.64258687258687253,73.046000000000006,0.45000000000000001,0.20000000000000001
cifar10_simplecnn,C0,205,820,566,2,0.61046332046332041,72.573999999999998,0.45000000000000001,0.25
cifar10_simplecnn,C0,206,824,528.5,2,0.58185328185328189,70.230000000000004,0.45000000000000001,0.25
cifar10_simplecnn,C0,207,828,566,2,0.62088803088803091,71.155999999999992,0.45000000000000001,0.25
cifar10_simplecnn,C0,208,832,592,2,0.54548262548262549,69.786000000000001,0.40000000000000002,0.25
cifar10_simplecnn,C0,209,836,643.5,2,0.59536679536679538,72.736000000000004,0.40000000000000002,0.14999999999999999
cifar10_simplecnn,C0,210,840,615,2,0.57015444015444017,72.981999999999999,0.40000000000000002,0.10000000000000001
cifar10_simplecnn,C0,211,844,254.5,2,0.69772200772200776,74.903999999999996,0.59999999999999998,0.10000000000000001
cifar10_simplecnn,C0,212,848,330,2,0.65598455598455596,72.967999999999989,0.55000000000000004,0.20000000000000001
cifar10_simplecnn,C0,213,852,599,2,0.58687258687258681,71.554000000000002,0.34999999999999998,0.20000000000000001
cifar10_simplecnn,C0,214,856,693.5,2,0.55359073359073352,72.388000000000005,0.34999999999999998,0.14999999999999999
cifar10_simplecnn,C0,215,860,613.5,2,0.53822393822393821,71.195999999999998,0.40000000000000002,0.25
cifar10_simplecnn,C0,216,864,311,2,0.69722007722007717,73.352000000000004,0.55000000000000004,0.14999999999999999
cifar10_simplecnn,C0,217,868,636.5,2,0.48038610038610036,70.460000000000008,0.20000000000000001,0.29999999999999999
cifar10_simplecnn,C0,218,872,620,2,0.5645945945945946,69.864000000000004,0.40000000000000002,0.25
cifar10_simplecnn,C0,219,876,268,2,0.68895752895752893,72.879999999999995,0.59999999999999998,0.20000000000000001
cifar10_simplecnn,C0,220,880,547.5,1.5,0.62258687258687262,73.013999999999996,0.45000000000000001,0.14999999999999999
cifar10_simplecnn,C0,221,884,520.5,1.5,0.65710424710424709,74.746000000000009,0.5,0.10000000000000001
cifar10_simplecnn,C0,222,888,636.5,1.5,0.5151351351351352,68.037999999999997,0.25,0.34999999999999998
cifar10_simplecnn,C0,223,892,526,1.5,0.5812741312741313,68.132000000000005,0.45000000000000001,0.29999999999999999
cifar10_simplecnn,C0,224,896,642,1.5,0.5365250965250965,69.867999999999995,0.25,0.20000000000000001
cifar10_simplecnn,C0,225,900,272,1.5,0.66830115830115822,72.676000000000002,0.55000000000000004,0.20000000000000001
cifar10_simplecnn,C0,226,904,583,1.5,0.5607722007722008,70.832000000000008,0.40000000000000002,0.25
cifar10_simplecnn,C0,227,908,566,1.5,0.62907335907335904,73.262,0.40000000000000002,0.10000000000000001
cifar10_simplecnn,C0,228,912,575,1.5,0.59057915057915056,73.222000000000008,0.29999999999999999,0.050000000000000003
cifar10_simplecnn,C0,229,916,620.5,1.5,0.54467181467181469,72.046000000000006,0.29999999999999999,0.25
cifar10_simplecnn,C0,230,920,433,1.5,0.65119691119691114,74.49199999999999,0.59999999999999998,0.10000000000000001
cifar10_simplecnn,C0,231,924,435.5,1.5,0.63548262548262546,71.424000000000007,0.5,0.14999999999999999
cifar10_simplecnn,C0,232,928,742.5,1.5,0.50123552123552118,69.988,0.29999999999999999,0.34999999999999998
cifar10_simplecnn,C0,233,932,410,1.5,0.66722007722007715,73.075999999999993,0.5,0.14999999999999999
cifar10_simplecnn,C0,234,936,611,1.5,0.53061776061776056,70.974000000000004,0.29999999999999999,0.20000000000000001
cifar10_simplecnn,C0,235,940,607.5,1.5,0.59262548262548265,71.128,0.45000000000000001,0.20000000000000001
cifar10_simplecnn,C0,236,944,284.5,1.5,0.68934362934362936,71.921999999999997,0.65000000000000002,0.14999999999999999
cifar10_simplecnn,C0,237,948,703.5,1.5,0.56918918918918915,71.191999999999993,0.45000000000000001,0.20000000000000001
cifar10_simplecnn,C0,238,952,557,1.5,0.61447876447876448,72.920000000000002,0.45000000000000001,0.14999999999999999
cifar10_simplecnn,C0,239,956,582,1.5,0.54961389961389961,69.421999999999997,0.34999999999999998,0.34999999999999998
cifar10_simplecnn,C0,240,960,401.5,1.5,0.67413127413127416,73.710000000000008,0.55000000000000004,0.050000000000000003
cifar10_simplecnn,C0,241,964,662,1.5,0.58146718146718146,71.474000000000004,0.34999999999999998,0.14999999999999999
cifar10_simplecnn,C0,242,968,584,1.5,0.59397683397683398,71.306000000000012,0.40000000000000002,0.25
cifar10_simplecnn,C0,243,972,100.5,1.5,0.74799227799227797,74.945999999999998,0.59999999999999998,0.10000000000000001
cifar10_simplecnn,C0,244,976,609,1.5,0.56274131274131278,73.429999999999993,0.40000000000000002,0.29999999999999999
cifar10_simplecnn,C0,245,980,76,1.5,0.77490347490347489,75.325999999999993,0.65000000000000002,0.050000000000000003
cifar10_simplecnn,C0,246,984,700.5,1.5,0.46880308880308885,70.205999999999989,0.20000000000000001,0.29999999999999999
cifar10_simplecnn,C0,247,988,579,1.5,0.57081081081081086,71.304000000000002,0.29999999999999999,0.20000000000000001
cifar10_simplecnn,C0,248,992,624,1.5,0.56424710424710423,71.334000000000003,0.34999999999999998,0.20000000000000001
cifar10_simplecnn,C0,249,996,157.5,1.5,0.71737451737451741,74.74199999999999,0.55000000000000004,0.10000000000000001
cifar10_simplecnn,C0,250,1000,470.5,1.5,0.6671814671814672,74.820000000000007,0.55000000000000004,0.14999999999999999
cifar10_simplecnn,C0,251,1004,260.5,1.5,0.69057915057915065,70.662000000000006,0.59999999999999998,0.20000000000000001
cifar10_simplecnn,C0,252,1008,535,1.5,0.66710424710424709,74.385999999999996,0.45000000000000001,0.14999999999999999
cifar10_simplecnn,C0,253,1012,335.5,1.5,0.6642471042471042,74.694000000000003,0.55000000000000004,0.10000000000000001
cifar10_simplecnn,C0,254,1016,697.5,1.5,0.5706949806949807,72.494,0.34999999999999998,0.20000000000000001
cifar10_simplecnn,C0,255,1020,482,1.5,0.6466795366795367,71.915999999999997,0.5,0.14999999999999999
cifar10_simplecnn,C0,256,1024,528.5,1.5,0.6064092664092664,71.117999999999995,0.45000000000000001,0.25
cifar10_simplecnn,C0,257,1028,43,1.5,0.82111969111969108,75.510000000000005,0.69999999999999996,0.050000000000000003
cifar10_simplecnn,C0,258,1032,238.5,1,0.71907335907335912,75.012,0.55000000000000004,0.050000000000000003
cifar10_simplecnn,C0,259,1036,649,1,0.51861003861003863,71.628,0.34999999999999998,0.29999999999999999
cifar10_simplecnn,C0,260,1040,588,1,0.59208494208494211,72.198000000000008,0.40000000000000002,0.25
cifar10_simplecnn,C0,261,1044,181,1,0.7735907335907336,75.525999999999996,0.65000000000000002,0.050000000000000003
cifar10_simplecnn,C0,262,1048,357,1,0.67243243243243245,74.818000000000012,0.55000000000000004,0.050000000000000003
cifar10_simplecnn,C0,263,1052,246.5,1,0.66444015444015447,71.597999999999999,0.55000000000000004,0.20000000000000001
cifar10_simplecnn,C0,264,1056,416.5,1,0.66613899613899608,73.048000000000002,0.5,0.14999999999999999
cifar10_simplecnn,C0,265,1060,182,1,0.7210424710424711,73.768000000000001,0.55000000000000004,0.050000000000000003
cifar10_simplecnn,C0,266,1064,396,1,0.692972972972973,73.623999999999995,0.5,0.10000000000000001
cifar10_simplecnn,C0,267,1068,602.5,1,0.59482625482625484,72.75,0.34999999999999998,0.10000000000000001
cifar10_simplecnn,C0,268,1072,91.5,1,0.73675675675675678,73.366,0.59999999999999998,0.14999999999999999
cifar10_simplecnn,C0,269,1076,559.5,1,0.61687258687258684,73.373999999999995,0.40000000000000002,0.10000000000000001
cifar10_simplecnn,C0,270,1080,349,1,0.67046332046332047,74.670000000000002,0.55000000000000004,0.10000000000000001
cifar10_simplecnn,C0,271,1084,328.5,1,0.69471042471042466,73.150000000000006,0.5,0.20000000000000001
cifar10_simplecnn,C0,272,1088,440,1,0.67861003861003855,73.366,0.5,0.050000000000000003
cifar10_simplecnn,C0,273,1092,535,1,0.65046332046332045,73.203999999999994,0.45000000000000001,0.10000000000000001
cifar10_simplecnn,C0,274,1096,570,1,0.62054054054054053,73.092000000000013,0.40000000000000002,0.14999999999999999
cifar10_simplecnn,C0,275,1100,94.5,1,0.74204633204633208,74.844000000000008,0.59999999999999998,0.10000000000000001
cifar10_simplecnn,C0,276,1104,433.5,1,0.69922779922779921,74.859999999999985,0.5,0.050000000000000003
cifar10_simplecnn,C0,277,1108,100.5,1,0.78374517374517372,74.390000000000001,0.69999999999999996,0.050000000000000003
cifar10_simplecnn,C0,278,1112,201,1,0.74656370656370652,75.158000000000001,0.59999999999999998,0.050000000000000003
cifar10_simplecnn,C0,279,1116,73.5,1,0.72054054054054062,73.503999999999991,0.59999999999999998,0.10000000000000001
cifar10_simplecnn,C0,280,1120,435,1,0.63922779922779926,72.700000000000003,0.5,0.25
cifar10_simplecnn,C0,281,1124,649,1,0.59810810810810811,70.134,0.40000000000000002,0.14999999999999999
cifar10_simplecnn,C0,282,1128,549.5,1,0.65525096525096527,74.407999999999987,0.40000000000000002,0.14999999999999999
cifar10_simplecnn,C0,283,1132,146,1,0.77783783783783789,75.554000000000002,0.69999999999999996,0.050000000000000003
cifar10_simplecnn,C0,284,1136,211.5,1,0.70787644787644788,74.753999999999991,0.55000000000000004,0.10000000000000001
cifar10_simplecnn,C0,285,1140,209.5,1,0.70772200772200766,73.786000000000001,0.55000000000000004,0.10000000000000001
cifar10_simplecnn,C0,286,1144,562.5,1,0.64227799227799232,74.712000000000003,0.40000000000000002,0.050000000000000003
cifar10_simplecnn,C0,287,1148,377,1,0.69247104247104241,73.301999999999992,0.55000000000000004,0.14999999999999999
cifar10_simplecnn,C0,288,1152,635,1,0.53169884169884174,72.296000000000006,0.20000000000000001,0.20000000000000001
cifar10_simplecnn,C0,289,1156,547.5,1,0.63849420849420846,74.674000000000007,0.40000000000000002,0.10000000000000001
cifar10_simplecnn,C0,290,1160,78.5,1,0.76100386100386097,75.032000000000011,0.65000000000000002,0.10000000000000001
cifar10_simplecnn,C0,291,1164,57.5,1,0.78000000000000003,73.50800000000001,0.75,0.14999999999999999
cifar10_simplecnn,C0,292,1168,463,1,0.67625482625482625,74.591999999999999,0.55000000000000004,0.14999999999999999
cifar10_simplecnn,C0,293,1172,179,1,0.74957528957528952,75.114000000000004,0.59999999999999998,0.10000000000000001
cifar10_simplecnn,C0,294,1176,522.5,1,0.68803088803088808,75.183999999999997,0.45000000000000001,0
cifar10_simplecnn,C0,295,1180,32.5,1,0.85146718146718148,75.579999999999998,0.75,0.050000000000000003
cifar10_simplecnn,C0,296,1184,190.5,1,0.68100386100386101,74.144000000000005,0.55000000000000004,0.20000000000000001
cifar10_simplecnn,C0,297,1188,528.5,1,0.69625482625482626,75.219999999999999,0.45000000000000001,0
cifar10_simplecnn,C0,298,1192,138,1,0.71945945945945944,74.622,0.55000000000000004,0.10000000000000001
cifar10_simplecnn,C0,299,1196,90,1,0.73305019305019303,74.725999999999999,0.59999999999999998,0.10000000000000001
cifar10_simplecnn,C0,300,1200,57.5,1,0.79339768339768335,75.536000000000001,0.65000000000000002,0.050000000000000003
cifar10_simplecnn,C0,301,1204,547,1,0.68613899613899609,74.731999999999999,0.40000000000000002,0.10000000000000001
cifar10_simplecnn,C0,302,1208,366.5,1,0.66679536679536677,73.02000000000001,0.5,0.14999999999999999
cifar10_simplecnn,C0,303,1212,226.5,1,0.74830115830115829,75.219999999999999,0.55000000000000004,0.050000000000000003
cifar10_simplecnn,C0,304,1216,357.5,1,0.67057915057915063,73.331999999999994,0.5,0.10000000000000001
cifar10_simplecnn,C0,305,1220,78,1,0.75393822393822396,72.460000000000008,0.65000000000000002,0.10000000000000001
cifar10_simplecnn,C0,306,1224,82.5,1,0.73505791505791507,74.939999999999998,0.59999999999999998,0.050000000000000003
cifar10_simplecnn,C0,307,1228,55,1,0.78266409266409265,74.207999999999998,0.65000000000000002,0.050000000000000003
cifar10_simplecnn,C0,308,1232,503,1,0.67787644787644785,73.132000000000005,0.5,0.20000000000000001
cifar10_simplecnn,C0,309,1236,547.5,1,0.6093436293436294,71.486000000000004,0.40000000000000002,0.14999999999999999
cifar10_simplecnn,C0,310,1240,120.5,1,0.7651351351351352,75.481999999999999,0.59999999999999998,0
cifar10_simplecnn,C0,311,1244,41,1,0.74416988416988417,73.405999999999992,0.65000000000000002,0.14999999999999999
cifar10_simplecnn,C0,312,1248,560.5,1,0.64193050193050194,74.527999999999992,0.45000000000000001,0.10000000000000001
cifar10_simplecnn,C0,313,1252,38.5,1,0.82583011583011579,75.421999999999997,0.75,0.10000000000000001
cifar10_simplecnn,C0,314,1256,70,1,0.77061776061776066,74.068000000000012,0.65000000000000002,0.050000000000000003
cifar10_simplecnn,C0,315,1260,527,1,0.6855598455598455,74.748000000000005,0.45000000000000001,0.10000000000000001
cifar10_simplecnn,C0,316,1264,196,1,0.70227799227799226,72.207999999999998,0.55000000000000004,0.10000000000000001
cifar10_simplecnn,C0,317,1268,74.5,1,0.77810810810810804,75.616,0.65000000000000002,0
cifar10_simplecnn,C0,318,1272,86,1,0.76606177606177606,73.849999999999994,0.69999999999999996,0.050000000000000003
cifar10_simplecnn,C0,319,1276,337.5,1,0.7445559845559846,75.227999999999994,0.5,0.050000000000000003
cifar10_simplecnn,C0,320,1280,383.5,1,0.68779922779922775,73.426000000000002,0.5,0.10000000000000001
cifar10_simplecnn,C0,321,1284,130.5,1,0.77698841698841703,75.603999999999999,0.65000000000000002,0
cifar10_simplecnn,C0,322,1288,71,1,0.87810810810810813,75.962000000000003,0.80000000000000004,0
cifar10_simplecnn,C0,323,1292,82,1,0.74644787644787647,74.034000000000006,0.65000000000000002,0.10000000000000001
cifar10_simplecnn,C0,324,1296,78,1,0.73741312741312748,72.332000000000008,0.65000000000000002,0.14999999999999999
cifar10_simplecnn,C0,325,1300,275.5,1,0.70861003861003868,73.334000000000003,0.55000000000000004,0.14999999999999999
cifar10_simplecnn,C0,326,1304,284,1,0.70915057915057911,73.436000000000007,0.55000000000000004,0.14999999999999999
cifar10_simplecnn,C0,327,1308,328,1,0.69501930501930498,74.853999999999999,0.55000000000000004,0.14999999999999999
cifar10_simplecnn,C0,328,1312,63,1,0.82011583011583011,75.572000000000003,0.69999999999999996,0
cifar10_simplecnn,C0,329,1316,257.5,1,0.72999999999999998,75.179999999999993,0.55000000000000004,0.050000000000000003
cifar10_simplecnn,C0,330,1320,56,1,0.80868725868725877,74.253999999999991,0.69999999999999996,0.050000000000000003
cifar10_simplecnn,C0,331,1324,158.5,1,0.7112741312741313,74.620000000000005,0.65000000000000002,0.14999999999999999
cifar10_simplecnn,C0,332,1328,42.5,1,0.79610038610038614,73.834000000000003,0.69999999999999996,0.050000000000000003
cifar10_simplecnn,C0,333,1332,239.5,1,0.73042471042471047,75.222000000000008,0.65000000000000002,0.10000000000000001
cifar10_simplecnn,C0,334,1336,81,1,0.7157528957528958,73.450000000000003,0.59999999999999998,0.10000000000000001
cifar10_simplecnn,C0,335,1340,55,1,0.78447876447876452,73.951999999999998,0.75,0.10000000000000001
cifar10_simplecnn,C0,336,1344,570,1,0.64656370656370654,74.609999999999999,0.34999999999999998,0.050000000000000003
cifar10_simplecnn,C0,337,1348,131,1,0.73467181467181475,74.820000000000007,0.59999999999999998,0.14999999999999999
cifar10_simplecnn,C0,338,1352,530.5,1,0.67146718146718143,74.665999999999997,0.5,0.14999999999999999
cifar10_simplecnn,C0,339,1356,71,1,0.76034749034749027,75.006,0.65000000000000002,0.10000000000000001
cifar10_simplecnn,C0,340,1360,75,1,0.78633204633204634,75.513999999999996,0.65000000000000002,0.050000000000000003
cifar10_simplecnn,C0,341,1364,85.5,1,0.75633204633204643,73.823999999999998,0.65000000000000002,0.10000000000000001
cifar10_simplecnn,C0,342,1368,61,1,0.76335907335907338,75.177999999999997,0.59999999999999998,0.050000000000000003
cifar10_simplecnn,C0,343,1372,85.5,1,0.733976833976834,74.77000000000001,0.59999999999999998,0.14999999999999999
cifar10_simplecnn,C0,344,1376,49,1,0.73621621621621625,74.896000000000001,0.59999999999999998,0.10000000000000001
cifar10_simplecnn,C0,345,1380,329.5,1,0.67297297297297298,72.727999999999994,0.5,0.14999999999999999
cifar10_simplecnn,C0,346,1384,579,1,0.62806949806949808,74.445999999999998,0.34999999999999998,0.10000000000000001
cifar10_simplecnn,C0,347,1388,468.5,1,0.68594594594594593,72.171999999999997,0.55000000000000004,0.14999999999999999
cifar10_simplecnn,C0,348,1392,438.5,1,0.69505791505791503,75.189999999999998,0.5,0.050000000000000003
cifar10_simplecnn,C0,349,1396,74,1,0.77525096525096526,75.415999999999997,0.65000000000000002,0.050000000000000003
cifar10_simplecnn,C0,350,1400,579,1,0.64583011583011585,74.787999999999997,0.40000000000000002,0.050000000000000003
cifar10_simplecnn,C0,351,1404,215,1,0.66563706563706559,71.734000000000009,0.55000000000000004,0.14999999999999999
cifar10_simplecnn,C0,352,1408,177,1,0.71378378378378371,74.451999999999998,0.55000000000000004,0.20000000000000001
cifar10_simplecnn,C0,353,1412,124.5,1,0.7538223938223938,74.808000000000007,0.69999999999999996,0.14999999999999999
cifar10_simplecnn,C0,354,1416,91,1,0.77270270270270269,75.370000000000005,0.59999999999999998,0.050000000000000003
cifar10_simplecnn,C0,355,1420,516,1,0.64505791505791499,72.932000000000002,0.5,0.14999999999999999
cifar10_simplecnn,C0,356,1424,343,1,0.69436293436293428,73.52000000000001,0.55000000000000004,0.10000000000000001
cifar10_simplecnn,C0,357,1428,49,1,0.83050193050193055,75.665999999999997,0.75,0.050000000000000003
cifar10_simplecnn,C0,358,1432,221,1,0.74714285714285711,75.311999999999998,0.59999999999999998,0.10000000000000001
cifar10_simplecnn,C0,359,1436,74,1,0.74880308880308877,73.676000000000002,0.65000000000000002,0.10000000000000001
cifar10_simplecnn,C0,360,1440,31.5,1,0.82729729729729728,75.370000000000005,0.75,0.050000000000000003
cifar10_simplecnn,C0,361,1444,87,1,0.73976833976833978,75.129999999999995,0.55000000000000004,0.050000000000000003
cifar10_simplecnn,C0,362,1448,349.5,1,0.70131274131274135,75.006,0.5,0.050000000000000003
cifar10_simplecnn,C0,363,1452,77,1,0.73490347490347496,73.515999999999991,0.55000000000000004,0.14999999999999999
cifar10_simplecnn,C0,364,1456,77.5,1,0.80274131274131277,75.920000000000002,0.65000000000000002,0
cifar10_simplecnn,C0,365,1460,74.5,1,0.74957528957528952,73.599999999999994,0.59999999999999998,0.10000000000000001
cifar10_simplecnn,C0,366,1464,201.5,1,0.71007722007722007,74.816000000000003,0.55000000000000004,0.14999999999999999
cifar10_simplecnn,C0,367,1468,49.5,1,0.82003861003861012,74.268000000000001,0.75,0.10000000000000001
cifar10_simplecnn,C0,368,1472,56,1,0.82972972972972969,75.864000000000004,0.69999999999999996,0
cifar10_simplecnn,C0,369,1476,45.5,1,0.81536679536679535,75.700000000000003,0.69999999999999996,0
cifar10_simplecnn,C0,370,1480,57,1,0.80289575289575288,75.608000000000004,0.65000000000000002,0.050000000000000003
cifar10_simplecnn,C0,371,1484,310.5,1,0.68776061776061781,74.429999999999993,0.5,0.14999999999999999
cifar10_simplecnn,C0,372,1488,78.5,1,0.79544401544401544,75.781999999999996,0.59999999999999998,0
cifar10_simplecnn,C0,373,1492,378.5,1,0.70679536679536681,73.676000000000002,0.5,0.050000000000000003
cifar10_simplecnn,C0,374,1496,44.5,1,0.91613899613899608,76.280000000000001,0.90000000000000002,0
cifar10_simplecnn,C0,375,1500,80.5,1,0.81934362934362936,76.049999999999997,0.69999999999999996,0
cifar10_simplecnn,C0,376,1504,87,1,0.75671814671814674,75.372,0.55000000000000004,0.050000000000000003
cifar10_simplecnn,C0,377,1508,71.5,1,0.75795366795366792,74.00800000000001,0.65000000000000002,0.050000000000000003
cifar10_simplecnn,C0,378,1512,25.5,1,0.82938223938223943,75.611999999999995,0.69999999999999996,0.050000000000000003
cifar10_simplecnn,C0,379,1516,54.5,1,0.77845559845559842,72.712000000000003,0.65000000000000002,0.10000000000000001
cifar10_simplecnn,C0,380,1520,67.5,1,0.81285714285714283,75.609999999999999,0.69999999999999996,0.050000000000000003
cifar10_simplecnn,C0,381,1524,81,1,0.76189189189189199,75.013999999999996,0.65000000000000002,0.10000000000000001
cifar10_simplecnn,C0,382,1528,45.5,1,0.82945945945945943,74.234000000000009,0.75,0.10000000000000001
cifar10_simplecnn,C0,383,1532,210,1,0.73382239382239389,75.048000000000002,0.55000000000000004,0.050000000000000003
cifar10_simplecnn,C0,384,1536,152.5,1,0.72776061776061773,73.77000000000001,0.59999999999999998,0.050000000000000003
cifar10_simplecnn,C0,385,1540,66.5,1,0.82972972972972969,75.897999999999996,0.69999999999999996,0
cifar10_simplecnn,C0,386,1544,49,1,0.80918918918918925,75.391999999999996,0.69999999999999996,0.10000000000000001
cifar10_simplecnn,C0,387,1548,61.5,1,0.85814671814671806,76.027999999999992,0.75,0
cifar10_simplecnn,C0,388,1552,529,1,0.65169884169884162,71.488,0.45000000000000001,0.20000000000000001
cifar10_simplecnn,C0,389,1556,56.5,1,0.79189189189189191,75.165999999999997,0.69999999999999996,0.14999999999999999
cifar10_simplecnn,C0,390,1560,55,1,0.850965250965251,75.638000000000005,0.75,0.050000000000000003
cifar10_simplecnn,C0,391,1564,531,1,0.69181467181467182,74.811999999999998,0.45000000000000001,0.050000000000000003
cifar10_simplecnn,C0,392,1568,73,1,0.76737451737451745,74.996000000000009,0.65000000000000002,0.050000000000000003
cifar10_simplecnn,C0,393,1572,71,1,0.74745173745173743,75.356000000000009,0.55000000000000004,0
cifar10_simplecnn,C0,394,1576,72.5,1,0.77586872586872579,73.972000000000008,0.59999999999999998,0.050000000000000003
cifar10_simplecnn,C0,395,1580,48,1,0.86011583011583015,75.974000000000004,0.75,0
cifar10_simplecnn,C0,396,1584,72.5,1,0.77451737451737457,74.152000000000001,0.69999999999999996,0.10000000000000001
cifar10_simplecnn,C0,397,1588,51,1,0.78675675675675671,73.787999999999997,0.69999999999999996,0.10000000000000001
cifar10_simplecnn,C0,398,1592,184.5,1,0.71679536679536682,73.841999999999999,0.55000000000000004,0.050000000000000003
cifar10_simplecnn,C0,399,1596,59.5,1,0.78640926640926634,75.388000000000005,0.59999999999999998,0.050000000000000003
cifar10_simplecnn,C0,400,1600,29,1,0.83714285714285719,75.488,0.75,0.10000000000000001
cifar10_simplecnn,C0,401,1604,35,1,0.84729729729729741,75.813999999999993,0.75,0.050000000000000003
cifar10_simplecnn,C0,402,1608,78.5,1,0.74100386100386095,75.155999999999992,0.59999999999999998,0.10000000000000001
cifar10_simplecnn,C0,403,1612,72.5,1,0.77486486486486483,75.388000000000005,0.65000000000000002,0.10000000000000001
cifar10_simplecnn,C0,404,1616,28,1,0.92536679536679534,76.042000000000002,0.90000000000000002,0.050000000000000003
cifar10_simplecnn,C0,405,1620,77.5,1,0.75559845559845562,74.936000000000007,0.59999999999999998,0.10000000000000001
cifar10_simplecnn,C0,406,1624,54.5,1,0.77617760617760623,74.097999999999999,0.65000000000000002,0.050000000000000003
cifar10_simplecnn,C0,407,1628,42.5,1,0.85718146718146715,75.798000000000002,0.80000000000000004,0
cifar10_simplecnn,C0,408,1632,72.5,1,0.82057915057915065,75.738,0.69999999999999996,0.050000000000000003
cifar10_simplecnn,C0,409,1636,52,1,0.86930501930501924,76.225999999999999,0.80000000000000004,0
cifar10_simplecnn,C0,410,1640,40,1,0.87474903474903465,75.762,0.80000000000000004,0.050000000000000003
cifar10_simplecnn,C0,411,1644,65.5,1,0.84420849420849431,75.847999999999999,0.69999999999999996,0
cifar10_simplecnn,C0,412,1648,311,1,0.70814671814671803,74.944000000000003,0.55000000000000004,0.10000000000000001
cifar10_simplecnn,C0,413,1652,417,1,0.68729729729729727,73.622,0.5,0.10000000000000001
cifar10_simplecnn,C0,414,1656,70.5,1,0.77590733590733596,75.289999999999992,0.65000000000000002,0.050000000000000003
cifar10_simplecnn,C0,415,1660,47,1,0.80073359073359074,75.299999999999997,0.69999999999999996,0.050000000000000003
cifar10_simplecnn,C0,416,1664,28.5,1,0.80540540540540539,75.198000000000008,0.75,0.14999999999999999
cifar10_simplecnn,C0,417,1668,42.5,1,0.8381081081081081,75.681999999999988,0.69999999999999996,0.050000000000000003
cifar10_simplecnn,C0,418,1672,72.5,1,0.7818918918918919,75.349999999999994,0.65000000000000002,0.050000000000000003
cifar10_simplecnn,C0,419,1676,35.5,1,0.85119691119691121,75.715999999999994,0.75,0
cifar10_simplecnn,C0,420,1680,53.5,1,0.82123552123552135,75.146000000000001,0.75,0.10000000000000001
cifar10_simplecnn,C0,421,1684,62,1,0.86741312741312748,75.953999999999994,0.80000000000000004,0.050000000000000003
cifar10_simplecnn,C0,422,1688,50,1,0.89000000000000001,75.897999999999996,0.84999999999999998,0.050000000000000003
cifar10_simplecnn,C0,423,1692,84.5,1,0.76158301158301156,75.331999999999994,0.59999999999999998,0.10000000000000001
cifar10_simplecnn,C0,424,1696,66,1,0.76934362934362932,75.244,0.59999999999999998,0.050000000000000003
cifar10_simplecnn,C0,425,1700,49.5,1,0.84722007722007719,75.756,0.75,0
cifar10_simplecnn,C0,426,1704,48.5,1,0.8433976833976834,75.664000000000001,0.75,0.050000000000000003
cifar10_simplecnn,C0,427,1708,60.5,1,0.86444015444015443,76.162000000000006,0.80000000000000004,0
cifar10_simplecnn,C0,428,1712,52,1,0.88861003861003862,76.186000000000007,0.80000000000000004,0
cifar10_simplecnn,C0,429,1716,33.5,1,0.78057915057915062,73.701999999999998,0.65000000000000002,0.10000000000000001
cifar10_simplecnn,C0,430,1720,65,1,0.79343629343629352,75.829999999999998,0.59999999999999998,0
cifar10_simplecnn,C0,431,1724,128,1,0.74864864864864866,75.091999999999999,0.65000000000000002,0.10000000000000001
cifar10_simplecnn,C0,432,1728,85,1,0.76227799227799231,75.463999999999999,0.59999999999999998,0
cifar10_simplecnn,C0,433,1732,38,1,0.85803088803088801,76.048000000000002,0.75,0
cifar10_simplecnn,C0,434,1736,35,1,0.83776061776061772,75.549999999999997,0.75,0.050000000000000003
cifar10_simplecnn,C0,435,1740,31,1,0.79895752895752892,75.400000000000006,0.69999999999999996,0.050000000000000003
cifar10_simplecnn,C0,436,1744,63.5,1,0.82003861003861012,75.890000000000001,0.69999999999999996,0
cifar10_simplecnn,C0,437,1748,52,1,0.79806949806949812,75.597999999999999,0.65000000000000002,0.050000000000000003
cifar10_simplecnn,C0,438,1752,60,1,0.81436293436293439,75.760000000000005,0.65000000000000002,0
cifar10_simplecnn,C0,439,1756,31,1,0.88343629343629337,76.177999999999997,0.80000000000000004,0
cifar10_simplecnn,C0,440,1760,245,1,0.72880308880308875,75.27000000000001,0.55000000000000004,0.050000000000000003
cifar10_simplecnn,C0,441,1764,52,1,0.84999999999999998,75.75,0.75,0.050000000000000003
cifar10_simplecnn,C0,442,1768,11.5,1,0.94046332046332048,76.301999999999992,0.94999999999999996,0
cifar10_simplecnn,C0,443,1772,80,1,0.80069498069498068,75.515999999999991,0.65000000000000002,0.050000000000000003
cifar10_simplecnn,C0,444,1776,48.5,1,0.89084942084942076,76.281999999999996,0.84999999999999998,0
cifar10_simplecnn,C0,445,1780,25.5,1,0.88262548262548268,76.001999999999995,0.80000000000000004,0
cifar10_simplecnn,C0,446,1784,84,1,0.78123552123552131,75.260000000000005,0.65000000000000002,0.10000000000000001
cifar10_simplecnn,C0,447,1788,69.5,1,0.77922779922779928,75.063999999999993,0.65000000000000002,0.10000000000000001
cifar10_simplecnn,C0,448,1792,62,1,0.82339768339768349,74.284000000000006,0.75,0.10000000000000001
cifar10_simplecnn,C0,449,1796,30.5,1,0.85135135135135143,74.364000000000004,0.80000000000000004,0.050000000000000003
cifar10_simplecnn,C0,450,1800,32.5,1,0.8243629343629344,75.561999999999998,0.69999999999999996,0.050000000000000003
cifar10_simplecnn,C0,451,1804,64,1,0.84216216216216222,75.670000000000002,0.75,0.050000000000000003
cifar10_simplecnn,C0,452,1808,96.5,1,0.76027027027027028,75.554000000000002,0.55000000000000004,0
cifar10_simplecnn,C0,453,1812,65,1,0.8701544401544401,76.403999999999996,0.84999999999999998,0
cifar10_simplecnn,C0,454,1816,36,1,0.88949806949806953,76.114000000000004,0.84999999999999998,0
cifar10_simplecnn,C0,455,1820,40.5,1,0.81563706563706562,74.140000000000001,0.75,0.10000000000000001
cifar10_simplecnn,C0,456,1824,27,1,0.91386100386100377,76.111999999999995,0.90000000000000002,0.050000000000000003
cifar10_simplecnn,C0,457,1828,64,1,0.77146718146718141,75.188000000000002,0.65000000000000002,0.10000000000000001
cifar10_simplecnn,C0,458,1832,10,1,0.8154826254826254,75.705999999999989,0.65000000000000002,0
cifar10_simplecnn,C0,459,1836,79,1,0.74756756756756759,72.337999999999994,0.65000000000000002,0.14999999999999999
cifar10_simplecnn,C0,460,1840,38.5,1,0.86424710424710427,75.653999999999996,0.80000000000000004,0.10000000000000001
cifar10_simplecnn,C0,461,1844,35.5,1,0.85675675675675667,75.977999999999994,0.80000000000000004,0.050000000000000003
cifar10_simplecnn,C0,462,1848,26,1,0.84760617760617762,75.525999999999996,0.80000000000000004,0.10000000000000001
cifar10_simplecnn,C0,463,1852,20.5,1,0.84660231660231666,75.671999999999997,0.75,0.050000000000000003
cifar10_simplecnn,C0,464,1856,35.5,1,0.86915057915057914,75.867999999999995,0.75,0
cifar10_simplecnn,C0,465,1860,34,1,0.86366795366795368,75.915999999999997,0.75,0
cifar10_simplecnn,C0,466,1864,80.5,1,0.76254826254826258,74.97999999999999,0.59999999999999998,0.14999999999999999
cifar10_simplecnn,C0,467,1868,33.5,1,0.87803088803088802,76.24199999999999,0.80000000000000004,0
cifar10_simplecnn,C0,468,1872,42,1,0.86544401544401539,76.155999999999992,0.80000000000000004,0
cifar10_simplecnn,C0,469,1876,32.5,1,0.85702702702702704,75.986000000000004,0.75,0
cifar10_simplecnn,C0,470,1880,36.5,1,0.84393822393822404,75.808000000000007,0.75,0.050000000000000003
cifar10_simplecnn,C0,471,1884,30.5,1,0.92370656370656368,76.484000000000009,0.90000000000000002,0
cifar10_simplecnn,C0,472,1888,54,1,0.79038610038610035,74.094000000000008,0.69999999999999996,0.050000000000000003
cifar10_simplecnn,C0,473,1892,31.5,1,0.8922779922779922,76.167999999999992,0.80000000000000004,0
cifar10_simplecnn,C0,474,1896,32,1,0.83104247104247109,75.548000000000002,0.75,0.050000000000000003
cifar10_simplecnn,C0,475,1900,56,1,0.78830115830115832,75.620000000000005,0.59999999999999998,0.050000000000000003
cifar10_simplecnn,C0,476,1904,47.5,1,0.86208494208494213,76.066000000000003,0.75,0
cifar10_simplecnn,C0,477,1908,33.5,1,0.87181467181467176,75.921999999999997,0.80000000000000004,0.050000000000000003
cifar10_simplecnn,C0,478,1912,33.5,1,0.82559845559845557,75.931999999999988,0.65000000000000002,0
cifar10_simplecnn,C0,479,1916,10,1,0.91127413127413137,76.060000000000002,0.84999999999999998,0
cifar10_simplecnn,C0,480,1920,17,1,0.88208494208494204,75.936000000000007,0.80000000000000004,0.050000000000000003
cifar10_simplecnn,C0,481,1924,90.5,1,0.7607335907335907,75.301999999999992,0.55000000000000004,0.050000000000000003
cifar10_simplecnn,C0,482,1928,33.5,1,0.84482625482625484,75.679999999999993,0.75,0.050000000000000003
cifar10_simplecnn,C0,483,1932,33,1,0.84270270270270264,75.652000000000001,0.75,0.050000000000000003
cifar10_simplecnn,C0,484,1936,27,1,0.84451737451737452,75.555999999999997,0.75,0.050000000000000003
cifar10_simplecnn,C0,485,1940,37,1,0.85760617760617763,76.048000000000002,0.80000000000000004,0
cifar10_simplecnn,C0,486,1944,78,1,0.82343629343629343,76.051999999999992,0.69999999999999996,0
cifar10_simplecnn,C0,487,1948,79,1,0.78239382239382238,75.25,0.65000000000000002,0.10000000000000001
cifar10_simplecnn,C0,488,1952,33.5,1,0.85146718146718148,75.542000000000002,0.75,0.10000000000000001
cifar10_simplecnn,C0,489,1956,29,1,0.95359073359073354,76.512,0.94999999999999996,0
cifar10_simplecnn,C0,490,1960,50.5,1,0.82274131274131279,75.801999999999992,0.75,0.050000000000000003
cifar10_simplecnn,C0,491,1964,24.5,1,0.8805019305019306,75.953999999999994,0.84999999999999998,0.050000000000000003
cifar10_simplecnn,C0,492,1968,31,1,0.90463320463320473,75.885999999999996,0.90000000000000002,0.10000000000000001
cifar10_simplecnn,C0,493,1972,74.5,1,0.79389961389961394,74.260000000000005,0.65000000000000002,0.050000000000000003
cifar10_simplecnn,C0,494,1976,28,1,0.82586872586872584,75.75,0.65000000000000002,0
cifar10_simplecnn,C0,495,1980,33,1,0.88872586872586867,75.890000000000001,0.84999999999999998,0.050000000000000003
cifar10_simplecnn,C0,496,1984,47,1,0.8455984555984557,75.695999999999998,0.75,0.050000000000000003
cifar10_simplecnn,C0,497,1988,36,1,0.82015444015444017,74.349999999999994,0.69999999999999996,0.050000000000000003
cifar10_simplecnn,C0,498,1992,65,1,0.82061776061776059,75.894000000000005,0.69999999999999996,0
cifar10_simplecnn,C0,499,1996,13,1,0.89428571428571435,76.072000000000003,0.80000000000000004,0
cifar10_simplecnn,C0,500,2000,26,1,0.8761003861003861,75.837999999999994,0.80000000000000004,0
cifar10_simplecnn,C0,501,2004,50,1,0.9421621621621622,76.635999999999996,0.94999999999999996,0
cifar10_simplecnn,C0,502,2008,26.5,1,0.85949806949806951,76.054000000000002,0.80000000000000004,0
cifar10_simplecnn,C0,503,2012,27.5,1,0.84768339768339762,75.974000000000004,0.75,0
cifar10_simplecnn,C0,504,2016,66.5,1,0.86803088803088801,76.203999999999994,0.80000000000000004,0
cifar10_simplecnn,C0,505,2020,42,1,0.9066795366795366,75.974000000000004,0.90000000000000002,0.050000000000000003
cifar10_simplecnn,C0,506,2024,9.5,1,0.97517374517374511,76.530000000000001,1,0
cifar10_simplecnn,C0,507,2028,36.5,1,0.87691119691119701,76.102000000000004,0.80000000000000004,0
cifar10_simplecnn,C0,508,2032,10,1,0.90088803088803093,76.143999999999991,0.80000000000000004,0
cifar10_simplecnn,C0,509,2036,80,1,0.80289575289575288,75.825999999999993,0.65000000000000002,0
cifar10_simplecnn,C0,510,2040,36.5,1,0.83830115830115837,75.364000000000004,0.75,0.10000000000000001
cifar10_simplecnn,C0,511,2044,24,1,0.86756756756756759,75.994,0.75,0
cifar10_simplecnn,C0,512,2048,34,1,0.93111969111969106,76.331999999999994,0.90000000000000002,0
cifar10_simplecnn,C1,1,4,535,535,0.49212355212355219,66.415999999999997,0.29999999999999999,0.34999999999999998
cifar10_simplecnn,C1,2,8,500.5,360.5,0.60297297297297292,73.688000000000002,0.5,0.10000000000000001
cifar10_simplecnn,C1,3,12,579.5,288,0.54868725868725865,69.998000000000005,0.45000000000000001,0.20000000000000001
cifar10_simplecnn,C1,4,16,465,214,0.5523938223938224,69.706000000000003,0.55000000000000004,0.29999999999999999
cifar10_simplecnn,C1,5,20,422.5,146,0.62162162162162171,72.929999999999993,0.65000000000000002,0.20000000000000001
cifar10_simplecnn,C1,6,24,442.5,98,0.59027027027027024,69.018000000000001,0.55000000000000004,0.20000000000000001
cifar10_simplecnn,C1,7,28,549,98,0.56583011583011589,72.664000000000001,0.40000000000000002,0.14999999999999999
cifar10_simplecnn,C1,8,32,681,92,0.52868725868725863,72.246000000000009,0.34999999999999998,0.20000000000000001
cifar10_simplecnn,C1,9,36,312.5,76.5,0.66030888030888035,72.195999999999998,0.69999999999999996,0.10000000000000001
cifar10_simplecnn,C1,10,40,357.5,44,0.67571428571428571,74.611999999999995,0.59999999999999998,0.14999999999999999
cifar10_simplecnn,C1,11,44,652,22,0.57374517374517375,72.390000000000001,0.40000000000000002,0.25
cifar10_simplecnn,C1,12,48,457,22,0.62949806949806952,73.174000000000007,0.65000000000000002,0.20000000000000001
cifar10_simplecnn,C1,13,52,523.5,22,0.57208494208494209,72.996000000000009,0.5,0.20000000000000001
cifar10_simplecnn,C1,14,56,482,22,0.54992277992277994,68.132000000000005,0.55000000000000004,0.40000000000000002
cifar10_simplecnn,C1,15,60,557.5,22,0.56351351351351353,72.299999999999997,0.45000000000000001,0.29999999999999999
cifar10_simplecnn,C1,16,64,348.5,22,0.64888030888030879,73.852000000000004,0.69999999999999996,0.10000000000000001
cifar10_simplecnn,C1,17,68,675.5,22,0.52637065637065628,72.734000000000009,0.40000000000000002,0.14999999999999999
cifar10_simplecnn,C1,18,72,547,22,0.57996138996139002,71.405999999999992,0.45000000000000001,0.25
cifar10_simplecnn,C1,19,76,479.5,22,0.59644787644787645,71.603999999999999,0.5,0.14999999999999999
cifar10_simplecnn,C1,20,80,416,22,0.60181467181467174,68.549999999999997,0.55000000000000004,0.25
cifar10_simplecnn,C1,21,84,393,22,0.65559845559845553,73.805999999999997,0.65000000000000002,0.14999999999999999
cifar10_simplecnn,C1,22,88,696.5,16.5,0.54861003861003854,70.981999999999999,0.45000000000000001,0.25
cifar10_simplecnn,C1,23,92,636.5,16.5,0.5235907335907336,70.322000000000003,0.40000000000000002,0.34999999999999998
cifar10_simplecnn,C1,24,96,492.5,16.5,0.55038610038610036,70.263999999999996,0.5,0.25
cifar10_simplecnn,C1,25,100,467.5,16.5,0.59760617760617762,74.117999999999995,0.5,0.25
cifar10_simplecnn,C1,26,104,423,15,0.63922779922779926,73.489999999999995,0.55000000000000004,0.10000000000000001
cifar10_simplecnn,C1,27,108,592.5,15,0.51196911196911199,70.573999999999998,0.40000000000000002,0.29999999999999999
cifar10_simplecnn,C1,28,112,407,15,0.62633204633204631,73.046000000000006,0.55000000000000004,0.20000000000000001
cifar10_simplecnn,C1,29,116,529,15,0.55250965250965245,72.298000000000002,0.40000000000000002,0.29999999999999999
cifar10_simplecnn,C1,30,120,652.5,15,0.54625482625482624,70.611999999999995,0.34999999999999998,0.29999999999999999
cifar10_simplecnn,C1,31,124,567.5,15,0.53575289575289575,72.444000000000003,0.5,0.25
cifar10_simplecnn,C1,32,128,419,15,0.6353667953667953,73.656000000000006,0.65000000000000002,0.14999999999999999
cifar10_simplecnn,C1,33,132,358,15,0.68853281853281856,75.417999999999992,0.75,0.10000000000000001
cifar10_simplecnn,C1,34,136,396.5,15,0.65196911196911189,73.453999999999994,0.65000000000000002,0.14999999999999999
cifar10_simplecnn,C1,35,140,366.5,15,0.69957528957528958,75.855999999999995,0.75,0.050000000000000003
cifar10_simplecnn,C1,36,144,374.5,15,0.64679536679536676,73.536000000000001,0.59999999999999998,0.10000000000000001
cifar10_simplecnn,C1,37,148,466,15,0.57976833976833975,72.292000000000002,0.5,0.25
cifar10_simplecnn,C1,38,152,321,15,0.64772200772200772,73.164000000000001,0.69999999999999996,0.20000000000000001
cifar10_simplecnn,C1,39,156,618.5,14,0.57803088803088809,72.549999999999997,0.45000000000000001,0.25
cifar10_simplecnn,C1,40,160,442,14,0.64034749034749039,74.070000000000007,0.65000000000000002,0.050000000000000003
cifar10_simplecnn,C1,41,164,371.5,14,0.61544401544401539,71.921999999999997,0.65000000000000002,0.14999999999999999
cifar10_simplecnn,C1,42,168,431,11.5,0.59007722007722008,71.866,0.59999999999999998,0.20000000000000001
cifar10_simplecnn,C1,43,172,611,11.5,0.62050193050193048,74.753999999999991,0.40000000000000002,0.050000000000000003
cifar10_simplecnn,C1,44,176,389,11.5,0.66876447876447875,73.689999999999998,0.75,0.14999999999999999
cifar10_simplecnn,C1,45,180,523,11.5,0.5654054054054054,71.484000000000009,0.5,0.25
cifar10_simplecnn,C1,46,184,504,11.5,0.61019305019305015,74.448000000000008,0.5,0.14999999999999999
cifar10_simplecnn,C1,47,188,277.5,11.5,0.69189189189189193,72.748000000000005,0.75,0.10000000000000001
cifar10_simplecnn,C1,48,192,482,10.5,0.6146332046332047,72.219999999999999,0.55000000000000004,0.14999999999999999
cifar10_simplecnn,C1,49,196,484,10.5,0.60610038610038608,73.846000000000004,0.55000000000000004,0.050000000000000003
cifar10_simplecnn,C1,50,200,429,10.5,0.60007722007722009,72.244,0.59999999999999998,0.14999999999999999
cifar10_simplecnn,C1,51,204,395.5,10.5,0.5996525096525096,70.286000000000001,0.65000000000000002,0.20000000000000001
cifar10_simplecnn,C1,52,208,517,10.5,0.55216216216216218,73.427999999999997,0.5,0.10000000000000001
cifar10_simplecnn,C1,53,212,343.5,10.5,0.6565250965250965,72.298000000000002,0.75,0.20000000000000001
cifar10_simplecnn,C1,54,216,319.5,10.5,0.7059073359073359,75.578000000000003,0.75,0.050000000000000003
cifar10_simplecnn,C1,55,220,396.5,10.5,0.61714285714285722,71.756,0.65000000000000002,0.25
cifar10_simplecnn,C1,56,224,479,10.5,0.5767953667953668,73.200000000000003,0.5,0.20000000000000001
cifar10_simplecnn,C1,57,228,503,10.5,0.58328185328185334,74.753999999999991,0.5,0.10000000000000001
cifar10_simplecnn,C1,58,232,375.5,10.5,0.67332046332046336,75.433999999999997,0.69999999999999996,0.050000000000000003
cifar10_simplecnn,C1,59,236,395,10.5,0.61679536679536684,71.938000000000002,0.65000000000000002,0.14999999999999999
cifar10_simplecnn,C1,60,240,446,10.5,0.6131660231660232,73.878,0.69999999999999996,0.10000000000000001
cifar10_simplecnn,C1,61,244,476,10.5,0.57610038610038605,71.981999999999999,0.65000000000000002,0.14999999999999999
cifar10_simplecnn,C1,62,248,517.5,10.5,0.55888030888030893,73.323999999999998,0.5,0.14999999999999999
cifar10_simplecnn,C1,63,252,334.5,10.5,0.64069498069498065,71.731999999999999,0.65000000000000002,0.25
cifar10_simplecnn,C1,64,256,446.5,10.5,0.65629343629343628,74.015999999999991,0.65000000000000002,0.10000000000000001
cifar10_simplecnn,C1,65,260,434,10.5,0.62891891891891893,75.222000000000008,0.65000000000000002,0.050000000000000003
cifar10_simplecnn,C1,66,264,370,10.5,0.62965250965250963,73.705999999999989,0.69999999999999996,0.10000000000000001
cifar10_simplecnn,C1,67,268,434,10.5,0.65073359073359072,75.341999999999999,0.69999999999999996,0.10000000000000001
cifar10_simplecnn,C1,68,272,316.5,10.5,0.73926640926640919,76.231999999999999,0.84999999999999998,0
cifar10_simplecnn,C1,69,276,491.5,10.5,0.58907335907335912,74.597999999999999,0.5,0.14999999999999999
cifar10_simplecnn,C1,70,280,461,10.5,0.55436293436293438,72.920000000000002,0.55000000000000004,0.20000000000000001
cifar10_simplecnn,C1,71,284,411,10.5,0.62455598455598449,73.844000000000008,0.65000000000000002,0.10000000000000001
cifar10_simplecnn,C1,72,288,479.5,10.5,0.55212355212355213,71.286000000000001,0.5,0.25
cifar10_simplecnn,C1,73,292,456.5,10.5,0.63254826254826257,74.903999999999996,0.59999999999999998,0.10000000000000001
cifar10_simplecnn,C1,74,296,407,10.5,0.70220077220077226,75.914000000000001,0.69999999999999996,0
cifar10_simplecnn,C1,75,300,365.5,10.5,0.68756756756756754,75.418000000000006,0.69999999999999996,0.10000000000000001
cifar10_simplecnn,C1,76,304,511,10.5,0.59169884169884168,74.676000000000002,0.5,0.14999999999999999
cifar10_simplecnn,C1,77,308,437.5,10.5,0.616988416988417,73.634,0.69999999999999996,0.14999999999999999
cifar10_simplecnn,C1,78,312,396,10.5,0.67918918918918914,75.515999999999991,0.69999999999999996,0.050000000000000003
cifar10_simplecnn,C1,79,316,464,10.5,0.60409266409266416,74.989999999999995,0.55000000000000004,0.10000000000000001
cifar10_simplecnn,C1,80,320,339,10.5,0.6816602316602316,75.462000000000003,0.75,0.10000000000000001
cifar10_simplecnn,C1,81,324,448,10.5,0.61003861003861004,74.731999999999999,0.65000000000000002,0.14999999999999999
cifar10_simplecnn,C1,82,328,414,10.5,0.65787644787644795,75.903999999999996,0.80000000000000004,0
cifar10_simplecnn,C1,83,332,465.5,10.5,0.59567567567567559,74.820000000000007,0.59999999999999998,0.14999999999999999
cifar10_simplecnn,C1,84,336,474.5,10.5,0.55926640926640925,71.718000000000004,0.55000000000000004,0.20000000000000001
cifar10_simplecnn,C1,85,340,427.5,9.5,0.68864864864864861,75.722000000000008,0.75,0.050000000000000003
cifar10_simplecnn,C1,86,344,399,9.5,0.65366795366795372,74.046000000000006,0.69999999999999996,0.10000000000000001
cifar10_simplecnn,C1,87,348,414,9.5,0.67297297297297298,75.539999999999992,0.75,0.10000000000000001
cifar10_simplecnn,C1,88,352,450.5,9.5,0.65223938223938227,74.116,0.65000000000000002,0.050000000000000003
cifar10_simplecnn,C1,89,356,411,9.5,0.66555984555984549,75.635999999999996,0.75,0.050000000000000003
cifar10_simplecnn,C1,90,360,412.5,9.5,0.69061776061776059,75.986000000000004,0.84999999999999998,0.050000000000000003
cifar10_simplecnn,C1,91,364,366,9.5,0.6602702702702703,72.174000000000007,0.69999999999999996,0.20000000000000001
cifar10_simplecnn,C1,92,368,608,9,0.55841698841698839,71.498000000000005,0.45000000000000001,0.20000000000000001
cifar10_simplecnn,C1,93,372,310.5,9,0.693050193050193,74.128,0.75,0.10000000000000001
cifar10_simplecnn,C1,94,376,514.5,9,0.50366795366795369,72.00800000000001,0.55000000000000004,0.40000000000000002
cifar10_simplecnn,C1,95,380,365,9,0.66220077220077223,73.557999999999993,0.69999999999999996,0.14999999999999999
cifar10_simplecnn,C1,96,384,409,9,0.69683397683397685,75.477999999999994,0.65000000000000002,0.050000000000000003
cifar10_simplecnn,C1,97,388,453.5,9,0.58926640926640927,72.426000000000002,0.75,0.14999999999999999
cifar10_simplecnn,C1,98,392,397.5,9,0.68212355212355213,74.626000000000005,0.84999999999999998,0.050000000000000003
cifar10_simplecnn,C1,99,396,402,9,0.66320463320463319,75.542000000000002,0.69999999999999996,0.050000000000000003
cifar10_simplecnn,C1,100,400,389.5,9,0.66779922779922773,75.575999999999993,0.80000000000000004,0.10000000000000001
cifar10_simplecnn,C1,101,404,400,9,0.6528571428571428,75.182000000000002,0.80000000000000004,0.14999999999999999
cifar10_simplecnn,C1,102,408,315.5,9,0.6632818532818533,72.457999999999998,0.75,0.14999999999999999
cifar10_simplecnn,C1,103,412,315,9,0.70115830115830113,75.465999999999994,0.75,0.10000000000000001
cifar10_simplecnn,C1,104,416,446,9,0.60057915057915057,73.359999999999999,0.65000000000000002,0.20000000000000001
cifar10_simplecnn,C1,105,420,454,9,0.61749034749034748,74.128,0.75,0.10000000000000001
cifar10_simplecnn,C1,106,424,414,9,0.64644787644787649,75.090000000000003,0.69999999999999996,0.14999999999999999
cifar10_simplecnn,C1,107,428,446.5,9,0.61803088803088801,73.912000000000006,0.69999999999999996,0.10000000000000001
cifar10_simplecnn,C1,108,432,410,9,0.62235521235521241,73.582000000000008,0.75,0.20000000000000001
cifar10_simplecnn,C1,109,436,404.5,9,0.69374517374517375,75.823999999999998,0.80000000000000004,0.050000000000000003
cifar10_simplecnn,C1,110,440,340.5,9,0.71918918918918917,76.14200000000001,0.84999999999999998,0
cifar10_simplecnn,C1,111,444,496.5,9,0.57961389961389964,73.277999999999992,0.59999999999999998,0.20000000000000001
cifar10_simplecnn,C1,112,448,385,8,0.73235521235521239,76.165999999999997,0.84999999999999998,0
cifar10_simplecnn,C1,113,452,396,8,0.67590733590733598,75.546000000000006,0.80000000000000004,0.10000000000000001
cifar10_simplecnn,C1,114,456,409,8,0.66891891891891897,75.472000000000008,0.80000000000000004,0.10000000000000001
cifar10_simplecnn,C1,115,460,410.5,8,0.64166023166023167,75.444000000000003,0.75,0.10000000000000001
cifar10_simplecnn,C1,116,464,392,8,0.70420849420849418,76.215999999999994,0.84999999999999998,0
cifar10_simplecnn,C1,117,468,451.5,8,0.64683397683397681,75.536000000000001,0.80000000000000004,0.10000000000000001
cifar10_simplecnn,C1,118,472,389,8,0.64413127413127413,73.539999999999992,0.75,0.20000000000000001
cifar10_simplecnn,C1,119,476,406.5,8,0.68996138996138989,76.248000000000005,0.84999999999999998,0
cifar10_simplecnn,C1,120,480,403.5,8,0.70528957528957537,75.902000000000001,0.80000000000000004,0.050000000000000003
cifar10_simplecnn,C1,121,484,335,8,0.73536679536679539,76.335999999999999,0.90000000000000002,0
cifar10_simplecnn,C1,122,488,416.5,8,0.61216216216216224,73.751999999999995,0.69999999999999996,0.14999999999999999
cifar10_simplecnn,C1,123,492,401,8,0.66903474903474902,75.494,0.75,0.10000000000000001
cifar10_simplecnn,C1,124,496,432.5,8,0.62088803088803091,72.570000000000007,0.80000000000000004,0.14999999999999999
cifar10_simplecnn,C1,125,500,512,8,0.56069498069498069,73.489999999999995,0.59999999999999998,0.14999999999999999
cifar10_simplecnn,C1,126,504,409.5,8,0.66177606177606174,75.879999999999995,0.80000000000000004,0.050000000000000003
cifar10_simplecnn,C1,127,508,401,8,0.66459459459459458,74.590000000000003,0.80000000000000004,0.050000000000000003
cifar10_simplecnn,C1,128,512,396.5,8,0.63135135135135134,73.835999999999999,0.80000000000000004,0.14999999999999999
cifar10_simplecnn,C1,129,516,419.5,8,0.62895752895752888,74.396000000000001,0.75,0.050000000000000003
cifar10_simplecnn,C1,130,520,360,8,0.71166023166023162,76.188000000000002,0.94999999999999996,0.050000000000000003
cifar10_simplecnn,C1,131,524,432,8,0.64100386100386098,74.293999999999997,0.80000000000000004,0.10000000000000001
cifar10_simplecnn,C1,132,528,405,8,0.6756370656370656,75.616,0.80000000000000004,0.10000000000000001
cifar10_simplecnn,C1,133,532,409.5,8,0.60594594594594597,72.134,0.69999999999999996,0.20000000000000001
cifar10_simplecnn,C1,134,536,408.5,8,0.65637065637065639,75.837999999999994,0.80000000000000004,0.050000000000000003
cifar10_simplecnn,C1,135,540,484.5,8,0.60532818532818533,72.522000000000006,0.69999999999999996,0.14999999999999999
cifar10_simplecnn,C1,136,544,437,8,0.6761389961389962,76.436000000000007,0.90000000000000002,0
cifar10_simplecnn,C1,137,548,358.5,8,0.69061776061776059,75.694000000000003,0.90000000000000002,0.10000000000000001
cifar10_simplecnn,C1,138,552,379,8,0.72166023166023163,76.122,0.84999999999999998,0
cifar10_simplecnn,C1,139,556,411.5,8,0.6884169884169884,75.882000000000005,0.75,0
cifar10_simplecnn,C1,140,560,406,8,0.68818532818532818,76.167999999999992,0.84999999999999998,0
cifar10_simplecnn,C1,141,564,375,8,0.70683397683397686,76.025999999999996,0.84999999999999998,0.050000000000000003
cifar10_simplecnn,C1,142,568,444.5,8,0.69482625482625482,76.390000000000001,0.94999999999999996,0
cifar10_simplecnn,C1,143,572,405,8,0.66667953667953672,75.909999999999997,0.80000000000000004,0.050000000000000003
cifar10_simplecnn,C1,144,576,442,8,0.67030888030888025,75.822000000000003,0.69999999999999996,0
cifar10_simplecnn,C1,145,580,400,8,0.69683397683397685,76.099999999999994,0.84999999999999998,0
cifar10_simplecnn,C1,146,584,464.5,8,0.61532818532818534,73.367999999999995,0.65000000000000002,0.20000000000000001
cifar10_simplecnn,C1,147,588,411,8,0.66386100386100388,75.884,0.80000000000000004,0.050000000000000003
cifar10_simplecnn,C1,148,592,324,8,0.75046332046332043,76.418000000000006,0.94999999999999996,0
cifar10_simplecnn,C1,149,596,409.5,8,0.69127413127413129,76.313999999999993,0.84999999999999998,0
cifar10_simplecnn,C1,150,600,410,8,0.66185328185328185,75.689999999999998,0.84999999999999998,0.10000000000000001
cifar10_simplecnn,C1,151,604,358,8,0.71123552123552125,76.342000000000013,0.90000000000000002,0
cifar10_simplecnn,C1,152,608,426,8,0.66444015444015447,75.837999999999994,0.80000000000000004,0.050000000000000003
cifar10_simplecnn,C1,153,612,379.5,8,0.68888030888030882,76.036000000000001,0.84999999999999998,0.050000000000000003
cifar10_simplecnn,C1,154,616,398.5,8,0.66451737451737458,74.605999999999995,0.84999999999999998,0.050000000000000003
cifar10_simplecnn,C1,155,620,436,8,0.64826254826254825,75.896000000000001,0.75,0.050000000000000003
cifar10_simplecnn,C1,156,624,385,8,0.70915057915057911,75.975999999999999,0.84999999999999998,0.050000000000000003
cifar10_simplecnn,C1,157,628,424.5,8,0.64050193050193049,73.061999999999998,0.84999999999999998,0.10000000000000001
cifar10_simplecnn,C1,158,632,352.5,8,0.67332046332046336,75.394000000000005,0.80000000000000004,0.14999999999999999
cifar10_simplecnn,C1,159,636,509.5,8,0.54803088803088795,73.165999999999997,0.65000000000000002,0.25
cifar10_simplecnn,C1,160,640,414.5,8,0.69864864864864873,76.5,0.94999999999999996,0
cifar10_simplecnn,C1,161,644,415.5,8,0.69517374517374519,76.572000000000003,0.94999999999999996,0
cifar10_simplecnn,C1,162,648,419.5,8,0.64038610038610044,74.146000000000001,0.75,0.10000000000000001
cifar10_simplecnn,C1,163,652,417,8,0.6746718146718147,75.884,0.84999999999999998,0.050000000000000003
cifar10_simplecnn,C1,164,656,335.5,8,0.68027027027027021,75.762,0.80000000000000004,0.10000000000000001
cifar10_simplecnn,C1,165,660,385.5,8,0.69173745173745171,74.608000000000004,0.90000000000000002,0.050000000000000003
cifar10_simplecnn,C1,166,664,409,8,0.65756756756756762,76.126000000000005,0.90000000000000002,0.050000000000000003
cifar10_simplecnn,C1,167,668,410,8,0.69007722007722005,74.89200000000001,0.94999999999999996,0.050000000000000003
cifar10_simplecnn,C1,168,672,445.5,8,0.66776061776061779,75.808000000000007,0.69999999999999996,0
cifar10_simplecnn,C1,169,676,404,8,0.69698841698841707,76.524000000000001,0.94999999999999996,0
cifar10_simplecnn,C1,170,680,483,8,0.54884169884169887,71.967999999999989,0.69999999999999996,0.25
cifar10_simplecnn,C1,171,684,331,8,0.69667953667953664,75.99199999999999,0.90000000000000002,0.050000000000000003
cifar10_simplecnn,C1,172,688,478,8,0.56884169884169888,73.849999999999994,0.65000000000000002,0.34999999999999998
cifar10_simplecnn,C1,173,692,409,8,0.67764478764478775,76.402000000000001,0.94999999999999996,0
cifar10_simplecnn,C1,174,696,400.5,8,0.70162162162162167,76.544000000000011,0.94999999999999996,0
cifar10_simplecnn,C1,175,700,412.5,8,0.68969111969111974,76.335999999999999,0.84999999999999998,0
cifar10_simplecnn,C1,176,704,338,8,0.70698841698841697,76.066000000000003,0.84999999999999998,0.050000000000000003
cifar10_simplecnn,C1,177,708,418,8,0.66544401544401544,75.707999999999998,0.84999999999999998,0.10000000000000001
cifar10_simplecnn,C1,178,712,334.5,8,0.72830115830115827,76.494,0.94999999999999996,0
cifar10_simplecnn,C1,179,716,411.5,8,0.67884169884169876,75.664000000000001,0.84999999999999998,0.10000000000000001
cifar10_simplecnn,C1,180,720,409.5,8,0.66366795366795361,74.777999999999992,0.90000000000000002,0.050000000000000003
cifar10_simplecnn,C1,181,724,358.5,8,0.67745173745173748,75.432000000000002,0.84999999999999998,0.14999999999999999
cifar10_simplecnn,C1,182,728,406.5,8,0.70776061776061783,76.605999999999995,1,0
cifar10_simplecnn,C1,183,732,320,8,0.68548262548262551,76.097999999999999,0.90000000000000002,0.050000000000000003
cifar10_simplecnn,C1,184,736,409.5,8,0.69027027027027033,76.409999999999997,0.90000000000000002,0
cifar10_simplecnn,C1,185,740,424,8,0.61783783783783786,74.472000000000008,0.80000000000000004,0.050000000000000003
cifar10_simplecnn,C1,186,744,406.5,8,0.67177606177606175,75.981999999999999,0.84999999999999998,0.050000000000000003
cifar10_simplecnn,C1,187,748,390,8,0.68347490347490347,76.195999999999998,0.90000000000000002,0.050000000000000003
cifar10_simplecnn,C1,188,752,409,8,0.69486486486486487,76.153999999999996,0.84999999999999998,0
cifar10_simplecnn,C1,189,756,479.5,8,0.6026640926640926,74.304000000000002,0.80000000000000004,0.10000000000000001
cifar10_simplecnn,C1,190,760,435,8,0.68389961389961385,76.421999999999997,0.90000000000000002,0
cifar10_simplecnn,C1,191,764,399,8,0.66054054054054057,75.477999999999994,0.84999999999999998,0.10000000000000001
cifar10_simplecnn,C1,192,768,408,8,0.67992277992277994,76.296000000000006,0.90000000000000002,0
cifar10_simplecnn,C1,193,772,393.5,8,0.65903474903474901,75.989999999999995,0.84999999999999998,0.050000000000000003
cifar10_simplecnn,C1,194,776,376,8,0.692972972972973,75.908000000000001,0.90000000000000002,0.050000000000000003
cifar10_simplecnn,C1,195,780,408.5,8,0.68100386100386101,76.560000000000002,0.94999999999999996,0
cifar10_simplecnn,C1,196,784,333.5,8,0.71208494208494211,76,0.90000000000000002,0.050000000000000003
cifar10_simplecnn,C1,197,788,396,8,0.71861003861003858,76.325999999999993,0.94999999999999996,0
cifar10_simplecnn,C1,198,792,397,8,0.70119691119691119,76.560000000000002,0.94999999999999996,0
cifar10_simplecnn,C1,199,796,410.5,8,0.64169884169884173,75.689999999999998,0.84999999999999998,0.10000000000000001
cifar10_simplecnn,C1,200,800,402,8,0.6807722007722008,76.248000000000005,0.84999999999999998,0
cifar10_simplecnn,C1,201,804,418,8,0.64281853281853274,75.712000000000003,0.80000000000000004,0.10000000000000001
cifar10_simplecnn,C1,202,808,425,8,0.6261003861003861,75.198000000000008,0.65000000000000002,0.10000000000000001
cifar10_simplecnn,C1,203,812,409.5,8,0.66918918918918924,76.103999999999999,0.84999999999999998,0.050000000000000003
cifar10_simplecnn,C1,204,816,419.5,8,0.64092664092664098,73.079999999999998,0.84999999999999998,0.10000000000000001
cifar10_simplecnn,C1,205,820,410.5,8,0.67351351351351352,75.698000000000008,0.84999999999999998,0.10000000000000001
cifar10_simplecnn,C1,206,824,391.5,8,0.64787644787644783,73.200000000000003,0.90000000000000002,0.10000000000000001
cifar10_simplecnn,C1,207,828,409,8,0.70378378378378381,76.394000000000005,0.94999999999999996,0
cifar10_simplecnn,C1,208,832,388.5,8,0.71880308880308885,76.47999999999999,0.94999999999999996,0
cifar10_simplecnn,C1,209,836,402,8,0.70440154440154434,76.408000000000001,0.90000000000000002,0
cifar10_simplecnn,C1,210,840,409.5,8,0.67552123552123544,76.260000000000005,0.90000000000000002,0
cifar10_simplecnn,C1,211,844,387.5,8,0.69590733590733589,75.74199999999999,0.90000000000000002,0.10000000000000001
cifar10_simplecnn,C1,212,848,402,8,0.68057915057915053,76.332000000000008,0.94999999999999996,0.050000000000000003
cifar10_simplecnn,C1,213,852,394,8,0.65521235521235521,74.444000000000003,0.90000000000000002,0.10000000000000001
cifar10_simplecnn,C1,214,856,415.5,8,0.65845559845559842,75.861999999999995,0.75,0.050000000000000003
cifar10_simplecnn,C1,215,860,415.5,8,0.65930501930501928,76.126000000000005,0.84999999999999998,0.050000000000000003
cifar10_simplecnn,C1,216,864,409,8,0.66833976833976838,74.286000000000001,0.84999999999999998,0.10000000000000001
cifar10_simplecnn,C1,217,868,409,8,0.66945945945945939,74.534000000000006,0.90000000000000002,0.10000000000000001
cifar10_simplecnn,C1,218,872,409.5,8,0.6663706563706564,74.774000000000001,0.90000000000000002,0.050000000000000003
cifar10_simplecnn,C1,219,876,406,8,0.67949806949806946,76.286000000000001,0.94999999999999996,0.050000000000000003
cifar10_simplecnn,C1,220,880,402,8,0.63544401544401541,74.012,0.75,0.10000000000000001
cifar10_simplecnn,C1,221,884,411.5,8,0.70625482625482627,76.123999999999995,0.94999999999999996,0.050000000000000003
cifar10_simplecnn,C1,222,888,419.5,8,0.64725868725868729,74.361999999999995,0.80000000000000004,0.10000000000000001
cifar10_simplecnn,C1,223,892,409,8,0.69274131274131279,76.182000000000002,0.90000000000000002,0.050000000000000003
cifar10_simplecnn,C1,224,896,408.5,8,0.68818532818532818,76.400000000000006,0.94999999999999996,0
cifar10_simplecnn,C1,225,900,408,8,0.68961389961389963,76.042000000000002,0.90000000000000002,0.050000000000000003
cifar10_simplecnn,C1,226,904,409.5,8,0.68397683397683395,76.123999999999995,0.94999999999999996,0.050000000000000003
cifar10_simplecnn,C1,227,908,402,8,0.69158301158301161,76.417999999999992,0.94999999999999996,0
cifar10_simplecnn,C1,228,912,407,8,0.7012741312741313,76.201999999999998,0.90000000000000002,0
cifar10_simplecnn,C1,229,916,409.5,8,0.66281853281853276,74.698000000000008,0.84999999999999998,0.050000000000000003
cifar10_simplecnn,C1,230,920,392,8,0.69366795366795375,76.084000000000003,0.94999999999999996,0.050000000000000003
cifar10_simplecnn,C1,231,924,401,8,0.69138996138996134,76.256,0.90000000000000002,0
cifar10_simplecnn,C1,232,928,320.5,8,0.67015444015444015,73.727999999999994,0.80000000000000004,0.20000000000000001
cifar10_simplecnn,C1,233,932,425,8,0.63799227799227798,75.641999999999996,0.80000000000000004,0.10000000000000001
cifar10_simplecnn,C1,234,936,423.5,8,0.62316602316602321,74.219999999999999,0.80000000000000004,0.10000000000000001
cifar10_simplecnn,C1,235,940,420.5,8,0.6201544401544401,73.908000000000001,0.84999999999999998,0.14999999999999999
cifar10_simplecnn,C1,236,944,418,8,0.63189189189189188,74.335999999999999,0.84999999999999998,0.10000000000000001
cifar10_simplecnn,C1,237,948,367,8,0.7111969111969112,76.408000000000001,0.94999999999999996,0
cifar10_simplecnn,C1,238,952,409,8,0.67324324324324325,75.967999999999989,0.84999999999999998,0.050000000000000003
cifar10_simplecnn,C1,239,956,426,8,0.59783783783783784,74.988,0.75,0.20000000000000001
cifar10_simplecnn,C1,240,960,408,8,0.67521235521235523,76.164000000000001,0.80000000000000004,0
cifar10_simplecnn,C1,241,964,408.5,8,0.652046332046332,75.825999999999993,0.80000000000000004,0.050000000000000003
cifar10_simplecnn,C1,242,968,382,8,0.72019305019305013,76.655999999999992,1,0
cifar10_simplecnn,C1,243,972,407.5,8,0.67235521235521234,75.739999999999995,0.90000000000000002,0.10000000000000001
cifar10_simplecnn,C1,244,976,451,8,0.62648648648648653,75.489999999999995,0.80000000000000004,0.10000000000000001
cifar10_simplecnn,C1,245,980,373,8,0.71942084942084938,76.103999999999999,0.94999999999999996,0.050000000000000003
cifar10_simplecnn,C1,246,984,323.5,8,0.708996138996139,76.105999999999995,0.90000000000000002,0.050000000000000003
cifar10_simplecnn,C1,247,988,412,8,0.69007722007722005,76.054000000000002,0.94999999999999996,0.050000000000000003
cifar10_simplecnn,C1,248,992,366,8,0.70532818532818531,76.275999999999996,0.90000000000000002,0
cifar10_simplecnn,C1,249,996,402,8,0.70648648648648649,76.385999999999996,0.90000000000000002,0
cifar10_simplecnn,C1,250,1000,409.5,8,0.69258687258687268,76.296000000000006,0.94999999999999996,0.050000000000000003
cifar10_simplecnn,C1,251,1004,399.5,8,0.70849420849420852,76.573999999999998,1,0
cifar10_simplecnn,C1,252,1008,342.5,8,0.7394208494208494,76.370000000000005,0.94999999999999996,0
cifar10_simplecnn,C1,253,1012,333.5,8,0.72366795366795367,76.219999999999999,0.94999999999999996,0.050000000000000003
cifar10_simplecnn,C1,254,1016,409,8,0.66822393822393822,74.744,0.90000000000000002,0.050000000000000003
cifar10_simplecnn,C1,255,1020,420,8,0.63490347490347498,74.394000000000005,0.84999999999999998,0.10000000000000001
cifar10_simplecnn,C1,256,1024,408.5,8,0.68104247104247106,74.686000000000007,0.90000000000000002,0.050000000000000003
cifar10_simplecnn,C1,257,1028,409,8,0.67918918918918914,76.358000000000004,0.94999999999999996,0
cifar10_simplecnn,C1,258,1032,401,8,0.69640926640926648,76.322000000000003,0.94999999999999996,0
cifar10_simplecnn,C1,259,1036,409,8,0.58625482625482628,73.294000000000011,0.65000000000000002,0.20000000000000001
cifar10_simplecnn,C1,260,1040,409,8,0.61521235521235518,73.868000000000009,0.80000000000000004,0.14999999999999999
cifar10_simplecnn,C1,261,1044,409,8,0.68888030888030882,76.590000000000003,1,0
cifar10_simplecnn,C1,262,1048,367,8,0.70822393822393814,76.274000000000001,0.90000000000000002,0
cifar10_simplecnn,C1,263,1052,320.5,8,0.75386100386100385,76.560000000000002,1,0
cifar10_simplecnn,C1,264,1056,428.5,8,0.62930501930501925,75.623999999999995,0.84999999999999998,0.10000000000000001
cifar10_simplecnn,C1,265,1060,401.5,8,0.6937837837837838,76.390000000000001,0.94999999999999996,0
cifar10_simplecnn,C1,266,1064,380,8,0.64907335907335906,74.530000000000001,0.90000000000000002,0.10000000000000001
cifar10_simplecnn,C1,267,1068,408.5,8,0.66602316602316602,76.373999999999995,0.90000000000000002,0
cifar10_simplecnn,C1,268,1072,372,8,0.73173745173745175,76.590000000000003,1,0
cifar10_simplecnn,C1,269,1076,393.5,8,0.6990733590733591,76.349999999999994,0.94999999999999996,0
cifar10_simplecnn,C1,270,1080,340.5,8,0.72482625482625485,76.306000000000012,0.90000000000000002,0
cifar10_simplecnn,C1,271,1084,410.5,8,0.67664092664092668,76.02000000000001,0.90000000000000002,0.050000000000000003
cifar10_simplecnn,C1,272,1088,392.5,8,0.6983397683397683,76.47999999999999,0.94999999999999996,0
cifar10_simplecnn,C1,273,1092,399.5,8,0.65335907335907339,75.620000000000005,0.84999999999999998,0.10000000000000001
cifar10_simplecnn,C1,274,1096,405.5,8,0.67351351351351352,76.039999999999992,0.90000000000000002,0.050000000000000003
cifar10_simplecnn,C1,275,1100,400,8,0.7081081081081082,76.622,1,0
cifar10_simplecnn,C1,276,1104,321,8,0.74830115830115829,76.539999999999992,1,0
cifar10_simplecnn,C1,277,1108,377.5,8,0.7219305019305019,76.616,1,0
cifar10_simplecnn,C1,278,1112,423.5,8,0.70069498069498071,76.532000000000011,1,0
cifar10_simplecnn,C1,279,1116,323,8,0.73011583011583014,76.433999999999997,0.90000000000000002,0
cifar10_simplecnn,C1,280,1120,332,8,0.71764478764478767,76.385999999999996,0.90000000000000002,0
cifar10_simplecnn,C1,281,1124,409,8,0.61953667953667957,72.765999999999991,0.75,0.10000000000000001
cifar10_simplecnn,C1,282,1128,390.5,8,0.7172972972972973,76.472000000000008,0.94999999999999996,0
cifar10_simplecnn,C1,283,1132,405,8,0.70030888030888039,76.152000000000001,0.94999999999999996,0.050000000000000003
cifar10_simplecnn,C1,284,1136,392,8,0.68397683397683395,76.085999999999999,0.90000000000000002,0.050000000000000003
cifar10_simplecnn,C1,285,1140,401.5,8,0.63934362934362932,74.182000000000002,0.80000000000000004,0.10000000000000001
cifar10_simplecnn,C1,286,1144,394,8,0.69332046332046338,76.182000000000002,0.94999999999999996,0.050000000000000003
cifar10_simplecnn,C1,287,1148,404.5,8,0.67270270270270272,76.091999999999999,0.94999999999999996,0.050000000000000003
cifar10_simplecnn,C1,288,1152,349,8,0.74115830115830117,76.534000000000006,1,0
cifar10_simplecnn,C1,289,1156,394,8,0.69579150579150584,75.962000000000003,0.84999999999999998,0.050000000000000003
cifar10_simplecnn,C1,290,1160,399,8,0.70745173745173751,76.448000000000008,0.94999999999999996,0
cifar10_simplecnn,C1,291,1164,409.5,8,0.68644787644787653,76.215999999999994,0.94999999999999996,0.050000000000000003
cifar10_simplecnn,C1,292,1168,409,8,0.67907335907335908,76.346000000000004,0.90000000000000002,0
cifar10_simplecnn,C1,293,1172,398.5,8,0.70513513513513515,76.150000000000006,0.94999999999999996,0.050000000000000003
cifar10_simplecnn,C1,294,1176,399.5,8,0.71613899613899612,76.246000000000009,0.90000000000000002,0
cifar10_simplecnn,C1,295,1180,409.5,8,0.68814671814671813,76.596000000000004,1,0
cifar10_simplecnn,C1,296,1184,379,8,0.7219305019305019,76.570000000000007,1,0
cifar10_simplecnn,C1,297,1188,367,8,0.72745173745173752,76.439999999999998,0.94999999999999996,0
cifar10_simplecnn,C1,298,1192,409,8,0.67586872586872582,75.960000000000008,0.84999999999999998,0.050000000000000003
cifar10_simplecnn,C1,299,1196,405.5,8,0.66305019305019308,75.768000000000001,0.90000000000000002,0.10000000000000001
cifar10_simplecnn,C1,300,1200,386,8,0.68644787644787653,76.048000000000002,0.90000000000000002,0.050000000000000003
cifar10_simplecnn,C1,301,1204,401,8,0.706061776061776,76.439999999999998,1,0
cifar10_simplecnn,C1,302,1208,330,8,0.74467181467181465,76.532000000000011,1,0
cifar10_simplecnn,C1,303,1212,409,8,0.68749034749034743,76.488,0.94999999999999996,0
cifar10_simplecnn,C1,304,1216,365.5,8,0.71972972972972971,76.686000000000007,1,0
cifar10_simplecnn,C1,305,1220,398.5,8,0.6663706563706564,74.647999999999996,0.84999999999999998,0.050000000000000003
cifar10_simplecnn,C1,306,1224,410.5,8,0.69154440154440155,76.320000000000007,0.90000000000000002,0
cifar10_simplecnn,C1,307,1228,392,8,0.72119691119691121,76.414000000000001,0.94999999999999996,0
cifar10_simplecnn,C1,308,1232,353,8,0.71084942084942082,76.14200000000001,0.94999999999999996,0.050000000000000003
cifar10_simplecnn,C1,309,1236,357.5,8,0.68494208494208497,74.701999999999998,0.94999999999999996,0.050000000000000003
cifar10_simplecnn,C1,310,1240,401,8,0.711930501930502,76.344000000000008,1,0
cifar10_simplecnn,C1,311,1244,391,8,0.71366795366795377,76.415999999999997,0.94999999999999996,0
cifar10_simplecnn,C1,312,1248,400.5,8,0.66474903474903468,75.938000000000002,0.84999999999999998,0.050000000000000003
cifar10_simplecnn,C1,313,1252,331,8,0.69876447876447878,75.896000000000001,0.90000000000000002,0.10000000000000001
cifar10_simplecnn,C1,314,1256,362.5,8,0.72158301158301152,76.512,1,0
cifar10_simplecnn,C1,315,1260,397.5,8,0.70779922779922777,75.909999999999997,0.90000000000000002,0.050000000000000003
cifar10_simplecnn,C1,316,1264,422.5,8,0.66007722007722003,74.74199999999999,0.90000000000000002,0.050000000000000003
cifar10_simplecnn,C1,317,1268,407,8,0.67714285714285716,76.239999999999995,0.90000000000000002,0
cifar10_simplecnn,C1,318,1272,407.5,8,0.65934362934362933,74.811999999999998,0.94999999999999996,0.050000000000000003
cifar10_simplecnn,C1,319,1276,356,8,0.71196911196911195,76.638000000000005,1,0
cifar10_simplecnn,C1,320,1280,387,8,0.68617760617760626,74.818000000000012,0.90000000000000002,0.050000000000000003
cifar10_simplecnn,C1,321,1284,342.5,8,0.71293436293436296,76.274000000000001,0.90000000000000002,0
cifar10_simplecnn,C1,322,1288,393.5,8,0.6997297297297298,76.513999999999996,1,0
cifar10_simplecnn,C1,323,1292,415,8,0.67555984555984561,76.27000000000001,0.94999999999999996,0.050000000000000003
cifar10_simplecnn,C1,324,1296,407,8,0.69270270270270262,76.518000000000001,1,0
cifar10_simplecnn,C1,325,1300,396,8,0.68837837837837834,76.378,0.90000000000000002,0
cifar10_simplecnn,C1,326,1304,340.5,8,0.7164864864864865,76.227999999999994,0.94999999999999996,0.050000000000000003
cifar10_simplecnn,C1,327,1308,397.5,8,0.69888030888030883,76.162000000000006,0.94999999999999996,0.050000000000000003
cifar10_simplecnn,C1,328,1312,360.5,8,0.72440154440154436,76.599999999999994,1,0
cifar10_simplecnn,C1,329,1316,316.5,8,0.74915057915057914,76.353999999999999,0.94999999999999996,0
cifar10_simplecnn,C1,330,1320,395.5,8,0.71528957528957526,76.551999999999992,1,0
cifar10_simplecnn,C1,331,1324,350.5,8,0.70482625482625483,76.265999999999991,0.94999999999999996,0
cifar10_simplecnn,C1,332,1328,338,8,0.72610038610038607,76.484000000000009,0.94999999999999996,0
cifar10_simplecnn,C1,333,1332,386.5,8,0.69478764478764476,76.168000000000006,0.94999999999999996,0.050000000000000003
cifar10_simplecnn,C1,334,1336,387.5,8,0.70938223938223932,76.506,1,0
cifar10_simplecnn,C1,335,1340,364,8,0.6976833976833976,76.153999999999996,0.90000000000000002,0.050000000000000003
cifar10_simplecnn,C1,336,1344,337.5,8,0.69119691119691118,75.888000000000005,0.84999999999999998,0.050000000000000003
cifar10_simplecnn,C1,337,1348,399.5,8,0.67270270270270272,75.762,0.90000000000000002,0.10000000000000001
cifar10_simplecnn,C1,338,1352,385,8,0.70629343629343633,76.433999999999997,0.94999999999999996,0
cifar10_simplecnn,C1,339,1356,394,8,0.70474903474903472,76.329999999999998,0.94999999999999996,0
cifar10_simplecnn,C1,340,1360,409,8,0.6708494208494209,75.965999999999994,0.90000000000000002,0.050000000000000003
cifar10_simplecnn,C1,341,1364,366,8,0.72552123552123549,76.486000000000004,1,0
cifar10_simplecnn,C1,342,1368,392,8,0.68826254826254829,75.878,0.90000000000000002,0.050000000000000003
cifar10_simplecnn,C1,343,1372,312.5,8,0.70803088803088809,75.876000000000005,0.90000000000000002,0.050000000000000003
cifar10_simplecnn,C1,344,1376,342,8,0.72127413127413131,76.417999999999992,0.94999999999999996,0
cifar10_simplecnn,C1,345,1380,394,8,0.72779922779922779,76.408000000000001,1,0
cifar10_simplecnn,C1,346,1384,336.5,8,0.72660231660231656,76.498000000000005,1,0
cifar10_simplecnn,C1,347,1388,331.5,8,0.70583011583011579,74.674000000000007,0.94999999999999996,0.050000000000000003
cifar10_simplecnn,C1,348,1392,351.5,8,0.72270270270270276,76.376000000000005,0.94999999999999996,0
cifar10_simplecnn,C1,349,1396,377.5,8,0.69540540540540541,76.308000000000007,0.94999999999999996,0
cifar10_simplecnn,C1,350,1400,405.5,8,0.69057915057915065,76.206000000000003,0.90000000000000002,0
cifar10_simplecnn,C1,351,1404,405.5,8,0.66436293436293437,75.932000000000002,0.90000000000000002,0.050000000000000003
cifar10_simplecnn,C1,352,1408,391,8,0.68772200772200764,76.085999999999999,0.90000000000000002,0.050000000000000003
cifar10_simplecnn,C1,353,1412,353.5,8,0.70096525096525097,76.073999999999998,0.94999999999999996,0.050000000000000003
cifar10_simplecnn,C1,354,1416,321,8,0.76115830115830119,76.5,1,0
cifar10_simplecnn,C1,355,1420,404,8,0.67061776061776057,75.876000000000005,0.84999999999999998,0.050000000000000003
cifar10_simplecnn,C1,356,1424,426,8,0.64691119691119692,74.361999999999995,0.84999999999999998,0.10000000000000001
cifar10_simplecnn,C1,357,1428,390.5,8,0.71416988416988425,76.527999999999992,0.94999999999999996,0
cifar10_simplecnn,C1,358,1432,338,8,0.71694980694980692,76.072000000000003,0.94999999999999996,0.050000000000000003
cifar10_simplecnn,C1,359,1436,338.5,8,0.65521235521235521,74.27000000000001,0.84999999999999998,0.10000000000000001
cifar10_simplecnn,C1,360,1440,369,8,0.71247104247104243,76.391999999999996,0.90000000000000002,0
cifar10_simplecnn,C1,361,1444,306.5,8,0.75212355212355209,76.349999999999994,0.94999999999999996,0
cifar10_simplecnn,C1,362,1448,401.5,8,0.69891891891891889,76.460000000000008,0.94999999999999996,0
cifar10_simplecnn,C1,363,1452,409,8,0.64571428571428569,74.455999999999989,0.90000000000000002,0.10000000000000001
cifar10_simplecnn,C1,364,1456,345.5,8,0.7059073359073359,76.122,0.90000000000000002,0
cifar10_simplecnn,C1,365,1460,342.5,8,0.73745173745173742,76.427999999999997,1,0
cifar10_simplecnn,C1,366,1464,409,8,0.64664092664092665,75.762,0.84999999999999998,0.10000000000000001
cifar10_simplecnn,C1,367,1468,402.5,8,0.6832046332046332,76.060000000000002,0.94999999999999996,0.050000000000000003
cifar10_simplecnn,C1,368,1472,368.5,8,0.71660231660231655,76.575999999999993,1,0
cifar10_simplecnn,C1,369,1476,323,8,0.70482625482625483,76.14200000000001,0.84999999999999998,0
cifar10_simplecnn,C1,370,1480,407,8,0.66694980694980699,74.646000000000001,0.84999999999999998,0.050000000000000003
cifar10_simplecnn,C1,371,1484,332.5,8,0.73494208494208491,76.325999999999993,0.94999999999999996,0
cifar10_simplecnn,C1,372,1488,322.5,8,0.75042471042471048,76.506,0.94999999999999996,0
cifar10_simplecnn,C1,373,1492,397,8,0.70833976833976831,76.472000000000008,0.94999999999999996,0
cifar10_simplecnn,C1,374,1496,402,8,0.66965250965250966,74.792000000000002,0.94999999999999996,0.050000000000000003
cifar10_simplecnn,C1,375,1500,409,8,0.69220077220077214,76.378,0.90000000000000002,0
cifar10_simplecnn,C1,376,1504,409,8,0.66891891891891897,76.123999999999995,0.90000000000000002,0.050000000000000003
cifar10_simplecnn,C1,377,1508,384.5,8,0.67536679536679534,74.677999999999997,0.94999999999999996,0.050000000000000003
cifar10_simplecnn,C1,378,1512,399.5,8,0.69177606177606177,76.168000000000006,0.94999999999999996,0.050000000000000003
cifar10_simplecnn,C1,379,1516,324.5,8,0.73378378378378373,76.368000000000009,0.94999999999999996,0
cifar10_simplecnn,C1,380,1520,397.5,8,0.68945945945945941,76.448000000000008,0.94999999999999996,0
cifar10_simplecnn,C1,381,1524,307.5,8,0.753011583011583,76.424000000000007,1,0
cifar10_simplecnn,C1,382,1528,316,8,0.75216216216216214,76.429999999999993,1,0
cifar10_simplecnn,C1,383,1532,357,8,0.6884942084942085,75.960000000000008,0.90000000000000002,0.050000000000000003
cifar10_simplecnn,C1,384,1536,342,8,0.71822393822393826,76.394000000000005,0.94999999999999996,0
cifar10_simplecnn,C1,385,1540,331,8,0.72899613899613902,76.426000000000002,1,0
cifar10_simplecnn,C1,386,1544,322.5,8,0.69911196911196916,76.164000000000001,0.94999999999999996,0.050000000000000003
cifar10_simplecnn,C1,387,1548,372.5,8,0.71401544401544403,76.432000000000002,1,0
cifar10_simplecnn,C1,388,1552,333.5,8,0.73911196911196908,76.323999999999998,0.94999999999999996,0
cifar10_simplecnn,C1,389,1556,332,8,0.73335907335907335,76.427999999999997,1,0
cifar10_simplecnn,C1,390,1560,408,8,0.70779922779922777,76.527999999999992,1,0
cifar10_simplecnn,C1,391,1564,334,8,0.73239382239382234,75.902000000000001,0.90000000000000002,0.050000000000000003
cifar10_simplecnn,C1,392,1568,359.5,8,0.73146718146718148,76.433999999999997,1,0
cifar10_simplecnn,C1,393,1572,318,8,0.71204633204633205,76.080000000000013,0.90000000000000002,0
cifar10_simplecnn,C1,394,1576,329.5,8,0.71942084942084938,76.427999999999997,1,0
cifar10_simplecnn,C1,395,1580,313,8,0.75247104247104246,76.457999999999998,1,0
cifar10_simplecnn,C1,396,1584,408.5,8,0.70953667953667954,76.629999999999995,1,0
cifar10_simplecnn,C1,397,1588,389,8,0.70876447876447879,76.299999999999997,0.94999999999999996,0
cifar10_simplecnn,C1,398,1592,388,8,0.65451737451737446,74.489999999999995,0.80000000000000004,0.050000000000000003
cifar10_simplecnn,C1,399,1596,384.5,8,0.72833976833976832,76.38000000000001,1,0
cifar10_simplecnn,C1,400,1600,397.5,8,0.68606177606177599,76.022000000000006,0.90000000000000002,0.050000000000000003
cifar10_simplecnn,C1,401,1604,402.5,8,0.69779922779922787,76.396000000000001,0.94999999999999996,0
cifar10_simplecnn,C1,402,1608,409,8,0.64050193050193049,75.358000000000004,0.80000000000000004,0.10000000000000001
cifar10_simplecnn,C1,403,1612,321,8,0.69293436293436295,75.963999999999999,0.90000000000000002,0.050000000000000003
cifar10_simplecnn,C1,404,1616,396,8,0.69204633204633204,75.969999999999999,0.90000000000000002,0.050000000000000003
cifar10_simplecnn,C1,405,1620,349,8,0.69876447876447878,76.037999999999997,0.94999999999999996,0.050000000000000003
cifar10_simplecnn,C1,406,1624,316.5,8,0.68837837837837834,74.421999999999997,0.90000000000000002,0.10000000000000001
cifar10_simplecnn,C1,407,1628,408,8,0.69436293436293428,76.513999999999996,1,0
cifar10_simplecnn,C1,408,1632,313,8,0.73776061776061774,76.463999999999999,1,0
cifar10_simplecnn,C1,409,1636,384.5,8,0.71073359073359077,76.522000000000006,1,0
cifar10_simplecnn,C1,410,1640,364,8,0.71401544401544403,76.444000000000003,1,0
cifar10_simplecnn,C1,411,1644,333.5,8,0.72223938223938222,76.322000000000003,0.94999999999999996,0
cifar10_simplecnn,C1,412,1648,390,8,0.72814671814671816,76.322000000000003,1,0
cifar10_simplecnn,C1,413,1652,394,8,0.64169884169884173,74.024000000000001,0.80000000000000004,0.10000000000000001
cifar10_simplecnn,C1,414,1656,396.5,8,0.69706563706563707,76.548000000000002,1,0
cifar10_simplecnn,C1,415,1660,387.5,8,0.70787644787644788,76.408000000000001,1,0
cifar10_simplecnn,C1,416,1664,425,8,0.67436293436293437,76.164000000000001,0.94999999999999996,0.050000000000000003
cifar10_simplecnn,C1,417,1668,328.5,8,0.70115830115830113,76.102000000000004,0.94999999999999996,0.050000000000000003
cifar10_simplecnn,C1,418,1672,389.5,8,0.70803088803088809,76.472000000000008,0.94999999999999996,0
cifar10_simplecnn,C1,419,1676,370.5,8,0.70822393822393814,76.421999999999997,0.94999999999999996,0
cifar10_simplecnn,C1,420,1680,341.5,8,0.71007722007722007,76.332000000000008,0.94999999999999996,0
cifar10_simplecnn,C1,421,1684,362,8,0.71374517374517377,76.451999999999998,1,0
cifar10_simplecnn,C1,422,1688,328,8,0.73544401544401539,76.551999999999992,1,0
cifar10_simplecnn,C1,423,1692,335,8,0.67679536679536678,75.641999999999996,0.84999999999999998,0.10000000000000001
cifar10_simplecnn,C1,424,1696,407.5,8,0.7097297297297297,76.359999999999999,0.94999999999999996,0
cifar10_simplecnn,C1,425,1700,327.5,8,0.74200772200772203,76.420000000000002,1,0
cifar10_simplecnn,C1,426,1704,391.5,8,0.7210424710424711,76.527999999999992,1,0
cifar10_simplecnn,C1,427,1708,404.5,8,0.69945945945945942,76.481999999999999,0.94999999999999996,0
cifar10_simplecnn,C1,428,1712,395,8,0.70648648648648649,76.408000000000001,0.94999999999999996,0
cifar10_simplecnn,C1,429,1716,361.5,8,0.68783783783783781,75.967999999999989,0.90000000000000002,0.050000000000000003
cifar10_simplecnn,C1,430,1720,391.5,8,0.70227799227799226,76.394000000000005,0.94999999999999996,0
cifar10_simplecnn,C1,431,1724,358.5,8,0.7051737451737452,76.048000000000002,0.90000000000000002,0.050000000000000003
cifar10_simplecnn,C1,432,1728,404,8,0.70378378378378381,76.484000000000009,0.94999999999999996,0
cifar10_simplecnn,C1,433,1732,304.5,8,0.7796138996138996,76.501999999999995,1,0
cifar10_simplecnn,C1,434,1736,328,8,0.71563706563706564,76.140000000000001,0.94999999999999996,0.050000000000000003
cifar10_simplecnn,C1,435,1740,335,8,0.70768339768339772,76.036000000000001,0.90000000000000002,0.050000000000000003
cifar10_simplecnn,C1,436,1744,321.5,8,0.74490347490347486,76.453999999999994,1,0
cifar10_simplecnn,C1,437,1748,338,8,0.70687258687258692,76.306000000000012,0.94999999999999996,0
cifar10_simplecnn,C1,438,1752,319.5,8,0.74131274131274139,76.460000000000008,1,0
cifar10_simplecnn,C1,439,1756,399.5,8,0.71096525096525098,76.522000000000006,1,0
cifar10_simplecnn,C1,440,1760,371,8,0.67486486486486486,75.975999999999999,0.90000000000000002,0.050000000000000003
cifar10_simplecnn,C1,441,1764,405.5,8,0.6892277992277992,76.193999999999988,0.94999999999999996,0.050000000000000003
cifar10_simplecnn,C1,442,1768,314.5,8,0.73791505791505796,76.515999999999991,1,0
cifar10_simplecnn,C1,443,1772,358.5,8,0.71227799227799227,76.515999999999991,1,0
cifar10_simplecnn,C1,444,1776,359,8,0.71077220077220082,76.530000000000001,1,0
cifar10_simplecnn,C1,445,1780,393.5,8,0.71277992277992275,76.463999999999999,1,0
cifar10_simplecnn,C1,446,1784,363.5,8,0.70266409266409269,76.320000000000007,0.90000000000000002,0
cifar10_simplecnn,C1,447,1788,390,8,0.71787644787644789,76.349999999999994,0.94999999999999996,0
cifar10_simplecnn,C1,448,1792,367.5,8,0.72285714285714286,76.503999999999991,1,0
cifar10_simplecnn,C1,449,1796,343.5,8,0.71528957528957526,76.179999999999993,0.90000000000000002,0
cifar10_simplecnn,C1,450,1800,407.5,8,0.68355212355212358,76.361999999999995,0.94999999999999996,0
cifar10_simplecnn,C1,451,1804,319.5,8,0.7447104247104247,76.441999999999993,1,0
cifar10_simplecnn,C1,452,1808,329,8,0.73050193050193057,76.420000000000002,0.94999999999999996,0
cifar10_simplecnn,C1,453,1812,322,8,0.72996138996138993,76.532000000000011,1,0
cifar10_simplecnn,C1,454,1816,357.5,8,0.7150965250965251,76.462000000000003,0.94999999999999996,0
cifar10_simplecnn,C1,455,1820,400,8,0.6361776061776061,74.424000000000007,0.90000000000000002,0.10000000000000001
cifar10_simplecnn,C1,456,1824,307.5,8,0.74212355212355219,76.382000000000005,1,0
cifar10_simplecnn,C1,457,1828,379,8,0.67818532818532817,75.691999999999993,0.90000000000000002,0.10000000000000001
cifar10_simplecnn,C1,458,1832,317,8,0.72953667953667956,76.408000000000001,0.94999999999999996,0
cifar10_simplecnn,C1,459,1836,407,8,0.6094208494208494,73.837999999999994,0.75,0.14999999999999999
cifar10_simplecnn,C1,460,1840,392.5,8,0.67706563706563705,75.801999999999992,0.90000000000000002,0.10000000000000001
cifar10_simplecnn,C1,461,1844,407,8,0.62749034749034749,72.738,0.80000000000000004,0.10000000000000001
cifar10_simplecnn,C1,462,1848,313.5,8,0.71308880308880307,76.122,0.94999999999999996,0.050000000000000003
cifar10_simplecnn,C1,463,1852,306,8,0.75158301158301155,76.424000000000007,1,0
cifar10_simplecnn,C1,464,1856,390,8,0.70907335907335911,76.286000000000001,0.94999999999999996,0
cifar10_simplecnn,C1,465,1860,394,8,0.69521235521235525,76.382000000000005,0.94999999999999996,0
cifar10_simplecnn,C1,466,1864,363.5,8,0.68976833976833984,75.731999999999999,0.90000000000000002,0.10000000000000001
cifar10_simplecnn,C1,467,1868,340.5,8,0.73359073359073368,76.496000000000009,1,0
cifar10_simplecnn,C1,468,1872,321,8,0.74177606177606181,76.581999999999994,1,0
cifar10_simplecnn,C1,469,1876,390.5,8,0.67999999999999994,75.748000000000005,0.80000000000000004,0.050000000000000003
cifar10_simplecnn,C1,470,1880,335,8,0.73482625482625485,76.092000000000013,0.94999999999999996,0.050000000000000003
cifar10_simplecnn,C1,471,1884,325,8,0.74583011583011583,76.525999999999996,1,0
cifar10_simplecnn,C1,472,1888,330,8,0.68617760617760626,74.652000000000001,0.84999999999999998,0.050000000000000003
cifar10_simplecnn,C1,473,1892,307,8,0.75648648648648653,76.463999999999999,1,0
cifar10_simplecnn,C1,474,1896,324,8,0.73432432432432437,76.402000000000001,1,0
cifar10_simplecnn,C1,475,1900,323,8,0.7006177606177606,75.811999999999998,0.90000000000000002,0.10000000000000001
cifar10_simplecnn,C1,476,1904,360.5,8,0.72092664092664094,76.52000000000001,1,0
cifar10_simplecnn,C1,477,1908,337.5,8,0.73057915057915057,76.138000000000005,0.94999999999999996,0.050000000000000003
cifar10_simplecnn,C1,478,1912,408,8,0.6732046332046332,75.965999999999994,0.84999999999999998,0.050000000000000003
cifar10_simplecnn,C1,479,1916,364.5,8,0.72409266409266404,76.525999999999996,1,0
cifar10_simplecnn,C1,480,1920,310,8,0.73725868725868726,76.102000000000004,0.94999999999999996,0.050000000000000003
cifar10_simplecnn,C1,481,1924,329,8,0.71131274131274136,75.988,0.90000000000000002,0.050000000000000003
cifar10_simplecnn,C1,482,1928,336,8,0.69776061776061771,76.006,0.90000000000000002,0.050000000000000003
cifar10_simplecnn,C1,483,1932,319,8,0.72872586872586864,76.453999999999994,1,0
cifar10_simplecnn,C1,484,1936,306.5,8,0.74227799227799229,76.388000000000005,0.94999999999999996,0
cifar10_simplecnn,C1,485,1940,326,8,0.72436293436293442,76.400000000000006,1,0
cifar10_simplecnn,C1,486,1944,366,8,0.71710424710424703,76.402000000000001,0.94999999999999996,0
cifar10_simplecnn,C1,487,1948,328,8,0.71169884169884168,76.165999999999997,0.94999999999999996,0.050000000000000003
cifar10_simplecnn,C1,488,1952,323,8,0.73517374517374523,76.512,1,0
cifar10_simplecnn,C1,489,1956,314.5,8,0.71706563706563708,76.106000000000009,0.94999999999999996,0.050000000000000003
cifar10_simplecnn,C1,490,1960,360,8,0.72393822393822393,76.282000000000011,0.94999999999999996,0
cifar10_simplecnn,C1,491,1964,341,8,0.70779922779922777,76.114000000000004,0.94999999999999996,0.050000000000000003
cifar10_simplecnn,C1,492,1968,351,8,0.6771814671814671,74.462000000000003,0.90000000000000002,0.10000000000000001
cifar10_simplecnn,C1,493,1972,314.5,8,0.71057915057915055,74.614000000000004,0.90000000000000002,0.050000000000000003
cifar10_simplecnn,C1,494,1976,393.5,8,0.708996138996139,76.400000000000006,0.94999999999999996,0
cifar10_simplecnn,C1,495,1980,330,8,0.72146718146718147,76.439999999999998,1,0
cifar10_simplecnn,C1,496,1984,402,8,0.69320463320463321,76.329999999999998,0.94999999999999996,0
cifar10_simplecnn,C1,497,1988,397,8,0.67177606177606175,74.544000000000011,0.84999999999999998,0.050000000000000003
cifar10_simplecnn,C1,498,1992,404,8,0.70667953667953665,76.332000000000008,0.94999999999999996,0
cifar10_simplecnn,C1,499,1996,348,8,0.72764478764478757,76.340000000000003,1,0
cifar10_simplecnn,C1,500,2000,337,8,0.72131274131274137,76.390000000000001,0.94999999999999996,0
cifar10_simplecnn,C1,501,2004,331,8,0.73355212355212351,76.512,1,0
cifar10_simplecnn,C1,502,2008,335.5,8,0.7394208494208494,76.468000000000004,1,0
cifar10_simplecnn,C1,503,2012,313,8,0.74467181467181465,76.477999999999994,0.94999999999999996,0
cifar10_simplecnn,C1,504,2016,363.5,8,0.74621621621621625,76.390000000000001,1,0
cifar10_simplecnn,C1,505,2020,320,8,0.71482625482625484,76.444000000000003,0.94999999999999996,0
cifar10_simplecnn,C1,506,2024,356.5,8,0.72494208494208501,76.646000000000001,1,0
cifar10_simplecnn,C1,507,2028,356,8,0.72652509652509656,76.391999999999996,0.94999999999999996,0
cifar10_simplecnn,C1,508,2032,340,8,0.73864864864864865,76.50800000000001,1,0
cifar10_simplecnn,C1,509,2036,367,8,0.72401544401544404,76.287999999999997,0.94999999999999996,0
cifar10_simplecnn,C1,510,2040,357,8,0.70177606177606178,76.322000000000003,0.94999999999999996,0
cifar10_simplecnn,C1,511,2044,323,8,0.73355212355212351,76.498000000000005,0.94999999999999996,0
cifar10_simplecnn,C1,512,2048,340,8,0.72760617760617763,76.513999999999996,1,0
cifar10_simplecnn,C2,1,4,845.5,845.5,0.38459459459459461,62.653999999999996,0.20000000000000001,0.5
cifar10_simplecnn,C2,2,8,583,360.5,0.55664092664092668,70.102000000000004,0.45000000000000001,0.25
cifar10_simplecnn,C2,3,12,579.5,297.5,0.51826254826254825,68.176000000000002,0.45000000000000001,0.29999999999999999
cifar10_simplecnn,C2,4,16,465,245.5,0.54918918918918913,69.671999999999997,0.55000000000000004,0.29999999999999999
cifar10_simplecnn,C2,5,20,503.5,201.5,0.57324324324324327,69.967999999999989,0.55000000000000004,0.25
cifar10_simplecnn,C2,6,24,528,100.5,0.55096525096525095,67.176000000000002,0.5,0.25
cifar10_simplecnn,C2,7,28,549,98,0.56895752895752894,71.134,0.45000000000000001,0.20000000000000001
cifar10_simplecnn,C2,8,32,706.5,92,0.52586872586872579,70.501999999999995,0.45000000000000001,0.29999999999999999
cifar10_simplecnn,C2,9,36,389.5,83.5,0.58405405405405397,68.852000000000004,0.59999999999999998,0.20000000000000001
cifar10_simplecnn,C2,10,40,644,76.5,0.55999999999999994,72.400000000000006,0.40000000000000002,0.25
cifar10_simplecnn,C2,11,44,697,71.5,0.53706563706563704,72,0.34999999999999998,0.29999999999999999
cifar10_simplecnn,C2,12,48,457,69,0.60702702702702704,71.652000000000001,0.59999999999999998,0.25
cifar10_simplecnn,C2,13,52,521.5,69,0.57223938223938231,72.938000000000002,0.5,0.20000000000000001
cifar10_simplecnn,C2,14,56,548.5,69,0.52926640926640922,68.013999999999996,0.5,0.40000000000000002
cifar10_simplecnn,C2,15,60,669.5,69,0.5084555984555984,71.738,0.29999999999999999,0.34999999999999998
cifar10_simplecnn,C2,16,64,484,69,0.5897297297297297,71.734000000000009,0.55000000000000004,0.20000000000000001
cifar10_simplecnn,C2,17,68,675.5,69,0.52687258687258687,72.518000000000001,0.40000000000000002,0.20000000000000001
cifar10_simplecnn,C2,18,72,573.5,69,0.57845559845559846,71.408000000000001,0.45000000000000001,0.25
cifar10_simplecnn,C2,19,76,726.5,53.5,0.52810810810810804,69.784000000000006,0.40000000000000002,0.20000000000000001
cifar10_simplecnn,C2,20,80,513,45.5,0.51285714285714279,66.165999999999997,0.5,0.40000000000000002
cifar10_simplecnn,C2,21,84,512.5,45.5,0.56791505791505792,71.640000000000001,0.5,0.25
cifar10_simplecnn,C2,22,88,789,36,0.45239382239382236,67.162000000000006,0.29999999999999999,0.45000000000000001
cifar10_simplecnn,C2,23,92,706,36,0.49779922779922775,69.938000000000002,0.34999999999999998,0.40000000000000002
cifar10_simplecnn,C2,24,96,608,30.5,0.49911196911196909,68.328000000000003,0.40000000000000002,0.29999999999999999
cifar10_simplecnn,C2,25,100,537,30.5,0.54150579150579148,72.054000000000002,0.45000000000000001,0.34999999999999998
cifar10_simplecnn,C2,26,104,625,28.5,0.54880308880308881,72.305999999999997,0.40000000000000002,0.25
cifar10_simplecnn,C2,27,108,791,28.5,0.45942084942084949,68.537999999999997,0.34999999999999998,0.40000000000000002
cifar10_simplecnn,C2,28,112,666.5,28.5,0.5334362934362934,70.738,0.40000000000000002,0.29999999999999999
cifar10_simplecnn,C2,29,116,624,28.5,0.50158301158301155,71.457999999999998,0.40000000000000002,0.40000000000000002
cifar10_simplecnn,C2,30,120,689,25,0.53000000000000003,70.765999999999991,0.34999999999999998,0.29999999999999999
cifar10_simplecnn,C2,31,124,567.5,25,0.52100386100386098,72.408000000000001,0.5,0.25
cifar10_simplecnn,C2,32,128,504,25,0.56555984555984551,70.239999999999995,0.55000000000000004,0.25
cifar10_simplecnn,C2,33,132,488,21.5,0.54756756756756764,71.379999999999995,0.55000000000000004,0.25
cifar10_simplecnn,C2,34,136,439,21.5,0.62135135135135133,71.837999999999994,0.65000000000000002,0.20000000000000001
cifar10_simplecnn,C2,35,140,467.5,21.5,0.63810810810810814,75.205999999999989,0.59999999999999998,0.10000000000000001
cifar10_simplecnn,C2,36,144,502,21.5,0.61888030888030887,73.27000000000001,0.55000000000000004,0.14999999999999999
cifar10_simplecnn,C2,37,148,709.5,20,0.52088803088803082,70.436000000000007,0.40000000000000002,0.29999999999999999
cifar10_simplecnn,C2,38,152,503,20,0.5873745173745174,72.558000000000007,0.55000000000000004,0.25
cifar10_simplecnn,C2,39,156,636.5,20,0.55223938223938229,70.891999999999996,0.45000000000000001,0.29999999999999999
cifar10_simplecnn,C2,40,160,487.5,20,0.57158301158301161,70.641999999999996,0.55000000000000004,0.14999999999999999
cifar10_simplecnn,C2,41,164,574.5,20,0.534980694980695,69.77000000000001,0.5,0.25
cifar10_simplecnn,C2,42,168,465,20,0.543938223938224,69.888000000000005,0.55000000000000004,0.29999999999999999
cifar10_simplecnn,C2,43,172,657.5,20,0.56814671814671813,73.897999999999996,0.34999999999999998,0.14999999999999999
cifar10_simplecnn,C2,44,176,427,20,0.63231660231660236,72.022000000000006,0.69999999999999996,0.20000000000000001
cifar10_simplecnn,C2,45,180,713.5,20,0.41725868725868731,67.126000000000005,0.25,0.45000000000000001
cifar10_simplecnn,C2,46,184,504,20,0.59783783783783784,74.474000000000004,0.5,0.14999999999999999
cifar10_simplecnn,C2,47,188,310.5,20,0.63652509652509648,70.658000000000001,0.69999999999999996,0.20000000000000001
cifar10_simplecnn,C2,48,192,503,20,0.57274131274131279,71.429999999999993,0.5,0.25
cifar10_simplecnn,C2,49,196,484,20,0.57783783783783782,72.094000000000008,0.55000000000000004,0.10000000000000001
cifar10_simplecnn,C2,50,200,421.5,20,0.58687258687258681,71.99199999999999,0.69999999999999996,0.20000000000000001
cifar10_simplecnn,C2,51,204,410.5,20,0.55922779922779919,69.936000000000007,0.59999999999999998,0.25
cifar10_simplecnn,C2,52,208,716,20,0.47563706563706559,69.530000000000001,0.34999999999999998,0.25
cifar10_simplecnn,C2,53,212,343.5,20,0.65509652509652505,72.322000000000003,0.75,0.20000000000000001
cifar10_simplecnn,C2,54,216,324.5,20,0.66837837837837832,74.994,0.75,0.14999999999999999
cifar10_simplecnn,C2,55,220,578.5,20,0.50084942084942086,67.796000000000006,0.45000000000000001,0.40000000000000002
cifar10_simplecnn,C2,56,224,502.5,20,0.54725868725868732,72.866,0.5,0.25
cifar10_simplecnn,C2,57,228,488.5,20,0.59996138996139003,74.855999999999995,0.55000000000000004,0.10000000000000001
cifar10_simplecnn,C2,58,232,432.5,20,0.62837837837837829,73.658000000000001,0.59999999999999998,0.10000000000000001
cifar10_simplecnn,C2,59,236,628.5,20,0.50783783783783787,68.025999999999996,0.5,0.29999999999999999
cifar10_simplecnn,C2,60,240,435,20,0.62011583011583016,72.296000000000006,0.69999999999999996,0.14999999999999999
cifar10_simplecnn,C2,61,244,482,20,0.55312741312741309,71.376000000000005,0.55000000000000004,0.20000000000000001
cifar10_simplecnn,C2,62,248,645,20,0.48362934362934362,69.436000000000007,0.34999999999999998,0.29999999999999999
cifar10_simplecnn,C2,63,252,711.5,18,0.52810810810810804,70.646000000000001,0.40000000000000002,0.34999999999999998
cifar10_simplecnn,C2,64,256,524.5,18,0.55907335907335909,72.912000000000006,0.5,0.20000000000000001
cifar10_simplecnn,C2,65,260,463.5,18,0.58521235521235515,73.219999999999999,0.59999999999999998,0.14999999999999999
cifar10_simplecnn,C2,66,264,456.5,18,0.5601158301158301,72.796000000000006,0.55000000000000004,0.20000000000000001
cifar10_simplecnn,C2,67,268,452,18,0.58667953667953676,73.128,0.65000000000000002,0.20000000000000001
cifar10_simplecnn,C2,68,272,324,18,0.72301158301158297,74.670000000000002,0.84999999999999998,0.050000000000000003
cifar10_simplecnn,C2,69,276,466.5,18,0.58111969111969108,74.448000000000008,0.5,0.14999999999999999
cifar10_simplecnn,C2,70,280,473.5,18,0.56474903474903471,73.00800000000001,0.55000000000000004,0.20000000000000001
cifar10_simplecnn,C2,71,284,410,17.5,0.63629343629343627,73.870000000000005,0.65000000000000002,0.10000000000000001
cifar10_simplecnn,C2,72,288,562.5,17.5,0.51745173745173745,70.784000000000006,0.45000000000000001,0.29999999999999999
cifar10_simplecnn,C2,73,292,471.5,17.5,0.6026640926640926,73.390000000000001,0.59999999999999998,0.14999999999999999
cifar10_simplecnn,C2,74,296,405,17.5,0.66942084942084945,75.512,0.75,0.050000000000000003
cifar10_simplecnn,C2,75,300,328.5,17.5,0.6596138996138996,73.847999999999999,0.75,0.14999999999999999
cifar10_simplecnn,C2,76,304,499.5,17.5,0.56594594594594594,74.554000000000002,0.59999999999999998,0.20000000000000001
cifar10_simplecnn,C2,77,308,472,17.5,0.54741312741312742,71.239999999999995,0.59999999999999998,0.29999999999999999
cifar10_simplecnn,C2,78,312,433.5,17.5,0.63899613899613894,73.731999999999999,0.65000000000000002,0.10000000000000001
cifar10_simplecnn,C2,79,316,568.5,17.5,0.5585714285714285,74.534000000000006,0.5,0.14999999999999999
cifar10_simplecnn,C2,80,320,399,17.5,0.60393822393822394,73.165999999999997,0.59999999999999998,0.20000000000000001
cifar10_simplecnn,C2,81,324,478.5,17.5,0.57644787644787643,73.058000000000007,0.59999999999999998,0.20000000000000001
cifar10_simplecnn,C2,82,328,411,17.5,0.62413127413127412,74,0.75,0.10000000000000001
cifar10_simplecnn,C2,83,332,532,17.5,0.55965250965250957,74.02000000000001,0.5,0.25
cifar10_simplecnn,C2,84,336,519,17.5,0.52980694980694987,71.347999999999999,0.5,0.25
cifar10_simplecnn,C2,85,340,434,17.5,0.65339768339768345,75.203999999999994,0.69999999999999996,0.10000000000000001
cifar10_simplecnn,C2,86,344,429.5,17.5,0.63015444015444011,73.912000000000006,0.65000000000000002,0.10000000000000001
cifar10_simplecnn,C2,87,348,498,17.5,0.59146718146718147,73.141999999999996,0.59999999999999998,0.20000000000000001
cifar10_simplecnn,C2,88,352,481.5,17.5,0.60482625482625485,73.469999999999999,0.55000000000000004,0.10000000000000001
cifar10_simplecnn,C2,89,356,419.5,17.5,0.64339768339768333,75.296000000000006,0.69999999999999996,0.10000000000000001
cifar10_simplecnn,C2,90,360,420,17.5,0.61293436293436288,72.453999999999994,0.75,0.14999999999999999
cifar10_simplecnn,C2,91,364,371,17.5,0.60637065637065635,70.316000000000003,0.59999999999999998,0.25
cifar10_simplecnn,C2,92,368,608,14.5,0.52922779922779928,71.24199999999999,0.45000000000000001,0.25
cifar10_simplecnn,C2,93,372,404.5,14.5,0.62173745173745176,72.027999999999992,0.65000000000000002,0.20000000000000001
cifar10_simplecnn,C2,94,376,678,14.5,0.45250965250965247,70.096000000000004,0.40000000000000002,0.45000000000000001
cifar10_simplecnn,C2,95,380,336,14.5,0.651969111969112,73.570000000000007,0.69999999999999996,0.14999999999999999
cifar10_simplecnn,C2,96,384,444,14.5,0.62092664092664096,72.129999999999995,0.59999999999999998,0.14999999999999999
cifar10_simplecnn,C2,97,388,481,14.5,0.55934362934362936,71.960000000000008,0.65000000000000002,0.20000000000000001
cifar10_simplecnn,C2,98,392,351,14.5,0.64482625482625477,71.287999999999997,0.84999999999999998,0.14999999999999999
cifar10_simplecnn,C2,99,396,393,14.5,0.63571428571428568,75.068000000000012,0.69999999999999996,0.10000000000000001
cifar10_simplecnn,C2,100,400,444,14.5,0.59741312741312735,73.475999999999999,0.69999999999999996,0.20000000000000001
cifar10_simplecnn,C2,101,404,405,14.5,0.62069498069498075,73.532000000000011,0.75,0.20000000000000001
cifar10_simplecnn,C2,102,408,406,14.5,0.59413127413127409,71.897999999999996,0.65000000000000002,0.20000000000000001
cifar10_simplecnn,C2,103,412,361,14.5,0.68289575289575288,75.472000000000008,0.80000000000000004,0.10000000000000001
cifar10_simplecnn,C2,104,416,446,14.5,0.56386100386100391,72.501999999999995,0.55000000000000004,0.29999999999999999
cifar10_simplecnn,C2,105,420,485,14.5,0.54486486486486485,70.323999999999998,0.59999999999999998,0.25
cifar10_simplecnn,C2,106,424,424,14.5,0.61532818532818534,73.316000000000003,0.69999999999999996,0.25
cifar10_simplecnn,C2,107,428,457,14.5,0.6032432432432433,73.584000000000003,0.59999999999999998,0.14999999999999999
cifar10_simplecnn,C2,108,432,395.5,14.5,0.61841698841698833,73.52000000000001,0.75,0.20000000000000001
cifar10_simplecnn,C2,109,436,412.5,14.5,0.622934362934363,74.975999999999999,0.65000000000000002,0.14999999999999999
cifar10_simplecnn,C2,110,440,401.5,14.5,0.66208494208494206,75.626000000000005,0.75,0.050000000000000003
cifar10_simplecnn,C2,111,444,471,14.5,0.56223938223938219,72.805999999999997,0.55000000000000004,0.25
cifar10_simplecnn,C2,112,448,410,14.5,0.67575289575289577,75.373999999999995,0.75,0.10000000000000001
cifar10_simplecnn,C2,113,452,424.5,14.5,0.62498069498069497,74.885999999999996,0.69999999999999996,0.20000000000000001
cifar10_simplecnn,C2,114,456,416.5,14.5,0.6086872586872587,72.394000000000005,0.69999999999999996,0.14999999999999999
cifar10_simplecnn,C2,115,460,574,14.5,0.52722007722007724,69.926000000000002,0.5,0.25
cifar10_simplecnn,C2,116,464,412.5,14.5,0.66625482625482624,76.013999999999996,0.80000000000000004,0
cifar10_simplecnn,C2,117,468,471.5,14.5,0.64752895752895756,75.403999999999996,0.75,0.10000000000000001
cifar10_simplecnn,C2,118,472,409.5,14.5,0.61810810810810812,71.846000000000004,0.69999999999999996,0.25
cifar10_simplecnn,C2,119,476,407.5,14.5,0.67768339768339769,76.066000000000003,0.80000000000000004,0
cifar10_simplecnn,C2,120,480,389,14.5,0.70196911196911205,75.736000000000004,0.80000000000000004,0.050000000000000003
cifar10_simplecnn,C2,121,484,338,14.5,0.67409266409266411,74.445999999999998,0.80000000000000004,0.050000000000000003
cifar10_simplecnn,C2,122,488,404.5,14.5,0.64965250965250965,75.453999999999994,0.65000000000000002,0.050000000000000003
cifar10_simplecnn,C2,123,492,454.5,14.5,0.62401544401544407,73.763999999999996,0.69999999999999996,0.14999999999999999
cifar10_simplecnn,C2,124,496,438,14.5,0.61007722007722009,72.590000000000003,0.80000000000000004,0.14999999999999999
cifar10_simplecnn,C2,125,500,493,14.5,0.55393822393822389,73.066000000000003,0.55000000000000004,0.20000000000000001
cifar10_simplecnn,C2,126,504,458.5,14.5,0.59918918918918918,73.75,0.69999999999999996,0.14999999999999999
cifar10_simplecnn,C2,127,508,400,14.5,0.652046332046332,74.539999999999992,0.80000000000000004,0.050000000000000003
cifar10_simplecnn,C2,128,512,432.5,14.5,0.57505791505791515,72.084000000000003,0.69999999999999996,0.20000000000000001
cifar10_simplecnn,C2,129,516,477.5,14.5,0.6011196911196911,74.103999999999999,0.75,0.10000000000000001
cifar10_simplecnn,C2,130,520,396,14.5,0.66818532818532816,75.787999999999997,0.80000000000000004,0.050000000000000003
cifar10_simplecnn,C2,131,524,395,14.5,0.63467181467181466,74.122,0.75,0.10000000000000001
cifar10_simplecnn,C2,132,528,412,14.5,0.65216216216216216,75.49199999999999,0.75,0.10000000000000001
cifar10_simplecnn,C2,133,532,371.5,14.5,0.63710424710424707,72.628,0.80000000000000004,0.14999999999999999
cifar10_simplecnn,C2,134,536,408.5,14.5,0.63583011583011584,75.451999999999998,0.75,0.10000000000000001
cifar10_simplecnn,C2,135,540,493,14.5,0.57057915057915065,72.140000000000001,0.59999999999999998,0.14999999999999999
cifar10_simplecnn,C2,136,544,506,14.5,0.56046332046332048,74.616,0.65000000000000002,0.20000000000000001
cifar10_simplecnn,C2,137,548,358.5,14.5,0.66772200772200774,75.222000000000008,0.80000000000000004,0.14999999999999999
cifar10_simplecnn,C2,138,552,426.5,14.5,0.67081081081081084,75.674000000000007,0.75,0.050000000000000003
cifar10_simplecnn,C2,139,556,489,14.5,0.64320463320463328,75.587999999999994,0.59999999999999998,0
cifar10_simplecnn,C2,140,560,386.5,14.5,0.6611583011583011,74.323999999999998,0.80000000000000004,0.050000000000000003
cifar10_simplecnn,C2,141,564,396,14.5,0.66841698841698838,75.722000000000008,0.84999999999999998,0.10000000000000001
cifar10_simplecnn,C2,142,568,467.5,14.5,0.67471042471042475,76.219999999999999,0.90000000000000002,0
cifar10_simplecnn,C2,143,572,458,14.5,0.61274131274131272,75.384,0.69999999999999996,0.10000000000000001
cifar10_simplecnn,C2,144,576,417.5,14.5,0.65571428571428569,75.794000000000011,0.75,0
cifar10_simplecnn,C2,145,580,415,14.5,0.68351351351351353,76.094000000000008,0.84999999999999998,0
cifar10_simplecnn,C2,146,584,452,14.5,0.63559845559845551,73.686000000000007,0.69999999999999996,0.14999999999999999
cifar10_simplecnn,C2,147,588,442.5,14.5,0.61664092664092673,73.634,0.69999999999999996,0.14999999999999999
cifar10_simplecnn,C2,148,592,367.5,14.5,0.65212355212355211,74.469999999999999,0.80000000000000004,0.050000000000000003
cifar10_simplecnn,C2,149,596,386.5,14.5,0.69482625482625482,76.200000000000003,0.84999999999999998,0
cifar10_simplecnn,C2,150,600,410,14.5,0.64907335907335906,75.400000000000006,0.80000000000000004,0.14999999999999999
cifar10_simplecnn,C2,151,604,358,14.5,0.69698841698841707,76.099999999999994,0.80000000000000004,0
cifar10_simplecnn,C2,152,608,403.5,14.5,0.68382239382239385,75.927999999999997,0.84999999999999998,0.050000000000000003
cifar10_simplecnn,C2,153,612,398,14.5,0.65868725868725864,74.453999999999994,0.84999999999999998,0.10000000000000001
cifar10_simplecnn,C2,154,616,405.5,14.5,0.5804633204633205,70.734000000000009,0.69999999999999996,0.20000000000000001
cifar10_simplecnn,C2,155,620,454,14.5,0.62212355212355219,75.379999999999995,0.69999999999999996,0.10000000000000001
cifar10_simplecnn,C2,156,624,383,14.5,0.70803088803088809,76.031999999999996,0.90000000000000002,0.050000000000000003
cifar10_simplecnn,C2,157,628,415.5,14.5,0.66961389961389961,74.655999999999992,0.90000000000000002,0.050000000000000003
cifar10_simplecnn,C2,158,632,374,14.5,0.6467567567567567,75.001999999999995,0.80000000000000004,0.20000000000000001
cifar10_simplecnn,C2,159,636,512.5,14.5,0.53362934362934367,73.057999999999993,0.59999999999999998,0.25
cifar10_simplecnn,C2,160,640,426.5,14.5,0.64907335907335906,75.939999999999998,0.84999999999999998,0.050000000000000003
cifar10_simplecnn,C2,161,644,396,14.5,0.69729729729729728,76.356000000000009,0.94999999999999996,0.050000000000000003
cifar10_simplecnn,C2,162,648,484.5,14.5,0.59104247104247098,73.772000000000006,0.69999999999999996,0.14999999999999999
cifar10_simplecnn,C2,163,652,409.5,14.5,0.68208494208494208,75.938000000000002,0.90000000000000002,0.050000000000000003
cifar10_simplecnn,C2,164,656,371,14.5,0.66891891891891897,75.700000000000003,0.80000000000000004,0.10000000000000001
cifar10_simplecnn,C2,165,660,409.5,14.5,0.65938223938223939,73.054000000000002,0.90000000000000002,0.10000000000000001
cifar10_simplecnn,C2,166,664,417,14.5,0.64826254826254825,75.939999999999998,0.84999999999999998,0.050000000000000003
cifar10_simplecnn,C2,167,668,421.5,14.5,0.65459459459459457,74.765999999999991,0.90000000000000002,0.050000000000000003
cifar10_simplecnn,C2,168,672,444.5,14.5,0.65837837837837843,75.554000000000002,0.69999999999999996,0.050000000000000003
cifar10_simplecnn,C2,169,676,406,14.5,0.65999999999999992,74.614000000000004,0.84999999999999998,0.050000000000000003
cifar10_simplecnn,C2,170,680,432.5,14.5,0.59737451737451741,73.965999999999994,0.75,0.14999999999999999
cifar10_simplecnn,C2,171,684,339,14.5,0.68297297297297299,76.082000000000008,0.90000000000000002,0.050000000000000003
cifar10_simplecnn,C2,172,688,451,14.5,0.53386100386100388,73.468000000000004,0.59999999999999998,0.40000000000000002
cifar10_simplecnn,C2,173,692,447,14.5,0.61517374517374512,74.439999999999998,0.84999999999999998,0.10000000000000001
cifar10_simplecnn,C2,174,696,386,14.5,0.70532818532818531,76.623999999999995,1,0
cifar10_simplecnn,C2,175,700,477,14.5,0.65065637065637072,76.147999999999996,0.80000000000000004,0
cifar10_simplecnn,C2,176,704,364,14.5,0.72042471042471035,76.397999999999996,0.90000000000000002,0
cifar10_simplecnn,C2,177,708,418,14.5,0.66250965250965255,75.713999999999999,0.84999999999999998,0.10000000000000001
cifar10_simplecnn,C2,178,712,361,14.5,0.72239382239382244,76.518000000000001,0.94999999999999996,0
cifar10_simplecnn,C2,179,716,424,14.5,0.62258687258687262,74.135999999999996,0.84999999999999998,0.14999999999999999
cifar10_simplecnn,C2,180,720,409,14.5,0.67667953667953662,76.390000000000001,0.94999999999999996,0
cifar10_simplecnn,C2,181,724,410.5,14.5,0.59424710424710425,73.155999999999992,0.69999999999999996,0.25
cifar10_simplecnn,C2,182,728,405,14.5,0.67891891891891887,74.830000000000013,0.94999999999999996,0.050000000000000003
cifar10_simplecnn,C2,183,732,416.5,14.5,0.65247104247104248,75.777999999999992,0.90000000000000002,0.10000000000000001
cifar10_simplecnn,C2,184,736,416,14.5,0.68038610038610037,76.298000000000002,0.90000000000000002,0
cifar10_simplecnn,C2,185,740,424.5,14.5,0.60656370656370662,74.141999999999996,0.75,0.10000000000000001
cifar10_simplecnn,C2,186,744,408,14.5,0.68019305019305021,76.126000000000005,0.90000000000000002,0.050000000000000003
cifar10_simplecnn,C2,187,748,413,14.5,0.63752895752895755,74.396000000000001,0.84999999999999998,0.10000000000000001
cifar10_simplecnn,C2,188,752,406.5,14.5,0.66969111969111972,75.801999999999992,0.90000000000000002,0.050000000000000003
cifar10_simplecnn,C2,189,756,489.5,14.5,0.60953667953667945,74.494,0.80000000000000004,0.050000000000000003
cifar10_simplecnn,C2,190,760,422,14.5,0.69096525096525097,76.518000000000001,0.94999999999999996,0
cifar10_simplecnn,C2,191,764,414.5,14.5,0.63980694980694985,75.52000000000001,0.84999999999999998,0.10000000000000001
cifar10_simplecnn,C2,192,768,407,14.5,0.64938223938223938,75.746000000000009,0.84999999999999998,0.050000000000000003
cifar10_simplecnn,C2,193,772,401,14.5,0.65915057915057917,75.977999999999994,0.84999999999999998,0.050000000000000003
cifar10_simplecnn,C2,194,776,404.5,14.5,0.62826254826254824,75.251999999999995,0.80000000000000004,0.14999999999999999
cifar10_simplecnn,C2,195,780,411,14.5,0.66876447876447875,76.420000000000002,0.90000000000000002,0
cifar10_simplecnn,C2,196,784,360,14.5,0.69783783783783782,75.772000000000006,0.90000000000000002,0.10000000000000001
cifar10_simplecnn,C2,197,788,403,14.5,0.70918918918918927,76.396000000000001,0.94999999999999996,0
cifar10_simplecnn,C2,198,792,417.5,14.5,0.69015444015444016,76.52000000000001,0.94999999999999996,0
cifar10_simplecnn,C2,199,796,436.5,14.5,0.61498069498069496,75.525999999999996,0.80000000000000004,0.10000000000000001
cifar10_simplecnn,C2,200,800,399.5,14.5,0.66521235521235522,76.27000000000001,0.84999999999999998,0
cifar10_simplecnn,C2,201,804,404,14.5,0.65637065637065639,75.963999999999999,0.84999999999999998,0.050000000000000003
cifar10_simplecnn,C2,202,808,421.5,14.5,0.64563706563706558,75.789999999999992,0.80000000000000004,0.050000000000000003
cifar10_simplecnn,C2,203,812,409.5,14.5,0.66061776061776067,75.792000000000002,0.84999999999999998,0.10000000000000001
cifar10_simplecnn,C2,204,816,448.5,14.5,0.58857142857142863,72.352000000000004,0.75,0.20000000000000001
cifar10_simplecnn,C2,205,820,426,14.5,0.63694980694980696,75.248000000000005,0.80000000000000004,0.14999999999999999
cifar10_simplecnn,C2,206,824,394,14.5,0.66127413127413126,74.804000000000002,0.90000000000000002,0.050000000000000003
cifar10_simplecnn,C2,207,828,408,14.5,0.69725868725868723,76.445999999999998,0.94999999999999996,0
cifar10_simplecnn,C2,208,832,388.5,14.5,0.71401544401544403,76.587999999999994,1,0
cifar10_simplecnn,C2,209,836,410,14.5,0.67961389961389962,76.424000000000007,0.94999999999999996,0
cifar10_simplecnn,C2,210,840,418,14.5,0.652046332046332,76.066000000000003,0.80000000000000004,0
cifar10_simplecnn,C2,211,844,378,14.5,0.70961389961389965,76.111999999999995,0.94999999999999996,0.050000000000000003
cifar10_simplecnn,C2,212,848,394.5,14.5,0.68463320463320465,76.282000000000011,0.94999999999999996,0.050000000000000003
cifar10_simplecnn,C2,213,852,397,14.5,0.65474903474903479,74.537999999999997,0.90000000000000002,0.10000000000000001
cifar10_simplecnn,C2,214,856,409,14.5,0.68397683397683395,76.00800000000001,0.90000000000000002,0.050000000000000003
cifar10_simplecnn,C2,215,860,409.5,14.5,0.66227799227799233,76.092000000000013,0.84999999999999998,0.050000000000000003
cifar10_simplecnn,C2,216,864,405,14.5,0.66393822393822399,74.378,0.90000000000000002,0.10000000000000001
cifar10_simplecnn,C2,217,868,411,14.5,0.61826254826254823,74.207999999999998,0.80000000000000004,0.10000000000000001
cifar10_simplecnn,C2,218,872,418,14.5,0.63745173745173744,74.472000000000008,0.80000000000000004,0.050000000000000003
cifar10_simplecnn,C2,219,876,410.5,14.5,0.6649034749034749,76.22999999999999,0.94999999999999996,0.050000000000000003
cifar10_simplecnn,C2,220,880,400,14.5,0.64563706563706558,74.207999999999998,0.80000000000000004,0.10000000000000001
cifar10_simplecnn,C2,221,884,425.5,14.5,0.67818532818532817,76.087999999999994,0.94999999999999996,0.050000000000000003
cifar10_simplecnn,C2,222,888,385.5,14.5,0.64173745173745167,74.260000000000005,0.80000000000000004,0.10000000000000001
cifar10_simplecnn,C2,223,892,442,14.5,0.65776061776061778,76.177999999999997,0.94999999999999996,0.050000000000000003
cifar10_simplecnn,C2,224,896,408.5,14.5,0.66420849420849426,76.022000000000006,0.90000000000000002,0.050000000000000003
cifar10_simplecnn,C2,225,900,409,14.5,0.69324324324324327,76.193999999999988,0.94999999999999996,0.050000000000000003
cifar10_simplecnn,C2,226,904,409.5,14.5,0.67745173745173748,76.108000000000004,0.94999999999999996,0.050000000000000003
cifar10_simplecnn,C2,227,908,405,14.5,0.68957528957528957,76.424000000000007,0.94999999999999996,0
cifar10_simplecnn,C2,228,912,330.5,14.5,0.73046332046332041,76.316000000000003,0.94999999999999996,0
cifar10_simplecnn,C2,229,916,409,14.5,0.69239382239382241,76.414000000000001,0.94999999999999996,0
cifar10_simplecnn,C2,230,920,404,14.5,0.71015444015444018,76.536000000000001,1,0
cifar10_simplecnn,C2,231,924,409,14.5,0.67621621621621619,76.5,0.94999999999999996,0
cifar10_simplecnn,C2,232,928,386.5,14.5,0.66664092664092656,75.786000000000001,0.90000000000000002,0.10000000000000001
cifar10_simplecnn,C2,233,932,409,14.5,0.66833976833976838,76.150000000000006,0.90000000000000002,0.050000000000000003
cifar10_simplecnn,C2,234,936,426.5,14.5,0.6177220077220078,74.409999999999997,0.84999999999999998,0.10000000000000001
cifar10_simplecnn,C2,235,940,409.5,14.5,0.61200772200772202,73.823999999999998,0.80000000000000004,0.14999999999999999
cifar10_simplecnn,C2,236,944,431,14.5,0.63119691119691113,74.364000000000004,0.84999999999999998,0.10000000000000001
cifar10_simplecnn,C2,237,948,345.5,14.5,0.68710424710424711,76.242000000000004,0.90000000000000002,0
cifar10_simplecnn,C2,238,952,409,14.5,0.65934362934362933,76.103999999999999,0.90000000000000002,0.050000000000000003
cifar10_simplecnn,C2,239,956,427.5,14.5,0.6041312741312741,75.353999999999999,0.80000000000000004,0.14999999999999999
cifar10_simplecnn,C2,240,960,417,14.5,0.66548262548262549,76.171999999999997,0.80000000000000004,0
cifar10_simplecnn,C2,241,964,424,14.5,0.63127413127413123,75.912000000000006,0.80000000000000004,0.050000000000000003
cifar10_simplecnn,C2,242,968,401.5,14.5,0.70571428571428574,76.609999999999999,1,0
cifar10_simplecnn,C2,243,972,417.5,14.5,0.64386100386100387,75.606000000000009,0.84999999999999998,0.10000000000000001
cifar10_simplecnn,C2,244,976,409,14.5,0.64795366795366793,75.957999999999998,0.84999999999999998,0.050000000000000003
cifar10_simplecnn,C2,245,980,366.5,14.5,0.71559845559845559,76.231999999999999,0.94999999999999996,0.050000000000000003
cifar10_simplecnn,C2,246,984,409.5,14.5,0.66683397683397683,76.189999999999998,0.90000000000000002,0.050000000000000003
cifar10_simplecnn,C2,247,988,413.5,14.5,0.67992277992277983,76.138000000000005,0.94999999999999996,0.050000000000000003
cifar10_simplecnn,C2,248,992,409.5,14.5,0.65764478764478762,76.189999999999998,0.84999999999999998,0
cifar10_simplecnn,C2,249,996,396,14.5,0.69521235521235525,76.329999999999998,0.90000000000000002,0
cifar10_simplecnn,C2,250,1000,409.5,14.5,0.70393822393822392,76.626000000000005,1,0
cifar10_simplecnn,C2,251,1004,402,14.5,0.7088416988416989,76.594000000000008,1,0
cifar10_simplecnn,C2,252,1008,395,14.5,0.6847490347490347,75.900000000000006,0.90000000000000002,0.050000000000000003
cifar10_simplecnn,C2,253,1012,407,14.5,0.6801158301158301,76.135999999999996,0.90000000000000002,0.050000000000000003
cifar10_simplecnn,C2,254,1016,418,14.5,0.64528957528957531,74.789999999999992,0.90000000000000002,0.050000000000000003
cifar10_simplecnn,C2,255,1020,450,14.5,0.62088803088803091,74.373999999999995,0.84999999999999998,0.10000000000000001
cifar10_simplecnn,C2,256,1024,410.5,14.5,0.70876447876447879,76.611999999999995,1,0
cifar10_simplecnn,C2,257,1028,409,14.5,0.67235521235521234,76.394000000000005,0.94999999999999996,0
cifar10_simplecnn,C2,258,1032,409,14.5,0.69351351351351354,76.456000000000003,0.94999999999999996,0
cifar10_simplecnn,C2,259,1036,407.5,14.5,0.58984555984555986,73.524000000000001,0.75,0.20000000000000001
cifar10_simplecnn,C2,260,1040,431.5,14.5,0.60791505791505795,73.941999999999993,0.80000000000000004,0.14999999999999999
cifar10_simplecnn,C2,261,1044,409.5,14.5,0.67737451737451737,76.573999999999998,1,0
cifar10_simplecnn,C2,262,1048,341.5,14.5,0.71007722007722007,76.486000000000004,0.94999999999999996,0
cifar10_simplecnn,C2,263,1052,412,14.5,0.70872586872586874,76.566000000000003,1,0
cifar10_simplecnn,C2,264,1056,409.5,14.5,0.64722007722007713,75.772000000000006,0.90000000000000002,0.10000000000000001
cifar10_simplecnn,C2,265,1060,399.5,14.5,0.69586872586872583,76.561999999999998,1,0
cifar10_simplecnn,C2,266,1064,404,14.5,0.64575289575289574,74.49199999999999,0.90000000000000002,0.10000000000000001
cifar10_simplecnn,C2,267,1068,408.5,14.5,0.68779922779922775,76.563999999999993,1,0
cifar10_simplecnn,C2,268,1072,401.5,14.5,0.7020849420849421,76.671999999999997,1,0
cifar10_simplecnn,C2,269,1076,408.5,14.5,0.69698841698841707,76.453999999999994,0.94999999999999996,0
cifar10_simplecnn,C2,270,1080,406.5,14.5,0.69934362934362926,76.289999999999992,0.90000000000000002,0
cifar10_simplecnn,C2,271,1084,410,14.5,0.66833976833976838,76.153999999999996,0.94999999999999996,0.050000000000000003
cifar10_simplecnn,C2,272,1088,407,14.5,0.68220077220077224,76.510000000000005,0.94999999999999996,0
cifar10_simplecnn,C2,273,1092,408.5,14.5,0.64872586872586868,75.670000000000002,0.84999999999999998,0.10000000000000001
cifar10_simplecnn,C2,274,1096,426,14.5,0.65814671814671821,76.090000000000003,0.90000000000000002,0.050000000000000003
cifar10_simplecnn,C2,275,1100,409.5,14.5,0.68401544401544401,76.506,0.94999999999999996,0
cifar10_simplecnn,C2,276,1104,390,14.5,0.7341312741312741,76.530000000000001,1,0
cifar10_simplecnn,C2,277,1108,408.5,14.5,0.69193050193050198,76.614000000000004,1,0
cifar10_simplecnn,C2,278,1112,418,14.5,0.68003861003860999,76.469999999999999,1,0
cifar10_simplecnn,C2,279,1116,336.5,14.5,0.72938223938223934,76.524000000000001,0.94999999999999996,0
cifar10_simplecnn,C2,280,1120,400.5,14.5,0.69899613899613899,76.370000000000005,0.90000000000000002,0
cifar10_simplecnn,C2,281,1124,416.5,14.5,0.61335907335907336,72.900000000000006,0.75,0.10000000000000001
cifar10_simplecnn,C2,282,1128,370,14.5,0.72664092664092661,76.584000000000003,1,0
cifar10_simplecnn,C2,283,1132,407.5,14.5,0.6816602316602316,76.138000000000005,0.94999999999999996,0.050000000000000003
cifar10_simplecnn,C2,284,1136,407,14.5,0.66069498069498067,76.079999999999998,0.90000000000000002,0.050000000000000003
cifar10_simplecnn,C2,285,1140,415,14.5,0.66501930501930506,74.659999999999997,0.84999999999999998,0.050000000000000003
cifar10_simplecnn,C2,286,1144,400,14.5,0.67953667953667962,76.141999999999996,0.94999999999999996,0.050000000000000003
cifar10_simplecnn,C2,287,1148,409,14.5,0.66799227799227801,76.147999999999996,0.94999999999999996,0.050000000000000003
cifar10_simplecnn,C2,288,1152,393,14.5,0.715019305019305,76.457999999999998,0.94999999999999996,0
cifar10_simplecnn,C2,289,1156,410.5,14.5,0.65092664092664099,75.792000000000002,0.90000000000000002,0.10000000000000001
cifar10_simplecnn,C2,290,1160,364.5,14.5,0.71864864864864864,76.626000000000005,1,0
cifar10_simplecnn,C2,291,1164,408,14.5,0.70664092664092659,76.599999999999994,1,0
cifar10_simplecnn,C2,292,1168,409,14.5,0.69984555984555985,76.722000000000008,1,0
cifar10_simplecnn,C2,293,1172,408.5,14.5,0.67938223938223941,76.140000000000001,0.94999999999999996,0.050000000000000003
cifar10_simplecnn,C2,294,1176,408,14.5,0.71420849420849419,76.481999999999999,1,0
cifar10_simplecnn,C2,295,1180,417,14.5,0.6718146718146718,76.596000000000004,1,0
cifar10_simplecnn,C2,296,1184,396.5,14.5,0.71250965250965259,76.597999999999999,1,0
cifar10_simplecnn,C2,297,1188,408.5,14.5,0.70911196911196916,76.546000000000006,1,0
cifar10_simplecnn,C2,298,1192,372,14.5,0.71308880308880307,76.488,1,0
cifar10_simplecnn,C2,299,1196,410,14.5,0.65158301158301157,75.968000000000004,0.90000000000000002,0.050000000000000003
cifar10_simplecnn,C2,300,1200,401.5,14.5,0.66803088803088806,74.700000000000003,0.90000000000000002,0.050000000000000003
cifar10_simplecnn,C2,301,1204,411,14.5,0.68490347490347492,76.498000000000005,1,0
cifar10_simplecnn,C2,302,1208,408,14.5,0.69509652509652509,76.510000000000005,1,0
cifar10_simplecnn,C2,303,1212,415,14.5,0.67405405405405405,76.405999999999992,0.94999999999999996,0
cifar10_simplecnn,C2,304,1216,399,14.5,0.6771814671814671,74.921999999999997,0.94999999999999996,0.050000000000000003
cifar10_simplecnn,C2,305,1220,391.5,14.5,0.68671814671814668,76.420000000000002,0.94999999999999996,0
cifar10_simplecnn,C2,306,1224,410,14.5,0.65440154440154441,75.897999999999996,0.84999999999999998,0.050000000000000003
cifar10_simplecnn,C2,307,1228,396,14.5,0.7006177606177606,76.408000000000001,0.94999999999999996,0
cifar10_simplecnn,C2,308,1232,380,14.5,0.68084942084942079,75.817999999999998,0.90000000000000002,0.10000000000000001
cifar10_simplecnn,C2,309,1236,358.5,14.5,0.71270270270270264,76.474000000000004,1,0
cifar10_simplecnn,C2,310,1240,397.5,14.5,0.70687258687258692,76.396000000000001,1,0
cifar10_simplecnn,C2,311,1244,410.5,14.5,0.66223938223938228,76.012,0.90000000000000002,0.050000000000000003
cifar10_simplecnn,C2,312,1248,396,14.5,0.66220077220077223,75.859999999999999,0.84999999999999998,0.050000000000000003
cifar10_simplecnn,C2,313,1252,399,14.5,0.67644787644787641,75.823999999999998,0.90000000000000002,0.10000000000000001
cifar10_simplecnn,C2,314,1256,362.5,14.5,0.71142857142857152,76.469999999999999,1,0
cifar10_simplecnn,C2,315,1260,365,14.5,0.69509652509652509,75.920000000000002,0.90000000000000002,0.050000000000000003
cifar10_simplecnn,C2,316,1264,400,14.5,0.67150579150579159,74.746000000000009,0.94999999999999996,0.050000000000000003
cifar10_simplecnn,C2,317,1268,399,14.5,0.68957528957528957,76.378,0.90000000000000002,0
cifar10_simplecnn,C2,318,1272,403.5,14.5,0.67262548262548261,74.856000000000009,0.94999999999999996,0.050000000000000003
cifar10_simplecnn,C2,319,1276,336,14.5,0.71532818532818532,76.683999999999997,1,0
cifar10_simplecnn,C2,320,1280,390.5,14.5,0.67671814671814678,74.744,0.90000000000000002,0.050000000000000003
cifar10_simplecnn,C2,321,1284,336.5,14.5,0.71416988416988425,76.318000000000012,0.94999999999999996,0
cifar10_simplecnn,C2,322,1288,363.5,14.5,0.70949806949806948,76.484000000000009,1,0
cifar10_simplecnn,C2,323,1292,422.5,14.5,0.68289575289575288,76.578000000000003,1,0
cifar10_simplecnn,C2,324,1296,408.5,14.5,0.68984555984555984,76.472000000000008,1,0
cifar10_simplecnn,C2,325,1300,385,14.5,0.67378378378378379,76.096000000000004,0.90000000000000002,0.050000000000000003
cifar10_simplecnn,C2,326,1304,391,14.5,0.6921621621621622,74.858000000000004,0.94999999999999996,0.050000000000000003
cifar10_simplecnn,C2,327,1308,396,14.5,0.68876447876447877,76.179999999999993,0.94999999999999996,0.050000000000000003
cifar10_simplecnn,C2,328,1312,392,14.5,0.70579150579150585,76.605999999999995,1,0
cifar10_simplecnn,C2,329,1316,365.5,14.5,0.69308880308880316,76.027999999999992,0.90000000000000002,0.050000000000000003
cifar10_simplecnn,C2,330,1320,399,14.5,0.69876447876447878,76.488,1,0
cifar10_simplecnn,C2,331,1324,382.5,14.5,0.70694980694980691,76.494,1,0
cifar10_simplecnn,C2,332,1328,393,14.5,0.70030888030888039,76.484000000000009,0.94999999999999996,0
cifar10_simplecnn,C2,333,1332,407,14.5,0.67301158301158304,76.099999999999994,0.94999999999999996,0.050000000000000003
cifar10_simplecnn,C2,334,1336,407,14.5,0.66629343629343629,76.118000000000009,0.94999999999999996,0.050000000000000003
cifar10_simplecnn,C2,335,1340,401.5,14.5,0.68934362934362936,76.253999999999991,0.90000000000000002,0.050000000000000003
cifar10_simplecnn,C2,336,1344,338.5,14.5,0.69413127413127407,75.974000000000004,0.90000000000000002,0.050000000000000003
cifar10_simplecnn,C2,337,1348,404,14.5,0.65571428571428569,75.614000000000004,0.84999999999999998,0.10000000000000001
cifar10_simplecnn,C2,338,1352,391,14.5,0.70274131274131268,76.534000000000006,1,0
cifar10_simplecnn,C2,339,1356,412,14.5,0.69652509652509653,76.599999999999994,1,0
cifar10_simplecnn,C2,340,1360,409,14.5,0.64474903474903478,75.938000000000002,0.84999999999999998,0.050000000000000003
cifar10_simplecnn,C2,341,1364,398,14.5,0.715019305019305,76.475999999999999,1,0
cifar10_simplecnn,C2,342,1368,392,14.5,0.68949806949806958,75.861999999999995,0.90000000000000002,0.050000000000000003
cifar10_simplecnn,C2,343,1372,398,14.5,0.67637065637065641,75.640000000000001,0.90000000000000002,0.10000000000000001
cifar10_simplecnn,C2,344,1376,323,14.5,0.72463320463320469,76.355999999999995,0.94999999999999996,0
cifar10_simplecnn,C2,345,1380,358,14.5,0.71181467181467184,76.322000000000003,1,0
cifar10_simplecnn,C2,346,1384,336,14.5,0.7174517374517374,76.409999999999997,0.94999999999999996,0
cifar10_simplecnn,C2,347,1388,403.5,14.5,0.64181467181467178,73.036000000000001,0.90000000000000002,0.10000000000000001
cifar10_simplecnn,C2,348,1392,367,14.5,0.72536679536679538,76.537999999999997,1,0
cifar10_simplecnn,C2,349,1396,408.5,14.5,0.68285714285714294,76.355999999999995,0.94999999999999996,0
cifar10_simplecnn,C2,350,1400,399.5,14.5,0.69254826254826252,76.25800000000001,0.90000000000000002,0
cifar10_simplecnn,C2,351,1404,408.5,14.5,0.65818532818532816,75.924000000000007,0.90000000000000002,0.050000000000000003
cifar10_simplecnn,C2,352,1408,392.5,14.5,0.68084942084942091,76.189999999999998,0.94999999999999996,0.050000000000000003
cifar10_simplecnn,C2,353,1412,390,14.5,0.69154440154440155,76.015999999999991,0.94999999999999996,0.050000000000000003
cifar10_simplecnn,C2,354,1416,324.5,14.5,0.74459459459459454,76.498000000000005,1,0
cifar10_simplecnn,C2,355,1420,409,14.5,0.67660231660231662,75.998000000000005,0.90000000000000002,0.050000000000000003
cifar10_simplecnn,C2,356,1424,454.5,14.5,0.64362934362934365,74.496000000000009,0.90000000000000002,0.10000000000000001
cifar10_simplecnn,C2,357,1428,393,14.5,0.71691119691119698,76.578000000000003,1,0
cifar10_simplecnn,C2,358,1432,406,14.5,0.68671814671814668,76.108000000000004,0.94999999999999996,0.050000000000000003
cifar10_simplecnn,C2,359,1436,403.5,14.5,0.6511583011583012,74.274000000000001,0.84999999999999998,0.10000000000000001
cifar10_simplecnn,C2,360,1440,409,14.5,0.67185328185328186,76.280000000000001,0.90000000000000002,0
cifar10_simplecnn,C2,361,1444,336,14.5,0.73857142857142866,76.427999999999997,0.94999999999999996,0
cifar10_simplecnn,C2,362,1448,408,14.5,0.66683397683397683,74.77000000000001,0.90000000000000002,0.050000000000000003
cifar10_simplecnn,C2,363,1452,408.5,14.5,0.6489575289575289,74.402000000000001,0.90000000000000002,0.10000000000000001
cifar10_simplecnn,C2,364,1456,345.5,14.5,0.71764478764478767,76.400000000000006,1,0
cifar10_simplecnn,C2,365,1460,363,14.5,0.7227413127413127,76.418000000000006,1,0
cifar10_simplecnn,C2,366,1464,409.5,14.5,0.64694980694980697,75.859999999999999,0.90000000000000002,0.10000000000000001
cifar10_simplecnn,C2,367,1468,362.5,14.5,0.72610038610038607,76.427999999999997,1,0
cifar10_simplecnn,C2,368,1472,393,14.5,0.71007722007722007,76.412000000000006,1,0
cifar10_simplecnn,C2,369,1476,324,14.5,0.7126640926640927,76.334000000000003,0.90000000000000002,0
cifar10_simplecnn,C2,370,1480,391.5,14.5,0.71783783783783783,76.402000000000001,0.94999999999999996,0
cifar10_simplecnn,C2,371,1484,390,14.5,0.7189189189189189,76.390000000000001,0.94999999999999996,0
cifar10_simplecnn,C2,372,1488,398,14.5,0.70586872586872595,76.379999999999995,0.94999999999999996,0
cifar10_simplecnn,C2,373,1492,393.5,14.5,0.70965250965250959,76.438000000000002,1,0
cifar10_simplecnn,C2,374,1496,407,14.5,0.66015444015444014,74.620000000000005,0.90000000000000002,0.050000000000000003
cifar10_simplecnn,C2,375,1500,362.5,14.5,0.70571428571428574,76.444000000000003,0.94999999999999996,0
cifar10_simplecnn,C2,376,1504,340.5,14.5,0.69660231660231653,76.099999999999994,0.94999999999999996,0.050000000000000003
cifar10_simplecnn,C2,377,1508,351,14.5,0.68389961389961385,74.763999999999996,0.94999999999999996,0.050000000000000003
cifar10_simplecnn,C2,378,1512,391,14.5,0.65694980694980698,74.376000000000005,0.90000000000000002,0.10000000000000001
cifar10_simplecnn,C2,379,1516,404.5,14.5,0.69563706563706562,76.421999999999997,0.94999999999999996,0
cifar10_simplecnn,C2,380,1520,409.5,14.5,0.668069498069498,76.060000000000002,0.90000000000000002,0.050000000000000003
cifar10_simplecnn,C2,381,1524,323,14.5,0.72289575289575292,76.489999999999995,1,0
cifar10_simplecnn,C2,382,1528,338.5,14.5,0.71370656370656371,76.5,1,0
cifar10_simplecnn,C2,383,1532,424,14.5,0.64146718146718151,75.834000000000003,0.84999999999999998,0.050000000000000003
cifar10_simplecnn,C2,384,1536,351,14.5,0.72308880308880308,76.510000000000005,1,0
cifar10_simplecnn,C2,385,1540,390.5,14.5,0.69803088803088797,76.465999999999994,1,0
cifar10_simplecnn,C2,386,1544,363.5,14.5,0.69725868725868723,76.212000000000003,0.94999999999999996,0.050000000000000003
cifar10_simplecnn,C2,387,1548,400,14.5,0.70644787644787643,76.481999999999999,1,0
cifar10_simplecnn,C2,388,1552,408.5,14.5,0.64111969111969114,72.918000000000006,0.90000000000000002,0.10000000000000001
cifar10_simplecnn,C2,389,1556,326,14.5,0.7202316602316603,76.472000000000008,1,0
cifar10_simplecnn,C2,390,1560,408.5,14.5,0.69274131274131279,76.406000000000006,1,0
cifar10_simplecnn,C2,391,1564,366.5,14.5,0.69949806949806947,76.323999999999998,0.94999999999999996,0
cifar10_simplecnn,C2,392,1568,365,14.5,0.71749034749034757,76.47999999999999,1,0
cifar10_simplecnn,C2,393,1572,357.5,14.5,0.70675675675675675,76.219999999999999,0.94999999999999996,0
cifar10_simplecnn,C2,394,1576,400.5,14.5,0.70123552123552124,76.203999999999994,0.94999999999999996,0
cifar10_simplecnn,C2,395,1580,331,14.5,0.7265637065637065,76.444000000000003,1,0
cifar10_simplecnn,C2,396,1584,408.5,14.5,0.68996138996138989,76.203999999999994,0.94999999999999996,0.050000000000000003
cifar10_simplecnn,C2,397,1588,392.5,14.5,0.66969111969111972,74.694000000000003,0.94999999999999996,0.050000000000000003
cifar10_simplecnn,C2,398,1592,400.5,14.5,0.65722007722007725,74.433999999999997,0.80000000000000004,0.050000000000000003
cifar10_simplecnn,C2,399,1596,390,14.5,0.71702702702702703,76.412000000000006,1,0
cifar10_simplecnn,C2,400,1600,400,14.5,0.70003861003861001,76.056000000000012,0.94999999999999996,0.050000000000000003
cifar10_simplecnn,C2,401,1604,391,14.5,0.7081853281853282,76.358000000000004,0.94999999999999996,0
cifar10_simplecnn,C2,402,1608,406.5,14.5,0.65864864864864869,75.890000000000001,0.90000000000000002,0.050000000000000003
cifar10_simplecnn,C2,403,1612,320.5,14.5,0.6983397683397683,75.948000000000008,0.90000000000000002,0.050000000000000003
cifar10_simplecnn,C2,404,1616,398.5,14.5,0.68123552123552122,76.044000000000011,0.94999999999999996,0.050000000000000003
cifar10_simplecnn,C2,405,1620,406.5,14.5,0.69347490347490348,76.465999999999994,1,0
cifar10_simplecnn,C2,406,1624,321.5,14.5,0.7386100386100386,76.484000000000009,1,0
cifar10_simplecnn,C2,407,1628,408.5,14.5,0.68019305019305021,76.450000000000003,0.94999999999999996,0
cifar10_simplecnn,C2,408,1632,344.5,14.5,0.73528957528957528,76.518000000000001,1,0
cifar10_simplecnn,C2,409,1636,388.5,14.5,0.70876447876447879,76.492000000000004,1,0
cifar10_simplecnn,C2,410,1640,374,14.5,0.71015444015444018,76.484000000000009,1,0
cifar10_simplecnn,C2,411,1644,339.5,14.5,0.72119691119691121,76.412000000000006,1,0
cifar10_simplecnn,C2,412,1648,399,14.5,0.69301158301158305,75.909999999999997,0.90000000000000002,0.050000000000000003
cifar10_simplecnn,C2,413,1652,337,14.5,0.64162162162162162,73.938000000000002,0.75,0.10000000000000001
cifar10_simplecnn,C2,414,1656,400.5,14.5,0.69563706563706562,76.524000000000001,1,0
cifar10_simplecnn,C2,415,1660,363,14.5,0.71324324324324329,76.486000000000004,1,0
cifar10_simplecnn,C2,416,1664,407,14.5,0.67362934362934357,76.159999999999997,0.94999999999999996,0.050000000000000003
cifar10_simplecnn,C2,417,1668,383,14.5,0.70652509652509654,76.379999999999995,1,0
cifar10_simplecnn,C2,418,1672,408,14.5,0.68722007722007716,76.418000000000006,0.94999999999999996,0
cifar10_simplecnn,C2,419,1676,399.5,14.5,0.68567567567567567,76.311999999999998,0.94999999999999996,0
cifar10_simplecnn,C2,420,1680,328,14.5,0.73158301158301164,76.427999999999997,1,0
cifar10_simplecnn,C2,421,1684,338,14.5,0.71830115830115826,76.484000000000009,1,0
cifar10_simplecnn,C2,422,1688,386.5,14.5,0.7088416988416989,76.542000000000002,1,0
cifar10_simplecnn,C2,423,1692,356,14.5,0.66837837837837832,75.560000000000002,0.84999999999999998,0.10000000000000001
cifar10_simplecnn,C2,424,1696,394,14.5,0.70602316602316606,76.388000000000005,1,0
cifar10_simplecnn,C2,425,1700,362,14.5,0.72911196911196918,76.280000000000001,0.94999999999999996,0
cifar10_simplecnn,C2,426,1704,359,14.5,0.72694980694980693,76.441999999999993,1,0
cifar10_simplecnn,C2,427,1708,405,14.5,0.69428571428571428,76.556000000000012,1,0
cifar10_simplecnn,C2,428,1712,337,14.5,0.72189189189189196,76.496000000000009,1,0
cifar10_simplecnn,C2,429,1716,386,14.5,0.67907335907335908,75.938000000000002,0.90000000000000002,0.050000000000000003
cifar10_simplecnn,C2,430,1720,391.5,14.5,0.70359073359073354,76.460000000000008,1,0
cifar10_simplecnn,C2,431,1724,362.5,14.5,0.69552123552123546,76.015999999999991,0.90000000000000002,0.050000000000000003
cifar10_simplecnn,C2,432,1728,406.5,14.5,0.69274131274131279,76.402000000000001,0.94999999999999996,0
cifar10_simplecnn,C2,433,1732,327.5,14.5,0.75710424710424706,76.47999999999999,1,0
cifar10_simplecnn,C2,434,1736,329.5,14.5,0.7014285714285714,76.189999999999998,0.94999999999999996,0.050000000000000003
cifar10_simplecnn,C2,435,1740,344.5,14.5,0.71359073359073366,76.408000000000001,0.94999999999999996,0
cifar10_simplecnn,C2,436,1744,356.5,14.5,0.71764478764478767,76.415999999999997,1,0
cifar10_simplecnn,C2,437,1748,346.5,14.5,0.71131274131274136,76.352000000000004,1,0
cifar10_simplecnn,C2,438,1752,390,14.5,0.72073359073359078,76.385999999999996,1,0
cifar10_simplecnn,C2,439,1756,335,14.5,0.72223938223938222,76.537999999999997,1,0
cifar10_simplecnn,C2,440,1760,408.5,14.5,0.67818532818532817,76.316000000000003,0.94999999999999996,0
cifar10_simplecnn,C2,441,1764,406,14.5,0.66312741312741319,74.394000000000005,0.90000000000000002,0.10000000000000001
cifar10_simplecnn,C2,442,1768,366,14.5,0.71918918918918917,76.462000000000003,1,0
cifar10_simplecnn,C2,443,1772,322.5,14.5,0.73988416988416983,76.494,1,0
cifar10_simplecnn,C2,444,1776,384,14.5,0.71138996138996136,76.512,1,0
cifar10_simplecnn,C2,445,1780,393.5,14.5,0.70656370656370659,76.460000000000008,1,0
cifar10_simplecnn,C2,446,1784,328.5,14.5,0.70644787644787643,76.150000000000006,0.94999999999999996,0.050000000000000003
cifar10_simplecnn,C2,447,1788,327.5,14.5,0.72652509652509656,76.501999999999995,1,0
cifar10_simplecnn,C2,448,1792,390,14.5,0.72544401544401549,76.396000000000001,1,0
cifar10_simplecnn,C2,449,1796,314.5,14.5,0.67949806949806946,74.653999999999996,0.90000000000000002,0.050000000000000003
cifar10_simplecnn,C2,450,1800,409,14.5,0.69876447876447878,76.475999999999999,1,0
cifar10_simplecnn,C2,451,1804,316.5,14.5,0.74803088803088802,76.439999999999998,1,0
cifar10_simplecnn,C2,452,1808,357,14.5,0.71965250965250971,76.289999999999992,0.94999999999999996,0
cifar10_simplecnn,C2,453,1812,384,14.5,0.70980694980694981,76.462000000000003,1,0
cifar10_simplecnn,C2,454,1816,359.5,14.5,0.70262548262548263,76.394000000000005,0.94999999999999996,0
cifar10_simplecnn,C2,455,1820,390,14.5,0.67189189189189191,74.618000000000009,0.94999999999999996,0.050000000000000003
cifar10_simplecnn,C2,456,1824,312,14.5,0.71374517374517377,75.915999999999997,0.90000000000000002,0.050000000000000003
cifar10_simplecnn,C2,457,1828,331.5,14.5,0.6967953667953668,75.671999999999997,0.90000000000000002,0.10000000000000001
cifar10_simplecnn,C2,458,1832,329.5,14.5,0.72957528957528961,76.489999999999995,1,0
cifar10_simplecnn,C2,459,1836,358.5,14.5,0.65938223938223939,74.256,0.84999999999999998,0.10000000000000001
cifar10_simplecnn,C2,460,1840,399.5,14.5,0.68536679536679534,76.094000000000008,0.94999999999999996,0.050000000000000003
cifar10_simplecnn,C2,461,1844,400,14.5,0.6984169884169884,76.210000000000008,0.94999999999999996,0
cifar10_simplecnn,C2,462,1848,326,14.5,0.7203861003861004,76.080000000000013,0.94999999999999996,0.050000000000000003
cifar10_simplecnn,C2,463,1852,316.5,14.5,0.73880308880308887,76.453999999999994,1,0
cifar10_simplecnn,C2,464,1856,388.5,14.5,0.7042084942084943,76.310000000000002,0.94999999999999996,0
cifar10_simplecnn,C2,465,1860,369.5,14.5,0.70803088803088809,76.359999999999999,0.94999999999999996,0
cifar10_simplecnn,C2,466,1864,399,14.5,0.68803088803088808,76.109999999999999,0.94999999999999996,0.050000000000000003
cifar10_simplecnn,C2,467,1868,335,14.5,0.73528957528957528,76.501999999999995,1,0
cifar10_simplecnn,C2,468,1872,330.5,14.5,0.72517374517374511,76.527999999999992,1,0
cifar10_simplecnn,C2,469,1876,365.5,14.5,0.69196911196911193,75.917999999999992,0.90000000000000002,0.050000000000000003
cifar10_simplecnn,C2,470,1880,363,14.5,0.73393822393822394,76.433999999999997,1,0
cifar10_simplecnn,C2,471,1884,335.5,14.5,0.69227799227799225,74.748000000000005,0.94999999999999996,0.050000000000000003
cifar10_simplecnn,C2,472,1888,364,14.5,0.64691119691119692,72.960000000000008,0.90000000000000002,0.10000000000000001
cifar10_simplecnn,C2,473,1892,317.5,14.5,0.73490347490347496,76.445999999999998,1,0
cifar10_simplecnn,C2,474,1896,385,14.5,0.69857142857142862,76.353999999999999,0.94999999999999996,0
cifar10_simplecnn,C2,475,1900,320,14.5,0.68714285714285717,75.618000000000009,0.84999999999999998,0.10000000000000001
cifar10_simplecnn,C2,476,1904,366.5,14.5,0.71370656370656371,76.512,1,0
cifar10_simplecnn,C2,477,1908,329.5,14.5,0.6915057915057915,74.394000000000005,0.90000000000000002,0.10000000000000001
cifar10_simplecnn,C2,478,1912,396,14.5,0.70787644787644788,76.378,0.94999999999999996,0
cifar10_simplecnn,C2,479,1916,358,14.5,0.71756756756756757,76.427999999999997,1,0
cifar10_simplecnn,C2,480,1920,322.5,14.5,0.72467181467181463,76.150000000000006,0.94999999999999996,0.050000000000000003
cifar10_simplecnn,C2,481,1924,356.5,14.5,0.70583011583011579,75.834000000000003,0.90000000000000002,0.050000000000000003
cifar10_simplecnn,C2,482,1928,329.5,14.5,0.70749034749034745,76.306000000000012,0.94999999999999996,0
cifar10_simplecnn,C2,483,1932,324.5,14.5,0.73934362934362929,76.463999999999999,1,0
cifar10_simplecnn,C2,484,1936,321,14.5,0.73864864864864865,76.168000000000006,0.94999999999999996,0
cifar10_simplecnn,C2,485,1940,330,14.5,0.7333204633204633,76.359999999999999,1,0
cifar10_simplecnn,C2,486,1944,319.5,14.5,0.74297297297297304,76.498000000000005,1,0
cifar10_simplecnn,C2,487,1948,350,14.5,0.71227799227799227,76.378,1,0
cifar10_simplecnn,C2,488,1952,408.5,14.5,0.70961389961389965,76.346000000000004,1,0
cifar10_simplecnn,C2,489,1956,323,14.5,0.71918918918918917,76.02000000000001,0.94999999999999996,0.050000000000000003
cifar10_simplecnn,C2,490,1960,388,14.5,0.7248648648648649,76.337999999999994,0.94999999999999996,0
cifar10_simplecnn,C2,491,1964,326,14.5,0.70861003861003857,76.058000000000007,0.94999999999999996,0.050000000000000003
cifar10_simplecnn,C2,492,1968,339,14.5,0.67277992277992271,74.402000000000001,0.90000000000000002,0.10000000000000001
cifar10_simplecnn,C2,493,1972,324.5,14.5,0.71552123552123548,74.734000000000009,0.94999999999999996,0.050000000000000003
cifar10_simplecnn,C2,494,1976,391,14.5,0.71254826254826253,76.469999999999999,1,0
cifar10_simplecnn,C2,495,1980,334,14.5,0.72034749034749035,76.332000000000008,1,0
cifar10_simplecnn,C2,496,1984,408.5,14.5,0.69185328185328188,76.415999999999997,1,0
cifar10_simplecnn,C2,497,1988,339,14.5,0.72135135135135131,74.787999999999997,0.94999999999999996,0.050000000000000003
cifar10_simplecnn,C2,498,1992,395,14.5,0.70868725868725879,76.306000000000012,0.94999999999999996,0
cifar10_simplecnn,C2,499,1996,353,14.5,0.7105405405405405,76.265999999999991,0.94999999999999996,0
cifar10_simplecnn,C2,500,2000,321.5,14.5,0.7347876447876448,76.356000000000009,0.94999999999999996,0
cifar10_simplecnn,C2,501,2004,360.5,14.5,0.72007722007722008,76.391999999999996,1,0
cifar10_simplecnn,C2,502,2008,335,14.5,0.7379536679536679,76.409999999999997,1,0
cifar10_simplecnn,C2,503,2012,362.5,14.5,0.73621621621621625,76.421999999999997,1,0
cifar10_simplecnn,C2,504,2016,320.5,14.5,0.73818532818532812,76.330000000000013,1,0
cifar10_simplecnn,C2,505,2020,356.5,14.5,0.70857142857142852,76.282000000000011,0.94999999999999996,0
cifar10_simplecnn,C2,506,2024,322,14.5,0.73629343629343624,76.515999999999991,1,0
cifar10_simplecnn,C2,507,2028,310,14.5,0.73671814671814673,76.445999999999998,1,0
cifar10_simplecnn,C2,508,2032,391.5,14.5,0.70714285714285707,76.456000000000003,1,0
cifar10_simplecnn,C2,509,2036,391.5,14.5,0.70891891891891889,76.359999999999999,0.94999999999999996,0
cifar10_simplecnn,C2,510,2040,362.5,14.5,0.69254826254826252,76.030000000000001,0.94999999999999996,0.050000000000000003
cifar10_simplecnn,C2,511,2044,321.5,14.5,0.733976833976834,76.429999999999993,0.94999999999999996,0
cifar10_simplecnn,C2,512,2048,341,14.5,0.71038610038610039,76.457999999999998,1,0
