condition,definition,beta,episode,timestep,n_seeds,reward_mean,reward_sd,reward_smoothed_mean,reward_smoothed_sd,val_accuracy_mean,utility_smoothed_mean,utility_smoothed_sd
P0,none,0.0,1,4.0,20,1.8072715646242727,0.2763419383780012,1.8072715646242727,0.2763419383780012,70.014,1.672137058674971,0.2686661660363947
P0,none,0.0,2,8.0,20,1.683852016213524,0.3068941435721875,1.7455617904188983,0.22197127961151455,66.571,1.609794201179374,0.22869251333921337
P0,none,0.0,3,12.0,20,1.6751968465401919,0.297394032459298,1.7221068091259961,0.1857688014671677,67.525,1.5816640603762118,0.1918576730675654
P0,none,0.0,4,16.0,20,1.815037816553513,0.3439682951444187,1.7453395609828752,0.14848364662841831,70.19,1.6042512267873241,0.15169685914032066
P0,none,0.0,5,20.0,20,1.772733094866132,0.2681948102757689,1.7508182677595268,0.13481722165000454,69.567,1.6118891420481973,0.13700522485219482
P0,none,0.0,6,24.0,20,1.713240185788202,0.3253963537061719,1.7445552540976395,0.11836219613431609,69.229,1.6073432347839645,0.12062915841547761
P0,none,0.0,7,28.0,20,1.560483640074898,0.35371759638280614,1.7182593092372476,0.10934239083619213,57.827,1.5768506919879681,0.11325377780477944
P0,none,0.0,8,32.0,20,1.643618522069326,0.27646250690512797,1.7089292108412575,0.11677279228800017,64.526,1.5674097139452408,0.12029632875204374
P0,none,0.0,9,36.0,20,1.7788857602509425,0.33018465061216595,1.716702160775667,0.11047697568282779,67.607,1.5741814675526973,0.11392963297169625
P0,none,0.0,10,40.0,20,1.6407842201365779,0.36547048325621045,1.709110366711758,0.10057745130734563,64.779,1.5658075989931857,0.10514642068429211
P0,none,0.0,11,44.0,20,1.887551979966867,0.2094445692528654,1.7253323315531315,0.09838277281695214,74.578,1.5822825502428741,0.10340617655706462
P0,none,0.0,12,48.0,20,1.7873495880834422,0.26062160761769826,1.7305004362639909,0.0905300497175553,70.95700000000001,1.5884994447137235,0.09516205400806295
P0,none,0.0,13,52.0,20,1.6414480456763294,0.32907521337136,1.7236502523726323,0.09013877333808577,65.809,1.581692454609092,0.0934667844428407
P0,none,0.0,14,56.0,20,1.7242271020280129,0.31361643145267637,1.723691455919445,0.0841232910587208,67.951,1.5821545222116629,0.08555526602741677
P0,none,0.0,15,60.0,20,1.7805108048790834,0.21311689228503242,1.7274794125167543,0.08414406304274666,70.438,1.5866481485057178,0.08382920110361265
P0,none,0.0,16,64.0,20,1.6436545000258787,0.34908035980440155,1.7222403554860743,0.08529545800964743,62.431,1.5801254434322722,0.08480234172130412
P0,none,0.0,17,68.0,20,1.769148227359283,0.22796089255353297,1.7249996420668516,0.08808446071320637,71.434,1.5831241665791915,0.08652911520386179
P0,none,0.0,18,72.0,20,1.726644251420376,0.3258685713758972,1.7250910092531584,0.08392801927606001,69.94399999999999,1.5833690888071046,0.0826097199817345
P0,none,0.0,19,76.0,20,1.6201940075698222,0.3011392056395357,1.7195701144277198,0.08172929822011428,63.727,1.5775036510628928,0.08082992209825413
P0,none,0.0,20,80.0,20,1.6496525314469743,0.4035773443047047,1.7160742352786826,0.07731011801787101,64.083,1.573569902635123,0.07651661247835195
P0,none,0.0,21,84.0,20,1.690207440970808,0.22958228751775955,1.7148424831687836,0.06901027247857675,68.62,1.5723076865289687,0.06851325666705496
P0,none,0.0,22,88.0,20,1.6710516224042706,0.2510275363270213,1.7128519894976695,0.06980080979130981,65.625,1.5706073626811334,0.0699812790805918
P0,none,0.0,23,92.0,20,1.6047276612877082,0.2983521488555771,1.7081509317494104,0.06477186763965266,62.138999999999996,1.5655130519050593,0.06413380279746209
P0,none,0.0,24,96.0,20,1.8022339174730881,0.1968905915514238,1.7120710561545636,0.0649274396639017,73.612,1.570210282745355,0.06407412004058675
P0,none,0.0,25,100.0,20,1.7819910033643314,0.21024043705561943,1.7148678540429543,0.06181740453511745,71.216,1.5730552829100002,0.0606118138722681
P0,none,0.0,26,104.0,20,1.6163791941789802,0.2854236705198544,1.7072321592251423,0.056337342572965465,63.806000000000004,1.5658029817807555,0.05546748227593407
P0,none,0.0,27,108.0,20,1.778569151347315,0.31446017668954296,1.7110208446304942,0.04949263394125721,69.538,1.5694397789295111,0.048080721636833045
P0,none,0.0,28,112.0,20,1.840333979385641,0.3049696017651256,1.7176263299443122,0.0492579560833152,69.976,1.5765818395149278,0.048732385475154356
P0,none,0.0,29,116.0,20,1.651755470717076,0.3067946798928048,1.7110950361108546,0.04647695120762272,67.974,1.570241130265019,0.044969580408846264
P0,none,0.0,30,120.0,20,1.7903231308765701,0.28630511685045634,1.7117986375512722,0.04363574721217142,71.606,1.570582755502643,0.04149811526013441
P0,none,0.0,31,124.0,20,1.7235807922366526,0.14793917743204466,1.7122122618092104,0.04206351513215866,71.862,1.5709297475826194,0.03984037058082551
P0,none,0.0,32,128.0,20,1.8210175440188336,0.298415118079416,1.7226336179669677,0.0399707080418167,71.53,1.582778108396352,0.0385104124481163
P0,none,0.0,33,132.0,20,1.8161758157176944,0.2925714845149437,1.7295359097129022,0.044678152387567525,71.027,1.589725614834475,0.04392777057520298
P0,none,0.0,34,136.0,20,1.7433510582182374,0.30567838356606997,1.728114521631594,0.04482298135911702,68.293,1.588673962914574,0.043536670827733506
P0,none,0.0,35,140.0,20,1.690008392075164,0.22371060802279374,1.7300834885091376,0.04902573109203052,68.775,1.5910308242566802,0.048362146486178044
P0,none,0.0,36,144.0,20,1.7740143854908097,0.2991440069464625,1.7255419847300952,0.04808504220390802,68.588,1.5862138419468568,0.048145839068194626
P0,none,0.0,37,148.0,20,1.7851914496514183,0.26278142322726106,1.7254556591928143,0.050546134673179796,70.554,1.585885509166948,0.050934069692115065
P0,none,0.0,38,152.0,20,1.8301635852718676,0.21599796715680422,1.7330042807766357,0.04580734705958171,73.111,1.5940965208180224,0.047855962939856334
P0,none,0.0,39,156.0,20,1.6453618091636522,0.2807757956565219,1.7298496690620613,0.048618160501945,68.475,1.5910859339353154,0.04979158737246237
P0,none,0.0,40,160.0,20,1.7210744926866801,0.2771985346270363,1.7274722165743654,0.05586388933893168,69.576,1.588783649580056,0.05777291887936262
P0,none,0.0,41,164.0,20,1.6764534641639415,0.2745826400685015,1.728784175139888,0.05701531771169961,63.242999999999995,1.5907437198889824,0.05866597968849352
P0,none,0.0,42,168.0,20,1.7228685065478733,0.37076363527649964,1.7269329863074314,0.06078602945036951,66.50399999999999,1.5882636122774263,0.06125214267133848
P0,none,0.0,43,172.0,20,1.6700023783258975,0.3045323190045694,1.7246673113836521,0.05881351459711379,66.678,1.5857855214198655,0.0599282137142998
P0,none,0.0,44,176.0,20,1.8106157109888321,0.18131823160090205,1.7322841795204127,0.061182029780536426,71.906,1.5941827309948047,0.062429031997069694
P0,none,0.0,45,180.0,20,1.692487843717975,0.2903025694628942,1.733997592011253,0.05758006830361842,69.399,1.596780157970901,0.058871249557876794
P0,none,0.0,46,184.0,20,1.6500058924853083,0.2945719489366574,1.7323895300718326,0.05720714604482997,66.80499999999999,1.5948052569212894,0.05864070810249732
P0,none,0.0,47,188.0,20,1.8260932025303664,0.2558362003107712,1.7385911932768767,0.062335268267181373,70.417,1.6008723107109168,0.06322438502283159
P0,none,0.0,48,192.0,20,1.8075037159099225,0.3149724431589754,1.7467022354617652,0.05885216405997055,69.013,1.609311495679044,0.05890880426695308
P0,none,0.0,49,196.0,20,1.7494828563208138,0.28215516223760706,1.7445921930156743,0.054354736650031044,67.127,1.6067104547849447,0.054649786523842316
P0,none,0.0,50,200.0,20,1.7332216532836662,0.2586124255971233,1.7426414190124475,0.05293096872685448,69.454,1.6051059301350548,0.053672938178036415
P0,none,0.0,51,204.0,20,1.6985290388155634,0.28506774366905896,1.745927412797911,0.055955571498604494,65.99,1.6079407081936687,0.05638743755782536
P0,none,0.0,52,208.0,20,1.6931943493973143,0.2815685564147573,1.7425124207199107,0.05386551130456924,67.111,1.604758204475731,0.053872732271577954
P0,none,0.0,53,212.0,20,1.7352324880622856,0.25384296834918746,1.7383083610669767,0.052381379759302196,68.435,1.6009611287855487,0.05271240548050741
P0,none,0.0,54,216.0,20,1.6826776977092919,0.2644586307372177,1.7395452501466653,0.05847653246106057,66.475,1.602244474150804,0.05983315516336399
P0,none,0.0,55,220.0,20,1.810321552842724,0.21946498780267895,1.7403451870253115,0.05495833029792609,72.535,1.6035164751784414,0.05641420994722634
P0,none,0.0,56,224.0,20,1.690072395734895,0.32864033057707154,1.739004851165241,0.05041734680465194,64.55199999999999,1.6020666204358052,0.05125170664135624
P0,none,0.0,57,228.0,20,1.7165307973616195,0.24558032545519873,1.7348253812989527,0.04714128285789389,71.709,1.5976436948012807,0.049546216747595975
P0,none,0.0,58,232.0,20,1.7146581214650847,0.2900281592026661,1.7307646735288482,0.051852045592013125,68.938,1.594141083254663,0.054103264727954514
P0,none,0.0,59,236.0,20,1.7726509909957748,0.2310690970957486,1.7319366708399495,0.05618334605451358,69.69,1.595843551336587,0.05791828962850596
P0,none,0.0,60,240.0,20,1.793224184754342,0.23124951116286865,1.7360653025471169,0.06182845773418009,70.435,1.5998691825264235,0.06410165937116023
P0,none,0.0,61,244.0,20,1.7187837688827596,0.2091451487235471,1.7338560778827947,0.06667439020849221,70.53999999999999,1.5981537498952108,0.06819884172426854
P0,none,0.0,62,248.0,20,1.7926013908570428,0.23206384009815512,1.7341524755310196,0.062194888850152376,71.188,1.5988105717545067,0.06445003620068677
P0,none,0.0,63,252.0,20,1.8473180772641133,0.18802253122119283,1.7348386552107098,0.062390807746629924,72.917,1.5988160478646154,0.06597398228524005
P0,none,0.0,64,256.0,20,1.80294963317928,0.2804952521614308,1.7411421681713346,0.059720839987306616,70.773,1.6048576880885619,0.06309426776807348
P0,none,0.0,65,260.0,20,1.7608340139053926,0.23966089048865333,1.7427325490200833,0.055471932509486045,70.995,1.6064481724034252,0.05836851137871658
P0,none,0.0,66,264.0,20,1.7972880560302182,0.2886874237803876,1.7475659326947344,0.05569771511792358,70.885,1.6115400661660224,0.0588828258175081
P0,none,0.0,67,268.0,20,1.7108046350533381,0.2862956087445541,1.747083377834953,0.052901159573611405,68.602,1.6128732381556978,0.05523721370138612
P0,none,0.0,68,272.0,20,1.746560464342848,0.26062059835400925,1.7501457012756307,0.04556580173480411,69.904,1.61602081767501,0.046401836790419246
P0,none,0.0,69,276.0,20,1.744109499515051,0.24312616238948614,1.7474854528166799,0.04440659667190854,68.404,1.6130115780106784,0.04641691830816846
P0,none,0.0,70,280.0,20,1.7663354572819976,0.27669416391834845,1.7504393573592405,0.04270289864890487,69.828,1.616613387364414,0.042929326621599775
P0,none,0.0,71,284.0,20,1.7826139083771395,0.2410066737761627,1.7557436779949138,0.04093291356513467,71.235,1.622416466406709,0.04156485831969128
P0,none,0.0,72,288.0,20,1.7115707286984776,0.2923617201833662,1.7511627790416384,0.041956119072099535,68.487,1.6178920082190829,0.043181979819824745
P0,none,0.0,73,292.0,20,1.7836870075214435,0.27771528642410226,1.750210110706099,0.046876534972871774,71.57300000000001,1.617052738745416,0.04720367326279034
P0,none,0.0,74,296.0,20,1.7288165986667128,0.23024896088164956,1.749383460399935,0.044890076095407724,68.99600000000001,1.6160097925261634,0.045186414854755275
P0,none,0.0,75,300.0,20,1.8505482326785399,0.21742511503266856,1.7540765235757299,0.044561120004601634,71.239,1.621099855184628,0.04585228649836369
P0,none,0.0,76,304.0,20,1.8390905515166285,0.16995270626127434,1.7596989840837725,0.048800564649434955,72.913,1.6267699618385578,0.049314661972694636
P0,none,0.0,77,308.0,20,1.8053598381110632,0.27702851317597266,1.7641856036323227,0.05170163986992726,71.467,1.6316125565552404,0.051616597431170815
P0,none,0.0,78,312.0,20,1.7570074818593795,0.2308923446281976,1.7650566033842061,0.049401294866328785,72.111,1.6322550513924834,0.04978760519356906
P0,none,0.0,79,316.0,20,1.7582657406193007,0.23583316146554476,1.7680801251006066,0.05068876435656407,68.85,1.6355221323432345,0.0514083041295845
P0,none,0.0,80,320.0,20,1.824184452959706,0.2641289348358424,1.768634641105286,0.046735073538220775,70.624,1.635687512289973,0.046984043094521706
P0,none,0.0,81,324.0,20,1.7473774752302382,0.292351338613477,1.7709268442850998,0.04834515694811782,68.57300000000001,1.6376727315070343,0.048157929796254155
P0,none,0.0,82,328.0,20,1.7064540277033449,0.3065682795633073,1.7705237734987687,0.05231033557588109,65.361,1.6373819731883703,0.05299192850655611
P0,none,0.0,83,332.0,20,1.7424751138065173,0.2519715106278237,1.771636453192426,0.052841610323972596,70.285,1.6379690450186029,0.054121776875887276
P0,none,0.0,84,336.0,20,1.8141525901827957,0.2288218299134815,1.7732965171599069,0.05635616098346742,70.578,1.6398508368702018,0.05770942558091431
P0,none,0.0,85,340.0,20,1.7645255639179669,0.2948446471994221,1.7721485723264518,0.05809293632070249,69.825,1.6392378118505078,0.058719989851261756
P0,none,0.0,86,344.0,20,1.808676306056397,0.2207565322212807,1.7757442738133975,0.056292483648018345,69.265,1.6425753136478516,0.057003342125154004
P0,none,0.0,87,348.0,20,1.810465501548867,0.22109539062835068,1.7764588382410704,0.054971952589980715,68.36,1.643454751329534,0.055881705313761125
P0,none,0.0,88,352.0,20,1.7555701888660533,0.2767458135774004,1.7727889227051477,0.05347988789814721,68.588,1.640006253279385,0.05414467129397264
P0,none,0.0,89,356.0,20,1.8218705345569668,0.2228415901186205,1.7735457587602554,0.0538780406333917,68.33099999999999,1.6419218580877257,0.05534387315936075
P0,none,0.0,90,360.0,20,1.68559740558924,0.2652443925720475,1.7705362944276093,0.052692588831422915,66.603,1.6385702830463367,0.05363478463924135
P0,none,0.0,91,364.0,20,1.7915076305458508,0.20591128297162842,1.7703050774082345,0.05327981441447366,70.565,1.6392545859441892,0.05481585259082775
P0,none,0.0,92,368.0,20,1.7154186103451479,0.3287281225981665,1.770489636419907,0.05258083398357992,64.761,1.6379715298498088,0.0535855873906046
P0,none,0.0,93,372.0,20,1.8198885239708917,0.2709878377712012,1.7734227588050289,0.054377913837741154,70.99,1.641225707589302,0.05496156002278289
P0,none,0.0,94,376.0,20,1.8153678722864615,0.3045153719289374,1.7762730937158853,0.060873028428237774,69.863,1.6446024263594445,0.0619665368564094
P0,none,0.0,95,380.0,20,1.705983981443373,0.2139654003073503,1.77385903468234,0.05423935914830786,68.943,1.6409388070568878,0.055177587766563244
P0,none,0.0,96,384.0,20,1.6892553089093938,0.327967472278025,1.7701246907036303,0.05847387344750574,65.009,1.6372932887377742,0.059564724874594105
P0,none,0.0,97,388.0,20,1.7836543098175597,0.26293862021324216,1.7730080339483938,0.05411067107527309,69.137,1.6404891513824338,0.05470398081185722
P0,none,0.0,98,392.0,20,1.8399910100593035,0.22068802555961936,1.775260194049908,0.04862013523623778,72.451,1.6429203595956916,0.049589572291364646
P0,none,0.0,99,396.0,20,1.871032286035696,0.2160832557262479,1.7809488215446674,0.044612982881875186,70.241,1.6488564263041083,0.0446174174765549
P0,none,0.0,100,400.0,20,1.7736634614657896,0.27500725483975874,1.7778734306961574,0.045859190736755095,66.019,1.645933596241941,0.04534171193511353
P0,none,0.0,101,404.0,20,1.7377867752491358,0.2946419643448408,1.7738212796454575,0.042950256566889645,66.753,1.6419602863707552,0.04265633133741433
P0,none,0.0,102,408.0,20,1.7839899863477982,0.21047241958889304,1.772966485574927,0.05236789896007479,71.089,1.6413768839194691,0.051753198351436484
P0,none,0.0,103,412.0,20,1.7512004287042302,0.30305987771485365,1.7727342034487212,0.0517898377029156,66.119,1.6405628118294764,0.051218856583940986
P0,none,0.0,104,416.0,20,1.8043014448548071,0.22363842051935945,1.7745756316181414,0.0536336421829095,70.75,1.642651679212554,0.053756711030466336
P0,none,0.0,105,420.0,20,1.807213414091224,0.2706009631107621,1.773896790063402,0.061180054671300554,70.113,1.6419565417447264,0.061375289925582305
P0,none,0.0,106,424.0,20,1.8365088339132907,0.2241428028407961,1.7774620444107243,0.06393406964563085,71.70599999999999,1.6455754432725969,0.06530314064872463
P0,none,0.0,107,428.0,20,1.6616507633199806,0.27205958104537803,1.7756699138353895,0.05991974494711809,63.681,1.6438009536698437,0.06159296882299957
P0,none,0.0,108,432.0,20,1.7022634840213864,0.2615982581413824,1.7740614486439843,0.059315484443600505,66.60900000000001,1.642971433124067,0.06021063151878799
P0,none,0.0,109,436.0,20,1.7957748241160174,0.23286036057064358,1.7733263380013131,0.05507957272865122,67.816,1.6418174916484936,0.05559584419681839
P0,none,0.0,110,440.0,20,1.863334184467782,0.18709898952463094,1.7772786828233056,0.0543735161516849,72.506,1.6455607314523797,0.05404881152685256
P0,none,0.0,111,444.0,20,1.815020773984933,0.14386444512377713,1.777532461540447,0.056063940078656685,73.56,1.646682228741689,0.0560126095138449
P0,none,0.0,112,448.0,20,1.8297111200074738,0.24973816658621786,1.7783022862787914,0.057776659125378146,72.09400000000001,1.646926756014953,0.05805225356411786
P0,none,0.0,113,452.0,20,1.8175684364708253,0.19544469370403242,1.7807822161829823,0.05449325067530033,70.546,1.6498185327892938,0.054043167224251946
P0,none,0.0,114,456.0,20,1.8318786041350983,0.21679320739679858,1.7811825389661078,0.05036491141682397,71.655,1.6490917991833864,0.04989700249753006
P0,none,0.0,115,460.0,20,1.7928175238998663,0.2621710193313397,1.7854713436985326,0.05210015085717129,70.618,1.653631923108776,0.05084834225903465
P0,none,0.0,116,464.0,20,1.8233035805910287,0.22829672960041295,1.7867431817003396,0.05460533302731631,73.566,1.6546054165684203,0.05404165457773457
P0,none,0.0,117,468.0,20,1.8313257460586025,0.18662533547499613,1.791379467128878,0.05558023160563183,72.55,1.6601978840973206,0.05667176082984166
P0,none,0.0,118,472.0,20,1.8968477629048022,0.19068321401524269,1.7944578366862345,0.05022900683050322,74.014,1.663207396955246,0.050738565392830975
P0,none,0.0,119,476.0,20,1.8472140660706937,0.26866412190325034,1.795731684437604,0.04715174104510093,71.30699999999999,1.6644580682968897,0.04882422439919307
P0,none,0.0,120,480.0,20,1.763037433651506,0.32604600358757113,1.7980138225259288,0.055920141315417164,67.318,1.6671091665507607,0.057050689873290865
P0,none,0.0,121,484.0,20,1.8535519331838493,0.18837254792351013,1.8045856874969073,0.0506221477344665,72.928,1.6736225731668504,0.05178354808809874
P0,none,0.0,122,488.0,20,1.7423622418397986,0.29243906569138056,1.8029340047777969,0.05583563453972002,68.123,1.671869907519649,0.05695916399871694
P0,none,0.0,123,492.0,20,1.7465404755524783,0.20976833966655364,1.7991959833975237,0.05213566318547133,67.83500000000001,1.6687379906401518,0.054110301570774795
P0,none,0.0,124,496.0,20,1.873826986197481,0.15067101024171026,1.7993077714039951,0.05029867129701576,72.115,1.6691102028576938,0.05191103205362265
P0,none,0.0,125,500.0,20,1.749789793685157,0.3003287377070607,1.7983528246927698,0.04818733306957575,66.39,1.6673629126389673,0.050167173434421834
P0,none,0.0,126,504.0,20,1.6943656698108298,0.23942144695086412,1.7966159804752375,0.041637211931723435,67.013,1.6662463477799452,0.04301790344180271
P0,none,0.0,127,508.0,20,1.8412833952094991,0.2303519096380678,1.7989077168297058,0.0400604162079333,68.82000000000001,1.6674517416615733,0.04134142733628911
P0,none,0.0,128,512.0,20,1.81662342969767,0.23180928917167629,1.8015246368694435,0.04034723921031262,71.304,1.6708868200044666,0.04271642094184563
P0,none,0.0,129,516.0,20,1.8911770215721724,0.17259051094136424,1.804999659938138,0.042075690099318754,74.67699999999999,1.674699194340621,0.04402630629493718
P0,none,0.0,130,520.0,20,1.8588301808810261,0.2314528422269315,1.8070643306097298,0.04093309874544509,71.228,1.6766203057778626,0.04304020530762355
P0,none,0.0,131,524.0,20,1.822863218053889,0.2376272307826323,1.806518505975354,0.041274319996831,70.74600000000001,1.6763870005433827,0.04345764816398063
P0,none,0.0,132,528.0,20,1.870013815753842,0.2140023932295867,1.8148530280727084,0.04187714708224857,71.65299999999999,1.6849985531632412,0.044488747496652666
P0,none,0.0,133,532.0,20,1.8546052148596377,0.22811352443972682,1.8209466973062383,0.039377383698525364,70.37100000000001,1.6906800133952191,0.042330670745929645
P0,none,0.0,134,536.0,20,1.8084178095039458,0.20794659078307484,1.8214524167217554,0.0372113532053383,71.36,1.691674196338931,0.03773626677809857
P0,none,0.0,135,540.0,20,1.7956076257373552,0.23758424883494692,1.8187433543725384,0.04163711152118059,70.88,1.6897703590285136,0.04238461848265477
P0,none,0.0,136,544.0,20,1.7502956293458234,0.2459462420189631,1.816154348586974,0.04625264197851552,69.644,1.6871137381368964,0.04767068088613354
P0,none,0.0,137,548.0,20,1.784078390277219,0.25994733616878374,1.814329039397764,0.04362947107664593,66.374,1.6852293497961086,0.04556265155744415
P0,none,0.0,138,552.0,20,1.8096504667298703,0.29628644813634997,1.8140123206081256,0.04910908319670668,68.572,1.6839883682025385,0.051103211528078174
P0,none,0.0,139,556.0,20,1.8398098783683607,0.21442604379389005,1.8143295715774563,0.04660511031289635,70.973,1.6845652673870783,0.04893594091763129
P0,none,0.0,140,560.0,20,1.892834960722362,0.16931009265222038,1.818330269050356,0.0435286273268323,73.0,1.6889110760860517,0.045482918991829484
P0,none,0.0,141,564.0,20,1.8023652289558345,0.25978830054130014,1.8174927349849483,0.04979815042867101,69.825,1.687409806893898,0.0503371091740665
P0,none,0.0,142,568.0,20,1.8061816697624113,0.20891763882180847,1.8164869719331005,0.047890351194574424,71.716,1.6859263407898002,0.048663267473606595
P0,none,0.0,143,572.0,20,1.7257836122644736,0.2531206038387996,1.8096444059074872,0.04548450194541539,66.288,1.6792493205479428,0.04798167305537909
P0,none,0.0,144,576.0,20,1.7897320078286345,0.2998900028261583,1.807345123577805,0.045553187450603334,68.414,1.676562350685927,0.0477181370700245
P0,none,0.0,145,580.0,20,1.7823579791738058,0.25252925210579763,1.8081179453986969,0.05061583232332119,68.488,1.6770856122378075,0.05215783847015619
P0,none,0.0,146,584.0,20,1.8035757190300097,0.32198419878692214,1.8061188968325435,0.051897671015839864,68.441,1.6748289330456836,0.05341322885967572
P0,none,0.0,147,588.0,20,1.8322879546542166,0.24302048164268314,1.8097159253451203,0.06123383439677905,71.19399999999999,1.679283695650345,0.062381799107755764
P0,none,0.0,148,592.0,20,1.8071124873838749,0.1969010291188767,1.812138805818376,0.06100684515971628,71.583,1.681613663552468,0.062156501277421554
P0,none,0.0,149,596.0,20,1.8093328687196155,0.21177554665888104,1.8095590411192615,0.06296215684977625,71.76599999999999,1.6791075149940675,0.06486460286017819
P0,none,0.0,150,600.0,20,1.872350542304774,0.20789017317534222,1.814461471064046,0.0620610783284959,71.613,1.6845149113123647,0.06442363912429128
P0,none,0.0,151,604.0,20,1.8134419990013526,0.21981774416622718,1.819224524231667,0.06080201343313684,70.56899999999999,1.6891477006413929,0.06237419851604512
P0,none,0.0,152,608.0,20,1.707765245563572,0.21988824394302645,1.8138837982458298,0.05965578014699873,67.774,1.6845566383906825,0.06123121447928061
P0,none,0.0,153,612.0,20,1.8006260925857618,0.20682746626485266,1.8132439047613538,0.05837799977865764,68.518,1.6837228494069822,0.05952965247691389
P0,none,0.0,154,616.0,20,1.8561678564288413,0.22880360603839875,1.8118435381556204,0.06034875456833398,72.85499999999999,1.6817821310164582,0.06022871123428409
P0,none,0.0,155,620.0,20,1.8802109787904613,0.15714635981576727,1.8126987700719976,0.0602735974309424,73.719,1.6833795771076936,0.05920162204011668
P0,none,0.0,156,624.0,20,1.7487195188977889,0.28869765517214807,1.8097330221057537,0.05659857412179786,66.286,1.6800810303830427,0.056139511780120305
P0,none,0.0,157,628.0,20,1.9062176121409695,0.2038970571159031,1.811181173961239,0.059127499723081234,71.488,1.6814417016384247,0.058637094390306926
P0,none,0.0,158,632.0,20,1.7836544831757801,0.15863623917991848,1.8083431446938847,0.06018074182766869,72.027,1.6789092078082146,0.06062653511334442
P0,none,0.0,159,636.0,20,1.8446462012513547,0.26953398629556774,1.8097922803637807,0.060794623142955875,70.399,1.6794429270269986,0.06168227261777165
P0,none,0.0,160,640.0,20,1.6594759151484655,0.20491163800499268,1.8043470119402254,0.0584163968743528,63.392999999999994,1.672508988143019,0.05972156409053065
P0,none,0.0,161,644.0,20,1.7443376574692206,0.2644357847515244,1.8041086930651613,0.055283395775003935,68.38199999999999,1.6721398363657305,0.05599836351511954
P0,none,0.0,162,648.0,20,1.8726070317676253,0.20638668957730388,1.8076498387247775,0.054874300690496335,71.753,1.675678964436107,0.056050444664898835
P0,none,0.0,163,652.0,20,1.7504063662907174,0.34530111720933065,1.8052800747072113,0.056994265236135266,65.92699999999999,1.6736578812255765,0.05856570790466615
P0,none,0.0,164,656.0,20,1.8840785330732501,0.16929180816679565,1.807050820895407,0.05864491368661306,72.755,1.6753922590744033,0.059980451975674746
P0,none,0.0,165,660.0,20,1.8778148898680898,0.1855479617517376,1.806450018061236,0.0617622434196289,73.166,1.6743340325464922,0.06302238743268963
P0,none,0.0,166,664.0,20,1.806657150550555,0.30703001711936634,1.8066216949250247,0.06519127790674753,67.18100000000001,1.6747133659027795,0.0671864185705788
P0,none,0.0,167,668.0,20,1.8263647396236309,0.2768608259934512,1.8074290177194736,0.06039712734751474,71.284,1.675811376746892,0.06269182891234186
P0,none,0.0,168,672.0,20,1.8766897460772438,0.1716451116071214,1.8134652630719845,0.06046749286316468,74.193,1.6820356200300808,0.0623060525410417
P0,none,0.0,169,676.0,20,1.867264537699194,0.18245440578192484,1.8165665642668067,0.05786349810723122,73.078,1.6857029843392333,0.059433391858647815
P0,none,0.0,170,680.0,20,1.8397234017263397,0.2044710227141552,1.8188611811689082,0.05607899395494478,73.522,1.6890024641487322,0.0572686626379603
P0,none,0.0,171,684.0,20,1.9157918292872267,0.20978805934486558,1.823349825579197,0.05629804089672782,73.882,1.69405096370646,0.05614770596500686
P0,none,0.0,172,688.0,20,1.8277557407142422,0.2281098524977715,1.8231685370215978,0.056602300566451935,67.872,1.6932275644401185,0.05668298142282083
P0,none,0.0,173,692.0,20,1.8200541453171997,0.3000458091299708,1.8236862033389307,0.05973832658946132,68.739,1.6930102074775752,0.06002163459605219
P0,none,0.0,174,696.0,20,1.7997084160381907,0.27237993887646017,1.823301225231674,0.0614485174791764,68.57300000000001,1.692645301796599,0.06243571007393599
P0,none,0.0,175,700.0,20,1.9119288602676126,0.17195754065828767,1.8248843579501872,0.06400204108566784,73.487,1.6944664583123188,0.06423006418719367
P0,none,0.0,176,704.0,20,1.8538306794569983,0.21079749970028785,1.8264999051684132,0.06361362552584665,71.402,1.6956076133939693,0.06292759933264659
P0,none,0.0,177,708.0,20,1.850918363971503,0.2334746198716739,1.8322260299047304,0.05970038144983718,72.147,1.7018503444417195,0.05957768569303598
P0,none,0.0,178,712.0,20,1.8175727068232674,0.1853887171126611,1.8329038944742309,0.0599036257776756,70.933,1.7029622493630048,0.06006871025673722
P0,none,0.0,179,716.0,20,1.8569647261322018,0.23221291226726204,1.8329357692623653,0.05987348258941986,71.235,1.703338924978868,0.0591391615647421
P0,none,0.0,180,720.0,20,1.8304920164266414,0.19166675991250332,1.8309470107678123,0.05692303504790286,70.041,1.701457719510699,0.05562922501415644
P0,none,0.0,181,724.0,20,1.8667067724717323,0.16151011452023564,1.83566650091077,0.05446489231093917,73.239,1.7068472562134083,0.05309875251719652
P0,none,0.0,182,728.0,20,1.919393190728788,0.1994753092465501,1.8361935240542828,0.054770635225793,72.751,1.7075076471789594,0.052973237795076226
P0,none,0.0,183,732.0,20,1.8296676895085437,0.2667630676010563,1.8380340523075933,0.04946338497749955,69.277,1.7090114966945567,0.047311295549458676
P0,none,0.0,184,736.0,20,1.832973247353064,0.21564408599368545,1.8375671341516617,0.04994288440648245,69.876,1.7089112107165867,0.04803632631077163
P0,none,0.0,185,740.0,20,1.8181677213843563,0.2630696550957848,1.8439148064010975,0.050334792395557604,68.312,1.71574346651491,0.0476358731888996
P0,none,0.0,186,744.0,20,1.7865483874540806,0.24195723863225435,1.8456032356004919,0.05652906527790888,69.501,1.7174923199253755,0.05335113267093147
P0,none,0.0,187,748.0,20,1.846631018709989,0.22049272227978572,1.8445641950781861,0.05226292081925713,71.364,1.7171454159783415,0.05026768835156824
P0,none,0.0,188,752.0,20,1.801781342662189,0.24329991556191535,1.846619194133045,0.055487166655862764,69.025,1.7197627016343386,0.05339925313793486
P0,none,0.0,189,756.0,20,1.7835922652759741,0.26854215055132663,1.8425997434211543,0.05734840072962308,69.34299999999999,1.7157563393859756,0.05553848769654136
P0,none,0.0,190,760.0,20,1.8290014639021783,0.2067153722486746,1.8406472063825177,0.05782733262844691,70.45599999999999,1.7140339627198173,0.05587079436887451
P0,none,0.0,191,764.0,20,1.7435587342057743,0.22722432629153608,1.8381232697287266,0.06077350400171096,68.47200000000001,1.711603042103274,0.059793758169726346
P0,none,0.0,192,768.0,20,1.8423535185796616,0.2506100177908208,1.8387628208869677,0.05546528393160663,70.3,1.7124394892780697,0.054976656363472945
P0,none,0.0,193,772.0,20,1.8445987333302702,0.2231764070689532,1.8374791803770887,0.053074422063006,72.74,1.7115487613393239,0.05225336533385691
P0,none,0.0,194,776.0,20,1.9136301522593935,0.1825601380074958,1.8393338049594967,0.050672948789436505,73.689,1.7135468416899677,0.048524574590920064
P0,none,0.0,195,780.0,20,1.8918487189872395,0.11743446692630222,1.8414188176499326,0.04547780995796218,74.423,1.7153287503969579,0.04384124006407549
P0,none,0.0,196,784.0,20,1.8533629044384192,0.21115948872847504,1.8389216606559802,0.04869309155548583,71.349,1.7132331453947285,0.04607581046693397
P0,none,0.0,197,788.0,20,1.8848774930901744,0.20703761774047266,1.8412065307510175,0.04798243699075109,72.751,1.7157957185420163,0.04434924181074456
P0,none,0.0,198,792.0,20,1.8995044752977122,0.19927658379378957,1.8443845439502382,0.04705945814383232,72.16799999999999,1.7196747146693276,0.04248689664944133
P0,none,0.0,199,796.0,20,1.804688751881369,0.2538668589262962,1.8445837573839654,0.0488648395303802,68.52000000000001,1.719662960694881,0.04441741284529015
P0,none,0.0,200,800.0,20,1.9082951202642024,0.1526456520931533,1.844438407783829,0.05031180676557147,73.53,1.719331579020249,0.04625752206092853
P0,none,0.0,201,804.0,20,1.8760747096014456,0.19159085741774148,1.845328168989607,0.05296977537061863,74.268,1.720519995166534,0.04873938734088702
P0,none,0.0,202,808.0,20,1.9103059391024122,0.14929319636448932,1.8477036719948434,0.05009972273342618,72.92699999999999,1.7227265380062247,0.046013392500150546
P0,none,0.0,203,812.0,20,1.90001858418151,0.2094163550983796,1.851001507089173,0.05261339739325172,72.513,1.7255174926039167,0.047978152203424475
P0,none,0.0,204,816.0,20,1.8141904483733278,0.23659416997332308,1.8492905359788179,0.04982849970623856,69.63199999999999,1.7238576337542966,0.044957772399999235
P0,none,0.0,205,820.0,20,1.8063739964201477,0.3013658752498177,1.8483258151785584,0.050136208263490516,68.756,1.7224105539266183,0.04677909690969673
P0,none,0.0,206,824.0,20,1.9132163267997615,0.17141663780639255,1.8501861973516796,0.05231898291022639,74.417,1.724249984211483,0.04751779994606332
P0,none,0.0,207,828.0,20,1.8988044659948558,0.17261706044805872,1.849362648362322,0.05149522121041482,73.425,1.7234334191848777,0.04713197287196469
P0,none,0.0,208,832.0,20,1.821948990443579,0.21359957972890142,1.8490539003997235,0.053648166863261605,70.89099999999999,1.7233635744814617,0.05050621894795287
P0,none,0.0,209,836.0,20,1.8122332078828058,0.18838813443531816,1.8482242988209134,0.0495008582383407,71.208,1.7233471648322944,0.0472435208232368
P0,none,0.0,210,840.0,20,1.9042304021602927,0.15973839117541938,1.8516668060519508,0.05300096455900267,73.803,1.7279745660105639,0.05025621522686519
P0,none,0.0,211,844.0,20,1.8632944835324448,0.22345610172201202,1.854736649895085,0.05774385719250789,71.702,1.7314305453943093,0.05476911103471008
P0,none,0.0,212,848.0,20,1.9469012102824066,0.1872935023629872,1.8587474575579819,0.06091020121104132,74.118,1.734956976440548,0.057324776872126136
P0,none,0.0,213,852.0,20,1.9967118773171684,0.13296266849424482,1.8665446789441813,0.06149274602623647,74.29299999999999,1.7430729251935344,0.0579916174802954
P0,none,0.0,214,856.0,20,1.8247367652816222,0.2929050313034616,1.868190458944407,0.06316129156093048,70.435,1.7451629369578576,0.059800830451391736
P0,none,0.0,215,860.0,20,1.8860962062294362,0.18508442604873337,1.8704742486374974,0.06394306267060411,70.861,1.7473088063198563,0.06082951357803399
P0,none,0.0,216,864.0,20,1.9772813017111919,0.17105417461302322,1.879823151337714,0.06431745360941632,75.174,1.7567463794804972,0.06024133611223114
P0,none,0.0,217,868.0,20,1.8223745261124686,0.2310447864263773,1.8790239916390263,0.0648821280332997,69.745,1.7556588597197298,0.06040495379986924
P0,none,0.0,218,872.0,20,1.8395866878215774,0.22141264597112006,1.8788235098186785,0.06791465432509458,71.34299999999999,1.7552714663629103,0.06503516645995706
P0,none,0.0,219,876.0,20,1.874834891000176,0.24696355406986648,1.8772716993683098,0.06795658412594051,70.955,1.753745832839598,0.06548778360303323
P0,none,0.0,220,880.0,20,1.88389357429011,0.2561986540707369,1.8769534935804248,0.07095497595685828,71.832,1.7532423709730787,0.06871081826678378
P0,none,0.0,221,884.0,20,1.8100924475858615,0.1921540446304361,1.8752226753063224,0.0670632042894807,71.49300000000001,1.7513883762892504,0.0653534154463717
P0,none,0.0,222,888.0,20,1.8912303201281042,0.1931607396868089,1.8754767883878398,0.06141322510650922,73.62,1.7512775126506437,0.05989583182594712
P0,none,0.0,223,892.0,20,1.91648717015302,0.2847819685098332,1.8761560961820518,0.05961022805573088,71.24199999999999,1.7513862048214726,0.057138014742476775
P0,none,0.0,224,896.0,20,1.7642568846565005,0.2710528981068116,1.8745388214930572,0.05436519054007383,66.049,1.7500612736399792,0.05246204035438705
P0,none,0.0,225,900.0,20,1.988982843942376,0.15375595106610346,1.8777663304401842,0.056182898249582926,74.065,1.7531228229388909,0.05498571923369993
P0,none,0.0,226,904.0,20,1.9217312065334227,0.20774645185997664,1.879592590317463,0.05920764180256114,73.071,1.754947530824447,0.057544424339752834
P0,none,0.0,227,908.0,20,1.874428478907903,0.23171582729770743,1.878157491909683,0.05952452702211164,70.9,1.7533246414182186,0.05771307305936636
P0,none,0.0,228,912.0,20,1.9435266205969117,0.30791081616939286,1.879897813366299,0.057229700176019076,71.455,1.7543578754459677,0.05516542682662461
P0,none,0.0,229,916.0,20,1.9197048389850988,0.16458840473300737,1.8841183889907698,0.05683235250519432,73.704,1.7580274422758186,0.05455506958863527
P0,none,0.0,230,920.0,20,1.8520743652001197,0.29802124344924796,1.8859464037419684,0.05821748805349576,70.399,1.7599664244351914,0.05594252577503618
P0,none,0.0,231,924.0,20,1.8697764353376312,0.24849614323236438,1.8842088080834833,0.056964156923070566,71.729,1.7581527811822935,0.05448704094480686
P0,none,0.0,232,928.0,20,1.9381267121168992,0.18442116896083463,1.885781697928365,0.05427562808158917,72.85,1.7599605908409361,0.05164965116271299
P0,none,0.0,233,932.0,20,1.89714093878781,0.21658646451509822,1.8887893758621346,0.05755868143916766,72.064,1.763232676431198,0.05529394747032361
P0,none,0.0,234,936.0,20,1.8968905601938868,0.23623120945465892,1.8921756699545775,0.06321010824936227,70.596,1.7661144180145878,0.061858224087687555
P0,none,0.0,235,940.0,20,1.9148723661284628,0.18727684525495314,1.8926013485133044,0.06116842566484139,74.261,1.7661346646022853,0.06007476635690488
P0,none,0.0,236,944.0,20,1.9376303967285353,0.2179914442940072,1.895574785041148,0.06464163919642608,72.429,1.768935933515023,0.06296825886650916
P0,none,0.0,237,948.0,20,1.9257225477993984,0.21823727110702615,1.8947276385418277,0.06662351090223304,71.682,1.7683268108129089,0.06467563725137607
P0,none,0.0,238,952.0,20,1.875141317837412,0.171944428749303,1.8898648161626372,0.06646599141250022,72.591,1.7635818363385298,0.06472916965558198
P0,none,0.0,239,956.0,20,1.941232679650994,0.1935863909291581,1.8945246527374124,0.06394325597043474,72.405,1.7677610728098387,0.062367170143505436
P0,none,0.0,240,960.0,20,1.893230721490942,0.21322389205519998,1.8948100333478723,0.06528369454172205,71.829,1.7675983416768948,0.06381725015259691
P0,none,0.0,241,964.0,20,1.895133876253023,0.2871590360333036,1.8915241363295459,0.06681239995986836,69.57000000000001,1.764461901461465,0.06653451737818189
P0,none,0.0,242,968.0,20,1.8977845724763953,0.24450393684881,1.8945405381841027,0.06531049479754222,71.307,1.7676225350801194,0.066141449441189
P0,none,0.0,243,972.0,20,1.8893193978628382,0.2038841912179783,1.8965298465857532,0.0652320936102632,71.955,1.7697677151837872,0.06571530298718627
P0,none,0.0,244,976.0,20,1.973317663834969,0.24046176406740527,1.9004691574991448,0.06561913299016009,74.114,1.7730954896253734,0.06643507518380266
P0,none,0.0,245,980.0,20,1.8709388773432472,0.18584237521890082,1.8999509696212704,0.06302898863765324,71.401,1.7725066861241157,0.06367343322021121
P0,none,0.0,246,984.0,20,1.9309416924864593,0.1809746044895586,1.9047849394172942,0.0665544922131824,70.752,1.777208840089824,0.0671165836920504
P0,none,0.0,247,988.0,20,1.8852931306990388,0.2055179311564859,1.9045474518401317,0.07054175904025504,73.15,1.776993752926526,0.07137016538280955
P0,none,0.0,248,992.0,20,1.9756054711196758,0.17779226491366293,1.906912183878798,0.07181807663267217,73.981,1.7792848688244782,0.07402241366441631
P0,none,0.0,249,996.0,20,1.9520263124078578,0.179720305520251,1.9144229609888523,0.07492327607270768,72.14099999999999,1.7871446371399127,0.07693227404301306
P0,none,0.0,250,1000.0,20,1.9035115948824761,0.20767843284164533,1.9110041110264562,0.07788517513869829,74.453,1.7837367545856906,0.07916967553591663
P0,none,0.0,251,1004.0,20,1.918760641091786,0.19463964143510737,1.910885288408791,0.07552978771448657,72.104,1.7832767007212584,0.07625038079198276
P0,none,0.0,252,1008.0,20,1.9204679109377,0.21990059743487092,1.9127268656899825,0.07338549591326664,73.363,1.7842641652243851,0.0739561763834432
P0,none,0.0,253,1012.0,20,1.8638354393386038,0.2763986075748224,1.9095392184396502,0.07246327095045543,71.271,1.7824712929352529,0.07266697388517951
P0,none,0.0,254,1016.0,20,1.930227329753882,0.15996808156623976,1.9099601180704018,0.07639353117871286,74.578,1.7830720166736094,0.07636971061266935
P0,none,0.0,255,1020.0,20,1.9555762723274905,0.2358040136968659,1.9141001943554965,0.07767832498639327,72.865,1.7875728275681193,0.07678127853204401
P0,none,0.0,256,1024.0,20,1.9582287568061716,0.19010828380378372,1.917638287214238,0.07771073733293833,73.199,1.7912846400336897,0.07684385949442593
P0,none,0.0,257,1028.0,20,2.0024447714442952,0.18424404755005264,1.9202110095873341,0.08092646604927432,75.11699999999999,1.7934209940674168,0.08012796533237333
P0,none,0.0,258,1032.0,20,1.9605604894101867,0.22481712143263854,1.9227477916122289,0.08026881575451691,72.007,1.7946329442247486,0.07939118237212485
P0,none,0.0,259,1036.0,20,1.8691172965872795,0.18157912355132336,1.9216368610679648,0.07537408247605473,72.827,1.794339189055549,0.07422878460245395
P0,none,0.0,260,1040.0,20,1.986883032806693,0.14394906982359038,1.9245172877350938,0.07629998511505463,73.378,1.7968241682317312,0.07457769382017872
P0,none,0.0,261,1044.0,20,1.9099828900560631,0.2288383594203894,1.9234113874681953,0.07506806128109364,69.297,1.7952197164904402,0.07381128359672846
P0,none,0.0,262,1048.0,20,1.9245870895115693,0.21633654688695161,1.923365969136682,0.07125682808024586,72.94500000000001,1.7951494662913638,0.07028968347050416
P0,none,0.0,263,1052.0,20,1.8325828912515103,0.3225315288528609,1.9216636320732459,0.07257697921985493,67.286,1.7926910505936804,0.0724559606224622
P0,none,0.0,264,1056.0,20,1.9429647378029191,0.2180800416254798,1.921732914399323,0.07798907192452359,73.553,1.7929208605969431,0.077488471026488
P0,none,0.0,265,1060.0,20,1.9183951178125507,0.18156476364753252,1.9227394902521873,0.0784834621029167,73.559,1.7950990350012819,0.07762321735448859
P0,none,0.0,266,1064.0,20,1.9791680426328626,0.15911113872470162,1.926100856907381,0.07750491274675349,74.514,1.7984195842741681,0.07528047254650817
P0,none,0.0,267,1068.0,20,1.9718948030887635,0.1823505762239794,1.9290652661318757,0.07907777222676456,75.556,1.800815136799232,0.07618242267027442
P0,none,0.0,268,1072.0,20,1.9000116854223372,0.20828809320463756,1.9294929576342554,0.07877456885670582,71.565,1.8013807486327036,0.0746394148268472
P0,none,0.0,269,1076.0,20,1.943750409668543,0.1897345573513008,1.9283102674675985,0.07554378709866175,73.334,1.800940738238421,0.07121506321925533
P0,none,0.0,270,1080.0,20,1.964538467170954,0.19019439171630914,1.9320542510607068,0.07934793082426643,74.674,1.804664649405249,0.07409524058394194
P0,none,0.0,271,1084.0,20,2.0155299443877643,0.13963747000760718,1.9354377811367591,0.07926598476804769,75.362,1.8077645788605043,0.07349955373055393
P0,none,0.0,272,1088.0,20,1.9576985521724322,0.17282969830006858,1.9383339979956946,0.08117940607824477,74.752,1.81048950756631,0.07568025836804448
P0,none,0.0,273,1092.0,20,1.9600722822074605,0.24464719756021522,1.9377126704392063,0.08279942250497976,72.749,1.8097502286388956,0.07751665166358285
P0,none,0.0,274,1096.0,20,1.861587162209855,0.27365163897803196,1.934095104431286,0.08654837603986898,69.87,1.8052193672352175,0.08188847448906336
P0,none,0.0,275,1100.0,20,2.0228009139006065,0.16766674697820297,1.9388666771920111,0.0890383997592268,75.05199999999999,1.8102436042484,0.08468203712437244
P0,none,0.0,276,1104.0,20,1.9154130186578846,0.2775814972577656,1.9387327722946552,0.09346419019017102,70.874,1.810222218750941,0.0893534499427401
P0,none,0.0,277,1108.0,20,1.9073390236057748,0.2729892488121754,1.9382076168013782,0.09149631177477015,71.19,1.8105559354770118,0.08756216285517852
P0,none,0.0,278,1112.0,20,1.866479263576015,0.2709128455112045,1.9383133697708748,0.08662241375205172,70.90599999999999,1.8107082481981895,0.0823428257547547
P0,none,0.0,279,1116.0,20,1.9809503492475447,0.14387862302254267,1.9403422905506211,0.08631853054039386,73.36800000000001,1.8132332889986293,0.08128876776517205
P0,none,0.0,280,1120.0,20,2.0068920629489373,0.13298270854251631,1.9423949221754788,0.08238323797125997,75.264,1.8154502248138649,0.07760482774158846
P0,none,0.0,281,1124.0,20,1.9652748552857786,0.23251921128969824,1.9426767661146633,0.08549078777598829,73.261,1.8154073403516005,0.08089628550879426
P0,none,0.0,282,1128.0,20,1.868581275272811,0.2867920103815951,1.9373222262678038,0.08475920838351113,70.328,1.8101332971420923,0.0798246872884432
P0,none,0.0,283,1132.0,20,1.9052960629917475,0.2483109725534139,1.9351116492110663,0.09195769708019635,71.815,1.8090289280522458,0.08676502512788273
P0,none,0.0,284,1136.0,20,1.8723140082532403,0.29494135722736153,1.9352395176777049,0.0946783024317855,71.05799999999999,1.8087062533217815,0.09029239274590478
P0,none,0.0,285,1140.0,20,1.9641669283314218,0.18658530140165117,1.9343308734986937,0.09540486174109229,74.8,1.8082418409068677,0.0914414623888625
P0,none,0.0,286,1144.0,20,1.953721456300255,0.19046960876215485,1.9360804161484615,0.09751241932307475,72.955,1.80992563084065,0.09423857385078736
P0,none,0.0,287,1148.0,20,2.0083911068715077,0.13232743165712985,1.939432576842859,0.09888569680494298,74.878,1.8125654790673806,0.09542210761040884
P0,none,0.0,288,1152.0,20,2.023668461346545,0.20212722982905157,1.9470759996466604,0.09963232181311485,73.47,1.8202913643647154,0.09563648048805058
P0,none,0.0,289,1156.0,20,1.9710652989674515,0.18370416529279793,1.948200022093242,0.0987086099835784,73.52,1.8212479786374736,0.09482925138212607
P0,none,0.0,290,1160.0,20,2.025828249268851,0.15593904185975124,1.9524973473514937,0.0995157741028189,75.209,1.8247513049303865,0.09557540041698878
P0,none,0.0,291,1164.0,20,1.9029502021517757,0.24789121400791825,1.9494486337322503,0.10257173277110199,69.172,1.8216061608921055,0.09973609209438163
P0,none,0.0,292,1168.0,20,1.938722369902751,0.19851234016496208,1.94812173640481,0.10142000060068718,72.888,1.8204760561151048,0.09817355725534523
P0,none,0.0,293,1172.0,20,1.9876834244310253,0.17396926043544486,1.9516286059651573,0.10186866784084389,74.56899999999999,1.8233976695968181,0.09834989605887513
P0,none,0.0,294,1176.0,20,1.979426233964014,0.1656486856534763,1.9530556389369764,0.105500884332372,74.41799999999999,1.824220926055445,0.10172385982944111
P0,none,0.0,295,1180.0,20,1.9274907608714666,0.20113036267136714,1.9515737306849967,0.10560561275942552,74.513,1.8233468812281939,0.10154676294821205
P0,none,0.0,296,1184.0,20,1.9274454535352834,0.23510129088043485,1.9480503510508975,0.10703712257389901,73.979,1.8203008942480003,0.10332273190545063
P0,none,0.0,297,1188.0,20,1.8913591592532242,0.24270103702924067,1.9453967753341292,0.10500405218622004,69.22999999999999,1.8180431281535807,0.1015991064543973
P0,none,0.0,298,1192.0,20,1.9793330951735897,0.2307777901128125,1.9461672078527745,0.106397366752256,73.58500000000001,1.8191074561714502,0.10269170895716291
P0,none,0.0,299,1196.0,20,1.9794346835999161,0.15413984308215142,1.9508811087083768,0.10640985927372389,74.827,1.8244643471977713,0.10187347281794454
P0,none,0.0,300,1200.0,20,1.9829598077678665,0.1864370803130203,1.949287464463067,0.10565651637917162,73.965,1.8227691509607393,0.10094609142449852
P0,none,0.0,301,1204.0,20,1.9174749909819009,0.26747281871142153,1.9493699433560276,0.10403507892728338,72.928,1.8230702537543724,0.0993453916826901
P0,none,0.0,302,1208.0,20,2.032169203171508,0.14248178114333718,1.9543631505386572,0.10196898352289831,74.952,1.8278232126183258,0.0971766970789075
P0,none,0.0,303,1212.0,20,1.9754022327003185,0.21876749821800812,1.9587200693036295,0.10486629534787063,73.366,1.831759852024788,0.10002799097007428
P0,none,0.0,304,1216.0,20,1.9250250822772201,0.25781608818199736,1.9564830586248163,0.10630833539207306,72.221,1.828459209685344,0.10255467621928638
P0,none,0.0,305,1220.0,20,1.9494315647543332,0.227236084947712,1.954184638697032,0.10876893744983418,73.846,1.8254614622873064,0.10474248623960114
P0,none,0.0,306,1224.0,20,1.949209736787139,0.31021628720813244,1.9535420339570866,0.11235468759675854,70.328,1.8242750913807804,0.1092413080129773
P0,none,0.0,307,1228.0,20,1.8867887543353579,0.3014066778322269,1.9542703331195885,0.11261054693748794,68.066,1.8246884396896867,0.110389930660627
P0,none,0.0,308,1232.0,20,1.9379465704673091,0.27484193526016887,1.955576353418611,0.11207137747541,71.896,1.826222395839718,0.10892537459103566
P0,none,0.0,309,1236.0,20,1.9556934055748052,0.1905690989582957,1.9589115293114734,0.10708273877300868,74.137,1.829254674681365,0.10448817154657583
P0,none,0.0,310,1240.0,20,2.015333201151446,0.1847566848150685,1.9609581802242744,0.1055885732733253,73.901,1.8308982216107204,0.10267804178582526
P0,none,0.0,311,1244.0,20,1.9981372645432827,0.21379053120236857,1.9627348125539956,0.1051133557511126,72.79400000000001,1.832828397654875,0.10234667572342528
P0,none,0.0,312,1248.0,20,2.0151049997909554,0.16824721579951907,1.9630033682707737,0.10906764287064043,75.519,1.8338899694089008,0.10560189765246297
P0,none,0.0,313,1252.0,20,2.0711587080020766,0.14088433716307963,1.9649029781369947,0.1080392037289329,75.648,1.8356268270764668,0.10431145379108601
P0,none,0.0,314,1256.0,20,2.042488060682815,0.15398888332132205,1.9677598886056091,0.1065999519192366,75.103,1.8386490246635503,0.10239474809858004
P0,none,0.0,315,1260.0,20,1.9532959110587735,0.24821903391070804,1.9648585950772062,0.10365151624108518,72.95,1.835729986696451,0.09985487709027832
P0,none,0.0,316,1264.0,20,2.0143777347568084,0.2336542360617364,1.9693156963814076,0.10527390366727507,73.08,1.8396096953467462,0.10157913271237787
P0,none,0.0,317,1268.0,20,1.987015741278616,0.1786842689607104,1.971247431236442,0.10234496241525212,75.166,1.8418485176306478,0.09914933309415055
P0,none,0.0,318,1272.0,20,2.0563701241189447,0.1324259104310669,1.973994899223959,0.09991423330405201,75.279,1.8445093844800375,0.09686915235174567
P0,none,0.0,319,1276.0,20,1.9800143113253388,0.20995661202365812,1.9740184223184118,0.0998758733921588,72.75699999999999,1.8447536525305175,0.0973769568365892
P0,none,0.0,320,1280.0,20,2.02758675745196,0.18360925234128922,1.9780222621816315,0.10080204736884514,74.764,1.8482341090517818,0.09857006445933704
P0,none,0.0,321,1284.0,20,1.9983054902688653,0.2076612602517669,1.9808566636509748,0.09938916070277444,72.488,1.8510211747735823,0.09736199099906001
P0,none,0.0,322,1288.0,20,2.0561833565081864,0.13291033010940437,1.9874496315411734,0.10126497905142103,74.801,1.8572175570455705,0.09863620226162507
P0,none,0.0,323,1292.0,20,1.9786858978268647,0.2216045281877324,1.9874237436473041,0.10065583116323262,72.264,1.8576171735490115,0.09836051406861146
P0,none,0.0,324,1296.0,20,2.0525879188652416,0.1387359635313176,1.9903498730579172,0.10027683008485373,75.94500000000001,1.8601641513817664,0.09777559269859877
P0,none,0.0,325,1300.0,20,2.016997255209914,0.22240858594871607,1.9917113709555991,0.10128779453574067,73.533,1.8612464977015901,0.09819817436265607
P0,none,0.0,326,1304.0,20,2.0083962731668077,0.16931067007195835,1.9953482222429955,0.09579993358912703,75.576,1.8648632765627056,0.09362754955766275
P0,none,0.0,327,1308.0,20,2.0110737302092883,0.1520031991032921,1.9945044033245067,0.09382238538450346,76.092,1.8640349775614442,0.09210646762256947
P0,none,0.0,328,1312.0,20,1.998374480180719,0.16107866900380696,1.9954232932237228,0.0907549686802867,75.00399999999999,1.8655083941031847,0.08925524838510387
P0,none,0.0,329,1316.0,20,2.063551737308756,0.12277738789860838,2.000964359424984,0.08996957238779185,74.716,1.8718774996215697,0.08804636801028609
P0,none,0.0,330,1320.0,20,2.0056000253998336,0.16684629415984645,2.003211097850804,0.08876808396064208,75.122,1.8744297734845339,0.08770916703655149
P0,none,0.0,331,1324.0,20,2.0189052532945544,0.15498324558379423,2.005998918511101,0.08636777347193854,75.711,1.8778932796078416,0.08433180631290219
P0,none,0.0,332,1328.0,20,2.0051003877962974,0.15850388860552234,2.010731383849538,0.0865144084409551,75.49,1.882540126736243,0.08358050333024909
P0,none,0.0,333,1332.0,20,1.9650515656497334,0.26779760436989875,2.011815583656835,0.08986690351428736,71.66799999999999,1.8830715588249678,0.08779156520189095
P0,none,0.0,334,1336.0,20,1.9372515960389987,0.17439014800859437,2.011077911275403,0.08825337795927124,74.435,1.882278894203494,0.08587932994738802
P0,none,0.0,335,1340.0,20,1.997805355499791,0.21550127387078546,2.0103767974493367,0.08810090103698918,73.78999999999999,1.8816614844643396,0.08616579620086226
P0,none,0.0,336,1344.0,20,1.9972453061367303,0.1912458747815772,2.0103411191130744,0.08627144715619776,74.644,1.8817443265626348,0.08370459915964575
P0,none,0.0,337,1348.0,20,2.010348583338521,0.15910096239207702,2.010150862454977,0.08535098190744347,75.084,1.8808725903390955,0.0828067914049442
P0,none,0.0,338,1352.0,20,2.0132056689830637,0.1941371364462832,2.0078327408942167,0.08534716619734194,72.648,1.8788428288404144,0.08209794953326056
P0,none,0.0,339,1356.0,20,2.009906744335489,0.22393152009242898,2.006529488240324,0.08585006349856997,73.535,1.8774354892749852,0.0833476119592178
P0,none,0.0,340,1360.0,20,2.0229549045811384,0.18357006183217586,2.0093158479812185,0.08684129548412134,74.702,1.8805048805730447,0.08353276181980067
P0,none,0.0,341,1364.0,20,1.9284553353828262,0.23697653616018777,2.005878952006259,0.08828413941714182,70.975,1.8782223043083803,0.0850603718707323
P0,none,0.0,342,1368.0,20,2.0385647670084213,0.16193986682351177,2.0079409130354513,0.08797560405436977,74.947,1.880381161354127,0.08552949928948382
P0,none,0.0,343,1372.0,20,1.9639004103559004,0.24121111019654523,2.0042421244849296,0.08950595958537025,71.986,1.8765580065335588,0.0864537165280291
P0,none,0.0,344,1376.0,20,2.0557396365117104,0.21833511956696058,2.0072711374923844,0.08972334648173093,74.019,1.8787855710154056,0.08663912434388711
P0,none,0.0,345,1380.0,20,2.0411997417393155,0.1125624091078672,2.0078156568638788,0.08625099991045224,75.15,1.8791705456378054,0.08389733063851716
P0,none,0.0,346,1384.0,20,2.0034611736790855,0.24256960071578798,2.0080218842002875,0.08652835113461964,72.413,1.8788806529535207,0.08403734428688941
P0,none,0.0,347,1388.0,20,2.0163904248072257,0.19471984746374443,2.006430166932249,0.0882748723363233,72.971,1.8771531364097451,0.08612999769211858
P0,none,0.0,348,1392.0,20,2.037990897601796,0.14498717040890247,2.008802366923246,0.08759178811916334,74.966,1.8796355278130548,0.08509998718355218
P0,none,0.0,349,1396.0,20,2.0642396182545157,0.1491553939708008,2.009268434898817,0.08683963803154955,75.558,1.880360364541859,0.08421430623637002
P0,none,0.0,350,1400.0,20,2.0219412756522432,0.13871508483759623,2.0094661957165103,0.0859847898590398,75.202,1.880862108804974,0.08376813104800926
P0,none,0.0,351,1404.0,20,2.007081306731336,0.1681536112705687,2.0094135970590914,0.08811404014320165,74.48400000000001,1.8805264785903901,0.08507429269562677
P0,none,0.0,352,1408.0,20,2.068160152769086,0.12022802548617899,2.0116970539614836,0.08940650773295117,75.329,1.8825494078155962,0.08661754704840034
P0,none,0.0,353,1412.0,20,2.070770875284153,0.15036169066841332,2.0145929097656206,0.08962659503034304,75.422,1.884612671793557,0.08679657499738855
P0,none,0.0,354,1416.0,20,2.0105550981965328,0.2312098935233683,2.012473044201132,0.08875808856634754,73.14,1.8822144306470707,0.0854859769301567
P0,none,0.0,355,1420.0,20,2.06873445794146,0.15319273156681928,2.014998421502797,0.08903923417764632,75.84700000000001,1.8843018876176445,0.08558407054522373
P0,none,0.0,356,1424.0,20,2.063433811213813,0.15575211582445322,2.0167795638195676,0.08817014123156146,73.683,1.8858643025676272,0.08589955948688215
P0,none,0.0,357,1428.0,20,2.0323592538140747,0.13196230893065533,2.0178699184602786,0.08781494531839408,75.635,1.887608097456657,0.08602534072483278
P0,none,0.0,358,1432.0,20,2.0302889407496925,0.17529241826357958,2.020479413464277,0.08434154081245351,74.15599999999999,1.8906216793721922,0.08133387629713822
P0,none,0.0,359,1436.0,20,2.028786755264368,0.14605709619631851,2.0241408198332915,0.08476395880816617,74.594,1.8939969502005962,0.08198287079281408
P0,none,0.0,360,1440.0,20,1.9992748245783727,0.19366212618788287,2.024199598596435,0.08461092162752898,73.858,1.8944123766616183,0.08098910271448503
P0,none,0.0,361,1444.0,20,2.0377986606443366,0.121584112170255,2.025821732776739,0.08477326631584065,75.292,1.8953105584363357,0.08149233105953378
P0,none,0.0,362,1448.0,20,1.9958731002419392,0.17444246506500805,2.025242713452876,0.08480612295930808,74.34700000000001,1.8953881868103513,0.08233186262378109
P0,none,0.0,363,1452.0,20,2.033767635334851,0.17246666673304079,2.0260651921069472,0.08585666390491863,73.99,1.896299698056249,0.0833447258587561
P0,none,0.0,364,1456.0,20,2.0049761882819697,0.24838587030109566,2.025867969864806,0.08488257597457917,71.52799999999999,1.8958427241327835,0.08219078195264921
P0,none,0.0,365,1460.0,20,2.0607995373852597,0.11596843393640648,2.0273817551769713,0.08338517015733335,75.003,1.897333126102993,0.08126119838833228
P0,none,0.0,366,1464.0,20,2.048624577864554,0.15335329732374267,2.032188524876241,0.08644997547660217,75.636,1.9016105114256454,0.08409040124138363
P0,none,0.0,367,1468.0,20,2.0195791336862086,0.1902157477051072,2.031429099543352,0.0899782745118356,75.663,1.900650982626642,0.08671747145182669
P0,none,0.0,368,1472.0,20,1.960697407160247,0.25621295888250395,2.031300979415526,0.09057468469490047,72.295,1.901088925613146,0.08809759920949352
P0,none,0.0,369,1476.0,20,2.081938253650912,0.11521553020716442,2.032348924101094,0.08751414708181073,75.572,1.9025633576241152,0.08494717352780441
P0,none,0.0,370,1480.0,20,2.0506497493730196,0.2239582727573196,2.0327269244064423,0.09160820241574445,74.19,1.9027133186123397,0.08894124324553379
P0,none,0.0,371,1484.0,20,2.0697195570496167,0.1365004840238967,2.0353772597412636,0.09060592748518563,75.417,1.905749116958025,0.08841269200864388
P0,none,0.0,372,1488.0,20,2.085855432133271,0.1411040667459459,2.0381558600343053,0.08940060481502794,75.40299999999999,1.9088611885392197,0.08679157310469206
P0,none,0.0,373,1492.0,20,1.9905054088499234,0.23489549424084094,2.0362564404842303,0.08925057947286613,73.797,1.9065401445711418,0.08645741716555314
P0,none,0.0,374,1496.0,20,2.060773025920903,0.16174142780018336,2.036117776790886,0.08645351923256435,74.03099999999999,1.9060882889481543,0.08452951699537187
P0,none,0.0,375,1500.0,20,2.0707344477663034,0.16919671879357592,2.038069503675448,0.0870519716415711,76.166,1.9081517592367518,0.08527425452317108
P0,none,0.0,376,1504.0,20,1.9528686965725854,0.21460907417881084,2.0359009992690984,0.08788533043809382,73.438,1.9062242791449389,0.08691390920142718
P0,none,0.0,377,1508.0,20,2.079305531341711,0.10431133588501955,2.036346814412003,0.0874043293440866,75.53999999999999,1.9075027895801355,0.0873848999055132
P0,none,0.0,378,1512.0,20,2.1052469858236575,0.14400021317561432,2.037725858833583,0.08477121797965838,75.875,1.909115201823754,0.08426593300592482
P0,none,0.0,379,1516.0,20,2.060152281501342,0.16019709619948666,2.0397097461657756,0.08511084642687705,74.749,1.9113215930359257,0.08487503963090821
P0,none,0.0,380,1520.0,20,2.085260291776474,0.13039172025499393,2.0403707795191766,0.08399984558448943,75.325,1.9126918348735475,0.08353663661763007
P0,none,0.0,381,1524.0,20,2.06506752789248,0.1207297010482902,2.0404361281863226,0.08413995202987454,75.795,1.9135014153047916,0.08270633985771356
P0,none,0.0,382,1528.0,20,2.0888531708416993,0.09639916958688417,2.042695884867428,0.08354948236512609,74.461,1.9151261487060207,0.08235469033245633
P0,none,0.0,383,1532.0,20,2.1338487358773977,0.10489420360164026,2.0468382766725357,0.08152911421733967,76.00800000000001,1.918627412730477,0.08081883864141162
P0,none,0.0,384,1536.0,20,2.0495365473947422,0.2163718957144992,2.047668268357751,0.08544075588066265,74.176,1.9191813568212794,0.08437747395660453
P0,none,0.0,385,1540.0,20,2.0759459443279953,0.19894446635497023,2.050735113147736,0.08316784863840741,74.562,1.9216853459464942,0.08201795758975028
P0,none,0.0,386,1544.0,20,2.0638803887166013,0.11058669479975862,2.051778382270627,0.08287987423697893,75.249,1.9235844867714025,0.08126244287521107
P0,none,0.0,387,1548.0,20,2.063346573271152,0.1187153579800045,2.054477321191795,0.08191233485120841,75.60600000000001,1.9260632498001757,0.08034827482344997
P0,none,0.0,388,1552.0,20,2.0727157476270723,0.16343545640110677,2.056035245683484,0.08124024025366569,75.78,1.9273686135055221,0.08024025762684386
P0,none,0.0,389,1556.0,20,2.024927010422231,0.22590341059023106,2.0568332785690946,0.08060045904224955,72.39099999999999,1.928720293571681,0.0799043491452984
P0,none,0.0,390,1560.0,20,2.0368605394023174,0.2004755513750106,2.055875718649777,0.08142602817157865,73.919,1.9277665101655554,0.08100728277007044
P0,none,0.0,391,1564.0,20,2.0677466478786153,0.1579830458122092,2.056640601450339,0.08074319897024919,75.345,1.9281413774462006,0.08102585277360828
P0,none,0.0,392,1568.0,20,2.0811296799391963,0.14538472162393126,2.0591026233004586,0.07815916788034162,75.78200000000001,1.9305811023485702,0.07840652273261461
P0,none,0.0,393,1572.0,20,2.066394574621791,0.16892783542346612,2.0633305099989205,0.07643076985348676,74.14099999999999,1.9342593253119056,0.0762823050055095
P0,none,0.0,394,1576.0,20,2.0595211229029866,0.15457829172617357,2.0624338247690033,0.07578226712076208,75.83,1.933448568690369,0.07559028311309812
P0,none,0.0,395,1580.0,20,2.0723178520620036,0.16345331974932567,2.063300548876563,0.0729326104047983,75.727,1.9343448841067747,0.07283061874863919
P0,none,0.0,396,1584.0,20,2.0406712868618735,0.23680350263982286,2.062138618069053,0.07486385759742395,72.994,1.9330758658703981,0.07448819639955002
P0,none,0.0,397,1588.0,20,2.0808444235607824,0.14885791580689778,2.0619381777261534,0.07567809804685813,75.1,1.9330041373743687,0.07560687811386618
P0,none,0.0,398,1592.0,20,2.023366400061887,0.17074946017783096,2.063252617374632,0.07607067291542274,74.49600000000001,1.9344781217719418,0.07578391017564612
P0,none,0.0,399,1596.0,20,2.0853995957809075,0.14889436148668148,2.064237680169032,0.08078106783642766,76.011,1.9356834639248521,0.0799719586776107
P0,none,0.0,400,1600.0,20,2.123581302538424,0.09077176859953687,2.066351554359917,0.08027769159852366,75.518,1.9371135305627107,0.07963801485590427
P0,none,0.0,401,1604.0,20,2.086328506395179,0.11474252514966193,2.0716899467528207,0.07808401956795884,75.906,1.942251250425868,0.07752379702632599
P0,none,0.0,402,1608.0,20,2.018497351508352,0.18584528703431266,2.0692576195594863,0.07844105010224098,73.949,1.9392638275263772,0.07707150948081248
P0,none,0.0,403,1612.0,20,2.0191437530196645,0.20914827110324938,2.0658134902473266,0.07870041274950063,73.51,1.9358955388764005,0.07748577710274744
P0,none,0.0,404,1616.0,20,2.067516384888953,0.12029803979956205,2.0661080543828314,0.07835898307994056,75.501,1.9366653746104567,0.07704304612649183
P0,none,0.0,405,1620.0,20,2.0961062827385986,0.1475414526577531,2.066541894021316,0.07899233288128461,75.501,1.9368310300792573,0.0781391821360557
P0,none,0.0,406,1624.0,20,2.095690344081316,0.1377504245637189,2.0677668066688697,0.08078990927484503,75.72999999999999,1.9371861030992885,0.0802575822848661
P0,none,0.0,407,1628.0,20,2.0913875077205,0.13891704776067068,2.0678681801440217,0.08202241756784692,76.16499999999999,1.9376535396887706,0.0810965489575894
P0,none,0.0,408,1632.0,20,2.088728952390832,0.14696488566701538,2.066063388804559,0.08204365028181271,75.834,1.936411604014078,0.08106703308130848
P0,none,0.0,409,1636.0,20,2.100955112667754,0.12902577539628918,2.0681201314154793,0.07956640584634388,75.84,1.938552930173886,0.07870225404374019
P0,none,0.0,410,1640.0,20,2.0719292275647088,0.20463951777901004,2.0679594627449482,0.08076241568201734,73.31,1.93854114924262,0.07950869935999742
P0,none,0.0,411,1644.0,20,2.131935013457913,0.11314963188133402,2.0706816477346,0.08121513665389626,76.297,1.9410199819301515,0.08033874673861269
P0,none,0.0,412,1648.0,20,2.090568063274943,0.14989309036526413,2.071770507334752,0.08006843409649678,74.897,1.942182457671017,0.07849350710705738
P0,none,0.0,413,1652.0,20,2.0090267905517294,0.19890741862951972,2.0692229490517384,0.07852470989516107,74.398,1.9403673877480654,0.07699041714750501
P0,none,0.0,414,1656.0,20,2.011017264377302,0.2869132572286646,2.0686665592099414,0.07754619982280311,72.53200000000001,1.9399040139435162,0.0764205410479064
P0,none,0.0,415,1660.0,20,2.050262434468056,0.13866981519613458,2.0692026350125707,0.07615059779567201,74.91499999999999,1.9402309847280388,0.07548599969145588
P0,none,0.0,416,1664.0,20,2.096325381465534,0.12654181556863867,2.0703457843560473,0.07443894824599744,75.65599999999999,1.9417981899432177,0.07319339785234354
P0,none,0.0,417,1668.0,20,2.053625121015255,0.16716333101828493,2.06924560199909,0.07411789207133558,74.07300000000001,1.9406677437476674,0.0734975325281332
P0,none,0.0,418,1672.0,20,2.007045378331933,0.22975885060683157,2.0668716341474953,0.07458023930660668,72.414,1.9385650640492027,0.07419628502627328
P0,none,0.0,419,1676.0,20,2.148497324092516,0.07737149309172282,2.0704306821950764,0.07348376196216651,75.65700000000001,1.9414256640885068,0.07280861988773595
P0,none,0.0,420,1680.0,20,2.0940105940684104,0.15091163336588426,2.071298391875333,0.07336254963700226,75.78,1.942525862128825,0.0720373786780895
P0,none,0.0,421,1684.0,20,2.0794837581307446,0.14868380756042515,2.072850890726088,0.07138945257250658,75.709,1.943963720524329,0.0705744761008273
P0,none,0.0,422,1688.0,20,2.049119955113875,0.2067045603634516,2.0715819119882117,0.07281718668099886,74.358,1.9425155902085944,0.07300984343767807
P0,none,0.0,423,1692.0,20,2.0948045422868273,0.20402117645418455,2.074439437677209,0.07581276512600893,74.303,1.9451134676823822,0.07633149463508247
P0,none,0.0,424,1696.0,20,2.1195996751247588,0.12002397200888877,2.075807440850963,0.07765481060234584,76.131,1.9461775908768295,0.07690526035447985
P0,none,0.0,425,1700.0,20,2.1115061028536557,0.1384295447203052,2.0753244328635723,0.07863372519161378,76.423,1.9459480231377575,0.07742688691492765
P0,none,0.0,426,1704.0,20,2.0627841060566534,0.1469288015890058,2.074382656850031,0.07951217366892642,76.009,1.9452939346565497,0.07836956046420883
P0,none,0.0,427,1708.0,20,2.0156438820835745,0.19419277862016188,2.0742685180730405,0.07750904591727466,73.666,1.9451929878092016,0.07649983319080571
P0,none,0.0,428,1712.0,20,2.0405586104948377,0.19745209826754015,2.075125112372047,0.07858898522201146,73.74600000000001,1.9454775179592176,0.07703213980638478
P0,none,0.0,429,1716.0,20,2.1335373714188095,0.08806778307788987,2.0777659518332414,0.07708258406811902,75.963,1.9470237893914413,0.07491226495255468
P0,none,0.0,430,1720.0,20,2.0370072810435937,0.22177675125299787,2.0754019917654416,0.07875200468281329,73.467,1.9444752457747534,0.07717169263745624
P0,none,0.0,431,1724.0,20,2.0680755890013294,0.16418072590540383,2.0742974015622417,0.08009936765596223,76.167,1.9437071273770374,0.07828811152485853
P0,none,0.0,432,1728.0,20,2.089315086232245,0.16982250137519717,2.0742145047027116,0.08216683902505556,74.272,1.9430085036680507,0.07934855841397034
P0,none,0.0,433,1732.0,20,2.1115842354670797,0.13389243054718333,2.0751287160257617,0.07987686570125957,76.62100000000001,1.9428962276656994,0.07704707285620055
P0,none,0.0,434,1736.0,20,2.098980813059001,0.10923219120461564,2.0750497440414115,0.07899977026056812,76.054,1.9431513994992489,0.0759264569395778
P0,none,0.0,435,1740.0,20,2.079975028621299,0.17463803461455132,2.0753715760836746,0.08202668898111895,75.145,1.9431741110034886,0.07850892166352968
P0,none,0.0,436,1744.0,20,2.1089526660000604,0.1029415367119078,2.0744522821853613,0.0819431460582973,76.255,1.942202825382464,0.07840933627972488
P0,none,0.0,437,1748.0,20,2.103587345781622,0.12530440111845825,2.074973053485628,0.08199294262374698,76.603,1.9430554125130466,0.07837218558607692
P0,none,0.0,438,1752.0,20,2.1453900055460613,0.08940950784346544,2.0804275820854015,0.083333222806623,76.535,1.9476502928976103,0.07958365982117518
P0,none,0.0,439,1756.0,20,2.092893732380589,0.12288272061090696,2.083702640805533,0.08312630692979425,75.082,1.9509184711211045,0.07862652427733799
P0,none,0.0,440,1760.0,20,2.100509674361822,0.13621189206769027,2.085712530401284,0.08276905726421718,75.958,1.9529112888079052,0.0780147354625428
P0,none,0.0,441,1764.0,20,2.1256917722001942,0.11494588057125632,2.08688718603067,0.08183385685254274,75.401,1.9540480241062004,0.07696071569740065
P0,none,0.0,442,1768.0,20,2.1190024411411286,0.13378001729887165,2.089502278835705,0.08254208318156298,76.443,1.956801916704303,0.07723472846389132
P0,none,0.0,443,1772.0,20,2.0454889589224274,0.2588824470069623,2.0910400220593246,0.08229570170170451,73.39,1.9581869956754652,0.07656692486001478
P0,none,0.0,444,1776.0,20,2.0921204403633302,0.1446364519223589,2.088784946710157,0.0835470672605509,76.22,1.956254527672392,0.07817201033043138
P0,none,0.0,445,1780.0,20,2.065314071916401,0.25167527564047015,2.0876370858240767,0.08085788119890551,74.072,1.9547422591298194,0.07632271475132113
P0,none,0.0,446,1784.0,20,2.092380156173557,0.1849700908740857,2.0881529417457894,0.08395543853865339,73.80799999999999,1.9553525796143874,0.07839036651608908
P0,none,0.0,447,1788.0,20,2.0931276544121333,0.12492740861234179,2.08991324971772,0.0815138896350902,76.029,1.95704858339594,0.0746452581061876
P0,none,0.0,448,1792.0,20,2.1219550921154746,0.11106806645672049,2.090999271710866,0.07594515336760288,75.81,1.958248676780705,0.06924885549139013
P0,none,0.0,449,1796.0,20,2.122220499194627,0.12143589679268207,2.0911041046736605,0.0748904926862581,75.66499999999999,1.9584682536648657,0.06937117889914227
P0,none,0.0,450,1800.0,20,2.128452714170144,0.0824775560285165,2.0917819691263198,0.07302300012279363,75.077,1.9596647420181976,0.06762280627246602
P0,none,0.0,451,1804.0,20,2.134397454955439,0.06645443763065845,2.094646503082271,0.07135851158645384,76.41,1.9624864927356598,0.06593890911651967
P0,none,0.0,452,1808.0,20,2.1330282449564275,0.08443772350978503,2.0993418775971855,0.06996786226747076,76.611,1.966827547540279,0.06499429197700644
P0,none,0.0,453,1812.0,20,2.0904033514667435,0.16878207822477148,2.1013356672360617,0.06831295398189381,74.169,1.9691508250218868,0.06362823678914584
P0,none,0.0,454,1816.0,20,2.151405144115263,0.05498325383323627,2.1020503781439195,0.06653749164617516,75.958,1.969935375557267,0.06235077535543847
P0,none,0.0,455,1820.0,20,2.096736479913227,0.13979570408211794,2.104439546098705,0.06588760526150499,75.8,1.9724441503408159,0.06088525591667339
P0,none,0.0,456,1824.0,20,2.079154924184338,0.16562420477425546,2.1048827195060253,0.06473611688334756,75.51899999999999,1.9729936351811417,0.05974591685191347
P0,none,0.0,457,1828.0,20,2.110437904559266,0.10283032769235795,2.1057276322391063,0.06505579366333368,76.474,1.9751496187885114,0.06033628741835293
P0,none,0.0,458,1832.0,20,2.1106581780610525,0.1293243159129828,2.1056905899428653,0.06541092540946815,76.683,1.9759499277597299,0.06054153656461779
P0,none,0.0,459,1836.0,20,2.169233464046033,0.06380850387816708,2.1085006959823462,0.06443179328181423,76.387,1.9778934016212495,0.06008242709974809
P0,none,0.0,460,1840.0,20,2.0934390506347014,0.1530535424162866,2.1090392568628826,0.06132634540243625,76.35799999999999,1.9788528109239274,0.057338205379769754
P0,none,0.0,461,1844.0,20,2.1243223678032903,0.08288771044022235,2.109654044935012,0.06021411375803684,76.362,1.9792915514016438,0.05660848292381675
P0,none,0.0,462,1848.0,20,2.0835112203829853,0.1331777552023232,2.108850999919066,0.060807731163387474,76.619,1.9782746419263089,0.05755248927495355
P0,none,0.0,463,1852.0,20,2.085316435837509,0.130296710822471,2.1064480571307245,0.05952684914593641,76.209,1.9763252428524,0.05735164855562012
P0,none,0.0,464,1856.0,20,2.0710203874541877,0.17803271844181057,2.1055731233336683,0.0593431087897267,76.107,1.9751183897589137,0.05747307457434466
P0,none,0.0,465,1860.0,20,2.1016025638342155,0.10189937067599704,2.105616838912564,0.05771195420289088,76.135,1.9753024571225999,0.056373776998586644
P0,none,0.0,466,1864.0,20,2.1384152559253393,0.08052989037570955,2.10612577826157,0.05663059409270075,76.569,1.9753555247695882,0.055848077707928795
P0,none,0.0,467,1868.0,20,2.0773248631217838,0.1933011491236891,2.104458675140796,0.05828785578104059,74.366,1.973374350257195,0.057410377301817105
P0,none,0.0,468,1872.0,20,2.1486782691387813,0.1089231898263982,2.10858624754945,0.0572738595090299,76.59,1.9766523623968375,0.05598156199598588
P0,none,0.0,469,1876.0,20,2.1317815293235585,0.09139804391973604,2.1101726911078593,0.05813349417951907,76.407,1.9788549984022201,0.057001558030095066
P0,none,0.0,470,1880.0,20,2.097237949662448,0.14077802409450452,2.111449646217701,0.05636320390824237,75.679,1.9805567853796255,0.05567514353367253
P0,none,0.0,471,1884.0,20,2.132595192891716,0.10500776437200635,2.1130582476864275,0.05444667135463514,76.478,1.9816740262689418,0.05472648837640652
P0,none,0.0,472,1888.0,20,2.0984330502303123,0.11806765098252194,2.1132704635191546,0.0528843373392596,76.155,1.9818646176836654,0.054083864398950805
P0,none,0.0,473,1892.0,20,2.0804827213814856,0.16862041180970713,2.1116115686897947,0.05560041364791338,74.886,1.9798396597399759,0.056198960827595325
P0,none,0.0,474,1896.0,20,2.1372097961605774,0.09208251342462494,2.1122111405684327,0.05611903730796934,76.195,1.980789671349602,0.056205161384718504
P0,none,0.0,475,1900.0,20,2.1378051609850575,0.06959210522360915,2.1125852384410293,0.055533712848329725,75.691,1.9806289528745527,0.05603650090287602
P0,none,0.0,476,1904.0,20,2.129643237278124,0.09271657286009576,2.1123950697339366,0.05613550503965921,76.498,1.9803837919274183,0.05633763402595468
P0,none,0.0,477,1908.0,20,2.1063955769314178,0.08902267533524207,2.111329763012937,0.05621386517269108,75.671,1.979846524523542,0.05692285515423262
P0,none,0.0,478,1912.0,20,2.119750788160648,0.07413208204423985,2.1125036604806926,0.05330373676083696,76.201,1.9816870541692597,0.05549745376491192
P0,none,0.0,479,1916.0,20,2.107692018949399,0.09496742636555122,2.1107551354740584,0.054537821732570574,75.58099999999999,1.9802128178330853,0.05646237922847728
P0,none,0.0,480,1920.0,20,2.0957848333583176,0.1080545679112769,2.110717069611862,0.05445313426116684,75.67,1.9803893924261398,0.056354659105294094
P0,none,0.0,481,1924.0,20,2.1272937289551535,0.11112607580451948,2.1126426218026944,0.05566901327648266,76.365,1.9823876812957102,0.057054508517712
P0,none,0.0,482,1928.0,20,2.123004527111557,0.0869184750733791,2.113145286704786,0.054621931697018976,75.89099999999999,1.982188018210218,0.05649849654192713
P0,none,0.0,483,1932.0,20,2.147334449759606,0.07810602508074717,2.114612337572728,0.05338128506893477,76.424,1.9834588455913518,0.05502084984017611
P0,none,0.0,484,1936.0,20,2.1510285468494366,0.08236166639913158,2.1138841408848643,0.052944682307440975,75.961,1.9828716732180252,0.0544390704730038
P0,none,0.0,485,1940.0,20,2.1329869528593566,0.07007445839337925,2.1154660569738506,0.05206799952113397,75.954,1.984004805033861,0.05338393848423395
P0,none,0.0,486,1944.0,20,2.1565025954960433,0.07337457098640161,2.1167532660815604,0.052062116467329216,76.099,1.9849043266092377,0.05323473994269612
P0,none,0.0,487,1948.0,20,2.133138159801788,0.09027733302361583,2.1187383436583125,0.05279133704800716,75.877,1.986967572835757,0.05382572310648929
P0,none,0.0,488,1952.0,20,2.137199231849825,0.06054207610943914,2.1208136554988055,0.05143766679515258,76.267,1.989106412870766,0.05278863035618286
P0,none,0.0,489,1956.0,20,2.1107065842129837,0.16805124889982384,2.122401103369157,0.04985382398170195,74.47999999999999,1.9906961887287022,0.05163549854481896
P0,none,0.0,490,1960.0,20,2.0995573804092675,0.18693835139759274,2.1223192960321593,0.05066979664019278,74.56,1.9909669421780465,0.053129699803765654
P0,none,0.0,491,1964.0,20,2.143767251312842,0.07275263517802137,2.1225333758476594,0.05083478427850583,76.12899999999999,1.9916245812278972,0.05357433980714597
P0,none,0.0,492,1968.0,20,2.1423959340834027,0.06435459932507373,2.1251362186861242,0.04681696094711749,76.241,1.9944283035283383,0.0496510927779503
P0,none,0.0,493,1972.0,20,2.125340771410832,0.11330884483276787,2.1242027187770063,0.04523547415547994,75.928,1.9938320514205654,0.047458797226982964
P0,none,0.0,494,1976.0,20,2.152668219683249,0.07203477335367427,2.125038186391394,0.04363859852230655,76.39,1.9942465671466967,0.046210440433272486
P0,none,0.0,495,1980.0,20,2.118269096526325,0.1347576835863517,2.125879432265949,0.0437794308574631,76.217,1.99522118084329,0.04523421981165853
P0,none,0.0,496,1984.0,20,2.140352776918275,0.06229116988810283,2.126189735627011,0.042920086568167495,75.45,1.996398116382314,0.04424178077282574
P0,none,0.0,497,1988.0,20,2.1194352012209228,0.0990288027037313,2.127029821666636,0.042811194699613996,75.122,1.9970388749516848,0.04373714905945837
P0,none,0.0,498,1992.0,20,2.129844371496565,0.10613801199284631,2.129004287671239,0.044007471183461204,76.326,1.9990025804803437,0.04430841096678002
P0,none,0.0,499,1996.0,20,2.113591693165471,0.1435878239712666,2.1280595635514343,0.0442379282939165,76.06,1.9982229365467787,0.045372824174270555
P0,none,0.0,500,2000.0,20,2.118628159249098,0.08743405761607329,2.1272924834819964,0.045119925020418145,75.66799999999999,1.9979147286966885,0.046108999355814986
P0,none,0.0,501,2004.0,20,2.141657357667393,0.05346455554200089,2.127773048297567,0.04426094595069533,76.322,1.9983527172059996,0.04575237413210084
P0,none,0.0,502,2008.0,20,2.1560298364369697,0.04600521557680637,2.129758418677789,0.04349061111527562,76.299,2.0001550560290564,0.04538786774747095
P0,none,0.0,503,2012.0,20,2.0786585839756704,0.19814025587761916,2.12811473051039,0.04505161459444486,74.441,1.9976686880892829,0.046511452997989776
P0,none,0.0,504,2016.0,20,2.139344901325756,0.09094455177989828,2.129380845805444,0.04392257598502836,76.536,1.9987464433222577,0.04509667775168274
P0,none,0.0,505,2020.0,20,2.1481130553164887,0.05346700416912199,2.131473974683771,0.043827324663457644,76.417,2.0006799239853748,0.0449573289086196
P0,none,0.0,506,2024.0,20,2.135645837804994,0.07402318171066205,2.131808059037765,0.04222538502617796,76.381,2.0012234237558197,0.043731519609210526
P0,none,0.0,507,2028.0,20,2.1253191012577055,0.10175139362528501,2.1319006420036106,0.0419757497083003,76.337,2.0016654635245628,0.043416361313801236
P0,none,0.0,508,2032.0,20,2.1040742938922383,0.14837394419110214,2.130170235768916,0.04198591525946837,74.191,2.0004754090746584,0.043764661635634305
P0,none,0.0,509,2036.0,20,2.1139549544086913,0.09099947021292473,2.1286872920712865,0.04261875499463288,76.001,1.9999924653770287,0.04398482948209606
P0,none,0.0,510,2040.0,20,2.136707464118621,0.07379053511932619,2.1288361125216566,0.04232620984475029,76.51899999999999,2.000441285827399,0.043854263017608704
P0,none,0.0,511,2044.0,20,2.1464021433288645,0.07144055253461859,2.1284320944349693,0.04177202372568976,75.922,2.0005870349419537,0.04355005389489556
P0,none,0.0,512,2048.0,20,2.1025245426150496,0.1355110269140248,2.1272075497475003,0.04194775393289728,75.8,1.9993812176212713,0.04338098080998591
P1,accuracy,0.5,1,4.0,20,1.840180682446785,0.2823061568160947,1.840180682446785,0.2823061568160947,71.622,1.703283372565771,0.27677366038448853
P1,accuracy,0.5,2,8.0,20,1.6816798596178315,0.30689247775222367,1.7609302710323083,0.21502631033227082,66.53,1.624077580913322,0.2197189404705335
P1,accuracy,0.5,3,12.0,20,1.7235498541787966,0.25408119276756447,1.7484701320811376,0.1734649049343266,70.102,1.6078415754334396,0.177371529607176
P1,accuracy,0.5,4,16.0,20,1.8177248786028433,0.34534828551093943,1.765783818711564,0.1416732441226731,70.196,1.623911728696044,0.14269949807315155
P1,accuracy,0.5,5,20.0,20,1.8061641656229788,0.2391235278765902,1.7738598880938472,0.13078628042928356,71.55,1.6353003950778096,0.1324053265037758
P1,accuracy,0.5,6,24.0,20,1.7441882075772839,0.2898464252767399,1.7689146080077531,0.1119213659541128,71.148,1.6329737130258597,0.11419541407095798
P1,accuracy,0.5,7,28.0,20,1.6220928405528603,0.3543874198887724,1.7479400697999115,0.10468438379143355,61.428999999999995,1.6087873833761435,0.11010754186780211
P1,accuracy,0.5,8,32.0,20,1.6455394680651392,0.27870338376906617,1.735139994583065,0.1117640765627772,64.624,1.5954804627672345,0.11525741721749828
P1,accuracy,0.5,9,36.0,20,1.819549368842545,0.3125687084630253,1.7445188139452292,0.10392924765270062,69.94399999999999,1.604129953796928,0.10823611744713099
P1,accuracy,0.5,10,40.0,20,1.6483292077131395,0.3687683819477992,1.7348998533220203,0.10176366040980897,65.203,1.5935816950188646,0.10766918723172485
P1,accuracy,0.5,11,44.0,20,1.9074570833497912,0.20996025723519768,1.7505868742336361,0.09961802057166115,75.622,1.6093659740784367,0.10546930915872718
P1,accuracy,0.5,12,48.0,20,1.8191305724953435,0.24389284331777106,1.7562988490887783,0.09529100473592624,72.67999999999999,1.61610851454834,0.100963369430502
P1,accuracy,0.5,13,52.0,20,1.753673134882871,0.2685155729212135,1.756096871072939,0.09531221453553516,71.63,1.61585263134991,0.10007103874694277
P1,accuracy,0.5,14,56.0,20,1.7848652125397155,0.23343249085318274,1.7581517526062804,0.08726427370973755,71.264,1.6184595642979513,0.08990432141679162
P1,accuracy,0.5,15,60.0,20,1.8142998549616292,0.21098379893429214,1.7618949594299704,0.08262018273058568,72.146,1.6227390704836,0.08374651854900175
P1,accuracy,0.5,16,64.0,20,1.702388481265615,0.31654523023010256,1.7581758045446982,0.07811871402847978,65.83500000000001,1.6180836550361621,0.07855583866757666
P1,accuracy,0.5,17,68.0,20,1.7955842261081394,0.2093665231269055,1.7603762999307828,0.078894920370336,73.027,1.6206920237371185,0.0779390198381664
P1,accuracy,0.5,18,72.0,20,1.7431022334470974,0.3379580256420272,1.7594166295705782,0.07564892534503909,70.659,1.6195929530746305,0.07421115583316092
P1,accuracy,0.5,19,76.0,20,1.6763160203553062,0.28600042025688527,1.75504291329609,0.07274271425343964,66.898,1.6150554381415716,0.07179265471283594
P1,accuracy,0.5,20,80.0,20,1.7391906460177229,0.31767991014747526,1.7542502999321716,0.07250961774771947,69.137,1.6141408845157208,0.07218839616913196
P1,accuracy,0.5,21,84.0,20,1.7049812002390468,0.23929173916874763,1.7519041523277372,0.06528576373702456,69.251,1.6116419149961776,0.06568773613753714
P1,accuracy,0.5,22,88.0,20,1.7311829773851415,0.2446049326402092,1.7509622807394376,0.06725563169755375,69.388,1.6110526960147982,0.06814429026564298
P1,accuracy,0.5,23,92.0,20,1.6148562731159317,0.30040763804940335,1.7450446282340675,0.06377159859396718,63.012,1.6048433191627887,0.06347732213109011
P1,accuracy,0.5,24,96.0,20,1.8033505600595536,0.19579663356956076,1.7474740420601296,0.06372982962359014,73.576,1.6078231324205365,0.06341131516432517
P1,accuracy,0.5,25,100.0,20,1.7869665725241064,0.2117488038522796,1.7490537432786888,0.06028784249858928,71.336,1.6092083216542705,0.05989498639144524
P1,accuracy,0.5,26,104.0,20,1.6267555944931096,0.2927018673303768,1.7405167397605417,0.054734555470066934,64.28200000000001,1.6011259999778205,0.054885639545551985
P1,accuracy,0.5,27,108.0,20,1.753196526198036,0.3102675719892918,1.7433774064237497,0.04768258519161634,69.477,1.6039464183223529,0.04726151712439996
P1,accuracy,0.5,28,112.0,20,1.8461110703865622,0.3055229085850709,1.7482798550720602,0.04925223036353749,70.148,1.6092224831113775,0.049333858914159597
P1,accuracy,0.5,29,116.0,20,1.6638928007879632,0.31528634176112014,1.742126571959465,0.04878642355258752,68.373,1.6031621125699154,0.04922093878179089
P1,accuracy,0.5,30,120.0,20,1.8202478672031568,0.2538634845889081,1.7426899200226722,0.045110285844779226,73.19800000000001,1.6031889888276385,0.04487203631655187
P1,accuracy,0.5,31,124.0,20,1.7659355118636313,0.17682691576859397,1.743559812194126,0.046178433862359224,72.726,1.6038719694626207,0.04517994229901562
P1,accuracy,0.5,32,128.0,20,1.8101769015567402,0.2989549665870803,1.7510831746342812,0.04388574936086525,71.96900000000001,1.6127376495437484,0.04351642149611934
P1,accuracy,0.5,33,132.0,20,1.8461165880385486,0.2866745928453142,1.7591062594332179,0.04426203749766409,71.008,1.6206509567948317,0.0437828664064773
P1,accuracy,0.5,34,136.0,20,1.7593423949674853,0.2829641314372189,1.7566979804782155,0.04832092320683091,68.273,1.6184556628372426,0.04739538366361335
P1,accuracy,0.5,35,140.0,20,1.7097856949049415,0.17629049973741912,1.7591562399658875,0.051347134586958616,70.459,1.6216143361893742,0.050540009555987045
P1,accuracy,0.5,36,144.0,20,1.8101317539668353,0.2692679772819378,1.7552632267905692,0.051096270716994,70.64,1.617218012098381,0.051014998672184134
P1,accuracy,0.5,37,148.0,20,1.8235075340087235,0.2717568572958032,1.7554383052511047,0.0516746922700388,72.336,1.6171046270307214,0.052017023854356005
P1,accuracy,0.5,38,152.0,20,1.8301119250312392,0.21598207396460045,1.7584958568570392,0.045603875571674765,73.124,1.6208088418544526,0.04690360010148817
P1,accuracy,0.5,39,156.0,20,1.6824076577627243,0.28254108274690826,1.7543975546659596,0.05172642938958865,70.149,1.6165699809463525,0.05299474566079179
P1,accuracy,0.5,40,160.0,20,1.8078068442339568,0.20266806611545082,1.7541378342368528,0.056481603019647816,73.30499999999999,1.6168220039212808,0.05892146931811861
P1,accuracy,0.5,41,164.0,20,1.7041151310616858,0.2828551398280532,1.7542069002286955,0.05482932937286309,64.834,1.617382533958649,0.05635949373727921
P1,accuracy,0.5,42,168.0,20,1.7787868156543205,0.31201707349699825,1.7535350038105428,0.05801358971049563,69.872,1.6160670783061455,0.05806064373867882
P1,accuracy,0.5,43,172.0,20,1.7254453861866328,0.28444994193557965,1.7528287299201242,0.05441893749328186,68.732,1.6155601318859802,0.05514812763521221
P1,accuracy,0.5,44,176.0,20,1.8144002639812054,0.17596813129580566,1.75835209966516,0.0570902994514652,72.21000000000001,1.621514851863815,0.057358516899619856
P1,accuracy,0.5,45,180.0,20,1.697032394183451,0.28977832793135117,1.7566657695917889,0.05561613318890819,69.668,1.6201146573310545,0.055381413495379346
P1,accuracy,0.5,46,184.0,20,1.7328633668505247,0.22531383483034037,1.7577810562562484,0.053210693424536784,71.42699999999999,1.6211509993498852,0.052895566818406695
P1,accuracy,0.5,47,188.0,20,1.842545920299204,0.26786834016993,1.7622355739728106,0.06147470655324466,70.888,1.625206396528424,0.06093460157144324
P1,accuracy,0.5,48,192.0,20,1.8300600403396203,0.31546965287176276,1.770843724661758,0.05634044902512173,70.317,1.6339667458723117,0.05470891697091574
P1,accuracy,0.5,49,196.0,20,1.8326734790838983,0.20884854654212218,1.772016641422732,0.05128767331034492,71.474,1.634948871117507,0.04969486597904537
P1,accuracy,0.5,50,200.0,20,1.7673270664703824,0.24173188898168568,1.7712310611805833,0.050715035717852415,71.104,1.6346259396078981,0.049664852932311765
P1,accuracy,0.5,51,204.0,20,1.7303720005188796,0.26065456131809833,1.775375717421614,0.05680508263507441,67.385,1.6381233635675012,0.05548744645964408
P1,accuracy,0.5,52,208.0,20,1.6916971250183241,0.285370236116277,1.7729157413744254,0.05368533708431548,67.22999999999999,1.636011395797602,0.05289765036783945
P1,accuracy,0.5,53,212.0,20,1.7450894096357743,0.2480074346160542,1.7688748749443939,0.05041162254464157,68.571,1.6323534574586205,0.050161441979715005
P1,accuracy,0.5,54,216.0,20,1.7498669911055917,0.2326486415415509,1.772313842557099,0.0584271749488616,69.702,1.636435208309815,0.05903547343066842
P1,accuracy,0.5,55,220.0,20,1.8132368229875766,0.2241873721733439,1.772033400788476,0.05462689065931143,73.238,1.636685806375646,0.05568307466388466
P1,accuracy,0.5,56,224.0,20,1.6965443551395343,0.3408876457961299,1.769257754519512,0.04765523212879178,64.525,1.6336921052696414,0.04835633443952563
P1,accuracy,0.5,57,228.0,20,1.7455859481398068,0.26725147679816175,1.7666741163828348,0.04653870943289964,71.806,1.6302479394557783,0.048469395277207304
P1,accuracy,0.5,58,232.0,20,1.7433133215003078,0.25491040005297644,1.7625619857213048,0.044852214406497726,70.601,1.62696529663698,0.04622037849864672
P1,accuracy,0.5,59,236.0,20,1.8246472010071777,0.21609877230354121,1.7651741779628929,0.046579174109747504,71.659,1.6300809032603578,0.0479206536900274
P1,accuracy,0.5,60,240.0,20,1.8641954865694885,0.18097987918222008,1.7713505696294747,0.051080627581384326,72.414,1.6360805748027805,0.05305971266164481
P1,accuracy,0.5,61,244.0,20,1.7189325092678716,0.20649548407475493,1.7677025998415161,0.05490141364176515,70.535,1.6331394855114592,0.056224140319247086
P1,accuracy,0.5,62,248.0,20,1.8280061782376087,0.20463769433510443,1.7678825456106715,0.054191757282245984,72.771,1.6336651115703198,0.056029652786990174
P1,accuracy,0.5,63,252.0,20,1.8473180772641133,0.18802253122119283,1.7685707916999864,0.05477769832103367,72.917,1.6336664461231627,0.05758668626965838
P1,accuracy,0.5,64,256.0,20,1.8231962031001085,0.27468912266180334,1.7742023335134818,0.05292160280326138,70.763,1.6391592916097053,0.05542921814393961
P1,accuracy,0.5,65,260.0,20,1.7778875144438477,0.2358312236923085,1.7730055603218777,0.048834450003737304,71.357,1.6376476710306203,0.05074533236089568
P1,accuracy,0.5,66,264.0,20,1.7989273970531254,0.2921901778254051,1.7767980509615349,0.046541935921756115,71.49,1.6418698564452392,0.04852983950389442
P1,accuracy,0.5,67,268.0,20,1.7240167765189607,0.29289004660299867,1.7746072493961207,0.0454072247718806,69.52799999999999,1.6414613104411284,0.04715524974103233
P1,accuracy,0.5,68,272.0,20,1.7635145073373024,0.2446557379117249,1.7761300142421477,0.04126658545502863,70.212,1.643017236176964,0.042860792065676535
P1,accuracy,0.5,69,276.0,20,1.8695180625612131,0.28807275977035707,1.778334726185348,0.041096008275090405,70.19,1.6443715083891761,0.043626051113955885
P1,accuracy,0.5,70,280.0,20,1.771230233015014,0.31540612960067127,1.7813026397386102,0.03949084460476738,70.033,1.6482579423769963,0.04089584265180678
P1,accuracy,0.5,71,284.0,20,1.7997016415724887,0.21476439173766937,1.7839761707274888,0.039297097046448376,70.628,1.6511856896100547,0.041280451554754995
P1,accuracy,0.5,72,288.0,20,1.7290024336299408,0.3064607144121521,1.7794344312607184,0.04183979094104219,68.81,1.6470368627144172,0.044378055523695406
P1,accuracy,0.5,73,292.0,20,1.8500261009612373,0.19346452158543842,1.780233073685583,0.044247506407820984,75.025,1.6479598714093284,0.04602440220945147
P1,accuracy,0.5,74,296.0,20,1.75687754963106,0.2734855982191147,1.7772012365074694,0.04800081689559172,69.21700000000001,1.644444123212074,0.049780327691572444
P1,accuracy,0.5,75,300.0,20,1.872300766137177,0.2338099616056348,1.7814001844941412,0.0498125564198583,71.204,1.6490741110331997,0.051109711566547894
P1,accuracy,0.5,76,304.0,20,1.831060059145966,0.18036347907659459,1.7854277068392246,0.05351551432810261,72.99600000000001,1.653370127946312,0.05474915493056259
P1,accuracy,0.5,77,308.0,20,1.8208238617585668,0.26465510729171726,1.7905927763088343,0.05490599953905191,71.551,1.6587678927082137,0.05569692556641025
P1,accuracy,0.5,78,312.0,20,1.7753667896321599,0.18383051655567645,1.7918038715086897,0.05383547531915227,71.685,1.659983850815467,0.05516167189666863
P1,accuracy,0.5,79,316.0,20,1.7697214165276798,0.24065253471701242,1.7925980485255733,0.052784539502319795,68.845,1.6605260361096394,0.05366445414732196
P1,accuracy,0.5,80,320.0,20,1.8773600718325294,0.2568421550654098,1.7951629784793712,0.04978502850877812,72.607,1.6623358703572813,0.04958279757857496
P1,accuracy,0.5,81,324.0,20,1.750491540542803,0.2965811591981371,1.7973208658955024,0.04834751394911167,68.588,1.6644271255954504,0.04712673821041984
P1,accuracy,0.5,82,328.0,20,1.733924777801698,0.3281471341760731,1.7968544190819777,0.05317261632916372,67.55199999999999,1.664430414943333,0.05325627386713249
P1,accuracy,0.5,83,332.0,20,1.744384402380033,0.24951737034462296,1.796897262317167,0.057786668030438276,70.354,1.663713506497198,0.058344523171787836
P1,accuracy,0.5,84,336.0,20,1.8045380883817397,0.2863118854798832,1.7960928978121493,0.062255332412636026,69.382,1.662949390310856,0.062242755863702794
P1,accuracy,0.5,85,340.0,20,1.783807155701227,0.29784401791048465,1.792877364577419,0.06565481301732273,70.38199999999999,1.6600663454361875,0.06473568600285196
P1,accuracy,0.5,86,344.0,20,1.8478118237844303,0.2210055416929401,1.7980325371580812,0.06532156741412162,71.49,1.664722397478826,0.06390126246205861
P1,accuracy,0.5,87,348.0,20,1.818525475240881,0.2217086679131545,1.7976533090382119,0.06184454028380501,68.816,1.664463810848869,0.06108735800793309
P1,accuracy,0.5,88,352.0,20,1.7386160878101151,0.271843240881153,1.7933052294600522,0.06054926406123833,68.549,1.6603883644833322,0.059512560290724596
P1,accuracy,0.5,89,356.0,20,1.7888919501375693,0.25171561191571035,1.7919330593415506,0.061107727417443,67.333,1.659698915523651,0.0614692968951247
P1,accuracy,0.5,90,360.0,20,1.7167070863726273,0.2682656090936689,1.7894858422187017,0.06084459530647849,68.139,1.6569019311995603,0.060861170534491145
P1,accuracy,0.5,91,364.0,20,1.8123656287596837,0.26303315923376563,1.7900233714869642,0.06065451236466564,71.02799999999999,1.6577262685381797,0.06145192666176679
P1,accuracy,0.5,92,368.0,20,1.7392942389297708,0.3031551311860964,1.7906344699833965,0.06090829087585876,66.828,1.6571287276140225,0.06094967240819195
P1,accuracy,0.5,93,372.0,20,1.8017631639763394,0.27209258635997213,1.792164416248958,0.0604482782940078,71.235,1.6588588808118137,0.060128982198311524
P1,accuracy,0.5,94,376.0,20,1.8542930885078612,0.27180116865043386,1.7915554172868238,0.06538131725609338,71.589,1.6595499853157942,0.06607136736786491
P1,accuracy,0.5,95,380.0,20,1.724418334389106,0.22826903015263583,1.7896829413417876,0.05729365566472878,67.92699999999999,1.656237933581829,0.05825984979008915
P1,accuracy,0.5,96,384.0,20,1.706776600406838,0.35036554029531886,1.7859659396951617,0.05821260895097826,65.194,1.6528432288829524,0.058124828461224194
P1,accuracy,0.5,97,388.0,20,1.7807284878722556,0.21151385488964056,1.7880349818648544,0.056609087377950985,70.924,1.6550395343739073,0.05590289338312365
P1,accuracy,0.5,98,392.0,20,1.825371536652942,0.23217025998863183,1.7870487992925224,0.05221533521036927,72.226,1.6543454883768471,0.051418014514460215
P1,accuracy,0.5,99,396.0,20,1.8742443561700692,0.2311214425094469,1.7917434715540828,0.047606700200470656,70.914,1.6591619919886404,0.04638338544371336
P1,accuracy,0.5,100,400.0,20,1.777814389581236,0.3041538378985258,1.7879640164918449,0.04922169530324817,66.241,1.6552327697251612,0.048438902659035284
P1,accuracy,0.5,101,404.0,20,1.7901675159266563,0.2736518319726579,1.7863283147630729,0.04405579678354854,68.87100000000001,1.653469028679265,0.04403843399105195
P1,accuracy,0.5,102,408.0,20,1.8104263074100804,0.19912182866106481,1.785912412589133,0.047592553989324736,72.73299999999999,1.6528865977934788,0.046913821975810746
P1,accuracy,0.5,103,412.0,20,1.8089609583767214,0.29990483004976226,1.7872561793389157,0.04566943379326332,69.514,1.653754989478595,0.04565274964099778
P1,accuracy,0.5,104,416.0,20,1.8614400528458481,0.2060854697819398,1.7909249247916423,0.044881348766859216,72.50800000000001,1.6575355818014716,0.04589718131032737
P1,accuracy,0.5,105,420.0,20,1.8212591965734806,0.27288140456694737,1.7886808897812805,0.0500505202727194,70.7,1.6557404345303752,0.0506518115013437
P1,accuracy,0.5,106,424.0,20,1.8433869916584817,0.22253967929103305,1.7923967078259075,0.053351765881336444,72.666,1.6594137797348574,0.05521310511768612
P1,accuracy,0.5,107,428.0,20,1.6868307751929321,0.2787852803071509,1.7905129477215571,0.0520405900543398,63.862,1.6570127407893274,0.054421748615488874
P1,accuracy,0.5,108,432.0,20,1.7123738097203884,0.272908154657468,1.7892325240151714,0.050500017550745395,67.285,1.6566623739893047,0.052162314685407524
P1,accuracy,0.5,109,436.0,20,1.770327367595581,0.23316751176938663,1.7878640951837248,0.04948123973312964,68.645,1.6554070336213864,0.05079471622907781
P1,accuracy,0.5,110,440.0,20,1.8372953800311307,0.16560058988615425,1.790003624156921,0.04800492939827279,72.664,1.657361513448178,0.04882994391517176
P1,accuracy,0.5,111,444.0,20,1.871337745724011,0.1670647099931334,1.7909446610345043,0.05010292414216176,73.96000000000001,1.6592616294773392,0.05104458060578574
P1,accuracy,0.5,112,448.0,20,1.8199246339073647,0.2557833626439278,1.7910006273811636,0.051987894659090275,72.992,1.6592365301230156,0.05288277171967459
P1,accuracy,0.5,113,452.0,20,1.8508279320546877,0.1952687205472068,1.7954891011509464,0.049371848774825665,72.125,1.664505138398748,0.049732327637864705
P1,accuracy,0.5,114,456.0,20,1.8335962609025398,0.24826769773677895,1.7972772735815454,0.04689718230188937,70.49,1.6654336626141373,0.04768618853476569
P1,accuracy,0.5,115,460.0,20,1.8197355229227707,0.26174670588718246,1.8013984110435513,0.050103744205422705,70.532,1.6697580075257032,0.04983298060458118
P1,accuracy,0.5,116,464.0,20,1.853143980238111,0.238874112140275,1.803029545102688,0.050493773598292054,73.59700000000001,1.6712513247198637,0.049854232019740326
P1,accuracy,0.5,117,468.0,20,1.8068144491666562,0.20273933461269747,1.8057303535121636,0.04920386919798414,72.7,1.6746097637553088,0.049775017594122006
P1,accuracy,0.5,118,472.0,20,1.925401501686459,0.18900507928802973,1.8106758870205684,0.04521119943891804,74.231,1.6793453127836309,0.04552697892155693
P1,accuracy,0.5,119,476.0,20,1.863117648449719,0.2114666229852889,1.8110288694182426,0.041898731354734084,72.958,1.679778998750886,0.04351178576893719
P1,accuracy,0.5,120,480.0,20,1.8168564762084423,0.2792719008577568,1.8147263950910162,0.048708692027720095,69.716,1.6838261881587866,0.050043616427930725
P1,accuracy,0.5,121,484.0,20,1.8681790154320665,0.20073352264852234,1.8211824916920254,0.042049167448126194,72.64,1.6899555387691076,0.04354432628585302
P1,accuracy,0.5,122,488.0,20,1.8508830717280005,0.24149035504368185,1.8239886750462548,0.049739166509249366,70.67,1.6931236983261306,0.050595842824851626
P1,accuracy,0.5,123,492.0,20,1.7534301925153557,0.2389526382634597,1.8211110212807515,0.0468783579893445,67.81,1.690259029558041,0.04751151063932635
P1,accuracy,0.5,124,496.0,20,1.8848015882700935,0.17377231552526684,1.8215333105647527,0.049069178464870744,72.385,1.6908355350862219,0.047991589237089946
P1,accuracy,0.5,125,500.0,20,1.7102260924108346,0.2861826754209057,1.8188297786779366,0.04642164583824725,66.345,1.6880234672449308,0.046257220299929666
P1,accuracy,0.5,126,504.0,20,1.6959694370124858,0.24237458472899653,1.8150618555213698,0.04458516013245636,65.71000000000001,1.6847538886305267,0.04419845533190821
P1,accuracy,0.5,127,508.0,20,1.8609285156843491,0.24115029686846298,1.8170819438523407,0.044456860941433744,69.284,1.68617211457143,0.044073063370677575
P1,accuracy,0.5,128,512.0,20,1.830104286879059,0.2119235057181861,1.817927676992434,0.0420725564587659,71.563,1.6872295911155586,0.04218996006625666
P1,accuracy,0.5,129,516.0,20,1.9055840057716105,0.17257776259871527,1.8196934351094645,0.04346386314642534,74.796,1.6895558769097747,0.04290873290766334
P1,accuracy,0.5,130,520.0,20,1.8711869637312173,0.22372715212237979,1.821690545795774,0.03732107102217769,71.752,1.6913838204983087,0.03738005883355239
P1,accuracy,0.5,131,524.0,20,1.821777260748764,0.24331981638796701,1.820826156559385,0.03917959082176075,70.774,1.690714878752867,0.038657898422726315
P1,accuracy,0.5,132,528.0,20,1.9161221852340167,0.19570847528252172,1.8299978129610284,0.0413085535641981,73.281,1.7010271973376452,0.04129445758378663
P1,accuracy,0.5,133,532.0,20,1.8639236310268874,0.2405895786713643,1.8360598058132886,0.03896189334804027,70.515,1.706614228989698,0.039237286236707775
P1,accuracy,0.5,134,536.0,20,1.8169018931328593,0.20869044122758257,1.8379227868347798,0.038144835377213464,71.217,1.708194281920139,0.03673884767096115
P1,accuracy,0.5,135,540.0,20,1.8737564161569942,0.1594000288210169,1.839381228279814,0.04102744010210054,73.045,1.7102448599404454,0.039255372989145346
P1,accuracy,0.5,136,544.0,20,1.7646136182433125,0.2914231823273367,1.835112263180586,0.044921191480545394,69.39099999999999,1.7056361121200585,0.0433488247078369
P1,accuracy,0.5,137,548.0,20,1.8216510654032727,0.27526730649650594,1.8351813204404226,0.04019534268301435,66.83500000000001,1.7053018584642197,0.038333946231576196
P1,accuracy,0.5,138,552.0,20,1.838656967910175,0.29799916462134113,1.8346944818746422,0.04714388880154454,68.72999999999999,1.7034774616987498,0.04586452098153748
P1,accuracy,0.5,139,556.0,20,1.8929592690988415,0.21918799355057594,1.8370690022024943,0.046573339467748096,73.53099999999999,1.706266156884336,0.04557220170537916
P1,accuracy,0.5,140,560.0,20,1.867752899064882,0.21209702511768577,1.8389896972481785,0.04451655506895616,71.65799999999999,1.7082915079051884,0.043282698983609945
P1,accuracy,0.5,141,564.0,20,1.7543313712891628,0.2971235571981993,1.8350371928902205,0.05253335678876397,68.22,1.7040085327764078,0.052469593674842746
P1,accuracy,0.5,142,568.0,20,1.798201201320057,0.2127161692837125,1.8346926629763565,0.05456172444478029,72.163,1.7031150116571638,0.054249842619197075
P1,accuracy,0.5,143,572.0,20,1.6981147746524736,0.26526141381250073,1.8256011938949972,0.052797536113828245,65.457,1.6942402006202948,0.05311217567970298
P1,accuracy,0.5,144,576.0,20,1.8025505668202904,0.2887441840925252,1.8231785106298202,0.052218927277879496,68.735,1.6911056704849678,0.05331124306873074
P1,accuracy,0.5,145,580.0,20,1.81423014324964,0.2787759154024306,1.8230734573114682,0.05449032836596493,71.437,1.691302272624453,0.05576105242853245
P1,accuracy,0.5,146,584.0,20,1.8143174224036855,0.29938361085503745,1.820918993590333,0.055991190962536574,68.433,1.6891832977807106,0.057238694627232634
P1,accuracy,0.5,147,588.0,20,1.8736220917531081,0.24160762591075205,1.821828554391337,0.06207455395495483,71.87899999999999,1.6903822015718855,0.06399079661555354
P1,accuracy,0.5,148,592.0,20,1.8366933141169102,0.1974774131708531,1.8251590792553993,0.0634349261556764,72.16799999999999,1.694101293430257,0.06532536410748672
P1,accuracy,0.5,149,596.0,20,1.8408022952681815,0.2503841611852389,1.8233991075353226,0.06710614137812791,70.276,1.692207177892281,0.06893510250300969
P1,accuracy,0.5,150,600.0,20,1.8717339681719385,0.21048516071557008,1.829859422565767,0.06667082170086319,72.011,1.6990243475528337,0.06895752771034176
P1,accuracy,0.5,151,604.0,20,1.8417403673953765,0.2302974848836994,1.8356902597810827,0.06407783072028697,70.672,1.704945976283928,0.06574831027087247
P1,accuracy,0.5,152,608.0,20,1.740854907293178,0.2086800597275353,1.8308873154454357,0.06030933482035132,69.728,1.7005780552281569,0.06298260190049505
P1,accuracy,0.5,153,612.0,20,1.8140302310263852,0.2092856307805927,1.8302443532113286,0.05744116658890369,68.488,1.700149733449301,0.06041567712532679
P1,accuracy,0.5,154,616.0,20,1.87701043988208,0.23892093142652032,1.8291014105757477,0.05727516581282253,72.703,1.6985656630330677,0.05992722796774676
P1,accuracy,0.5,155,620.0,20,1.8489458482949523,0.27469623314536845,1.8282117659582968,0.05516581514358406,69.481,1.6975218021714373,0.0576234678821844
P1,accuracy,0.5,156,624.0,20,1.7604032114081236,0.32585307986514717,1.8257568039846714,0.05518533297087666,64.693,1.6946789457332485,0.057860536800255186
P1,accuracy,0.5,157,628.0,20,1.932827992493045,0.1901703882734328,1.8264250362750325,0.05597339805878131,71.74600000000001,1.6949208976304386,0.05903513260984641
P1,accuracy,0.5,158,632.0,20,1.787856691991522,0.16255268696429995,1.823382358713618,0.057609254492105175,72.148,1.6922465077048234,0.06143059573734712
P1,accuracy,0.5,159,636.0,20,1.8902517848802816,0.2824699781118002,1.8263163543835148,0.059603334225074765,71.029,1.6946247351388173,0.06425387327439702
P1,accuracy,0.5,160,640.0,20,1.670626995939659,0.22529974901914324,1.8181911775748212,0.05642342667784901,63.830999999999996,1.6850123363953078,0.06045698054267642
P1,accuracy,0.5,161,644.0,20,1.738938937960204,0.2613440067290005,1.817164190363497,0.05317874773251738,68.04299999999999,1.6845800206790689,0.05585948373006875
P1,accuracy,0.5,162,648.0,20,1.9487526785814677,0.19299863504724915,1.822248254890625,0.052997782318017335,73.96000000000001,1.6894482031575673,0.05563460524256627
P1,accuracy,0.5,163,652.0,20,1.7507741907976773,0.3375655800328563,1.8187329438061248,0.05129173458849444,66.16900000000001,1.6862846768635484,0.05283952762483519
P1,accuracy,0.5,164,656.0,20,1.8965662758658943,0.17619413556330354,1.818877224076807,0.05332305671762086,72.652,1.6866025732749446,0.05388733342595189
P1,accuracy,0.5,165,660.0,20,1.9085909461778177,0.20456260541072366,1.8205107459613246,0.05359552064597297,73.089,1.6875717909690846,0.05424815684259434
P1,accuracy,0.5,166,664.0,20,1.8314826982587102,0.3361710060839104,1.8235967990401065,0.05787550952634943,67.803,1.6910416516008926,0.05841616904395625
P1,accuracy,0.5,167,668.0,20,1.8919423372334898,0.2271602361223518,1.8273464444766436,0.052884087705485305,73.224,1.6947425127642795,0.05365291106549407
P1,accuracy,0.5,168,672.0,20,1.898790773249237,0.2136068975004735,1.8353734844205143,0.053526621555824966,74.85900000000001,1.7029638620718335,0.05447194393458284
P1,accuracy,0.5,169,676.0,20,1.8836202422148507,0.17794252272507613,1.8386162714362968,0.05043351252870744,73.28200000000001,1.7067634002516094,0.05235600662310881
P1,accuracy,0.5,170,680.0,20,1.86946175554078,0.18927893216628158,1.8408255359279422,0.05162132526075186,73.926,1.709418448499075,0.053626542097763984
P1,accuracy,0.5,171,684.0,20,1.9052310161615265,0.24864133404896663,1.8444620796782558,0.05346343566427623,72.711,1.7133155199265744,0.05422941888342234
P1,accuracy,0.5,172,688.0,20,1.8606328980559792,0.24817446542979332,1.8439425119303707,0.05473336797383825,68.283,1.7121468575071943,0.05581215393856827
P1,accuracy,0.5,173,692.0,20,1.8336573188829561,0.2985214674048091,1.8438210721210126,0.0583900758111274,68.265,1.7116911704138214,0.05952031183894769
P1,accuracy,0.5,174,696.0,20,1.862374469102551,0.2600824007887443,1.8446839590743873,0.05864809853784105,70.67999999999999,1.7128649213092555,0.06013444972979092
P1,accuracy,0.5,175,700.0,20,1.9122977180803686,0.1763344375646727,1.8463065090707247,0.05949043715191,73.441,1.714695231264206,0.05941522565946105
P1,accuracy,0.5,176,704.0,20,1.8594940721186357,0.19227357833168748,1.8470166572596551,0.05613568902129958,71.768,1.7151682351179063,0.05631082181675191
P1,accuracy,0.5,177,708.0,20,1.9293738222039827,0.25866686347659473,1.854557413856087,0.057000881169614076,72.604,1.7229804867996978,0.05740500286534272
P1,accuracy,0.5,178,712.0,20,1.8235086752002179,0.22252848277151518,1.8549365516230403,0.05462285069302877,69.75399999999999,1.7234526406038992,0.05496414124751501
P1,accuracy,0.5,179,716.0,20,1.882504754874147,0.26524001592835544,1.8551563242227231,0.053552022213181644,69.878,1.7236396144451753,0.052564517968666305
P1,accuracy,0.5,180,720.0,20,1.8471921064864538,0.21610314909833347,1.855086174550383,0.051637696200040176,70.537,1.7242439603755255,0.05051460958650624
P1,accuracy,0.5,181,724.0,20,1.8802047648429958,0.21748011890052185,1.8598782366877782,0.052139195171085465,71.442,1.7291671658134895,0.05174229707737469
P1,accuracy,0.5,182,728.0,20,1.8405003763539203,0.26076653498168256,1.856185132042213,0.05158446340068816,69.35900000000001,1.7256173100039305,0.0504759411542933
P1,accuracy,0.5,183,732.0,20,1.8331474782067385,0.2580941896402975,1.8579967634908214,0.05147499683111336,69.411,1.726976070267852,0.050770051883563296
P1,accuracy,0.5,184,736.0,20,1.848250980583933,0.23693331601271575,1.8563167313189677,0.05276319637200822,69.923,1.7256564623070691,0.05291718049303605
P1,accuracy,0.5,185,740.0,20,1.8324933950868498,0.32068773887821295,1.8627913872848552,0.05192420261173261,68.608,1.7326490696438828,0.0515088465081738
P1,accuracy,0.5,186,744.0,20,1.805056627055465,0.25772228090091526,1.865436094848666,0.05495907995801895,70.272,1.7350706007979675,0.05422713434770631
P1,accuracy,0.5,187,748.0,20,1.8462455712199102,0.19212972044024085,1.8613358105542033,0.0520968840804319,71.453,1.7321174453188182,0.05178072334668814
P1,accuracy,0.5,188,752.0,20,1.822533254625096,0.23628033132515258,1.8642061731073003,0.05607565269997421,69.428,1.7349120706758465,0.055277873855024154
P1,accuracy,0.5,189,756.0,20,1.8271160784328138,0.22791324012040778,1.861428165209977,0.06002937933556841,71.172,1.732387503026842,0.05908181530765311
P1,accuracy,0.5,190,760.0,20,1.8433326599553232,0.20805962700543532,1.8588178337610775,0.05978273795149617,70.53,1.7303275078428153,0.058085199860673696
P1,accuracy,0.5,191,764.0,20,1.7615005292683559,0.27990690652679806,1.856018547001463,0.06320243319872057,67.43100000000001,1.7270287901468329,0.06243251966462693
P1,accuracy,0.5,192,768.0,20,1.9183499668342658,0.22070985081382566,1.857074852185494,0.0642530631080416,72.20599999999999,1.7285176871570411,0.06349959154152195
P1,accuracy,0.5,193,772.0,20,1.8284518184108929,0.22507618579998703,1.8542612939919603,0.06129826795542572,72.048,1.7263947135470559,0.06060090765329542
P1,accuracy,0.5,194,776.0,20,1.8984980393996467,0.19873123426009223,1.8548564058793524,0.06097179634032541,73.424,1.727457337074386,0.059823694195588355
P1,accuracy,0.5,195,780.0,20,1.8687535676974902,0.18576237417683006,1.8548280783656206,0.05850652439538004,73.039,1.7270420980241823,0.057466523174058905
P1,accuracy,0.5,196,784.0,20,1.8796422976284972,0.22281267421213072,1.8538045296242995,0.06029465645310148,71.841,1.726537949179395,0.05878498003440193
P1,accuracy,0.5,197,788.0,20,1.909255796669255,0.201490827365524,1.8557494455688306,0.05889381823744723,73.029,1.7286970399816604,0.05667649626507563
P1,accuracy,0.5,198,792.0,20,1.9105471279246533,0.20966624990701413,1.8588250379304985,0.05755047424783113,72.50399999999999,1.732042575436965,0.0545273648430862
P1,accuracy,0.5,199,796.0,20,1.894470316901431,0.2685159148311448,1.8601088718424534,0.06229437981509799,70.53999999999999,1.7334565697213982,0.05975389872410872
P1,accuracy,0.5,200,800.0,20,1.8990119525669207,0.19127318182326847,1.8595774412219157,0.05938522966507872,72.175,1.7322010832291581,0.05715732792681464
P1,accuracy,0.5,201,804.0,20,1.8618109785637906,0.19554222991271844,1.8596701174797219,0.061154611808732065,74.057,1.7324607020632707,0.05963686137458496
P1,accuracy,0.5,202,808.0,20,1.91713268331612,0.16686844333015383,1.8591804719242073,0.05589756649904854,73.292,1.7319665039987029,0.054983980657529616
P1,accuracy,0.5,203,812.0,20,1.9364139970769263,0.21902938115880458,1.8636966847992755,0.060809271579237455,72.926,1.7361881488448005,0.059046682132529886
P1,accuracy,0.5,204,816.0,20,1.8649463148682561,0.2172963493868823,1.8629943471990402,0.06089230851940102,71.39399999999999,1.7357913466817094,0.057867995637461866
P1,accuracy,0.5,205,820.0,20,1.8369496662084779,0.2655131417986745,1.8625846495879208,0.060697013114873036,68.83500000000001,1.7346356583825409,0.05920990987127483
P1,accuracy,0.5,206,824.0,20,1.8742069736213487,0.234464352987211,1.8623447379390552,0.06363030165513572,71.612,1.7347811062784237,0.06105621960791191
P1,accuracy,0.5,207,828.0,20,1.8978335164961582,0.17099044842455582,1.8646380635447446,0.06216820257840573,73.82000000000001,1.7370877272798715,0.05972805526316326
P1,accuracy,0.5,208,832.0,20,1.8081251703954742,0.24708286892389986,1.863637171232294,0.06578070935412648,69.854,1.736135722706686,0.06409941771722667
P1,accuracy,0.5,209,836.0,20,1.840172448473784,0.19822724342094392,1.863314029947888,0.06335901465632934,71.137,1.7366389652815664,0.06216940709537028
P1,accuracy,0.5,210,840.0,20,1.92479429804449,0.16881966597655865,1.8670060660661938,0.06272530639395374,73.939,1.7416615756368092,0.059963576305606336
P1,accuracy,0.5,211,844.0,20,1.887325862844224,0.25717320087741224,1.870296835497744,0.06997870264047765,71.738,1.745477280402038,0.06649503131560561
P1,accuracy,0.5,212,848.0,20,1.9773815617421797,0.18153804026938974,1.8755422751186348,0.07260917249597305,74.17,1.7499018716007868,0.06892872259235608
P1,accuracy,0.5,213,852.0,20,2.0031512480136078,0.13942498546991178,1.8827669948541754,0.0708914144037587,74.779,1.7581330062354479,0.06740300381584363
P1,accuracy,0.5,214,856.0,20,1.8765299669497044,0.26893531213338284,1.884743550394851,0.0700890778607985,71.453,1.7596374976271325,0.06766836773447352
P1,accuracy,0.5,215,860.0,20,1.9323982168502964,0.19990230741698245,1.8883061726706498,0.06917338452894196,71.884,1.762865303555285,0.06785600930112896
P1,accuracy,0.5,216,864.0,20,1.9878356700038509,0.1568776358657055,1.8973595783000696,0.0675110812562612,75.62,1.7724710113057605,0.0655721879674021
P1,accuracy,0.5,217,868.0,20,1.8535974622169213,0.20277129867560204,1.894769478115376,0.06902411630526067,71.578,1.769169943712893,0.0673843455404833
P1,accuracy,0.5,218,872.0,20,1.8773897654951672,0.23209072960646426,1.896726995998747,0.07376988052979727,71.189,1.7704040782543082,0.07310955808195255
P1,accuracy,0.5,219,876.0,20,1.870762044856054,0.24678881550395887,1.8956175562170032,0.07364469004051712,70.328,1.7694231433872047,0.07334468908428102
P1,accuracy,0.5,220,880.0,20,1.9101678541888383,0.27395685822428123,1.897274127676657,0.07361002931480148,72.161,1.771244225969466,0.07338049203865699
P1,accuracy,0.5,221,884.0,20,1.8366561262748757,0.267488469898025,1.8955546808225123,0.07030473969975523,71.676,1.769017898618684,0.0704148507763286
P1,accuracy,0.5,222,888.0,20,1.9413493754383697,0.21600182350783131,1.8968384239732767,0.06746848422803008,73.478,1.769654306021906,0.06743409932868401
P1,accuracy,0.5,223,892.0,20,1.9342766420188198,0.24600987354795195,1.8977876045370436,0.06288301631717,72.329,1.7702539263166606,0.06245689954731148
P1,accuracy,0.5,224,896.0,20,1.8002830417296507,0.2919133074598846,1.8940201135301724,0.052960833336231285,67.221,1.766398851243571,0.05278336706506065
P1,accuracy,0.5,225,900.0,20,2.006762406097464,0.14665004852043947,1.898330131671394,0.058463824527066444,74.575,1.7706127493640995,0.058237319579074145
P1,accuracy,0.5,226,904.0,20,1.9392351808949801,0.2218941619047279,1.9014270997646416,0.05622380623560302,73.61,1.7738111659829552,0.055415310698907254
P1,accuracy,0.5,227,908.0,20,1.9075268496514266,0.2699107883019589,1.9010428664180536,0.06034048100274517,71.099,1.7732034458282968,0.05948978003127522
P1,accuracy,0.5,228,912.0,20,1.9652364353919118,0.33461835331624956,1.9021957639506533,0.058971541886739656,71.55600000000001,1.7739175435678287,0.057672123885695765
P1,accuracy,0.5,229,916.0,20,1.944523873608551,0.1713226108957592,1.9053788663002649,0.05720556097732398,73.702,1.7767193732842277,0.05625903519284007
P1,accuracy,0.5,230,920.0,20,1.8893139270556278,0.2933988463490019,1.907473436734151,0.06050986186181339,70.636,1.7793901982447564,0.05997930573113677
P1,accuracy,0.5,231,924.0,20,1.8835934597217918,0.2860867222911584,1.9078488961781688,0.06252245078327034,72.099,1.7796322898667358,0.0612753323397947
P1,accuracy,0.5,232,928.0,20,1.9926652258321815,0.17941863119118584,1.9116421645516097,0.061693904702245075,72.718,1.783293845875976,0.0610247019536438
P1,accuracy,0.5,233,932.0,20,1.849299776678358,0.28017169344058657,1.913289148802925,0.06544580189872957,68.69,1.7849252067439494,0.06472260855784824
P1,accuracy,0.5,234,936.0,20,1.9277331304274345,0.2872903097491736,1.9167915760810712,0.0696289824577641,70.97200000000001,1.7878052336082308,0.06924594617579227
P1,accuracy,0.5,235,940.0,20,1.9309391715231006,0.22944736885954672,1.9170373710202155,0.06903033116927268,72.666,1.7873060207874167,0.0697194846284111
P1,accuracy,0.5,236,944.0,20,1.9437974005624192,0.26217796147531214,1.9192962325289433,0.07203121156268905,70.784,1.7886988191818145,0.07240833749796173
P1,accuracy,0.5,237,948.0,20,1.9627191065385716,0.19938184811309137,1.918709734320799,0.0727232907169956,72.203,1.7883952490647204,0.07304450037337482
P1,accuracy,0.5,238,952.0,20,1.8700245341524444,0.27083627953819545,1.9133846657663525,0.07359221965436871,69.505,1.7823730775614894,0.07348213242244205
P1,accuracy,0.5,239,956.0,20,1.9422143210171083,0.2038807286470747,1.9160120399290483,0.0720515422531992,72.353,1.784892691765572,0.07223778668141258
P1,accuracy,0.5,240,960.0,20,1.8928380893241434,0.19056548077545285,1.9144296348280025,0.07400215885268138,71.826,1.7832001987183284,0.07425972525998259
P1,accuracy,0.5,241,964.0,20,1.9342427089247978,0.2612757190941269,1.9122859163848402,0.07765575429236612,69.962,1.780953272825606,0.07755929273744405
P1,accuracy,0.5,242,968.0,20,1.9706581144746724,0.2736790207571814,1.9169683424751505,0.07888971352433193,71.78999999999999,1.7860876906386267,0.07980219588260926
P1,accuracy,0.5,243,972.0,20,1.9385730604950688,0.19902506906151285,1.9194156742751463,0.0766873846050399,73.612,1.7888585092466933,0.07727707640342774
P1,accuracy,0.5,244,976.0,20,1.982257604054725,0.240947190235017,1.923875496643093,0.07742810507821025,73.933,1.7924153310973097,0.07745917235127976
P1,accuracy,0.5,245,980.0,20,1.907813371606609,0.19901883795503286,1.9237813173398042,0.07822488059984695,70.793,1.7917558646755516,0.07871441058129347
P1,accuracy,0.5,246,984.0,20,1.930524500921279,0.2545980730770457,1.9275360523256602,0.08183412580506627,70.679,1.7953275681042427,0.08248936504886571
P1,accuracy,0.5,247,988.0,20,1.9532050887938603,0.21499516782951675,1.9280102808598798,0.0829427325573872,73.896,1.7962351644605008,0.0841379097886462
P1,accuracy,0.5,248,992.0,20,2.033664500471743,0.1780848691253479,1.9319857951979968,0.08794762566781657,74.29299999999999,1.799605143361473,0.08962416841318972
P1,accuracy,0.5,249,996.0,20,2.009669101144537,0.1652457065003786,1.9403612375745922,0.0897834757413707,72.232,1.808405521071747,0.09150601633331153
P1,accuracy,0.5,250,1000.0,20,1.9218568651627972,0.20928431393409466,1.9369650159372056,0.089633983133496,74.861,1.8054497546852655,0.09107792919295785
P1,accuracy,0.5,251,1004.0,20,2.0276902462672868,0.17600258808258706,1.940503218552098,0.09050444958130709,72.49600000000001,1.8083150136891906,0.09144791747625174
P1,accuracy,0.5,252,1008.0,20,1.9497136473970709,0.21962214900410298,1.9421906904619237,0.08617375679182346,73.096,1.8096126770113288,0.08698416891986956
P1,accuracy,0.5,253,1012.0,20,1.9139791270226163,0.2918329065392788,1.9401403981271517,0.08632632470775012,70.346,1.8086438642419993,0.0866287834239337
P1,accuracy,0.5,254,1016.0,20,1.9607626494232355,0.15090338226579333,1.9407899491597391,0.08691388426643222,74.467,1.8093942947365629,0.08735122454031138
P1,accuracy,0.5,255,1020.0,20,1.9200840249651996,0.25170759508997803,1.9420207530761222,0.08941911521387583,71.436,1.8104250986529458,0.08910281580703124
P1,accuracy,0.5,256,1024.0,20,2.0317775721626212,0.18464957375763422,1.9479481175737554,0.08359562099383636,73.46000000000001,1.8163191987946554,0.08317993471692373
P1,accuracy,0.5,257,1028.0,20,2.054118536709466,0.13176235042507728,1.9504062500088466,0.08574312021999984,75.466,1.8191068190724782,0.08497313257321493
P1,accuracy,0.5,258,1032.0,20,1.9773676260012816,0.22566812816565468,1.9555289639817637,0.08519122018444371,72.05499999999999,1.8237226525487578,0.08361163590555856
P1,accuracy,0.5,259,1036.0,20,1.9235985139000913,0.23576995151673552,1.9553635793206698,0.08080818225772508,72.268,1.8239938431592626,0.07900950814192788
P1,accuracy,0.5,260,1040.0,20,1.979468083241016,0.18229934182241303,1.9573047357893867,0.08000306887558593,72.21000000000001,1.8261264636735042,0.07900244467506642
P1,accuracy,0.5,261,1044.0,20,1.9364655520190435,0.22885002375413288,1.9570114618476513,0.07689354086743604,69.464,1.8259905099593947,0.07620543399158086
P1,accuracy,0.5,262,1048.0,20,1.979480800700593,0.2298737492340984,1.9576819296141323,0.07504863296296303,73.431,1.8265283858996988,0.0744095086582458
P1,accuracy,0.5,263,1052.0,20,1.8246042095622272,0.2842864285538178,1.9558651166305236,0.08166840981144355,67.056,1.8253153494292822,0.08152119927839054
P1,accuracy,0.5,264,1056.0,20,1.9730701562758426,0.2104429336809895,1.9570993500408729,0.08366468417099326,72.247,1.8270216469886225,0.08340680822072938
P1,accuracy,0.5,265,1060.0,20,1.9626609064901017,0.19519475991038893,1.9598922627275115,0.08515680954594679,74.005,1.830300902148101,0.08507289156914076
P1,accuracy,0.5,266,1064.0,20,1.988923051296701,0.16825865966770404,1.9620794764223874,0.08269331505239685,74.354,1.8326108266551864,0.08221658151764856
P1,accuracy,0.5,267,1068.0,20,2.01506841703354,0.20198174532927635,1.9638558885247424,0.08234504864684701,75.72999999999999,1.8338851177021867,0.08154559468878303
P1,accuracy,0.5,268,1072.0,20,1.9095561898275388,0.2158355022834528,1.9626952136980411,0.08235051444307508,71.075,1.8330482918149578,0.0811309853502224
P1,accuracy,0.5,269,1076.0,20,1.9832903162084654,0.20503390169466423,1.9627365221841906,0.07843027981262157,73.253,1.833443040549426,0.07793149628045959
P1,accuracy,0.5,270,1080.0,20,1.979652809277475,0.17532456362777676,1.9656100996910255,0.07863027253458028,74.661,1.83720518505057,0.07694136339441862
P1,accuracy,0.5,271,1084.0,20,2.0078490907443123,0.14687425082144143,1.9687030832839465,0.07981297646236099,75.275,1.8405735437081578,0.07711207984152861
P1,accuracy,0.5,272,1088.0,20,1.9708887062707645,0.2218841079801267,1.9694104279830227,0.07658296258176114,72.791,1.8412731284486203,0.07421401008579015
P1,accuracy,0.5,273,1092.0,20,2.002726900214074,0.23573038740437227,1.9681729239727157,0.07584914646421517,73.029,1.8405441603927883,0.07357959592007846
P1,accuracy,0.5,274,1096.0,20,1.9090114639140627,0.30366046004466707,1.9641466184834973,0.07932256073784497,70.21799999999999,1.8359565512305225,0.07706855839841563
P1,accuracy,0.5,275,1100.0,20,2.048335980751716,0.15667911984924937,1.969205783107054,0.08210241280795838,75.396,1.840895436495569,0.08005110323911291
P1,accuracy,0.5,276,1104.0,20,1.9713033347181295,0.2681921004077804,1.9669503066450875,0.08107941145419274,70.705,1.8392003842446738,0.07966764630810518
P1,accuracy,0.5,277,1108.0,20,2.0325064063006466,0.19276480907687155,1.9702620170012302,0.0807205035346424,72.96000000000001,1.8427384784601029,0.07987163712419183
P1,accuracy,0.5,278,1112.0,20,1.961381748600509,0.3116768928400807,1.972158121864346,0.07625299837736958,72.15299999999999,1.8443719345906782,0.07532720518764788
P1,accuracy,0.5,279,1116.0,20,2.002948008684563,0.1571981502365452,1.973845536234799,0.07822176944636014,73.205,1.846349157548819,0.07642173519954124
P1,accuracy,0.5,280,1120.0,20,2.044207421446727,0.1257389849603952,1.9788104720940602,0.074804895037649,75.616,1.8518925724561917,0.0736928355186522
P1,accuracy,0.5,281,1124.0,20,1.990263465336889,0.2274558654560961,1.977149907821031,0.07702467779872862,73.459,1.850055391525118,0.07554485999577934
P1,accuracy,0.5,282,1128.0,20,1.9494022623160987,0.2442048816917596,1.9729612568452963,0.07956390197248822,71.643,1.845468292541106,0.07805715337832356
P1,accuracy,0.5,283,1132.0,20,1.9706818290480037,0.26025662014359613,1.972693824967165,0.08353916960765582,71.786,1.8459063961001192,0.08159207836216212
P1,accuracy,0.5,284,1136.0,20,1.9136619188346764,0.3081926081176623,1.9722963611645485,0.08582869244654553,71.886,1.8451017414025206,0.08516383422741418
P1,accuracy,0.5,285,1140.0,20,1.986245351242249,0.21570705102981724,1.9725674518845977,0.08525605254476475,73.40700000000001,1.8448782640935995,0.08528519458260608
P1,accuracy,0.5,286,1144.0,20,2.013276508433175,0.1731293234774658,1.9756398901411631,0.08697507706325733,73.328,1.847558565774893,0.0867810429957657
P1,accuracy,0.5,287,1148.0,20,2.0494864292761354,0.13289877844594702,1.9784401152841848,0.08878768727756858,75.023,1.8494301825371593,0.08873401730635547
P1,accuracy,0.5,288,1152.0,20,2.032414795386024,0.22156797389753147,1.9867525387171365,0.08735799345159652,73.393,1.8571855961408308,0.0873302263860012
P1,accuracy,0.5,289,1156.0,20,2.001206706213039,0.21595965740367498,1.9878780007146246,0.08889855777328574,72.652,1.8577119376002944,0.08853509458096422
P1,accuracy,0.5,290,1160.0,20,2.1105714234383064,0.11612258450194525,1.9937944213925527,0.08692084531080257,75.874,1.8637879030273172,0.08559435899603811
P1,accuracy,0.5,291,1164.0,20,1.9479802392760064,0.2530781960691685,1.992156708911725,0.08830363379402452,69.60900000000001,1.8617242722847203,0.08823687049575439
P1,accuracy,0.5,292,1168.0,20,1.9948520346943848,0.2231282924572713,1.9913480536181587,0.08769567322436381,72.824,1.8617023215953963,0.08707390912496632
P1,accuracy,0.5,293,1172.0,20,2.038386495018727,0.20806598796840417,1.9965012658258066,0.08719362177179826,74.063,1.8658617417699346,0.08686972659596648
P1,accuracy,0.5,294,1176.0,20,2.0171198191213113,0.15812746339082231,1.9978544459423202,0.0886880218841717,74.994,1.8671631370959674,0.08867230790028605
P1,accuracy,0.5,295,1180.0,20,2.023181411476022,0.1536458213510598,1.9995955900302618,0.08994955132519664,75.25800000000001,1.8686446329686999,0.08968459387015014
P1,accuracy,0.5,296,1184.0,20,1.9308418120959534,0.2494744368437728,1.9965152988843275,0.09062006231301903,73.931,1.865791398211798,0.09064774079952174
P1,accuracy,0.5,297,1188.0,20,1.9597987404532133,0.25084144583899837,1.9960717002516255,0.09313461912474381,71.78,1.8651306242040313,0.09382235883489494
P1,accuracy,0.5,298,1192.0,20,1.9783537557946649,0.2331677905454507,1.9950967744748493,0.09345147455952926,73.412,1.8640696663527592,0.09409500478274917
P1,accuracy,0.5,299,1196.0,20,2.026011168998113,0.157975472982523,1.9997767626782115,0.09309937362286327,74.792,1.8692398770082683,0.0936326672766181
P1,accuracy,0.5,300,1200.0,20,2.0170699171162765,0.16014411667868564,1.9985261201327937,0.09223695051320865,74.489,1.8679838024918212,0.09286735302281537
P1,accuracy,0.5,301,1204.0,20,1.993347469948438,0.26255991823626323,1.999407885542006,0.09239207452994039,73.512,1.8685485994581985,0.0923656005739942
P1,accuracy,0.5,302,1208.0,20,2.0751573789941595,0.1251753443089864,2.0011139244497462,0.0893217565948133,74.954,1.8704469818734402,0.08828386305190045
P1,accuracy,0.5,303,1212.0,20,2.0337335778889374,0.20066128218853418,2.004007997621284,0.08743037788437616,74.312,1.873305359235355,0.08607221690231306
P1,accuracy,0.5,304,1216.0,20,1.9305827096159607,0.2590594532889067,2.0011133856585395,0.08953549570807076,72.006,1.8696563240962014,0.08914262785127718
P1,accuracy,0.5,305,1220.0,20,2.0487020817414625,0.19574264082475562,2.001293172070329,0.08940223467506372,74.33099999999999,1.8691662708804686,0.0886977063012165
P1,accuracy,0.5,306,1224.0,20,1.9897941956586511,0.32126090397745166,2.0012744012831996,0.09278926919822147,70.628,1.869082885504617,0.09235639472820832
P1,accuracy,0.5,307,1228.0,20,1.9344635219301858,0.2899846987277502,2.0006768516677633,0.08821925166389744,70.131,1.8682238252839034,0.08824326490405368
P1,accuracy,0.5,308,1232.0,20,2.0536468182086582,0.2301946406572597,2.0039954512341893,0.08808198163586228,74.292,1.8714634802047012,0.08841289733031038
P1,accuracy,0.5,309,1236.0,20,2.0469863031048674,0.13133252075123633,2.009328426604997,0.08117371192001968,75.09400000000001,1.8767354623008063,0.08179161911785976
P1,accuracy,0.5,310,1240.0,20,2.0850125621866282,0.11696188024082523,2.013279115042772,0.07957539388425627,75.22999999999999,1.8807660783123012,0.07896165059821916
P1,accuracy,0.5,311,1244.0,20,2.0422257921535953,0.17435508246119502,2.014437086391589,0.07902565103619645,72.716,1.8826884573176106,0.07775434277486763
P1,accuracy,0.5,312,1248.0,20,2.0464710346271646,0.16771819199230154,2.01431647060563,0.081925716649844,75.849,1.8837151772791945,0.07982962874471665
P1,accuracy,0.5,313,1252.0,20,2.115187344144517,0.1301391520406673,2.0176273725559697,0.07942244936313382,75.82300000000001,1.8866911594157731,0.07741844162275935
P1,accuracy,0.5,314,1256.0,20,2.0566107248986176,0.1540070799753574,2.019843533303393,0.07830234303659,75.253,1.8894973356831133,0.07633504455436033
P1,accuracy,0.5,315,1260.0,20,1.9887695118633109,0.1982186993569989,2.014971456840393,0.07916975198115872,72.509,1.8848446591166474,0.07792618042561804
P1,accuracy,0.5,316,1264.0,20,2.1117122408670164,0.14349307493910424,2.0215207369040336,0.07964459793066049,73.89500000000001,1.8910770742035676,0.07857000959253849
P1,accuracy,0.5,317,1268.0,20,2.004441625840522,0.16802803990244933,2.021904320549879,0.07483939031333697,75.84299999999999,1.8916336014603807,0.07479386676166314
P1,accuracy,0.5,318,1272.0,20,2.0914320859706956,0.11669086509764756,2.0240261441879577,0.07033609901482758,75.16499999999999,1.8937393361176007,0.07025310870111598
P1,accuracy,0.5,319,1276.0,20,2.022995443247626,0.21944695034560782,2.0242611691530104,0.07361528711138818,72.661,1.8940013140055711,0.07327453804108036
P1,accuracy,0.5,320,1280.0,20,2.09432290417723,0.13216787358562387,2.0271068288610588,0.0764145026057719,75.036,1.896587222032295,0.07640876089277784
P1,accuracy,0.5,321,1284.0,20,2.0536982897014764,0.20586416939096633,2.0320210879652794,0.0742989693274908,72.67999999999999,1.9015813052441206,0.07432820000165566
P1,accuracy,0.5,322,1288.0,20,2.10909053870588,0.10321959555272156,2.037992759895386,0.07568790670259203,74.925,1.9073896559119408,0.07474105985257734
P1,accuracy,0.5,323,1292.0,20,2.0542542435975903,0.16271185462094784,2.0410287794075033,0.07187082252960296,74.03999999999999,1.911097843039164,0.07105941911898424
P1,accuracy,0.5,324,1296.0,20,2.1007190399994604,0.13100801281578045,2.044017094247557,0.0702590045804555,76.05,1.9135953663634393,0.06948378099734467
P1,accuracy,0.5,325,1300.0,20,2.0867889847869536,0.15821708809653215,2.0468058569543843,0.06851014810655988,75.087,1.9155631771820096,0.06795720484335817
P1,accuracy,0.5,326,1304.0,20,2.02788794888262,0.16447185167080022,2.0481874761117513,0.06828604713351806,75.814,1.9173812681448605,0.06847058557055652
P1,accuracy,0.5,327,1308.0,20,2.025021484025886,0.24503206092993757,2.0461820403130204,0.06822455778262507,74.34,1.915086489355959,0.06943304015553724
P1,accuracy,0.5,328,1312.0,20,2.0114891203161602,0.17188424624035553,2.0452922620101095,0.06987490454508762,74.911,1.9146696546640154,0.07131140167424503
P1,accuracy,0.5,329,1316.0,20,2.081099406746671,0.12430987689412316,2.051312929895338,0.06709521376716443,74.815,1.9213796655394144,0.06802995509884474
P1,accuracy,0.5,330,1320.0,20,2.038173287733879,0.16909107176315968,2.0508917781350346,0.06666321777468583,75.366,1.9215895536135654,0.06846838091837905
P1,accuracy,0.5,331,1324.0,20,2.1204193862759126,0.11728631253105988,2.056116785759725,0.0621415034649775,75.817,1.926481503814562,0.06365480123042018
P1,accuracy,0.5,332,1328.0,20,2.03760630293201,0.1283981323285424,2.060242496999798,0.06506320266337184,75.32300000000001,1.931138565287434,0.06578425967815892
P1,accuracy,0.5,333,1332.0,20,2.0355377090617353,0.22201511302323582,2.0595181326339214,0.06559223788492372,73.591,1.9306668651740142,0.06584246367268401
P1,accuracy,0.5,334,1336.0,20,2.010558900234744,0.18256114854048672,2.058061036519116,0.0674597428808195,74.517,1.9294198570054069,0.06671082828863785
P1,accuracy,0.5,335,1340.0,20,2.0807301286829425,0.17227196897268945,2.057889739178969,0.06723981803058744,75.59,1.9294718395411,0.06714059871841131
P1,accuracy,0.5,336,1344.0,20,2.0526060028350095,0.1764327588598838,2.058304947606225,0.0662516454076926,74.46000000000001,1.9295970324484393,0.06670807583737023
P1,accuracy,0.5,337,1348.0,20,2.0194488440171403,0.2292571662384397,2.0572240599818246,0.0643278287120087,73.479,1.9282501851758234,0.0654475070476085
P1,accuracy,0.5,338,1352.0,20,2.0690096827025792,0.1890648066166594,2.0553769535241466,0.0664556871496788,73.00399999999999,1.9266572949623257,0.06732378344594359
P1,accuracy,0.5,339,1356.0,20,2.057352553366958,0.15585797356918238,2.0554066266628803,0.0665487708241025,73.87,1.9260760006928854,0.06784835480381612
P1,accuracy,0.5,340,1360.0,20,2.072974834016431,0.15349827575967742,2.058774839549005,0.06581559100892025,75.086,1.9291186057155856,0.06720957519797885
P1,accuracy,0.5,341,1364.0,20,1.9712268520706964,0.25407392439614424,2.0531554239971523,0.07021694082851156,71.41499999999999,1.9245185900602668,0.07044576281069297
P1,accuracy,0.5,342,1368.0,20,2.0791060399035572,0.16664806582796612,2.0561420005596736,0.06957339592527712,75.455,1.9270446389456022,0.07018163757540954
P1,accuracy,0.5,343,1372.0,20,2.0174912439577,0.24719538558894294,2.053184366879154,0.07140480727786519,73.59700000000001,1.9240518785190919,0.07230007394744618
P1,accuracy,0.5,344,1376.0,20,2.0754256211962843,0.15861005272292394,2.0552815739971004,0.06746132610869668,76.197,1.9256399806189317,0.06847824078489662
P1,accuracy,0.5,345,1380.0,20,2.050551211590689,0.1333695657234435,2.0535307062936385,0.06461969894824,75.277,1.9241674884974667,0.06588979758725741
P1,accuracy,0.5,346,1384.0,20,2.065773470917067,0.19797081882556342,2.054013713542262,0.06321344721187672,72.369,1.9244604802261733,0.06426658574351367
P1,accuracy,0.5,347,1388.0,20,2.0431061050556023,0.20158526391445222,2.0513743361962513,0.06500887267961876,74.39,1.9220279833767997,0.06609884656018489
P1,accuracy,0.5,348,1392.0,20,2.0928003412977034,0.11776191221821648,2.0529161801042557,0.06603229933967948,75.405,1.9233319069537125,0.06695877842748638
P1,accuracy,0.5,349,1396.0,20,2.072782316365873,0.14514492419583955,2.051798711158912,0.06619377105453951,75.537,1.9227810701863308,0.06665190539412769
P1,accuracy,0.5,350,1400.0,20,2.0640263096854694,0.14255443581018207,2.0508882041548526,0.06657413874705514,75.37,1.9227272108801503,0.06676757429465664
P1,accuracy,0.5,351,1404.0,20,2.009409657698335,0.1983476567362542,2.0501490725074816,0.06249760272997339,74.311,1.921705151141729,0.06360237908651165
P1,accuracy,0.5,352,1408.0,20,2.1064911861182134,0.08572677273555696,2.0534078605911743,0.060961119635891764,75.03,1.9251842185839318,0.062424829591529285
P1,accuracy,0.5,353,1412.0,20,2.1560374101515025,0.07289586761305443,2.0591897921845885,0.058893138983895886,76.30199999999999,1.9297212458835016,0.05982864099706038
P1,accuracy,0.5,354,1416.0,20,2.0596365759893347,0.2185607062879592,2.0583312789542947,0.05611513072296794,73.553,1.9284797010960435,0.056915897747028314
P1,accuracy,0.5,355,1420.0,20,2.1178098865989536,0.13830123994023746,2.0615167429088976,0.054787459326366715,76.00800000000001,1.9308356772079147,0.05534826037308637
P1,accuracy,0.5,356,1424.0,20,2.074932487363578,0.15244512383510453,2.0596972669524045,0.05542052203321179,74.125,1.9298146492596988,0.05609366027746983
P1,accuracy,0.5,357,1428.0,20,2.0962206127938354,0.09312681531883839,2.0620418393468776,0.05508095947829238,75.571,1.932238269765915,0.0559208952497356
P1,accuracy,0.5,358,1432.0,20,2.087271609524486,0.15926639946221557,2.0641111953653875,0.05873417651762404,74.63199999999999,1.9337588415112748,0.05931760692792403
P1,accuracy,0.5,359,1436.0,20,2.075438905024479,0.12733917662705982,2.066706395556977,0.05881267999137603,74.932,1.9360618016614777,0.05919993921431262
P1,accuracy,0.5,360,1440.0,20,2.0803622636990253,0.17272168385615655,2.06669168095762,0.05894426504775718,74.25,1.9360858868551887,0.05929489161531845
P1,accuracy,0.5,361,1444.0,20,2.1113286086307945,0.11152627597744358,2.0690405851894513,0.05764406052580793,76.104,1.9376892142634297,0.05765730549800787
P1,accuracy,0.5,362,1448.0,20,2.0750950617046438,0.20068835722417577,2.0712664338969518,0.05868358100460099,74.62,1.9397537592978829,0.05845578049449728
P1,accuracy,0.5,363,1452.0,20,2.0541200838139093,0.17712616969943765,2.070670849941405,0.05745897417633711,73.97999999999999,1.9397705912761178,0.05614003087944361
P1,accuracy,0.5,364,1456.0,20,2.0399021784428344,0.2578170964246451,2.0699728349444397,0.053139664711667166,71.66900000000001,1.9390825607592355,0.05252753477102396
P1,accuracy,0.5,365,1460.0,20,2.0995671637817965,0.09685527202314367,2.0710365281350542,0.052616976561709806,75.12100000000001,1.9400608944051012,0.05291788611163175
P1,accuracy,0.5,366,1464.0,20,2.066662587056673,0.1782773657593325,2.0748539575344935,0.05333024156645427,75.411,1.9435450594486166,0.05334982291088002
P1,accuracy,0.5,367,1468.0,20,2.090804516368221,0.16230705684728527,2.0753218965930804,0.05572293437591413,75.497,1.9441718707265516,0.05553661258533773
P1,accuracy,0.5,368,1472.0,20,1.984696815709269,0.23481423646162378,2.074010119463143,0.05955399580056855,72.471,1.9438825974765936,0.059098508722533465
P1,accuracy,0.5,369,1476.0,20,2.1284410567728846,0.08054504459586205,2.076130736886207,0.06043779278737942,75.518,1.9463350307299732,0.05964742211648334
P1,accuracy,0.5,370,1480.0,20,2.1052785749679863,0.2090832703195063,2.078319831421299,0.06303374473839266,74.565,1.9479255737906729,0.06265346340976115
P1,accuracy,0.5,371,1484.0,20,2.093621693368039,0.14216180027525943,2.0794337603193376,0.06489917873893945,75.119,1.9487791819437557,0.06479436451319781
P1,accuracy,0.5,372,1488.0,20,2.075928231903318,0.146208779544868,2.0807466453932464,0.06286320570841883,75.797,1.9502168988852275,0.0621338939062845
P1,accuracy,0.5,373,1492.0,20,2.0010350368998298,0.23154238119336767,2.0770760332173315,0.06432781636053592,74.37100000000001,1.9462772230776522,0.06326501654436835
P1,accuracy,0.5,374,1496.0,20,2.0514292802498515,0.18108044635567375,2.0762219117726906,0.06323501042147962,73.998,1.945207478249669,0.06276324867814032
P1,accuracy,0.5,375,1500.0,20,2.0896977234029634,0.1608425015765117,2.0772487683213905,0.06255310403016609,76.659,1.9464421982230973,0.06211261988232737
P1,accuracy,0.5,376,1504.0,20,2.0508522021471425,0.17043843316232463,2.0789064700993425,0.06369492301315442,73.162,1.948434716348696,0.06341103122671424
P1,accuracy,0.5,377,1508.0,20,2.121431490291753,0.08287727716836547,2.079504082266284,0.06338370057257695,75.664,1.9490936321886845,0.06302691442239704
P1,accuracy,0.5,378,1512.0,20,2.1330250454490307,0.09085188144594707,2.0785835876781853,0.06360909996535082,76.059,1.9487397697785476,0.06302120978437532
P1,accuracy,0.5,379,1516.0,20,2.1238194443721143,0.17763461743529116,2.0811509024134964,0.06684821737367122,74.866,1.9509094125014428,0.0670032171658632
P1,accuracy,0.5,380,1520.0,20,2.148434315164457,0.08988257266329723,2.0823758795561167,0.06730172481587467,75.771,1.9524862779006589,0.06704863409024067
P1,accuracy,0.5,381,1524.0,20,2.0915571953569616,0.09731249602345968,2.083040867875852,0.06830784051404443,75.684,1.9536707695830429,0.06751375011986181
P1,accuracy,0.5,382,1528.0,20,2.122383541132187,0.06477123178901735,2.084087385009386,0.06836257934985993,74.899,1.954315734724854,0.06772039034749099
P1,accuracy,0.5,383,1532.0,20,2.1482519034836107,0.08889027864864522,2.0865265967677513,0.06392597654085964,75.89,1.9568766743673371,0.06366459898708897
P1,accuracy,0.5,384,1536.0,20,2.106506419341738,0.1265357455112074,2.0877692973404414,0.06353052810846256,75.574,1.9581394473663079,0.06319047762718466
P1,accuracy,0.5,385,1540.0,20,2.104694805373166,0.17497797588712538,2.088742599007407,0.06322459148223064,74.336,1.958854445877557,0.062111458542964286
P1,accuracy,0.5,386,1544.0,20,2.107815436966337,0.09915090613199153,2.0886020721408287,0.06459737255522421,75.771,1.959472791230327,0.06306854874184738
P1,accuracy,0.5,387,1548.0,20,2.111237591033263,0.11012543323125853,2.0900477733139735,0.06381705280026051,76.112,1.9612015239606368,0.06292619725436502
P1,accuracy,0.5,388,1552.0,20,2.11064445497858,0.12177007667581823,2.0923087481605602,0.0636754644849387,75.72200000000001,1.9628028505920139,0.06345459858954136
P1,accuracy,0.5,389,1556.0,20,2.0944411006999815,0.16261803808404088,2.0944903050508463,0.06536913459200455,74.461,1.9655381581289633,0.06528934396867102
P1,accuracy,0.5,390,1560.0,20,2.1213211449301297,0.10837301985461852,2.095360464296779,0.06548378874508452,75.611,1.966882036981725,0.06443962848746182
P1,accuracy,0.5,391,1564.0,20,2.0783782754171325,0.1543554416892004,2.095829091831198,0.061907574235611475,75.89099999999999,1.967107984743769,0.061329491304833034
P1,accuracy,0.5,392,1568.0,20,2.1321261352543175,0.09072268785489575,2.097481956586642,0.05775224032709051,76.184,1.9685176006632066,0.05714145614658674
P1,accuracy,0.5,393,1572.0,20,2.085635706414085,0.1989274155474897,2.1015195122148347,0.06007702930712747,74.309,1.9715807641548238,0.058959240962448416
P1,accuracy,0.5,394,1576.0,20,2.0921029411645904,0.1491100393629733,2.1000659875905026,0.06023886704640777,76.142,1.9699721438243358,0.05929321584199964
P1,accuracy,0.5,395,1580.0,20,2.055921294795357,0.1817706407399424,2.098091696383597,0.062031796703203815,75.529,1.9684561557731475,0.059838560330139685
P1,accuracy,0.5,396,1584.0,20,2.0952740304154513,0.14766872356486835,2.098157789865494,0.06034764706408597,74.947,1.9687702575323331,0.05841456937026847
P1,accuracy,0.5,397,1588.0,20,2.1342982534511474,0.10845420797991716,2.100492590727407,0.060296291062767016,75.866,1.9710323217155086,0.05837936798098188
P1,accuracy,0.5,398,1592.0,20,2.068788859440247,0.17578322961715173,2.1032027436290237,0.057841525031088845,74.62100000000001,1.9735493551137626,0.055866589149733414
P1,accuracy,0.5,399,1596.0,20,2.1526109068145853,0.05908805899971787,2.1072500086916133,0.05748979716962831,76.137,1.9773355234355345,0.05606603872768006
P1,accuracy,0.5,400,1600.0,20,2.1459761463812246,0.089108869835112,2.1095011456107438,0.057443709360905135,75.944,1.9787827803753584,0.05597124725536686
P1,accuracy,0.5,401,1604.0,20,2.115328436429297,0.10925408288202046,2.11208019498203,0.058377665032310073,75.887,1.9811239094155528,0.05645954335495228
P1,accuracy,0.5,402,1608.0,20,2.0646539086900724,0.11229172104778627,2.1098090917179624,0.05769195303985493,75.424,1.9793032458824737,0.056225030656887345
P1,accuracy,0.5,403,1612.0,20,2.0648038013415073,0.18578730982198383,2.1070802419536614,0.05791160906483329,73.519,1.976604556490651,0.05629367450822471
P1,accuracy,0.5,404,1616.0,20,2.1153372844335765,0.07035841278305074,2.1067409555561203,0.05384370814416563,75.812,1.977228125757879,0.051418288646127776
P1,accuracy,0.5,405,1620.0,20,2.091148107178605,0.12508920064250115,2.1044495072366862,0.05486081243065028,75.776,1.9755599573142857,0.053088622696626196
P1,accuracy,0.5,406,1624.0,20,2.0970901874092833,0.1790615615747598,2.104670826918779,0.0587324271903494,75.678,1.9747020219524054,0.056744250266989114
P1,accuracy,0.5,407,1628.0,20,2.108381749483491,0.12953465316962653,2.104110755252831,0.06098518587680195,76.108,1.9742605741871302,0.0587144848638478
P1,accuracy,0.5,408,1632.0,20,2.1133398936383725,0.12150535144047091,2.1027142748590215,0.062321982195176165,75.926,1.9733532298512615,0.059789691276876285
P1,accuracy,0.5,409,1636.0,20,2.1370829762681445,0.11138512005574927,2.103937337136078,0.060624445022127875,76.273,1.9740104359462172,0.059310879243436955
P1,accuracy,0.5,410,1640.0,20,2.0748152921656535,0.204359908135587,2.102742156607777,0.05971186804288613,73.45599999999999,1.9729928550040523,0.058994947116500565
P1,accuracy,0.5,411,1644.0,20,2.1404072651212105,0.09949308202452851,2.1040458297339724,0.05861589497020211,76.341,1.974015928026781,0.05831642218438092
P1,accuracy,0.5,412,1648.0,20,2.108029966270359,0.11079463907152425,2.103917524743456,0.05710240785786399,74.852,1.9740643431604243,0.05636809297305313
P1,accuracy,0.5,413,1652.0,20,2.0445093023877594,0.2003718300936148,2.101272118639823,0.05468281572170233,74.346,1.972387121226476,0.054060529420199406
P1,accuracy,0.5,414,1656.0,20,2.0733550078012204,0.16561462072598987,2.1004286749238728,0.05362364192595862,76.10499999999999,1.971631261576744,0.05342708935349575
P1,accuracy,0.5,415,1660.0,20,2.1257721511262124,0.09733166148631565,2.100606715171716,0.052906569599439277,75.842,1.9708100778204485,0.052927083785555905
P1,accuracy,0.5,416,1664.0,20,2.123482807853621,0.08982983001427639,2.1024108964691757,0.0527020083150633,75.702,1.9731189150930764,0.05287486768908254
P1,accuracy,0.5,417,1668.0,20,2.070731209476139,0.15599999563847886,2.0999550994380485,0.05070949388570065,74.19,1.9709250942647425,0.050766820971015286
P1,accuracy,0.5,418,1672.0,20,2.0272145197130698,0.22617756977096243,2.0976182519700077,0.0470157381241458,72.61,1.9694347030822688,0.047664911019707115
P1,accuracy,0.5,419,1676.0,20,2.1365498396671816,0.08660890182625651,2.0993961279101114,0.047572240484754995,75.197,1.9706000596224758,0.04792865689776134
P1,accuracy,0.5,420,1680.0,20,2.124003513154581,0.12594552714592283,2.1021194166444803,0.04592512929245322,75.78099999999999,1.9730231414246149,0.04607824865068974
P1,accuracy,0.5,421,1684.0,20,2.0914519758637553,0.1426386842488123,2.1019665344624126,0.04772907075770377,75.989,1.9726067310480306,0.04818225601665795
P1,accuracy,0.5,422,1688.0,20,2.0978439246159275,0.1622869052391461,2.1005083613090036,0.047630872527945387,74.47999999999999,1.9719119826230234,0.04805802759818496
P1,accuracy,0.5,423,1692.0,20,2.1435136612854246,0.08828754282159879,2.103497353382811,0.04869796867873081,76.462,1.975156949864963,0.048894574414791656
P1,accuracy,0.5,424,1696.0,20,2.125954487753599,0.11220070574128697,2.1024310966203714,0.050037520314960476,75.98,1.9736279409038686,0.04935245785066789
P1,accuracy,0.5,425,1700.0,20,2.130920179684377,0.12921698356451028,2.1018288579524977,0.05103925669840176,76.53200000000001,1.9730543106167502,0.04969417428130542
P1,accuracy,0.5,426,1704.0,20,2.115909552321374,0.1003884722901221,2.1018521025881807,0.05045444472945783,75.904,1.9733722267475184,0.0492486008614752
P1,accuracy,0.5,427,1708.0,20,2.0775580487647964,0.1991117799937669,2.1023682681911695,0.05455209960731843,74.088,1.9735371766236578,0.053245369869253704
P1,accuracy,0.5,428,1712.0,20,2.0939384519028783,0.1792339217534218,2.1035336542136243,0.05206277513714634,73.792,1.9742359304681512,0.050988146077315166
P1,accuracy,0.5,429,1716.0,20,2.141775820470107,0.0696215007677978,2.1045911956550856,0.05204072684900512,75.78999999999999,1.9744880399385827,0.050834202441169034
P1,accuracy,0.5,430,1720.0,20,2.1481961422344478,0.06912275136740466,2.1068731170573196,0.05111958150098459,75.95599999999999,1.9761389215063623,0.049871028033123155
P1,accuracy,0.5,431,1724.0,20,2.114086067395774,0.12772328179328057,2.1075529522567793,0.04836145196634411,76.201,1.9772986842795415,0.04805234324386388
P1,accuracy,0.5,432,1728.0,20,2.11343832713203,0.15794525823881778,2.1077552153627206,0.04988328210498298,74.373,1.9770759085856902,0.049299149781294946
P1,accuracy,0.5,433,1732.0,20,2.1732219547326803,0.0883309673140339,2.110150497806493,0.04934918517871251,76.642,1.978178847521961,0.0492678073746717
P1,accuracy,0.5,434,1736.0,20,2.1292614061329966,0.09736198606071848,2.109837635001087,0.04861769800498072,76.09,1.9783908165841182,0.047472614728665784
P1,accuracy,0.5,435,1740.0,20,2.1394154550669646,0.11818085937842053,2.1124216415171393,0.04585461334468002,75.741,1.9805213828518522,0.04475001277720871
P1,accuracy,0.5,436,1744.0,20,2.133591478028353,0.10058080513586767,2.1121490100334253,0.047201236910989194,76.341,1.9800983116371498,0.04592899241533255
P1,accuracy,0.5,437,1748.0,20,2.1332594176344215,0.09774418178813428,2.1131581880879877,0.046021012720746435,76.467,1.9811570499607243,0.04492231521234672
P1,accuracy,0.5,438,1752.0,20,2.1674585524714107,0.06408016642754098,2.1180761580913336,0.04861851219824783,76.55199999999999,1.9851253562289437,0.04768637678838098
P1,accuracy,0.5,439,1756.0,20,2.124046216328479,0.09841880759569141,2.1201038064324242,0.047453604808626905,75.16,1.9871297246941932,0.04608198125839779
P1,accuracy,0.5,440,1760.0,20,2.107552561833569,0.14092301732326634,2.1193750228607184,0.05017227871278616,76.05699999999999,1.9866505013914995,0.04917060146582151
P1,accuracy,0.5,441,1764.0,20,2.145924911691129,0.06072195104855492,2.1202727070142187,0.049318006092185326,75.84,1.9871436330359464,0.048801696170251284
P1,accuracy,0.5,442,1768.0,20,2.165350554783361,0.036886382594132426,2.1240574808265076,0.049178753435680664,76.638,1.9907889345254213,0.049272904905696656
P1,accuracy,0.5,443,1772.0,20,2.1132484942805343,0.12706706539619161,2.1274988398092063,0.04772185429295521,75.78999999999999,1.9938747322044468,0.0478136174376048
P1,accuracy,0.5,444,1776.0,20,2.1094875937690043,0.13046830433324158,2.126416349973279,0.04753252661093217,76.53399999999999,1.99325287351182,0.04784863166850223
P1,accuracy,0.5,445,1780.0,20,2.091812522213087,0.230228532552655,2.1251287103356193,0.05254252516747972,74.483,1.9916590259072695,0.0541127032393394
P1,accuracy,0.5,446,1784.0,20,2.1018272311556845,0.16305978808298738,2.1255437205472965,0.05247967555295805,73.796,1.9921747086486932,0.05405552013364193
P1,accuracy,0.5,447,1788.0,20,2.104539666315437,0.14395109827358873,2.125811550215277,0.05263958402376469,76.321,1.9915006345401605,0.05408394046591777
P1,accuracy,0.5,448,1792.0,20,2.1287568564628385,0.1143885519412673,2.1252212780223734,0.052415757586266404,75.951,1.9911397467238736,0.053917934097926334
P1,accuracy,0.5,449,1796.0,20,2.150919470861905,0.06209777039786243,2.1262198773467054,0.05264429644486742,76.207,1.9927933382882472,0.05430636769983805
P1,accuracy,0.5,450,1800.0,20,2.1272573497342426,0.09363599553557729,2.1260733641487004,0.05340626226137702,75.286,1.9935926088460618,0.05576580197216342
P1,accuracy,0.5,451,1804.0,20,2.159740066440431,0.05619525483193224,2.1278265847134628,0.05342204115739997,76.479,1.9949518304454856,0.05578298592724436
P1,accuracy,0.5,452,1808.0,20,2.147891923936876,0.0823548939342861,2.1306399397203455,0.04827247611356792,76.399,1.9976301621724926,0.050532125995727296
P1,accuracy,0.5,453,1812.0,20,2.126576899222931,0.15205444580813895,2.131945477613148,0.0487642031892918,74.94399999999999,1.9993217321397903,0.0505816431173827
P1,accuracy,0.5,454,1816.0,20,2.152662393513386,0.06378678816075371,2.132380940534879,0.04819344113037775,76.31700000000001,1.9995859069083917,0.050043969637789794
P1,accuracy,0.5,455,1820.0,20,2.1339884541906193,0.09815461019781004,2.1318126330131255,0.04833859272063345,75.983,1.9992122708817237,0.05094069620329252
P1,accuracy,0.5,456,1824.0,20,2.101370662379027,0.18225280820494985,2.131304016812456,0.04625263862859983,74.225,1.998710638643806,0.048765094892100964
P1,accuracy,0.5,457,1828.0,20,2.1300845225981004,0.07968011292381032,2.131969864631099,0.04709919921484812,76.326,2.000588333332599,0.04871830495466205
P1,accuracy,0.5,458,1832.0,20,2.1345161825358776,0.09326935911675263,2.1304216337432265,0.04665468896818762,76.747,2.000072021741157,0.04794021962988099
P1,accuracy,0.5,459,1836.0,20,2.1559530857903466,0.07528640178599394,2.1314893009295206,0.04815709826382347,76.466,2.000583144695687,0.05004445179825408
P1,accuracy,0.5,460,1840.0,20,2.1101661545738946,0.13268110616302237,2.130319328909798,0.04753703058079882,76.493,1.9999836848332329,0.05020127878459058
P1,accuracy,0.5,461,1844.0,20,2.1407833760543005,0.07386662261178807,2.1306070048308356,0.046907750442729046,76.417,2.0008682567708256,0.04973838406043032
P1,accuracy,0.5,462,1848.0,20,2.1077353882321463,0.12244428934415447,2.1295860436547445,0.0483695530795381,76.744,1.9997613669863537,0.049816384001951916
P1,accuracy,0.5,463,1852.0,20,2.128360958448161,0.09221557300519961,2.1280221398938144,0.04806165653185848,76.35900000000001,1.9983542143894177,0.049281367607757864
P1,accuracy,0.5,464,1856.0,20,2.071641332455853,0.17781724470690538,2.12592594453891,0.04982313173940739,76.118,1.996178867456654,0.050887586216976664
P1,accuracy,0.5,465,1860.0,20,2.126107459065761,0.08981063726401159,2.1266681404281975,0.048223956489510916,75.932,1.9970676230976232,0.049658085632683154
P1,accuracy,0.5,466,1864.0,20,2.1406593494475223,0.07185840170621975,2.1264575179384533,0.04963957280314904,76.693,1.9967468091955662,0.050395267208049065
P1,accuracy,0.5,467,1868.0,20,2.1248035148314117,0.12051353676434598,2.124835636340375,0.05073546194211955,76.184,1.9951636239244415,0.05141640444854091
P1,accuracy,0.5,468,1872.0,20,2.1765227641960587,0.06360147873982906,2.127366607136996,0.05081223862567417,76.489,1.9965114596977824,0.05159414011781347
P1,accuracy,0.5,469,1876.0,20,2.1637234643579637,0.06038198359397594,2.1295360419605545,0.0502247569432978,76.19399999999999,1.9991412152662966,0.05116925232278006
P1,accuracy,0.5,470,1880.0,20,2.0971465980340374,0.132423072912916,2.1297494049933925,0.043532892416929335,75.768,1.9997787376369516,0.04393214150404143
P1,accuracy,0.5,471,1884.0,20,2.131102954748157,0.1277098892510926,2.1309204339370913,0.04556452577286766,76.045,2.0007955503364707,0.04479965718798903
P1,accuracy,0.5,472,1888.0,20,2.1173273034567117,0.07086293206879246,2.1314319394227423,0.044231659774753934,76.53200000000001,2.0018824308867877,0.044932901477662324
P1,accuracy,0.5,473,1892.0,20,2.1177991152130926,0.15386719000191695,2.1309936297727523,0.043504966803682994,74.59700000000001,2.001062538205241,0.04443141201614691
P1,accuracy,0.5,474,1896.0,20,2.1593377779570226,0.03830719953061529,2.1313303620565573,0.04272760889504224,76.651,2.001221774369025,0.04408971876598855
P1,accuracy,0.5,475,1900.0,20,2.108157494985264,0.12283649876163899,2.130566367866598,0.041100667084710725,75.088,1.9998244123570275,0.042710820244945435
P1,accuracy,0.5,476,1904.0,20,2.1394444617730337,0.07772986755556763,2.129754543679902,0.040321430401052245,76.477,1.9991002757026646,0.04282301930477261
P1,accuracy,0.5,477,1908.0,20,2.1188833282200505,0.07286306390526616,2.1285941998512294,0.04046644798487167,75.556,1.9985850431000654,0.04313313222223844
P1,accuracy,0.5,478,1912.0,20,2.121682050372671,0.07016590257125635,2.1283984058972187,0.039372848871247666,76.25,1.9993822651833024,0.0433420397661918
P1,accuracy,0.5,479,1916.0,20,2.1075297728889804,0.0808046427632408,2.1265931010722428,0.039892390138978724,75.65299999999999,1.998889376292108,0.04428604602159774
P1,accuracy,0.5,480,1920.0,20,2.1261590393122365,0.07473166808343996,2.1262799244771076,0.039557484011912634,75.74,1.9983505918335482,0.04382791622242119
P1,accuracy,0.5,481,1924.0,20,2.156236766087823,0.056725714805841716,2.1284745686254594,0.041607129363521525,76.361,2.0006460119777616,0.04547130320143241
P1,accuracy,0.5,482,1928.0,20,2.1355321202287234,0.06008404284395541,2.128692472530684,0.04023050133280584,75.61,2.000794179721579,0.04445583288426094
P1,accuracy,0.5,483,1932.0,20,2.1611312280034025,0.061921419879379484,2.129757074349385,0.04025855913144669,76.298,2.0016392781776315,0.04413347960700665
P1,accuracy,0.5,484,1936.0,20,2.173748956378839,0.04929089095746854,2.130468909172925,0.03940384906750439,76.375,2.002711537212242,0.043044715086206664
P1,accuracy,0.5,485,1940.0,20,2.1522421839778785,0.06036213033080969,2.1321519503490842,0.039723435023710105,75.735,2.004262090028339,0.04159643014092979
P1,accuracy,0.5,486,1944.0,20,2.1646717366952424,0.0571132027384602,2.1331074847747216,0.03930138862588442,76.056,2.0045159689961394,0.04172776857313202
P1,accuracy,0.5,487,1948.0,20,2.1451812282848217,0.09050646664192367,2.1346053183768285,0.03995115200475909,75.953,2.005678106788624,0.042475910975412964
P1,accuracy,0.5,488,1952.0,20,2.1681479964870607,0.03967988177003524,2.136196799898385,0.03824596113690504,76.24,2.007550084947531,0.04113213402833933
P1,accuracy,0.5,489,1956.0,20,2.1209959027003236,0.16678049998746364,2.1381709827081634,0.03641187950754089,74.704,2.0094707240428766,0.04007495956997327
P1,accuracy,0.5,490,1960.0,20,2.1182119364101886,0.16941149094189806,2.137855161801941,0.03585515426017914,74.272,2.0096811835298247,0.03970109739551005
P1,accuracy,0.5,491,1964.0,20,2.150015435992219,0.061396013706808764,2.1382294052637283,0.035142666030207,75.979,2.0102338025736097,0.03865607170959649
P1,accuracy,0.5,492,1968.0,20,2.1329814862083376,0.11906723500210639,2.1385565241188056,0.03729158797168408,76.064,2.010475561883937,0.04009929476061328
P1,accuracy,0.5,493,1972.0,20,2.137247766134279,0.12727669326807142,2.1369855241963345,0.03849405188721177,75.97200000000001,2.009468969617959,0.04058976086375818
P1,accuracy,0.5,494,1976.0,20,2.1452066378078145,0.08365478894098591,2.1362448511343284,0.0387022363301475,76.52,2.008379512282802,0.040916206144930765
P1,accuracy,0.5,495,1980.0,20,2.15285789670263,0.05546635991048458,2.138473303081072,0.038679931762583164,76.439,2.01098158037026,0.04086579898131388
P1,accuracy,0.5,496,1984.0,20,2.1431843847714718,0.06370226978335967,2.1389565602820046,0.03695974681593075,75.588,2.011964165041446,0.03965432042076081
P1,accuracy,0.5,497,1988.0,20,2.1509569590596587,0.05495210288302295,2.1403017465061227,0.036871971890281637,75.787,2.012830872217452,0.03891948333360682
P1,accuracy,0.5,498,1992.0,20,2.154429543919259,0.0980578913960046,2.1417669636543692,0.03823824137876393,76.38,2.013884656360008,0.039444040270391285
P1,accuracy,0.5,499,1996.0,20,2.135787645689007,0.11159650575637384,2.1408249583636487,0.03736264867189271,76.311,2.0129232511727535,0.03880628724275884
P1,accuracy,0.5,500,2000.0,20,2.0988765286920175,0.10564909368571224,2.1404537197119184,0.03840311933093326,75.694,2.013252788516885,0.03974592601471504
P1,accuracy,0.5,501,2004.0,20,2.132688337908081,0.09247143875131845,2.140183474757321,0.04011651208890291,76.17,2.013239191260166,0.041038547678723114
P1,accuracy,0.5,502,2008.0,20,2.1338129553232132,0.09667243823888358,2.140780659841447,0.040720711647913084,76.159,2.0132766246629683,0.04209294653616465
P1,accuracy,0.5,503,2012.0,20,2.14851691202747,0.07781179929743991,2.141854054307639,0.04083540287244695,76.088,2.0134368271995173,0.04167527591804638
P1,accuracy,0.5,504,2016.0,20,2.1593107467267982,0.05345266177138953,2.1439252932611517,0.041199404310134656,76.36,2.0144552984344575,0.04159658848497878
P1,accuracy,0.5,505,2020.0,20,2.1623281445345137,0.05009621263934216,2.145372057470043,0.041834135459710056,76.183,2.0158276705067735,0.04239591998422977
P1,accuracy,0.5,506,2024.0,20,2.145262570904614,0.07192056052710312,2.1449330896627146,0.04092965274031338,76.264,2.015532830997427,0.042416870128906235
P1,accuracy,0.5,507,2028.0,20,2.1404895716016923,0.08926209830409074,2.1451313877176332,0.04267093283340936,76.477,2.0153891218097177,0.04368869047482279
P1,accuracy,0.5,508,2032.0,20,2.152419300880381,0.05396509365523662,2.1447829106327125,0.042504314115471176,76.349,2.0153082598308503,0.04376022666690498
P1,accuracy,0.5,509,2036.0,20,2.1347488791254348,0.08670023592158874,2.1432229075425764,0.04229149050291129,76.549,2.0139048009724783,0.04387615717786214
P1,accuracy,0.5,510,2040.0,20,2.147709096202976,0.06337652508989028,2.14304158403158,0.04101448755493052,76.436,2.0138660537677415,0.04294662137006167
P1,accuracy,0.5,511,2044.0,20,2.142209133039512,0.06213814405948328,2.142143079885351,0.039622339245763666,76.25,2.0137336127358423,0.04208995298515236
P1,accuracy,0.5,512,2048.0,20,2.090745575182479,0.1543625674310493,2.1399656537612572,0.0390236295105602,75.92,2.0122771385000053,0.04204598992520158
P1,loss,0.5,1,4.0,20,1.840180682446785,0.2823061568160947,1.840180682446785,0.2823061568160947,71.622,1.703283372565771,0.27677366038448853
P1,loss,0.5,2,8.0,20,1.6816798596178315,0.30689247775222367,1.7609302710323083,0.21502631033227082,66.53,1.624077580913322,0.2197189404705335
P1,loss,0.5,3,12.0,20,1.7235498541787966,0.25408119276756447,1.7484701320811376,0.1734649049343266,70.102,1.6078415754334396,0.177371529607176
P1,loss,0.5,4,16.0,20,1.8177248786028433,0.34534828551093943,1.765783818711564,0.1416732441226731,70.196,1.623911728696044,0.14269949807315155
P1,loss,0.5,5,20.0,20,1.8061641656229788,0.2391235278765902,1.7738598880938472,0.13078628042928356,71.55,1.6353003950778096,0.1324053265037758
P1,loss,0.5,6,24.0,20,1.7441492699956442,0.2898654994237646,1.7689081184108133,0.1119231071685838,71.12100000000001,1.632960756796742,0.11419775812552661
P1,loss,0.5,7,28.0,20,1.6220928405528603,0.3543874198887724,1.7479345072882484,0.10468642628541999,61.428999999999995,1.6087762780368997,0.11011087532248134
P1,loss,0.5,8,32.0,20,1.6455394680651392,0.27870338376906617,1.73513512738536,0.11176523180181624,64.624,1.595470745595396,0.11525909483799458
P1,loss,0.5,9,36.0,20,1.819549368842545,0.3125687084630253,1.7445144875472693,0.10393194748957162,69.94399999999999,1.6041213163108492,0.10824055389540534
P1,loss,0.5,10,40.0,20,1.6483292077131395,0.3687683819477992,1.7348959595638564,0.10176591168688026,65.203,1.593573921281394,0.10767310081045402
P1,loss,0.5,11,44.0,20,1.9074570833497912,0.20996025723519768,1.7505833344534867,0.09962100323463828,75.622,1.6093589070443723,0.10547457703621707
P1,loss,0.5,12,48.0,20,1.8191305724953435,0.24389284331777106,1.7562956042903082,0.09529349963838231,72.67999999999999,1.6161020364337813,0.1009677761768347
P1,loss,0.5,13,52.0,20,1.753673134882871,0.2685155729212135,1.7560938758743514,0.09531479014119318,71.63,1.6158466515518555,0.10007533145031079
P1,loss,0.5,14,56.0,20,1.7848652125397155,0.23343249085318274,1.7581489713504488,0.08726712204598074,71.264,1.6184540116283295,0.08990870616174003
P1,loss,0.5,15,60.0,20,1.8142998549616292,0.21098379893429214,1.7618923635911945,0.08262289688344064,72.146,1.6227338879919528,0.08375099712576677
P1,loss,0.5,16,64.0,20,1.702388481265615,0.31654523023010256,1.7581733709458454,0.0781222171933071,65.83500000000001,1.6180787964502428,0.07856223236472518
P1,loss,0.5,17,68.0,20,1.7955842261081394,0.2093665231269055,1.760374009484804,0.07889814754551389,73.027,1.620687450950371,0.07794502146607854
P1,loss,0.5,18,72.0,20,1.7431022334470974,0.3379580256420272,1.759414466371598,0.07565220563259509,70.659,1.6195886343315913,0.07421709237843621
P1,loss,0.5,19,76.0,20,1.6763160203553062,0.28600042025688527,1.755040863949688,0.07274589067489025,66.898,1.6150513467007976,0.07179841297927325
P1,loss,0.5,20,80.0,20,1.7391906460177229,0.31767991014747526,1.75424835305309,0.0725134538719359,69.137,1.6141369976469853,0.07219545219863002
P1,loss,0.5,21,84.0,20,1.7049812002390468,0.23929173916874763,1.751902298157183,0.06528939341904515,69.251,1.6116382132164297,0.06569441552094528
P1,loss,0.5,22,88.0,20,1.7311829773851415,0.2446049326402092,1.750960510849363,0.06725850292705654,69.388,1.6110491624977663,0.06814962532668073
P1,loss,0.5,23,92.0,20,1.6148562731159317,0.30040763804940335,1.7450429352957353,0.06377411724267941,63.012,1.6048399392769315,0.06348200387777397
P1,loss,0.5,24,96.0,20,1.8033505600595536,0.19579663356956076,1.7474724196608946,0.06373221604413092,73.576,1.607819893363257,0.0634158591326335
P1,loss,0.5,25,100.0,20,1.7869665725241064,0.2117488038522796,1.749052185775423,0.06028990267143898,71.336,1.6092052121592821,0.059898994880495944
P1,loss,0.5,26,104.0,20,1.6267555944931096,0.2927018673303768,1.7405151822572762,0.05473701317063781,64.28200000000001,1.601122890482832,0.05489047550898372
P1,loss,0.5,27,108.0,20,1.753196526198036,0.3102675719892918,1.743375848920484,0.04768541705528037,69.477,1.6039433088273647,0.047267135779557434
P1,loss,0.5,28,112.0,20,1.8461110703865622,0.3055229085850709,1.7482782975687947,0.04925566247178462,70.148,1.6092193736163893,0.04934066326081357
P1,loss,0.5,29,116.0,20,1.6638928007879632,0.31528634176112014,1.7421250144561995,0.048790110761519005,68.373,1.6031590030749272,0.049228064643188046
P1,loss,0.5,30,120.0,20,1.8202478672031568,0.2538634845889081,1.7426883625194065,0.045114296825433914,73.19800000000001,1.6031858793326503,0.04487984790736124
P1,loss,0.5,31,124.0,20,1.7659355118636313,0.17682691576859397,1.743559812194126,0.046178433862359224,72.726,1.6038719694626207,0.04517994229901562
P1,loss,0.5,32,128.0,20,1.8101769015567402,0.2989549665870803,1.7510831746342812,0.04388574936086525,71.96900000000001,1.6127376495437484,0.04351642149611934
P1,loss,0.5,33,132.0,20,1.8461165880385486,0.2866745928453142,1.7591062594332179,0.04426203749766409,71.008,1.6206509567948317,0.0437828664064773
P1,loss,0.5,34,136.0,20,1.7508843584696279,0.28550655681584125,1.756359659018301,0.04885531658524149,68.273,1.6181173413773284,0.047928386366133724
P1,loss,0.5,35,140.0,20,1.7097856949049415,0.17629049973741912,1.7588179185059734,0.051771907544156004,70.459,1.6212760147294598,0.050950112334624785
P1,loss,0.5,36,144.0,20,1.8101317539668353,0.2692679772819378,1.754924905330655,0.05157649672816721,70.64,1.6168796906384668,0.05149610637910836
P1,loss,0.5,37,148.0,20,1.8235075340087235,0.2717568572958032,1.7550999837911903,0.05216705556027793,72.336,1.6167663055708072,0.05250539463818891
P1,loss,0.5,38,152.0,20,1.8301119250312392,0.21598207396460045,1.758157535397125,0.046011238023028006,73.124,1.6204705203945384,0.04733656037761564
P1,loss,0.5,39,156.0,20,1.6824076577627243,0.28254108274690826,1.7540592332060452,0.052073492368576245,70.149,1.6162316594864383,0.053397318202464454
P1,loss,0.5,40,160.0,20,1.8078068442339568,0.20266806611545082,1.7537995127769386,0.05694141498224545,73.30499999999999,1.6164836824613666,0.059422293088655646
P1,loss,0.5,41,164.0,20,1.7041151310616858,0.2828551398280532,1.753868578768781,0.05519404283821483,64.834,1.6170442124987345,0.05675942773286973
P1,loss,0.5,42,168.0,20,1.7787868156543205,0.31201707349699825,1.7531966823506284,0.05832107637787065,69.872,1.6157287568462313,0.05840973005777594
P1,loss,0.5,43,172.0,20,1.7254453861866328,0.28444994193557965,1.75249040846021,0.05483097424605956,68.732,1.6152218104260658,0.05562781207243809
P1,loss,0.5,44,176.0,20,1.8144002639812054,0.17596813129580566,1.7580137782052456,0.05746080075911521,72.21000000000001,1.6211765304039005,0.057781436005427726
P1,loss,0.5,45,180.0,20,1.697032394183451,0.28977832793135117,1.756327448131875,0.055939241798888074,69.668,1.6197763358711401,0.05578291244787462
P1,loss,0.5,46,184.0,20,1.7328633668505247,0.22531383483034037,1.757442734796334,0.053553219426049556,71.42699999999999,1.6208126778899707,0.05331883654740784
P1,loss,0.5,47,188.0,20,1.8398129837522255,0.26670957170228904,1.7617879350510173,0.061885443680720624,70.85900000000001,1.6248634135817983,0.061391591201849616
P1,loss,0.5,48,192.0,20,1.8312622021086185,0.3148838944292983,1.7704441722107247,0.05677957239614175,70.284,1.6336695214088626,0.055230025460349115
P1,loss,0.5,49,196.0,20,1.8326734790838983,0.20884854654212218,1.7716170889716985,0.05170314236814395,71.474,1.6346516466540575,0.05021586640214481
P1,loss,0.5,50,200.0,20,1.7673270664703824,0.24173188898168568,1.7708315087295496,0.05111837507877938,71.104,1.6343287151444486,0.05017865184250161
P1,loss,0.5,51,204.0,20,1.7290656680021361,0.2618466773154709,1.774923911669911,0.05711000814354153,67.361,1.6378134615923112,0.055868593470600796
P1,loss,0.5,52,208.0,20,1.6916971250183241,0.285370236116277,1.772463935622722,0.05406084533410108,67.22999999999999,1.635701493822412,0.053302777126845856
P1,loss,0.5,53,212.0,20,1.7450894096357743,0.2480074346160542,1.7684230691926905,0.050671257800118455,68.571,1.6320435554834305,0.05045505802932479
P1,loss,0.5,54,216.0,20,1.7498669911055917,0.2326486415415509,1.771862036805396,0.058683574414982065,69.702,1.636125306334625,0.05930077909920297
P1,loss,0.5,55,220.0,20,1.8112818643626056,0.22513426932295508,1.7715033966917737,0.054901751217149165,72.965,1.636164338233419,0.056003538096392344
P1,loss,0.5,56,224.0,20,1.6965443551395343,0.3408876457961299,1.7687277504228098,0.04782427359107194,64.525,1.6331706371274142,0.04857844709750073
P1,loss,0.5,57,228.0,20,1.7441389879553395,0.267929719424744,1.7660862338787537,0.04684573299789413,71.856,1.6297647129268658,0.04871437291854784
P1,loss,0.5,58,232.0,20,1.7433133215003078,0.25491040005297644,1.7619741032172243,0.0452566675274806,70.601,1.6264820701080676,0.04657377945204145
P1,loss,0.5,59,236.0,20,1.8246472010071777,0.21609877230354121,1.764924616918726,0.04660119561210535,71.659,1.6299359981913593,0.04782004923947161
P1,loss,0.5,60,240.0,20,1.8641954865694885,0.18097987918222008,1.7711010085853083,0.0510916832973163,72.414,1.635935669733782,0.05292290295050788
P1,loss,0.5,61,244.0,20,1.7189325092678716,0.20649548407475493,1.7674530387973495,0.05482987407177023,70.535,1.6329945804424608,0.056067019159734034
P1,loss,0.5,62,248.0,20,1.8280061782376087,0.20463769433510443,1.767632984566505,0.054108162502759,72.771,1.6335202065013212,0.055859025122587225
P1,loss,0.5,63,252.0,20,1.8473180772641133,0.18802253122119283,1.76832123065582,0.054720286233753385,72.917,1.6335215410541644,0.057424704807488666
P1,loss,0.5,64,256.0,20,1.8231962031001085,0.27468912266180334,1.7739527724693154,0.05278380946002467,70.763,1.639014386540707,0.05523080987798561
P1,loss,0.5,65,260.0,20,1.776158576856733,0.23496330123555717,1.7726868417742263,0.04864908065215302,71.361,1.637336712441583,0.05056241405850061
P1,loss,0.5,66,264.0,20,1.8031461612284065,0.29173038803410567,1.7766480829808953,0.04641541480351138,71.38300000000001,1.641606696534956,0.04837468352845493
P1,loss,0.5,67,268.0,20,1.7240167765189607,0.29289004660299867,1.7744572814154806,0.04522149291620671,69.52799999999999,1.6411981505308453,0.04694297347568226
P1,loss,0.5,68,272.0,20,1.764328671175623,0.24496721167283927,1.7760126128150404,0.04095916484456393,70.183,1.6428029387333023,0.04260813528877447
P1,loss,0.5,69,276.0,20,1.8695180625612131,0.28807275977035707,1.7782173247582407,0.0408135110924471,70.19,1.6441572109455145,0.04337618779169379
P1,loss,0.5,70,280.0,20,1.771230233015014,0.31540612960067127,1.7811852383115032,0.039227408211820726,70.033,1.6480436449333347,0.04069435271469693
P1,loss,0.5,71,284.0,20,1.7997016415724887,0.21476439173766937,1.7838587693003816,0.039006881333498174,70.628,1.650971392166393,0.041018018959078334
P1,loss,0.5,72,288.0,20,1.7290024336299408,0.3064607144121521,1.7794263472954903,0.0417348981609599,68.81,1.6468272267574666,0.0441577582568961
P1,loss,0.5,73,292.0,20,1.8500261009612373,0.19346452158543842,1.780176903249595,0.044137712321337154,75.025,1.6477044769692022,0.04580722526891948
P1,loss,0.5,74,296.0,20,1.75687754963106,0.2734855982191147,1.7771450660714816,0.04788993244039803,69.21700000000001,1.644188728771947,0.049564659901957235
P1,loss,0.5,75,300.0,20,1.872300766137177,0.2338099616056348,1.7813440140581533,0.049682262812313964,71.204,1.6488187165930732,0.0509394314267704
P1,loss,0.5,76,304.0,20,1.831060059145966,0.18036347907659459,1.7854237897039067,0.05342360342486759,72.99600000000001,1.6531274110179262,0.05456174923992902
P1,loss,0.5,77,308.0,20,1.8208238617585668,0.26465510729171726,1.7905888591735164,0.054766193812399645,71.551,1.6585251757798278,0.05543149850127901
P1,loss,0.5,78,312.0,20,1.7753667896321599,0.18383051655567645,1.7917999543733718,0.05371794294466802,71.685,1.6597411338870809,0.05485069343195393
P1,loss,0.5,79,316.0,20,1.7697214165276798,0.24065253471701242,1.7925941313902551,0.05265145895365683,68.845,1.6602833191812536,0.05330354198242475
P1,loss,0.5,80,320.0,20,1.8773600718325294,0.2568421550654098,1.7952372596890522,0.04980357341012801,72.607,1.6623047195959326,0.04959036873742937
P1,loss,0.5,81,324.0,20,1.750491540542803,0.2965811591981371,1.797395147105183,0.048326458200180854,68.588,1.6643959748341017,0.04713623960680544
P1,loss,0.5,82,328.0,20,1.6983758631990855,0.31879425715138276,1.7955646221149326,0.05202603573499335,65.78999999999999,1.6629948342204681,0.05182132848025982
P1,loss,0.5,83,332.0,20,1.744384402380033,0.24951737034462296,1.795607465350122,0.05714075191847034,70.354,1.6622779257743328,0.05745078706290058
P1,loss,0.5,84,336.0,20,1.8045380883817397,0.2863118854798832,1.7948031008451042,0.06159971723996415,69.382,1.661513809587991,0.0612757263577342
P1,loss,0.5,85,340.0,20,1.7809708986729915,0.29703519650913407,1.7914741173292446,0.06474184172623781,70.36699999999999,1.6586250743908066,0.06374994415090805
P1,loss,0.5,86,344.0,20,1.8478118237844303,0.2210055416929401,1.7966292899099066,0.0645541165215367,71.49,1.6632811264334453,0.0630256257140349
P1,loss,0.5,87,348.0,20,1.818525475240881,0.2217086679131545,1.7962500617900374,0.06124336334855628,68.816,1.6630225398034881,0.06029380956802046
P1,loss,0.5,88,352.0,20,1.7386160878101151,0.271843240881153,1.7919019822118778,0.06036558221589064,68.549,1.6589470934379513,0.05924493301362351
P1,loss,0.5,89,356.0,20,1.7888919501375693,0.25171561191571035,1.7905298120933761,0.06148154305213996,67.333,1.65825764447827,0.061727485257508555
P1,loss,0.5,90,360.0,20,1.7119611292996477,0.26565171558837375,1.7879619141910925,0.060995535936351854,67.861,1.655411267527875,0.06090196668441423
P1,loss,0.5,91,364.0,20,1.797566571943575,0.24749245309803714,1.7877387306196995,0.05981015617416829,71.036,1.655686531964759,0.06067680454308529
P1,loss,0.5,92,368.0,20,1.7392942389297708,0.3031551311860964,1.788349829116132,0.05995155582828461,66.828,1.6550889910406017,0.060042107418962216
P1,loss,0.5,93,372.0,20,1.8017631639763394,0.27209258635997213,1.7898472088281605,0.06023319479549953,71.235,1.6567702817717715,0.06007697496286764
P1,loss,0.5,94,376.0,20,1.849547131434882,0.2717626928420503,1.7890483715831074,0.06464493380422848,71.311,1.6572459401294082,0.06539078026972059
P1,loss,0.5,95,380.0,20,1.7081940610928794,0.22378830175562126,1.7865269247062219,0.0565692387878258,67.921,1.653276381509119,0.05760122943550815
P1,loss,0.5,96,384.0,20,1.706776600406838,0.35036554029531886,1.782809923059596,0.058581917703415434,65.194,1.6498816768102427,0.058701915977556425
P1,loss,0.5,97,388.0,20,1.7807284878722556,0.21151385488964056,1.7848789652292887,0.05652075307886446,70.924,1.6520779823011975,0.05600148558387162
P1,loss,0.5,98,392.0,20,1.8266155574885239,0.2319962113093749,1.78394254349038,0.05168921823826652,72.221,1.6515492170547876,0.05112741176328876
P1,loss,0.5,99,396.0,20,1.8780954120114326,0.23106789779535883,1.788791257985595,0.047805563932300746,71.014,1.656443042776076,0.0467678604639259
P1,loss,0.5,100,400.0,20,1.777814389581236,0.3041538378985258,1.785011802923357,0.04868165752345276,66.241,1.6525138205125967,0.04811239115756045
P1,loss,0.5,101,404.0,20,1.7901675159266563,0.2736518319726579,1.783376101194585,0.043168705938357886,68.87100000000001,1.6507500794667007,0.043398886847375084
P1,loss,0.5,102,408.0,20,1.8104263074100804,0.19912182866106481,1.7829601990206452,0.04697251175253472,72.73299999999999,1.6501676485809142,0.04663152538049816
P1,loss,0.5,103,412.0,20,1.8089609583767214,0.29990483004976226,1.7843039657704278,0.04651812054378325,69.514,1.6510360402660305,0.04680887332284214
P1,loss,0.5,104,416.0,20,1.8605344409187707,0.2058332046806991,1.7879364867460716,0.04553007210803669,72.42,1.65477808012424,0.04689920662582454
P1,loss,0.5,105,420.0,20,1.8212591965734806,0.27288140456694737,1.7856924517357093,0.0515541843073299,70.7,1.6529829328531433,0.052776933357500416
P1,loss,0.5,106,424.0,20,1.84458915342748,0.2217309764912903,1.7894563562510968,0.05496545110037091,72.62,1.6566919485946041,0.05751342844055395
P1,loss,0.5,107,428.0,20,1.6868307751929321,0.2787852803071509,1.7889945527308506,0.053141343895213466,63.862,1.6556570979972758,0.05568910622168886
P1,loss,0.5,108,432.0,20,1.714667168757875,0.275161972554427,1.7878058633859641,0.05126540163710151,67.297,1.6552922575918618,0.053197990226607164
P1,loss,0.5,109,436.0,20,1.7771533853271795,0.23499306207690598,1.786710475263782,0.049983462738131985,68.649,1.6542091819373461,0.05163438725702106
P1,loss,0.5,110,440.0,20,1.8372953800311307,0.16560058988615425,1.7889634545181075,0.04840121532695347,72.664,1.6561693520866534,0.04951242928625735
P1,loss,0.5,111,444.0,20,1.8626857909226284,0.16910412677402967,1.789558413203635,0.050875151044951425,73.959,1.6577303738865115,0.05205360198946631
P1,loss,0.5,112,448.0,20,1.8199292438489647,0.2577522084596666,1.7896145639479584,0.052616935264160794,72.839,1.6576108909008815,0.05383542621642202
P1,loss,0.5,113,452.0,20,1.852222850430173,0.19581220385372816,1.794158834452761,0.049592480601262055,72.154,1.662830639936465,0.05013838884554298
P1,loss,0.5,114,456.0,20,1.835436308181429,0.24950111804291067,1.7960206087745152,0.0466473539397703,70.401,1.6637257820802573,0.04750660230608871
P1,loss,0.5,115,460.0,20,1.836651515256672,0.271355174678976,1.801008224212796,0.05023437671841134,70.537,1.6689460928108304,0.04988816086870302
P1,loss,0.5,116,464.0,20,1.853143980238111,0.238874112140275,1.8032313205445778,0.050757852933192966,73.59700000000001,1.6709406842279713,0.05003993641847789
P1,loss,0.5,117,468.0,20,1.8068144491666562,0.20273933461269747,1.805932128954053,0.0499912569018847,72.7,1.6742991232634168,0.0505907467924769
P1,loss,0.5,118,472.0,20,1.925401501686459,0.18900507928802973,1.8108776624624578,0.04569448705627545,74.231,1.6790346722917389,0.045819623231093815
P1,loss,0.5,119,476.0,20,1.863117648449719,0.2114666229852889,1.8114204831430514,0.04227104103160484,72.958,1.6796838044053382,0.04358913518057728
P1,loss,0.5,120,480.0,20,1.814757116136294,0.2767354236102249,1.815683005344788,0.04920587880798071,69.703,1.6844021983090922,0.05030766102814742
P1,loss,0.5,121,484.0,20,1.8666339606253644,0.20118517786333676,1.8220772997535288,0.04301713596052681,72.545,1.6904581067892248,0.044125193760026916
P1,loss,0.5,122,488.0,20,1.854495324617591,0.24332780901601236,1.8250279732233423,0.05027851599992055,70.69500000000001,1.6936397166273776,0.05092602773759934
P1,loss,0.5,123,492.0,20,1.7680401838145958,0.23306672319553626,1.8226849582763855,0.04794938270549913,67.812,1.691287958793716,0.0488345215964797
P1,loss,0.5,124,496.0,20,1.8848015882700935,0.17377231552526684,1.8229532053267317,0.049560271152544355,72.385,1.6917871422124016,0.048597858326977224
P1,loss,0.5,125,500.0,20,1.7102260924108346,0.2861826754209057,1.8202496734399158,0.04674432992502482,66.345,1.6889750743711107,0.04692563344537155
P1,loss,0.5,126,504.0,20,1.6880933974106445,0.2518487242920838,1.816166708699275,0.04494482303253455,65.726,1.6853795902305737,0.044955410865210946
P1,loss,0.5,127,508.0,20,1.8612647727125844,0.24066099971781366,1.8182002473113754,0.04482294224626928,69.285,1.686792642551934,0.04505013044089678
P1,loss,0.5,128,512.0,20,1.830104286879059,0.2119235057181861,1.819045980451469,0.042480074723761814,71.563,1.6878501190960626,0.04293828578345239
P1,loss,0.5,129,516.0,20,1.9072159438760559,0.17165055770532348,1.8209132405697601,0.04420629312463366,74.791,1.690380234879124,0.04411504777383749
P1,loss,0.5,130,520.0,20,1.8690233014212665,0.22578095503029916,1.8228238047636718,0.038357170094069665,71.781,1.6922247359587055,0.03866663576220628
P1,loss,0.5,131,524.0,20,1.8213439235760451,0.24314485939107014,1.8218939955696143,0.03984472679066344,70.756,1.6915121021397126,0.03976663666519204
P1,loss,0.5,132,528.0,20,1.9161221852340167,0.19570847528252172,1.8310656519712576,0.04160923100460673,73.281,1.7018244207244912,0.0420412743176125
P1,loss,0.5,133,532.0,20,1.8676159916218407,0.24020899451442373,1.8371836048858163,0.03863489027329389,70.515,1.7075891403229608,0.03938305273571855
P1,loss,0.5,134,536.0,20,1.8128613817102852,0.21490236751817224,1.8386119247411403,0.038511867860045776,71.148,1.7088244441410372,0.03739129184414832
P1,loss,0.5,135,540.0,20,1.8647278791956197,0.16364341496017684,1.83970922470772,0.04183119096314991,73.02000000000001,1.7106983607656612,0.04019580702676121
P1,loss,0.5,136,544.0,20,1.7646136182433125,0.2914231823273367,1.8357863378005477,0.04526802378738205,69.39099999999999,1.7064287071745774,0.043976815929200795
P1,loss,0.5,137,548.0,20,1.8216510654032727,0.27526730649650594,1.8358552106627197,0.04089432645244201,66.83500000000001,1.706188837150045,0.03921203810576286
P1,loss,0.5,138,552.0,20,1.838656967910175,0.29799916462134113,1.83531257536192,0.04789183581068966,68.72999999999999,1.7044132996247239,0.046661915764230504
P1,loss,0.5,139,556.0,20,1.8929592690988415,0.21918799355057594,1.8376134937986162,0.046988011197170255,73.53099999999999,1.7072353768819066,0.046244872434865796
P1,loss,0.5,140,560.0,20,1.8982799077799029,0.1711010599643589,1.8400786294995455,0.042752736700437034,73.357,1.709897512065505,0.041494992572830486
P1,loss,0.5,141,564.0,20,1.7919163661490398,0.2606783710644564,1.8376295249359829,0.04905347016561251,69.49600000000001,1.7072807923958897,0.048729314913185884
P1,loss,0.5,142,568.0,20,1.7960821816729122,0.2134943373974131,1.8372002342362328,0.0516560116598192,72.204,1.7064188064038484,0.05085450949139168
P1,loss,0.5,143,572.0,20,1.734535775720318,0.26412441394734615,1.8295656051975875,0.046388467680114814,66.74199999999999,1.6992172347888963,0.045709983115191775
P1,loss,0.5,144,576.0,20,1.8040855861038803,0.28940863365031166,1.827204322703754,0.0456901515506093,68.736,1.6962526413793875,0.04560731639056746
P1,loss,0.5,145,580.0,20,1.8111386481141392,0.2782557752598374,1.8270595839828676,0.04913923663544455,71.10900000000001,1.6962823982611916,0.0493027447306966
P1,loss,0.5,146,584.0,20,1.8143174224036855,0.29938361085503745,1.8249669224540006,0.051066583318228526,68.433,1.6942368655476372,0.051598016593711264
P1,loss,0.5,147,588.0,20,1.8736220917531081,0.24160762591075205,1.8257319931394211,0.058410635245598225,71.87899999999999,1.695422319057683,0.05937895194157401
P1,loss,0.5,148,592.0,20,1.838786272528657,0.19825877017148316,1.8285618366879839,0.06088265286845278,72.204,1.6984554735219206,0.06198317556039736
P1,loss,0.5,149,596.0,20,1.8389360330666402,0.24942646624588366,1.8267272144798454,0.06487605041356327,70.274,1.6965657556076263,0.06600972798281579
P1,loss,0.5,150,600.0,20,1.8629429562922568,0.2025833984572931,1.8328358890351022,0.06493845009528096,71.651,1.7031041249378442,0.06686938849836335
P1,loss,0.5,151,604.0,20,1.8210713648694004,0.25113189135533526,1.8381550077334528,0.062794671756824,69.369,1.7083410915410056,0.06401558972039918
P1,loss,0.5,152,608.0,20,1.709573735578953,0.2175944006386172,1.8320873662481074,0.060359697388705086,67.982,1.7027021619025304,0.06312244726814131
P1,loss,0.5,153,612.0,20,1.8140302310263852,0.2092856307805927,1.8314444040140003,0.05822856224784421,68.488,1.7022738401236743,0.061327540662979296
P1,loss,0.5,154,616.0,20,1.8726298246263777,0.25485842165789624,1.8300609592440131,0.058727046764832036,72.567,1.7004135717634132,0.06155856204817321
P1,loss,0.5,155,620.0,20,1.8449978736327335,0.2692072832041925,1.829099942132472,0.056852708511554155,69.395,1.6992866984697712,0.05908543701276115
P1,loss,0.5,156,624.0,20,1.7625024908184574,0.3234964473058666,1.8267462848221683,0.0553761136120076,64.696,1.6964304027735395,0.05762933657100077
P1,loss,0.5,157,628.0,20,1.932827992493045,0.1901703882734328,1.8274145171125293,0.05600306908086174,71.74600000000001,1.6966723546707292,0.05866399360909031
P1,loss,0.5,158,632.0,20,1.7914364089598742,0.16431752092724627,1.824367333806051,0.056888081886329586,72.14500000000001,1.6938562111987046,0.0596436970915765
P1,loss,0.5,159,636.0,20,1.8923537514264914,0.2795171160334206,1.827547028594699,0.057055904501087745,70.942,1.6965088495983207,0.06029183658938082
P1,loss,0.5,160,640.0,20,1.7174339811886603,0.22541542232079526,1.8216552726744208,0.05479867533069914,66.76,1.6893618945057711,0.05737792104094294
P1,loss,0.5,161,644.0,20,1.7409897044679326,0.2612344943798069,1.8207103161234055,0.05295578057106549,68.07000000000001,1.6887364413174044,0.05470103708630101
P1,loss,0.5,162,648.0,20,1.9480968304492243,0.18958731015858588,1.8257681467252436,0.05085459637047233,73.967,1.693752782007189,0.052569247741754664
P1,loss,0.5,163,652.0,20,1.750386192866999,0.3521078227494143,1.8222373157235165,0.05235011742782666,66.182,1.6905993436593676,0.053436745993008954
P1,loss,0.5,164,656.0,20,1.8965662758658943,0.17619413556330354,1.8223815959941987,0.05481838098265518,72.652,1.6909172400707635,0.05510294891929772
P1,loss,0.5,165,660.0,20,1.9136705323980845,0.20609100863113272,1.822997220978926,0.05596231113576834,73.276,1.6906661294114145,0.056224312937612854
P1,loss,0.5,166,664.0,20,1.8046226262275518,0.32421807845951356,1.8235054713820666,0.05811569693805508,66.4,1.6913464439635462,0.05828128239183382
P1,loss,0.5,167,668.0,20,1.8557634207638298,0.29359365374148244,1.8258927209457032,0.052409120480768116,71.652,1.693458421928631,0.052416740442826106
P1,loss,0.5,168,672.0,20,1.8995587370550182,0.21449517133121374,1.8324936393990914,0.0527088569420418,74.704,1.6998868106355112,0.0528929199650577
P1,loss,0.5,169,676.0,20,1.9037401175549007,0.1893807208036044,1.8364798206571318,0.050395049644913904,73.272,1.7044522469375252,0.051258299567872534
P1,loss,0.5,170,680.0,20,1.859011437432952,0.19821489312810567,1.8383947322298844,0.05143721872473722,73.75800000000001,1.7070827818936194,0.05254253059916567
P1,loss,0.5,171,684.0,20,1.9052310161615265,0.24864133404896663,1.842031275980198,0.05358886145841664,72.711,1.7109798533211191,0.05365691462771419
P1,loss,0.5,172,688.0,20,1.8629990536170105,0.24703253463052718,1.841606354454754,0.054896053538986196,68.30199999999999,1.7098973011697052,0.05554116870418035
P1,loss,0.5,173,692.0,20,1.843987938580942,0.2972313798962653,1.8418144210968457,0.058320815937255084,68.245,1.7097781044905342,0.05876866672523211
P1,loss,0.5,174,696.0,20,1.860292060062638,0.2559383559801114,1.8426686621766855,0.05883006434857688,70.569,1.710867265384135,0.059844060535769066
P1,loss,0.5,175,700.0,20,1.9100497789467368,0.17702080913699286,1.8445529350828647,0.06027725516319677,73.423,1.7129802501371845,0.05969419480690549
P1,loss,0.5,176,704.0,20,1.8601129139709514,0.1929989505238876,1.8461145970469268,0.057312565478314745,71.713,1.714349775525975,0.056627094613444576
P1,loss,0.5,177,708.0,20,1.914891128492045,0.256676641458772,1.8543272927634504,0.058968274822139975,72.58500000000001,1.7229635576367044,0.05847491301731188
P1,loss,0.5,178,712.0,20,1.8320119702783024,0.22414828249133809,1.855046562333527,0.05648833590638983,69.781,1.723789035173672,0.05615221034072413
P1,loss,0.5,179,716.0,20,1.877945313737051,0.26664613363956824,1.8552591818979542,0.05543388302951812,69.839,1.7238169677230963,0.054076083332552045
P1,loss,0.5,180,720.0,20,1.8388700877147197,0.20656176247105487,1.8550140704612335,0.05321707409212893,70.6,1.7241804957069653,0.05159374336633372
P1,loss,0.5,181,724.0,20,1.8746215255881276,0.2135503959888148,1.8594988318520205,0.05371519554515116,71.486,1.7290165762907166,0.05277064090445508
P1,loss,0.5,182,728.0,20,1.8785300129498892,0.21064160501673826,1.857326912670294,0.05406928767195576,71.08200000000001,1.7268445536428758,0.05297342677925694
P1,loss,0.5,183,732.0,20,1.8265685157272127,0.2563024329741819,1.8587321969409878,0.053719377188932514,69.47200000000001,1.7281311105467818,0.05267133430973368
P1,loss,0.5,184,736.0,20,1.848250980583933,0.23693331601271575,1.8569680861072855,0.055670510460545365,69.923,1.7267095760193392,0.05548018907856342
P1,loss,0.5,185,740.0,20,1.8785683678552878,0.2921341864419431,1.8634134615739506,0.054426045464857485,70.111,1.7334246876474115,0.05376724266894023
P1,loss,0.5,186,744.0,20,1.805056627055465,0.25772228090091526,1.8659761384774516,0.05749437797543229,70.272,1.7360393562736234,0.05649391812523262
P1,loss,0.5,187,748.0,20,1.8593479920210754,0.19732058604490438,1.8624261849403259,0.05444251281842801,71.334,1.7332318755766423,0.05385101625637108
P1,loss,0.5,188,752.0,20,1.8228759939755466,0.23567888769408926,1.8653257769846676,0.060014350458787696,69.435,1.736027794573907,0.05908978717998926
P1,loss,0.5,189,756.0,20,1.8298548007227726,0.2304146565672328,1.8626573179789427,0.06461592916218166,71.183,1.7335174317916693,0.06333335811194118
P1,loss,0.5,190,760.0,20,1.8433326599553232,0.20805962700543532,1.8598438030812325,0.0638263459449771,70.53,1.7313604611257225,0.0621878753225002
P1,loss,0.5,191,764.0,20,1.7488368328225594,0.2748355157848733,1.8576123713450325,0.06521328805384796,67.33200000000001,1.7287288224572932,0.06464661608179618
P1,loss,0.5,192,768.0,20,1.9183499668342658,0.22070985081382566,1.8601158331878502,0.06396516920373438,72.20599999999999,1.7317750675386,0.063306546792492
P1,loss,0.5,193,772.0,20,1.8505074837405147,0.22808756015185325,1.8581537830552697,0.06166903914070532,72.348,1.7303307618447163,0.06102038175806108
P1,loss,0.5,194,776.0,20,1.9243067122924273,0.17062166903685358,1.8589764468447711,0.06071746503206121,73.40599999999999,1.7312953294107305,0.05962407208094157
P1,loss,0.5,195,780.0,20,1.8661049079741925,0.18540133617803609,1.8592601856664206,0.05780170167083563,73.039,1.731051804911118,0.05713979915075075
P1,loss,0.5,196,784.0,20,1.8732113546603273,0.23227337141988125,1.8579793992063727,0.059276633192444805,71.709,1.7304276661489488,0.0581132298620227
P1,loss,0.5,197,788.0,20,1.909255796669255,0.201490827365524,1.8598296689284628,0.05835007857154891,73.029,1.7325006466832478,0.05635116100102901
P1,loss,0.5,198,792.0,20,1.9289036708374527,0.20129047358477842,1.8632262982187229,0.056936129392042574,73.08099999999999,1.7358989314313458,0.05385469171200422
P1,loss,0.5,199,796.0,20,1.8908707866708288,0.2698712415971543,1.8644494472830506,0.06250772977487697,70.478,1.7373747447481307,0.05930136569663239
P1,loss,0.5,200,800.0,20,1.8876659181383857,0.19123893105497058,1.8635540928507166,0.06046613038599269,72.17699999999999,1.7357786143199352,0.05734286809234108
P1,loss,0.5,201,804.0,20,1.8745645894973482,0.20549173717167268,1.8641321598717724,0.06282983509259517,74.08099999999999,1.7367616477145038,0.06010424211110527
P1,loss,0.5,202,808.0,20,1.9011686182302268,0.16611560836951472,1.8635832594612995,0.05737488904185157,73.166,1.7361376826377093,0.0552674034978074
P1,loss,0.5,203,812.0,20,1.9364139970769263,0.21902938115880458,1.8677593405332444,0.06192434011269388,72.926,1.7400060037510408,0.05910978765235872
P1,loss,0.5,204,816.0,20,1.873113272256291,0.210726903875874,1.8675660588740144,0.0614588716583705,71.388,1.740212825557925,0.05736610309979492
P1,loss,0.5,205,820.0,20,1.8361091551671382,0.27022104133518116,1.8674556215721112,0.061744781079094875,68.904,1.739314493791459,0.05897368892062933
P1,loss,0.5,206,824.0,20,1.8695614941784755,0.23000799256106508,1.867253220315725,0.06413369828129153,71.567,1.739486588137763,0.06028055943254665
P1,loss,0.5,207,828.0,20,1.8954855757330997,0.1772333651926851,1.8679314428270533,0.06405126242981761,73.808,1.7403082664173273,0.06007305931797521
P1,loss,0.5,208,832.0,20,1.8088030716345949,0.24694687320654582,1.8672208250633484,0.06688957613330128,69.71000000000001,1.7392960966619,0.06402080146495762
P1,loss,0.5,209,836.0,20,1.8380541254058749,0.19622637406173857,1.8668129508562263,0.06468925136774008,71.20599999999999,1.7398409901733498,0.06211257110547558
P1,loss,0.5,210,840.0,20,1.9428300315719607,0.16494190449093074,1.869383417404893,0.06368669262914771,74.099,1.7434358229920632,0.06004206322605085
P1,loss,0.5,211,844.0,20,1.878372911277139,0.24426693634031516,1.8723160687737601,0.06974870117539626,71.97200000000001,1.746827553512508,0.06560893722055397
P1,loss,0.5,212,848.0,20,1.9653735033740793,0.21839062473395557,1.8765570892278802,0.07264650876150058,74.184,1.7504616934699908,0.06825157454671246
P1,loss,0.5,213,852.0,20,1.9994808525611738,0.13422306391410702,1.8836212835713053,0.07045308070877243,74.714,1.7586191107828935,0.06635012762341887
P1,loss,0.5,214,856.0,20,1.9019492355837202,0.2605557563140548,1.886505060965743,0.0703118870181478,72.91,1.7611975596724168,0.06704335820555311
P1,loss,0.5,215,860.0,20,1.912982224516395,0.19139441513403013,1.889291043548186,0.07097462670572534,71.88300000000001,1.7637479499113522,0.06837366222600919
P1,loss,0.5,216,864.0,20,1.996282226201572,0.16354354305937482,1.8991888592833466,0.07086161119779252,75.588,1.7742422995316651,0.06783378345836003
P1,loss,0.5,217,868.0,20,1.8471366842339,0.20046050143294214,1.8963403279793318,0.07193619881699513,71.568,1.7709099606746244,0.06933970504839923
P1,loss,0.5,218,872.0,20,1.8959376959335135,0.23678450118384584,1.898157536467052,0.07707129296225199,71.10600000000001,1.7723665380190436,0.07540421381948224
P1,loss,0.5,219,876.0,20,1.87215122383259,0.2579637571069505,1.8960713169286585,0.07705629731226313,70.176,1.7708600391221399,0.07561960241005279
P1,loss,0.5,220,880.0,20,1.926255001399685,0.2653824502432359,1.898477320665678,0.07766184407306913,72.42,1.7732793382549175,0.07634855316571845
P1,loss,0.5,221,884.0,20,1.8421198264155092,0.2721463148886819,1.8972336595358854,0.07541772057756328,71.548,1.7715698209430244,0.07495541401213587
P1,loss,0.5,222,888.0,20,1.9378799158672826,0.21760027458128767,1.8983786243038065,0.07235175847241179,73.47200000000001,1.7721899538433825,0.07192874954915282
P1,loss,0.5,223,892.0,20,1.926588759605875,0.25151850785277097,1.8982860278545435,0.06862822846205578,72.53999999999999,1.772232380673995,0.06785820932784703
P1,loss,0.5,224,896.0,20,1.789074060361056,0.28994321780542814,1.8942141588021524,0.056842301737564174,66.759,1.768038007741625,0.05680374789694725
P1,loss,0.5,225,900.0,20,2.0278104171976246,0.1434509807294121,1.8998199387645223,0.06142963055525234,74.583,1.773440683720549,0.06134575023450411
P1,loss,0.5,226,904.0,20,1.944437211915893,0.21996176604228887,1.9026148436612638,0.06028698020939224,73.738,1.7761285011884236,0.05951644217346314
P1,loss,0.5,227,908.0,20,1.90815233803722,0.27052795105029903,1.9028941924535434,0.06515773569929174,71.092,1.7761486673630107,0.06436757588908971
P1,loss,0.5,228,912.0,20,1.9605181699495033,0.3335712096621284,1.9038583593684468,0.06267702967651678,71.446,1.7768011943399933,0.0615970800474002
P1,loss,0.5,229,916.0,20,1.944523873608551,0.1713226108957592,1.906714783422537,0.060614830686010944,73.702,1.779269361798119,0.06008988298439778
P1,loss,0.5,230,920.0,20,1.9211976966931785,0.25068195822328176,1.9101183250835785,0.061871540937236374,72.33099999999999,1.7833275335678,0.06189449463775663
P1,loss,0.5,231,924.0,20,1.8998948385766234,0.28361359892956783,1.9113316588595048,0.06357789315718293,72.036,1.7843090515134103,0.06289712316807906
P1,loss,0.5,232,928.0,20,2.0055473746838723,0.18635404449192544,1.9157341308175355,0.06222374111705827,72.857,1.7886922270410224,0.06207736926207815
P1,loss,0.5,233,932.0,20,1.8495971767867676,0.27953674195118566,1.9173658950236223,0.0654791829589235,68.702,1.79045570361131,0.06523521783130339
P1,loss,0.5,234,936.0,20,1.9286967183192043,0.2863384307082711,1.9209915987401556,0.07035627039903339,70.852,1.7936403830133059,0.07118117948813493
P1,loss,0.5,235,940.0,20,1.9304668967687415,0.22927612409374387,1.9204970733480269,0.06993612807459147,72.60900000000001,1.7925372182005876,0.07185095824714775
P1,loss,0.5,236,944.0,20,1.938506402114411,0.26185895535197923,1.9229024129815175,0.07390251054416323,70.796,1.7943633027901054,0.07565931032157433
P1,loss,0.5,237,948.0,20,1.9507522182941937,0.20402933091555825,1.9223175615783223,0.07424563137084579,72.146,1.794191643316553,0.07584372851582033
P1,loss,0.5,238,952.0,20,1.863155261308157,0.2723081756772133,1.9168645379282014,0.07574503184001344,69.461,1.7878655725893502,0.07684695130451029
P1,loss,0.5,239,956.0,20,1.95717103774581,0.20475936975465878,1.9190734100146851,0.07404463015510425,72.889,1.7896999490731436,0.07557310845375316
P1,loss,0.5,240,960.0,20,1.9003239004812449,0.19228036363308934,1.9185670770532792,0.07605852652459788,71.695,1.7886602482896994,0.07720695029336837
P1,loss,0.5,241,964.0,20,1.931032093448834,0.2586295037907584,1.9159570717431698,0.07826861813961922,69.816,1.7859516915051976,0.07894758709595939
P1,loss,0.5,242,968.0,20,1.967629606192683,0.2706169741401298,1.9207767886215208,0.07977691840252572,71.402,1.790882272325608,0.0813814252333595
P1,loss,0.5,243,972.0,20,1.9354492045324687,0.18996232994205162,1.9223572489654792,0.07701804603788395,73.56,1.792733555225179,0.07831718309571263
P1,loss,0.5,244,976.0,20,1.9837643287012205,0.2526365871190719,1.9268217731602246,0.07845215490986734,73.902,1.7957376552088533,0.07949477020391373
P1,loss,0.5,245,980.0,20,1.908978607757494,0.19820650224780173,1.9261307174145368,0.07916580352813997,70.783,1.794620888133626,0.08052936339371577
P1,loss,0.5,246,984.0,20,1.9331491920345194,0.2554259714156027,1.929771892039297,0.08189880996804738,70.759,1.7978813591888059,0.08312506818812569
P1,loss,0.5,247,988.0,20,1.953877683512145,0.21503094266305556,1.9304118027450916,0.08342323181153342,73.925,1.7988158379235706,0.08503475253898375
P1,loss,0.5,248,992.0,20,2.0331795837202096,0.19067856953809564,1.934675435709665,0.08858739112967785,74.295,1.8023630715089407,0.09061553523181257
P1,loss,0.5,249,996.0,20,2.010347562267616,0.1684957116944544,1.9435263757859276,0.09006794046831668,72.229,1.8115304109644064,0.09216474748814923
P1,loss,0.5,250,1000.0,20,1.9359498011561516,0.21113689378377712,1.9398519511442687,0.08983163308465525,74.803,1.8081646257433373,0.09181748933619004
P1,loss,0.5,251,1004.0,20,2.0514474860260523,0.13254693820139246,1.9441323621086748,0.0907043686680037,73.783,1.811941156728437,0.09234150858124261
P1,loss,0.5,252,1008.0,20,1.9497390927150478,0.21961456967094314,1.9457958322957882,0.08580638131183212,73.089,1.8132574981002372,0.08763037409894014
P1,loss,0.5,253,1012.0,20,1.917242165875916,0.2833291641301017,1.9440647921328444,0.08634739586666075,70.255,1.8123334419000456,0.08750252633120559
P1,loss,0.5,254,1016.0,20,1.9510155972106908,0.15527634361743134,1.9443244610769301,0.08676407122659129,74.096,1.812797094289553,0.08816437270623424
P1,loss,0.5,255,1020.0,20,1.9402937499297288,0.257192630430535,1.9450883032063921,0.08972410960772369,71.466,1.8133833368328793,0.09020026081878245
P1,loss,0.5,256,1024.0,20,2.0298850143766147,0.1827400228249826,1.9502879102383919,0.08510458802155219,73.419,1.818635711583451,0.08554997904500708
P1,loss,0.5,257,1028.0,20,2.054118536709466,0.13176235042507728,1.9522307567194155,0.08706430103426084,75.466,1.8208088219030678,0.08726473100480228
P1,loss,0.5,258,1032.0,20,1.9674000155378106,0.2542467163594838,1.9569428702694573,0.08628275746192751,72.047,1.8249373348323128,0.08577575753137194
P1,loss,0.5,259,1036.0,20,1.8965669453297411,0.24597829872821447,1.9556576793498788,0.08158645879431833,70.604,1.823619655552672,0.08039404452161528
P1,loss,0.5,260,1040.0,20,1.9951643383602746,0.18098698276614517,1.95824557701354,0.08039467395258001,72.23400000000001,1.826203673237027,0.08012458230883156
P1,loss,0.5,261,1044.0,20,1.940859352163902,0.22861404354615655,1.9583396950155199,0.07655267882191459,69.418,1.8261178636652868,0.07664560564978935
P1,loss,0.5,262,1048.0,20,1.9859495300773744,0.22966721769596285,1.9597475874868469,0.07446511478637989,73.614,1.8271854043518236,0.07466733363601293
P1,loss,0.5,263,1052.0,20,1.8259791533518341,0.27857129230347616,1.9582605431685942,0.07987481638976761,67.03999999999999,1.8263083445136534,0.08052661957810683
P1,loss,0.5,264,1056.0,20,1.9773508347653999,0.2127970461823615,1.9590677350493777,0.08261981189097391,72.239,1.8277806165806758,0.08295503414174923
P1,loss,0.5,265,1060.0,20,1.9570251567281165,0.19355483745072488,1.9613357852992526,0.08401198077888991,73.931,1.830967601129568,0.08463798939747998
P1,loss,0.5,266,1064.0,20,1.988923051296701,0.16825865966770404,1.963651423613167,0.08175837613436665,74.354,1.833306726251553,0.08215633251607367
P1,loss,0.5,267,1068.0,20,2.037887401909559,0.19430395102839124,1.966461735441842,0.08105517737963268,75.865,1.8357482848469118,0.08118754766501263
P1,loss,0.5,268,1072.0,20,1.9763905309319671,0.20457060305096547,1.9680993884978222,0.08223688347901047,72.834,1.8374222027761458,0.08170291114427386
P1,loss,0.5,269,1076.0,20,1.9602656344678526,0.23861095392059972,1.9671594407284876,0.07938845156953896,71.749,1.8368674076193308,0.07968071331365045
P1,loss,0.5,270,1080.0,20,1.9609138171572655,0.1888567730720711,1.9692368491044783,0.07942099934092889,74.791,1.839579942741312,0.07894639763265883
P1,loss,0.5,271,1084.0,20,2.0230361454910986,0.14771032710671078,1.9728323272427413,0.0805061322725105,75.272,1.8433678678531915,0.07928333244991462
P1,loss,0.5,272,1088.0,20,1.9706057398783305,0.2216553848042643,1.9735014494973888,0.0784051077755965,72.91499999999999,1.8441525100250657,0.07748844871651855
P1,loss,0.5,273,1092.0,20,1.9966349386154334,0.25668155680967997,1.9720396636931976,0.0770440216789933,73.022,1.8431495964402231,0.07641098976564153
P1,loss,0.5,274,1096.0,20,1.911854122602699,0.3034174318569207,1.968099926106601,0.08140235276440864,70.221,1.8385609711143611,0.0808671146239272
P1,loss,0.5,275,1100.0,20,2.0478580009161913,0.1563699025760535,1.9725762540970027,0.08500341228910475,75.37100000000001,1.8430387476303705,0.08450063273027726
P1,loss,0.5,276,1104.0,20,1.9710203683256953,0.2685206239199564,1.9693591693889885,0.08495298975435991,70.803,1.8404091435224597,0.08494916910992327
P1,loss,0.5,277,1108.0,20,2.0477742734941886,0.16905890101083396,1.973280576620154,0.08425569843324592,73.099,1.8443150308363983,0.0847429252525973
P1,loss,0.5,278,1112.0,20,1.936185596561457,0.31628903671396114,1.9740383138475757,0.07891038770677951,72.184,1.8450543510953772,0.07933352937544859
P1,loss,0.5,279,1116.0,20,2.0032629757426283,0.15623908016236823,1.9761282089888532,0.08081417157513363,73.14500000000001,1.8472542307167372,0.08034458542533703
P1,loss,0.5,280,1120.0,20,2.020406238492025,0.16948793158162878,1.979332708531345,0.08000300123863444,74.29299999999999,1.8509378818370874,0.08032478016500884
P1,loss,0.5,281,1124.0,20,2.006600484328417,0.2180325617361076,1.9784013273294172,0.08213991869612092,73.567,1.8498097080847198,0.08237204325038273
P1,loss,0.5,282,1128.0,20,1.980556830393341,0.2503153241708554,1.975458859076772,0.08441003493545705,71.71900000000001,1.8461773277782725,0.0845024553991603
P1,loss,0.5,283,1132.0,20,1.969944154850867,0.2597263329529148,1.9755606246492945,0.0878756384262141,71.819,1.8471009247010275,0.08759057447126402
P1,loss,0.5,284,1136.0,20,1.9175448946798572,0.3022751047061284,1.976399742623299,0.09059845935165879,71.998,1.8476073473827406,0.09126889188992912
P1,loss,0.5,285,1140.0,20,1.9954374224661788,0.21419646360226471,1.9764106659875353,0.08962580923754798,73.284,1.847249310581431,0.09079942777667709
P1,loss,0.5,286,1144.0,20,2.010898953233821,0.17114702458923953,1.9792122500303322,0.0903696618108498,73.268,1.8498711739827374,0.09152969501938692
P1,loss,0.5,287,1148.0,20,2.0494864292761354,0.13289877844594702,1.9817537259982825,0.09192510679064454,75.023,1.851577833603042,0.09313742967021402
P1,loss,0.5,288,1152.0,20,2.0532137635651058,0.19346820576108467,1.9908431104068132,0.09198086898808037,73.473,1.8600838243230058,0.09317482853908135
P1,loss,0.5,289,1156.0,20,2.001484982002059,0.2166885348380833,1.9918084762962796,0.09325462638781165,72.7,1.8604547256496164,0.09407817593625886
P1,loss,0.5,290,1160.0,20,2.111244018156591,0.11644235980736509,1.9979772307534187,0.09168145516787082,75.892,1.8666496570338118,0.09156655440102761
P1,loss,0.5,291,1164.0,20,1.9837699699873625,0.21578738918542759,1.9977711075010451,0.09302464303019119,71.62100000000001,1.8664355668905952,0.09439654138386945
P1,loss,0.5,292,1168.0,20,1.9981210936397318,0.2238757008100166,1.996180455170252,0.09193885597170642,72.822,1.8654796274413332,0.09275110793198323
P1,loss,0.5,293,1172.0,20,2.0396856562703944,0.20882564643745968,1.998712260183789,0.09036444055912399,74.026,1.8673091044672863,0.09170515662968565
P1,loss,0.5,294,1176.0,20,2.0290732957638395,0.16275522735394354,2.0014645666356286,0.09039482674868443,74.999,1.8701903296982256,0.0916841495838281
P1,loss,0.5,295,1180.0,20,2.031632511057871,0.14659069621359352,2.004293314391653,0.08998941390866298,75.263,1.872928389404586,0.09089371840448973
P1,loss,0.5,296,1184.0,20,1.932862600425586,0.2511623141044106,2.0006863725890325,0.09084081985895232,73.883,1.8695562639496117,0.09180243158997457
P1,loss,0.5,297,1188.0,20,1.936765010393281,0.24576751909935826,1.9993327434096304,0.09204802012187924,71.636,1.8680598515317204,0.09359634766685945
P1,loss,0.5,298,1192.0,20,1.9923348403664227,0.2408328024926427,1.9991607394796698,0.09325058286533278,73.864,1.8679592392210047,0.0950252473232252
P1,loss,0.5,299,1196.0,20,2.051432520234206,0.14742389058601738,2.0047438753849303,0.09262677896361747,76.183,1.8741737253590636,0.09438681073424582
P1,loss,0.5,300,1200.0,20,2.0473992452237457,0.1315457864775917,2.0047255251572325,0.09177251114271093,74.82300000000001,1.874284086978236,0.09342755223564973
P1,loss,0.5,301,1204.0,20,1.9942932618160072,0.2590798555242825,2.005656440896845,0.0916663404718507,73.58099999999999,1.8749220901467154,0.09263971502475273
P1,loss,0.5,302,1208.0,20,2.0800487519920674,0.12205016949262262,2.0069474200367603,0.08960277344210721,75.115,1.8765108447651613,0.08937222335803292
P1,loss,0.5,303,1212.0,20,2.0374876342476314,0.20312054676728666,2.010999501544207,0.08828614026966002,74.346,1.8803062785747293,0.08794962065512589
P1,loss,0.5,304,1216.0,20,1.9415669610364699,0.26660130767965146,2.0085316609559607,0.09072463405822301,72.095,1.877087118793519,0.09123737324460948
P1,loss,0.5,305,1220.0,20,2.0096244217353303,0.21983272853221347,2.008100388285693,0.08823854156142832,74.314,1.8758915419328734,0.08833891933354901
P1,loss,0.5,306,1224.0,20,1.985826958788321,0.3331618650010393,2.007269447264089,0.09110917044538484,70.58500000000001,1.8748068502646063,0.09154359752992403
P1,loss,0.5,307,1228.0,20,1.9193195686088345,0.2838362257840997,2.004819956792709,0.0865544694347886,70.126,1.8727222330472355,0.08762136396401633
P1,loss,0.5,308,1232.0,20,2.0533102949004602,0.22627534292748142,2.0081546023946926,0.08588173185892886,74.009,1.87579179846298,0.08700768894693381
P1,loss,0.5,309,1236.0,20,2.04338029055205,0.1362349171493659,2.01318801822958,0.0791347142674145,75.011,1.8809487011059383,0.08082776469719119
P1,loss,0.5,310,1240.0,20,2.0679995703700578,0.12750542532463083,2.0160905041457355,0.07748802805244817,75.224,1.8840016267530815,0.0779333561543577
P1,loss,0.5,311,1244.0,20,2.040536747370944,0.18326512321795513,2.01727601591122,0.07773946133598975,73.09400000000001,1.8858771540384835,0.07758246034375943
P1,loss,0.5,312,1248.0,20,2.0638009482384203,0.16676494632586492,2.0178485966697117,0.08040857289701203,75.80199999999999,1.8873722386769543,0.07941020630223267
P1,loss,0.5,313,1252.0,20,2.102629905463453,0.14412942611167812,2.0198252423456458,0.07876510293375294,75.861,1.889120172506018,0.0776106988922106
P1,loss,0.5,314,1256.0,20,2.055303531591376,0.1602836483104012,2.021977984329218,0.07808622673655273,75.166,1.8917745699474282,0.07694172509460567
P1,loss,0.5,315,1260.0,20,1.9873378937227915,0.2014527733405058,2.017021739351866,0.07898873282232582,72.505,1.886959452750728,0.07831872228836993
P1,loss,0.5,316,1264.0,20,2.110490185173954,0.14824973971842872,2.02209054795933,0.07924072471912856,73.882,1.891314396898802,0.07818557588794989
P1,loss,0.5,317,1268.0,20,1.9919532606624888,0.16196286351049216,2.02184383464024,0.07402799140508903,75.667,1.8912530431244616,0.07393656743395552
P1,loss,0.5,318,1272.0,20,2.071977156055154,0.1278897617231292,2.0231354946316307,0.06890330949255533,75.143,1.8926402540729135,0.06871313617084114
P1,loss,0.5,319,1276.0,20,2.022995443247626,0.21944695034560782,2.022892380530982,0.07172362159374261,72.661,1.8925124529572623,0.07125767750468032
P1,loss,0.5,320,1280.0,20,2.094077244971263,0.13187713173431162,2.0253901698875176,0.07535563572800688,75.04299999999999,1.8947559226035033,0.07509525331291657
P1,loss,0.5,321,1284.0,20,2.0547017513777126,0.2044759620396176,2.030263735925603,0.07378835027355009,72.848,1.8997751689312934,0.073731386857837
P1,loss,0.5,322,1288.0,20,2.112742660105414,0.10582324982522866,2.037302841914088,0.07513304762222109,75.18100000000001,1.9064091533470937,0.07404987338125196
P1,loss,0.5,323,1292.0,20,2.0764251590278753,0.1498918116173261,2.0406664546605464,0.07163367130312537,74.19,1.9102045819238676,0.07087134152342613
P1,loss,0.5,324,1296.0,20,2.0993575884735165,0.12676962980775852,2.0425834573901183,0.07023049470770068,76.183,1.9117051852742364,0.06949634346474085
P1,loss,0.5,325,1300.0,20,2.0834625710438215,0.16138198313361904,2.0440259904229214,0.06883706320266883,75.064,1.912444614323594,0.06833045731408144
P1,loss,0.5,326,1304.0,20,2.035970710108788,0.16557607805377414,2.045693088354633,0.06861257113125437,75.798,1.9144637039780161,0.06901781415592478
P1,loss,0.5,327,1308.0,20,2.0265063843062188,0.24674488760423977,2.0435513936471987,0.06904081217055348,74.384,1.9120311142886888,0.07030107495812979
P1,loss,0.5,328,1312.0,20,2.0154757982109515,0.17617436085904434,2.042670920205732,0.07094577641374675,74.89099999999999,1.9116321204126638,0.07227559122988991
P1,loss,0.5,329,1316.0,20,2.082508209478182,0.1246050347897124,2.0483085701434005,0.06754937172200755,74.75800000000001,1.9180272975101875,0.06852184470381262
P1,loss,0.5,330,1320.0,20,2.0344186154577635,0.16617151719415976,2.0493003378922974,0.06754263008395249,75.296,1.9198671770024887,0.06956660178433813
P1,loss,0.5,331,1324.0,20,2.1168523919665487,0.11593229268663649,2.0545413552194267,0.06285418207023416,75.817,1.9250356645831102,0.0645691954535167
P1,loss,0.5,332,1328.0,20,2.034582367937023,0.12611579075840026,2.059151867192554,0.06588979900923408,75.28099999999999,1.9299488149421662,0.06643637784067583
P1,loss,0.5,333,1332.0,20,2.034399160587679,0.22060771945938362,2.058395421820043,0.06590732341182465,73.491,1.9295978015406843,0.06620411930170408
P1,loss,0.5,334,1336.0,20,2.042742092226213,0.16487228785176306,2.058369893887009,0.06820621181718728,74.75800000000001,1.929500985454521,0.06718864573000384
P1,loss,0.5,335,1340.0,20,2.080440362069777,0.1752234051703264,2.0588675255549984,0.06790931563036207,75.603,1.9302211210024889,0.06769018882788763
P1,loss,0.5,336,1344.0,20,2.035975914177018,0.17084685160359028,2.058685092227241,0.06604006866372075,74.449,1.929537808212756,0.06611215322280362
P1,loss,0.5,337,1348.0,20,2.0611390534846135,0.15331650818478548,2.0585786164370887,0.06378294044728017,75.05199999999999,1.929239092381217,0.06451466234103971
P1,loss,0.5,338,1352.0,20,2.0580516462047216,0.18841633310753647,2.0567954860667395,0.0660305711043479,73.00800000000001,1.9278187142095227,0.06654805025057577
P1,loss,0.5,339,1356.0,20,2.056164814789926,0.1683290504686663,2.0568299373946815,0.0664052851374529,74.011,1.9272591665721257,0.06740775923668668
P1,loss,0.5,340,1360.0,20,2.0911985464171927,0.12627421191261806,2.060984363502458,0.06529198172814081,75.062,1.930956944982023,0.06649485501396235
P1,loss,0.5,341,1364.0,20,1.9624415452721806,0.25402111606943784,2.0550624179063868,0.0696892398254294,71.084,1.9261520712949018,0.0696848149876348
P1,loss,0.5,342,1368.0,20,2.085145459615006,0.14712356953640027,2.0587901058644875,0.06851599655192303,75.975,1.929527767530292,0.06920327774102326
P1,loss,0.5,343,1372.0,20,2.036419557350732,0.19969599290635254,2.0573678019163104,0.06866737210608216,73.801,1.9279866327492126,0.06982525685654736
P1,loss,0.5,344,1376.0,20,2.0824878785281586,0.15592240290835369,2.059747499327532,0.06441074627909962,76.092,1.929826185307873,0.06550638975971076
P1,loss,0.5,345,1380.0,20,2.0590551331102036,0.12273857268693321,2.0583466148530896,0.06160001731465425,75.208,1.9287873805023392,0.0631883771313938
P1,loss,0.5,346,1384.0,20,2.083026416858439,0.19215958306846345,2.0594796014723187,0.05926332535105797,72.422,1.9297691513947188,0.060908235090087776
P1,loss,0.5,347,1388.0,20,2.0459242493545657,0.19338115450114723,2.0568068650422844,0.0604932399218292,74.63,1.927306399444768,0.06243952795254518
P1,loss,0.5,348,1392.0,20,2.093970029646893,0.11712636462257804,2.0575086598670453,0.0610126057876224,75.454,1.9277306981495077,0.06257107517058749
P1,loss,0.5,349,1396.0,20,2.0883826078871004,0.1422842776994731,2.057069660643589,0.060667414282490534,75.79299999999999,1.9275830595054615,0.0616951903853628
P1,loss,0.5,350,1400.0,20,2.0583710475677734,0.14563489014159958,2.0560659997045465,0.06084267926597554,75.14500000000001,1.927295694479508,0.0616951996521694
P1,loss,0.5,351,1404.0,20,2.0181877932317747,0.19789409568505928,2.0553546830294662,0.057811790833500055,74.52799999999999,1.9261455780113597,0.059058874585443615
P1,loss,0.5,352,1408.0,20,2.104009603334359,0.08550280332036006,2.058454811790592,0.05719002594860018,75.062,1.9295683141185793,0.058826415091431765
P1,loss,0.5,353,1412.0,20,2.15120003489264,0.07187946780651334,2.0638837812578594,0.05508455605597832,76.249,1.9341927310767937,0.05627255757303148
P1,loss,0.5,354,1416.0,20,2.056109135179032,0.21886728392856283,2.0628278182858932,0.05276299775502083,73.51899999999999,1.9328444245973262,0.05347322513831917
P1,loss,0.5,355,1420.0,20,2.117021248740424,0.13776893291941508,2.0661319236172,0.051957137690308804,76.014,1.9352236980610695,0.052528267092198405
P1,loss,0.5,356,1424.0,20,2.060890891325447,0.14570482707904275,2.0638934635915556,0.05271683575763428,73.937,1.9341046379319593,0.05325574490441044
P1,loss,0.5,357,1428.0,20,2.0942632098780445,0.09512180665404224,2.0662806972691965,0.051956546085419046,75.666,1.9365685917337594,0.05272932088047807
P1,loss,0.5,358,1432.0,20,2.093689208641723,0.13848969851502907,2.0686522991913585,0.05475638392282363,74.63199999999999,1.9385758894655436,0.05556282080442173
P1,loss,0.5,359,1436.0,20,2.07759710712634,0.13244788857326342,2.0700464997873635,0.054096283683034214,74.889,1.9398126663678084,0.05513372237741895
P1,loss,0.5,360,1440.0,20,2.08920829812756,0.1715468165995355,2.070397217229675,0.05468595008741405,74.255,1.94019209565699,0.05588186194186679
P1,loss,0.5,361,1444.0,20,2.110521238545238,0.11170168850615393,2.0733790302044035,0.053806455082938666,75.943,1.942697291973674,0.05506240616318852
P1,loss,0.5,362,1448.0,20,2.0718063431843,0.19910023714334948,2.073805721792391,0.05561570739528874,74.622,1.9432231040996855,0.056325995139481826
P1,loss,0.5,363,1452.0,20,2.071040406589757,0.1713059803824024,2.0743252722077923,0.05393181388107401,74.03,1.944097646755128,0.053787273651342137
P1,loss,0.5,364,1456.0,20,2.040865155691706,0.2572825892848185,2.073713285843864,0.04989504611529629,71.733,1.943575572445002,0.05031262391078922
P1,loss,0.5,365,1460.0,20,2.0908029827421877,0.11237506378444115,2.0736974632968637,0.05041304116750074,74.88300000000001,1.9438217261007948,0.05158221753371195
P1,loss,0.5,366,1464.0,20,2.07853742420577,0.17886705914232706,2.078341298454207,0.050598977576039025,75.413,1.9475997050760383,0.051367443499982214
P1,loss,0.5,367,1468.0,20,2.0994020507676594,0.14710615531872362,2.078911562100313,0.053017090048322515,75.524,1.9482342729125222,0.05340504874353976
P1,loss,0.5,368,1472.0,20,1.985097536298935,0.235097595783817,2.0768586812582415,0.0578781048034193,72.465,1.9471883760332023,0.05747135378015389
P1,loss,0.5,369,1476.0,20,2.123830712422768,0.07689037418216,2.078512394614026,0.05894885367678366,75.46900000000001,1.94947556067714,0.05824996294596287
P1,loss,0.5,370,1480.0,20,2.103048049096757,0.20841384275745745,2.080272111253488,0.061731762858998326,74.394,1.9505662136849415,0.061374470773499896
P1,loss,0.5,371,1484.0,20,2.091728820571151,0.1443760448276945,2.080620207401996,0.06436187161107304,75.006,1.9507570930719393,0.06428347138167646
P1,loss,0.5,372,1488.0,20,2.1042219032259597,0.13209614397064534,2.082952113556852,0.06274466288811055,75.693,1.953225367566164,0.06187786831929973
P1,loss,0.5,373,1492.0,20,2.0594125624583666,0.15070275582607698,2.0815698148693107,0.06373500386561963,75.909,1.9515469488579296,0.0626745969553728
P1,loss,0.5,374,1496.0,20,2.063176035268053,0.1821382362922021,2.080561551964549,0.06357829378154042,74.0,1.9503820382552888,0.06294205607673659
P1,loss,0.5,375,1500.0,20,2.0865036773908807,0.1613505596223555,2.0816868571574734,0.06321890412656989,76.537,1.9516369347570595,0.06249197727347425
P1,loss,0.5,376,1504.0,20,2.0342495256200683,0.1881062939367458,2.082329326453005,0.06493044242257738,73.437,1.9525816285740603,0.06451264704101162
P1,loss,0.5,377,1508.0,20,2.1328868579910485,0.05968256938325778,2.0834844166392728,0.06457576436224412,75.716,1.9541786225368412,0.06386333444024493
P1,loss,0.5,378,1512.0,20,2.1318242067006983,0.08842950844424442,2.082709383511595,0.06481139710054856,76.027,1.9537399577485324,0.06373704217676489
P1,loss,0.5,379,1516.0,20,2.1210030006061293,0.17884813866671573,2.085305138128679,0.06798758390469618,74.91499999999999,1.9559558882580117,0.06767281680428813
P1,loss,0.5,380,1520.0,20,2.146153759447773,0.0878567651073294,2.0864704385569732,0.06808532467806168,75.737,1.9575730769429014,0.06741639132650529
P1,loss,0.5,381,1524.0,20,2.08863017918283,0.09551629531929143,2.0875800100712683,0.06842935895813428,75.606,1.9588129122957896,0.06732790406385848
P1,loss,0.5,382,1528.0,20,2.1285039979249896,0.06642136190759507,2.088949641593146,0.06852786475654789,75.042,1.9597027197100627,0.06748661493732061
P1,loss,0.5,383,1532.0,20,2.146915362020036,0.08796040767093634,2.0910786877282783,0.0648945609475319,75.949,1.9618643576713723,0.06406893731701666
P1,loss,0.5,384,1536.0,20,2.110063208308373,0.12921641848309273,2.09237733177556,0.06452926876865571,75.466,1.9629529137724557,0.06356274297883352
P1,loss,0.5,385,1540.0,20,2.109143831035871,0.17522567260218286,2.0931747530918923,0.06411600544149126,74.784,1.9635059998585764,0.06262407231729426
P1,loss,0.5,386,1544.0,20,2.110077803347976,0.10012848442738674,2.093157015684002,0.06524893775860473,75.649,1.9641967984051607,0.06325214624425417
P1,loss,0.5,387,1548.0,20,2.117291782021824,0.11414285645910688,2.0949764332375027,0.06476431306089817,76.158,1.9659596717268975,0.06311636497298449
P1,loss,0.5,388,1552.0,20,2.124428177725953,0.1074923061465846,2.0971119440829504,0.06387088492068603,75.637,1.9674859740881239,0.06291725388918523
P1,loss,0.5,389,1556.0,20,2.123939436769857,0.0987909690509761,2.1004349153260766,0.06555952294463815,76.066,1.971410031725456,0.06462372410083218
P1,loss,0.5,390,1560.0,20,2.1140217872074816,0.11283741936304756,2.101363667504688,0.06515281087506415,75.646,1.9724449918709586,0.0635259075613981
P1,loss,0.5,391,1564.0,20,2.082850112048899,0.15918301140606816,2.101536175018414,0.061122390285901926,75.913,1.9726864595502291,0.059768042427980825
P1,loss,0.5,392,1568.0,20,2.129562613145199,0.08477123898609396,2.102742597513515,0.05759029789502629,76.251,1.9739573931679384,0.05656542875632652
P1,loss,0.5,393,1572.0,20,2.083283351659631,0.18403538130682168,2.106670030127943,0.05765153913208929,74.162,1.9768941377327025,0.05649469844991541
P1,loss,0.5,394,1576.0,20,2.0994308480868424,0.14992813920217182,2.1056940355545057,0.05832484144056673,76.238,1.9752738079290535,0.0572148499233938
P1,loss,0.5,395,1580.0,20,2.012863489925514,0.21375946269630508,2.1020866531876563,0.06103509924973271,74.083,1.9720617695870355,0.05874462176482294
P1,loss,0.5,396,1584.0,20,2.090492313001729,0.149726269438085,2.10203719288488,0.059105714840656874,74.963,1.9722556615863795,0.0573568595475107
P1,loss,0.5,397,1588.0,20,2.1336658386733545,0.1077607265533562,2.1032149503027755,0.058626186327212206,75.765,1.9734901701682692,0.057132199961702795
P1,loss,0.5,398,1592.0,20,2.0473896308362565,0.19941888906039565,2.102734033037891,0.05695004575630711,74.546,1.9731750056193704,0.05552331686975165
P1,loss,0.5,399,1596.0,20,2.1471399550808923,0.05573410338752377,2.1060925898304044,0.0561878370749224,76.011,1.9766662577041756,0.05542269230989567
P1,loss,0.5,400,1600.0,20,2.1439380060721382,0.09260567525362154,2.108389962977655,0.055980628700880046,75.75699999999999,1.9780860312652906,0.055210007503546606
P1,loss,0.5,401,1604.0,20,2.1075383092957956,0.10688157566515041,2.1113215143246835,0.05722197246173547,75.82000000000001,1.9814440699377205,0.05633741344858752
P1,loss,0.5,402,1608.0,20,2.0628371334420046,0.10470493381524625,2.108519525342722,0.05602361283269626,75.40299999999999,1.978721232533617,0.055383949636841096
P1,loss,0.5,403,1612.0,20,2.0738794692637246,0.18136791514581208,2.106201735845243,0.05593683909028327,73.678,1.9762382593837842,0.055195478859842585
P1,loss,0.5,404,1616.0,20,2.1181105622446745,0.06947479198447437,2.1060860383107847,0.05151359534685,75.81800000000001,1.9769830895265117,0.0502099136115572
P1,loss,0.5,405,1620.0,20,2.1044133870699753,0.12225849547348197,2.104416423415673,0.053040733244526246,75.727,1.9757367545072406,0.052122572478332296
P1,loss,0.5,406,1624.0,20,2.1003481540908147,0.18032217974885556,2.1048851424119923,0.05734198372971819,75.869,1.975033202422339,0.05581440408894209
P1,loss,0.5,407,1628.0,20,2.116905497176154,0.10534345856748592,2.104421202382039,0.05923386160097793,76.18199999999999,1.974438222557931,0.05777119028844561
P1,loss,0.5,408,1632.0,20,2.106603896018531,0.11895668974579376,2.1028087437419787,0.06037462688316859,75.909,1.9731102440006438,0.05853414603792939
P1,loss,0.5,409,1636.0,20,2.1491982168613126,0.10519326004262103,2.104374144084096,0.058890939267118324,76.139,1.9742818523096524,0.05797874254169128
P1,loss,0.5,410,1640.0,20,2.0696242466161534,0.2015859807043934,2.1027933607073073,0.057407471630500535,73.59,1.9733182443079282,0.05703770422663865
P1,loss,0.5,411,1644.0,20,2.139928669368264,0.10105907591674107,2.103987395348119,0.0564074250857872,76.338,1.9742309028494123,0.056457210020244
P1,loss,0.5,412,1648.0,20,2.105302500455479,0.11073581057447124,2.103507824085465,0.0547581209944625,74.662,1.9742389156529767,0.05459531657382849
P1,loss,0.5,413,1652.0,20,2.046525001553648,0.20193213624174736,2.100391697038573,0.05322267666039551,74.33,1.9720901967799076,0.05252467557475077
P1,loss,0.5,414,1656.0,20,2.0835895017179324,0.16320572729756094,2.098777699636496,0.05313832305059846,76.196,1.9702141197089222,0.052263971515212566
P1,loss,0.5,415,1660.0,20,2.1126763977145906,0.10002445032939868,2.0987238840567803,0.05206913175376257,75.374,1.96964799166154,0.05129060038195522
P1,loss,0.5,416,1664.0,20,2.1225267675207578,0.08861600646462074,2.100310950275655,0.05178155705485772,75.64500000000001,1.971836609872137,0.051347151663151264
P1,loss,0.5,417,1668.0,20,2.079020074381192,0.1474276932005868,2.0982892487250946,0.04940011956964813,74.247,1.970041964710609,0.04913926142393113
P1,loss,0.5,418,1672.0,20,2.0305033761221347,0.22492619506665065,2.0961780497035947,0.04554148227411595,72.65299999999999,1.9689237817263572,0.04582885013660582
P1,loss,0.5,419,1676.0,20,2.134900929123615,0.0867311936745043,2.097596852945066,0.046029156496754785,75.139,1.9699696413568606,0.04610481251583923
P1,loss,0.5,420,1680.0,20,2.1219169564032354,0.12431765660213137,2.1019589916041745,0.04328691663671935,75.741,1.974172028334645,0.04354137582984195
P1,loss,0.5,421,1684.0,20,2.0843005739826252,0.13942465434414597,2.10171132204341,0.044579929960352184,76.09700000000001,1.9738740225090077,0.04508260187870912
P1,loss,0.5,422,1688.0,20,2.0846266138755665,0.166855527436452,2.0997497530514986,0.044192915259882705,74.463,1.9726061420840906,0.044566926859908575
P1,loss,0.5,423,1692.0,20,2.1277840094544294,0.11097255455885964,2.1029655281962256,0.04540983282817405,76.369,1.9759949643058998,0.04573389759412182
P1,loss,0.5,424,1696.0,20,2.145055278680367,0.07341707271955311,2.1028821411402046,0.04652651399397984,75.939,1.9751371851133033,0.046001193987447384
P1,loss,0.5,425,1700.0,20,2.14244625858442,0.12607818168317728,2.102822471240696,0.04711172526741689,76.576,1.9750573393213995,0.04593000827217298
P1,loss,0.5,426,1704.0,20,2.129987187056531,0.09367771043668202,2.103720426351125,0.04706583784035226,76.464,1.975516598104876,0.04542720841751354
P1,loss,0.5,427,1708.0,20,2.0807555535454503,0.1999379907146398,2.1044371631552634,0.0513509692690759,74.08200000000001,1.9757821191821645,0.0498678602577109
P1,loss,0.5,428,1712.0,20,2.0969739882867,0.17961109608448836,2.1053609439161822,0.049614977051224196,74.021,1.976496587992747,0.04853954575497884
P1,loss,0.5,429,1716.0,20,2.137203056888964,0.06696513062702576,2.106124643701954,0.049726625553796526,75.711,1.976623815973035,0.04837086958938248
P1,loss,0.5,430,1720.0,20,2.150454700877718,0.06970726647678482,2.1079662962542636,0.04878720457475725,75.963,1.9776235647488314,0.04714748350850926
P1,loss,0.5,431,1724.0,20,2.1197549402869895,0.12496216290764661,2.1087425677021105,0.04543440203190295,76.151,1.978810027608991,0.04485564281251435
P1,loss,0.5,432,1728.0,20,2.102039155754947,0.15967593906907718,2.1081479140452624,0.04676744870976142,74.35499999999999,1.9780469828502283,0.04591025440944763
P1,loss,0.5,433,1732.0,20,2.1710066321821015,0.08734889805458676,2.1107240234918048,0.04675796807623795,76.66,1.979515228872043,0.04635048573495482
P1,loss,0.5,434,1736.0,20,2.122415898646018,0.09845438560529428,2.109652730763193,0.04614114271526598,76.166,1.9794377281765403,0.04498620060793481
P1,loss,0.5,435,1740.0,20,2.145955682574976,0.1206093369765687,2.1127059882015464,0.043742725860154374,76.082,1.9815964175859229,0.04245336905385951
P1,loss,0.5,436,1744.0,20,2.131615479580812,0.09970305738204295,2.112373460610048,0.044861233317707236,76.24600000000001,1.9812157782510205,0.04333998265893529
P1,loss,0.5,437,1748.0,20,2.137858462695688,0.09280118314706862,2.1136756990996566,0.04411416560973762,76.428,1.982326552695104,0.04260551835166862
P1,loss,0.5,438,1752.0,20,2.1655400871372597,0.06425479956254232,2.118436302523001,0.0464778020555309,76.647,1.9863266284412628,0.04549589935858737
P1,loss,0.5,439,1756.0,20,2.1243233409444704,0.09650919940174872,2.1200656560920623,0.04545215398760419,75.223,1.9882614139813537,0.04419283603084759
P1,loss,0.5,440,1760.0,20,2.1096511288661355,0.1338758009184542,2.119944645338124,0.04837410820643642,76.05199999999999,1.9883427312149995,0.04758991114825898
P1,loss,0.5,441,1764.0,20,2.145131649786657,0.06055794328290483,2.1208488406287604,0.0476481293053675,75.80699999999999,1.9889493579593343,0.04737591910499361
P1,loss,0.5,442,1768.0,20,2.168388454796188,0.036537867912871766,2.12442357584536,0.04736043788441862,76.53099999999999,1.9921621169731405,0.04756309368512475
P1,loss,0.5,443,1772.0,20,2.1088360687010517,0.12763770187214016,2.127556883548517,0.046594058263220176,75.25800000000001,1.994577783703716,0.04692867093073675
P1,loss,0.5,444,1776.0,20,2.108235167805483,0.13690834628096238,2.1264902530957914,0.04633569223966332,76.607,1.9940454005350052,0.04665279754843185
P1,loss,0.5,445,1780.0,20,2.097117063683698,0.22923426974498293,2.12549825738701,0.051722967527597266,74.261,1.9926262449710763,0.05319525076815622
P1,loss,0.5,446,1784.0,20,2.137593191235209,0.0522487152853714,2.1276299620771133,0.05140784967127035,75.362,1.9946997499715777,0.05287547004344266
P1,loss,0.5,447,1788.0,20,2.1232588609719283,0.11702918338265315,2.1291752519609677,0.05160178710900008,76.267,1.9952821841906623,0.052903914979143485
P1,loss,0.5,448,1792.0,20,2.1261196770396777,0.11402321137577585,2.1291086786643776,0.05161650858413702,75.999,1.9953651711630844,0.052912303869916216
P1,loss,0.5,449,1796.0,20,2.1532770356768483,0.054633667488164527,2.129437548944237,0.0511820969486836,76.118,1.9965010254056956,0.05269466897630839
P1,loss,0.5,450,1800.0,20,2.126022571382192,0.09278949240511002,2.128780601456148,0.052640093009774305,75.292,1.9968914136651492,0.05482369262233012
P1,loss,0.5,451,1804.0,20,2.156807425846948,0.05780377623170401,2.1298534110077645,0.05252367145791856,76.46900000000001,1.997905144065188,0.05501369013104692
P1,loss,0.5,452,1808.0,20,2.163501664415848,0.06370846475188524,2.13316325544258,0.04727720464907912,76.408,2.0012304049511163,0.049903960469332334
P1,loss,0.5,453,1812.0,20,2.126870129879191,0.15451608792915675,2.13435910110628,0.04802771606556306,74.868,2.0027045227306983,0.05009134675323846
P1,loss,0.5,454,1816.0,20,2.154493521815615,0.06263248791654233,2.1350507197033464,0.04761853557569317,76.42999999999999,2.00312252518705,0.04973370744988568
P1,loss,0.5,455,1820.0,20,2.1268212266034507,0.09855808056001883,2.1341053807323753,0.04788797108708378,75.636,2.002950233293162,0.05072145362309323
P1,loss,0.5,456,1824.0,20,2.130779719591259,0.1460028885234012,2.134546371904546,0.04548314177447534,76.149,2.003563392080438,0.04809107322358093
P1,loss,0.5,457,1828.0,20,2.1246656018155496,0.08437487606034229,2.13545142974697,0.04719423959269544,76.279,2.0053151131406586,0.04888327473062625
P1,loss,0.5,458,1832.0,20,2.140829599187916,0.09290404572459443,2.134244348427203,0.04590233496318667,76.57000000000001,2.0047972713449473,0.04751343988186745
P1,loss,0.5,459,1836.0,20,2.170672291850491,0.05693013662026824,2.1361746041553817,0.04698273386863023,76.874,2.0058764148123913,0.04911447126601015
P1,loss,0.5,460,1840.0,20,2.1055541525045722,0.1451397738490646,2.1345585429525658,0.04647645697006049,76.525,2.0050394017213184,0.049390289941094984
P1,loss,0.5,461,1844.0,20,2.1537302732415986,0.06386382089751592,2.135443134698997,0.045831791982875444,76.442,2.0061937296291577,0.048808051969380255
P1,loss,0.5,462,1848.0,20,2.1025655922259325,0.11925620982884981,2.1340314198802064,0.04717063662592178,76.75,2.004972806326146,0.04907127605217813
P1,loss,0.5,463,1852.0,20,2.1200623008650514,0.10579750881543482,2.1322123084293185,0.047240658498262686,76.274,2.0033522463496496,0.04881893141526337
P1,loss,0.5,464,1856.0,20,2.093740450041813,0.14736027661781598,2.1309889927932124,0.048948063817097855,76.292,2.002111755338478,0.050005091651990456
P1,loss,0.5,465,1860.0,20,2.131403580160721,0.08607109954762385,2.1318590908449955,0.04731064370924206,76.537,2.0029973733074895,0.048576590145937085
P1,loss,0.5,466,1864.0,20,2.1415435100808025,0.07310237275348293,2.131715565256761,0.0490480009346374,76.712,2.002580128112426,0.04956142381097684
P1,loss,0.5,467,1868.0,20,2.15152914528415,0.05577793077876889,2.13104119287628,0.05062129940386926,76.17,2.002089459818856,0.05087610134400221
P1,loss,0.5,468,1872.0,20,2.181038382700133,0.05954493579324769,2.133929285436243,0.05105814131730676,76.455,2.0038045053017375,0.05152098517991484
P1,loss,0.5,469,1876.0,20,2.1560986925829093,0.05615957528042514,2.1358438264273403,0.0506324976025673,76.08,2.006277815046068,0.05124615666245672
P1,loss,0.5,470,1880.0,20,2.091725357078876,0.1361205938000483,2.1356281581631475,0.043986570563567466,75.79400000000001,2.00661967394173,0.043992745208937756
P1,loss,0.5,471,1884.0,20,2.1236208367086946,0.13003905529642598,2.1350692639820865,0.04576360635688271,76.067,2.005953019802056,0.04488473491194423
P1,loss,0.5,472,1888.0,20,2.1165994389296077,0.07663273063150576,2.134802887100394,0.0442208684307679,76.536,2.0064255461795453,0.04432711256701484
P1,loss,0.5,473,1892.0,20,2.114056474625084,0.15017971023564436,2.13432035900381,0.04392078960181504,74.647,2.005913426774115,0.04345745233030113
P1,loss,0.5,474,1896.0,20,2.1569217438258637,0.04818221144280756,2.134466147329771,0.043088131142827356,76.23400000000001,2.005967751054551,0.04328899747686706
P1,loss,0.5,475,1900.0,20,2.1375712935097755,0.06319943361406005,2.134928096214874,0.041668873796506405,75.509,2.005784692179696,0.04197197823344168
P1,loss,0.5,476,1904.0,20,2.1384414582709237,0.0771347817493942,2.134193457511833,0.04046167409008482,76.564,2.0049392930007106,0.04162085528097959
P1,loss,0.5,477,1908.0,20,2.1247895665885586,0.07557556583512144,2.1326449735987416,0.040160953355203415,75.563,2.0038645286944474,0.04153336238931745
P1,loss,0.5,478,1912.0,20,2.1329576257760796,0.07261885003566396,2.132888473434617,0.03925510000090953,76.35499999999999,2.0050677802116477,0.04141522018190767
P1,loss,0.5,479,1916.0,20,2.1061960868536236,0.08661369022263395,2.1309565760361378,0.03867423013218477,75.64399999999999,2.0040389867966133,0.04137031930108978
P1,loss,0.5,480,1920.0,20,2.1285830954506695,0.07775504072728183,2.1310270507900264,0.037681107073706394,75.749,2.0036031501174962,0.04024210188930574
P1,loss,0.5,481,1924.0,20,2.1485872927526346,0.07416953685342545,2.131739353716481,0.0405373443260611,75.773,2.004344837420568,0.04255988369945359
P1,loss,0.5,482,1928.0,20,2.144147000999262,0.06127266190316805,2.13251860968383,0.04025186284210338,75.678,2.005131077350669,0.042411867180208195
P1,loss,0.5,483,1932.0,20,2.1549076956024207,0.0642615590612256,2.13308173354041,0.039779816167668285,76.221,2.0058328975342024,0.04193909306013692
P1,loss,0.5,484,1936.0,20,2.1620479221710323,0.05370991074481913,2.1327367587532313,0.039377606408035094,76.299,2.0058879227470237,0.041318193801535
P1,loss,0.5,485,1940.0,20,2.1693668526727263,0.04841810030745723,2.1352892667599574,0.03895227797947697,75.73400000000001,2.007959054654422,0.039289780421447096
P1,loss,0.5,486,1944.0,20,2.170230391422632,0.05319525811497037,2.135949271487199,0.03829262945769165,76.181,2.008160083696201,0.039278243373046084
P1,loss,0.5,487,1948.0,20,2.1410162940569903,0.08861607191776462,2.1374872995604415,0.038082145023958014,75.836,2.0095600879722366,0.0396734437227477
P1,loss,0.5,488,1952.0,20,2.171989844471471,0.042928635386524,2.1395644013046984,0.03579566762193995,76.14500000000001,2.011565125567502,0.03772554326351372
P1,loss,0.5,489,1956.0,20,2.1177123434815295,0.16579263757997442,2.140523277042287,0.03558744751344539,74.759,2.0123906334830526,0.03831069127311804
P1,loss,0.5,490,1960.0,20,2.168544132264224,0.05313007544512714,2.142008899126427,0.035199870548990354,76.37,2.0139009839686413,0.03773973126160664
P1,loss,0.5,491,1964.0,20,2.1508181195304035,0.06151793258518575,2.142379883504411,0.03412030824134474,75.899,2.014608440152109,0.036474020822080795
P1,loss,0.5,492,1968.0,20,2.131290490745108,0.1184954839044446,2.1415703373228494,0.03700054522367776,75.981,2.0138298303388864,0.03905843867315077
P1,loss,0.5,493,1972.0,20,2.151262994755949,0.11509241001210042,2.140379321805082,0.03835928213674452,76.208,2.0133459022499864,0.03983040740473182
P1,loss,0.5,494,1976.0,20,2.1477703889914777,0.07386134167145769,2.1400461896614247,0.03877493630545174,76.41,2.012609769588998,0.04009887515200744
P1,loss,0.5,495,1980.0,20,2.150668793130744,0.05429480317244132,2.142403927103499,0.03855860386601513,76.17999999999999,2.015448883130401,0.03986178870587022
P1,loss,0.5,496,1984.0,20,2.144530673403648,0.06460195453525523,2.1432403205712975,0.03693611309397795,75.40799999999999,2.0167442522836616,0.038871460853019714
P1,loss,0.5,497,1988.0,20,2.1382034282370945,0.07408689543661187,2.144104480143597,0.037144624772204364,75.07000000000001,2.0168455561911918,0.03837312308792467
P1,loss,0.5,498,1992.0,20,2.1536224081827697,0.09678548563606734,2.1456871174859047,0.0388348766795623,76.341,2.0177438169168407,0.03939102464822412
P1,loss,0.5,499,1996.0,20,2.1339028154717017,0.114770421904735,2.144766360351738,0.037841145351851506,76.213,2.0168796040144383,0.03884279298501547
P1,loss,0.5,500,2000.0,20,2.1188225015758806,0.0867298856857651,2.144016408674382,0.03853741654340782,75.562,2.0167699006557585,0.04002524561309621
P1,loss,0.5,501,2004.0,20,2.140758911730868,0.09400989564722775,2.14410910681278,0.04038403876344897,76.163,2.017212262529283,0.04119985862534036
P1,loss,0.5,502,2008.0,20,2.1541226170538876,0.06585500123759212,2.145282428831393,0.0401366459009655,76.313,2.0179390247962146,0.041458814671025336
P1,loss,0.5,503,2012.0,20,2.1489633639515398,0.07465086130260674,2.1459226583584115,0.0403762745128011,75.979,2.0177978782239054,0.04140196723367478
P1,loss,0.5,504,2016.0,20,2.1615227682521003,0.051436703467634334,2.1481357256143503,0.04032957542657537,76.22999999999999,2.0193845616205586,0.04115612578798767
P1,loss,0.5,505,2020.0,20,2.150768589454364,0.045417439170864,2.1490231453744983,0.04080131463895116,76.193,2.0205138851572193,0.041710978828786154
P1,loss,0.5,506,2024.0,20,2.1383875800682635,0.07556423481553204,2.1486151568671237,0.040512887775341705,76.221,2.020504344658122,0.04190908302271789
P1,loss,0.5,507,2028.0,20,2.142752718112016,0.08972236351503955,2.148559385551634,0.04218704932413858,76.303,2.0204282939841223,0.04332586370791379
P1,loss,0.5,508,2032.0,20,2.153681760814702,0.05408086266420407,2.148510348160125,0.04211411387223607,75.899,2.0207367837524686,0.0436160502286006
P1,loss,0.5,509,2036.0,20,2.135098086693759,0.08346071918921863,2.147432354741034,0.04243624983984993,76.37,2.019716886556864,0.044071428940773365
P1,loss,0.5,510,2040.0,20,2.1547178350179492,0.0511985054309667,2.146846394034843,0.04145230461846092,76.454,2.0193425657885937,0.043620568338512127
P1,loss,0.5,511,2044.0,20,2.1441158030626446,0.06097680455805294,2.1458018105004433,0.040187553604840776,76.047,2.0190461974637133,0.04282766737447242
P1,loss,0.5,512,2048.0,20,2.123287908196684,0.10090295043047648,2.145092675066031,0.039916671303638365,75.825,2.0184285260748256,0.04254108610303761
P1,loss,1.0,1,4.0,20,1.8489797263820407,0.2774334663401694,1.8489797263820407,0.2774334663401694,72.069,1.7119272173287556,0.2704394874954339
P1,loss,1.0,2,8.0,20,1.7366459913286707,0.28021973629916447,1.7928128588553556,0.20980552073766345,69.873,1.6607881563204359,0.21029184417363855
P1,loss,1.0,3,12.0,20,1.755024871171107,0.21839379843327295,1.780216862960606,0.14237357706478773,71.643,1.6422710964491387,0.14241668806146174
P1,loss,1.0,4,16.0,20,1.849498926098736,0.2899277963345577,1.7975373787451385,0.1288289337902976,71.92699999999999,1.658118728977937,0.12975504702908677
P1,loss,1.0,5,20.0,20,1.8061641656229788,0.2391235278765902,1.7992627361207068,0.12145844545057286,71.55,1.6626659953033243,0.1238682183604
P1,loss,1.0,6,24.0,20,1.7748963559033786,0.24079699151007097,1.795201672751152,0.1061492257601791,73.015,1.661804535313663,0.10752389594264748
P1,loss,1.0,7,28.0,20,1.692214833154948,0.31925149802450575,1.7804892670945514,0.09964354508575855,65.033,1.6434757425952533,0.10337557406423956
P1,loss,1.0,8,32.0,20,1.6824485657042547,0.2547313023096248,1.7682341794207646,0.1018329251047164,66.807,1.6311178123747219,0.10428093977620914
P1,loss,1.0,9,36.0,20,1.8231393641790654,0.31041197043959606,1.77433475550502,0.09372516987479823,70.241,1.6364454642479067,0.0969862619635781
P1,loss,1.0,10,40.0,20,1.741464254536417,0.29631380261170887,1.7710477054081597,0.09418313020145104,70.699,1.6333152946476837,0.0984462968628923
P1,loss,1.0,11,44.0,20,1.9074570833497912,0.20996025723519768,1.783448557948308,0.09513805778650987,75.622,1.645487428286454,0.09963535867564154
P1,loss,1.0,12,48.0,20,1.8223106640135949,0.24380507785497813,1.786687066787082,0.08959450538124447,72.85900000000001,1.6495074884115,0.09405334331615424
P1,loss,1.0,13,52.0,20,1.753673134882871,0.2685155729212135,1.7841475335636812,0.09143906704396426,71.63,1.646682453377442,0.09546633193314208
P1,loss,1.0,14,56.0,20,1.8713872865911234,0.2026138555976249,1.7903789444942126,0.08956396189361186,75.64,1.6530779320043745,0.09113484574670205
P1,loss,1.0,15,60.0,20,1.816031891155848,0.2143767937666497,1.7920891409383217,0.08463155613812595,72.19800000000001,1.6551158696846575,0.08508631746604818
P1,loss,1.0,16,64.0,20,1.762554453718236,0.2862783565566068,1.7902432229870662,0.07827017395469461,68.975,1.6522410889984473,0.0782009315814038
P1,loss,1.0,17,68.0,20,1.8014951914509034,0.20974527670138368,1.790905103484939,0.07725279385804834,73.49199999999999,1.653369194656845,0.07591535788941577
P1,loss,1.0,18,72.0,20,1.8121702773548591,0.25681528839583184,1.7920865020332681,0.07812312620261157,73.693,1.654661371263595,0.07640284435865621
P1,loss,1.0,19,76.0,20,1.6749167234078506,0.2661208889643969,1.7859196715792987,0.07272628604001787,68.7,1.6483188601871348,0.0709859756371103
P1,loss,1.0,20,80.0,20,1.800893747371251,0.24597490113187495,1.7866683753688963,0.07369490831389468,72.602,1.6493090892850888,0.0727681893402575
P1,loss,1.0,21,84.0,20,1.7739466151872538,0.17287270619733353,1.7860625772650085,0.06653999958231835,73.036,1.6486412238296873,0.06625747485485974
P1,loss,1.0,22,88.0,20,1.8044280349382682,0.23037988825162953,1.7868973707956113,0.06829169698356888,72.83099999999999,1.6497869559905507,0.06808328427619909
P1,loss,1.0,23,92.0,20,1.6474957845293055,0.2833807284247287,1.7808364322622936,0.06753169481054583,65.08200000000001,1.6434855021918917,0.06703260647584798
P1,loss,1.0,24,96.0,20,1.8272673880949153,0.19271850993736125,1.7827710554219862,0.06717840645408078,74.402,1.6456199841165886,0.0667360682736
P1,loss,1.0,25,100.0,20,1.83589176788944,0.15767816959299158,1.7848958839206843,0.06390412388949257,73.527,1.6471898828860234,0.0636563122468082
P1,loss,1.0,26,104.0,20,1.6601211658038886,0.28461813330973335,1.7773415414975582,0.06014598341080899,66.003,1.6402174856258562,0.060570099925882734
P1,loss,1.0,27,108.0,20,1.8170817193876623,0.27458738510803876,1.7805589706199179,0.057893026734303604,71.268,1.6431620746033633,0.057575073929742225
P1,loss,1.0,28,112.0,20,1.884701019429127,0.2993310817291966,1.7857460165502388,0.05677153321848439,71.845,1.648897232277088,0.05649960691341233
P1,loss,1.0,29,116.0,20,1.6939735537210718,0.28127070608056814,1.779525001655132,0.05621514532762683,70.27000000000001,1.6428194662179876,0.056203120919362824
P1,loss,1.0,30,120.0,20,1.849513149409642,0.17303570266514395,1.7812589610065985,0.05267428099927406,75.346,1.644451201047985,0.0519114326864629
P1,loss,1.0,31,124.0,20,1.780057108814722,0.18796432871698857,1.7814653911230525,0.05237832604254605,73.351,1.6443876880708022,0.05158401302122022
P1,loss,1.0,32,128.0,20,1.8186941108937251,0.29731369614435,1.7865245622326036,0.05005171279335783,72.213,1.6507193371938036,0.049890909156883344
P1,loss,1.0,33,132.0,20,1.8712991489249735,0.23695668845487783,1.7940785855614323,0.050441294486709226,73.14,1.6580356471237707,0.050629413493417534
P1,loss,1.0,34,136.0,20,1.756647631671995,0.30339158913253145,1.7914189162611496,0.05712876278875972,68.361,1.65531689867191,0.057163076970101756
P1,loss,1.0,35,140.0,20,1.7275146984269345,0.18664972120147777,1.79086093401677,0.05406546774774693,71.317,1.6552000442081822,0.05361130627480337
P1,loss,1.0,36,144.0,20,1.8129384857165782,0.26544874914110717,1.7870801901114415,0.053663089332955,70.682,1.6511981414823675,0.05434537992309457
P1,loss,1.0,37,148.0,20,1.8434038272354105,0.2733129413772515,1.7879239166403142,0.05443131349541152,73.03999999999999,1.6518572844623525,0.055444413448679335
P1,loss,1.0,38,152.0,20,1.8269449975460783,0.21528937841762782,1.7908547911468424,0.04919517096806642,73.40599999999999,1.6555130943025589,0.051106760385849936
P1,loss,1.0,39,156.0,20,1.7187492861033031,0.2341187711165767,1.7847492711273296,0.05078651577321127,71.87,1.6495437356901852,0.05312462807164329
P1,loss,1.0,40,160.0,20,1.832425378791885,0.15686434380921538,1.7854050106327712,0.053445128851805294,74.727,1.6509237379995585,0.05699486192646173
P1,loss,1.0,41,164.0,20,1.7339946161105892,0.2718458397542696,1.7842626171284652,0.04751330490018793,66.386,1.6502385612567632,0.050541256657584153
P1,loss,1.0,42,168.0,20,1.807760600811788,0.301731493091824,1.7845132335029006,0.04804387365064953,71.447,1.6498076980657566,0.04954653596525127
P1,loss,1.0,43,172.0,20,1.7459546581323813,0.2523871370084382,1.7818646087340018,0.04603177654517497,70.375,1.6473528653299663,0.04795666059549926
P1,loss,1.0,44,176.0,20,1.8454412502009994,0.18647291904728036,1.7886855898057277,0.04963799405828256,72.217,1.6546353570069692,0.0512304778248575
P1,loss,1.0,45,180.0,20,1.7613132704175527,0.25268854233765714,1.7871023707275797,0.04532108797015843,71.252,1.6529978182185263,0.04646553872908578
P1,loss,1.0,46,184.0,20,1.7443685458447402,0.21742773984440042,1.785919247953879,0.05039841466010522,71.334,1.6516316638876607,0.0510130382716922
P1,loss,1.0,47,188.0,20,1.8499414401489307,0.26334333759264383,1.7877397841623055,0.054151806361415145,70.72,1.6528389047003293,0.054983567558736866
P1,loss,1.0,48,192.0,20,1.8609489578750675,0.2546799439608197,1.796277911096136,0.045358789758451465,71.62,1.6614811185456961,0.04458839801081621
P1,loss,1.0,49,196.0,20,1.8610560949996238,0.1914986119725207,1.7976294593723245,0.040016349386034405,73.041,1.6626736911364215,0.03877250215845405
P1,loss,1.0,50,200.0,20,1.7801148756512468,0.2481347272207921,1.7953983836827967,0.04292209330207303,71.442,1.661479656316009,0.0422988510019562
P1,loss,1.0,51,204.0,20,1.7526473750263825,0.26292251237664455,1.7990994320516964,0.04786842057744222,67.475,1.6646977765938586,0.046562988513962414
P1,loss,1.0,52,208.0,20,1.748756722830457,0.27882694397790764,1.7963664321894082,0.045387982983780564,69.332,1.6619777617289841,0.04416539216756311
P1,loss,1.0,53,212.0,20,1.780170464360074,0.24103619406555757,1.7921852099866462,0.04800728976983543,71.215,1.6582120594434488,0.04703265572818711
P1,loss,1.0,54,216.0,20,1.7780643395784224,0.24064754815955705,1.7955488414209402,0.052206292995040184,71.534,1.662196073702368,0.051695220850797155
P1,loss,1.0,55,220.0,20,1.8082016157289942,0.22310488134235898,1.7938963800737142,0.04998747639728511,73.47,1.6605729967317586,0.049966126399052097
P1,loss,1.0,56,224.0,20,1.6971188936344466,0.3072285680720449,1.7905788514665033,0.0425503734608324,64.825,1.656894733515132,0.042744761712319175
P1,loss,1.0,57,228.0,20,1.7598833586103175,0.28258307454911946,1.7882264213751669,0.04124851986076274,71.845,1.6540429759535424,0.04154191517861058
P1,loss,1.0,58,232.0,20,1.7644371526776568,0.25090699513060993,1.7839519415252743,0.040055693705127994,70.849,1.6507638401284814,0.039802006115165156
P1,loss,1.0,59,236.0,20,1.8347566899932122,0.21363222681726138,1.787076303858123,0.04131182109206224,71.701,1.6545374005989402,0.04097487670103523
P1,loss,1.0,60,240.0,20,1.89107582852644,0.21872282049570874,1.793618749062103,0.048263646037732096,71.159,1.6603775178153364,0.048142214243766863
P1,loss,1.0,61,244.0,20,1.785927466037546,0.23101323994316025,1.792538308274942,0.05223511967613668,72.29299999999999,1.659621132899877,0.05245012499759783
P1,loss,1.0,62,248.0,20,1.8496875827732928,0.2148487231219173,1.792789658496457,0.0519725569910278,73.318,1.6600097309227375,0.05176632305582259
P1,loss,1.0,63,252.0,20,1.8692371687559386,0.19255897271146988,1.7944813453448514,0.051043607124712224,73.78999999999999,1.6607346821270554,0.05185381634493105
P1,loss,1.0,64,256.0,20,1.839921001471779,0.2795124615255219,1.7993282139595905,0.052689772763045276,70.864,1.6651148150977177,0.05382202151099227
P1,loss,1.0,65,260.0,20,1.7955068187082692,0.24195248052332097,1.7978514715562457,0.051307835298319254,71.487,1.6631324337911138,0.05274735388858931
P1,loss,1.0,66,264.0,20,1.8657924770854684,0.24600189968615688,1.8031233859952411,0.05266117791656518,73.07000000000001,1.6688333704753238,0.05456614122531098
P1,loss,1.0,67,268.0,20,1.7394116040224237,0.3052088436706191,1.8003894261236666,0.05055704621459001,69.059,1.6674194830300297,0.05270620938191683
P1,loss,1.0,68,272.0,20,1.7913983428596563,0.22077155751910538,1.8022071735127576,0.04745042416062722,71.838,1.6689649593379,0.05044071917072968
P1,loss,1.0,69,276.0,20,1.9008212313488524,0.2757631932661479,1.804422372758672,0.04372951577272719,71.90599999999999,1.6703793825879525,0.04655808113581516
P1,loss,1.0,70,280.0,20,1.7794888663729065,0.28601543315486344,1.805149396596886,0.0428959810677485,69.92,1.6719418953035592,0.04512176294688633
P1,loss,1.0,71,284.0,20,1.8030253121462816,0.20805467005880782,1.8074956672489475,0.03951058274165953,70.925,1.6747501421584148,0.04208200692863017
P1,loss,1.0,72,288.0,20,1.7572974341574596,0.27691820445121185,1.8037899070092887,0.04181128817103404,70.188,1.671377749740794,0.045286144174517075
P1,loss,1.0,73,292.0,20,1.861314484959971,0.19472486893239102,1.8038045280926849,0.0446070193722832,75.225,1.6710669698929952,0.04744950486003132
P1,loss,1.0,74,296.0,20,1.7981226436985753,0.25053922388270405,1.8012871900406426,0.049073541056919946,69.313,1.668372704784564,0.05169467504256714
P1,loss,1.0,75,300.0,20,1.8746699182366122,0.24437742027884518,1.8050693917440577,0.04845049206902469,71.188,1.6722177621527485,0.05118050250477474
P1,loss,1.0,76,304.0,20,1.8571717779733938,0.19879691299662228,1.809250367861938,0.049999726391677525,73.135,1.6761810972980473,0.05233481625773345
P1,loss,1.0,77,308.0,20,1.8020130004627828,0.25856067228187873,1.811380618967231,0.053923793149214125,71.466,1.6785153318487622,0.0558003659978066
P1,loss,1.0,78,312.0,20,1.8156546022014044,0.22134612019873146,1.812799984480884,0.055676614493768845,71.963,1.6801805845843503,0.05752944218867352
P1,loss,1.0,79,316.0,20,1.7781841825786349,0.23738202295030084,1.8128047782008927,0.056828984871677264,69.966,1.6800132106892527,0.05797572542101049
P1,loss,1.0,80,320.0,20,1.8766259077137246,0.2594361129142755,1.815541749880282,0.05645663918363231,72.923,1.6822981906459311,0.05632750199546976
P1,loss,1.0,81,324.0,20,1.805734254812228,0.22976680055312176,1.819886364327393,0.05804499250118199,71.714,1.6864437880211334,0.05740039192837659
P1,loss,1.0,82,328.0,20,1.7648250844013844,0.2953810803834097,1.8200840333590356,0.05637292227056482,67.81,1.6864832573631745,0.055952983023721474
P1,loss,1.0,83,332.0,20,1.7799882908005802,0.22916623680333947,1.8207060788839526,0.058218132069630495,71.977,1.686280471020528,0.058023148219705584
P1,loss,1.0,84,336.0,20,1.812371110107594,0.2922863640242818,1.8198106556885278,0.061653785368142165,69.349,1.6853127767438825,0.061115228164840954
P1,loss,1.0,85,340.0,20,1.7752108337577657,0.3037136864139175,1.815176055897781,0.06280568513823265,69.991,1.6811564490690174,0.06145760342588916
P1,loss,1.0,86,344.0,20,1.83398019054008,0.2422228472140177,1.8170981648778823,0.06191754277965487,69.6,1.6830714706202516,0.060426584714991315
P1,loss,1.0,87,348.0,20,1.8197346545877013,0.21479464068373227,1.8159000477504588,0.05864611271940066,68.813,1.682108635437991,0.05762190878365655
P1,loss,1.0,88,352.0,20,1.7442956871953246,0.2739901871514666,1.810902388488034,0.05758148906108576,68.47200000000001,1.6776603295123487,0.05702612005699748
P1,loss,1.0,89,356.0,20,1.7810738917749434,0.2594972389070894,1.8085485041001608,0.05944423443200877,67.357,1.6761574539190949,0.06041406158478575
P1,loss,1.0,90,360.0,20,1.7036816552908558,0.26032891115017665,1.804875497563464,0.060519835348718916,67.725,1.6723897758873132,0.0616766837724379
P1,loss,1.0,91,364.0,20,1.8358112309280255,0.222783858629428,1.8036762477171664,0.06049032133334643,70.86,1.6712556062272543,0.06218180521013221
P1,loss,1.0,92,368.0,20,1.7932490545817807,0.2300351926181875,1.805829745739541,0.05976301438947343,70.69,1.6727379195626138,0.060439919290359315
P1,loss,1.0,93,372.0,20,1.8252323903918033,0.2345666693723954,1.8071831076408267,0.05968735446120054,71.295,1.6742635525451206,0.060171030782291815
P1,loss,1.0,94,376.0,20,1.8668500396627454,0.2532813170880882,1.8058242599733823,0.06160301444602853,71.783,1.6739644565590006,0.06299461117325503
P1,loss,1.0,95,380.0,20,1.738084285304647,0.23343858840781415,1.804168076730652,0.05589147037148773,68.319,1.6714695769893173,0.057481966490071715
P1,loss,1.0,96,384.0,20,1.832720536777274,0.2729612763263489,1.8053558857158918,0.056333477287466585,69.90700000000001,1.6726589379662797,0.0576473986556911
P1,loss,1.0,97,388.0,20,1.8540451025695126,0.22546155828162073,1.809225792452374,0.05568417335053694,72.828,1.6770219642061246,0.05631927418278766
P1,loss,1.0,98,392.0,20,1.8420665278846147,0.23322410212342967,1.8084558741693595,0.05157499646988463,72.943,1.6768263345935708,0.052281627110636164
P1,loss,1.0,99,396.0,20,1.898072641803085,0.221383079991877,1.8124538740935399,0.04733616588273076,71.487,1.6809166780252525,0.04795320033972329
P1,loss,1.0,100,400.0,20,1.8015153910886679,0.3170863436677438,1.809527693007622,0.04246531415094813,67.864,1.67820203341114,0.04288961847947798
P1,loss,1.0,101,404.0,20,1.8071738822577674,0.26583060764870736,1.807527777178997,0.041165531557731685,68.64200000000001,1.676325190526126,0.042129229145218015
P1,loss,1.0,102,408.0,20,1.8427490044137211,0.22047074593822347,1.809157217337035,0.04572194295368241,72.627,1.67843000574883,0.0463791706427709
P1,loss,1.0,103,412.0,20,1.840692743830791,0.27470547584162897,1.81015874300221,0.04516158662907688,71.21000000000001,1.6786050440886044,0.04628023763608942
P1,loss,1.0,104,416.0,20,1.8925194055716539,0.21864270525741575,1.8147321519219308,0.043485663855160284,72.648,1.6829653645447968,0.045299845765069395
P1,loss,1.0,105,420.0,20,1.8566649092739955,0.2295470579918734,1.8139337119843417,0.04595931193697619,72.264,1.6826453001892046,0.04678162720749273
P1,loss,1.0,106,424.0,20,1.857812211511958,0.23116548841685167,1.816016830252331,0.04803369958521218,72.26,1.6847369544116688,0.04922878390976392
P1,loss,1.0,107,428.0,20,1.749788567600546,0.2768342376438822,1.8154153695802975,0.04662006068631721,65.989,1.6843036779093197,0.04672022172174464
P1,loss,1.0,108,432.0,20,1.730916007753536,0.2834919574217829,1.8134524782584154,0.04619019959921908,67.67699999999999,1.6828312677048718,0.04459492904336661
P1,loss,1.0,109,436.0,20,1.795024741319357,0.19936218580202109,1.8127586235068862,0.04480649412505589,69.273,1.6822241175575847,0.043409479370825975
P1,loss,1.0,110,440.0,20,1.836394107041988,0.16551710587408847,1.8152059544382548,0.04296654767839867,72.72,1.6847297516446698,0.04116688821577098
P1,loss,1.0,111,444.0,20,1.8490511021643627,0.17405184644491392,1.8158087909032266,0.0440493302579938,73.99600000000001,1.6860476424293516,0.04339905747878313
P1,loss,1.0,112,448.0,20,1.8670218497356186,0.1889755608667733,1.8177002787091427,0.04744451836289629,73.072,1.687864272501176,0.04584632099493212
P1,loss,1.0,113,452.0,20,1.8475503969839824,0.1930753395034049,1.8218304671006895,0.04752483511877539,71.881,1.6928196031586302,0.045753863080778494
P1,loss,1.0,114,456.0,20,1.8632092806710787,0.24822823838392838,1.8251158826565348,0.04705680417618478,70.482,1.6947166586523958,0.04586439477331353
P1,loss,1.0,115,460.0,20,1.8445708228820994,0.2465232494558395,1.8307514493601844,0.04916795638077364,70.62100000000001,1.7001879211656683,0.046949471114776084
P1,loss,1.0,116,464.0,20,1.8861190729565505,0.16760238925594537,1.8327637630413254,0.047055089297676884,74.965,1.70225543401908,0.045091832707207506
P1,loss,1.0,117,468.0,20,1.8489247697730726,0.1809463245866376,1.834990791648977,0.04486361793081506,73.386,1.704756958229422,0.043670898715750715
P1,loss,1.0,118,472.0,20,1.9663162352503971,0.17422377045887513,1.8406341454433206,0.04643605116648502,75.534,1.7103353353036415,0.04462532788984319
P1,loss,1.0,119,476.0,20,1.9097381013383725,0.2167204322700052,1.8423496679103457,0.04540949447237477,73.064,1.7121787936216755,0.04399365461523809
P1,loss,1.0,120,480.0,20,1.822742877879793,0.2861143780371566,1.8457360116133519,0.05063183743179284,69.63,1.7154348734860885,0.049907306607665965
P1,loss,1.0,121,484.0,20,1.8665838709741602,0.20572246993820908,1.8470905449812272,0.04991701124159614,72.151,1.7165175496372025,0.04923668048958538
P1,loss,1.0,122,488.0,20,1.876815580460074,0.21920059791041024,1.8480013640968498,0.05422911448545238,72.35900000000001,1.7175787050176983,0.05337287392767677
P1,loss,1.0,123,492.0,20,1.752191409256249,0.22237948378833128,1.844406359351715,0.04954838064702771,67.749,1.7142952367443691,0.0485509177974024
P1,loss,1.0,124,496.0,20,1.9085373693824426,0.18223187868249918,1.8448249484548893,0.05249287677684943,72.644,1.7151774575081746,0.05041130763338368
P1,loss,1.0,125,500.0,20,1.8076823954316434,0.24672465093633425,1.8450716286286084,0.046684830824473104,69.599,1.7151133772059493,0.04494480180674604
P1,loss,1.0,126,504.0,20,1.738695041262862,0.2763362212261895,1.8423324749888121,0.0490097766165649,68.049,1.712687415495796,0.046398403346446467
P1,loss,1.0,127,508.0,20,1.8655013968239307,0.19140036177215258,1.8432425706852205,0.04546878678970984,70.453,1.7131430880157947,0.042351528394757296
P1,loss,1.0,128,512.0,20,1.8475270692535282,0.23246799928649356,1.8435159437021302,0.04641552771839815,71.893,1.7136459488754359,0.04391144667000029
P1,loss,1.0,129,516.0,20,1.9457869507288497,0.15321627576290953,1.845646645508418,0.049084789341976416,74.85,1.7163829621147293,0.045782328178647504
P1,loss,1.0,130,520.0,20,1.8777639546740996,0.22988135895071235,1.8464906073244218,0.04794507346801904,71.795,1.7168444614372,0.04502318762706379
P1,loss,1.0,131,524.0,20,1.846702214382367,0.2611021498986691,1.846046207439238,0.049098735887210906,71.291,1.7166900770719338,0.04640454989897751
P1,loss,1.0,132,528.0,20,1.9057972002373647,0.22439972555221227,1.852286552744711,0.04866420530798258,71.75800000000001,1.7234732056158957,0.04681960713379656
P1,loss,1.0,133,532.0,20,1.8817365300879634,0.24890397028282552,1.858319373638088,0.04737526572144561,70.492,1.7290039054539186,0.04600622789968479
P1,loss,1.0,134,536.0,20,1.8908494883548947,0.16829604001692036,1.8621523635195096,0.048750202538259964,73.30499999999999,1.732998405940617,0.046297744101437215
P1,loss,1.0,135,540.0,20,1.8726938628542655,0.17293128845321626,1.863604353752001,0.05128911177258307,73.387,1.7350898684959222,0.047980476358764956
P1,loss,1.0,136,544.0,20,1.7613871925760862,0.2583548095602972,1.8600977973684696,0.054104558585228515,69.99199999999999,1.7315784492049933,0.05115218317273358
P1,loss,1.0,137,548.0,20,1.8020282085905932,0.29932835835958993,1.857498051722669,0.05006923964789029,66.042,1.7284148649663316,0.04763435881991711
P1,loss,1.0,138,552.0,20,1.9446220601760735,0.29867300196505864,1.8613809182503522,0.057383235660667775,71.88199999999999,1.7307510682762188,0.05511620214844601
P1,loss,1.0,139,556.0,20,1.8976167746214678,0.218109078221206,1.8627572180083678,0.05618339849604618,73.631,1.7330331104036083,0.05395284707828067
P1,loss,1.0,140,560.0,20,1.8799998973220593,0.1922095649176999,1.8641743809859666,0.054721241731189425,73.011,1.7350627927811033,0.052398319907790813
P1,loss,1.0,141,564.0,20,1.808235744831642,0.2625205744437574,1.86105904786097,0.06243520169775396,69.72200000000001,1.731500692972196,0.06026247587772434
P1,loss,1.0,142,568.0,20,1.8343313139036859,0.21921172066301234,1.8604753096261946,0.06553320042393868,71.897,1.730832371188533,0.06359866611350795
P1,loss,1.0,143,572.0,20,1.7443585825959484,0.26702656161092736,1.8515970035200167,0.06433964727897902,66.61699999999999,1.7221071949323292,0.06358914570004834
P1,loss,1.0,144,576.0,20,1.8064250882557922,0.2651446422096552,1.8474644829967137,0.06571680638803297,68.166,1.7173550675802622,0.06534635829068382
P1,loss,1.0,145,580.0,20,1.8546488350077208,0.2658927733520798,1.8487407212818305,0.06909568447204742,72.494,1.719054689207335,0.06854403381541385
P1,loss,1.0,146,584.0,20,1.8577388246006863,0.26154866200751353,1.8483869194268916,0.06564031373475379,70.146,1.7190534481387385,0.06532960633964663
P1,loss,1.0,147,588.0,20,1.8717312450240882,0.24038752795581017,1.8481835460094522,0.06903197873178803,71.952,1.7193494021915527,0.06960802753193862
P1,loss,1.0,148,592.0,20,1.8409869654130557,0.22148043790868313,1.8517353682557243,0.07164032607798239,72.342,1.7228471116597597,0.07168660244029952
P1,loss,1.0,149,596.0,20,1.8512159655633593,0.22077218378387536,1.8494425121029612,0.07303786699546792,70.369,1.7201572560243268,0.07327165525503952
P1,loss,1.0,150,600.0,20,1.8615388918935867,0.2061168364402397,1.8515967719614388,0.07014148203540306,71.738,1.7224184998455567,0.07111022137373098
P1,loss,1.0,151,604.0,20,1.8470470718210859,0.23568714725095408,1.8559308531837675,0.06579700557268858,71.076,1.7268045727905963,0.06659860917541277
P1,loss,1.0,152,608.0,20,1.7531561426709648,0.21031646511246493,1.8514370430176492,0.061444079966611005,69.873,1.7218904832659678,0.06262560140991968
P1,loss,1.0,153,612.0,20,1.7998197199359058,0.2421572404583729,1.8495287490449441,0.05819471029914409,67.24,1.7200315426300452,0.05935215999368018
P1,loss,1.0,154,616.0,20,1.9119000197090237,0.17052947175983205,1.8481732718041513,0.05680156659488897,74.188,1.7180589934803023,0.058025020824753824
P1,loss,1.0,155,620.0,20,1.835172358214341,0.2939781821450733,1.846469607945761,0.05276427564326365,69.517,1.716404320827292,0.054308958105373575
P1,loss,1.0,156,624.0,20,1.825129141734196,0.276142624927831,1.845606685039834,0.05174586449615557,67.672,1.7153365350139675,0.05310161009729347
P1,loss,1.0,157,628.0,20,1.954371325126202,0.16906036049444734,1.8475496500353874,0.051741496650291915,73.397,1.7170028833514763,0.05238650552248154
P1,loss,1.0,158,632.0,20,1.8202627072326774,0.1722364597255621,1.8450906971211762,0.049685156916391235,72.369,1.715223082015123,0.05134723755796391
P1,loss,1.0,159,636.0,20,1.8915476568491634,0.27112436064034157,1.845118623860947,0.05044235478227114,71.416,1.714339265350859,0.05346744943626141
P1,loss,1.0,160,640.0,20,1.704768712075344,0.21795058069285667,1.8384016178297897,0.046905061875440995,66.216,1.706418844937912,0.04965169391334737
P1,loss,1.0,161,644.0,20,1.745442575074425,0.2750664787963406,1.8377638331297235,0.043084861184283285,68.59700000000001,1.7056733002792321,0.04532456417433872
P1,loss,1.0,162,648.0,20,1.9028543685974466,0.2232594678478664,1.8417968795299977,0.04774396470200671,72.312,1.7095973451275146,0.05044852509773666
P1,loss,1.0,163,652.0,20,1.799546143822146,0.2972333048566569,1.8359938428758404,0.04183763053577514,68.327,1.7045615097149507,0.04294539185589891
P1,loss,1.0,164,656.0,20,1.909248405660199,0.1691328828669819,1.8364591081173898,0.04537543629610661,72.74,1.7053483993745029,0.045689973307050276
P1,loss,1.0,165,660.0,20,1.9047496492475475,0.19632048327705687,1.8374490981944092,0.04543242031819992,73.439,1.705413557583959,0.04497018180254999
P1,loss,1.0,166,664.0,20,1.8355061970573074,0.315067677533615,1.8385399162834362,0.04531174142706936,68.958,1.707163351358449,0.045186105502199196
P1,loss,1.0,167,668.0,20,1.899268157380782,0.1958468496858405,1.8411373900225196,0.04067391337557967,74.85,1.7098562725884794,0.04006867352885724
P1,loss,1.0,168,672.0,20,1.904967888260589,0.1912492171179084,1.8475617622491054,0.04276902865328814,75.045,1.7163981305884743,0.04178713122704335
P1,loss,1.0,169,676.0,20,1.9092492653073272,0.1797027445697268,1.8516747293311666,0.038060360156103465,73.6,1.7207422409711046,0.03728108739462507
P1,loss,1.0,170,680.0,20,1.9142325951601429,0.19430433826739374,1.8540580797372637,0.03691751955810629,74.017,1.7230938790130008,0.036955240182368516
P1,loss,1.0,171,684.0,20,1.889152843009386,0.24927154001842536,1.8553146404736118,0.04222528396796673,73.465,1.7246738230913046,0.040334259680931156
P1,loss,1.0,172,688.0,20,1.8374545999507188,0.23784338144410339,1.853943574670677,0.04199001284141046,68.17,1.7226722865175472,0.04077658931341007
P1,loss,1.0,173,692.0,20,1.8532791185960646,0.2591652631841948,1.8544352607979975,0.04097932956801127,68.974,1.723376285112534,0.04029409955610127
P1,loss,1.0,174,696.0,20,1.8980078089415748,0.21246375158240685,1.8563069345331258,0.04076681897732097,72.392,1.7256774466903946,0.04025331842704546
P1,loss,1.0,175,700.0,20,1.9271754121949727,0.19088557974168593,1.8589323953451813,0.0430245909746834,73.66900000000001,1.7280851630637535,0.04209824986143561
P1,loss,1.0,176,704.0,20,1.8782321338613628,0.2191021363334536,1.8601797978267924,0.04684316034576634,72.229,1.7289728138640403,0.0451045950323229
P1,loss,1.0,177,708.0,20,1.8964272604997263,0.2844577682629372,1.865910642539943,0.047091677992687216,71.28,1.7355651691824676,0.045649459015290224
P1,loss,1.0,178,712.0,20,1.8364577242677846,0.24724179699867754,1.867376162713218,0.04921195352631093,69.716,1.7371983044617951,0.04718837694761808
P1,loss,1.0,179,716.0,20,1.8442218598947506,0.3193934277902176,1.864669036320647,0.050213984772253195,68.404,1.7345621558240096,0.04648904105060061
P1,loss,1.0,180,720.0,20,1.8767129212387772,0.17318801859040198,1.8663306588416244,0.04588806576189721,72.57000000000001,1.736669665566922,0.04280091807837668
P1,loss,1.0,181,724.0,20,1.9065143834210603,0.21032494134298851,1.8695860685090993,0.04237004241958687,71.354,1.7399779464190837,0.04028043397477861
P1,loss,1.0,182,728.0,20,1.8830747352630024,0.22248986576617866,1.8667342049145712,0.039881125548155365,71.17699999999999,1.7370058034660456,0.0382101976008597
P1,loss,1.0,183,732.0,20,1.8335442883216744,0.2747055042408942,1.867265468158131,0.03678849753986928,69.647,1.7372958354628387,0.03564456824108125
P1,loss,1.0,184,736.0,20,1.8829275157098668,0.23953582452343936,1.8669206625125594,0.03671883324905457,70.66799999999999,1.7372176619952284,0.036157115050064075
P1,loss,1.0,185,740.0,20,1.8808949578409369,0.2754258421614559,1.873965712343183,0.042701185022784464,69.69300000000001,1.7442496233623241,0.04271370984831542
P1,loss,1.0,186,744.0,20,1.843999216062309,0.2582911213279799,1.8779079779826984,0.046987844846018055,70.44,1.7480640566169456,0.047199460083816494
P1,loss,1.0,187,748.0,20,1.9274039157055216,0.15723225291515666,1.8788899598670212,0.044847297985979265,73.061,1.7498840622984748,0.04545801399635226
P1,loss,1.0,188,752.0,20,1.8465838248137367,0.2561351476505279,1.880771467106685,0.048877461179754486,69.175,1.7514726569670056,0.048362895610041735
P1,loss,1.0,189,756.0,20,1.8318721968413059,0.19979578030111475,1.8776764187539292,0.05122460468670307,71.184,1.7484535527425478,0.05130286415567448
P1,loss,1.0,190,760.0,20,1.8585466372788264,0.21551242744613117,1.8758282982751802,0.04796060722965378,71.298,1.747127056681802,0.047130559949109994
P1,loss,1.0,191,764.0,20,1.7758942766512908,0.24551362436783694,1.8734438214589395,0.05010832058564036,68.521,1.7445440283911693,0.04943084285347401
P1,loss,1.0,192,768.0,20,1.910431371586606,0.22054869584099965,1.8738903500271724,0.04941441410654771,72.166,1.744898213451901,0.04926884597751052
P1,loss,1.0,193,772.0,20,1.8492956251529111,0.2567941141834072,1.8716634595028654,0.04598070784272591,70.868,1.7431106917842936,0.04609003590903049
P1,loss,1.0,194,776.0,20,1.9061257431836538,0.19782300751928286,1.8715385186179188,0.04273256171554251,73.471,1.7437494860260923,0.042173335710969234
P1,loss,1.0,195,780.0,20,1.9001215355296022,0.18765823219302055,1.870974076232697,0.0415328600439261,73.389,1.7430361559016052,0.04128681260768647
P1,loss,1.0,196,784.0,20,1.883903517959738,0.23607275291627808,1.870764103230711,0.044654848627813534,72.252,1.742892815077581,0.04357336881785766
P1,loss,1.0,197,788.0,20,1.9177130714158017,0.20560542955041403,1.8739744420893143,0.04213581596920316,73.701,1.7457250887525322,0.04167302095060429
P1,loss,1.0,198,792.0,20,1.9333781092195785,0.1920962735578713,1.8771784017142548,0.044287094819023,73.60499999999999,1.7489229438766967,0.04392028766540778
P1,loss,1.0,199,796.0,20,1.914618939970131,0.2666441567991787,1.8778428469553972,0.046501913544491055,71.126,1.7490478133289098,0.04613852593588236
P1,loss,1.0,200,800.0,20,1.8908240609552742,0.2258501918870325,1.8763887929058094,0.04728700389043298,71.897,1.7475154871634397,0.046043906430071044
P1,loss,1.0,201,804.0,20,1.8831270961722908,0.18443616205326224,1.8765845913982464,0.04889942360245381,75.049,1.7480566038141803,0.04785438160024949
P1,loss,1.0,202,808.0,20,1.9299891251767334,0.16317694485178072,1.8779270659853267,0.04549822613893641,73.508,1.7491276867820158,0.044710479114564786
P1,loss,1.0,203,812.0,20,1.9231049725186662,0.20962074575301412,1.8813929559153617,0.04749904426269407,73.37100000000001,1.7523702968362103,0.046683143467624366
P1,loss,1.0,204,816.0,20,1.9195631216860138,0.21686066651611385,1.8844066063870124,0.049755222076641396,71.727,1.7557220745711821,0.0469169408743146
P1,loss,1.0,205,820.0,20,1.904540862697472,0.23260412807548453,1.8855197240453603,0.05168018563914107,70.346,1.7562721296325303,0.04981988164886164
P1,loss,1.0,206,824.0,20,1.9503904196628965,0.1784708658920523,1.8872747654950337,0.05435837743005547,75.398,1.7582544344034663,0.05154109053018189
P1,loss,1.0,207,828.0,20,1.9036944936555233,0.21755079864171561,1.8880995558307343,0.05655952607395983,72.228,1.7593304404660164,0.054937988725664265
P1,loss,1.0,208,832.0,20,1.9186571555146155,0.2402099564406053,1.891504070518452,0.058290695743991976,71.481,1.7628583384956897,0.05752675935343993
P1,loss,1.0,209,836.0,20,1.84635111033086,0.19102538238459546,1.8900410143032917,0.05750120341611849,71.41499999999999,1.7623084742101724,0.05686990577085388
P1,loss,1.0,210,840.0,20,1.9788222355295997,0.18629584451441095,1.8939581054108383,0.05471920966976665,73.35499999999999,1.7671258757160633,0.05332357226185104
P1,loss,1.0,211,844.0,20,1.9160141997040767,0.23380025419179212,1.8968387047565092,0.05948213418520927,72.05199999999999,1.770282626122262,0.058138730531285814
P1,loss,1.0,212,848.0,20,2.000281037919936,0.19651573822089652,1.8997537896450858,0.06418115785293203,73.939,1.7726233188742628,0.0627373828742692
P1,loss,1.0,213,852.0,20,1.9908858430642948,0.18388323168957152,1.905525870375108,0.06135450103898308,73.402,1.7791715506648131,0.060704376058402475
P1,loss,1.0,214,856.0,20,1.8923227804195573,0.2648981559943652,1.907943893718238,0.06072815761104385,72.361,1.781287246020359,0.059474526714683604
P1,loss,1.0,215,860.0,20,1.966323335918651,0.1994277959271084,1.912254961663831,0.061021730211066744,73.08,1.7852735855645037,0.05984774001365927
P1,loss,1.0,216,864.0,20,1.9762555018200711,0.17634845765753066,1.9202694106705824,0.06287898271511488,75.261,1.7934324732675815,0.06127568104046396
P1,loss,1.0,217,868.0,20,1.8432403962266544,0.249709280559345,1.917581771656184,0.0655243030597223,69.965,1.7904470587746526,0.06426295491149712
P1,loss,1.0,218,872.0,20,1.9237782250834932,0.1997280679155146,1.9205610756534075,0.06668385309382159,73.315,1.7937511946394396,0.06500811264179081
P1,loss,1.0,219,876.0,20,1.9277709698900707,0.24758703155087858,1.921426884721664,0.06824560351198354,72.376,1.7945044843077995,0.06658457664643423
P1,loss,1.0,220,880.0,20,1.9257231235069263,0.26471676657628124,1.922450948240757,0.0687128693778007,72.363,1.7958937314792465,0.06733706395546818
P1,loss,1.0,221,884.0,20,1.873431308260614,0.2786111537966476,1.922032059852792,0.06363258421541139,72.64099999999999,1.7954788265367032,0.06276157589642906
P1,loss,1.0,222,888.0,20,1.940760687050242,0.2299619901941838,1.9229539644781695,0.06252670014629837,74.252,1.7963627073648745,0.06201501233763796
P1,loss,1.0,223,892.0,20,1.9719765610856015,0.25054231377764696,1.9244979025528106,0.060319798633825576,73.011,1.7974121808766594,0.059352179766195785
P1,loss,1.0,224,896.0,20,1.8152190099029641,0.2740957171186546,1.920521905350124,0.05147539441389143,68.592,1.793821439752607,0.05000905275713996
P1,loss,1.0,225,900.0,20,2.059541207502733,0.1610509113155634,1.9272705912120223,0.054376844571297975,75.447,1.8003390857800512,0.05292326159376601
P1,loss,1.0,226,904.0,20,1.9556870918537246,0.2269849224027963,1.9301729910392798,0.05798365437513812,73.714,1.803583285917707,0.055799294586975766
P1,loss,1.0,227,908.0,20,1.9330285717431832,0.24425395721638554,1.9302945689019377,0.06296326330562046,71.22999999999999,1.8036637359997134,0.06022903811723895
P1,loss,1.0,228,912.0,20,1.94198882088849,0.336363618139989,1.9310499228367306,0.05882256315430726,70.503,1.8043469223193997,0.055719127438840964
P1,loss,1.0,229,916.0,20,1.9334678494728135,0.1578366203019995,1.9316061119482026,0.05409847410757767,73.62,1.8045839184665677,0.05141998648583331
P1,loss,1.0,230,920.0,20,1.8552189713872607,0.3160271866320901,1.929633236295794,0.05770565277069345,69.21000000000001,1.8028227862181947,0.055191833223282624
P1,loss,1.0,231,924.0,20,1.926083862685147,0.28088313334055337,1.9286609740166842,0.058302345953439264,72.55,1.8017046367171496,0.055927663868259654
P1,loss,1.0,232,928.0,20,1.996362872091905,0.20788874369228222,1.9323677091541396,0.05720341468485539,73.067,1.8053571556104249,0.054304900854651054
P1,loss,1.0,233,932.0,20,1.9078753961016681,0.2434419293411473,1.9319364387776214,0.06124941630711017,70.50800000000001,1.8052778769566178,0.05810348439318746
P1,loss,1.0,234,936.0,20,1.9569201174533493,0.22866683048867725,1.936359199062521,0.06521063224679528,71.69300000000001,1.8093193646083048,0.06351940122004034
P1,loss,1.0,235,940.0,20,1.8904311545132706,0.2951801258506545,1.932823555821868,0.06326845878076764,71.084,1.8053005863443718,0.0628463732714843
P1,loss,1.0,236,944.0,20,1.9260755286213922,0.23154202980073993,1.9332260089785607,0.06777682060963557,70.976,1.8049005045812507,0.06611151597299206
P1,loss,1.0,237,948.0,20,1.9543225992063031,0.21113783498076466,1.9313876714300153,0.06943980418002324,72.159,1.803685446908546,0.06778154588833837
P1,loss,1.0,238,952.0,20,1.9082318301339545,0.25796659656746296,1.9280815109128018,0.07232946137132847,70.304,1.7996751994797962,0.07014654320735474
P1,loss,1.0,239,956.0,20,1.9496513781708131,0.18708435909112983,1.930374654822852,0.07158240003758055,72.923,1.8018543754643417,0.07073039226285714
P1,loss,1.0,240,960.0,20,1.9170359040281013,0.21419971005818558,1.9284031575472298,0.07145079063008494,72.008,1.7995464063832363,0.07054697864757178
P1,loss,1.0,241,964.0,20,1.968866471127741,0.24243563182242867,1.9281075963195367,0.07204313773773727,69.56700000000001,1.7996235818342807,0.0709625188916265
P1,loss,1.0,242,968.0,20,1.9687716946479454,0.2595312821011279,1.9331288482563884,0.0721408331594071,72.148,1.8047325213034653,0.07170822685334967
P1,loss,1.0,243,972.0,20,1.9779962170335292,0.11580263082594668,1.93529756793439,0.07116980524301036,75.132,1.8065424722282333,0.0709608817734815
P1,loss,1.0,244,976.0,20,2.010771262552664,0.24710479140840624,1.9386175796408935,0.07317442813155063,73.685,1.809111268207888,0.07309851755732714
P1,loss,1.0,245,980.0,20,1.9558715110581517,0.18377726726218008,1.9398235151429426,0.07448130181094315,73.056,1.809861332007919,0.07440554953232538
P1,loss,1.0,246,984.0,20,1.999476405487168,0.16475282502624422,1.9448653190320049,0.07462642227092893,72.002,1.8142418322239344,0.07417848420793906
P1,loss,1.0,247,988.0,20,1.9650690785522187,0.2075788659740027,1.945837654692084,0.0766165586988666,74.05199999999999,1.8152025279460928,0.07654049627907794
P1,loss,1.0,248,992.0,20,2.0357252185942674,0.17067144072084223,1.9483876009924306,0.07853248957376291,74.001,1.817424434929316,0.07915927119656838
P1,loss,1.0,249,996.0,20,2.0218029744748733,0.20049159991486165,1.9566509595753068,0.07975017252264655,72.693,1.8258010889079503,0.08062007455926957
P1,loss,1.0,250,1000.0,20,1.9670302575175111,0.19335420635286948,1.9529505215758978,0.07972894229348454,75.16799999999999,1.8227285867595502,0.08015762000079718
P1,loss,1.0,251,1004.0,20,2.041464740301641,0.18871699764057473,1.9563816275138144,0.07849192194497118,72.776,1.8251875250823608,0.07800795005163269
P1,loss,1.0,252,1008.0,20,1.9529346473659448,0.2008686077564315,1.9571778705387248,0.0727159906117497,73.459,1.8256381912836808,0.07219004002933802
P1,loss,1.0,253,1012.0,20,1.9198580394385716,0.29249199285178046,1.9562926392807285,0.07634527259350865,71.612,1.8253879833055602,0.07581663699045292
P1,loss,1.0,254,1016.0,20,1.9726541504435022,0.1893830900009544,1.9578600913195559,0.07689936639378538,74.208,1.827273283249199,0.07653059608121245
P1,loss,1.0,255,1020.0,20,1.96709126301976,0.21751820617504322,1.9623349829848558,0.07550615544091295,72.642,1.8322894061612653,0.07504845517841065
P1,loss,1.0,256,1024.0,20,2.0166812422439473,0.18939202300551664,1.9659588781672077,0.07162990714090776,73.252,1.836388572942169,0.07108736847743732
P1,loss,1.0,257,1028.0,20,2.0514205061807,0.11329725264023806,1.9681611835307595,0.06935739581803278,75.44800000000001,1.8388886537842517,0.06906442190295808
P1,loss,1.0,258,1032.0,20,1.9918845228761815,0.2531683088678297,1.9715215486017403,0.07022769147881704,72.25399999999999,1.8410945956788223,0.06975797899827327
P1,loss,1.0,259,1036.0,20,1.9226633461490228,0.23044349910379755,1.9701512777495669,0.06767601137821905,72.613,1.8399096843713985,0.06656135035120092
P1,loss,1.0,260,1040.0,20,1.9821261308811369,0.13240460753722672,1.9738190768042816,0.06477945476414748,73.741,1.84425063396931,0.06301209948902323
P1,loss,1.0,261,1044.0,20,2.00140558106611,0.18021754093709236,1.9768322789020705,0.06325482635904227,72.95700000000001,1.8478120512766174,0.0618022455347631
P1,loss,1.0,262,1048.0,20,1.9785310282204887,0.22459512229271306,1.977800616062638,0.06147744261087817,73.578,1.8486718524827102,0.0600605734519155
P1,loss,1.0,263,1052.0,20,1.8717610399625784,0.2990511409936207,1.976341784455783,0.06570495990066014,68.28,1.8473137968717164,0.06481883165374505
P1,loss,1.0,264,1056.0,20,2.009544361400527,0.2000172568208053,1.9787375037849713,0.06932112207185616,74.184,1.8499995317208224,0.06739584025342497
P1,loss,1.0,265,1060.0,20,2.0251896167295778,0.17468192171686792,1.9830636522930303,0.06833751532571271,75.14099999999999,1.8545142472231906,0.06660636887834522
P1,loss,1.0,266,1064.0,20,2.020228821592672,0.16758993800380034,1.9851181463116276,0.06822943293072509,75.037,1.8558627402071266,0.06610676149287882
P1,loss,1.0,267,1068.0,20,2.0524749171051933,0.18585235388720947,1.9884662752099174,0.06813034187837164,76.064,1.8588629642942422,0.06575975487194285
P1,loss,1.0,268,1072.0,20,1.979697561904074,0.19316577503989846,1.988534329004739,0.06902245485140474,73.15299999999999,1.8589649549747342,0.06661047051188497
P1,loss,1.0,269,1076.0,20,1.9840533230807953,0.24401385633511624,1.9874656114258644,0.06170995233714054,72.11699999999999,1.8580667495531276,0.059557766935985065
P1,loss,1.0,270,1080.0,20,1.9665094989705736,0.2095429873287906,1.9878911309423615,0.06201492674650754,73.241,1.8586086684488279,0.05970926828085333
P1,loss,1.0,271,1084.0,20,2.0373644922251257,0.1317985134911459,1.9894066544118796,0.06237563489593543,75.275,1.8598312793472136,0.060300909599918615
P1,loss,1.0,272,1088.0,20,2.043065335019485,0.10179418053727148,1.9925265046705705,0.062162498425803236,74.615,1.862827177200317,0.06004369594442937
P1,loss,1.0,273,1092.0,20,2.013081577679919,0.22283610478886845,1.9916207590339965,0.05993037636553838,72.959,1.8623082396341002,0.05807581044147749
P1,loss,1.0,274,1096.0,20,1.9235644300314874,0.3123908114601471,1.9876912172562609,0.061000298033483946,70.148,1.8576575390358783,0.060524356610545914
P1,loss,1.0,275,1100.0,20,2.069901629283183,0.16512355968680273,1.991806072126888,0.060566519393864975,75.556,1.8613941217906231,0.06117994566103844
P1,loss,1.0,276,1104.0,20,1.979164574834174,0.26983629693752037,1.9893140655081893,0.06207230535291389,70.748,1.859333827536125,0.06307261740084402
P1,loss,1.0,277,1108.0,20,2.061344564347153,0.16166478344190421,1.9936504621874378,0.06206703034305419,75.29299999999999,1.8635927280953528,0.06250620570515011
P1,loss,1.0,278,1112.0,20,1.9369645748568742,0.2798118179079491,1.9943347236041695,0.055919683497072645,71.862,1.8640041493672324,0.05653894710012036
P1,loss,1.0,279,1116.0,20,2.0387023652971576,0.1688635712860216,1.996976652198316,0.06006040845210287,73.672,1.8666832222966085,0.05992091205692289
P1,loss,1.0,280,1120.0,20,2.0716854671870846,0.09385500598437956,2.0011604203650086,0.054147745997632106,75.863,1.87098328637639,0.054842562638948544
P1,loss,1.0,281,1124.0,20,2.0420741575157697,0.231630110136002,2.0021761369758817,0.05926181980265996,73.904,1.8712897945030416,0.059796087150616704
P1,loss,1.0,282,1128.0,20,1.9779000318220663,0.19913026209771487,1.9992353180015363,0.06036982276372108,71.83500000000001,1.8680341281412158,0.06018287212484587
P1,loss,1.0,283,1132.0,20,1.9245743024399704,0.2754556471800881,1.9965429091840883,0.06316404226050792,71.893,1.8662146629347347,0.062414285479562674
P1,loss,1.0,284,1136.0,20,1.9812855224530712,0.20268079617727225,1.9988877962362497,0.062468854077861194,75.356,1.8683269581607198,0.06297920235482064
P1,loss,1.0,285,1140.0,20,2.019512885107626,0.2084276961415214,2.0003832664053096,0.06412648217585824,73.838,1.8690455012733902,0.0651668789937517
P1,loss,1.0,286,1144.0,20,2.032513656391468,0.18246957786578127,2.001627589418324,0.06634998556971787,73.689,1.8699409365471389,0.06743838284304081
P1,loss,1.0,287,1148.0,20,2.0700470951324754,0.13751451158449746,2.005288232094803,0.06670228941151334,75.456,1.8724233071077365,0.06767496563888568
P1,loss,1.0,288,1152.0,20,2.0410877550495683,0.19756672742097092,2.012061300698283,0.06623171653041984,73.72999999999999,1.8791834941799177,0.06735675174445616
P1,loss,1.0,289,1156.0,20,2.0062604247612237,0.23548082463460723,2.011929943232711,0.07140210453847012,72.40299999999999,1.8787164409047232,0.07232705607882679
P1,loss,1.0,290,1160.0,20,2.1230932031546295,0.09946200144073124,2.0158460866897125,0.07069485450486622,75.987,1.8829829206265984,0.07155314895040031
P1,loss,1.0,291,1164.0,20,1.988335093605294,0.2347441855232557,2.0145703375702175,0.07588280798234676,71.401,1.881866716256198,0.07709545549172556
P1,loss,1.0,292,1168.0,20,2.0210380194507325,0.1866993012437437,2.013312861664039,0.0727802546165291,72.999,1.8813238808052706,0.0741703177372083
P1,loss,1.0,293,1172.0,20,2.090418683921408,0.13753299789851375,2.0177417065447325,0.0723833283833752,75.741,1.8850666936114682,0.07340370128856613
P1,loss,1.0,294,1176.0,20,2.0207176629232775,0.171696088389062,2.019208280138432,0.07464244770688545,75.036,1.886610970257418,0.07553962047374559
P1,loss,1.0,295,1180.0,20,1.9838454534882133,0.19038865977809558,2.0199017183191375,0.07591664936616073,75.172,1.8880323442891325,0.07680796012876805
P1,loss,1.0,296,1184.0,20,1.975455867248384,0.23587946598873785,2.017425373320068,0.07906955306293663,74.37899999999999,1.8863233039977707,0.07995838368179763
P1,loss,1.0,297,1188.0,20,2.0059616127163737,0.24207142654421734,2.0159412244279435,0.082357717710646,73.691,1.8849196517429978,0.0836544412934427
P1,loss,1.0,298,1192.0,20,2.0430076477681705,0.17184183497625546,2.0171382672314735,0.0812320065430606,75.44500000000001,1.8860493898388195,0.08220400678996566
P1,loss,1.0,299,1196.0,20,2.066918047077817,0.1113002569329409,2.0228724119133266,0.07930684304671963,75.191,1.8922855003768546,0.08035216321365955
P1,loss,1.0,300,1200.0,20,2.084727383607431,0.14197975139453273,2.0234654420862968,0.07929870098865431,74.978,1.8930986029761052,0.0799065863384849
P1,loss,1.0,301,1204.0,20,2.017799413849584,0.2477029309271062,2.025010835646913,0.07499448422902709,73.55499999999999,1.8945309080731936,0.0756176413895503
P1,loss,1.0,302,1208.0,20,2.0893327335349214,0.11726258076079611,2.0261303624144236,0.07491551857666574,74.97200000000001,1.895645778865536,0.07496098840329851
P1,loss,1.0,303,1212.0,20,2.027609860497742,0.20117435217383725,2.0297561738400587,0.07521909436535615,74.32300000000001,1.8993878862042592,0.07397759998348521
P1,loss,1.0,304,1216.0,20,1.9405126248566433,0.2613258560615444,2.0258285842224377,0.07673393363016709,71.976,1.895019841335733,0.07632268953688767
P1,loss,1.0,305,1220.0,20,2.023267207053584,0.20061997560999706,2.023891853817098,0.07747927738619825,74.035,1.8926195827358767,0.07633176029353775
P1,loss,1.0,306,1224.0,20,2.0331460593766963,0.22594008568642257,2.0235347298915345,0.0760637221836395,72.146,1.8923777717953114,0.07524325643927797
P1,loss,1.0,307,1228.0,20,1.9580730569214126,0.2568131863176752,2.022741650895509,0.0718738747424339,69.889,1.8917830373414475,0.0714975390307236
P1,loss,1.0,308,1232.0,20,2.0531922362163555,0.23155900461276516,2.027886368246564,0.07287234609945516,73.751,1.8965309621420634,0.07272957442543722
P1,loss,1.0,309,1236.0,20,2.0192277853291367,0.16661893885323922,2.0294040587616067,0.06668584458376313,73.789,1.8983617411206342,0.06700012617112915
P1,loss,1.0,310,1240.0,20,2.0674872256390007,0.17332204201376789,2.0313230323828617,0.0628420761744293,73.697,1.9003420184149362,0.06272587733628533
P1,loss,1.0,311,1244.0,20,2.0621389238198082,0.1811876651163723,2.0325080430799956,0.06159427013540141,73.192,1.9015720368720284,0.06126713613407162
P1,loss,1.0,312,1248.0,20,2.0535641384221295,0.15590864633255158,2.0318487248115815,0.06363508213431394,76.318,1.9017530703884051,0.06294352420369716
P1,loss,1.0,313,1252.0,20,2.12651140815601,0.12033311779180617,2.035265670935839,0.0636588169949435,75.717,1.905025008752704,0.06314584463506784
P1,loss,1.0,314,1256.0,20,2.0881767054329434,0.1472644320220462,2.0385423221627077,0.058325030773519276,75.599,1.9081839155408766,0.057823315729717044
P1,loss,1.0,315,1260.0,20,2.0338296127431064,0.18809741365115748,2.034971778546247,0.05952725920366697,72.804,1.9050382037919789,0.05897964563741724
P1,loss,1.0,316,1264.0,20,2.096491697863802,0.17328196768176019,2.039298042716587,0.055343185230515686,73.656,1.9089847473208295,0.05433467041500169
P1,loss,1.0,317,1268.0,20,2.012438490038015,0.1784740223539663,2.0389540615400787,0.05349559499199376,75.622,1.9083090537801202,0.053695266100496464
P1,loss,1.0,318,1272.0,20,2.0833767631979856,0.12103353005359632,2.0386723847111416,0.04862769517818651,75.608,1.9079375683634958,0.04924689512051718
P1,loss,1.0,319,1276.0,20,2.0675536147519122,0.15743056579695727,2.040545822784287,0.04954278713527457,74.21000000000001,1.910186950564939,0.05057629394467585
P1,loss,1.0,320,1280.0,20,2.1106054249926354,0.12067328372994929,2.0456162216444644,0.049151063224452896,75.255,1.9146325175575523,0.0498831329499257
P1,loss,1.0,321,1284.0,20,2.0727904625581233,0.20099147524343652,2.0495096054568536,0.0456981643265071,72.826,1.918354613216812,0.046646672860675524
P1,loss,1.0,322,1288.0,20,2.1361496536654614,0.07650913917719865,2.0547171270948175,0.0423301652987158,75.716,1.923402693571796,0.04283118933175857
P1,loss,1.0,323,1292.0,20,2.0358517290340976,0.20075242251075198,2.0544308903454542,0.04349713333042088,72.81899999999999,1.9237449617370737,0.044549178862642175
P1,loss,1.0,324,1296.0,20,2.1038785917733516,0.1240362640148223,2.055909312133276,0.04267330480833229,75.87100000000001,1.925365183835293,0.04325625654256355
P1,loss,1.0,325,1300.0,20,2.0793883270425635,0.17219566074602052,2.0556957498706807,0.04326207298183696,75.41799999999999,1.9244787814278461,0.04330189265132062
P1,loss,1.0,326,1304.0,20,2.057887482571373,0.15869036987485335,2.0572992726195523,0.0486084953174632,75.785,1.9265133440111715,0.0490320347647439
P1,loss,1.0,327,1308.0,20,2.060450958002631,0.14105046906049126,2.056144001598261,0.04860421306311552,76.021,1.9251874573664967,0.049248491015682384
P1,loss,1.0,328,1312.0,20,2.0505007194900284,0.13348406984596306,2.0570596359579523,0.04707025081857249,75.086,1.926945098968816,0.04946820990683782
P1,loss,1.0,329,1316.0,20,2.099181364601201,0.11616342736909031,2.0634063855477343,0.04361770545729616,75.111,1.933754807689483,0.0458058458375586
P1,loss,1.0,330,1320.0,20,2.0724783507196305,0.1448951329528758,2.0653748312943767,0.0430210543924148,75.436,1.9359046295354525,0.04578213109221454
P1,loss,1.0,331,1324.0,20,2.1248932146577637,0.09802753625345567,2.0690447175056192,0.0439909033311059,75.88,1.9395104184885472,0.04544833336684232
P1,loss,1.0,332,1328.0,20,2.0417954769655164,0.13504665474372723,2.072393614307383,0.049229371441628304,75.351,1.943005305978361,0.04977298494176945
P1,loss,1.0,333,1332.0,20,2.0661796232474194,0.18178864907489917,2.072913109788626,0.04911669661270978,73.55499999999999,1.9441968656085948,0.048377976178563875
P1,loss,1.0,334,1336.0,20,2.0404844621493945,0.1674565078158419,2.0737633768614363,0.05071177431165909,75.144,1.9446178517709032,0.048855134090376895
P1,loss,1.0,335,1340.0,20,2.0642419892778694,0.20954675449734805,2.073633567406991,0.05025231299069652,73.89500000000001,1.9448408100350303,0.04853325874822331
P1,loss,1.0,336,1344.0,20,2.053318389457465,0.17508832715631478,2.073280746032497,0.051537674443886884,74.235,1.94485839735169,0.05003949496741403
P1,loss,1.0,337,1348.0,20,2.0522113765813126,0.14284733787069326,2.0732266355588647,0.04885035197020531,75.281,1.944709615382972,0.04770062898066084
P1,loss,1.0,338,1352.0,20,2.0618719344087406,0.20137043256758022,2.0706410566089737,0.05103983510304483,73.27000000000001,1.9426535242758127,0.04895828949776653
P1,loss,1.0,339,1356.0,20,2.059463570502535,0.15230861880104335,2.0694925312117576,0.04946946145307025,73.703,1.941753783151747,0.048358913689516475
P1,loss,1.0,340,1360.0,20,2.1260311052352034,0.12623737459245593,2.0731805909114414,0.046310835138658295,75.101,1.94461535552603,0.044915080363270875
P1,loss,1.0,341,1364.0,20,1.9681169135884615,0.24423789191059464,2.0680455995404277,0.05164615936768651,71.489,1.9408089725357716,0.04974641088787588
P1,loss,1.0,342,1368.0,20,2.079694745834482,0.14115517554504922,2.0707358497722863,0.051905581129029946,75.716,1.9435868068338487,0.05064793671089716
P1,loss,1.0,343,1372.0,20,2.0571617661021784,0.20318713089027737,2.069687249888454,0.05357650286686135,73.873,1.9423364480260639,0.05253305802909327
P1,loss,1.0,344,1376.0,20,2.114664152623616,0.12539522706995881,2.071571671403322,0.05309889747564455,76.32000000000001,1.9436325094788525,0.05208594637243659
P1,loss,1.0,345,1380.0,20,2.076578879088647,0.09299563101480661,2.070210609567163,0.05221217606017247,75.041,1.9426420632660761,0.05198470408643945
P1,loss,1.0,346,1384.0,20,2.071917471295177,0.21006725203093626,2.0701756899166446,0.05147340068760427,72.733,1.942388416248771,0.05124926183848587
P1,loss,1.0,347,1388.0,20,2.060471772656474,0.2025619245843028,2.0671485746762857,0.05713429438590469,72.747,1.9396564381010137,0.05728881709018523
P1,loss,1.0,348,1392.0,20,2.109230058039384,0.10169523899992451,2.070083707836497,0.05667607091545481,75.49600000000001,1.9418862427563106,0.057649333483027046
P1,loss,1.0,349,1396.0,20,2.075741556671827,0.1234537120351593,2.0689582264324358,0.0563402064825705,75.44,1.9411095456254,0.05713817844924877
P1,loss,1.0,350,1400.0,20,2.060475888896028,0.14372312183026303,2.0682017289065744,0.055124547089134626,74.90700000000001,1.9410522721036774,0.056525198503475135
P1,loss,1.0,351,1404.0,20,2.0335840132510845,0.1797022457014704,2.0672295901337625,0.05470054667785551,74.937,1.9403166051363496,0.05619152793968385
P1,loss,1.0,352,1408.0,20,2.125633144139192,0.08049970728045296,2.0698368775792253,0.05390572705994797,75.39200000000001,1.9430207885983666,0.05589289345357457
P1,loss,1.0,353,1412.0,20,2.149442416685168,0.06527408376037191,2.073794545467031,0.05170507215715659,76.221,1.9456202567965704,0.05320417910938359
P1,loss,1.0,354,1416.0,20,2.065892554319176,0.21609354665054326,2.07246299305575,0.049928408130119326,73.85499999999999,1.9440336086791334,0.05104765904097674
P1,loss,1.0,355,1420.0,20,2.1228367206604917,0.1424773367855417,2.0744773278533843,0.04738265643025482,75.933,1.9456990557375022,0.04874389887493048
P1,loss,1.0,356,1424.0,20,2.123228605630993,0.08520905377934483,2.0744107434923134,0.046288415490969785,75.837,1.9459068635130066,0.04861535401850353
P1,loss,1.0,357,1428.0,20,2.0995196887918497,0.0845134707051893,2.076719711965367,0.04734574889358177,75.41999999999999,1.9482305759074259,0.04940694017670534
P1,loss,1.0,358,1432.0,20,2.0976730800562056,0.1452451428694259,2.0779794502377182,0.04946476125187556,75.393,1.9486159220432018,0.051828253324604195
P1,loss,1.0,359,1436.0,20,2.0814362309614083,0.12388685122770114,2.079617520990199,0.049652464734121736,75.00399999999999,1.950265632733603,0.05228444075675296
P1,loss,1.0,360,1440.0,20,2.088137374323469,0.1729479219307952,2.080573336392023,0.05199755805319812,74.36,1.9509563679491877,0.05445789326303027
P1,loss,1.0,361,1444.0,20,2.0898124438062986,0.12415091006179009,2.0820330985659763,0.05081824326261326,75.657,1.9518582408318843,0.052940244960944474
P1,loss,1.0,362,1448.0,20,2.0800495136015,0.16493542043963377,2.0831466240467837,0.051824277746608485,74.83099999999999,1.9531368464989307,0.05319008142883277
P1,loss,1.0,363,1452.0,20,2.0832876559459512,0.16364827378430033,2.084003252908272,0.04854850596131746,74.291,1.9541438116252923,0.05005814478583311
P1,loss,1.0,364,1456.0,20,2.0665210731021406,0.21947759164811667,2.0842855530122564,0.045366724828827615,71.598,1.9545213522879934,0.047384276355291126
P1,loss,1.0,365,1460.0,20,2.1333592687479856,0.08178763177654916,2.0845786795527674,0.046261053176836264,75.265,1.9551331027291774,0.048654566043324764
P1,loss,1.0,366,1464.0,20,2.078882701636742,0.1634116931536271,2.089009311074699,0.047640875811929724,76.166,1.9589778056427278,0.049470381013578466
P1,loss,1.0,367,1468.0,20,2.1294074945345924,0.0974715688500866,2.0909978210227034,0.045961313540414515,76.15700000000001,1.9607554516486734,0.047970578862413515
P1,loss,1.0,368,1472.0,20,2.031612400394302,0.20545793705172985,2.0899758463943883,0.04620845579672419,73.983,1.9602955566892668,0.04866972893062013
P1,loss,1.0,369,1476.0,20,2.1409140552786186,0.05551990670936879,2.091025842500588,0.047282761735412994,75.721,1.961289888025679,0.04950077826636529
P1,loss,1.0,370,1480.0,20,2.143379753151581,0.0932376507785918,2.093697877463106,0.04629490598673897,76.20599999999999,1.9633464030709689,0.04844622095760583
P1,loss,1.0,371,1484.0,20,2.1284503605393637,0.09582187931996222,2.095959193032873,0.04768331055301255,75.116,1.9658195655108865,0.04893528548345657
P1,loss,1.0,372,1488.0,20,2.090866340189373,0.15569305796633354,2.097174975734189,0.04243692052594142,76.036,1.9667509715955442,0.04290378203265574
P1,loss,1.0,373,1492.0,20,2.044767152151807,0.1763395166085032,2.0945964594986863,0.042299139862919194,76.28999999999999,1.9645492789503156,0.04210538587797796
P1,loss,1.0,374,1496.0,20,2.086533834952839,0.169016603226564,2.0950281506299264,0.042233647181125204,74.214,1.9644676746857983,0.04233938996372671
P1,loss,1.0,375,1500.0,20,2.1320616257077245,0.13508766940530664,2.0978915801023943,0.04104152795894395,76.965,1.9671157911732684,0.0414640141513897
P1,loss,1.0,376,1504.0,20,2.0838838486285427,0.179209380118196,2.099903573517493,0.04170763616467991,74.083,1.9687315611015588,0.042822061320910605
P1,loss,1.0,377,1508.0,20,2.1268826161861285,0.06650715956592133,2.09995355239937,0.04202605769803639,75.538,1.9695987153585008,0.04325688613143892
P1,loss,1.0,378,1512.0,20,2.1390530461432915,0.12188868777315791,2.099537977577695,0.0422568426672454,76.162,1.9692800365533807,0.04309031960862776
P1,loss,1.0,379,1516.0,20,2.137086632464121,0.16961763141267316,2.1023857407034927,0.04604521628091315,74.833,1.9718999672942843,0.04610583132556952
P1,loss,1.0,380,1520.0,20,2.1568140949306813,0.0811226829601532,2.1037448356743007,0.046335738938382394,75.866,1.9732963100664371,0.04657942438065611
P1,loss,1.0,381,1524.0,20,2.103007125949244,0.11106257216842226,2.1029359764870303,0.04604116543208297,75.866,1.9729254746763734,0.04566679278486631
P1,loss,1.0,382,1528.0,20,2.1346292755735528,0.07378569707686884,2.104340359958299,0.04479748662508229,75.002,1.9739887303669896,0.04469378315915712
P1,loss,1.0,383,1532.0,20,2.1494230125072566,0.08351814549912359,2.106410357256341,0.04260178775107042,76.15299999999999,1.9763014074374063,0.04255372369780114
P1,loss,1.0,384,1536.0,20,2.1393331236493385,0.10934466033861291,2.108726232963858,0.04075927071288333,75.952,1.977876931360133,0.04107694181089614
P1,loss,1.0,385,1540.0,20,2.102497889706676,0.1639493830684591,2.109300653579186,0.040566792106567426,74.872,1.9785977047949128,0.04076885880647871
P1,loss,1.0,386,1544.0,20,2.1442871887033172,0.07910094425225682,2.111479643375067,0.03810036787217049,75.946,1.9812168394433545,0.038546128254457704
P1,loss,1.0,387,1548.0,20,2.1151013695336145,0.10657786873416696,2.1128817176123516,0.03621552704412653,76.115,1.9825569374778453,0.037681097053503324
P1,loss,1.0,388,1552.0,20,2.14479723084629,0.08712795781200729,2.1153421006083653,0.03583492658908255,75.967,1.9844180964697204,0.03832109463738311
P1,loss,1.0,389,1556.0,20,2.1363804084793716,0.08366149923803022,2.118136474023454,0.036704198330367845,76.488,1.9874569085811367,0.03841585628228823
P1,loss,1.0,390,1560.0,20,2.100544716382613,0.11182688744661928,2.1168238919288394,0.03757526360589582,75.479,1.986451310449274,0.038559986616493055
P1,loss,1.0,391,1564.0,20,2.1166797838466356,0.13146960782485703,2.1183357752172354,0.03514206030142742,75.922,1.9872630902715547,0.03714182269837144
P1,loss,1.0,392,1568.0,20,2.139526766868119,0.08325386836551636,2.118740546110576,0.03382178830282131,76.28099999999999,1.987940804775863,0.03501855188324759
P1,loss,1.0,393,1572.0,20,2.092651774237429,0.16815735852523617,2.1211821210643014,0.034930261060327504,74.082,1.9900156440855117,0.03583458988078692
P1,loss,1.0,394,1576.0,20,2.1042366983218845,0.1531155300104521,2.119715026786032,0.037549786705343646,76.196,1.9883399103866526,0.037766376810131286
P1,loss,1.0,395,1580.0,20,2.0953474203061613,0.16410892360123933,2.117793733472215,0.0411922344350851,75.8,1.9862605208493491,0.041271166575127194
P1,loss,1.0,396,1584.0,20,2.095705040613762,0.15494640899951617,2.116483920675191,0.04127590769322991,74.798,1.9849358606648444,0.04203740816102374
P1,loss,1.0,397,1588.0,20,2.175101381943766,0.037266453547119334,2.1198533223453664,0.041290513562907805,76.464,1.988530870198445,0.04183617992256797
P1,loss,1.0,398,1592.0,20,2.0859789639614,0.12082789092797082,2.1215017948177506,0.042128333162275676,76.164,1.9899932071302182,0.04262121449770315
P1,loss,1.0,399,1596.0,20,2.1261725062798873,0.06774107323485926,2.1230873416708325,0.04342279461873164,75.924,1.9919757534659694,0.043403832122882756
P1,loss,1.0,400,1600.0,20,2.1437854329864754,0.08233958429469625,2.1235562939619825,0.044022436313655794,75.91,1.9920205464193024,0.043603596586716524
P1,loss,1.0,401,1604.0,20,2.111124183051472,0.10931010637206942,2.1246459073388992,0.042517244188610005,75.741,1.9934357676596446,0.0417054043053306
P1,loss,1.0,402,1608.0,20,2.0593348475671482,0.11999090875027504,2.1219439965941405,0.042027517739803344,75.322,1.990864120753478,0.041697491153924265
P1,loss,1.0,403,1612.0,20,2.082281536485893,0.18524855499880294,2.1196731362078447,0.04289037751295703,73.681,1.9886838449507311,0.041781835389419014
P1,loss,1.0,404,1616.0,20,2.114257050370001,0.08788206971683545,2.1187599529240795,0.04377478006781858,75.619,1.9885869575800548,0.04218062163313847
P1,loss,1.0,405,1620.0,20,2.106116709519497,0.1330832673449504,2.1167320575076323,0.046071364714451404,75.673,1.9868373342794896,0.044829267594885494
P1,loss,1.0,406,1624.0,20,2.1310605273016265,0.12404471371488797,2.1178541935617274,0.047313003127676945,75.773,1.98731358311165,0.04625954305354392
P1,loss,1.0,407,1628.0,20,2.121667483182884,0.1238036856241678,2.117335721866101,0.04991286487161167,76.231,1.9868525351097635,0.0480954709762173
P1,loss,1.0,408,1632.0,20,2.1212434046260586,0.10675828817246258,2.116208537550853,0.049084091647372,76.037,1.986178015046973,0.04763870021616926
P1,loss,1.0,409,1636.0,20,2.1507831413714023,0.10510686759945422,2.1166665382597354,0.048977069505766795,76.499,1.9869569676441121,0.04790337904369321
P1,loss,1.0,410,1640.0,20,2.104241619426969,0.20797255697107717,2.116736287448547,0.04875035757719931,73.888,1.9868701726011597,0.04817277160917707
P1,loss,1.0,411,1644.0,20,2.14847538818521,0.08233422618666808,2.116903815427823,0.04991081331162785,76.398,1.9865440120134412,0.049478749965859
P1,loss,1.0,412,1648.0,20,2.1159967755421056,0.10702225324307339,2.1169396316681626,0.050747707735242925,74.732,1.9869658603282763,0.049925431266089206
P1,loss,1.0,413,1652.0,20,2.0638476697059804,0.20773639786258158,2.11370164922255,0.0504973832608877,74.47200000000001,1.9843929580689028,0.04908514859410747
P1,loss,1.0,414,1656.0,20,2.1154282738474612,0.10175155282713214,2.1128635638372737,0.04787600196907835,75.96000000000001,1.9835107443856441,0.04683083068982027
P1,loss,1.0,415,1660.0,20,2.123002725060699,0.09192842319916131,2.113761884184397,0.046756093173439456,76.139,1.9842827843395963,0.04599502032146784
P1,loss,1.0,416,1664.0,20,2.1320969360114614,0.08598218280454087,2.1143785702709903,0.046833545099808124,75.869,1.9854738625627646,0.046200984399510196
P1,loss,1.0,417,1668.0,20,2.078863016832499,0.17526516386219618,2.111952020269565,0.04976660716651737,74.317,1.9829976488262133,0.04981014941701338
P1,loss,1.0,418,1672.0,20,2.13423153410468,0.11336034744445685,2.1136152106642556,0.04772269570739945,76.338,1.9856362142855695,0.047296801687266764
P1,loss,1.0,419,1676.0,20,2.158785103370506,0.05353796282632741,2.1157971468662002,0.04410736314231244,75.655,1.987508735071063,0.04397839057610647
P1,loss,1.0,420,1680.0,20,2.127515684086761,0.12282278426609045,2.117083877417424,0.042037645411375835,75.863,1.9887969141478952,0.04168093887579673
P1,loss,1.0,421,1684.0,20,2.1074350394566386,0.14190856029765866,2.1175530773711393,0.041554069520106054,76.583,1.9891863934601202,0.04179000732167125
P1,loss,1.0,422,1688.0,20,2.141611927573359,0.051873223965321076,2.116213499196323,0.042511215375970635,76.2,1.9884049115087907,0.043520366039565425
P1,loss,1.0,423,1692.0,20,2.1537927014045963,0.05503882866363101,2.1189260486940507,0.04238465678775829,76.44800000000001,1.9910486043070876,0.043291403953106225
P1,loss,1.0,424,1696.0,20,2.144717740251793,0.08258378834205095,2.119667858052927,0.042548125699702566,76.32000000000001,1.9915726692272675,0.0432339155540885
P1,loss,1.0,425,1700.0,20,2.13558495412587,0.1247599086269286,2.1193398388985027,0.04295784724394,76.772,1.9911802424163507,0.042744688899210036
P1,loss,1.0,426,1704.0,20,2.1246710547210954,0.146252046143856,2.1198817137652877,0.04305038713495213,76.311,1.991819116765805,0.042937256227321044
P1,loss,1.0,427,1708.0,20,2.0595285124515335,0.19908865557635377,2.119889460360663,0.04162802336716967,74.167,1.991249263775045,0.04127918503405848
P1,loss,1.0,428,1712.0,20,2.089639053262616,0.18140401333178047,2.1201837610317322,0.03826369877600394,74.047,1.991441339924645,0.03876075841140651
P1,loss,1.0,429,1716.0,20,2.145056008050111,0.06615333436031186,2.1214157193389367,0.03654648498891166,76.196,1.9918127705546635,0.036941889418450925
P1,loss,1.0,430,1720.0,20,2.1272793345393834,0.16875100713874258,2.1222622243397318,0.03480986961855329,74.33500000000001,1.991983227961046,0.03538892216326108
P1,loss,1.0,431,1724.0,20,2.1166150565840836,0.12773848604018803,2.12168440551103,0.03364691453588515,76.39500000000001,1.9916729207722823,0.03502536193229355
P1,loss,1.0,432,1728.0,20,2.1421691877068065,0.15331475800603406,2.122504473691987,0.0349123484830419,74.582,1.9916803660872275,0.03600135838046667
P1,loss,1.0,433,1732.0,20,2.1560130177101398,0.11204903954153732,2.1238952582153505,0.03588449006316651,76.724,1.9921649426437,0.03668189431406118
P1,loss,1.0,434,1736.0,20,2.1470097137671837,0.0682442342730756,2.1237443211111815,0.038129822901692006,76.107,1.9928620138168207,0.03799356682504254
P1,loss,1.0,435,1740.0,20,2.12843276834377,0.1351739231154217,2.124711967067854,0.035384228410016726,76.24199999999999,1.9935491631361413,0.035575046332881756
P1,loss,1.0,436,1744.0,20,2.138649677818104,0.08043777462107835,2.1243189386531696,0.03452312154518123,76.40299999999999,1.993356134721457,0.0348757727864756
P1,loss,1.0,437,1748.0,20,2.1359972125764104,0.11304418306153469,2.125118956134542,0.037157579906808964,76.68100000000001,1.9939670161448884,0.03680868294527795
P1,loss,1.0,438,1752.0,20,2.1770963720964986,0.051040466228254804,2.1296489042301623,0.03668933735849274,76.616,1.9977155881411814,0.03714867941869647
P1,loss,1.0,439,1756.0,20,2.1368907993501147,0.07495203772110083,2.1305074052502686,0.038396217040585566,75.193,1.9987298573971906,0.038520023491950585
P1,loss,1.0,440,1760.0,20,2.1039339536276076,0.1342992202823277,2.129744654392945,0.0388928532076079,75.763,1.9980624505646987,0.03854209080202009
P1,loss,1.0,441,1764.0,20,2.154526997970684,0.07351941194555922,2.1306418568713137,0.03929008435256906,76.024,1.9988187321946456,0.038699395194278126
P1,loss,1.0,442,1768.0,20,2.1561560759232092,0.06883937259424454,2.133733579234942,0.03597219258150591,76.62899999999999,2.001893486115439,0.03418023490915189
P1,loss,1.0,443,1772.0,20,2.1182875398480214,0.12411882997327281,2.1330958194646756,0.03636429618186337,75.512,2.0005015101009924,0.034031420257325876
P1,loss,1.0,444,1776.0,20,2.112936867005476,0.123494093335382,2.131261890010075,0.037050808528868925,76.66499999999999,1.9992878600049013,0.03554004350151324
P1,loss,1.0,445,1780.0,20,2.1009243441207213,0.24909886954779956,2.130198236411433,0.03610357900753413,74.69399999999999,1.9980435028366788,0.034787316730919664
P1,loss,1.0,446,1784.0,20,2.1483314176799295,0.05909408674525617,2.1318340915403646,0.03731175187368121,75.631,1.9995924464291384,0.035952907852327194
P1,loss,1.0,447,1788.0,20,2.122361660640758,0.11123027458364089,2.1310640808630605,0.03697137020918196,76.45599999999999,1.9979921719132416,0.03505166743590877
P1,loss,1.0,448,1792.0,20,2.1144591914298188,0.10785651250316315,2.1294907404640697,0.037093775852032634,75.66,1.9967156240646904,0.03532933847264349
P1,loss,1.0,449,1796.0,20,2.1605406209824327,0.04385831969181853,2.1301236556932954,0.03587671151529457,75.929,1.9971438833187478,0.03494451580114761
P1,loss,1.0,450,1800.0,20,2.166412575718117,0.05651395851088653,2.131356760556985,0.036052115931324444,76.216,1.9987693316899389,0.035677744070351534
P1,loss,1.0,451,1804.0,20,2.170654842217246,0.06089000183557938,2.133196112056831,0.03635920574801452,76.41,1.999718667669868,0.03565326792209275
P1,loss,1.0,452,1808.0,20,2.1600114771454377,0.07102120781551192,2.137215430644587,0.03512071342093249,76.544,2.0033774585804385,0.03476541011329875
P1,loss,1.0,453,1812.0,20,2.1467107788142594,0.14836327581599787,2.139498299666653,0.034941465253383625,74.914,2.005530839759772,0.03494506803473054
P1,loss,1.0,454,1816.0,20,2.1586371308958787,0.04771008783886082,2.140041544580484,0.033861008149972206,75.998,2.0060299563756208,0.03347408475244456
P1,loss,1.0,455,1820.0,20,2.1362123622127633,0.092047167856085,2.140398865687419,0.03436092577733127,75.967,2.0070673085223905,0.033145397174540236
P1,loss,1.0,456,1824.0,20,2.1366243905872677,0.14243285766323824,2.141199239047546,0.036526590644723064,76.33,2.0078957211996413,0.03438901385714858
P1,loss,1.0,457,1828.0,20,2.1387338269182044,0.06358936332058299,2.1410618246160023,0.034503069101564816,75.971,2.008951529737575,0.03252406858088167
P1,loss,1.0,458,1832.0,20,2.1569013425210453,0.0890923964190673,2.1410973576084382,0.031242552622350803,76.564,2.0091297425023855,0.029641653773039452
P1,loss,1.0,459,1836.0,20,2.185574759140235,0.05490977461641335,2.1426399594233603,0.03045903518396987,76.703,2.0093545998786113,0.028939299322389967
P1,loss,1.0,460,1840.0,20,2.131674416376682,0.10178794791680529,2.142769625344677,0.028761904048895056,76.405,2.009836154056524,0.027589968661953904
P1,loss,1.0,461,1844.0,20,2.145115876967728,0.058393813428825894,2.143028273310662,0.02924013817763733,76.591,2.0104078904860367,0.0278943083476575
P1,loss,1.0,462,1848.0,20,2.1188955223083887,0.11380819093458446,2.142344205699941,0.026594979811231396,76.661,2.0097665026476905,0.024604783928288788
P1,loss,1.0,463,1852.0,20,2.1186694263839874,0.10609586467235409,2.1400071278714408,0.026514919094535155,76.474,2.0077209923308303,0.025377856441784925
P1,loss,1.0,464,1856.0,20,2.1112039071854976,0.1426578071676499,2.138979652184856,0.028725662219263957,76.357,2.006268581310567,0.027182773965016824
P1,loss,1.0,465,1860.0,20,2.1278256681308614,0.08713150209795602,2.139935320764986,0.028945805334636084,76.14500000000001,2.0070723616341013,0.028770563741164178
P1,loss,1.0,466,1864.0,20,2.170159629129114,0.057950574876678713,2.140560626011323,0.028087849036671164,76.659,2.0070812675012353,0.0282004462615067
P1,loss,1.0,467,1868.0,20,2.1250679038775173,0.11646551213178566,2.1393170991294954,0.026908566439042745,76.128,2.006178764933945,0.027167385384139386
P1,loss,1.0,468,1872.0,20,2.1759357616857464,0.06382643717271122,2.1416230280030044,0.02779569981929241,76.546,2.0077209586807077,0.028298691183035518
P1,loss,1.0,469,1876.0,20,2.169540089479081,0.03767869915868912,2.1438871569019486,0.0280426157544819,76.024,2.0104601522459733,0.027817869379824476
P1,loss,1.0,470,1880.0,20,2.094202811838957,0.13414513994283295,2.143618295610678,0.027555976432439056,75.709,2.0107697700028146,0.026964863799661933
P1,loss,1.0,471,1884.0,20,2.141567125614946,0.10321403018850298,2.1433477239280787,0.026705974111173134,76.049,2.010332566142254,0.026919501482436287
P1,loss,1.0,472,1888.0,20,2.1486160488103576,0.05965890471555222,2.144397899454863,0.02459694884496956,76.556,2.0118030210275477,0.02571179086343007
P1,loss,1.0,473,1892.0,20,2.089669895310797,0.18004874922077826,2.1434063276101023,0.02839744526492331,74.454,2.010667993414551,0.029240034563202316
P1,loss,1.0,474,1896.0,20,2.1725896386101695,0.035925774727952914,2.1438882883152113,0.027597654444719986,76.589,2.011107274347286,0.028383126318980982
P1,loss,1.0,475,1900.0,20,2.154459250184001,0.04069255870088486,2.143410155293847,0.026365864071068966,75.686,2.010798101491467,0.027123355316686398
P1,loss,1.0,476,1904.0,20,2.1522535692281033,0.06286174524685573,2.142674104374281,0.025645584743649204,76.568,2.0104798984767127,0.026475094141794633
P1,loss,1.0,477,1908.0,20,2.1209372410643104,0.10363515053052845,2.141111134931036,0.024138914064527197,75.85900000000001,2.0093022885782164,0.02538252071643086
P1,loss,1.0,478,1912.0,20,2.1423424339188375,0.07364347227378276,2.140936401135219,0.022593583853614867,76.433,2.0102228988072315,0.025019629344396492
P1,loss,1.0,479,1916.0,20,2.122753176569898,0.08416627421766308,2.1395010429621797,0.02130001034793026,75.614,2.0097184770025316,0.024344840458964515
P1,loss,1.0,480,1920.0,20,2.1455096694211298,0.07380784823129889,2.139872935250515,0.020525268608473986,75.71000000000001,2.0097616574439963,0.023747186847897398
P1,loss,1.0,481,1924.0,20,2.165502015403651,0.035163872151554254,2.14102804024317,0.020439908595820244,76.10499999999999,2.0110003630574482,0.02370641447619675
P1,loss,1.0,482,1928.0,20,2.147727041474484,0.07049439973760818,2.141387768825421,0.020579621168575205,75.95,2.0111748355610652,0.02417388925363399
P1,loss,1.0,483,1932.0,20,2.172250345977006,0.035787273501091676,2.1420017289636593,0.02073694333028427,76.35499999999999,2.0119080921297225,0.023812069458061098
P1,loss,1.0,484,1936.0,20,2.1621367496813857,0.06451210703532155,2.1410642085853056,0.02158036159317356,76.327,2.0115115960659056,0.02451211321413584
P1,loss,1.0,485,1940.0,20,2.1493224460531786,0.06086116604262091,2.1417701297723655,0.020364695792219983,75.77799999999999,2.0122547650543106,0.02287898590065435
P1,loss,1.0,486,1944.0,20,2.1662710561886143,0.06582423001709312,2.142616336941201,0.02000930276628762,76.236,2.0124427725335443,0.02275201201231068
P1,loss,1.0,487,1948.0,20,2.146272678922375,0.07363503130287871,2.1437114232057604,0.021599141650085224,76.12,2.0135332028229356,0.023826574810106565
P1,loss,1.0,488,1952.0,20,2.1654047634115305,0.05088352229780861,2.145580836686862,0.0191284431699762,76.15599999999999,2.015549848585465,0.02194210674609925
P1,loss,1.0,489,1956.0,20,2.117556278144088,0.16649750343897535,2.1458349315252057,0.01821966163020131,74.521,2.015921687862505,0.02183177685930533
P1,loss,1.0,490,1960.0,20,2.176553967907945,0.03442766806015105,2.147784063516289,0.017340661084123493,76.269,2.0182808043336715,0.020955116105460945
P1,loss,1.0,491,1964.0,20,2.1544924348131698,0.06608134813908001,2.1471573757436513,0.017314234993133927,76.04299999999999,2.018107660275467,0.020667251295383243
P1,loss,1.0,492,1968.0,20,2.1469022431876064,0.0549373203829168,2.148030749316055,0.016666629433856033,76.007,2.0189375780796346,0.019610557276464814
P1,loss,1.0,493,1972.0,20,2.1576255074625426,0.07849157876285165,2.1472983391471265,0.01503867357009437,76.255,2.018443191707913,0.018276803613825526
P1,loss,1.0,494,1976.0,20,2.16089403320534,0.058535773675800123,2.1469524968961773,0.015081806575301702,76.63199999999999,2.017588916968603,0.018276750367048063
P1,loss,1.0,495,1980.0,20,2.1558044187645047,0.05536524170357872,2.149416561173199,0.014093619465669437,76.32000000000001,2.0201334778829763,0.0164308640935953
P1,loss,1.0,496,1984.0,20,2.134169857978523,0.06860588880583887,2.149120670467742,0.01299175807984307,75.123,2.020771730995419,0.015359793402405798
P1,loss,1.0,497,1988.0,20,2.133960864937542,0.0883214255051033,2.148534463112829,0.014683190044914834,75.33,2.0198023886172267,0.01657133254443161
P1,loss,1.0,498,1992.0,20,2.164108940724388,0.05207350576234579,2.151512024929373,0.014126685996134725,76.491,2.022443582094401,0.014204738025428558
P1,loss,1.0,499,1996.0,20,2.1459330055804724,0.11610809438766402,2.1504457596081847,0.013396599663751478,76.25,2.0215121331208596,0.014529643440973641
P1,loss,1.0,500,2000.0,20,2.13623585382065,0.0795359429689361,2.149716823753651,0.01409234995447185,75.864,2.021246725460842,0.01511717343359448
P1,loss,1.0,501,2004.0,20,2.1566741703101604,0.03895537007926815,2.1498936477969335,0.012488360668794787,76.387,2.021577093218558,0.014848478028590047
P1,loss,1.0,502,2008.0,20,2.152118190854308,0.09233047121135646,2.151140885788533,0.01286045124586881,76.51899999999999,2.022466131520556,0.015902847589151916
P1,loss,1.0,503,2012.0,20,2.1706061459164654,0.06413720431638119,2.1522714342684384,0.012655525302872771,76.452,2.022730823818361,0.01500657660271735
P1,loss,1.0,504,2016.0,20,2.153406845856707,0.0598609649788623,2.1534975810399106,0.014587718942268709,76.435,2.023400426358069,0.016157504318898157
P1,loss,1.0,505,2020.0,20,2.1594546375467187,0.03658946457109559,2.154055379764934,0.01483799002631219,76.274,2.0242496891286175,0.01697087510716089
P1,loss,1.0,506,2024.0,20,2.154158880051681,0.06173265671714313,2.1536016543508554,0.014908865385732679,76.192,2.0239897557476483,0.017865806899503584
P1,loss,1.0,507,2028.0,20,2.1471597096139976,0.08815719205867359,2.153578961076436,0.015380124742596698,76.42,2.024088583425117,0.01780564558998232
P1,loss,1.0,508,2032.0,20,2.1549097466074336,0.041809222550017296,2.152885337101653,0.016111100463065214,76.13199999999999,2.0241167908005666,0.018268133642830166
P1,loss,1.0,509,2036.0,20,2.1355921955037136,0.09662459775423446,2.151823554934546,0.017746028191495806,76.52000000000001,2.0236262967865897,0.019037038722791416
P1,loss,1.0,510,2040.0,20,2.156171514761334,0.05718722354020947,2.1520975176828725,0.017766475126180025,76.5,2.024001811526639,0.018230604039688354
P1,loss,1.0,511,2044.0,20,2.1458728860145095,0.061163264042661716,2.151281590875908,0.017935916640962928,75.933,2.024027115966441,0.018628276003497368
P1,loss,1.0,512,2048.0,20,2.0771451418984275,0.18637949962359943,2.14851648939495,0.019672030017426755,76.227,2.021710126228887,0.01979912123395683
P2,accuracy,0.5,1,4.0,20,1.7494223821850459,0.30089273784439313,1.7494223821850459,0.30089273784439313,70.138,1.6117684763392102,0.29713992637613673
P2,accuracy,0.5,2,8.0,20,1.6739129834671342,0.30135681240725937,1.71166768282609,0.2238070866221848,66.54400000000001,1.5772664929657692,0.2354100151709826
P2,accuracy,0.5,3,12.0,20,1.6751968465401919,0.297394032459298,1.6995107373974574,0.17941546148154947,67.525,1.5599789215671418,0.19101365125959305
P2,accuracy,0.5,4,16.0,20,1.787443531722705,0.33690880983678784,1.7214939359787693,0.1553080960947916,70.167,1.5804007518090848,0.16185818063322685
P2,accuracy,0.5,5,20.0,20,1.772733094866132,0.2681948102757689,1.7317417677562417,0.14331877103214116,69.567,1.5928087620656055,0.14891397333280304
P2,accuracy,0.5,6,24.0,20,1.697520098754163,0.31961510282325023,1.7260381562558955,0.12628709623219403,69.238,1.587650503212267,0.1311580813109901
P2,accuracy,0.5,7,28.0,20,1.525692312020935,0.3477511291295749,1.6974173213651866,0.1081462311699882,57.903999999999996,1.5547048463079107,0.11254688883574508
P2,accuracy,0.5,8,32.0,20,1.6461244509755506,0.28148717944542545,1.6910057125664821,0.11391061319641649,64.575,1.5474632914593947,0.11792939705301647
P2,accuracy,0.5,9,36.0,20,1.7603782206672485,0.32959394553361293,1.6987137690221228,0.10493860250411209,67.679,1.5549655653088388,0.10892658443381081
P2,accuracy,0.5,10,40.0,20,1.6380889788123874,0.3619118226261695,1.6926512900011494,0.09622930282314818,64.842,1.5482786826550552,0.10107343814822954
P2,accuracy,0.5,11,44.0,20,1.8380615160644083,0.19722634693899865,1.7058704014614456,0.09433092708947097,74.618,1.562040038859743,0.09935535910764777
P2,accuracy,0.5,12,48.0,20,1.7544324578262482,0.24170493344009372,1.7099172394918458,0.0874389182972556,71.00399999999999,1.567404198450287,0.0919283841458822
P2,accuracy,0.5,13,52.0,20,1.6414480456763294,0.32907521337136,1.7046503784291136,0.08665591997929856,65.809,1.562219919596689,0.08996386708757241
P2,accuracy,0.5,14,56.0,20,1.7235353829903386,0.313460774400135,1.7059993073263442,0.0800292051105687,67.959,1.5640414882442362,0.08205767637141878
P2,accuracy,0.5,15,60.0,20,1.7615797292967155,0.19243943707353164,1.7097046687910358,0.07772270882416885,70.428,1.5686019786720495,0.07800166550067913
P2,accuracy,0.5,16,64.0,20,1.599155557970041,0.33341571804224995,1.7027953493647234,0.07872772447510265,62.440999999999995,1.5605761628670514,0.07883256202419855
P2,accuracy,0.5,17,68.0,20,1.7995782365916348,0.2007935919411376,1.7084884603780712,0.08121726718114479,73.07300000000001,1.566593584993877,0.08049543066524706
P2,accuracy,0.5,18,72.0,20,1.725733938365875,0.32479069408246813,1.7094465424885048,0.07750308677379021,70.011,1.567606067119188,0.07738209457132993
P2,accuracy,0.5,19,76.0,20,1.6027445049199684,0.29663394659396064,1.7038306457743713,0.0756550519983058,63.718999999999994,1.5614213828343,0.07620144528642543
P2,accuracy,0.5,20,80.0,20,1.6283227857892222,0.38533615718226305,1.7000552527751136,0.07009124201840457,64.181,1.5572998208040842,0.07046888177990313
P2,accuracy,0.5,21,84.0,20,1.6924287457653926,0.23733040917836765,1.699692085774651,0.06316534890502536,69.006,1.5567584518968887,0.06423268955523527
P2,accuracy,0.5,22,88.0,20,1.6652922602274542,0.251444559791065,1.6981284573406874,0.06633142729874693,66.13,1.5555991223456256,0.06766758094050036
P2,accuracy,0.5,23,92.0,20,1.603663944568714,0.305178319177754,1.694021304611471,0.06260726839581086,62.163,1.5511186864689128,0.06272856523951723
P2,accuracy,0.5,24,96.0,20,1.7994672026460186,0.19573761750821514,1.698414883696244,0.06342971502282235,73.579,1.5562898944739643,0.06348469222654574
P2,accuracy,0.5,25,100.0,20,1.758058012278783,0.21522450174549845,1.7008006088395455,0.060934191437966745,71.28999999999999,1.5587336145301818,0.06020791695030837
P2,accuracy,0.5,26,104.0,20,1.6188367764218827,0.27683892145146394,1.695577184609019,0.05685123684663844,63.788,1.55400367193442,0.05642460341462842
P2,accuracy,0.5,27,108.0,20,1.73853491873215,0.3264961814575441,1.6981620620196196,0.05111805175185094,67.892,1.5562404376016166,0.05017174934407081
P2,accuracy,0.5,28,112.0,20,1.8167859682854808,0.29561632440448876,1.7038256268894312,0.052540835648471264,69.976,1.5625366977637198,0.05244100244258613
P2,accuracy,0.5,29,116.0,20,1.6229364196224227,0.27695460676718686,1.6972453424054197,0.04636706589063015,68.01599999999999,1.5562431178839506,0.04572993221592913
P2,accuracy,0.5,30,120.0,20,1.771286722849419,0.27127142188232595,1.6971874875247512,0.04363591026880742,71.602,1.555839582713577,0.04155359395598069
P2,accuracy,0.5,31,124.0,20,1.698681481615496,0.13742853869790603,1.6972339428392047,0.043253681252127266,71.924,1.5564411337341866,0.04118951850962404
P2,accuracy,0.5,32,128.0,20,1.8043698726126542,0.3004625373621417,1.7083810452628732,0.04295729994289878,71.49199999999999,1.56920360087591,0.04098990047625375
P2,accuracy,0.5,33,132.0,20,1.7920055333487004,0.28426257839386937,1.7142162885577992,0.04753224617404309,70.75699999999999,1.575381834341555,0.045855765721075796
P2,accuracy,0.5,34,136.0,20,1.707586628234488,0.28442170427657537,1.7121046248604892,0.04529709617118543,68.061,1.5730980030291388,0.04331860847980967
P2,accuracy,0.5,35,140.0,20,1.657118151912971,0.23556365188404862,1.7128657917845125,0.04987786892779247,68.709,1.5743400804549728,0.04882808293584192
P2,accuracy,0.5,36,144.0,20,1.721979889234613,0.29169335608366903,1.7082225267113205,0.04991603415211236,68.587,1.5693399607516723,0.04937361606929795
P2,accuracy,0.5,37,148.0,20,1.7711627612978753,0.24049504981155803,1.7088917388501854,0.05185199465061253,72.2,1.5696401092588768,0.0515605526409872
P2,accuracy,0.5,38,152.0,20,1.8270042484681785,0.21285166612527628,1.7163139869618598,0.048530858189719334,73.035,1.5778162114833287,0.05025790000285673
P2,accuracy,0.5,39,156.0,20,1.6738628403446172,0.28652287300803214,1.7143270852560306,0.05340376523310553,69.81899999999999,1.5759012704603763,0.05399980910115065
P2,accuracy,0.5,40,160.0,20,1.71501814981785,0.27912963854568523,1.712464622076876,0.06196042187897811,69.659,1.5741667431322304,0.06291784056830929
P2,accuracy,0.5,41,164.0,20,1.6827554876456248,0.2742466741730646,1.7158086192638993,0.0610111908427977,63.41799999999999,1.5779821319384983,0.061444892698646565
P2,accuracy,0.5,42,168.0,20,1.7338977053600881,0.33337538844724757,1.7131813980146375,0.0635053954183264,68.24199999999999,1.5749756556452634,0.06299828860783906
P2,accuracy,0.5,43,172.0,20,1.6690658503487448,0.3111461419852394,1.7109146744939525,0.06135450734961316,66.717,1.5725174680790532,0.06096481004122415
P2,accuracy,0.5,44,176.0,20,1.7851943523583915,0.17576929365025426,1.7182126683914896,0.06417229017099525,72.009,1.580653899638256,0.06391186460646688
P2,accuracy,0.5,45,180.0,20,1.6828993609394403,0.2835993460958472,1.7203957313974982,0.06049613909115212,69.463,1.5836372730426092,0.061019707508933145
P2,accuracy,0.5,46,184.0,20,1.6563533144639606,0.2944934041615366,1.7189527141454408,0.058711090812081486,66.785,1.5818732004361804,0.05925214584798704
P2,accuracy,0.5,47,188.0,20,1.8270051354560313,0.25671479590824425,1.7254212291545836,0.06186736852096005,70.478,1.588115641984382,0.06209023008707996
P2,accuracy,0.5,48,192.0,20,1.7881246706010203,0.2989842057076957,1.732799658195876,0.05819319924535513,69.147,1.5957950539537653,0.05762330187371076
P2,accuracy,0.5,49,196.0,20,1.7940692033597885,0.23622897832527587,1.732583738224427,0.05200208828306035,70.72,1.5951324707645198,0.05204781492755252
P2,accuracy,0.5,50,200.0,20,1.7331119311420082,0.25530077351229463,1.7315858949789558,0.04887483094890074,69.49199999999999,1.5944917408144448,0.04968335320333684
P2,accuracy,0.5,51,204.0,20,1.7243586227390757,0.275836379939943,1.7358067688316434,0.05291753893624417,67.94300000000001,1.5983290140463358,0.052866862212577075
P2,accuracy,0.5,52,208.0,20,1.7268320505926655,0.2764839283527431,1.735338654106064,0.054286018151114605,69.094,1.5981284109606944,0.053628318606077405
P2,accuracy,0.5,53,212.0,20,1.7350038819572533,0.25395872511556805,1.7320673706529353,0.053419469415495864,68.466,1.5950260876731108,0.053327273378988266
P2,accuracy,0.5,54,216.0,20,1.6582307808293275,0.2474805317544391,1.7334791451012113,0.05973868130455369,66.51899999999999,1.5964625905228358,0.06065482495967379
P2,accuracy,0.5,55,220.0,20,1.8145154859232595,0.21174419464296515,1.7352082956241648,0.05582206743172715,72.623,1.5987614772071965,0.05693102292691593
P2,accuracy,0.5,56,224.0,20,1.662693149691996,0.3138601181480063,1.7337687623472249,0.05249101531889715,64.416,1.5970402574325844,0.05355722303693711
P2,accuracy,0.5,57,228.0,20,1.7225288120494575,0.25170674109978736,1.7304951199246967,0.04831053038136488,71.50699999999999,1.5932472151135229,0.0511146428102283
P2,accuracy,0.5,58,232.0,20,1.7122272914284618,0.271578546374907,1.7273039902478875,0.050784670835201585,68.88199999999999,1.5904211656229523,0.0533600381750989
P2,accuracy,0.5,59,236.0,20,1.7726458962236766,0.22045529768925032,1.7299063609674552,0.05399021515189165,69.62899999999999,1.5936741830057375,0.05560419613322955
P2,accuracy,0.5,60,240.0,20,1.823018044829802,0.23164720230814823,1.7365423566841283,0.05806021971448609,72.28999999999999,1.6005631533732128,0.05996778036009446
P2,accuracy,0.5,61,244.0,20,1.712717544178071,0.20763071807810457,1.7361718628818668,0.06323309760006394,70.6,1.6008833476206146,0.06477146443674711
P2,accuracy,0.5,62,248.0,20,1.7900008305371018,0.23221446561450007,1.7369253856514355,0.06154975033291132,71.224,1.6022623747874936,0.06323918561476137
P2,accuracy,0.5,63,252.0,20,1.7756692223701047,0.2092278821807826,1.7348719846075127,0.06226320547966724,71.806,1.5994700704843878,0.06511820588768368
P2,accuracy,0.5,64,256.0,20,1.8008505098430885,0.2669280264336765,1.7399514913874516,0.061548471699172685,70.983,1.6040031209787604,0.06430705394491744
P2,accuracy,0.5,65,260.0,20,1.7650376082432306,0.2321953081484576,1.741952269724467,0.056075053808921645,71.202,1.6058411471171208,0.05869896091616599
P2,accuracy,0.5,66,264.0,20,1.796180801118549,0.2838300382690594,1.746489282263384,0.056631219027386104,70.824,1.6105893339964414,0.05981567878494593
P2,accuracy,0.5,67,268.0,20,1.6880608740247438,0.28029731001927344,1.74465580900997,0.05335708578205965,68.501,1.6104025239608237,0.05588132814414966
P2,accuracy,0.5,68,272.0,20,1.7454705860389836,0.26553142575757505,1.7477119984375797,0.044393120102628934,70.154,1.6136835452559963,0.04586123626828039
P2,accuracy,0.5,69,276.0,20,1.749056537660643,0.22923319634011421,1.7462664858496695,0.044480573659491394,68.608,1.611666537582727,0.04687001237911541
P2,accuracy,0.5,70,280.0,20,1.7608600566465764,0.22396788274641347,1.7493849136779551,0.04253000939268268,71.16799999999999,1.6156354051420005,0.04392441678563308
P2,accuracy,0.5,71,284.0,20,1.798656777526595,0.24469479790920243,1.7550770522004604,0.03971382778647402,71.73400000000001,1.622098366220119,0.041550033345376367
P2,accuracy,0.5,72,288.0,20,1.74463729091256,0.25760696759627744,1.7517823384187217,0.04031450214688515,70.188,1.618833812810858,0.04298999522375961
P2,accuracy,0.5,73,292.0,20,1.8157656630454195,0.23039936777043807,1.7528879781164974,0.0433120881317315,72.849,1.6197854431966838,0.04466147210668308
P2,accuracy,0.5,74,296.0,20,1.704244302590261,0.22153144706178218,1.7492949820857162,0.0387993046722886,69.10499999999999,1.6161721678073924,0.04000982263154511
P2,accuracy,0.5,75,300.0,20,1.8479271780569264,0.21275956845538208,1.7538875919623131,0.03625381229531292,72.856,1.6211036809431718,0.03888798604821014
P2,accuracy,0.5,76,304.0,20,1.8362140338860875,0.17161230474123987,1.7583618084081938,0.035827191205903414,72.916,1.625547064486828,0.038383362782978506
P2,accuracy,0.5,77,308.0,20,1.7590733458217351,0.23800529812584328,1.7596514602173563,0.03999935863312731,70.787,1.627539923745551,0.042023018583061005
P2,accuracy,0.5,78,312.0,20,1.7278632255233481,0.2649058962242793,1.75936583396,0.03891342961923541,70.613,1.6269140491695189,0.04098162623773598
P2,accuracy,0.5,79,316.0,20,1.7671601859318158,0.20233565475303913,1.7637230101641,0.04039410646087136,69.588,1.6313101286328013,0.04248149623518819
P2,accuracy,0.5,80,320.0,20,1.824094243173759,0.2495142846570532,1.7641061604541197,0.03598463673450756,70.811,1.6311956069104052,0.03759451882657101
P2,accuracy,0.5,81,324.0,20,1.7496565301865104,0.2754341641736115,1.7675846956739005,0.037405094318908934,69.789,1.6343385497866785,0.03854226055124293
P2,accuracy,0.5,82,328.0,20,1.7560144508448225,0.2700110549550471,1.7689241212257147,0.03845833784494739,68.191,1.635884959301245,0.03940194754224193
P2,accuracy,0.5,83,332.0,20,1.7450683799866913,0.2041298845968624,1.7702377647680438,0.042837628615229335,71.64500000000001,1.6369319706656125,0.044315810226157167
P2,accuracy,0.5,84,336.0,20,1.802592294207401,0.20503543004103852,1.771435620687393,0.04625205987998804,70.705,1.6384043221876516,0.04629191944859599
P2,accuracy,0.5,85,340.0,20,1.69380971017283,0.2631125382965561,1.7662672873011143,0.051628189105276556,69.494,1.633452853778093,0.05174575199556344
P2,accuracy,0.5,86,344.0,20,1.7826791102048993,0.2480365522973785,1.7690657499421873,0.049400495228825086,69.32000000000001,1.6356737168330304,0.049894511059728294
P2,accuracy,0.5,87,348.0,20,1.8166595139458797,0.21404317803132306,1.7701320972785386,0.04934132780199675,68.74499999999999,1.6367196813447566,0.050089978090406634
P2,accuracy,0.5,88,352.0,20,1.752269225715421,0.2715026948183599,1.769196097412351,0.05019514329731069,68.58000000000001,1.6358307068277675,0.05161358580617033
P2,accuracy,0.5,89,356.0,20,1.8195246673074479,0.23368703045201916,1.7699430637109255,0.048502684155735186,69.933,1.637738873333274,0.05152574518715692
P2,accuracy,0.5,90,360.0,20,1.724279929841097,0.25381629976809006,1.76831275657484,0.046878929629496045,69.661,1.6362418305531121,0.04924796476953496
P2,accuracy,0.5,91,364.0,20,1.7719960835063044,0.1893054363752111,1.7673453678703503,0.047461088230922155,70.47200000000001,1.6364000497120472,0.05014621416692199
P2,accuracy,0.5,92,368.0,20,1.7484336633602484,0.2713784325940749,1.7697602794437706,0.04816251346648533,67.925,1.6374822659931756,0.05066394494624936
P2,accuracy,0.5,93,372.0,20,1.7988939695538633,0.267900749056749,1.771897214784366,0.04645466979910892,70.524,1.6395356007129742,0.04860704776081057
P2,accuracy,0.5,94,376.0,20,1.8348319666526351,0.2586181603739767,1.7753282319440455,0.05058679846883836,71.509,1.6439148330821727,0.05228564680348126
P2,accuracy,0.5,95,380.0,20,1.7016629564151728,0.21497161137220716,1.7729603479347893,0.043598785984471276,68.91900000000001,1.6404244451929373,0.04610853262785741
P2,accuracy,0.5,96,384.0,20,1.7162533916102045,0.28753203739430616,1.7696642124981339,0.04925270927907142,66.503,1.6367947350020138,0.05171625285498838
P2,accuracy,0.5,97,388.0,20,1.7752401144469379,0.22946786065786562,1.7708883254395087,0.050601114900742684,68.888,1.638249887777843,0.05328910595971667
P2,accuracy,0.5,98,392.0,20,1.833222516945107,0.23071986475568534,1.7715865995954965,0.048007763919134194,72.532,1.6396651303766654,0.051133059393824974
P2,accuracy,0.5,99,396.0,20,1.840203210644653,0.21247516445440698,1.7770249559176718,0.043433980325812784,70.61699999999999,1.6452563578835282,0.04576906187278177
P2,accuracy,0.5,100,400.0,20,1.7783664895618656,0.2909451458938039,1.7742425283778693,0.0441335082782664,68.023,1.6428202831631773,0.04564796770069559
P2,accuracy,0.5,101,404.0,20,1.7757184771110264,0.2796002099585155,1.771822706106867,0.038234868402538966,66.804,1.640477750079966,0.039109460137187364
P2,accuracy,0.5,102,408.0,20,1.7961235931394532,0.14033165278258153,1.7733047159995756,0.041640984464446404,72.88,1.6418823673187688,0.04200853156439784
P2,accuracy,0.5,103,412.0,20,1.7436417039909287,0.3162381430478009,1.773935855138279,0.03725414263726133,65.64500000000001,1.6420977796080152,0.037636119399673006
P2,accuracy,0.5,104,416.0,20,1.843855440797844,0.1900580783620265,1.77700366533292,0.038224275728424725,72.211,1.6453735566934995,0.03870451784258383
P2,accuracy,0.5,105,420.0,20,1.7825732290928653,0.25680818489670887,1.7753428247696845,0.043437443384180166,69.604,1.643834444014382,0.045035270406914595
P2,accuracy,0.5,106,424.0,20,1.796834795798371,0.2301951669421593,1.777229955394159,0.04785059333335654,72.178,1.6460682378566525,0.05065346835195781
P2,accuracy,0.5,107,428.0,20,1.6523858955725068,0.2517334983796356,1.7730848131832662,0.0467462062798047,63.732000000000006,1.64193975369025,0.0488216920081902
P2,accuracy,0.5,108,432.0,20,1.7244661534582328,0.26664357461441873,1.772260724122128,0.04715672820924135,68.53,1.6418613449188169,0.04829709792751697
P2,accuracy,0.5,109,436.0,20,1.7557010942772813,0.21610385001042537,1.7703850761249231,0.04520290812079165,67.47,1.6400985784529105,0.04596422341339104
P2,accuracy,0.5,110,440.0,20,1.8136619729819963,0.1770355525445028,1.7751791666372896,0.042576150198333676,71.681,1.644703739839566,0.042269388572551
P2,accuracy,0.5,111,444.0,20,1.8153958583639505,0.13637170005676336,1.7764878365636516,0.0403118245844938,73.202,1.6471972002470454,0.03902611198118748
P2,accuracy,0.5,112,448.0,20,1.7881443126415661,0.22232682078651728,1.7753472285114793,0.046059708435003274,71.67699999999999,1.6457258627587632,0.044545844744890276
P2,accuracy,0.5,113,452.0,20,1.8269774560686969,0.18220057182101235,1.7783355577256104,0.04307158791412799,70.728,1.649349318718885,0.04071347805689228
P2,accuracy,0.5,114,456.0,20,1.8421470142206222,0.21729839737629467,1.7792404516021372,0.03816240604677679,71.73400000000001,1.6494899084050343,0.03565325901617185
P2,accuracy,0.5,115,460.0,20,1.7975738148236562,0.255035786214575,1.7821722070014396,0.040460195876633284,70.211,1.6521906239698825,0.03781183984605072
P2,accuracy,0.5,116,464.0,20,1.8268457215141098,0.2212905993201364,1.7843661925217518,0.04182766167529324,72.885,1.6539916969190618,0.03960044526487555
P2,accuracy,0.5,117,468.0,20,1.8280718464266896,0.19019728500900926,1.7875517198444093,0.04401961816360253,72.18299999999999,1.6577045910290966,0.04372052673955175
P2,accuracy,0.5,118,472.0,20,1.906789252877947,0.14873631605082685,1.7918675311773729,0.04007943794752525,74.291,1.6623577536295198,0.039618072254640924
P2,accuracy,0.5,119,476.0,20,1.8332444644279882,0.22625248450969226,1.7918040310883872,0.035229223990354976,72.517,1.6620276213625722,0.03608100225755156
P2,accuracy,0.5,120,480.0,20,1.752315292390989,0.30608343999910875,1.7938301245274197,0.04336213734330249,67.623,1.6641054995920856,0.04396978733852758
P2,accuracy,0.5,121,484.0,20,1.8279465120219203,0.24927514518090424,1.7982978493438881,0.042090089263529515,71.352,1.6686595668813946,0.04296024844211755
P2,accuracy,0.5,122,488.0,20,1.7922272149478762,0.27908326797897154,1.7989773333639256,0.047117362248865986,70.796,1.6692288594891196,0.047587733001827115
P2,accuracy,0.5,123,492.0,20,1.758967628269994,0.2193862022887117,1.7960071378169211,0.04402898453059987,68.012,1.6662306246249916,0.04514557178469214
P2,accuracy,0.5,124,496.0,20,1.8586064053462248,0.13696265149913736,1.796743265604984,0.04279069685048147,72.088,1.667139489091792,0.04262108863799393
P2,accuracy,0.5,125,500.0,20,1.7067753723693184,0.2734488511588933,1.793879620917282,0.043501539182077206,66.321,1.6636190932400965,0.043840282614769306
P2,accuracy,0.5,126,504.0,20,1.7167560723382025,0.2788040909664419,1.7915211247263692,0.0405235117518629,67.48400000000001,1.661757596531853,0.03898180355812202
P2,accuracy,0.5,127,508.0,20,1.825430577946129,0.18046474582153993,1.7926934041186364,0.0409749835194694,70.115,1.6623397569380878,0.03949630809522044
P2,accuracy,0.5,128,512.0,20,1.8381839984710695,0.14948860796889996,1.7964750958978422,0.04156139923888482,72.751,1.6670908227472985,0.041180628071746404
P2,accuracy,0.5,129,516.0,20,1.8450338361412757,0.12196409330269312,1.7965222317115792,0.042273212510940926,74.369,1.6679023662175285,0.0420091493075451
P2,accuracy,0.5,130,520.0,20,1.8339514730314435,0.17101262846725654,1.7985773614691223,0.04149337206795264,72.28,1.6701000722813313,0.04228749371091331
P2,accuracy,0.5,131,524.0,20,1.8279906391167775,0.20163024058651383,1.7998235952018586,0.040751716879346395,71.026,1.6711525139809584,0.04176700200467697
P2,accuracy,0.5,132,528.0,20,1.853721293991827,0.24460095007110785,1.8078770111386313,0.04634058169340322,70.065,1.679307016311937,0.04780908353688691
P2,accuracy,0.5,133,532.0,20,1.8268671251202093,0.21572234786457048,1.8119730500051106,0.04341380812063494,70.229,1.683352718913543,0.04454256076306226
P2,accuracy,0.5,134,536.0,20,1.7957321010458167,0.21461430103808699,1.8135742902758518,0.039862090692904764,71.41,1.6850052783772487,0.03811242573303962
P2,accuracy,0.5,135,540.0,20,1.8013366311054309,0.22193432961779327,1.8130812766007893,0.04219293432407568,71.365,1.6849601695133605,0.04064927841563779
P2,accuracy,0.5,136,544.0,20,1.7324584223692878,0.2704651801248874,1.8097637791610026,0.045919650077921356,69.42699999999999,1.6816292732117013,0.04487578486588355
P2,accuracy,0.5,137,548.0,20,1.7413507203249385,0.23340323890095516,1.8078920354683377,0.04113305408105813,65.779,1.6796224027730453,0.04113404445765312
P2,accuracy,0.5,138,552.0,20,1.8128526278462296,0.2404877018930442,1.807327042339439,0.04400148020500866,69.134,1.678318506384964,0.04454268277094739
P2,accuracy,0.5,139,556.0,20,1.8615589128735703,0.20746964708338597,1.808103518285557,0.047113231172570665,72.479,1.679580341875831,0.04768665851195694
P2,accuracy,0.5,140,560.0,20,1.8640499378384092,0.16320403717026707,1.810762563206147,0.043521485447528006,72.288,1.6828728580845742,0.04403578778378875
P2,accuracy,0.5,141,564.0,20,1.797741352708019,0.20129876745454242,1.8095983884539035,0.04980797239691782,71.627,1.6819209957999974,0.04997150647394229
P2,accuracy,0.5,142,568.0,20,1.7815433196554935,0.15189341037191434,1.8077372473830553,0.050991513031053655,72.029,1.6802248314492736,0.05126661359061356
P2,accuracy,0.5,143,572.0,20,1.7301236334628491,0.2392626357279858,1.8006706226064515,0.049183608382110354,67.69500000000001,1.673644031814936,0.04981208156954627
P2,accuracy,0.5,144,576.0,20,1.83163923516523,0.22991741848848876,1.8006064134359412,0.047085734631764846,71.207,1.6731604227478916,0.04757518774004169
P2,accuracy,0.5,145,580.0,20,1.8343139796339447,0.17061932361446996,1.8038863609256595,0.0469542337016761,72.618,1.6768731689960164,0.04804241463156668
P2,accuracy,0.5,146,584.0,20,1.8236744413371941,0.24484280265292918,1.8037154780982703,0.044125743921475294,69.659,1.6774262385742145,0.045125573319403055
P2,accuracy,0.5,147,588.0,20,1.8336039945135745,0.20972544136720625,1.8053705492808985,0.045808761319538496,72.77799999999999,1.6802242999275616,0.04773463585450918
P2,accuracy,0.5,148,592.0,20,1.8111802977938367,0.18706656907497637,1.8074590560618522,0.044083365684529155,71.15599999999999,1.6830293095538333,0.04596121337820417
P2,accuracy,0.5,149,596.0,20,1.8243711915772782,0.21406866509887632,1.8060896475110941,0.048241489728398146,71.87100000000001,1.681889388845807,0.05065242685562632
P2,accuracy,0.5,150,600.0,20,1.8275381387000234,0.19275628075182027,1.8109201581643224,0.05246680284054921,70.529,1.687375305603536,0.055301934039296285
P2,accuracy,0.5,151,604.0,20,1.7682677070984105,0.1968348490946025,1.8129806235547306,0.04770952309614813,69.372,1.6892264590436081,0.05024562618909622
P2,accuracy,0.5,152,608.0,20,1.6682592291036014,0.22354328982259206,1.8066937696010297,0.044007052121843485,65.637,1.6830704379921315,0.04608994081602423
P2,accuracy,0.5,153,612.0,20,1.748002747852982,0.2423235690426741,1.803086519576306,0.044342306295266455,66.85,1.6791334931924466,0.04660644823442262
P2,accuracy,0.5,154,616.0,20,1.8566318518676606,0.23137084160747967,1.8035504402053615,0.04388839991197676,72.50699999999999,1.679049302078098,0.0449321043033959
P2,accuracy,0.5,155,620.0,20,1.834776863775798,0.17090684205534154,1.8035834558351358,0.04464179574810072,71.829,1.6794095810291345,0.04547675198167307
P2,accuracy,0.5,156,624.0,20,1.7869461859579083,0.26869659162545523,1.8019416777087809,0.0440471236764889,67.421,1.6775970838132817,0.04533995846425165
P2,accuracy,0.5,157,628.0,20,1.8637104513999023,0.1887206009430318,1.8023412440051039,0.04446898676666096,71.25899999999999,1.6784277934101737,0.045226059432007526
P2,accuracy,0.5,158,632.0,20,1.7602442076104534,0.13961273430204585,1.7996763273047136,0.046108631602837076,71.315,1.6756675326849517,0.04850323661036474
P2,accuracy,0.5,159,636.0,20,1.7969793389482838,0.24275375362957938,1.7997262168208124,0.04701978428189337,70.136,1.6751181981969119,0.04986409307356035
P2,accuracy,0.5,160,640.0,20,1.678932008004563,0.22947048383908117,1.7948300318967774,0.045198156182592986,64.354,1.6692875590566327,0.046473972794612364
P2,accuracy,0.5,161,644.0,20,1.7459458932936456,0.22304774354133278,1.7953695307337518,0.041217173234931,69.616,1.6698241608423914,0.04333886661066742
P2,accuracy,0.5,162,648.0,20,1.8517785741300716,0.21181739643603853,1.7997866448859572,0.04193186706599683,71.505,1.6747796091901477,0.043493408544222525
P2,accuracy,0.5,163,652.0,20,1.6847586214451482,0.3234073218192631,1.7946628846299142,0.04583018154028944,64.384,1.6701463300515385,0.04779742452846114
P2,accuracy,0.5,164,656.0,20,1.8562213901934546,0.18399008632045985,1.7944493837227093,0.043718789937108,71.889,1.6698707494754252,0.04583882162494482
P2,accuracy,0.5,165,660.0,20,1.810039890951704,0.18843649237922752,1.7922889818472414,0.04746115554781321,72.362,1.6670319720179603,0.04933914816865175
P2,accuracy,0.5,166,664.0,20,1.8211924494439624,0.25580096086534193,1.7932270257166791,0.04939512077208141,69.167,1.6677583759494776,0.051708882388665056
P2,accuracy,0.5,167,668.0,20,1.8531428131246723,0.16305587942166683,1.796091005455446,0.046216957584787444,74.083,1.67094273851287,0.04924985405513822
P2,accuracy,0.5,168,672.0,20,1.8637089248677694,0.16744818017513677,1.8014344171116428,0.04667724141395563,73.248,1.6762436773289218,0.04893356338331287
P2,accuracy,0.5,169,676.0,20,1.87327137101422,0.1926502019809639,1.8030997025456024,0.045602115235070496,72.77000000000001,1.678338450605613,0.04898726300531701
P2,accuracy,0.5,170,680.0,20,1.8153058681550678,0.18729156988117734,1.8023393780864474,0.046305318252327046,73.512,1.678439429819505,0.04923743715108183
P2,accuracy,0.5,171,684.0,20,1.8447313133859147,0.1913229763396403,1.8031816529683962,0.04517162664061047,73.63199999999999,1.6793383523993328,0.046958106141294774
P2,accuracy,0.5,172,688.0,20,1.8035592871460566,0.21739378382990593,1.8019798646736955,0.045745658982620334,69.02000000000001,1.6776966779173583,0.04752494245162186
P2,accuracy,0.5,173,692.0,20,1.801140188341672,0.2636034500289429,1.801578260295609,0.05212757880733159,67.94800000000001,1.676456066813974,0.05540958724710113
P2,accuracy,0.5,174,696.0,20,1.8420294907921249,0.21938427360562274,1.8022845922642028,0.0539173122078862,71.501,1.6770662787618746,0.05596553846657884
P2,accuracy,0.5,175,700.0,20,1.8487291507446173,0.1649422885057609,1.8031322327459864,0.05402518133120875,72.786,1.6777853108629035,0.05455254337779746
P2,accuracy,0.5,176,704.0,20,1.8046250977589473,0.16158131315547813,1.804586528372408,0.051353310500286395,70.592,1.6793775268204165,0.05177108244844838
P2,accuracy,0.5,177,708.0,20,1.8645963855248335,0.15551421660178955,1.8124400146292572,0.053194141306234295,73.78099999999999,1.687803594556831,0.05422560077938164
P2,accuracy,0.5,178,712.0,20,1.7718617146946052,0.18952440909834656,1.8133943733029223,0.052534547298843715,70.744,1.6889959770277023,0.05356141720675577
P2,accuracy,0.5,179,716.0,20,1.8405980143793783,0.2596121023618511,1.812753019803391,0.053856812444095715,70.033,1.688383800972558,0.055151570276150405
P2,accuracy,0.5,180,720.0,20,1.7919811966737362,0.22881086110129353,1.8110411931193084,0.05331424543693692,69.522,1.687431622503685,0.05462805027270578
P2,accuracy,0.5,181,724.0,20,1.8188111190380298,0.1923067408406407,1.8123157904425136,0.05283618204211838,71.2,1.6894304826308217,0.054154233133896036
P2,accuracy,0.5,182,728.0,20,1.8581120303981855,0.22411098432191232,1.8120918536024448,0.05351023212253943,71.213,1.6887212897121189,0.05414878327080018
P2,accuracy,0.5,183,732.0,20,1.83673439928075,0.2168486920105113,1.8151514612692565,0.050893188572658114,70.836,1.691746753561031,0.051855917302396394
P2,accuracy,0.5,184,736.0,20,1.8047583697786194,0.2382189786824079,1.81546262250247,0.05194596049379592,67.87100000000001,1.6922773146907784,0.05294330222556722
P2,accuracy,0.5,185,740.0,20,1.813503230214803,0.2584522411795355,1.8208454713908797,0.04848923678337203,68.444,1.6980037228135387,0.049109320380961614
P2,accuracy,0.5,186,744.0,20,1.7707460355598872,0.22492170778167453,1.8218374770815295,0.053064382180041496,69.47999999999999,1.6984522727359526,0.05344145111814881
P2,accuracy,0.5,187,748.0,20,1.8757179827496653,0.15833208137276084,1.8227950534263129,0.04858602534043774,72.959,1.6996168330434884,0.048511810733421167
P2,accuracy,0.5,188,752.0,20,1.8017221105681336,0.24840647513203898,1.8274735929912325,0.044101018213185975,68.964,1.7045204114082009,0.043382775094604566
P2,accuracy,0.5,189,756.0,20,1.7748739053294664,0.19365819825356928,1.8242196935966728,0.04888358810777485,70.761,1.7012594245847743,0.048823043718667976
P2,accuracy,0.5,190,760.0,20,1.7807327550950358,0.231758818585379,1.8230474081624064,0.05094737093455002,70.063,1.7005995550842894,0.0500344500486469
P2,accuracy,0.5,191,764.0,20,1.7417119356790995,0.20000015532461832,1.8198681876118115,0.05258596051110156,69.892,1.6975086945957745,0.05242489100060785
P2,accuracy,0.5,192,768.0,20,1.863830611205336,0.2507851210907865,1.8202956995350383,0.05238247462459005,71.763,1.6975042872225707,0.05250228980374861
P2,accuracy,0.5,193,772.0,20,1.8413488359097312,0.20322013133061279,1.8194012959767167,0.052056321784135606,72.914,1.6966873797842699,0.0519753600097043
P2,accuracy,0.5,194,776.0,20,1.8869269224979326,0.18047280833777254,1.8199475180360651,0.04744418750428823,73.183,1.6980329293138716,0.046467227765684384
P2,accuracy,0.5,195,780.0,20,1.8563649061800533,0.1318331200884684,1.8215898795570644,0.04459964188224222,73.951,1.6992736353770337,0.04453201958717386
P2,accuracy,0.5,196,784.0,20,1.863886836787799,0.20359083137641718,1.8223561004931401,0.04905408499505069,72.914,1.7000810875598755,0.048790795194266746
P2,accuracy,0.5,197,788.0,20,1.8776066772645859,0.21658805201505413,1.8253179960978811,0.04935431240251334,73.09700000000001,1.7028773339147463,0.04784565818352125
P2,accuracy,0.5,198,792.0,20,1.860110172136935,0.17938065751462695,1.8276767954496917,0.04893301461587354,71.582,1.7058215962774206,0.04615683714604113
P2,accuracy,0.5,199,796.0,20,1.742038094749558,0.25925997781117727,1.8236771396079892,0.049039009100569936,67.618,1.7018915731310102,0.046682687770957555
P2,accuracy,0.5,200,800.0,20,1.9048061398414167,0.14054495123025842,1.825920219171861,0.05115023725768303,73.15,1.7036135973405107,0.049292977993572476
P2,accuracy,0.5,201,804.0,20,1.8358281065562778,0.18142372423913045,1.8271683395237541,0.054148184981398416,74.013,1.7046224523018192,0.05257955462583961
P2,accuracy,0.5,202,808.0,20,1.8796974970157554,0.1422940110500828,1.827772383983391,0.05131375234059057,72.797,1.7051380332332617,0.050241518156258276
P2,accuracy,0.5,203,812.0,20,1.8723496389425311,0.19790666542614718,1.8317919009533081,0.05423561384295258,72.446,1.7089173018845032,0.053371923631239646
P2,accuracy,0.5,204,816.0,20,1.8092531794708855,0.23294720617925155,1.8305381075569684,0.0516092785448538,69.255,1.7079892198177031,0.05020658860700485
P2,accuracy,0.5,205,820.0,20,1.7893046883861117,0.2918031221006801,1.8304310472254635,0.048340242094295334,68.626,1.7067369447940095,0.04719137318626611
P2,accuracy,0.5,206,824.0,20,1.9063073664568182,0.1476532161210501,1.8339308971222148,0.04915800132411287,74.057,1.7104043063306993,0.046731069865131335
P2,accuracy,0.5,207,828.0,20,1.8796793829511604,0.17882204684874803,1.834793591224334,0.046244337649491984,73.276,1.7113770883790156,0.04371312282262339
P2,accuracy,0.5,208,832.0,20,1.8536079781806598,0.17911242911150196,1.8354685343803303,0.04607965475410508,72.41799999999999,1.711558342968018,0.044054087086739274
P2,accuracy,0.5,209,836.0,20,1.8004477868875248,0.15931621212934705,1.8352961110646866,0.04073462907498445,72.616,1.7121673992178164,0.039706117057698186
P2,accuracy,0.5,210,840.0,20,1.8446052969569233,0.18794435495414546,1.8365401937343713,0.04808134184396118,72.023,1.7142939443810346,0.045583742668350316
P2,accuracy,0.5,211,844.0,20,1.8357220004925072,0.19990090685678105,1.8391392323316762,0.04911057381267287,71.703,1.717618590841764,0.046547568729774516
P2,accuracy,0.5,212,848.0,20,1.8377641552562038,0.2062174774059419,1.8376210792319376,0.05302024196335138,72.62100000000001,1.7159437900441468,0.051039793562615385
P2,accuracy,0.5,213,852.0,20,1.945596874765234,0.11814656426183247,1.8433760697998216,0.05263231927596901,73.64,1.7221081960284816,0.05098374942335897
P2,accuracy,0.5,214,856.0,20,1.8275690247554206,0.23436819591650135,1.8454838745768598,0.05099904845165882,71.411,1.72423628016403,0.04952759566377342
P2,accuracy,0.5,215,860.0,20,1.8437728156259978,0.20765404636948126,1.8480054769980985,0.05248627268269017,69.515,1.7264982343700592,0.051702607613090326
P2,accuracy,0.5,216,864.0,20,1.9309467531410722,0.14896328984742033,1.8555748696965773,0.05251075961653487,74.334,1.7342321381911454,0.051091237287454315
P2,accuracy,0.5,217,868.0,20,1.805609824320522,0.1804729756020371,1.8532460382211844,0.05071562157350695,70.78999999999999,1.7320350190799534,0.04883362977103005
P2,accuracy,0.5,218,872.0,20,1.8183439785980013,0.20846024438354643,1.8523258439287154,0.05133974049922465,70.654,1.7311100653462013,0.050985711414612944
P2,accuracy,0.5,219,876.0,20,1.806488410550617,0.23844851136608253,1.8491083034508229,0.05142251090580873,69.147,1.7275085103830528,0.05083800030432022
P2,accuracy,0.5,220,880.0,20,1.8899309869536876,0.25319018339352156,1.8504509466817685,0.056274405221223484,72.111,1.7285171132622132,0.05607718238001303
P2,accuracy,0.5,221,884.0,20,1.776577301472089,0.23215699277655075,1.84695856526914,0.05017013930025011,70.74199999999999,1.7246757406442044,0.04968864792890407
P2,accuracy,0.5,222,888.0,20,1.8921887076488173,0.18674027915632804,1.8475418464845093,0.04686659383040887,73.78099999999999,1.7246543658844058,0.047138279158849904
P2,accuracy,0.5,223,892.0,20,1.8745730630855941,0.2762336565320994,1.8481203621224556,0.04626539662502165,70.994,1.724946073451995,0.0447636041067718
P2,accuracy,0.5,224,896.0,20,1.7628896711145856,0.1933219678220454,1.8489544251770564,0.04236902023194633,68.628,1.7261810159685722,0.040160845925710585
P2,accuracy,0.5,225,900.0,20,1.9114383067366507,0.17558782050326466,1.8492197118528657,0.045041485815581477,74.062,1.7267090548430368,0.04326796103409149
P2,accuracy,0.5,226,904.0,20,1.9177208292462455,0.14006443219729553,1.8524954207604647,0.04334810897239749,74.41499999999999,1.7306639153284937,0.041301195676172034
P2,accuracy,0.5,227,908.0,20,1.8620861669791053,0.2617292127259229,1.8517909675589987,0.0444951997260274,70.858,1.729501158971311,0.04192508350848896
P2,accuracy,0.5,228,912.0,20,1.8943081088559701,0.3253936486380364,1.8526693063555364,0.04795402538121591,69.936,1.7297048986990435,0.045906098574387544
P2,accuracy,0.5,229,916.0,20,1.8808513488261034,0.11707821877664575,1.855533233129745,0.04799276571343777,72.905,1.7319804654111728,0.04533724087339667
P2,accuracy,0.5,230,920.0,20,1.8470912352617472,0.28580922612155135,1.8578446950047702,0.051995322087651036,70.92999999999999,1.7343385905039945,0.04966195236902408
P2,accuracy,0.5,231,924.0,20,1.8438891707309206,0.21882475415411032,1.8553479671757345,0.053108870947594616,73.063,1.731419358794979,0.05144859116212661
P2,accuracy,0.5,232,928.0,20,1.9194453332210728,0.184770447469231,1.8569386051865309,0.05019101529930459,72.364,1.7336666445036546,0.048831371670010414
P2,accuracy,0.5,233,932.0,20,1.8129669397661208,0.23611957091685357,1.8553129636499492,0.05071610372873126,69.779,1.7325904597699702,0.0496872442957135
P2,accuracy,0.5,234,936.0,20,1.8764662853780631,0.20856265629600307,1.858353703589571,0.053151293157176975,71.356,1.7351156797923644,0.05245804510863177
P2,accuracy,0.5,235,940.0,20,1.8743649755600633,0.2292091245832429,1.8595440907336964,0.05129541105935964,72.663,1.7358944269985694,0.05049334191709913
P2,accuracy,0.5,236,944.0,20,1.8890122688880875,0.20780441434383967,1.8616757014695196,0.05917947813494938,71.362,1.737752421593679,0.05744129472822082
P2,accuracy,0.5,237,948.0,20,1.9231230955299208,0.2176083629155091,1.8650900590804684,0.0663095660620093,71.886,1.7408443787907633,0.06369634479192139
P2,accuracy,0.5,238,952.0,20,1.8283892026017259,0.15696915977983147,1.860401752193928,0.06369798234264594,72.0,1.736267711842143,0.06153805072772297
P2,accuracy,0.5,239,956.0,20,1.8465268173416338,0.20270917034901545,1.8611600638973766,0.05862637562533489,70.119,1.7362809123195184,0.05646468403245177
P2,accuracy,0.5,240,960.0,20,1.8788332833104904,0.18238484263181556,1.8625624826047562,0.062136021149906386,73.199,1.737209714886184,0.05978500722594385
P2,accuracy,0.5,241,964.0,20,1.90078876410491,0.2600524703108204,1.8613561630433098,0.06330580706853599,69.837,1.7354845644918353,0.06184458503544576
P2,accuracy,0.5,242,968.0,20,1.9254619629864411,0.21355942293445135,1.8661502485899466,0.06364185153556036,72.652,1.7399694415542506,0.06334325166995199
P2,accuracy,0.5,243,972.0,20,1.9493515077161068,0.11647697701475072,1.8713905497546708,0.05937912175914763,75.227,1.745282789796057,0.05909430791587808
P2,accuracy,0.5,244,976.0,20,1.9510217833083403,0.13538203734521756,1.8771718846649796,0.061386352038561874,75.727,1.7511658836303183,0.06107004600718212
P2,accuracy,0.5,245,980.0,20,1.8693034669167088,0.17031486107028906,1.8763467838635006,0.06425688274410475,72.041,1.749970063739341,0.0641269763978854
P2,accuracy,0.5,246,984.0,20,1.8625087319564237,0.21725341223478634,1.8797840410828741,0.0683342562847991,70.599,1.7537631926607322,0.06777671629489812
P2,accuracy,0.5,247,988.0,20,1.9061202715669043,0.197618547666195,1.8803413036395973,0.07062729662056086,72.791,1.754712695258842,0.07051982967540765
P2,accuracy,0.5,248,992.0,20,1.9497741872640806,0.2233460286657541,1.8833493486067368,0.0744123357111518,73.78299999999999,1.7574742839404152,0.07485013381893926
P2,accuracy,0.5,249,996.0,20,1.8990589936021505,0.20212559802420435,1.8887961215062394,0.0724221938698165,70.4,1.7626070889144132,0.07351781432531898
P2,accuracy,0.5,250,1000.0,20,1.918867085960213,0.19918267206478218,1.8890932726751821,0.07462569060189676,75.018,1.7629679752101015,0.07473997166842428
P2,accuracy,0.5,251,1004.0,20,1.9045280585170559,0.24857172634208763,1.8885655618460144,0.07421049609831629,70.311,1.7617198815563093,0.07360921714278348
P2,accuracy,0.5,252,1008.0,20,1.8626941015932055,0.1900884716011452,1.8885898792305784,0.07162434099945716,73.033,1.7613605983200766,0.07089999702334018
P2,accuracy,0.5,253,1012.0,20,1.8596938610499112,0.24213926727520016,1.887205309318336,0.06567629011590782,71.267,1.7613397635345802,0.06351292258615084
P2,accuracy,0.5,254,1016.0,20,1.872389059518601,0.15311665968424226,1.8868668177460357,0.0668291447007146,73.65,1.7615728705137546,0.06437211093625131
P2,accuracy,0.5,255,1020.0,20,1.900822287780762,0.19308746866369772,1.8890160598467964,0.06665138849655577,72.34700000000001,1.7638788637785088,0.06395377871982867
P2,accuracy,0.5,256,1024.0,20,1.9937960936323875,0.1900684049322733,1.8950123367628549,0.06111498866470998,73.236,1.7698309089304705,0.058836164981864614
P2,accuracy,0.5,257,1028.0,20,1.9328899293659227,0.17201098471033718,1.8955501206086491,0.06718911940634968,74.595,1.7702393083996477,0.06395538060309187
P2,accuracy,0.5,258,1032.0,20,1.9324746582863443,0.21304911336383653,1.900330429349458,0.06826165084324351,72.05499999999999,1.7741397930328517,0.06495817463864507
P2,accuracy,0.5,259,1036.0,20,1.8678769961933699,0.2061925429276225,1.8999868577820702,0.06650202802597303,72.49,1.7742816844763278,0.06264139138990821
P2,accuracy,0.5,260,1040.0,20,1.9284257708291654,0.1273152172756152,1.9021492895928342,0.06773353893153235,73.309,1.7765254923864195,0.06306465786293892
P2,accuracy,0.5,261,1044.0,20,1.8768779425579993,0.2394889657914785,1.901663916539631,0.06447686699434982,68.752,1.7757732802230248,0.06028570544975331
P2,accuracy,0.5,262,1048.0,20,1.8901419056379527,0.2622471035733347,1.900344668943952,0.06187228516199099,70.771,1.774430752751505,0.058654645480211834
P2,accuracy,0.5,263,1052.0,20,1.799752109036452,0.31588276901943835,1.8991991852013412,0.07131240707225599,67.284,1.772609893944228,0.06917033096694486
P2,accuracy,0.5,264,1056.0,20,1.9117157776684863,0.20378368004515848,1.9018067436144155,0.07447193779066864,71.966,1.7760772040386263,0.07216497007318722
P2,accuracy,0.5,265,1060.0,20,1.9201730812913786,0.19110708606240373,1.903460335533651,0.07585298694591909,73.24600000000001,1.7787845466045251,0.07335965198945282
P2,accuracy,0.5,266,1064.0,20,1.9380430485650322,0.14210086652764678,1.9049505069120556,0.07277224625131203,74.272,1.7805657164309383,0.06919947603390822
P2,accuracy,0.5,267,1068.0,20,1.9459090420279483,0.17405818125626396,1.9057683900737161,0.07327613097825278,75.598,1.7814037754849938,0.06907281256547351
P2,accuracy,0.5,268,1072.0,20,1.901314725459867,0.1913776638446229,1.9038469187834663,0.07595170920857167,72.684,1.7798140165589451,0.07069031681283294
P2,accuracy,0.5,269,1076.0,20,1.9327581156684506,0.1716681349084876,1.903116372077871,0.07234554249318516,73.114,1.7790035422796298,0.0669623285939506
P2,accuracy,0.5,270,1080.0,20,1.9185074056675568,0.19555639091864324,1.905084529627905,0.07244577398289714,72.94800000000001,1.7810430914489086,0.06676652607919131
P2,accuracy,0.5,271,1084.0,20,1.9683079353775703,0.13095254154024122,1.9093164977647508,0.07047061523991166,74.963,1.785063523113949,0.06440764707321414
P2,accuracy,0.5,272,1088.0,20,1.8685497640695772,0.23024673902070594,1.9078136774648577,0.06789973678892697,71.306,1.7832637033313863,0.06248893689268124
P2,accuracy,0.5,273,1092.0,20,1.8926797493986576,0.2192660432296336,1.9055298999502408,0.06826227534963142,73.065,1.7811999982430495,0.06334792461263758
P2,accuracy,0.5,274,1096.0,20,1.884048748767264,0.25428551509495595,1.9049294901568452,0.07427879538670468,71.67,1.7798345082634153,0.06983163809262019
P2,accuracy,0.5,275,1100.0,20,1.9925434881180883,0.14872594703665734,1.9078765462431602,0.07426897451814418,75.517,1.7823566290160522,0.07058553026685806
P2,accuracy,0.5,276,1104.0,20,1.8887325027875523,0.25906369164770865,1.9072447240139803,0.07739063197260997,70.862,1.782079902493028,0.0743016383169302
P2,accuracy,0.5,277,1108.0,20,1.9339303984153813,0.17208173535059357,1.9100941758868673,0.07858675621967476,72.775,1.7855649467094228,0.074982889153502
P2,accuracy,0.5,278,1112.0,20,1.8159708650479065,0.2616605109741724,1.9083452560467868,0.07491380656213488,70.414,1.784175778550667,0.07068167499595565
P2,accuracy,0.5,279,1116.0,20,1.9678528533988615,0.13717007085200522,1.9121638078019974,0.07565491610329556,73.408,1.7881530990591106,0.07065486258508541
P2,accuracy,0.5,280,1120.0,20,1.9680293038419923,0.1516768097895343,1.9148520884444467,0.07445869628253818,75.146,1.7912406037056985,0.06907976476032517
P2,accuracy,0.5,281,1124.0,20,1.9516856740618955,0.22534670253489866,1.9131676716616268,0.07946143694569745,73.34700000000001,1.7890423224634895,0.07379433796608659
P2,accuracy,0.5,282,1128.0,20,1.8896739122858282,0.2582101576312665,1.911439030978423,0.08010671525686129,71.44800000000001,1.7871840904714393,0.07406819246016848
P2,accuracy,0.5,283,1132.0,20,1.8828351662868879,0.2534972709288974,1.909453451298445,0.0823370341026899,71.34299999999999,1.7859823183444874,0.07605995400816859
P2,accuracy,0.5,284,1136.0,20,1.8171641770015943,0.2682183692637521,1.9074249385307738,0.0849861172907968,71.381,1.783521782814271,0.0796897600196113
P2,accuracy,0.5,285,1140.0,20,1.9390051646395008,0.21619616513645093,1.9078481142831873,0.08759691612323779,73.27799999999999,1.7835209026949823,0.08223520401187022
P2,accuracy,0.5,286,1144.0,20,1.9648834713031758,0.1662959554333344,1.9113683354329942,0.0889554369778166,74.118,1.7872397787852965,0.08355210745160582
P2,accuracy,0.5,287,1148.0,20,2.0180142097006337,0.12429765450619334,1.9164832275955015,0.08842805327907145,74.747,1.7914214065918803,0.08300863264850249
P2,accuracy,0.5,288,1152.0,20,2.0204085668518306,0.11806933849872175,1.9253094859081166,0.08855834485901386,74.982,1.800321591443554,0.0825067885074687
P2,accuracy,0.5,289,1156.0,20,1.9994247011725572,0.16886954283361788,1.9288178428482794,0.08826508702275875,73.52000000000001,1.8032658511255686,0.08226229753399265
P2,accuracy,0.5,290,1160.0,20,2.0172622154568343,0.14484212192134094,1.9327014082148977,0.08778850577050122,75.664,1.8064073057834442,0.08207282715135537
P2,accuracy,0.5,291,1164.0,20,1.8612140325173818,0.22205059446088232,1.9296282475729918,0.08777226179968856,69.21000000000001,1.8031989149294325,0.08325313533332977
P2,accuracy,0.5,292,1168.0,20,1.9162505973814785,0.23477696181103144,1.9284419097871328,0.08957673964931138,71.299,1.8018241136153794,0.08414698777919942
P2,accuracy,0.5,293,1172.0,20,1.9739345666073198,0.16720748993345122,1.9313467034330312,0.09071920687480295,74.799,1.8040909869301855,0.08529032581763997
P2,accuracy,0.5,294,1176.0,20,1.958045648095418,0.17582084401739745,1.9323582047301098,0.0927748552614551,74.459,1.8044576873995353,0.08728223820907971
P2,accuracy,0.5,295,1180.0,20,1.9366873413536934,0.17357719411287978,1.933085402157555,0.09188328791867698,74.473,1.8050944037095469,0.08587010684005453
P2,accuracy,0.5,296,1184.0,20,1.902193223683875,0.2222274932936609,1.9304408136898075,0.0937380652541854,73.696,1.8028327433328493,0.0876576380644554
P2,accuracy,0.5,297,1188.0,20,1.8947947006274788,0.25613614941734925,1.9314906111521233,0.09485036991710678,69.536,1.804201061229723,0.08876132203637309
P2,accuracy,0.5,298,1192.0,20,1.925481639745367,0.20151801841454617,1.9328026867659918,0.09571369041220855,73.306,1.8048915124255884,0.08903264490990571
P2,accuracy,0.5,299,1196.0,20,1.965074530957018,0.1704774315931113,1.9360437180535819,0.09640850231950525,74.372,1.808363014484001,0.08906925347088052
P2,accuracy,0.5,300,1200.0,20,1.8723876552853007,0.22705603042142294,1.9312374847402705,0.09463469228915057,72.652,1.804264541129303,0.08698104622880638
P2,accuracy,0.5,301,1204.0,20,1.9001646386909563,0.2972922184218648,1.931694770176407,0.09281048025004729,70.801,1.8042900107351236,0.08542810825680444
P2,accuracy,0.5,302,1208.0,20,1.9439192777759662,0.23187457042521367,1.93209432535083,0.09134026475543036,72.773,1.8044966533384141,0.08389166082515376
P2,accuracy,0.5,303,1212.0,20,1.9464658672302235,0.21217706832052363,1.9373141254381228,0.09279151128267632,73.42999999999999,1.8089288693594885,0.08467518842005088
P2,accuracy,0.5,304,1216.0,20,1.902493592238845,0.24420454781234602,1.934699754991722,0.09373502084280207,72.191,1.8054974270041382,0.0866877169154206
P2,accuracy,0.5,305,1220.0,20,1.9465819606536996,0.215112260153453,1.9338418612641903,0.09309924355241919,73.714,1.8042526217401345,0.08602589189661496
P2,accuracy,0.5,306,1224.0,20,1.9414101528675658,0.3157667283740233,1.9334308404164173,0.09597225260552186,70.438,1.8038862982539754,0.08965554408852787
P2,accuracy,0.5,307,1228.0,20,1.8779064063921163,0.22913798825819587,1.9329601401806689,0.093477855360017,69.965,1.8033317904652004,0.08715949410700177
P2,accuracy,0.5,308,1232.0,20,1.933869508243252,0.27566566573576035,1.9350015138589232,0.09911590994807348,72.622,1.8058577476923428,0.09263295936040132
P2,accuracy,0.5,309,1236.0,20,1.9530876182023982,0.1760816385929922,1.9404384515069555,0.09712439127159278,74.098,1.8111824763388231,0.09025144538722517
P2,accuracy,0.5,310,1240.0,20,1.9313221773012006,0.24468097160836869,1.9401311320134234,0.09591824523645,73.692,1.810971380332099,0.0895560687146801
P2,accuracy,0.5,311,1244.0,20,1.9730728668967,0.20819123203835138,1.9404587078371645,0.09550244670334057,73.249,1.8111725722965537,0.0905795796453081
P2,accuracy,0.5,312,1248.0,20,1.9742283221120194,0.19474368352330282,1.93870727233362,0.0972864085771148,74.034,1.8104119283087878,0.09192262690792749
P2,accuracy,0.5,313,1252.0,20,2.0522618793979346,0.14367842473775064,1.9399814048354638,0.09721431320660873,75.85499999999999,1.811492268777523,0.09102585990911499
P2,accuracy,0.5,314,1256.0,20,2.0198521361955732,0.15921620763320296,1.9407985022363845,0.09675639285121825,75.216,1.8127140221536115,0.09033073663387846
P2,accuracy,0.5,315,1260.0,20,1.8971107333962753,0.24166417999486509,1.9359924429539621,0.09373844793566748,72.059,1.8076467626642572,0.08806502024517893
P2,accuracy,0.5,316,1264.0,20,1.9796169934457442,0.25994541671413357,1.9407285613910967,0.09654935303801392,72.201,1.8117349762902173,0.0918203840912193
P2,accuracy,0.5,317,1268.0,20,1.9528496652333587,0.1546125614526231,1.942192524105172,0.09118623104132098,75.322,1.813568106102068,0.08726976465512426
P2,accuracy,0.5,318,1272.0,20,1.989406242603149,0.17909950570176766,1.9428113911450051,0.0898080595567517,75.184,1.8143421723141722,0.08617059921182074
P2,accuracy,0.5,319,1276.0,20,1.959784164483682,0.20435619699080526,1.9428809318005356,0.09019281845049741,72.506,1.8146688262650987,0.08789738804929567
P2,accuracy,0.5,320,1280.0,20,2.0140233236460374,0.16546386930726656,1.9459743710922293,0.0912718432756469,74.885,1.817813377817527,0.08861285340747063
P2,accuracy,0.5,321,1284.0,20,2.0087465236802857,0.15704086353285263,1.950236503092086,0.09075084004668584,74.208,1.8217576619125722,0.08778527000012849
P2,accuracy,0.5,322,1288.0,20,2.066859862894646,0.14440683342682914,1.9571191095827725,0.0893618871277072,74.808,1.8281405788016034,0.0867862459313671
P2,accuracy,0.5,323,1292.0,20,1.9651490253345496,0.20877838880943184,1.9587058050063397,0.08845651529742345,71.837,1.8303388106969762,0.08589333279379424
P2,accuracy,0.5,324,1296.0,20,2.0362898216568213,0.1223416383473212,1.961554416634332,0.08715810003067571,75.821,1.833440966039402,0.08454972675965333
P2,accuracy,0.5,325,1300.0,20,1.965152029158806,0.18977782405091856,1.965264991589272,0.09129950942346804,74.791,1.8370206046260027,0.08801797413189548
P2,accuracy,0.5,326,1304.0,20,1.9744681158479183,0.14344190626092482,1.9682371306755506,0.08843023545558758,75.66799999999999,1.8404038145865698,0.08585779959564352
P2,accuracy,0.5,327,1308.0,20,2.024450456518994,0.11839336115048305,1.9714583778252717,0.08649443560771307,75.678,1.843471621487972,0.08432483185428076
P2,accuracy,0.5,328,1312.0,20,1.9760418359771914,0.15493183694863222,1.9726414165751507,0.08624691894221227,75.40299999999999,1.8453315872942402,0.0842683818954336
P2,accuracy,0.5,329,1316.0,20,2.0311606862904434,0.118735690425244,1.9777881003372144,0.085575901200865,74.815,1.8511706145638052,0.08345004948094913
P2,accuracy,0.5,330,1320.0,20,1.969846551293416,0.17265310042105234,1.978718683962803,0.08497005489868624,74.283,1.8520284615106561,0.08419231270483814
P2,accuracy,0.5,331,1324.0,20,1.9832730223656074,0.23325937989524614,1.9803931987427248,0.08277105579698948,74.367,1.8540164786185653,0.08176781730300349
P2,accuracy,0.5,332,1328.0,20,1.9758458282697913,0.15546861425268368,1.9843107756178315,0.08589195830488223,75.223,1.8575079820327307,0.08405375692413956
P2,accuracy,0.5,333,1332.0,20,1.9146296538369831,0.3098582979150016,1.983541181441581,0.08577335021208334,69.878,1.8559839646800704,0.08394231997910566
P2,accuracy,0.5,334,1336.0,20,1.934202142366765,0.15304294273791502,1.9827857624081555,0.08499903453578057,74.41499999999999,1.8553076972245033,0.08350160041912086
P2,accuracy,0.5,335,1340.0,20,1.9879162466911047,0.1736488496392345,1.9850495251837519,0.08375409524769323,74.731,1.8577823239421583,0.0822276844107354
P2,accuracy,0.5,336,1344.0,20,1.9833749569909371,0.17854211660163927,1.9854616087875214,0.07947414774172759,74.2,1.857748623790108,0.0774775855665106
P2,accuracy,0.5,337,1348.0,20,1.9825396105507074,0.1607867093924405,1.985794060325069,0.07890356923055235,75.103,1.8577677799318977,0.07684101547098404
P2,accuracy,0.5,338,1352.0,20,1.9919327372591358,0.18701498489328747,1.983380894639517,0.07940792598859969,72.697,1.8552057265070805,0.07708790844045145
P2,accuracy,0.5,339,1356.0,20,1.973754513230881,0.22088374614745027,1.9815369897209294,0.07841340022507204,73.113,1.8530111749252751,0.07716170627227525
P2,accuracy,0.5,340,1360.0,20,2.0057502137583976,0.17742728463916704,1.985882568935414,0.08187025292790777,74.566,1.857690225427913,0.07989007546839362
P2,accuracy,0.5,341,1364.0,20,1.8863586301567914,0.25828378648755457,1.982152234403856,0.08550466653817441,70.397,1.8554654263334993,0.08317422491790223
P2,accuracy,0.5,342,1368.0,20,1.995694204606646,0.16802777238406144,1.9838660159787875,0.08659822780051848,75.232,1.8571374075980323,0.08422706419350122
P2,accuracy,0.5,343,1372.0,20,1.9423594069922365,0.24240081743637829,1.9819841425543512,0.08668617461958408,72.233,1.8545559997711123,0.08500964068361411
P2,accuracy,0.5,344,1376.0,20,2.0388505104373067,0.16066305956347993,1.985146796392496,0.08780870293541533,75.917,1.8574901486946171,0.0856640749904022
P2,accuracy,0.5,345,1380.0,20,1.9436704307550183,0.19603088710154046,1.9823326806768553,0.08280267672104583,71.52799999999999,1.854896881401118,0.08092841221102579
P2,accuracy,0.5,346,1384.0,20,1.9519256560532046,0.2432943028796087,1.980059845971772,0.08299437492420422,70.25399999999999,1.8522269437472505,0.08102320695635366
P2,accuracy,0.5,347,1388.0,20,1.9683418479660493,0.21914243937202385,1.9761191253746282,0.08562087549782128,74.50399999999999,1.8486085200978564,0.08344085453514251
P2,accuracy,0.5,348,1392.0,20,2.0171395525813614,0.1306286919648559,1.9781987464645006,0.08573303649502859,75.241,1.8506231644676046,0.08341042059312608
P2,accuracy,0.5,349,1396.0,20,2.0242701321889647,0.1364255495240929,1.9777179588857863,0.08541570989920848,75.502,1.8506530338987197,0.08237780093670924
P2,accuracy,0.5,350,1400.0,20,2.017476706745899,0.14351924429963478,1.97981094598927,0.08304788032329065,75.46000000000001,1.852515084633864,0.08028082465134057
P2,accuracy,0.5,351,1404.0,20,1.9190054413015942,0.1774719239966187,1.977592439007417,0.08506971360079116,74.14,1.8503748497678931,0.08125267742338245
P2,accuracy,0.5,352,1408.0,20,2.065805252489689,0.12455446002733929,1.979246630846245,0.08555198144607352,75.05199999999999,1.8515545460040308,0.08231931656623658
P2,accuracy,0.5,353,1412.0,20,2.0594781452619304,0.12816155748297742,1.9825840832176347,0.08463370924250666,75.841,1.8541943263630043,0.08100381488740929
P2,accuracy,0.5,354,1416.0,20,1.9798377543318324,0.23040764254518156,1.98053116593929,0.08504149401304704,72.795,1.8518512900986277,0.08071001290499882
P2,accuracy,0.5,355,1420.0,20,2.004946097903416,0.16738589712620125,1.98193514780369,0.0864845246840298,75.852,1.8528622559257801,0.08154249130905004
P2,accuracy,0.5,356,1424.0,20,2.000946584247836,0.19464117381390264,1.9826420902789792,0.08783943287420594,72.42999999999999,1.8535784068852905,0.0839462484486516
P2,accuracy,0.5,357,1428.0,20,2.0281649878961043,0.11496516583658573,1.9847348566640317,0.08633229359110403,75.40299999999999,1.8563586538704466,0.08261488719512758
P2,accuracy,0.5,358,1432.0,20,2.0189077421851396,0.1641909254592895,1.988905980197958,0.08267687810078092,74.088,1.8608586961834728,0.07840490716752817
P2,accuracy,0.5,359,1436.0,20,1.9858656515052302,0.14178132987094627,1.9909725205634967,0.08326230181927573,74.392,1.8626112686235068,0.07922323777824239
P2,accuracy,0.5,360,1440.0,20,1.9429136732662706,0.17485867034935115,1.9891724176265033,0.08338687603210959,73.644,1.8610251336120178,0.07923080780399654
P2,accuracy,0.5,361,1444.0,20,2.0182240909312577,0.16920646037548195,1.990566382984116,0.08495269514505062,75.487,1.862013770464716,0.08078648981505687
P2,accuracy,0.5,362,1448.0,20,1.9869996891937145,0.16280039806226612,1.9907447861298362,0.08471767871173377,74.223,1.8628300939415279,0.08097024295765033
P2,accuracy,0.5,363,1452.0,20,1.9988849894444776,0.16886494309944164,1.9910228762172497,0.08495217604102918,73.982,1.8635228244841926,0.08100188563490629
P2,accuracy,0.5,364,1456.0,20,1.9929344246592184,0.23035111889094054,1.9917900726743833,0.08366186136534366,71.646,1.8641001088875235,0.08010284934159832
P2,accuracy,0.5,365,1460.0,20,2.034841075311832,0.13715948596187683,1.9929537071365206,0.0839676524341638,74.546,1.8656930242601628,0.08051166725501398
P2,accuracy,0.5,366,1464.0,20,2.0060477725197905,0.19362737590088785,1.9977412728310409,0.08539429230309548,75.318,1.8693968858677714,0.08150682252486834
P2,accuracy,0.5,367,1468.0,20,2.002624819688089,0.18158586835802776,1.9980184974342987,0.08780803172174534,75.69,1.8695251192656486,0.08418095543567733
P2,accuracy,0.5,368,1472.0,20,1.935210937120059,0.26904373456382114,1.9977325586394112,0.0878723539854022,72.38,1.8698726517589148,0.08423482315820872
P2,accuracy,0.5,369,1476.0,20,2.069684819156831,0.10959599235764442,1.9989659309881922,0.08699563486534771,75.594,1.8710588952923828,0.08346709028321353
P2,accuracy,0.5,370,1480.0,20,2.036128726360489,0.209935845602346,2.002664262812411,0.09115119343715813,74.226,1.8742789550007195,0.08788215829228112
P2,accuracy,0.5,371,1484.0,20,2.055904336961324,0.14678661014951694,2.006823410048736,0.09026700111266037,75.299,1.878670900995451,0.08759152892564541
P2,accuracy,0.5,372,1488.0,20,2.06412527270954,0.16570459766235285,2.0106547470384752,0.08909616770565859,74.979,1.8826341572816208,0.08572124665924542
P2,accuracy,0.5,373,1492.0,20,1.945865210056016,0.2418886154833535,2.0078037733374616,0.08929738448072552,72.34400000000001,1.8796195519199759,0.0857793046960973
P2,accuracy,0.5,374,1496.0,20,1.9776616276976884,0.18883059892910575,2.0059394331578106,0.0861315422337693,73.72200000000001,1.8773543322783488,0.0830043700255955
P2,accuracy,0.5,375,1500.0,20,2.053922736411006,0.1683374478099885,2.007397274344415,0.0874271697168559,76.685,1.8787742531338616,0.08387887130972632
P2,accuracy,0.5,376,1504.0,20,1.9234007435922624,0.18123853957464361,2.0075730864360417,0.0885337103820688,73.36,1.8781336658462848,0.08614360870130777
P2,accuracy,0.5,377,1508.0,20,2.037124654273367,0.13293011979556388,2.0064258625073887,0.08899071903930508,75.509,1.8778578335368767,0.0864282441455953
P2,accuracy,0.5,378,1512.0,20,2.034643751026696,0.20242658018944118,2.0054324867379796,0.08952492225946057,74.309,1.8768309864793142,0.08703978597636354
P2,accuracy,0.5,379,1516.0,20,2.0479218955718923,0.1821781937849871,2.008155852387582,0.08972020986459192,74.826,1.8792598875660609,0.08809327345915341
P2,accuracy,0.5,380,1520.0,20,2.0722501032738285,0.11436609877143392,2.0108480126023984,0.08847275483670666,75.715,1.8824427358305411,0.08694483397990972
P2,accuracy,0.5,381,1524.0,20,2.0339948589055705,0.12476743197908116,2.0121699435887077,0.08870409852173253,75.94800000000001,1.8845144340180924,0.08607978670233045
P2,accuracy,0.5,382,1528.0,20,2.0423558875165737,0.09650763947075051,2.0127375795735265,0.08917336470525918,74.217,1.8844851739863564,0.08698017869359158
P2,accuracy,0.5,383,1532.0,20,2.064002418373883,0.14398103534702145,2.014541366621076,0.08854939761774946,76.09299999999999,1.8854812010752924,0.0870961716971101
P2,accuracy,0.5,384,1536.0,20,2.037354765553721,0.20099971297489566,2.016600931183016,0.0913048397371934,74.084,1.887144438684309,0.08973462075673193
P2,accuracy,0.5,385,1540.0,20,2.0744057633810047,0.20503363439713138,2.021860614787605,0.09323677463809017,74.749,1.891476082971775,0.09160072298082045
P2,accuracy,0.5,386,1544.0,20,2.0157129349976044,0.1371413742636165,2.0217601685502595,0.09386688534204095,75.853,1.8921686527716766,0.09183284606607843
P2,accuracy,0.5,387,1548.0,20,2.0443559590798355,0.12165374305167392,2.024054419345704,0.09377903651261127,75.64099999999999,1.8939505910994545,0.09187664064336923
P2,accuracy,0.5,388,1552.0,20,2.027236538844339,0.15519738151416562,2.0251884813216985,0.0926283270233397,75.701,1.8951157963760181,0.0917754696242778
P2,accuracy,0.5,389,1556.0,20,2.020709245193234,0.18312716299848703,2.026299474143059,0.09289192130879276,74.464,1.897104595715744,0.09180079869554246
P2,accuracy,0.5,390,1560.0,20,2.0346259069142003,0.17613634359921623,2.026290867407154,0.09406618674353094,73.797,1.8967579651826323,0.09329328074317479
P2,accuracy,0.5,391,1564.0,20,2.0120970558816773,0.18560448272377156,2.0265328387416295,0.09199688444687003,75.501,1.8969595847323173,0.09171902724087073
P2,accuracy,0.5,392,1568.0,20,2.0250117423487968,0.14975975716596027,2.0274283156480575,0.08932155136382525,75.732,1.8981536131131378,0.08835976647137078
P2,accuracy,0.5,393,1572.0,20,2.018244943391414,0.18243547303595334,2.0307496758989116,0.08971120619590582,74.223,1.901438501558508,0.08769941916749249
P2,accuracy,0.5,394,1576.0,20,2.045978509033776,0.14166912527978537,2.0298014234939896,0.08961946516478438,76.274,1.9006971296502235,0.0873609475441781
P2,accuracy,0.5,395,1580.0,20,1.986595511863498,0.20538955499287753,2.02782009491411,0.08982702246085349,74.245,1.8988266650124028,0.08713622771527432
P2,accuracy,0.5,396,1584.0,20,1.99719470203591,0.23131771627505188,2.0254717095170935,0.08970503014040097,72.678,1.8964309438678435,0.08717119411119506
P2,accuracy,0.5,397,1588.0,20,2.0720689704645534,0.13533447983038452,2.025789457427294,0.09187485257217048,75.806,1.8967890435628345,0.08938712318563444
P2,accuracy,0.5,398,1592.0,20,2.0134069289972136,0.18433682525925585,2.0284911261849414,0.08989468069981535,75.005,1.8993720884198098,0.08691546907996664
P2,accuracy,0.5,399,1596.0,20,2.0852888515251236,0.10233581772297995,2.032796215138039,0.0935846992891791,76.02000000000001,1.90346186438791,0.09084079021837925
P2,accuracy,0.5,400,1600.0,20,2.074587951094915,0.10293266867876605,2.0336228237253957,0.09248358111737637,75.286,1.9039349292608327,0.09054379198034607
P2,accuracy,0.5,401,1604.0,20,2.059427800739424,0.12134027436620738,2.039063906011282,0.09170374098469569,75.808,1.910037418685881,0.08942801312164754
P2,accuracy,0.5,402,1608.0,20,2.035380111942674,0.10222756526403091,2.0389941243180543,0.09021649700962675,75.667,1.9099010048146916,0.08790980990450183
P2,accuracy,0.5,403,1612.0,20,2.0164842306078414,0.1868788089685884,2.0382677435013,0.0881744374507795,73.352,1.9092575520889876,0.08546061129396429
P2,accuracy,0.5,404,1616.0,20,2.0538829244102343,0.10545387828707022,2.038506184654834,0.0864159700074858,75.623,1.9096975452342442,0.083325448067382
P2,accuracy,0.5,405,1620.0,20,2.0411216813167554,0.1618803673517499,2.0372610477765507,0.0865445675531809,75.174,1.9088477523807932,0.08330145168031998
P2,accuracy,0.5,406,1624.0,20,2.0355700939496737,0.17587856775528127,2.037324057178315,0.08727364349533816,75.503,1.9081555626102862,0.08417399850662667
P2,accuracy,0.5,407,1628.0,20,2.062743331271796,0.11269149847171757,2.038139554928524,0.08857730204810646,76.277,1.9091029796569252,0.08508604950195986
P2,accuracy,0.5,408,1632.0,20,2.06992123640505,0.14210171202467625,2.038376307649771,0.08829734860010538,75.84400000000001,1.9103443883533402,0.08434129081680254
P2,accuracy,0.5,409,1636.0,20,2.0959438519697193,0.1172204328009513,2.0407198711064103,0.0859417958247362,76.342,1.9123872792802339,0.08243980962604529
P2,accuracy,0.5,410,1640.0,20,2.046884261420071,0.21221203299824895,2.0396190110279733,0.08436417641344296,73.58,1.9117880746596339,0.0803827442309424
P2,accuracy,0.5,411,1644.0,20,2.0643715733709675,0.16450513940090497,2.041565356562908,0.08478022823225052,76.314,1.9136050358179517,0.08171296869400084
P2,accuracy,0.5,412,1648.0,20,2.0346152903422707,0.1442805974612864,2.0411757298134052,0.08413671933860478,74.907,1.9133735052919358,0.08099365409128718
P2,accuracy,0.5,413,1652.0,20,2.007886301111565,0.21286380550775955,2.040401720304094,0.08549327561053444,74.444,1.91301646422546,0.08215311242420419
P2,accuracy,0.5,414,1656.0,20,2.0003474271997628,0.17883317965660464,2.0395872475843553,0.08506589680486704,74.346,1.9122375838492285,0.08140501304077753
P2,accuracy,0.5,415,1660.0,20,2.0318288913118536,0.15476906521033956,2.0394753669602617,0.08387271859719755,74.90299999999999,1.9121010782898011,0.07965225447686448
P2,accuracy,0.5,416,1664.0,20,2.068079299753569,0.12183710917484562,2.041714656715137,0.08299208902018256,75.42,1.9146852723385206,0.07877783236526326
P2,accuracy,0.5,417,1668.0,20,2.02158562594656,0.18335407129485012,2.0415776120590476,0.0841518129750011,74.155,1.9143535561873457,0.08072515839268991
P2,accuracy,0.5,418,1672.0,20,1.96547702061508,0.26762827659887484,2.0394668951479944,0.08475626962343345,72.953,1.9123535997522363,0.08170640232911863
P2,accuracy,0.5,419,1676.0,20,2.0972065813804313,0.11885452624103474,2.0415160180418606,0.08479746610728105,75.509,1.9141445229565008,0.08153646134976433
P2,accuracy,0.5,420,1680.0,20,2.062413553986935,0.1464912828537844,2.0445487397267983,0.084523512023737,75.48400000000001,1.917319148417952,0.08116461542508685
P2,accuracy,0.5,421,1684.0,20,2.0423925230192213,0.14312143739301653,2.0463566525661303,0.0841769021986135,76.16,1.9193256127316762,0.08067738592518507
P2,accuracy,0.5,422,1688.0,20,2.0367274858079947,0.2145625886315627,2.0449429931798684,0.08511928228687739,74.44,1.9181064179082696,0.08191231560412995
P2,accuracy,0.5,423,1692.0,20,2.048601639931378,0.22048060131686004,2.046350781617235,0.08925438350279187,73.95599999999999,1.9191158618034738,0.08597245740996085
P2,accuracy,0.5,424,1696.0,20,2.0636296573639035,0.13066521256847488,2.0454844138507857,0.09026912460619277,75.87100000000001,1.9179075902605116,0.08596496257876829
P2,accuracy,0.5,425,1700.0,20,2.074390631992499,0.13388181243564098,2.045476521086689,0.09114939705658615,76.577,1.918034513844061,0.08619761762456207
P2,accuracy,0.5,426,1704.0,20,2.003585786166878,0.17286153852142755,2.0432428405037877,0.08997152575815115,76.041,1.9160380810625042,0.08520741297367788
P2,accuracy,0.5,427,1708.0,20,1.9948687830246912,0.22999105093678757,2.041622387347068,0.09165102352797401,73.793,1.9140408043155108,0.08663616347464023
P2,accuracy,0.5,428,1712.0,20,2.0123252280069543,0.19109664762078946,2.0414560272430324,0.09350398628346392,73.452,1.913682204170089,0.08777742671929674
P2,accuracy,0.5,429,1716.0,20,2.0940350242409744,0.09094251432457907,2.0430621112362624,0.09319502437480015,75.806,1.9150061360681296,0.08718598619930416
P2,accuracy,0.5,430,1720.0,20,2.0218586096028424,0.2387428950787667,2.0422915883677057,0.09787327957072013,73.34,1.9132617901266298,0.09213053269243371
P2,accuracy,0.5,431,1724.0,20,2.056543092308522,0.12130189959272579,2.0431305083020597,0.09541688931328778,76.151,1.9140845176140098,0.09007566734041894
P2,accuracy,0.5,432,1728.0,20,2.0402790881490467,0.166298610810818,2.04223193857715,0.09636477973720536,74.439,1.9127430611844958,0.0901991293241128
P2,accuracy,0.5,433,1732.0,20,2.081353755787988,0.1452832042711128,2.042689239352467,0.09697879679125851,76.49600000000001,1.9121514742205477,0.09101505376822086
P2,accuracy,0.5,434,1736.0,20,2.082903349705787,0.10221688030883351,2.04216761926191,0.09672132657578089,76.202,1.9126307335919666,0.09043361931680614
P2,accuracy,0.5,435,1740.0,20,2.047159441230902,0.15582768019180493,2.0421786264543433,0.0980939664943383,75.215,1.912842620246376,0.09147854497193535
P2,accuracy,0.5,436,1744.0,20,2.0735062707771146,0.13199114437008475,2.0425440143505886,0.09776668183796673,76.05,1.912777744304029,0.09081885716196565
P2,accuracy,0.5,437,1748.0,20,2.0445523140878805,0.14798131451521263,2.0429414953004135,0.09773242816388521,76.337,1.913382985212467,0.09056961345932935
P2,accuracy,0.5,438,1752.0,20,2.101385066409118,0.16624091709639646,2.0466814459123155,0.09581669397980572,74.776,1.9163206078367854,0.0890268129244253
P2,accuracy,0.5,439,1756.0,20,2.0541934103686126,0.14429530984937844,2.048835285239069,0.09697051741236833,74.908,1.9185380788241702,0.08941187305192978
P2,accuracy,0.5,440,1760.0,20,2.052185112952779,0.1600568914337737,2.0496495341047067,0.09709238797471172,75.761,1.918969296132642,0.08985707808497763
P2,accuracy,0.5,441,1764.0,20,2.0861159703184424,0.13775364502348333,2.0503710009273015,0.09751311808098334,75.701,1.9198195782682224,0.0901688585946544
P2,accuracy,0.5,442,1768.0,20,2.1148392772502502,0.11153692519451106,2.0541011469794492,0.09699135490769942,76.647,1.9231366358568416,0.08916416385570922
P2,accuracy,0.5,443,1772.0,20,2.044581396531762,0.24289928450684947,2.0572653220161166,0.09439135383826035,73.78999999999999,1.925779962471367,0.08635707477230896
P2,accuracy,0.5,444,1776.0,20,2.041292741113744,0.15977342603610123,2.0550287684054487,0.09470515127384203,75.924,1.9234180079295047,0.08695846087192996
P2,accuracy,0.5,445,1780.0,20,1.989773562658718,0.2360224291690288,2.05212316875232,0.09808879972208889,73.151,1.9206363606819632,0.09102818604465528
P2,accuracy,0.5,446,1784.0,20,2.041477395259787,0.18116361931492908,2.0520865636419425,0.09966195063990459,73.717,1.920573268246185,0.09272158490785136
P2,accuracy,0.5,447,1788.0,20,2.0165791152070165,0.1725709653836001,2.0512806288179037,0.0977291873693823,76.37,1.9199177731531338,0.09039723819436447
P2,accuracy,0.5,448,1792.0,20,2.097943012859848,0.09478873084048149,2.0532542837350425,0.09313763908919549,75.43100000000001,1.9225379878219542,0.08583869344353208
P2,accuracy,0.5,449,1796.0,20,2.093485469718522,0.09949484009455054,2.054448516229227,0.09231247104714702,76.279,1.9240966279726313,0.08568077541642134
P2,accuracy,0.5,450,1800.0,20,2.0674539791343336,0.1326440740916354,2.0541710501149004,0.09245649998946578,75.522,1.9245122813616675,0.08638383433446288
P2,accuracy,0.5,451,1804.0,20,2.0769162940666717,0.16617709335343878,2.057104270430892,0.09422056125392132,74.465,1.9268420872958694,0.08824299344485073
P2,accuracy,0.5,452,1808.0,20,2.123050450557114,0.10223804452379769,2.062231537132189,0.09195738240409165,76.503,1.9314266742247912,0.08607175159521507
P2,accuracy,0.5,453,1812.0,20,2.0415196742935873,0.15882861880461038,2.0633993149836547,0.09104795560539967,74.088,1.933034027865186,0.08587485828727208
P2,accuracy,0.5,454,1816.0,20,2.086808254322645,0.1186361289532409,2.0631102441869213,0.09131087268025331,75.637,1.932780652878075,0.08600115136189646
P2,accuracy,0.5,455,1820.0,20,2.0359220247576504,0.22107903375965457,2.0636727807931137,0.08902274925510986,74.09400000000001,1.934055812350279,0.08390943611590577
P2,accuracy,0.5,456,1824.0,20,2.063309601117056,0.12994498895184858,2.0639434411454554,0.08928176404939925,75.619,1.9343947603384195,0.08390374316117404
P2,accuracy,0.5,457,1828.0,20,2.106505896020574,0.0971599041122242,2.0665925134603165,0.09007019811867213,76.41,1.937761008028345,0.08518088290028818
P2,accuracy,0.5,458,1832.0,20,2.0668344198717543,0.10936628722804743,2.066011740023667,0.0880343279765215,76.458,1.9378361062937135,0.08361829011326201
P2,accuracy,0.5,459,1836.0,20,2.1140117187770198,0.09664452907875781,2.067256074786516,0.08867053217805221,76.44,1.9380332087751349,0.08454206074773395
P2,accuracy,0.5,460,1840.0,20,2.078442317534147,0.13374287817904146,2.068507389838646,0.08719311114150008,76.52799999999999,1.9391820923735659,0.08385813662172512
P2,accuracy,0.5,461,1844.0,20,2.092809002732417,0.10325569256321179,2.069279499116858,0.08698496332523507,76.452,1.9403294732503293,0.08329620217192918
P2,accuracy,0.5,462,1848.0,20,2.04453157347766,0.1257001864366473,2.069278669492449,0.08614790930399674,76.485,1.9402775313651859,0.08296771853944052
P2,accuracy,0.5,463,1852.0,20,2.092724062094972,0.10152836204710304,2.0689322293198833,0.08620066848125017,76.021,1.9400698909856877,0.08279191741235983
P2,accuracy,0.5,464,1856.0,20,2.0130606269984606,0.174479474666967,2.067286917985077,0.08450796711661983,76.135,1.9381407720978554,0.08148840775182535
P2,accuracy,0.5,465,1860.0,20,2.0468264584296936,0.10209227675383505,2.067072571804154,0.08228063910205959,75.925,1.9381963690105688,0.07949372695571595
P2,accuracy,0.5,466,1864.0,20,2.109008488749162,0.08530343523308262,2.0679882725413825,0.07998296766335049,76.477,1.9383779259298979,0.07812601082793165
P2,accuracy,0.5,467,1868.0,20,2.054537112553224,0.20055384785714198,2.0655761859535016,0.08134639083636756,74.482,1.9358688398593475,0.08010336851052624
P2,accuracy,0.5,468,1872.0,20,2.0920172998918685,0.12723336505885996,2.0674736220879057,0.082611915042407,76.223,1.9374229236916307,0.08115361461424195
P2,accuracy,0.5,469,1876.0,20,2.098043405964052,0.09363340487759432,2.0697436486819183,0.08247698610938327,76.36,1.9403316466125957,0.08132536089130496
P2,accuracy,0.5,470,1880.0,20,2.0494501043277316,0.15577741123534794,2.0721307103486786,0.08009814791167695,75.749,1.9430451956047574,0.0791130685042116
P2,accuracy,0.5,471,1884.0,20,2.0719253491460603,0.15140726635981794,2.0733486285041294,0.08024793307609213,76.018,1.9439531292801255,0.07957092538097192
P2,accuracy,0.5,472,1888.0,20,2.076436180586374,0.12984987750221902,2.075742911119304,0.08029973955844347,76.185,1.9459715712331167,0.08018238395435542
P2,accuracy,0.5,473,1892.0,20,2.018739650292237,0.20372039813581205,2.0725747766165994,0.08373567379790187,74.424,1.9427078857733506,0.08361250865019419
P2,accuracy,0.5,474,1896.0,20,2.0944990757633315,0.10421931605918192,2.072615320858392,0.08389585362128225,76.535,1.9428996457419925,0.08347053566491275
P2,accuracy,0.5,475,1900.0,20,2.1134574689942167,0.08738381699455079,2.074455460452787,0.08227356252448699,75.471,1.9435226099613232,0.08227149213977981
P2,accuracy,0.5,476,1904.0,20,2.1056642259778786,0.10387683082991118,2.0756053777292354,0.08249160445212138,76.28200000000001,1.944402998008594,0.0822352001834322
P2,accuracy,0.5,477,1908.0,20,2.0455711119827207,0.10504272795956746,2.0725062041862596,0.08157189535979453,75.663,1.9423706635758093,0.08171390274188
P2,accuracy,0.5,478,1912.0,20,2.095735684708754,0.09521050677688474,2.0746748446028667,0.08095122207905826,76.259,1.9445323200296643,0.08180796455660966
P2,accuracy,0.5,479,1916.0,20,2.071244138385675,0.08906771579536273,2.0740522799653873,0.08065127535284737,75.854,1.944337587777079,0.08232974835211253
P2,accuracy,0.5,480,1920.0,20,2.0856707542852564,0.10523415877136862,2.0760422291464917,0.07823610061095784,75.524,1.946380977206502,0.0802692457616331
P2,accuracy,0.5,481,1924.0,20,2.0877882098109444,0.10333519749115455,2.0770213734942473,0.08011295725194711,76.176,1.947545274166777,0.08221522825201577
P2,accuracy,0.5,482,1928.0,20,2.0993686190955154,0.10298190805630016,2.0767358824172453,0.08013119152286176,76.003,1.9471435906428014,0.08221205766066185
P2,accuracy,0.5,483,1932.0,20,2.1215096563883837,0.08507580495282507,2.07892289187791,0.07973974217828643,76.421,1.9492135281945164,0.08126952429191016
P2,accuracy,0.5,484,1936.0,20,2.103319337119026,0.08924405664593596,2.0784951966115903,0.07948391817424003,76.279,1.9495346172013472,0.08118289916866314
P2,accuracy,0.5,485,1940.0,20,2.069329128932461,0.12258673282288514,2.078130669067523,0.08025327671941042,75.783,1.9492584497193595,0.08131459496263545
P2,accuracy,0.5,486,1944.0,20,2.1071893848324956,0.07898454992430842,2.078705884351526,0.07944865517910293,76.295,1.9494497539842215,0.0812091491092536
P2,accuracy,0.5,487,1948.0,20,2.0947775011334886,0.1172298326088221,2.0807157214577594,0.08063564969722611,75.963,1.9515425191815048,0.08207854139263919
P2,accuracy,0.5,488,1952.0,20,2.072571707534807,0.11262003094825594,2.079909627275353,0.08055416860269271,75.936,1.9512110240679033,0.08278565084619861
P2,accuracy,0.5,489,1956.0,20,2.0791251589233863,0.16691037351993257,2.08255220855235,0.07946513113217132,74.63199999999999,1.9535697977918738,0.08240166783268468
P2,accuracy,0.5,490,1960.0,20,2.0687377217112433,0.18365869666349033,2.0834286590836113,0.07991073464640522,74.526,1.9544801852088056,0.0831169830337034
P2,accuracy,0.5,491,1964.0,20,2.101802001625795,0.10772276837566214,2.083140399598677,0.08205936924857514,76.235,1.954174853814921,0.08462421504145828
P2,accuracy,0.5,492,1968.0,20,2.077556784598462,0.12392488214510675,2.0840611864804868,0.08114933956355275,75.977,1.9555926401794,0.08306646392464641
P2,accuracy,0.5,493,1972.0,20,2.1159102195485557,0.12362213290885561,2.0850169032667543,0.08049841809558746,76.24600000000001,1.9561972447049327,0.08218144671621944
P2,accuracy,0.5,494,1976.0,20,2.113464466909418,0.09103340010412181,2.085633745704569,0.08024080339916319,76.17999999999999,1.9563791673289868,0.08182028261872541
P2,accuracy,0.5,495,1980.0,20,2.0750743060637014,0.1369907827893366,2.086658713774008,0.07811905145061541,76.316,1.95705524765916,0.0798904244655014
P2,accuracy,0.5,496,1984.0,20,2.112345488493688,0.08853848939939227,2.0882755193479126,0.07556589712689611,75.616,1.9590899011378764,0.07791536800373407
P2,accuracy,0.5,497,1988.0,20,2.082372010573857,0.12019381122933956,2.088512952547412,0.07525102762739118,74.978,1.9591481827595174,0.07725065440570111
P2,accuracy,0.5,498,1992.0,20,2.087096869120159,0.11780349463405808,2.0912472413005285,0.07426790941513899,76.12100000000001,1.961503423400891,0.07554692207249138
P2,accuracy,0.5,499,1996.0,20,2.0804868019178597,0.1439248376152264,2.09068675034671,0.07483392689342037,76.28999999999999,1.9609148931299483,0.07655340212161495
P2,accuracy,0.5,500,2000.0,20,2.091479905206737,0.08907018837048274,2.0898076477952108,0.07489169852888986,75.61699999999999,1.9609258060983663,0.0768840678132168
P2,accuracy,0.5,501,2004.0,20,2.1106296164512965,0.07700145453876751,2.090006263414147,0.07347792924793393,76.25,1.961765549497955,0.07615071871407972
P2,accuracy,0.5,502,2008.0,20,2.104810607128864,0.09711898357855935,2.092375843219993,0.07475402469994448,76.036,1.9637628582225797,0.07721277675939524
P2,accuracy,0.5,503,2012.0,20,2.0828368549939174,0.1543378817230356,2.0918598900314,0.07693928830929295,76.172,1.962988032814638,0.07844521182114626
P2,accuracy,0.5,504,2016.0,20,2.1192896968809647,0.09154864251680285,2.0937817123712112,0.07713757623314156,76.348,1.9645478789516564,0.07774207709764985
P2,accuracy,0.5,505,2020.0,20,2.071743195340991,0.17556280467254742,2.093224610013441,0.07922005043142329,74.681,1.9637117284821421,0.07945289326898251
P2,accuracy,0.5,506,2024.0,20,2.1018616747350847,0.09521489481604822,2.0937875486104063,0.07796521262928467,76.44500000000001,1.9644088108970075,0.07857719973952045
P2,accuracy,0.5,507,2028.0,20,2.09822566412456,0.1019829535734177,2.093741830411568,0.07730501797436874,76.08099999999999,1.9645878210996177,0.07844296382102219
P2,accuracy,0.5,508,2032.0,20,2.0678188613670505,0.16921965707441217,2.0915941986107147,0.07813175121593052,74.35900000000001,1.9629123569138707,0.07881890672670203
P2,accuracy,0.5,509,2036.0,20,2.088567180803818,0.09109484371873933,2.0910041123581062,0.07811128606529213,76.033,1.9626176146860939,0.07903539639076294
P2,accuracy,0.5,510,2040.0,20,2.0992004006975136,0.10649861737657791,2.0921989632287086,0.07781065342125171,76.513,1.9637047055980825,0.07878377638594417
P2,accuracy,0.5,511,2044.0,20,2.0893704145365275,0.08976583520870528,2.09148620441687,0.07816442178315922,75.83,1.9635695463723795,0.07893222783014513
P2,accuracy,0.5,512,2048.0,20,2.0468398776679173,0.17930509814469442,2.0895686994782467,0.07874462185427915,75.82300000000001,1.961698601185438,0.07970798713825673
P2,loss,0.5,1,4.0,20,1.7494223821850459,0.30089273784439313,1.7494223821850459,0.30089273784439313,70.138,1.6117684763392102,0.29713992637613673
P2,loss,0.5,2,8.0,20,1.6778934210251522,0.3004328287448779,1.713657901605099,0.22392694911421798,66.53200000000001,1.5777448131415706,0.2354828010804207
P2,loss,0.5,3,12.0,20,1.6751968465401919,0.297394032459298,1.700837549916797,0.1805047123420269,67.525,1.5602978016843427,0.191263311857045
P2,loss,0.5,4,16.0,20,1.787443531722705,0.33690880983678784,1.7224890453682735,0.1566047101195881,70.167,1.5806399118969856,0.16216917618582902
P2,loss,0.5,5,20.0,20,1.772733094866132,0.2681948102757689,1.7325378552678454,0.14466728261744166,69.567,1.593000090135926,0.1492238331702733
P2,loss,0.5,6,24.0,20,1.697520098754163,0.31961510282325023,1.726701562515565,0.1276179828340044,69.238,1.5878099432708677,0.13146719793219666
P2,loss,0.5,7,28.0,20,1.525692312020935,0.3477511291295749,1.6979859553020464,0.10900051966775373,57.903999999999996,1.5548415092152825,0.11274539156230652
P2,loss,0.5,8,32.0,20,1.6461244509755506,0.28148717944542545,1.6915032672612345,0.1147016788893592,64.575,1.547582871503345,0.11810991939871404
P2,loss,0.5,9,36.0,20,1.7603782206672485,0.32959394553361293,1.6991560398619026,0.10544396998820621,67.679,1.5550718586812393,0.10903705530517267
P2,loss,0.5,10,40.0,20,1.6380889788123874,0.3619118226261695,1.6930493337569512,0.09645629119360635,64.842,1.5483743466902156,0.10111666149910217
P2,loss,0.5,11,44.0,20,1.8389599567264099,0.19823087510385937,1.7063139358450836,0.09466107616268475,74.649,1.5622898094283033,0.09957112815066813
P2,loss,0.5,12,48.0,20,1.7544324578262482,0.24170493344009372,1.7103238126768474,0.08770640862144566,71.00399999999999,1.5676331548048004,0.09206798451457351
P2,loss,0.5,13,52.0,20,1.6414480456763294,0.32907521337136,1.7050256767537306,0.08687317728852634,65.809,1.5624312639239324,0.09009847738707273
P2,loss,0.5,14,56.0,20,1.7235353829903386,0.313460774400135,1.706347798627774,0.08022414192545935,67.959,1.564237736548105,0.08216487789154639
P2,loss,0.5,15,60.0,20,1.7658087475456443,0.19223569220454448,1.7103118618889652,0.0776053750488607,70.429,1.5690683716320246,0.07780645564995309
P2,loss,0.5,16,64.0,20,1.599155557970041,0.33341571804224995,1.7033645928940326,0.0785440248853841,62.440999999999995,1.561013406267028,0.0785474033103079
P2,loss,0.5,17,68.0,20,1.7995782365916348,0.2007935919411376,1.7090242189938916,0.08106299267370255,73.07300000000001,1.5670051081938552,0.08024598024057138
P2,loss,0.5,18,72.0,20,1.725733938365875,0.32479069408246813,1.7099525367367796,0.07741459969716843,70.011,1.5679947279191673,0.07716616221000921
P2,loss,0.5,19,76.0,20,1.6027445049199684,0.29663394659396064,1.7043100087464211,0.07555844401780074,63.718999999999994,1.5617895878027013,0.07593488784672431
P2,loss,0.5,20,80.0,20,1.6283227857892222,0.38533615718226305,1.7005106475985614,0.07002612999402863,64.181,1.5576496155240656,0.07029596305132096
P2,loss,0.5,21,84.0,20,1.6924287457653926,0.23733040917836765,1.7001257951303148,0.06313206381979275,69.006,1.5570915897254423,0.06407162055721083
P2,loss,0.5,22,88.0,20,1.669327279511044,0.24639410710021153,1.6987258626021664,0.06660401779793955,66.124,1.5561040547669598,0.06791382938597029
P2,loss,0.5,23,92.0,20,1.5924213919450634,0.29237633673697233,1.6941039290953355,0.06257315087337108,62.147000000000006,1.5512333629557464,0.06270965920451561
P2,loss,0.5,24,96.0,20,1.7994672026460186,0.19573761750821514,1.698494065493281,0.06325821309959913,73.579,1.5563997927738464,0.0633746081168311
P2,loss,0.5,25,100.0,20,1.758058012278783,0.21522450174549845,1.7008766233647008,0.06073767504822313,71.28999999999999,1.5588391168980686,0.060068224986718245
P2,loss,0.5,26,104.0,20,1.6188367764218827,0.27683892145146394,1.6956531991341746,0.05665683258103277,63.788,1.5541091743023068,0.056303263725336186
P2,loss,0.5,27,108.0,20,1.73853491873215,0.3264961814575441,1.6980788590424545,0.05091168328656601,67.892,1.5563076743554394,0.050130063501386005
P2,loss,0.5,28,112.0,20,1.8167859682854808,0.29561632440448876,1.703742423912266,0.05179469775747795,69.976,1.5626039345175426,0.05182101119282062
P2,loss,0.5,29,116.0,20,1.6229364196224227,0.27695460676718686,1.6971621394282548,0.045558695170634815,68.01599999999999,1.5563103546377737,0.04510935192509794
P2,loss,0.5,30,120.0,20,1.771286722849419,0.27127142188232595,1.697104284547586,0.04288036068141126,71.602,1.5559068194673997,0.04100296274354079
P2,loss,0.5,31,124.0,20,1.698681481615496,0.13742853869790603,1.6971507398620393,0.042834971159195136,71.924,1.5565083704880094,0.04102167937996099
P2,loss,0.5,32,128.0,20,1.8235245615966562,0.2995255238194159,1.7090640298450683,0.040681860809850943,71.489,1.5697997773877481,0.0394715226730568
P2,loss,0.5,33,132.0,20,1.7975355183386093,0.2801221972525948,1.7151204725395908,0.045492691064162406,71.164,1.5762930022860986,0.044709815287745945
P2,loss,0.5,34,136.0,20,1.707586628234488,0.28442170427657537,1.7130088088422801,0.04305906900048434,68.061,1.574009170973682,0.0419216677055705
P2,loss,0.5,35,140.0,20,1.657118151912971,0.23556365188404862,1.7137699757663036,0.04783111264809661,68.709,1.5752512483995162,0.04764065971483801
P2,loss,0.5,36,144.0,20,1.721979889234613,0.29169335608366903,1.7090907730666316,0.04783547346719017,68.587,1.5701794952601131,0.0480784256782311
P2,loss,0.5,37,148.0,20,1.7711627612978753,0.24049504981155803,1.7097599852054965,0.05011195615140277,72.2,1.5704796437673179,0.050473290253588564
P2,loss,0.5,38,152.0,20,1.8256335330518183,0.21368101771769554,1.7171274047005163,0.04667266922515188,73.003,1.5786071253420062,0.049055162130485434
P2,loss,0.5,39,156.0,20,1.6700881099331746,0.2863978390198489,1.7149895137782298,0.05245579303480082,69.676,1.5765582670115459,0.05356652084047459
P2,loss,0.5,40,160.0,20,1.7149600879168208,0.2790240582332231,1.7129555673930768,0.06107623293425338,69.683,1.5746545844649857,0.06253650050519556
P2,loss,0.5,41,164.0,20,1.6805834117117464,0.2767076390920575,1.716212681542745,0.060083471313785095,63.391,1.5783776582628692,0.06093133810420156
P2,loss,0.5,42,168.0,20,1.7338977053600881,0.33337538844724757,1.713585460293483,0.06318697074207481,68.24199999999999,1.575371181969634,0.06298020730090126
P2,loss,0.5,43,172.0,20,1.6690658503487448,0.3111461419852394,1.7113187367727982,0.060964582030639064,66.717,1.5729129944034237,0.06090313340134387
P2,loss,0.5,44,176.0,20,1.7851943523583915,0.17576929365025426,1.718616730670335,0.06357922278393865,72.009,1.5810494259626267,0.06366962383682334
P2,loss,0.5,45,180.0,20,1.6828993609394403,0.2835993460958472,1.7207997936763437,0.060004429449079626,69.463,1.5840327993669798,0.06084652458876942
P2,loss,0.5,46,184.0,20,1.6563533144639606,0.2944934041615366,1.7193567764242865,0.05820641676195704,66.785,1.582268726760551,0.05912044857483939
P2,loss,0.5,47,188.0,20,1.8265328607016724,0.2564273321565584,1.7256449996719117,0.06153981903133637,70.42,1.5883254445762052,0.06209976098299263
P2,loss,0.5,48,192.0,20,1.7860253105288724,0.2995528964241881,1.7333891564152637,0.058810275227485644,69.145,1.5963659282724805,0.058418241416280256
P2,loss,0.5,49,196.0,20,1.7933889646222507,0.23840967511060818,1.7331460268943133,0.05265645480933852,70.736,1.5955730315502883,0.05263172805186952
P2,loss,0.5,50,200.0,20,1.7308428557254605,0.25515371031553397,1.7320574206321802,0.049438590238109,69.482,1.5948531785214715,0.050211852318103635
P2,loss,0.5,51,204.0,20,1.7243586227390757,0.275836379939943,1.7362782944848678,0.05324116539432825,67.94300000000001,1.5986904517533624,0.05320279445575848
P2,loss,0.5,52,208.0,20,1.7268320505926655,0.2764839283527431,1.7358101797592884,0.054370307896906354,69.094,1.598489848667721,0.0538174962087677
P2,loss,0.5,53,212.0,20,1.7336975494405096,0.2536383047815465,1.7324866430054897,0.053507942618983846,68.441,1.5953740718725355,0.0535345304258163
P2,loss,0.5,54,216.0,20,1.6597111377255316,0.2494293577396302,1.733957631729614,0.05971688607289847,66.518,1.596857373064327,0.06074673791220362
P2,loss,0.5,55,220.0,20,1.7993362203869911,0.21807579643969863,1.735079611631117,0.05536137083731969,72.537,1.5984366731934554,0.05645633352183648
P2,loss,0.5,56,224.0,20,1.663990987922998,0.3162172623399778,1.733691991883417,0.052469390230816544,64.458,1.5966766788984195,0.05334944741837995
P2,loss,0.5,57,228.0,20,1.6961448184549852,0.2718609524658172,1.72859680215775,0.047551094030514524,70.326,1.591420961495567,0.05059724136313518
P2,loss,0.5,58,232.0,20,1.7087064866276283,0.26744057995583337,1.7250436408893108,0.04986050190043871,68.957,1.5882429683595645,0.05295083687292472
P2,loss,0.5,59,236.0,20,1.7613301356052535,0.21801786054977554,1.7271933811841413,0.05213378008792485,69.431,1.5912837071024033,0.054658435467062325
P2,loss,0.5,60,240.0,20,1.801970033729641,0.2241781125061843,1.7329874564568084,0.05454966836046428,72.276,1.5973160131045063,0.05737201138473539
P2,loss,0.5,61,244.0,20,1.7108915264464728,0.20798211600934843,1.732543921945283,0.05996196555149848,70.59700000000001,1.5974647186343671,0.062217209654209654
P2,loss,0.5,62,248.0,20,1.7900008305371018,0.23221446561450007,1.733297444714852,0.05829554993807274,71.224,1.5988437458012459,0.06070095898437322
P2,loss,0.5,63,252.0,20,1.7756692223701047,0.2092278821807826,1.7312988722875833,0.0587642844141494,71.806,1.596100062147904,0.062463696939153095
P2,loss,0.5,64,256.0,20,1.7968048391189648,0.26889959500399496,1.7363675414550148,0.05838388596821,70.91,1.6007222750297694,0.061983154239375726
P2,loss,0.5,65,260.0,20,1.7650376082432306,0.2321953081484576,1.7383706422680714,0.05302847569462059,71.202,1.6025595196607252,0.05654866670775865
P2,loss,0.5,66,264.0,20,1.796180801118549,0.2838300382690594,1.7429945378443434,0.05347213768031507,70.824,1.6074000215484303,0.05753265355328349
P2,loss,0.5,67,268.0,20,1.6880608740247438,0.28029731001927344,1.7411610645909295,0.05085078070382427,68.501,1.6072132115128128,0.053970391878050326
P2,loss,0.5,68,272.0,20,1.7120060117779972,0.3034105187278814,1.7428786710480995,0.04306195156169137,68.51700000000001,1.6092726182803812,0.045265341624909534
P2,loss,0.5,69,276.0,20,1.7509503378055016,0.22986025538301214,1.7415089104659842,0.043770572295725445,68.58500000000001,1.6073329146046287,0.04678438965933788
P2,loss,0.5,70,280.0,20,1.772441949107034,0.23145193010040685,1.7450906139926878,0.04398916965582827,71.131,1.611709186160303,0.0455538435074196
P2,loss,0.5,71,284.0,20,1.808903795573249,0.2382110906699251,1.7511926332370593,0.04164846679504591,71.466,1.61847194001409,0.043520253344692617
P2,loss,0.5,72,288.0,20,1.7435235698110383,0.2654082911587649,1.7478722616014342,0.043069651102728694,70.175,1.6153817287509427,0.045780049426617245
P2,loss,0.5,73,292.0,20,1.811591307183877,0.23329131158030797,1.7488949014676343,0.04708273567399903,72.86,1.6162720871893104,0.04833595863676892
P2,loss,0.5,74,296.0,20,1.704244302590261,0.22153144706178218,1.7453291149863546,0.04312819389541049,69.10499999999999,1.612789125332966,0.044067110838592174
P2,loss,0.5,75,300.0,20,1.8479271780569264,0.21275956845538208,1.7500124878796133,0.03953452821544512,72.856,1.6177997615474868,0.041786136869499814
P2,loss,0.5,76,304.0,20,1.8362140338860875,0.17161230474123987,1.754486704325494,0.03975275784811616,72.916,1.622243145091143,0.0419362024810647
P2,loss,0.5,77,308.0,20,1.7590733458217351,0.23800529812584328,1.7557763561346564,0.04341704524388306,70.787,1.624236004349866,0.045149887993823544
P2,loss,0.5,78,312.0,20,1.7549649627362949,0.22840901901374067,1.756627052666488,0.042271242541602076,72.297,1.6249349160912163,0.04391034739734708
P2,loss,0.5,79,316.0,20,1.7517791322196907,0.18916027985292758,1.7603097724462544,0.04406187208060139,69.587,1.6287759390266991,0.04548061982414715
P2,loss,0.5,80,320.0,20,1.824094243173759,0.2495142846570532,1.761300093357725,0.038360605869405096,70.811,1.6293810038595358,0.038968114003167645
P2,loss,0.5,81,324.0,20,1.746271290212197,0.2843682688187479,1.764591305449293,0.03933073404830618,69.80499999999999,1.6323319676324277,0.03933632357210482
P2,loss,0.5,82,328.0,20,1.7350544498708385,0.2953172162392116,1.766147690705927,0.03945577874331516,66.905,1.6338147367483482,0.039105703474175454
P2,loss,0.5,83,332.0,20,1.7430660193972127,0.20529138860261098,1.7675220720167104,0.04311026070139567,71.639,1.6349178299060019,0.04324577542190356
P2,loss,0.5,84,336.0,20,1.798062241987352,0.20194315291311124,1.7689913562719943,0.04644979305160893,70.59700000000001,1.6365189299916012,0.04536057618514332
P2,loss,0.5,85,340.0,20,1.6971310452762267,0.2603926277465073,1.764797796733858,0.05037077860827666,69.521,1.6324391314467395,0.04935503959616062
P2,loss,0.5,86,344.0,20,1.7808707485807596,0.2508197827464625,1.7675969656192294,0.04879985499892602,69.338,1.6348692367004503,0.04799792482453085
P2,loss,0.5,87,348.0,20,1.8166595139458797,0.21404317803132306,1.7686633129555804,0.047931886788243123,68.74499999999999,1.6359152012121765,0.04745746708090718
P2,loss,0.5,88,352.0,20,1.7398435549803477,0.26469323497165115,1.76723028625999,0.047252042217286315,68.566,1.634653255737486,0.04766005423360592
P2,loss,0.5,89,356.0,20,1.8194794087272208,0.23371736819932246,1.7681372690443204,0.04551822733286873,69.94,1.6366175587494418,0.047404045479080115
P2,loss,0.5,90,360.0,20,1.7223569126268294,0.2543594257245969,1.7664300412196643,0.04428696326265376,69.659,1.6349498032476002,0.04559578888440621
P2,loss,0.5,91,364.0,20,1.7902469869086068,0.20664382073126247,1.7661926886512667,0.04282831474876402,70.298,1.6356504744764089,0.044461598651093726
P2,loss,0.5,92,368.0,20,1.7843939285861743,0.2629961058315823,1.770046010833724,0.0430035093585332,69.596,1.6380223170934236,0.044837403120396795
P2,loss,0.5,93,372.0,20,1.8073778120819857,0.2689597113413368,1.7738608828458833,0.04071096239573631,70.933,1.641708684190943,0.04254899933518181
P2,loss,0.5,94,376.0,20,1.822241911388518,0.24894699496229533,1.776712545789204,0.045298811959985794,71.503,1.645498474397585,0.046494406729975034
P2,loss,0.5,95,380.0,20,1.6969169993421935,0.21134539837911348,1.7736915477986106,0.03793450420345879,68.64099999999999,1.6413852363656047,0.039443188908151634
P2,loss,0.5,96,384.0,20,1.7182705674840122,0.28906009233787916,1.770066218675041,0.044758766783627564,66.56,1.6375534923429147,0.04588651843743871
P2,loss,0.5,97,388.0,20,1.7854697620449613,0.22527818072823075,1.7717440663643977,0.04597021115999836,69.216,1.639267035841894,0.047719948158901064
P2,loss,0.5,98,392.0,20,1.833222516945107,0.23071986475568534,1.7726093147548472,0.04368403201125599,72.532,1.6407213168241692,0.045930688050850606
P2,loss,0.5,99,396.0,20,1.8244092723743872,0.2155764171208494,1.777415913546212,0.040652527949819224,70.613,1.6455350030444016,0.04230800264914387
P2,loss,0.5,100,400.0,20,1.8090874972422255,0.26707020209477866,1.7758623263136244,0.04091999235006666,69.681,1.6443844163291441,0.042277428748868744
P2,loss,0.5,101,404.0,20,1.7744321191801613,0.27702710034066585,1.773391049725387,0.035793281272463714,66.78,1.6419756850073324,0.036514081731114395
P2,loss,0.5,102,408.0,20,1.7893728628750432,0.1990595074906478,1.7746030304075195,0.039316044741011705,71.58099999999999,1.6430256894866708,0.039437994640077724
P2,loss,0.5,103,412.0,20,1.752087017829798,0.32676682086379777,1.7744879126112596,0.03642847692023438,65.657,1.6422536135941876,0.03712301942140945
P2,loss,0.5,104,416.0,20,1.8503462966407724,0.19394190537745049,1.7784305991881026,0.037552556639860034,72.34700000000001,1.6463174589915173,0.038417665193616876
P2,loss,0.5,105,420.0,20,1.7811771490203423,0.25672455584561965,1.776713915421966,0.042714592141952286,69.624,1.6447225031094983,0.04445999277158699
P2,loss,0.5,106,424.0,20,1.784820760794619,0.22080479105032427,1.778255894245263,0.04685393364453885,71.812,1.6468863132830283,0.049671725672596534
P2,loss,0.5,107,428.0,20,1.6491941765348321,0.24960996471694127,1.7748214833118225,0.048769669484553725,63.73100000000001,1.6437306400629867,0.05122172727113907
P2,loss,0.5,108,432.0,20,1.737769951514847,0.25572167905771137,1.7746096405965281,0.050063866875371475,68.952,1.644055165687061,0.05171726036130429
P2,loss,0.5,109,436.0,20,1.754839579233393,0.2183919052546428,1.7728807340863697,0.04799718962794619,67.464,1.6422523326378442,0.04922962105255826
P2,loss,0.5,110,440.0,20,1.8145718939441344,0.17758559146547687,1.777578368033086,0.045392944706035006,71.69399999999999,1.6467812133512445,0.04592548927807588
P2,loss,0.5,111,444.0,20,1.8153958583639505,0.13637170005676336,1.778959372424414,0.04340121103516531,73.202,1.6492369202774917,0.0430875252091693
P2,loss,0.5,112,448.0,20,1.8166604122338974,0.14834175322306367,1.7789594083559344,0.04797865660087275,71.756,1.648913210735655,0.047487781871421865
P2,loss,0.5,113,452.0,20,1.8217823619637923,0.18163735262063568,1.7822369606352724,0.043263225357482143,70.56,1.6527801060051637,0.04229448310380396
P2,loss,0.5,114,456.0,20,1.8443949533542536,0.21697554512543277,1.7832335824203536,0.03757492298543841,71.768,1.6529178555708968,0.036573274712190955
P2,loss,0.5,115,460.0,20,1.7972912299995758,0.25502749211953324,1.7862309551152635,0.0392790999972629,70.189,1.6558376286796712,0.038370075050665635
P2,loss,0.5,116,464.0,20,1.8268457215141098,0.2212905993201364,1.7876949044994834,0.041097629466341525,72.885,1.6570962495589765,0.040367624452534584
P2,loss,0.5,117,468.0,20,1.8333663335461439,0.19369125122630104,1.7896538006978822,0.04313593670203529,72.28299999999999,1.659715776900676,0.04386807733076538
P2,loss,0.5,118,472.0,20,1.906789252877947,0.14873631605082685,1.7936302583297206,0.03916563578837299,74.291,1.663957521650983,0.0400367782652097
P2,loss,0.5,119,476.0,20,1.8661634808363086,0.2309802123484024,1.7953871211076327,0.03263375733759778,72.95,1.6654896560274461,0.03477578246899347
P2,loss,0.5,120,480.0,20,1.752315292390989,0.30608343999910875,1.797603052829584,0.039968286514204796,67.623,1.6677829804033037,0.041522739596887334
P2,loss,0.5,121,484.0,20,1.8180532827757603,0.25382739698588574,1.8015943614412542,0.03851485602825887,71.079,1.6718645114671205,0.04021690775682663
P2,loss,0.5,122,488.0,20,1.793183158820393,0.27818826873414326,1.8019028973122715,0.04380749778564602,70.77799999999999,1.6722931197644182,0.04460326957848749
P2,loss,0.5,123,492.0,20,1.7669279446955162,0.22059336613152772,1.7992511144222878,0.04085332158128035,68.001,1.6696008816235293,0.04224233011912839
P2,loss,0.5,124,496.0,20,1.8329246801612604,0.19476189945013028,1.7995917307337628,0.04035862479302163,70.851,1.6703041466675443,0.04062825959533408
P2,loss,0.5,125,500.0,20,1.7166409692398357,0.27514486310905956,1.795893869613667,0.043107968795945195,66.301,1.6657734867890421,0.043719849544914466
P2,loss,0.5,126,504.0,20,1.7144859853315377,0.2737674309238139,1.793496024259722,0.04204059928227871,67.337,1.663881952868103,0.04052847402334369
P2,loss,0.5,127,508.0,20,1.8213708776747144,0.16597223107885942,1.7947759448517089,0.04187678771985316,70.114,1.6649633219856976,0.0400626368353429
P2,loss,0.5,128,512.0,20,1.8343179736581234,0.14913818772945384,1.798065183084842,0.04366895741730697,72.561,1.6692436621329538,0.04271395390087061
P2,loss,0.5,129,516.0,20,1.8552728226831765,0.127894814657275,1.7982622441265381,0.04532246988788376,74.771,1.6700865069304698,0.04415867540452339
P2,loss,0.5,130,520.0,20,1.857064840070582,0.17318722518906665,1.8012977517685478,0.04399677279355267,72.31,1.6733723508373526,0.04396981251823452
P2,loss,0.5,131,524.0,20,1.8588608203691563,0.19643109603160305,1.804259354151529,0.043163229642563763,72.565,1.6760643205250418,0.04285586924738762
P2,loss,0.5,132,528.0,20,1.8391929217324456,0.23796359255293445,1.8118593039594337,0.048730892067683995,69.741,1.6836785486567956,0.04969832002360613
P2,loss,0.5,133,532.0,20,1.8306889404572566,0.2179095647825629,1.81557606351713,0.0470896026650939,70.24199999999999,1.6874457479454796,0.04796999280167421
P2,loss,0.5,134,536.0,20,1.7985307435130777,0.21653366445135067,1.8173237100883175,0.042773092833437165,71.40299999999999,1.6893710975689173,0.04123785792932537
P2,loss,0.5,135,540.0,20,1.80222226844663,0.22180739948122255,1.8168297250684173,0.045089785714980124,71.369,1.689414153418133,0.04341869465403602
P2,loss,0.5,136,544.0,20,1.7306310977493866,0.26886504906946584,1.813439134643835,0.04835326752092908,69.47999999999999,1.6861124921192616,0.04658507584553938
P2,loss,0.5,137,548.0,20,1.7692221481991859,0.22841321149208793,1.8115416040824464,0.04579172549779022,67.563,1.6840496744394045,0.04513873025282933
P2,loss,0.5,138,552.0,20,1.8059236606276445,0.28203838854526053,1.8109072560290005,0.04991748592397082,68.111,1.682437623333708,0.049451360604537496
P2,loss,0.5,139,556.0,20,1.873803307302293,0.21668244945640386,1.812083590186922,0.0519204078856627,72.476,1.6840744851688154,0.05170542111734132
P2,loss,0.5,140,560.0,20,1.8640499378384092,0.16320403717026707,1.8147539385004752,0.048719154243491956,72.288,1.6873186565553122,0.048453368853883606
P2,loss,0.5,141,564.0,20,1.7916292901602797,0.2023837966880561,1.8133452812463222,0.055496916863958703,71.211,1.6860448156488055,0.05509328213026826
P2,loss,0.5,142,568.0,20,1.7699729074951722,0.14193976939688607,1.810809544204283,0.0560409865388484,72.053,1.683615959103404,0.05603554405232712
P2,loss,0.5,143,572.0,20,1.7555910888636845,0.23766462365432964,1.8047616176437127,0.05382019692248245,67.298,1.6779329057968426,0.05422217066530668
P2,loss,0.5,144,576.0,20,1.8488462259471394,0.2290634842024085,1.8040689274481458,0.05147827708117156,71.20599999999999,1.676775031948922,0.051757764559426
P2,loss,0.5,145,580.0,20,1.8303976906264754,0.16905898954487353,1.8071922233775655,0.05274154137379326,72.5,1.6804559585043115,0.053680469708439
P2,loss,0.5,146,584.0,20,1.829947679242185,0.23498630831553471,1.8076679992362226,0.049020746312040474,69.628,1.6816029190499833,0.05006505773504976
P2,loss,0.5,147,588.0,20,1.8331062744412392,0.2091126752854377,1.8092649238610563,0.052306798139595545,72.776,1.6841048100483298,0.05393961747003085
P2,loss,0.5,148,592.0,20,1.813091979899233,0.18642011139663953,1.8111114852692052,0.05084731152594845,71.184,1.6866136580576168,0.05203440428080049
P2,loss,0.5,149,596.0,20,1.8185526016712417,0.21203326550109552,1.8105366021296043,0.05308790347692475,71.417,1.6862249104586264,0.05432102666413025
P2,loss,0.5,150,600.0,20,1.829340128566636,0.1934278197114199,1.8150445685026764,0.05605351150183941,70.833,1.6917069068368717,0.057921109297355264
P2,loss,0.5,151,604.0,20,1.7984818583726834,0.18924875246214143,1.818404403424322,0.052192086448808774,71.429,1.6952652932329098,0.053792160874560346
P2,loss,0.5,152,608.0,20,1.6704724223742418,0.2242270627256873,1.812368465212303,0.04847191855250488,66.107,1.6892152836292715,0.04991504335388866
P2,loss,0.5,153,612.0,20,1.7550227645499192,0.24653074522716784,1.8091966568479747,0.04837387201547231,66.863,1.6856044685396459,0.05008900701326551
P2,loss,0.5,154,616.0,20,1.8573100710052972,0.23169852817001876,1.8092781467808599,0.04751478429808343,72.53200000000001,1.6852401747167107,0.048098731115971044
P2,loss,0.5,155,620.0,20,1.8559319098817404,0.18771064770672968,1.8092328295733062,0.04595523380447922,71.931,1.6853236728221421,0.04628541400649724
P2,loss,0.5,156,624.0,20,1.772053704909537,0.2672516666774183,1.8057605449549214,0.04385439429672951,67.091,1.6818154854619052,0.04543172741761221
P2,loss,0.5,157,628.0,20,1.869668407235946,0.18328137443066125,1.8069795643750612,0.044601173053906186,71.255,1.6835462482860806,0.04542645805915604
P2,loss,0.5,158,632.0,20,1.7451014940691127,0.13542926379061418,1.8035560665195356,0.04692790537512779,70.608,1.6800351663643365,0.04908037956448544
P2,loss,0.5,159,636.0,20,1.830241551328869,0.255306372330213,1.8048244988321673,0.04824124916860972,70.291,1.6804089271818827,0.05063741255671743
P2,loss,0.5,160,640.0,20,1.6477330204886784,0.22035670078290448,1.798644928913849,0.046544578617835716,62.63100000000001,1.6732157514694623,0.04801788003965661
P2,loss,0.5,161,644.0,20,1.750224500564748,0.22631670286644495,1.7994286650264637,0.042964745845669186,69.664,1.6737306308826458,0.04518661498816285
P2,loss,0.5,162,648.0,20,1.848947521553972,0.19535093642086268,1.8026176799606553,0.04247622204404285,71.107,1.677455548558689,0.04461802637279982
P2,loss,0.5,163,652.0,20,1.6895192832377686,0.3176028530567989,1.7979615048650601,0.04426735912918343,64.364,1.673250382257714,0.047687919948944515
P2,loss,0.5,164,656.0,20,1.8661369960533616,0.17531344298631635,1.7976548524151028,0.041834599400460935,72.35,1.672900274039521,0.04512282565012914
P2,loss,0.5,165,660.0,20,1.8141894851636078,0.18928194304402451,1.7956604343081106,0.04414888663244522,72.365,1.670425928358809,0.04744297860327375
P2,loss,0.5,166,664.0,20,1.805798683354831,0.3211647555937548,1.7962272100358927,0.04843276873157479,67.59,1.6705483688563791,0.05155213963307515
P2,loss,0.5,167,668.0,20,1.8512520010222295,0.15805714395094173,1.799478373776975,0.04565374321384587,73.86,1.6742601637407621,0.049431582654427826
P2,loss,0.5,168,672.0,20,1.8679747880729973,0.17092658873825803,1.8039737217453478,0.04648124593670672,73.209,1.678730886773801,0.04973681948750406
P2,loss,0.5,169,676.0,20,1.8651200577701168,0.19272652569565443,1.8046246750182668,0.04567544532384841,72.757,1.679940815732183,0.050399493148451636
P2,loss,0.5,170,680.0,20,1.819515146167186,0.19020598793060237,1.804189373239895,0.04600827147118522,73.568,1.6802621616516902,0.05057530761812755
P2,loss,0.5,171,684.0,20,1.8513063061357822,0.1966924087888516,1.805043718315639,0.044525354359379134,74.049,1.681264721936953,0.04799535012549705
P2,loss,0.5,172,688.0,20,1.8120140205906168,0.21908394432446335,1.804200028161614,0.04456708723890382,69.169,1.6799207213845837,0.04821184409754332
P2,loss,0.5,173,692.0,20,1.8117671728142504,0.27425047699653643,1.804147035878215,0.05168479012503421,68.40599999999999,1.67902484239658,0.056401073285618816
P2,loss,0.5,174,696.0,20,1.8394244592538815,0.2166201592002453,1.8049819101815203,0.054141343109660046,71.34700000000001,1.6797480767619652,0.05748181505348333
P2,loss,0.5,175,700.0,20,1.854922781573276,0.15850974991663863,1.8060052163017861,0.05380844665786321,73.224,1.6804691583607618,0.055400791760067146
P2,loss,0.5,176,704.0,20,1.7948438583739255,0.1644325145715583,1.8058596963018356,0.052666001525358226,70.596,1.6801389513458087,0.053441934118586595
P2,loss,0.5,177,708.0,20,1.8671393904899225,0.15478018741580574,1.813726375026463,0.05462137420847926,73.61699999999999,1.6887130278976474,0.0557105659092008
P2,loss,0.5,178,712.0,20,1.7750752217526382,0.17816198265073901,1.814528473314572,0.05375819472368651,70.58,1.6900593579498537,0.05485624740114628
P2,loss,0.5,179,716.0,20,1.8025280705282802,0.25485188677400916,1.812337193295491,0.055636691856654964,69.33200000000001,1.6880275192137528,0.05621274651717544
P2,loss,0.5,180,720.0,20,1.790540694183133,0.2281414771733396,1.8097215446675468,0.053976413683079955,69.398,1.686212543115555,0.05461215677812848
P2,loss,0.5,181,724.0,20,1.8188365643560065,0.19231970163470513,1.8115928590454053,0.05437697845554198,71.143,1.6885716484918618,0.05475586239918212
P2,loss,0.5,182,728.0,20,1.8855419925837935,0.18117904083456976,1.8122278024593192,0.054051148917714315,72.684,1.6886678955788228,0.053685190460027975
P2,loss,0.5,183,732.0,20,1.8299083815491517,0.2153229818594842,1.815620077958521,0.05084095190577917,70.834,1.6921299072394311,0.050430479794502055
P2,loss,0.5,184,736.0,20,1.8095664933414954,0.24782195535460588,1.814793075639026,0.05217225307852597,68.174,1.691947912679895,0.05205010604590885
P2,loss,0.5,185,740.0,20,1.8002891418659257,0.24464701690204527,1.820895320494116,0.0495215276356559,68.31800000000001,1.6985922682437278,0.049150033210931844
P2,loss,0.5,186,744.0,20,1.7855026153639701,0.22515676744689872,1.8223064450860846,0.05328125749381944,69.577,1.699586320926747,0.05309554133645265
P2,loss,0.5,187,748.0,20,1.8694540679900193,0.15542151064530643,1.8231267069435266,0.04796277065311848,72.938,1.7007577985110385,0.04745812394804885
P2,loss,0.5,188,752.0,20,1.8017221105681336,0.24840647513203898,1.8276148200367412,0.044621892918731046,68.964,1.705670950404046,0.043491139060717936
P2,loss,0.5,189,756.0,20,1.7723348870860125,0.1943418154808178,1.8238627356780472,0.04943974978116737,70.727,1.7020923787199511,0.0489660722631518
P2,loss,0.5,190,760.0,20,1.7807327550950358,0.231758818585379,1.8225244664753046,0.05143399037002892,70.063,1.7010680774427125,0.04991676205437923
P2,loss,0.5,191,764.0,20,1.7497883759066806,0.18538029624375005,1.8202840541773786,0.05421283070637981,69.84700000000001,1.699218456660565,0.05371807894142082
P2,loss,0.5,192,768.0,20,1.8524335239576053,0.25243033560620265,1.8203313150947935,0.054949865794316294,71.683,1.6985826860208153,0.05514275649303081
P2,loss,0.5,193,772.0,20,1.802458611617844,0.2583290663094243,1.8177106680365873,0.052331003267823854,71.03,1.6962968553102553,0.05231942315878755
P2,loss,0.5,194,776.0,20,1.8787556346679508,0.18411865167575808,1.818256091112501,0.0474812194443779,73.099,1.6976408298605605,0.046875278338603256
P2,loss,0.5,195,780.0,20,1.857946117000194,0.1346257789049991,1.819793329945821,0.04493851761153975,74.00699999999999,1.6987540128221792,0.04526580439613761
P2,loss,0.5,196,784.0,20,1.8659131744833233,0.19734950485827132,1.8203776046797226,0.04964432006392339,72.91499999999999,1.6994205431173843,0.049590378661085024
P2,loss,0.5,197,788.0,20,1.8793936767527302,0.21121451554140716,1.8230727909262072,0.04904839243422852,73.05,1.702094984407842,0.047712299614589476
P2,loss,0.5,198,792.0,20,1.8362667831738733,0.21147737479797926,1.8240527753405922,0.04835476927424701,70.15599999999999,1.7036030081393505,0.04607397063351173
P2,loss,0.5,199,796.0,20,1.7439171010169736,0.2590761227127166,1.8202324810111157,0.04826989955561162,67.705,1.6997259626458803,0.04621525231362875
P2,loss,0.5,200,800.0,20,1.91299092843105,0.13256038314956628,1.822555206885427,0.05002202484416386,73.426,1.7016911613603363,0.048129293692205526
P2,loss,0.5,201,804.0,20,1.801371621056997,0.21473345003528777,1.8228163173927494,0.052622100943405636,72.31,1.7015726546922842,0.05137599545628383
P2,loss,0.5,202,808.0,20,1.9011067338188248,0.16170053255551128,1.8241750111259059,0.04995500329110555,73.214,1.7023242609965732,0.04906827175665953
P2,loss,0.5,203,812.0,20,1.8852626202948481,0.20540809823566425,1.828582507067594,0.05270757711881033,72.44500000000001,1.7063365163795445,0.051280678646603
P2,loss,0.5,204,816.0,20,1.8104540182192177,0.23092000266554769,1.8288995449752317,0.051119101457263366,69.22,1.7066985620471407,0.049669545674860933
P2,loss,0.5,205,820.0,20,1.7915573181231577,0.2909695874496151,1.8289402099328327,0.049609660082022604,68.44500000000001,1.705419620175978,0.048655961293478336
P2,loss,0.5,206,824.0,20,1.8940125541463189,0.16657962965542253,1.831947249524445,0.05106051190587345,74.01599999999999,1.7088027073620033,0.048713133384717965
P2,loss,0.5,207,828.0,20,1.8884348195574272,0.18219396137575886,1.8320629626033906,0.05007378448204847,73.252,1.708966428718238,0.04753693232926541
P2,loss,0.5,208,832.0,20,1.856053276559835,0.16772128867500435,1.833108758403818,0.04876033513016213,72.296,1.7095952560758303,0.04649831096063656
P2,loss,0.5,209,836.0,20,1.7689791715556158,0.19621127922921902,1.8314852655323826,0.045082659264527744,71.053,1.7086447068153625,0.044613716877097004
P2,loss,0.5,210,840.0,20,1.8506794411244774,0.18718533628812065,1.8335008775027248,0.0511519642806845,71.966,1.711218725407536,0.04950046971827927
P2,loss,0.5,211,844.0,20,1.8326782660057812,0.19801245968718056,1.835387903528397,0.05275109359040522,71.90299999999999,1.7139880069945121,0.050898318181450894
P2,loss,0.5,212,848.0,20,1.8534911058469814,0.22891365046172896,1.8347493850426755,0.0567541185157641,72.607,1.712843953071646,0.05513471146196063
P2,loss,0.5,213,852.0,20,1.944461188521193,0.11756608366895546,1.8404589481607978,0.055509290931486356,73.674,1.719046635693131,0.053919091761995615
P2,loss,0.5,214,856.0,20,1.8339176084311102,0.2388608442817591,1.842922257014602,0.053763101670290844,71.282,1.7214069440296043,0.05213920842677661
P2,loss,0.5,215,860.0,20,1.8521418254418323,0.20081155823206653,1.8457786198284736,0.05658101714344904,69.841,1.7241083146034348,0.05581527270753187
P2,loss,0.5,216,864.0,20,1.9161780665954222,0.15475104608333842,1.8524342074560234,0.05564694107804253,74.264,1.7309594531880461,0.05430694971546444
P2,loss,0.5,217,868.0,20,1.8095642813049562,0.1809533833420009,1.8507194377499174,0.05232900711354938,70.884,1.7294872597881998,0.04992655898690809
P2,loss,0.5,218,872.0,20,1.8155593818103941,0.20926267774185361,1.8512434685576196,0.0560042553218242,70.634,1.7299600748690522,0.054730650159301654
P2,loss,0.5,219,876.0,20,1.8168288528295335,0.22482737946501863,1.8487663972840829,0.05553464167814911,69.25,1.7267501013709943,0.053932178292976855
P2,loss,0.5,220,880.0,20,1.8611007615229707,0.2353061161455737,1.8488925830649936,0.06093788077852263,71.357,1.7267413673381444,0.05949386021962948
P2,loss,0.5,221,884.0,20,1.778898978581577,0.2340874747450084,1.845412015228924,0.0547024806999682,70.848,1.7229544880690688,0.053074386748895336
P2,loss,0.5,222,888.0,20,1.8651633204941427,0.21292261725642694,1.8448428009785804,0.05237596385131701,72.111,1.7219812903733036,0.051648018301057974
P2,loss,0.5,223,892.0,20,1.8674482999584208,0.27517976021318125,1.8460900616499623,0.0518202411746773,70.66499999999999,1.723282094759119,0.04945034661003561
P2,loss,0.5,224,896.0,20,1.7824025822693421,0.19046148268948748,1.847629480900057,0.0475153484839297,68.62899999999999,1.7252604172683963,0.04478403031950058
P2,loss,0.5,225,900.0,20,1.9110465051236454,0.16408707867644887,1.847551703967761,0.04991870998520283,73.773,1.7255065927416873,0.047729407855266436
P2,loss,0.5,226,904.0,20,1.8930621466787212,0.2028787960449949,1.8512193249926299,0.047521531685845574,73.151,1.7297448293899396,0.04498763021231131
P2,loss,0.5,227,908.0,20,1.8631983339323592,0.2501604632224081,1.8497029889971714,0.048355160679191,70.741,1.7283020060690801,0.045224945699632695
P2,loss,0.5,228,912.0,20,1.8943081088559701,0.3253936486380364,1.850064808539616,0.05119169535002326,69.936,1.727939562807593,0.04835118609537065
P2,loss,0.5,229,916.0,20,1.8899793014023583,0.1269338385639968,1.8532458198669417,0.049523840783530074,73.238,1.7309276615637859,0.04592404095415287
P2,loss,0.5,230,920.0,20,1.8446933133841523,0.2845973470289232,1.8553712596773813,0.05512085827606321,70.976,1.7333245964595854,0.051810105356136914
P2,loss,0.5,231,924.0,20,1.8752201200649057,0.20940693977272426,1.854619562314125,0.054616853128736834,73.579,1.7320829870425265,0.051741497923765895
P2,loss,0.5,232,928.0,20,1.9150044827771864,0.17971215213800573,1.8556823488429153,0.05098884421291237,72.253,1.7338357890912341,0.048774179846610505
P2,loss,0.5,233,932.0,20,1.8165219569686777,0.19396353085994983,1.854101096059269,0.05035878601662638,71.24600000000001,1.7329079765559066,0.048155853236667004
P2,loss,0.5,234,936.0,20,1.8468331073834432,0.2200345072997795,1.857215253492382,0.05234749695649569,69.84400000000001,1.735484110191813,0.04975009605455423
P2,loss,0.5,235,940.0,20,1.899876934641688,0.18652564967450447,1.8591831532330705,0.048735205518579836,74.227,1.7374459054317253,0.04610155010571364
P2,loss,0.5,236,944.0,20,1.8890122688880875,0.20780441434383967,1.8614365133483628,0.05671920627629631,71.362,1.7393062495097698,0.05302438328676604
P2,loss,0.5,237,948.0,20,1.9045012819244522,0.2037730231488358,1.8634769203914616,0.06363388682127574,71.80799999999999,1.7412211521555592,0.05899673635411679
P2,loss,0.5,238,952.0,20,1.8269616518446559,0.1439387152406787,1.8587769389244002,0.06057842857034113,71.83,1.7368607464774264,0.05605417451019465
P2,loss,0.5,239,956.0,20,1.877987261894671,0.16325925658572807,1.8605397250629427,0.05580837173797491,71.858,1.7380661089222287,0.05107380284028276
P2,loss,0.5,240,960.0,20,1.8871186108131788,0.18718729650460225,1.8619387964777965,0.05875577497676504,73.29299999999999,1.7389783722667254,0.053935429892972724
P2,loss,0.5,241,964.0,20,1.910208066794652,0.261391834819302,1.8616999964857655,0.060078650381440904,69.717,1.7380780616694178,0.05605430302359275
P2,loss,0.5,242,968.0,20,1.9289193102076072,0.21546782666855288,1.8664741976418717,0.06015577507389914,72.63300000000001,1.7423058065399577,0.05754776490918765
P2,loss,0.5,243,972.0,20,1.9503872515856489,0.11462378955838019,1.871867312432882,0.05689888175961142,74.954,1.7474347206067047,0.054720831908617706
P2,loss,0.5,244,976.0,20,1.9500148628635325,0.1367074834366407,1.8771947528342419,0.05910394156677908,75.711,1.7531957357623327,0.057135424701090044
P2,loss,0.5,245,980.0,20,1.8701288552992121,0.1691379750940093,1.8775558765852913,0.05982696580511769,71.75699999999999,1.7529171802583385,0.0583205371813846
P2,loss,0.5,246,984.0,20,1.8625087319564237,0.21725341223478634,1.8809002667202854,0.06378737776880594,70.599,1.756473986327114,0.06149728780889096
P2,loss,0.5,247,988.0,20,1.9020626554248419,0.20420735130069834,1.8823762401175135,0.06576611367066051,72.78099999999999,1.7581935189586928,0.06356765197650292
P2,loss,0.5,248,992.0,20,1.9524016247681248,0.208058329913789,1.8857743731099013,0.06929006903191624,73.65,1.7612925314130572,0.06807546919862079
P2,loss,0.5,249,996.0,20,1.9052109484035327,0.19988726569378396,1.890686707755269,0.0669757754199724,70.4,1.7660862421577523,0.06622263005245353
P2,loss,0.5,250,1000.0,20,1.9061312326519932,0.21181635556108383,1.8904900968564031,0.0701831077617266,74.372,1.7656712142904432,0.06858527118250216
P2,loss,0.5,251,1004.0,20,1.9471225967670034,0.19212315714818806,1.8926525148599342,0.07028779309924037,71.374,1.767273001150674,0.06816969269131389
P2,loss,0.5,252,1008.0,20,1.845250680318348,0.17627365576030318,1.8919346087153737,0.06761615999270744,72.637,1.766425710629497,0.0656259720495176
P2,loss,0.5,253,1012.0,20,1.855280013293735,0.24607989721739762,1.8903734848928846,0.06373182259275668,71.147,1.7663477218302872,0.06022504988354507
P2,loss,0.5,254,1016.0,20,1.8769502967643699,0.1654683440666554,1.8898523247073649,0.06531707999949786,73.296,1.7658918487632367,0.06168794805836502
P2,loss,0.5,255,1020.0,20,1.8991046046407045,0.19582984456992228,1.892028776357627,0.06597513780164922,72.412,1.7683553154160854,0.06199699396581936
P2,loss,0.5,256,1024.0,20,1.9922637614846734,0.19144503859499598,1.8967105220144176,0.060794556414612615,73.19500000000001,1.7729029172549766,0.05768579459745552
P2,loss,0.5,257,1028.0,20,1.9432420968180526,0.1704877498672902,1.8978400265760524,0.06647117181080478,74.752,1.7736665656345108,0.06254239106721345
P2,loss,0.5,258,1032.0,20,1.950926831600873,0.2105751610689551,1.9032162215613404,0.06975212773955203,72.054,1.7781295686901555,0.06568794903984054
P2,loss,0.5,259,1036.0,20,1.888288348010128,0.22675324813480988,1.9048744311864076,0.07070029150122023,72.459,1.7801205770736295,0.06642920099052503
P2,loss,0.5,260,1040.0,20,1.927611999083208,0.12551089841291369,1.9059838337640684,0.0727677761328107,73.184,1.7812151322638097,0.06751804698994081
P2,loss,0.5,261,1044.0,20,1.8709431622924313,0.24806111061406316,1.905261069500242,0.06891393241198247,68.529,1.7802309608608216,0.06395839122573933
P2,loss,0.5,262,1048.0,20,1.854852010224603,0.26489721128063737,1.9032750986322484,0.06789654276585518,69.14099999999999,1.7782697183942762,0.06392447519861778
P2,loss,0.5,263,1052.0,20,1.7920402926400267,0.30634152211988763,1.9018782442640632,0.07722533550258578,67.28200000000001,1.7759998169490085,0.07468366095915883
P2,loss,0.5,264,1056.0,20,1.9061588380541252,0.20529852543567823,1.9030051073104413,0.08011541693463343,71.707,1.778053063854673,0.0775667053687803
P2,loss,0.5,265,1060.0,20,1.8583330330777634,0.2477701482043371,1.9018536842010245,0.08360737080567895,71.537,1.7780366640251324,0.08145286280421844
P2,loss,0.5,266,1064.0,20,1.9228530565347697,0.14418924308746708,1.9023594837906295,0.08024155218921189,74.209,1.7791738138475357,0.07683918753782948
P2,loss,0.5,267,1068.0,20,1.941100030350541,0.1805781042613399,1.9028467125963466,0.08001409388638728,75.50699999999999,1.7797757865746189,0.07617111500064211
P2,loss,0.5,268,1072.0,20,1.8924414402240426,0.20200339322842767,1.9005288801418825,0.08239631353740325,72.267,1.7779059623974436,0.07742512737008649
P2,loss,0.5,269,1076.0,20,1.9228180431482973,0.17231717165546165,1.899441007353273,0.07813909017676064,73.048,1.7766265220971942,0.07348600229319381
P2,loss,0.5,270,1080.0,20,1.949366977692279,0.17922316592619456,1.9026105322489957,0.0776231850473448,72.893,1.7798317428025396,0.07301628691604155
P2,loss,0.5,271,1084.0,20,1.9658487799664024,0.1327795250634359,1.9067441341693947,0.07503182309396628,74.833,1.7838499282718263,0.07025553544737118
P2,loss,0.5,272,1088.0,20,1.8625670465838944,0.2250314586442634,1.905164309815757,0.07142040973563471,71.28,1.7820374086258965,0.06709531573705431
P2,loss,0.5,273,1092.0,20,1.8817217935626143,0.22255137419772492,1.9023371165675365,0.07147727907733567,73.069,1.7793736401060776,0.06770416382242093
P2,loss,0.5,274,1096.0,20,1.8708570663841875,0.24729509755634432,1.9009629612867627,0.07645914076245229,71.16900000000001,1.7773297486638966,0.07332324633998111
P2,loss,0.5,275,1100.0,20,1.9893165753753532,0.1488330424008172,1.904290374995697,0.07628192558798401,75.188,1.7805307785135451,0.0740210128993053
P2,loss,0.5,276,1104.0,20,1.8730644575624953,0.2555832716706612,1.9013280494275169,0.07898895975840875,70.763,1.7776375165770255,0.07695207168235678
P2,loss,0.5,277,1108.0,20,1.9599023290087718,0.1384305791463062,1.9059141153751338,0.08116159121762276,73.909,1.7824561743508192,0.0785980405299998
P2,loss,0.5,278,1112.0,20,1.8414407773667034,0.25630031701478084,1.9053605459380525,0.07579168830464009,70.88,1.7821437326943896,0.07277867124376249
P2,loss,0.5,279,1116.0,20,1.9523736912939895,0.14693088306880006,1.9083774817192374,0.07701470062913474,72.912,1.7855334051543121,0.07333838698635294
P2,loss,0.5,280,1120.0,20,1.9739086879355205,0.1401997344548539,1.91136964505103,0.07526807883918386,75.1,1.7889084965771551,0.070860574860155
P2,loss,0.5,281,1124.0,20,1.953980128238948,0.22566731704144113,1.909838299721201,0.08140045692132751,73.494,1.786807415085919,0.07643689140935152
P2,loss,0.5,282,1128.0,20,1.852114984578496,0.29960066604756186,1.9061932152316186,0.08274118445948898,69.604,1.7829737636020273,0.07730277778257351
P2,loss,0.5,283,1132.0,20,1.887778742417406,0.25339825960740847,1.90366729166428,0.08508925523581036,71.435,1.7809029357408448,0.07911272567235944
P2,loss,0.5,284,1136.0,20,1.8180391629022599,0.2610237443449986,1.9008573242599653,0.0863989565709107,71.332,1.7779090573173888,0.0813088578681839
P2,loss,0.5,285,1140.0,20,1.9574583495441467,0.22680319613647287,1.9020511782784026,0.08960793475657212,73.288,1.778751695608977,0.08449929956896067
P2,loss,0.5,286,1144.0,20,1.9440290306550747,0.20532500545440696,1.9049746130129084,0.09279264343359367,72.773,1.7813683533129603,0.08823117156264808
P2,loss,0.5,287,1148.0,20,2.011702406451792,0.12509676234779318,1.9112486288619959,0.0924136695947703,74.79400000000001,1.7868882563839825,0.08821109859164158
P2,loss,0.5,288,1152.0,20,2.0072506278802402,0.18773543057071163,1.9198570422716046,0.09129507716200749,73.327,1.7953945487382366,0.08651971819575602
P2,loss,0.5,289,1156.0,20,1.985055582015524,0.17659540425109374,1.9230129120300608,0.090617651587153,73.566,1.7979630413627041,0.08567865971575066
P2,loss,0.5,290,1160.0,20,2.0108420497415977,0.13462108264484923,1.929113272696614,0.0898177443763435,75.205,1.8031454506583313,0.08458590596845926
P2,loss,0.5,291,1164.0,20,1.8342782914506817,0.21945861594881255,1.92557028209325,0.09134506434567663,69.186,1.799381973764228,0.08706790371140391
P2,loss,0.5,292,1168.0,20,1.9062031082871893,0.23588845081169232,1.9241744052107161,0.09197374741025702,71.214,1.7980945293700539,0.08719053865109212
P2,loss,0.5,293,1172.0,20,1.9642800734216297,0.16570506749909947,1.9270479505386198,0.09282770091428219,74.73400000000001,1.800392906565521,0.08794307235457573
P2,loss,0.5,294,1176.0,20,1.9567867474460559,0.17806039308829022,1.9284066987105302,0.0956892678776705,74.439,1.8012076299055635,0.09061992093456749
P2,loss,0.5,295,1180.0,20,1.9336880873465312,0.17318444026843877,1.9277795430967,0.09554100122085633,74.446,1.8004000811204974,0.0901522302305521
P2,loss,0.5,296,1184.0,20,1.9273366848721842,0.21421212798478853,1.9262390592929315,0.09746077171707766,73.529,1.798640973416056,0.09175921171635805
P2,loss,0.5,297,1188.0,20,1.904201641370521,0.25356617672586385,1.9279044430843963,0.09902690350592279,69.956,1.80041401370002,0.09383458019547486
P2,loss,0.5,298,1192.0,20,1.916999156608752,0.20735742113679898,1.9293155376062419,0.09891835422611625,73.442,1.8014438355886528,0.09335837861930468
P2,loss,0.5,299,1196.0,20,1.962377699664538,0.174191518510982,1.9329763629374561,0.10038305560998147,74.469,1.8054374596782732,0.09399181787358611
P2,loss,0.5,300,1200.0,20,1.881567589005175,0.24241618099626824,1.928666403482649,0.09887577967462678,72.056,1.8013793884800624,0.09212321099343485
P2,loss,0.5,301,1204.0,20,1.9118974013672847,0.2954852980856323,1.9302197212348406,0.09689088717323509,71.251,1.8027350342198378,0.09026673268985796
P2,loss,0.5,302,1208.0,20,1.9672343420471663,0.20339577432643494,1.9305130017563763,0.09500508866192375,74.19800000000001,1.8028818584558075,0.08865813545348959
P2,loss,0.5,303,1212.0,20,1.9398880583106148,0.19501469765621882,1.9344508929941326,0.09631872254894483,73.616,1.8057778459170504,0.08992714925791966
P2,loss,0.5,304,1216.0,20,1.9089566971962746,0.24991013536058046,1.9327142132302242,0.09659898107399428,72.39500000000001,1.8031667740165667,0.09101401720666367
P2,loss,0.5,305,1220.0,20,1.9205763561857325,0.22886987270622688,1.9305809199602326,0.09659504204630529,72.029,1.8002775055784426,0.09095752839746903
P2,loss,0.5,306,1224.0,20,1.921835757697806,0.30816447760178706,1.9292951451385871,0.10055811143245064,70.208,1.7989736759197563,0.09522607503697027
P2,loss,0.5,307,1228.0,20,1.90027918037809,0.18535019729113755,1.9312217129705709,0.097161341352427,71.684,1.8012205231102498,0.09190706180176868
P2,loss,0.5,308,1232.0,20,1.9475307289630717,0.27791620657557864,1.9336117924323974,0.10192761417673724,72.601,1.8038695782575396,0.09659616410600565
P2,loss,0.5,309,1236.0,20,1.949456240993418,0.17565337625472496,1.9388684755560437,0.10173658201362448,74.067,1.8089737005948436,0.09596669018280031
P2,loss,0.5,310,1240.0,20,1.9457175580837838,0.2369210159747403,1.9383988438976292,0.09971570719332166,73.74,1.8083026204108212,0.09422939638813582
P2,loss,0.5,311,1244.0,20,1.966439503702889,0.20343841269816892,1.9392952628195417,0.09911579547193428,73.107,1.8095672235024183,0.0946455147863498
P2,loss,0.5,312,1248.0,20,1.9609497129748035,0.211711502927667,1.9372651550804623,0.10103904411028271,73.90299999999999,1.8082061793949993,0.09613053349510431
P2,loss,0.5,313,1252.0,20,2.047025989435117,0.1524483263074285,1.9388561695426574,0.0998449823968231,75.75399999999999,1.809684105393666,0.09413054106809264
P2,loss,0.5,314,1256.0,20,2.0205238140898967,0.15685172069458508,1.9402748988256324,0.09916386251093655,75.357,1.8113230105690363,0.0929756772793778
P2,loss,0.5,315,1260.0,20,1.9078919542820756,0.17436315111104947,1.9361568950072514,0.09613990601760872,72.24199999999999,1.8069569984733662,0.09076006540898103
P2,loss,0.5,316,1264.0,20,2.0083768751897995,0.2209358935793883,1.9431208383568161,0.09828975111820648,73.788,1.8131281327179127,0.09382715371766298
P2,loss,0.5,317,1268.0,20,1.947949357126427,0.154711556560983,1.9447906883103854,0.09325967713336751,75.356,1.8150508538561692,0.0897444255906363
P2,loss,0.5,318,1272.0,20,2.000053077326406,0.16696975569449649,1.9462216084665767,0.09196178488968286,75.002,1.8167237812549886,0.08893296052352713
P2,loss,0.5,319,1276.0,20,1.9446518947152165,0.20699652722085052,1.9457362143573431,0.09254610683732191,72.245,1.8160451641762774,0.09014646005627745
P2,loss,0.5,320,1280.0,20,1.9948466695195162,0.1649559045119172,1.9481825576442624,0.09348121709416418,74.876,1.8188177878563678,0.09035955585523057
P2,loss,0.5,321,1284.0,20,1.9706181278137413,0.20086292415185583,1.9499138153619247,0.09015186805035341,72.441,1.8208768779589242,0.08707436875230352
P2,loss,0.5,322,1288.0,20,2.054391039424377,0.15138486515924643,1.955921391284079,0.08994137688136859,74.33200000000001,1.8265072681594023,0.08707767486547666
P2,loss,0.5,323,1292.0,20,1.965341929160323,0.20631955627069945,1.957855102186142,0.08974924852966625,71.73400000000001,1.828622251694678,0.087079168562386
P2,loss,0.5,324,1296.0,20,2.043787127218401,0.12097501993290291,1.9611114792882962,0.08822410993139863,75.926,1.8319383804781566,0.08586633015348731
P2,loss,0.5,325,1300.0,20,1.9858653816950091,0.16527366592942053,1.9652833909958898,0.09064657018547613,74.806,1.8361762518339653,0.08801874830164194
P2,loss,0.5,326,1304.0,20,1.9757433956193098,0.14409306452026152,1.9678372307659706,0.09009453713510002,75.993,1.8392713228508129,0.08838432087908438
P2,loss,0.5,327,1308.0,20,2.0053578448670866,0.1578259425696978,1.9693621708787674,0.08914230260506639,75.624,1.840528078793925,0.08783283629818842
P2,loss,0.5,328,1312.0,20,1.9622524532992383,0.15248545715679104,1.9702567466783123,0.08881465100841367,75.137,1.8424562293477382,0.08742247641715706
P2,loss,0.5,329,1316.0,20,2.0361559085572476,0.1186542331856812,1.9753447151327514,0.08859355157646351,74.647,1.8482039494835014,0.08721072902244653
P2,loss,0.5,330,1320.0,20,1.960691433011633,0.16747288609000047,1.9769493182057876,0.08542974151531775,74.142,1.8504203994266875,0.0850080221505597
P2,loss,0.5,331,1324.0,20,2.009476133298404,0.15061952264507394,1.9804549332298111,0.08203895402597695,75.856,1.8544318602862002,0.0814792833712784
P2,loss,0.5,332,1328.0,20,1.9866511461568905,0.14702589816385941,1.9839098118609635,0.08339818411545681,75.428,1.857075202445547,0.08147588102396144
P2,loss,0.5,333,1332.0,20,1.951301834124632,0.28389268060388834,1.9840606560674257,0.08513250475514633,71.62899999999999,1.8569274951776173,0.08318163447473981
P2,loss,0.5,334,1336.0,20,1.9449049528336784,0.14849475546430582,1.9838786045410362,0.08284117023582502,74.529,1.856740115146313,0.08122904219047981
P2,loss,0.5,335,1340.0,20,1.9794072623303864,0.15520186199374705,1.9852261927109,0.08059695308833838,74.882,1.8582435750181947,0.07889937155229973
P2,loss,0.5,336,1344.0,20,1.9710523404571578,0.1768927431817111,1.9854107061810709,0.07620724687320084,73.888,1.8579512648980914,0.07378885688510389
P2,loss,0.5,337,1348.0,20,1.9884770186972234,0.15720739150185808,1.9865117984099676,0.07421045345197436,75.398,1.8589592376236255,0.07173350944940945
P2,loss,0.5,338,1352.0,20,1.962712846797896,0.23110113173082567,1.983139272704479,0.07404285023244622,71.296,1.855706784344417,0.07140223815740719
P2,loss,0.5,339,1356.0,20,1.9726682409148744,0.21406714008074018,1.981225049777478,0.07325187988036103,73.035,1.853450450708673,0.07141532540050889
P2,loss,0.5,340,1360.0,20,1.9902038604792611,0.23206382080367688,1.9845175260253654,0.07680062708937342,73.029,1.8568949186792711,0.07490446875883645
P2,loss,0.5,341,1364.0,20,1.9045416625388518,0.2592196639360562,1.9803641175193274,0.07998793919290967,70.87899999999999,1.8539228862725607,0.07731589409154956
P2,loss,0.5,342,1368.0,20,1.9820992165667275,0.16902758321654196,1.9817301118969397,0.08182372704301259,75.05,1.855365704240447,0.07899306797502871
P2,loss,0.5,343,1372.0,20,1.9779265290902774,0.2156927173375856,1.9808450499674943,0.0825322422358599,74.047,1.8537099232215037,0.08045689361770471
P2,loss,0.5,344,1376.0,20,2.047693241812545,0.16710232639240344,1.9849667038513874,0.08265752337283232,76.126,1.857930232045904,0.08025907147651244
P2,loss,0.5,345,1380.0,20,1.9360659643752562,0.20733202465663417,1.9826154756456174,0.08069859970627327,71.69500000000001,1.8557161481753635,0.07885024425835087
P2,loss,0.5,346,1384.0,20,1.9554708981622309,0.2510658776423781,1.9820095864595568,0.08320682900430941,70.279,1.8543729077218434,0.08129232794632382
P2,loss,0.5,347,1388.0,20,1.9831456038815607,0.21281145141576016,1.9791597690378442,0.08649840843011301,74.476,1.8518787550699183,0.08439710567267988
P2,loss,0.5,348,1392.0,20,2.013250175075779,0.12418948880281706,1.9810760988744622,0.08672352473316314,75.203,1.8539495080829465,0.08438518098810995
P2,loss,0.5,349,1396.0,20,2.02418245585164,0.13147610321673409,1.980291912019792,0.08649413390942871,75.502,1.8537108980518664,0.08343468845163579
P2,loss,0.5,350,1400.0,20,2.0024828813597764,0.14006685757547133,1.9809566120063824,0.08504781131557355,75.33,1.8542175018149702,0.08225844667049773
P2,loss,0.5,351,1404.0,20,1.9267460303638142,0.1752018741160801,1.978996717396163,0.08631223800233216,74.172,1.8523413112916618,0.08272814620170707
P2,loss,0.5,352,1408.0,20,2.0452302590671527,0.11989267105190515,1.9805916139641653,0.08505951605710382,74.914,1.853728447901051,0.08173507586111897
P2,loss,0.5,353,1412.0,20,2.08203600188219,0.10333723657587486,1.9853829559074836,0.08439155414448177,76.281,1.8576112538898943,0.08058577489611309
P2,loss,0.5,354,1416.0,20,1.9806215373756852,0.2271204741288606,1.9831615810602208,0.08439860733357993,73.002,1.8552734796634283,0.07949254891495099
P2,loss,0.5,355,1420.0,20,2.0117059063900196,0.16967921754061274,1.9852021599953567,0.08469590088221621,75.99600000000001,1.856355082913101,0.07967703847012174
P2,loss,0.5,356,1424.0,20,2.0007538276413483,0.19321421985766177,1.9848532677690742,0.08444489585670198,72.35499999999999,1.8559803758911642,0.08066298873529099
P2,loss,0.5,357,1428.0,20,2.023264284450308,0.11211553724160941,1.986317793300811,0.0834216385498177,75.361,1.8584627493277122,0.08040435900460358
P2,loss,0.5,358,1432.0,20,2.0276540307402016,0.15374381631804312,1.9893718811654337,0.0795252048632296,74.39399999999999,1.8615759163439125,0.07607819747927333
P2,loss,0.5,359,1436.0,20,1.9946126366395274,0.135696228337291,1.991360188517668,0.08091927904324375,74.66,1.8630835201265659,0.07770647797162122
P2,loss,0.5,360,1440.0,20,1.9351135476231225,0.17800325187603422,1.989588439929377,0.08256005162457637,73.369,1.8618094435506911,0.0792002697301647
P2,loss,0.5,361,1444.0,20,2.031013732925467,0.1394487597911385,1.9919868956281097,0.08401244093976369,76.00800000000001,1.864190258276842,0.08086788993222135
P2,loss,0.5,362,1448.0,20,1.9886836098522138,0.1743163339685103,1.991995159274309,0.08453967493878568,74.38300000000001,1.8643907619644282,0.08193647141999211
P2,loss,0.5,363,1452.0,20,2.0072005529092363,0.16890398841548682,1.9937746675187626,0.08599931934944073,74.259,1.8660066385482506,0.0829239371662536
P2,loss,0.5,364,1456.0,20,2.0113368746431854,0.23142643988514813,1.995321412867895,0.08363917077167107,71.707,1.8673200160753445,0.08137122378369772
P2,loss,0.5,365,1460.0,20,2.0330898417727843,0.13369026550724658,1.997036852119636,0.08361988798250633,74.428,1.8696570797450889,0.08159512132392521
P2,loss,0.5,366,1464.0,20,1.9970464752908754,0.18403811684209304,2.000737044629717,0.0842257917398132,75.114,1.8728008314895206,0.08208992978725996
P2,loss,0.5,367,1468.0,20,2.007122556231625,0.18469307438774155,2.0017379782163127,0.08620765819337713,75.674,1.8734729497631313,0.08444580703101832
P2,loss,0.5,368,1472.0,20,1.9486375243402556,0.23552092079487688,2.0005664180263123,0.0860918735140517,72.327,1.8730363093868914,0.08406408026157808
P2,loss,0.5,369,1476.0,20,2.074557215054635,0.10837915278595163,2.0016409769559957,0.08500461042865391,75.588,1.8739822599358198,0.08300625022487712
P2,loss,0.5,370,1480.0,20,2.032777394058999,0.20920550373087768,2.0055094341433453,0.08867228695397994,74.078,1.8772530451107534,0.08662093615274609
P2,loss,0.5,371,1484.0,20,2.058449603177926,0.15586921638013024,2.0096285823439732,0.0890641689803696,75.227,1.8817189599952922,0.08700166950487134
P2,loss,0.5,372,1488.0,20,2.074558639785133,0.14591822655778036,2.013285103780116,0.08660804801940584,75.321,1.8852802408727183,0.08423289551295467
P2,loss,0.5,373,1492.0,20,1.951787502011663,0.2464253839037548,2.010826596857551,0.08707512158369683,72.666,1.882496022620614,0.0845889646987815
P2,loss,0.5,374,1496.0,20,1.9969598364823038,0.18386867575203994,2.009737692082778,0.08389054381537539,74.126,1.880489942470776,0.08193156714455509
P2,loss,0.5,375,1500.0,20,2.0540459508163265,0.16764575009128596,2.01180021486104,0.0854397611928435,76.724,1.8824176489013915,0.0831896651430674
P2,loss,0.5,376,1504.0,20,1.9381563936614867,0.18425388997819303,2.0122566293929465,0.08665942127012215,73.465,1.8822716319795998,0.0853789483647149
P2,loss,0.5,377,1508.0,20,2.019336787865595,0.13620303621589547,2.0112208905448847,0.08675362302698553,75.192,1.8814421010984284,0.08541916349928413
P2,loss,0.5,378,1512.0,20,2.0353498231185316,0.19802343478512405,2.009353443394338,0.08769053937443966,74.459,1.8797722224941829,0.08634190532140792
P2,loss,0.5,379,1516.0,20,2.0451729998701,0.18063489276309916,2.011935501894115,0.08793877437348319,74.673,1.8819666969277413,0.08781401782208123
P2,loss,0.5,380,1520.0,20,2.0710165813849715,0.11538848231151125,2.0143079288939125,0.08688431367264964,75.864,1.8850880116668047,0.0867248888176026
P2,loss,0.5,381,1524.0,20,2.030280356045938,0.12969499878400112,2.0154889900300965,0.08715897653043386,75.86699999999999,1.8869831441946077,0.08597877198425698
P2,loss,0.5,382,1528.0,20,2.0423558875165737,0.09650763947075051,2.016252654152747,0.087693444245927,74.217,1.8870816246649043,0.08692539022362006
P2,loss,0.5,383,1532.0,20,2.0621362397217906,0.15358861403299826,2.0176319425120104,0.08754429239042136,76.12899999999999,1.8879686729827814,0.08729410123886444
P2,loss,0.5,384,1536.0,20,2.0362591328869515,0.19779065040931956,2.0192978023619075,0.09053387569186405,73.663,1.889466141730764,0.09004029948802979
P2,loss,0.5,385,1540.0,20,2.07074432444448,0.20600386791743006,2.024723033434762,0.09235323599965375,74.657,1.8940579015154655,0.09202725957256946
P2,loss,0.5,386,1544.0,20,2.015541884890048,0.1327599499522322,2.024104159513345,0.09341651808497194,75.44300000000001,1.8940041077802878,0.09230763810053667
P2,loss,0.5,387,1548.0,20,2.0487798793475527,0.12008548012097954,2.026508010293159,0.0927803616654806,75.25399999999999,1.8962242544731898,0.09161281867566302
P2,loss,0.5,388,1552.0,20,2.0241658873391764,0.16405546116250838,2.027186623670356,0.09020268658228081,74.126,1.8971354596765644,0.08965523682165939
P2,loss,0.5,389,1556.0,20,2.0319941405205215,0.1578593169028198,2.02801291430545,0.09003643228072455,74.571,1.8988286928879639,0.08896723148032123
P2,loss,0.5,390,1560.0,20,2.032442815797988,0.178866097528565,2.027987033266458,0.09180580640815822,73.74199999999999,1.8986903959151902,0.09062764938805867
P2,loss,0.5,391,1564.0,20,2.0115602530364365,0.18661930596434967,2.0285675843762805,0.09089449074169238,75.48400000000001,1.8993390277285822,0.08938258118183191
P2,loss,0.5,392,1568.0,20,2.0558575106793073,0.11421444663030124,2.0305169825541873,0.0883933876403328,75.77000000000001,1.9014823214057137,0.08647313033820728
P2,loss,0.5,393,1572.0,20,2.0231546569996945,0.19932266946113514,2.033497667860565,0.08915088147874317,74.012,1.9042436068155575,0.08636796900984184
P2,loss,0.5,394,1576.0,20,2.0459712571068858,0.14091731787806303,2.0323542295426553,0.08997470424721428,76.173,1.9034225689115118,0.08695505698812278
P2,loss,0.5,395,1580.0,20,2.008455146885389,0.21175278962751765,2.0313813396557108,0.09090839592186697,74.115,1.9025783908714378,0.08760016240320691
P2,loss,0.5,396,1584.0,20,1.9955654510673404,0.22977011099174433,2.0288659735712873,0.09112307316750999,72.57300000000001,1.9001094810725807,0.08842485447793115
P2,loss,0.5,397,1588.0,20,2.0781730675141907,0.12399353848068446,2.0290105506804497,0.09330398688608112,75.987,1.9004207938258197,0.0903147073346708
P2,loss,0.5,398,1592.0,20,2.0104866388249296,0.17158412581159468,2.0313585161529804,0.0901454817523171,74.849,1.9025633273273208,0.0872909174522153
P2,loss,0.5,399,1596.0,20,2.070263641390791,0.10779447145851867,2.03429066834932,0.0944396054403409,75.917,1.9057747345676332,0.09197126958082036
P2,loss,0.5,400,1600.0,20,2.0775293868806797,0.11252972103707762,2.035230005791894,0.09402563893890421,75.255,1.9063721682336943,0.09180415005795935
P2,loss,0.5,401,1604.0,20,2.0627050389596313,0.1260839697586977,2.04021195160382,0.0934227953289852,75.74600000000001,1.9116906893172185,0.09090125648733648
P2,loss,0.5,402,1608.0,20,2.029734129513927,0.11263961113765111,2.040627845269753,0.09214952928100294,75.557,1.91223674335563,0.08937242826775953
P2,loss,0.5,403,1612.0,20,2.0168967570325353,0.18656099953292374,2.039889722626313,0.090270127295037,73.509,1.9115568204017914,0.08722003944055959
P2,loss,0.5,404,1616.0,20,2.0509445243963125,0.10848723011120026,2.040120583607362,0.08832313791801004,75.62899999999999,1.912015617233849,0.08508201698636647
P2,loss,0.5,405,1620.0,20,2.022074503981838,0.15391070834276252,2.038162900511236,0.08814346824103803,74.729,1.9106230143239624,0.08537926340342011
P2,loss,0.5,406,1624.0,20,2.0354353992442156,0.17404924187558937,2.0383691022391672,0.08872908180945768,75.463,1.9101523924616195,0.08630139932934647
P2,loss,0.5,407,1628.0,20,2.062758065894311,0.11197595098075806,2.039185189374277,0.09028329998831859,76.268,1.9111701350545665,0.0876221468149571
P2,loss,0.5,408,1632.0,20,2.0678644965081725,0.14856311567935002,2.039414319645732,0.08970510921806618,75.90700000000001,1.9121481530652873,0.08645039587936489
P2,loss,0.5,409,1636.0,20,2.076566847976398,0.11646339459196003,2.04102662824931,0.08734251819332631,76.089,1.913704796899077,0.0850022939398458
P2,loss,0.5,410,1640.0,20,2.045887750764185,0.20953609332460912,2.0400323653020984,0.08486636567839148,73.602,1.9130502132069094,0.08231048538148435
P2,loss,0.5,411,1644.0,20,2.081237968186707,0.13429491373997582,2.0426602086339645,0.08480101674752119,76.074,1.915217632327705,0.08308229998266244
P2,loss,0.5,412,1648.0,20,2.028301049554332,0.15817941014044312,2.041841055442236,0.08484228837895223,74.49600000000001,1.9143728712725512,0.08254708219962417
P2,loss,0.5,413,1652.0,20,2.000551462547828,0.2109199876057752,2.040896478450582,0.08697295181921887,74.533,1.9138453661898471,0.08399383653173369
P2,loss,0.5,414,1656.0,20,2.0305581563600614,0.15493594639552555,2.0408390390841635,0.08782750651291461,76.012,1.91397706288137,0.08488203506734297
P2,loss,0.5,415,1660.0,20,2.041809757661899,0.12976298396052222,2.04121371675872,0.08559931001404031,75.14,1.9143937477985542,0.08232429252711544
P2,loss,0.5,416,1664.0,20,2.0644536977635597,0.1214979634370137,2.0433294545478047,0.08425233215509963,75.505,1.916590861686967,0.08142768890915744
P2,loss,0.5,417,1668.0,20,2.0166725007483146,0.1835978171389046,2.041762054150565,0.0849977375541193,74.003,1.9150559496497892,0.08275778804052553
P2,loss,0.5,418,1672.0,20,1.9748457675343247,0.27208975588130435,2.0398296985719506,0.08633939963597996,72.818,1.913150650460207,0.08402510584634675
P2,loss,0.5,419,1676.0,20,2.060990499385311,0.14699520050979079,2.040430468263087,0.08756999223287681,74.869,1.9134862364989904,0.08539350850890319
P2,loss,0.5,420,1680.0,20,2.0608280575666402,0.1588334525351917,2.0425253846903373,0.08640631223167773,75.568,1.9157757209552106,0.0841871249615497
P2,loss,0.5,421,1684.0,20,1.9944724431602026,0.16668917649488685,2.042481664374052,0.08509223549305468,74.272,1.9160389846016774,0.0829469943686817
P2,loss,0.5,422,1688.0,20,2.0255094528485404,0.21725603714830083,2.040375119787426,0.08628251525236076,74.476,1.9139230245986003,0.08425536608723584
P2,loss,0.5,423,1692.0,20,2.0356637561530655,0.21337209995970968,2.041382204480551,0.08999404900679178,73.953,1.9146146928406136,0.08803531413579434
P2,loss,0.5,424,1696.0,20,2.0521224555232846,0.12768180211155675,2.040656557045851,0.09118140127956316,75.628,1.91385878156732,0.08844105217335256
P2,loss,0.5,425,1700.0,20,2.0975872929746315,0.14116298211900075,2.041458873289609,0.0919242595201596,76.65700000000001,1.9143501304029045,0.08914783831818794
P2,loss,0.5,426,1704.0,20,2.0117254126366304,0.17148365778835248,2.039419688236689,0.09068256148709679,76.411,1.9125691450395863,0.0881292484346359
P2,loss,0.5,427,1708.0,20,1.9971517463775978,0.22392102461125032,2.038116392911236,0.09147522564824774,74.102,1.9110744891347227,0.08948572412922001
P2,loss,0.5,428,1712.0,20,2.008226889032419,0.19018628106082527,2.0377695981912316,0.09283340453766185,73.505,1.910427590948603,0.09028767347013274
P2,loss,0.5,429,1716.0,20,2.0940350242409744,0.09094251432457907,2.039493218185018,0.09235124867939812,75.806,1.9118954427064871,0.08951970891018544
P2,loss,0.5,430,1720.0,20,2.0096337940873026,0.2385865406452582,2.0389955897892365,0.09627692962226898,73.307,1.910233303188098,0.09339645713473485
P2,loss,0.5,431,1724.0,20,2.038872630460524,0.13588488954300143,2.0391330790378888,0.0960595530396253,76.10900000000001,1.9105948483084525,0.0932123422472934
P2,loss,0.5,432,1728.0,20,2.030892137790415,0.16323205455499412,2.037858441913733,0.09630377255405748,74.18199999999999,1.9091099163058693,0.0927060804437073
P2,loss,0.5,433,1732.0,20,2.083717503712797,0.14427754089769063,2.0384925622019177,0.09744825040628899,76.34700000000001,1.9086392771527714,0.09396372974253325
P2,loss,0.5,434,1736.0,20,2.0921958413329156,0.10998246766809315,2.0391177219361785,0.09744075205592583,76.262,1.9097637643572856,0.09323435415452011
P2,loss,0.5,435,1740.0,20,2.042985636423499,0.15457488669611577,2.039001637362551,0.09868431117765113,75.268,1.9096794956139735,0.09388571246194641
P2,loss,0.5,436,1744.0,20,2.073673754772876,0.12556288244778285,2.0386990688259976,0.09755442682252405,76.25800000000001,1.909429591329878,0.09242232274014105
P2,loss,0.5,437,1748.0,20,2.0534529302419875,0.1530122391927559,2.039705144053504,0.09764804124553346,76.362,1.910975242346313,0.09217033655740374
P2,loss,0.5,438,1752.0,20,2.1356027565930007,0.08114713792788625,2.0451071958153113,0.09656369590505014,76.333,1.9156928140253473,0.09165019079719472
P2,loss,0.5,439,1756.0,20,2.052768992845223,0.1431254256279087,2.0459956292747177,0.0970503026198391,74.513,1.916616943294376,0.09137248099764811
P2,loss,0.5,440,1760.0,20,2.0604699209983925,0.16821338845024789,2.046742035808177,0.09877329133330608,75.884,1.916507374659703,0.09315646298106346
P2,loss,0.5,441,1764.0,20,2.0833874964937773,0.13951345146248365,2.047499387757386,0.09951553222052097,75.736,1.9173896619425903,0.09366744758532088
P2,loss,0.5,442,1768.0,20,2.107268023992097,0.1095856834519558,2.0511232086871374,0.09879766613594491,76.481,1.9208623706116068,0.09252626388369645
P2,loss,0.5,443,1772.0,20,2.0379890497744197,0.25676418769441317,2.0536489399767413,0.09566335349398053,73.52000000000001,1.9232254531686706,0.08921566143127314
P2,loss,0.5,444,1776.0,20,2.0430246966461487,0.15782868295505526,2.0529303078671743,0.09508909683562881,76.013,1.9223884040906611,0.08836889387909105
P2,loss,0.5,445,1780.0,20,2.0054723884320174,0.22944420091023066,2.0507160811017897,0.09774717109799841,73.273,1.9200664173666628,0.09197029270555379
P2,loss,0.5,446,1784.0,20,2.0452653378844188,0.18986462385473826,2.0527477968907584,0.10120660904584373,73.481,1.9218701973046226,0.09523117267900358
P2,loss,0.5,447,1788.0,20,2.035840739156121,0.15613092310482046,2.0531610483430613,0.09921598955726274,76.123,1.922592760707262,0.09345577062447864
P2,loss,0.5,448,1792.0,20,2.10208315164604,0.09577495476155193,2.0558178241627805,0.09573373999877988,75.452,1.9259410005725062,0.089260141326845
P2,loss,0.5,449,1796.0,20,2.089841369850553,0.09798098894326453,2.057326580735871,0.09515890061732776,76.289,1.927493212913833,0.0890182131801998
P2,loss,0.5,450,1800.0,20,2.0706964609675405,0.12700527749402515,2.0562509474555872,0.09470806428010403,75.92999999999999,1.927628547041723,0.08888077711232209
P2,loss,0.5,451,1804.0,20,2.076947587629059,0.16934329922342264,2.0588598344552844,0.09677311799915722,74.515,1.9295146197630964,0.09068580664803533
P2,loss,0.5,452,1808.0,20,2.069976869571765,0.18489859159666963,2.0617728393830514,0.09545378626635885,74.72999999999999,1.9323553536096423,0.08898426910712214
P2,loss,0.5,453,1812.0,20,2.0504976675607853,0.16409899052397325,2.063463670524186,0.09468163733214732,74.466,1.9344284403120806,0.08852393033773238
P2,loss,0.5,454,1816.0,20,2.098595655951453,0.11075319655529914,2.0636460957926053,0.09417219617518602,75.944,1.9348015536301635,0.08788810524457077
P2,loss,0.5,455,1820.0,20,2.0343691150175345,0.207953710897145,2.0646355086298143,0.09180335797419159,74.007,1.936112125287859,0.08570773109892466
P2,loss,0.5,456,1824.0,20,2.0436473916711755,0.17423430100681858,2.0648264990782406,0.09037082685070821,74.237,1.9360976837652555,0.08451939017546585
P2,loss,0.5,457,1828.0,20,2.092385334954121,0.09537783401752152,2.0672862269647885,0.09098250602692416,76.263,1.9390560665923107,0.08582088369788625
P2,loss,0.5,458,1832.0,20,2.0708566273385536,0.12265751296141973,2.066771791909819,0.08931847201682361,76.37,1.9390060391938335,0.08434213635666639
P2,loss,0.5,459,1836.0,20,2.106876008577296,0.10008695503486176,2.067358998599594,0.08983697218741217,76.33200000000001,1.9387824854076647,0.08542874252544518
P2,loss,0.5,460,1840.0,20,2.0587870450543493,0.14440021795045463,2.0679910549448284,0.0882052985346373,76.25699999999999,1.9392749659639694,0.08478432373427429
P2,loss,0.5,461,1844.0,20,2.060921469839422,0.1822754723489728,2.06748096354749,0.08962714553424311,74.687,1.938944698674236,0.08631905372079197
P2,loss,0.5,462,1848.0,20,2.036552515494546,0.117742126701497,2.066804946957592,0.08835550308011586,76.561,1.9384183458194653,0.0859749138656585
P2,loss,0.5,463,1852.0,20,2.0902104226120226,0.10342452804913504,2.064989253598353,0.08790371859785831,76.24199999999999,1.9369066359056475,0.08515475087088367
P2,loss,0.5,464,1856.0,20,2.0114831899577728,0.17423224947875346,2.0633378214828553,0.08595235703233957,76.09,1.9348558763198962,0.0837040317568688
P2,loss,0.5,465,1860.0,20,2.070581786215537,0.09787398604997116,2.063742296091541,0.08428492038739886,76.425,1.935627966034635,0.08231912498386013
P2,loss,0.5,466,1864.0,20,2.1025761550094098,0.08745782867074339,2.0645098424321664,0.08235806195716072,76.509,1.9353745604870034,0.08125749743732162
P2,loss,0.5,467,1868.0,20,2.038562875248941,0.19415368267887098,2.06176163648244,0.08438594441029187,74.341,1.9324565149097552,0.08339495700239517
P2,loss,0.5,468,1872.0,20,2.1007292608068906,0.13151122854780384,2.064271244923739,0.08596816253410038,76.32,1.934227323557986,0.08483042001368563
P2,loss,0.5,469,1876.0,20,2.098899608019137,0.09755515520978836,2.066506241378659,0.08534965393936439,76.148,1.9372304007164753,0.0849551241882576
P2,loss,0.5,470,1880.0,20,2.074771035444382,0.15872940908376493,2.0692781872591532,0.08403806621759183,75.804,1.9400962420961938,0.08313987229609648
P2,loss,0.5,471,1884.0,20,2.076414290497315,0.14197545573078538,2.070524145363669,0.08324524967808435,76.047,1.9409244557620133,0.08296444318779206
P2,loss,0.5,472,1888.0,20,2.056360154869548,0.12340629245666489,2.071344921992206,0.08335258830527623,76.11699999999999,1.941484135649733,0.08335761683079511
P2,loss,0.5,473,1892.0,20,2.035197062553615,0.2032933094244845,2.068669478428509,0.08704461698251083,74.527,1.9386660123136614,0.08704109389753285
P2,loss,0.5,474,1896.0,20,2.0894998174931527,0.10415329896394819,2.0686558163342132,0.08774192588733383,76.243,1.9389602136440938,0.08708621209367198
P2,loss,0.5,475,1900.0,20,2.1104015398015656,0.09067434045514551,2.070244019487574,0.08627052712517493,75.66,1.939347537335479,0.0862374004875731
P2,loss,0.5,476,1904.0,20,2.1040202702896686,0.10295403080657513,2.071326926793998,0.08568108677724594,76.366,1.9404446194996372,0.08601583679240313
P2,loss,0.5,477,1908.0,20,2.0414421724447,0.10491126366094053,2.0701855389089157,0.08477755868690123,75.455,1.9400825901246423,0.08511311066189127
P2,loss,0.5,478,1912.0,20,2.0914165824862785,0.08295865993494646,2.0718222955059353,0.08421043029483323,76.086,1.9417999468251286,0.08544569832740306
P2,loss,0.5,479,1916.0,20,2.081263945179958,0.10020192156497117,2.071129027075076,0.08482998810228823,75.66900000000001,1.9410027984149618,0.08664284493312416
P2,loss,0.5,480,1920.0,20,2.0794180588203077,0.11970619709689356,2.0729309848271864,0.08346927276472167,75.535,1.9427838042788164,0.0849500495873178
P2,loss,0.5,481,1924.0,20,2.077422028059235,0.10142894119911247,2.074281970282709,0.08489875481412139,75.463,1.9443666055646542,0.0863848074679528
P2,loss,0.5,482,1928.0,20,2.1019310601694103,0.10711867401160384,2.0746637992913204,0.08517308878257851,75.978,1.9442367946353454,0.08642869246196253
P2,loss,0.5,483,1932.0,20,2.12558695554035,0.08233961427344573,2.0768530124193925,0.0845298919410201,76.357,1.946242200210391,0.08577081926660249
P2,loss,0.5,484,1936.0,20,2.1037998612860496,0.09371156644510037,2.0767299665277426,0.08457314998861237,76.40599999999999,1.9468524186746645,0.08537656543756521
P2,loss,0.5,485,1940.0,20,2.075589499821775,0.12170406472975201,2.0774020647184397,0.08561941459151746,75.478,1.9475321733578599,0.086367751739336
P2,loss,0.5,486,1944.0,20,2.097822338921938,0.08516942368683655,2.07887809948174,0.08361321640554838,76.102,1.9490082081211608,0.08468156780023853
P2,loss,0.5,487,1948.0,20,2.0874567006130307,0.11987906977191805,2.08091426688648,0.08572911679405787,76.08500000000001,1.9508280796128115,0.0858571036144489
P2,loss,0.5,488,1952.0,20,2.081707830889934,0.09234509009521175,2.080574163217596,0.08650013657304818,76.02799999999999,1.950750831608698,0.0871032800976347
P2,loss,0.5,489,1956.0,20,2.0615666908256522,0.1686279055510857,2.082577503252311,0.08645714302868276,74.76,1.9526852114778674,0.08729875860801932
P2,loss,0.5,490,1960.0,20,2.0698389735228417,0.1853813966965005,2.082547790744603,0.08634628644099668,74.63,1.9529119397358088,0.08761974972538562
P2,loss,0.5,491,1964.0,20,2.0922211499556154,0.1094004909530203,2.0821335905424516,0.08870026942904792,76.173,1.953138763848194,0.08934085726997544
P2,loss,0.5,492,1968.0,20,2.077669288308321,0.1238880592639406,2.083697847064827,0.08647566739631733,76.09,1.9545565640850024,0.08674916034959979
P2,loss,0.5,493,1972.0,20,2.090786767572702,0.13736904655780302,2.0833001473354593,0.08629736439640594,76.15700000000001,1.954426375995573,0.08621561766440236
P2,loss,0.5,494,1976.0,20,2.108812351457076,0.10171099410641686,2.0836966570729767,0.08603725858838164,76.102,1.9544035893026717,0.08554322303080417
P2,loss,0.5,495,1980.0,20,2.074000837068497,0.13417860295084139,2.083665849137941,0.08409322872036053,76.245,1.9545968372393383,0.08417436657927226
P2,loss,0.5,496,1984.0,20,2.0923407368910807,0.08545367429519789,2.0843029069936923,0.08210430561442983,75.151,1.9558874388095222,0.0822660376857771
P2,loss,0.5,497,1988.0,20,2.082779902428599,0.12228155398615519,2.085359696896054,0.08140075665437847,75.08500000000001,1.9566689571133327,0.08121405375770924
P2,loss,0.5,498,1992.0,20,2.081228952415869,0.12406633589569253,2.0872009724905443,0.08005526997790734,76.162,1.9583024727492095,0.07927094266848217
P2,loss,0.5,499,1996.0,20,2.07747551419457,0.14750089400526178,2.086720000358601,0.08070620039636577,76.401,1.9573337096188184,0.08039459930209886
P2,loss,0.5,500,2000.0,20,2.074478562316475,0.10247571090512358,2.0852830812591976,0.0805700944317269,75.58200000000001,1.9565526622214322,0.08067751157800507
P2,loss,0.5,501,2004.0,20,2.1030050217984027,0.0789332167236923,2.085242471319547,0.08003667303410192,76.249,1.9569997398141148,0.08061463837581227
P2,loss,0.5,502,2008.0,20,2.0660847406428826,0.13339041791633516,2.0862281740474744,0.08222959673852576,76.19500000000001,1.9574487638043288,0.08277281777671301
P2,loss,0.5,503,2012.0,20,2.07913948028868,0.1655179840491892,2.08573708995957,0.08481665861351396,76.172,1.956493375526047,0.08389748601847526
P2,loss,0.5,504,2016.0,20,2.121860236567906,0.0945778994469465,2.087360941615088,0.08411967739126348,76.309,1.957952146995326,0.08284757299848497
P2,loss,0.5,505,2020.0,20,2.0692688750080355,0.18265783521849135,2.0869549742625972,0.08613928295999403,74.726,1.957735315700776,0.08517919136353985
P2,loss,0.5,506,2024.0,20,2.0792840092925213,0.0926956546501417,2.0870294535119287,0.08553658452248057,76.49300000000001,1.958171874619016,0.08490910756245368
P2,loss,0.5,507,2028.0,20,2.1033121767368264,0.10790129583936248,2.0870846981746256,0.0848460754979886,76.319,1.9585308957949046,0.08428317049573497
P2,loss,0.5,508,2032.0,20,2.0674445941051447,0.16877541304887636,2.0847590037172172,0.08529979866704557,74.128,1.9571301366711746,0.08410583517106658
P2,loss,0.5,509,2036.0,20,2.0897285467149027,0.07919934082272506,2.084196151134371,0.08486526870190766,76.03200000000001,1.9567409002290426,0.08419236647627783
P2,loss,0.5,510,2040.0,20,2.086126109128736,0.10761060881872844,2.08461761550665,0.08474338735164422,76.512,1.9570120283364478,0.08352118741776557
P2,loss,0.5,511,2044.0,20,2.0883698957521206,0.0891373491170634,2.084239517779857,0.08470963898135134,75.789,1.9568393625806846,0.08325729172299642
P2,loss,0.5,512,2048.0,20,2.037903154231291,0.17815758458954856,2.0822573759245873,0.0845361208766063,75.914,1.9548146444191552,0.08360657551921231
P2,loss,1.0,1,4.0,20,1.7542829863521647,0.2925089724718504,1.7542829863521647,0.2925089724718504,70.244,1.6130814860934994,0.29485565672537445
P2,loss,1.0,2,8.0,20,1.6772131822876144,0.3050294705209397,1.7157480843198898,0.22227857619354396,66.559,1.5768790982878151,0.2360631672159201
P2,loss,1.0,3,12.0,20,1.6710648277739328,0.2921382656024612,1.7008536654712372,0.1787808227757056,67.529,1.5583368522275747,0.1910670681581877
P2,loss,1.0,4,16.0,20,1.787443531722705,0.33690880983678784,1.7225011320341044,0.15235087539916614,70.167,1.5791691998044093,0.1608822458507516
P2,loss,1.0,5,20.0,20,1.7306370726658105,0.242097859065574,1.7241283201604454,0.1293665819106723,69.578,1.5834081960011077,0.1355247044667359
P2,loss,1.0,6,24.0,20,1.6951434583507492,0.31523468861827797,1.7192975098588295,0.11069613790307498,69.271,1.5784999585568809,0.11637507450826386
P2,loss,1.0,7,28.0,20,1.518641997219365,0.3459734638228818,1.6906324366246204,0.0999117942243017,57.892999999999994,1.5454528490109922,0.10545330873505342
P2,loss,1.0,8,32.0,20,1.602557686600345,0.25452695519482754,1.6796230928715858,0.10936618312740524,64.66900000000001,1.5349661477086267,0.11404628411217214
P2,loss,1.0,9,36.0,20,1.7367574130435433,0.32083837500593865,1.68597135066847,0.10327143852944108,67.714,1.5413186806678953,0.10829745376147448
P2,loss,1.0,10,40.0,20,1.631556881013741,0.36288133237318687,1.6805299037029973,0.09600296865404236,64.836,1.5358510366569547,0.10141990742103305
P2,loss,1.0,11,44.0,20,1.8101874872326493,0.1934167086629159,1.6923169567511471,0.09246190364368566,74.618,1.5484354489676737,0.09823907489977456
P2,loss,1.0,12,48.0,20,1.7293493467806837,0.23620055649908864,1.6954029892536089,0.08401879791206533,71.011,1.5528301318644036,0.08919978130670962
P2,loss,1.0,13,52.0,20,1.6428556867108028,0.327219359659409,1.6913608890580083,0.08419008378409688,65.797,1.5486575383476737,0.08785882809712703
P2,loss,1.0,14,56.0,20,1.6981613541585798,0.293021795392274,1.691846636565192,0.07833978432951792,67.949,1.5496215608132151,0.08054260356776426
P2,loss,1.0,15,60.0,20,1.7512957557290736,0.19015734295504913,1.6958099111761176,0.07485159906846946,70.43199999999999,1.5543027547698405,0.07533650650663702
P2,loss,1.0,16,64.0,20,1.595660198487184,0.32688818421289956,1.6895505541330589,0.07582723507936778,62.465999999999994,1.5471266178940524,0.07661955891181736
P2,loss,1.0,17,68.0,20,1.7413711980101936,0.21580385235657162,1.6925988273023023,0.07828814405554375,71.443,1.5505841290277518,0.07838983215237103
P2,loss,1.0,18,72.0,20,1.7233762770905856,0.3250889768570993,1.6943086856238736,0.0750178170055043,70.023,1.5524906997642425,0.07557618963388901
P2,loss,1.0,19,76.0,20,1.5940501323614886,0.29678903720578953,1.6890319196626955,0.07407948792527583,63.702999999999996,1.5468000466537375,0.07519083079439197
P2,loss,1.0,20,80.0,20,1.6287222640200365,0.38490334606120485,1.6860164368805624,0.07078218548214209,64.17999999999999,1.5432599055820626,0.0714807270470821
P2,loss,1.0,21,84.0,20,1.6924287457653926,0.23733040917836765,1.6863217849226975,0.06328291382001458,69.006,1.5433871040663918,0.06456604975325837
P2,loss,1.0,22,88.0,20,1.6540819558381936,0.24951426894731635,1.684856338146129,0.06663985178097712,65.724,1.5423163038141907,0.06813287805439584
P2,loss,1.0,23,92.0,20,1.606658597964841,0.30509597980344566,1.6814564363991162,0.06318108350541252,62.169,1.5386446884965543,0.06338345859246304
P2,loss,1.0,24,96.0,20,1.7994672026460186,0.19573761750821514,1.686373551659404,0.06371580670963456,73.579,1.5443356464171207,0.06396895727904957
P2,loss,1.0,25,100.0,20,1.7407463134655,0.21665868280927758,1.688548462131648,0.0601211438538156,71.351,1.5467736043975555,0.05979633807309313
P2,loss,1.0,26,104.0,20,1.6188367764218827,0.27683892145146394,1.6831306137344366,0.05800616528656128,63.788,1.5419911414116223,0.05791533092733531
P2,loss,1.0,27,108.0,20,1.7302107480801472,0.32336966616454044,1.6852505163661378,0.051347837394249495,68.08,1.5438963001219579,0.0507158816657097
P2,loss,1.0,28,112.0,20,1.7868919227567848,0.3196163458357059,1.689883600165452,0.055873324775134826,69.98400000000001,1.5491807031142362,0.05596422164060645
P2,loss,1.0,29,116.0,20,1.6214560627262187,0.2801835537474828,1.6832441014055923,0.05029838249574727,67.997,1.5428248049751734,0.05029567266925868
P2,loss,1.0,30,120.0,20,1.79054148384268,0.23488445215514175,1.6856402778526671,0.04880285169367761,73.12899999999999,1.5451071169628585,0.047341315695246515
P2,loss,1.0,31,124.0,20,1.674381677613105,0.20016042099879508,1.6848098066231614,0.04858109641254014,71.91,1.545072869220161,0.04739242202381032
P2,loss,1.0,32,128.0,20,1.7974355848189663,0.28512267695876087,1.6959615501271454,0.04977442527157011,71.46799999999999,1.5575609293304564,0.04885155151638689
P2,loss,1.0,33,132.0,20,1.7862378748643681,0.2598684522493946,1.7033087576577064,0.05273028442780553,70.788,1.5646410390855388,0.05168896417347485
P2,loss,1.0,34,136.0,20,1.694110935629172,0.27942861640671124,1.7016028985611318,0.05108030148747978,68.04299999999999,1.5627257645725128,0.049715139951450174
P2,loss,1.0,35,140.0,20,1.6618250693356102,0.24042652047600174,1.7028136260940063,0.05494445838144404,68.745,1.5642228345782279,0.05441108182558708
P2,loss,1.0,36,144.0,20,1.7196369326789642,0.2917388773651785,1.6991916039118589,0.05613014677297494,68.329,1.5600377497990807,0.056078866055467615
P2,loss,1.0,37,148.0,20,1.73925895314589,0.244377320907397,1.699587988166467,0.058771399806612605,72.28299999999999,1.560096886252344,0.05894803459077576
P2,loss,1.0,38,152.0,20,1.7838901086028998,0.1817101468132954,1.705229365042151,0.05790724352024116,72.982,1.5666952212242513,0.0596567502219333
P2,loss,1.0,39,156.0,20,1.6531593142784708,0.3194945466599844,1.7034292834469469,0.06271822782295879,69.664,1.5649593403533097,0.06323141145629162
P2,loss,1.0,40,160.0,20,1.7207240447875254,0.27895464261299263,1.7022064150092848,0.07218912306422585,69.683,1.5640682877459635,0.07312812729981308
P2,loss,1.0,41,164.0,20,1.6822956241197056,0.28132489736907174,1.7056718320345854,0.07078388575010962,63.437,1.5677422407257393,0.07064421402453123
P2,loss,1.0,42,168.0,20,1.7209070101681192,0.32482230471063184,1.7048532645209025,0.07503058759464588,68.252,1.5664909779197644,0.07392577984795685
P2,loss,1.0,43,172.0,20,1.650545829757674,0.3337999591813755,1.7019400466275862,0.0739707580979628,66.88300000000001,1.5629583601299142,0.07310328776494794
P2,loss,1.0,44,176.0,20,1.7566286851507726,0.18411336595797317,1.7084431887391573,0.07616343589002805,72.018,1.5702921799445377,0.07537699946664733
P2,loss,1.0,45,180.0,20,1.68905467010388,0.2871155421344838,1.7108564849825114,0.07127438717468602,69.861,1.5736438103834425,0.07160821324507842
P2,loss,1.0,46,184.0,20,1.655254553838033,0.29775818289078154,1.7093695173054169,0.06911710920588789,66.784,1.571819491438888,0.06969332052181999
P2,loss,1.0,47,188.0,20,1.79436808795437,0.2504273988275981,1.7149809625900638,0.07354409514224954,70.037,1.5771087432419004,0.07366153372489627
P2,loss,1.0,48,192.0,20,1.7885793335639302,0.3024396359502897,1.7222577920140274,0.07151094679243838,69.065,1.5848764676477576,0.07125388234846737
P2,loss,1.0,49,196.0,20,1.7735553006664488,0.23279402274822036,1.7212213159348448,0.06659848242349356,70.81899999999999,1.5834653924997697,0.06683559687303703
P2,loss,1.0,50,200.0,20,1.7214113656323367,0.2500310918454722,1.720447918021518,0.06304786780463319,69.61,1.5829428999149482,0.06409292789471417
P2,loss,1.0,51,204.0,20,1.7106089041248722,0.2802882906988292,1.7241188031296377,0.06467479319018263,67.994,1.586119320460212,0.0650746065009339
P2,loss,1.0,52,208.0,20,1.7231753087275226,0.27432775036544055,1.7238373855555327,0.06495404389678672,69.138,1.586290670604679,0.06515008709314117
P2,loss,1.0,53,212.0,20,1.7429322575228923,0.25864278249073613,1.722078998946177,0.05940617634150449,69.087,1.5848229720449871,0.0596509806934894
P2,loss,1.0,54,216.0,20,1.6815443683926083,0.2193925623126902,1.7244825311728327,0.06528115220724763,67.977,1.587422624292336,0.06664311459215674
P2,loss,1.0,55,220.0,20,1.8132020680777767,0.21488631935519964,1.7253889545422365,0.059966007598696955,72.649,1.5883708479721383,0.06234003246473388
P2,loss,1.0,56,224.0,20,1.6539442599373952,0.31158116262128227,1.7245714578352083,0.05669434765367592,64.388,1.586941400928845,0.0589316477328742
P2,loss,1.0,57,228.0,20,1.7205903325871954,0.24716155319844696,1.7214976477459374,0.05204962108490993,72.014,1.5840373270009813,0.055459574810218217
P2,loss,1.0,58,232.0,20,1.7035089183290295,0.2669263500747227,1.7181884894845236,0.05169719915734193,68.841,1.5814722970375503,0.055730284874431095
P2,loss,1.0,59,236.0,20,1.7871357558844383,0.226135194369459,1.7219094822947345,0.053653954326847886,72.262,1.5862619913480196,0.056279260762717796
P2,loss,1.0,60,240.0,20,1.7729818394845491,0.25315647695978916,1.7263557531006921,0.057621693983230124,70.67,1.5908401814504074,0.060363164917104535
P2,loss,1.0,61,244.0,20,1.7062292516866393,0.2061900666452538,1.7258194458609992,0.062200911752278105,70.567,1.591002322218992,0.06486850806917979
P2,loss,1.0,62,248.0,20,1.7818401941476538,0.2563449780166008,1.7275226955010694,0.06122369315978784,71.22200000000001,1.5933039164012248,0.06414231154140775
P2,loss,1.0,63,252.0,20,1.7772161999825316,0.24196868273399483,1.727255739156255,0.061554645340242256,71.83,1.5919957288096431,0.06514245606667678
P2,loss,1.0,64,256.0,20,1.780727031736646,0.2618239632647863,1.732358447854582,0.0612831691642851,71.38,1.5972194928623418,0.06480976172811112
P2,loss,1.0,65,260.0,20,1.7931502036496738,0.2341885726815368,1.7352554942090677,0.05871647923039667,71.267,1.5999235231795799,0.06244151028615835
P2,loss,1.0,66,264.0,20,1.76830677228679,0.2805345928849308,1.7386959401357511,0.05893372777207581,70.836,1.6038356711238524,0.06368930233601025
P2,loss,1.0,67,268.0,20,1.6931651412328357,0.26708982110965473,1.7375862653783396,0.05695356164839778,68.685,1.6039524836918422,0.06107664394868288
P2,loss,1.0,68,272.0,20,1.7612424213280835,0.2160622587882538,1.7420141290411562,0.04757476250672017,71.211,1.6089029547007527,0.05098013729277582
P2,loss,1.0,69,276.0,20,1.7900726704273886,0.22332078043989018,1.7433518884522208,0.047350036550702516,69.95599999999999,1.6096576825546525,0.050970341113938576
P2,loss,1.0,70,280.0,20,1.776225394048944,0.23828037856581522,1.7468387174100233,0.04533081825852335,71.309,1.6135778793344933,0.048431341070238575
P2,loss,1.0,71,284.0,20,1.787442421886248,0.22902872035484811,1.752126232131952,0.04460442626656583,71.423,1.6194741369431263,0.047259324136222344
P2,loss,1.0,72,288.0,20,1.7310468620553021,0.2544836684842109,1.749593383095989,0.04752513754026148,70.19,1.6168970561430662,0.0507023196362594
P2,loss,1.0,73,292.0,20,1.75785708255661,0.22502567869145232,1.7483644930556963,0.04723706687357444,72.114,1.6157739084721474,0.04898893950738434
P2,loss,1.0,74,296.0,20,1.7105726002495238,0.24843986902867382,1.7458451850390193,0.0452334149735264,69.122,1.6130676889189988,0.046668143232225776
P2,loss,1.0,75,300.0,20,1.8036300898998412,0.20501225687469343,1.7491339340097194,0.04622382429505885,72.925,1.6170116370619703,0.04825520052590025
P2,loss,1.0,76,304.0,20,1.837946070080306,0.1811365492929529,1.754227420647937,0.047052236904478704,72.979,1.6221642028517653,0.04921829317411307
P2,loss,1.0,77,308.0,20,1.717706936410923,0.2220464902653808,1.754008685755273,0.050505183532163565,71.22,1.6222711792886408,0.05289937775735011
P2,loss,1.0,78,312.0,20,1.7188586357651452,0.2647244931349149,1.7530457408849631,0.053744992442861954,70.334,1.6209485862031214,0.056138707401470075
P2,loss,1.0,79,316.0,20,1.7318895421107652,0.2001906664416349,1.7550595478336894,0.05496774022765902,69.55499999999999,1.62291516087042,0.05748540724876599
P2,loss,1.0,80,320.0,20,1.8310380693500583,0.24503067098087683,1.7557729878845805,0.04960666380643434,72.566,1.6235737121473846,0.051769615112309
P2,loss,1.0,81,324.0,20,1.749620147126548,0.2941432289018189,1.759600023372147,0.04531429655288603,69.866,1.6269884351672839,0.0468835518011381
P2,loss,1.0,82,328.0,20,1.7283350747438662,0.2718151213802044,1.7599098130584134,0.049869662470084494,67.799,1.6272865849156304,0.05112663812383041
P2,loss,1.0,83,332.0,20,1.7411098398202758,0.20173725482983312,1.7614138499180634,0.05391560859255544,71.686,1.6283410615062681,0.05479853399726897
P2,loss,1.0,84,336.0,20,1.7710973155401102,0.2671755704192922,1.7607723123042902,0.056365712542998034,69.174,1.6273148368774926,0.05677718804835978
P2,loss,1.0,85,340.0,20,1.6986660645598164,0.2547464571766227,1.7577996813073011,0.053942639656747005,69.515,1.624656846335754,0.05432705283290389
P2,loss,1.0,86,344.0,20,1.7769442897417895,0.241953385780334,1.7606282828295068,0.054025670207828794,69.368,1.627008624267686,0.05428773721161114
P2,loss,1.0,87,348.0,20,1.8029681959872872,0.22960988124558904,1.7614734029030923,0.052210499986595126,68.295,1.627719393591142,0.052302966617489365
P2,loss,1.0,88,352.0,20,1.74406692239558,0.2339805828009477,1.7601474317996142,0.05271539075100643,70.21000000000001,1.6269003029843012,0.05318499345341943
P2,loss,1.0,89,356.0,20,1.8049565350747916,0.23149970111174864,1.76111661193314,0.054594231858551064,69.91,1.6283647236765444,0.05606218861339951
P2,loss,1.0,90,360.0,20,1.7262008758369098,0.2523156272404051,1.7584386388206295,0.05455515885610565,69.815,1.625746398779243,0.05595887212376726
P2,loss,1.0,91,364.0,20,1.802212772710875,0.19945886138601737,1.759794878837593,0.05526982469585399,70.259,1.6277515265354718,0.05709058960305345
P2,loss,1.0,92,368.0,20,1.733527122219088,0.25603566205599226,1.761409358077043,0.05865819682327116,67.999,1.62833331048263,0.059891466768115464
P2,loss,1.0,93,372.0,20,1.8076288755126537,0.22808113022138987,1.7632648162444258,0.05977808516549298,72.12,1.6304470718057296,0.060420730457609706
P2,loss,1.0,94,376.0,20,1.8224875705944854,0.24901754209614144,1.7645614122511097,0.06353986549629989,71.497,1.632575483642729,0.06416409167933348
P2,loss,1.0,95,380.0,20,1.6853870228783179,0.2088207092059504,1.7609278774042845,0.05929972483183392,68.951,1.62825126074624,0.0603581584210203
P2,loss,1.0,96,384.0,20,1.7203515027036407,0.2957012936399992,1.7582442406369805,0.06269537585096718,66.65,1.6254333766949212,0.06499328031394304
P2,loss,1.0,97,388.0,20,1.7786600794281768,0.23582337072666396,1.7601487693318956,0.06448361185279873,69.12899999999999,1.6277798091663496,0.06708619318494032
P2,loss,1.0,98,392.0,20,1.8313000584213532,0.23613883017494608,1.7630864883664852,0.05867234129398482,72.509,1.6305623290286682,0.06157671083250865
P2,loss,1.0,99,396.0,20,1.8187773981267246,0.20762375739676664,1.7674146802815731,0.05553566783302727,70.676,1.634940184678883,0.05693353097182414
P2,loss,1.0,100,400.0,20,1.7657596988366113,0.24081125624588087,1.765899864639044,0.054417322257053306,69.696,1.6335369055081592,0.05595283214369735
P2,loss,1.0,101,404.0,20,1.7451166223029193,0.28766789143099214,1.7621866867279483,0.04943095280886568,66.958,1.6301522325117044,0.05103546990204392
P2,loss,1.0,102,408.0,20,1.825618327035486,0.15154443900800546,1.766503142352931,0.05127251174544141,72.981,1.6344160238842296,0.05214461777094788
P2,loss,1.0,103,412.0,20,1.774277283674579,0.2966005802791659,1.7687198882693085,0.04518230587679019,67.286,1.636190762557979,0.046210094831858374
P2,loss,1.0,104,416.0,20,1.8069796630310115,0.1718023253976976,1.771723493106118,0.0447026199365948,71.92,1.6396465660497292,0.046386077087650704
P2,loss,1.0,105,420.0,20,1.8174124163340448,0.19646305770188982,1.7711784669854775,0.04798015897953074,70.973,1.6390410122519028,0.05027748397273613
P2,loss,1.0,106,424.0,20,1.784155543264804,0.22043012997607803,1.772559882831008,0.05068936585367254,70.628,1.6411821797787574,0.054685937901918245
P2,loss,1.0,107,428.0,20,1.6449568467306759,0.25720489148675774,1.7692247537104802,0.049902007937817995,63.863,1.6377737966489179,0.05315836604242835
P2,loss,1.0,108,432.0,20,1.7460449012095833,0.2312666692160041,1.7694221561660526,0.051435567157231514,70.15,1.6386083434397203,0.05437024031468923
P2,loss,1.0,109,436.0,20,1.7580970772167894,0.223343465636277,1.7689021466331198,0.04775780077995096,67.486,1.638364847098717,0.05042417014803062
P2,loss,1.0,110,440.0,20,1.8061876740559264,0.17560325353629874,1.7732030110129642,0.04500334637233537,71.958,1.6423241181003931,0.04634188829053076
P2,loss,1.0,111,444.0,20,1.7938690872995813,0.12719196342716166,1.773880002915276,0.04127041744065352,73.159,1.6440890044672674,0.04138331844839971
P2,loss,1.0,112,448.0,20,1.808120894584902,0.16227390075674633,1.7740861108591806,0.043406022724775846,72.092,1.6441954228095166,0.04335981960327693
P2,loss,1.0,113,452.0,20,1.8329626700646482,0.2334748102040491,1.7776419407659432,0.0442277489354795,72.111,1.6479723080706505,0.04323743186090697
P2,loss,1.0,114,456.0,20,1.850653924383448,0.2017414439932599,1.7794698363382895,0.040263549463296695,73.34700000000001,1.6490608347862978,0.03984042596237692
P2,loss,1.0,115,460.0,20,1.7822283226144342,0.24182230192331863,1.7817109342093904,0.041626040607236216,70.24600000000001,1.6510755487981126,0.0404010831449535
P2,loss,1.0,116,464.0,20,1.8238223243535714,0.21356444506781375,1.7825753162750981,0.04201974897272788,73.466,1.6519268424002924,0.040773188570233376
P2,loss,1.0,117,468.0,20,1.816056345239027,0.18537359169433382,1.785876485195896,0.04412840539087597,71.712,1.6560786579843074,0.04359721039101066
P2,loss,1.0,118,472.0,20,1.8887103234927156,0.17362613208855016,1.7891197431150982,0.041456805391490104,73.942,1.6593312278538463,0.041326977295004536
P2,loss,1.0,119,476.0,20,1.8162855763082895,0.21289806762527982,1.7888716633436506,0.035200872446975826,72.548,1.6592003234574633,0.03681301681565011
P2,loss,1.0,120,480.0,20,1.767779576760176,0.2612373490354288,1.792167365498925,0.041465348993217514,68.892,1.6627036821052361,0.042598897288083866
P2,loss,1.0,121,484.0,20,1.8522629876069672,0.19001071706889258,1.7974438248950577,0.0378406727925458,72.67699999999999,1.6681696914237698,0.03807779450065888
P2,loss,1.0,122,488.0,20,1.7636314305968361,0.2647886668803314,1.7968426789418044,0.04077405100742088,69.65700000000001,1.6676273142237494,0.04014804189679543
P2,loss,1.0,123,492.0,20,1.7262441412733096,0.2679622094263385,1.7926404422558826,0.038884547756686774,65.745,1.6635930547752824,0.03857032471791565
P2,loss,1.0,124,496.0,20,1.8306280359471039,0.14742085039932423,1.7931144677686977,0.03910268426263112,71.795,1.6641693048095667,0.03835752285748437
P2,loss,1.0,125,500.0,20,1.7006016061126705,0.28186101369971617,1.79050814405974,0.04179547793914119,66.5,1.6605410462842614,0.04166232280744715
P2,loss,1.0,126,504.0,20,1.7406586529684365,0.25962222782478545,1.7903298252863606,0.03861271524292205,68.822,1.6608326706045191,0.03713414403549966
P2,loss,1.0,127,508.0,20,1.7992258503886709,0.2526808292542368,1.7892741262204879,0.03822616719134449,68.839,1.659258140705744,0.03786425796751621
P2,loss,1.0,128,512.0,20,1.8324376540344374,0.1639846405926679,1.7916005410348823,0.0381281646275244,72.12,1.6627126983033769,0.03818978959399096
P2,loss,1.0,129,516.0,20,1.8392723965868307,0.13104327458586315,1.7928922503771152,0.03903923002318917,74.15599999999999,1.6641401034552321,0.038849419171932256
P2,loss,1.0,130,520.0,20,1.830493245640914,0.18548645489580884,1.7934154835493898,0.03923721919168875,71.861,1.6648298653393538,0.03850938322064968
P2,loss,1.0,131,524.0,20,1.8017952080733295,0.19399680650790116,1.7941210701417312,0.03734326472944621,70.42699999999999,1.6657549552943436,0.03612542433168474
P2,loss,1.0,132,528.0,20,1.8481671658986158,0.1908820311749189,1.8022494829084486,0.03868837999137507,71.287,1.6742667100165707,0.03755166848153138
P2,loss,1.0,133,532.0,20,1.8345129690075965,0.2183952778347967,1.8057882056203691,0.03703007034839103,70.783,1.677997000240131,0.03569401501043088
P2,loss,1.0,134,536.0,20,1.7768878460177338,0.23009155434591477,1.8065398363724068,0.0346835479213645,69.705,1.6787138146445226,0.03235711854217034
P2,loss,1.0,135,540.0,20,1.8237265494449293,0.22973768745346765,1.8072413913879668,0.037482140537743534,70.99600000000001,1.6798469785581687,0.03613308861371753
P2,loss,1.0,136,544.0,20,1.7125497906308074,0.252372225255075,1.8039886195212158,0.04307779565972543,69.321,1.6765017597178016,0.04248553823047133
P2,loss,1.0,137,548.0,20,1.7479909568149954,0.24244792024678324,1.8015834220104197,0.03980565372140028,67.332,1.674253882434631,0.04074546152037754
P2,loss,1.0,138,552.0,20,1.8484393887132762,0.1794949207350604,1.8022024907563647,0.04377204091244057,72.591,1.6745690712012693,0.04533759450016919
P2,loss,1.0,139,556.0,20,1.8717129195445867,0.2067308696123414,1.8030448505628105,0.04625692178085477,72.49,1.6757439193677768,0.04735184406294664
P2,loss,1.0,140,560.0,20,1.86148362860281,0.08870249399985103,1.8062150628023457,0.04301906943246061,73.148,1.679617442522987,0.04501415540371511
P2,loss,1.0,141,564.0,20,1.80053211680696,0.20155462057356316,1.805283454500481,0.05013053947055749,71.488,1.6787438269784942,0.0515812933287716
P2,loss,1.0,142,568.0,20,1.7698914245496955,0.19198427184864575,1.8034368576729078,0.04973188276571372,70.532,1.6763730708131042,0.05117999692882592
P2,loss,1.0,143,572.0,20,1.7551100031185118,0.2566843617969273,1.7980928448579394,0.05038729288117358,67.264,1.6715831707762014,0.052604693101606176
P2,loss,1.0,144,576.0,20,1.8459307868673214,0.2540061151976121,1.799278653280301,0.049652906984808155,71.221,1.6722975875793178,0.05169483335512916
P2,loss,1.0,145,580.0,20,1.7953820822524904,0.1888320396808029,1.8003827534999934,0.04964614335813513,71.256,1.6735785113892845,0.051974385831233705
P2,loss,1.0,146,584.0,20,1.8074118575684188,0.2118808944204637,1.7985887082984515,0.05053446284239105,69.29400000000001,1.6719415794831385,0.05218760133602637
P2,loss,1.0,147,588.0,20,1.8222758895329771,0.23893302015956855,1.8009344866558972,0.05531336730013602,71.502,1.6746395564955248,0.05691926759664031
P2,loss,1.0,148,592.0,20,1.775859634409312,0.1817160363214137,1.8029191063813372,0.051905161924025736,69.627,1.6772080872401063,0.054089665939773594
P2,loss,1.0,149,596.0,20,1.8118883458622623,0.21723809863252938,1.8021695187779436,0.05425041241082819,71.416,1.676705835384255,0.056862504615011814
P2,loss,1.0,150,600.0,20,1.8489849534094696,0.1994879159562357,1.8081048526698154,0.05878994957608615,71.554,1.6834934713971823,0.06156550202207568
P2,loss,1.0,151,604.0,20,1.8334875392094034,0.18062104083699676,1.8118180081194541,0.057849106978941016,72.14599999999999,1.687301970871653,0.06043717895275252
P2,loss,1.0,152,608.0,20,1.6773483508906186,0.22609930323947858,1.806942908139532,0.055353548225865044,65.483,1.682532975392507,0.0580731194136471
P2,loss,1.0,153,612.0,20,1.7621057420198536,0.21409743312415147,1.8041296316589488,0.051246614316864954,68.25399999999999,1.6794219234333927,0.05407650343762943
P2,loss,1.0,154,616.0,20,1.8335285130490901,0.2293746520366445,1.803899876317439,0.05040933263336463,72.56899999999999,1.6792479363277857,0.052867191278349907
P2,loss,1.0,155,620.0,20,1.858501552123586,0.16212999458855357,1.805020208576746,0.04928025583531365,72.24,1.6805567321152872,0.05189247202491165
P2,loss,1.0,156,624.0,20,1.78351218844994,0.23716711451524827,1.8042888877918106,0.046259118738802105,68.874,1.6792950440256438,0.04964905881850816
P2,loss,1.0,157,628.0,20,1.8641102091303705,0.1893604612045273,1.8049266095210807,0.04686472792096656,70.917,1.6799094858790735,0.04944311137693891
P2,loss,1.0,158,632.0,20,1.7653853685308007,0.10842881542610222,1.8021615055020088,0.04892769178934544,71.91,1.6772342939138039,0.05142706016368365
P2,loss,1.0,159,636.0,20,1.797960625761284,0.23475529174184004,1.803004416691751,0.04669642815827798,70.381,1.6776284208303955,0.04942508429826001
P2,loss,1.0,160,640.0,20,1.6962775851386158,0.22680329761253373,1.7979064581194983,0.042757450031589865,64.686,1.6713929040584532,0.04553841381664315
P2,loss,1.0,161,644.0,20,1.7728741961726833,0.23778754487034787,1.8003194343411735,0.041052922302241744,69.991,1.6735145197007182,0.04503520002792706
P2,loss,1.0,162,648.0,20,1.8568812916048045,0.2117693471981736,1.8046750477327655,0.04133291657079473,71.535,1.677469460562564,0.04398350225981556
P2,loss,1.0,163,652.0,20,1.6605438424642274,0.2896047368450451,1.797159225882804,0.043639449382199165,64.333,1.670202112587408,0.04691754513773695
P2,loss,1.0,164,656.0,20,1.845671949432118,0.1899756996804296,1.7961175870783053,0.0410543720812604,71.94,1.6687906341553873,0.04396113900391967
P2,loss,1.0,165,660.0,20,1.838333859124844,0.18559480421920044,1.7951915962991862,0.041571057517775505,72.611,1.6670117721915816,0.0445196671142333
P2,loss,1.0,166,664.0,20,1.772959400386063,0.3018677165372406,1.7940886876423505,0.04430577231156839,67.19800000000001,1.6656196240106897,0.04774240193629325
P2,loss,1.0,167,668.0,20,1.8485087333201218,0.15875637588285094,1.7972333799931675,0.040356158379990265,73.94399999999999,1.66948614771174,0.04445719776833479
P2,loss,1.0,168,672.0,20,1.8323857204533298,0.16632197530685455,1.8003244086865604,0.0403063238180701,73.393,1.6725587594366895,0.04357896081633115
P2,loss,1.0,169,676.0,20,1.8234828825899423,0.16381717794090767,1.7994264925154653,0.03795469719758109,72.753,1.6716050750296916,0.04116570361167025
P2,loss,1.0,170,680.0,20,1.8226924746114501,0.19669519485380407,1.8005189082098234,0.03904748281762048,73.295,1.673186833714221,0.04254595865344886
P2,loss,1.0,171,684.0,20,1.8024512251238467,0.17446450676159303,1.8003204829120407,0.038299003970652105,72.837,1.6733614554935201,0.040211572912352944
P2,loss,1.0,172,688.0,20,1.8301457842735913,0.2341509227789844,1.8006352787016653,0.04098110826168094,68.748,1.6734636284171334,0.04337683406173648
P2,loss,1.0,173,692.0,20,1.8059658436768067,0.27079992082294635,1.801839527072365,0.04592327440530679,67.799,1.6742616688209424,0.04915618245038889
P2,loss,1.0,174,696.0,20,1.8383829747919456,0.21667017413995127,1.8028993122295525,0.046893234805244474,71.247,1.675172669704979,0.04911583666983156
P2,loss,1.0,175,700.0,20,1.8284920036759822,0.1469342463396295,1.8020795942402128,0.0449926567645445,73.106,1.6739157039142945,0.04606199832133281
P2,loss,1.0,176,704.0,20,1.8003724408497614,0.21544849234116256,1.8007549903058273,0.04256881922165164,70.715,1.6718273648531627,0.04384399441383357
P2,loss,1.0,177,708.0,20,1.8747429151085793,0.16655688768054183,1.8086507728745456,0.04365868286907059,73.988,1.6804887449386947,0.0449167980652667
P2,loss,1.0,178,712.0,20,1.8381894032883195,0.16298122851341165,1.8116941193252842,0.04528777247604305,71.89,1.6836057075301472,0.0474736641996741
P2,loss,1.0,179,716.0,20,1.7808397211314198,0.26591509527341584,1.8095865676485776,0.04577032068951966,69.566,1.6813281092936887,0.04734861549734627
P2,loss,1.0,180,720.0,20,1.8053392585574066,0.2217346661664414,1.80746007590593,0.046162502084641295,69.739,1.679950401824192,0.04663283565679312
P2,loss,1.0,181,724.0,20,1.8037519854323414,0.18949982153988737,1.8082696677852261,0.047159477198474346,71.05199999999999,1.681667081132355,0.04748934119245869
P2,loss,1.0,182,728.0,20,1.8453405319875393,0.24987977285908428,1.8075188806995128,0.04549320311232689,69.49,1.6804186220342259,0.04610058761993842
P2,loss,1.0,183,732.0,20,1.8306839066843512,0.20971171313002193,1.810130822225655,0.04519495605731257,70.892,1.6825855558004092,0.04605436867279419
P2,loss,1.0,184,736.0,20,1.8315433910284713,0.21941802147668477,1.8114741328363426,0.04261101747138408,69.723,1.6842653382165804,0.043354291161825834
P2,loss,1.0,185,740.0,20,1.7710261097943945,0.2640780922056451,1.8144640738225735,0.03986377853905977,68.104,1.6881662466109855,0.04122645067418404
P2,loss,1.0,186,744.0,20,1.7841165115596318,0.25486407708992265,1.8149137664380515,0.04340353190551519,69.798,1.688332131673437,0.04433919199371296
P2,loss,1.0,187,748.0,20,1.8949619652965488,0.16416655995794463,1.8164369933857212,0.041198092943078586,74.655,1.6906135583107083,0.04276611878982319
P2,loss,1.0,188,752.0,20,1.8222553297170538,0.2181224558097186,1.8229054528758344,0.03950605551253753,70.30499999999999,1.6974396484267913,0.04070400285460878
P2,loss,1.0,189,756.0,20,1.750628106769262,0.23231438817172897,1.8191036991693204,0.04465530294991467,68.61699999999999,1.6939881275190356,0.045717127158856175
P2,loss,1.0,190,760.0,20,1.7902039895798925,0.20264232239451513,1.8171785043875222,0.04563813613002249,70.37,1.69236991669999,0.04665534815231265
P2,loss,1.0,191,764.0,20,1.7122084192095812,0.26467491867394866,1.8147484651404628,0.05331838460742962,67.26,1.6898289100447568,0.05592124243981305
P2,loss,1.0,192,768.0,20,1.833754525040138,0.24514572816735195,1.8141582968092635,0.05381660923905292,71.761,1.688574334057065,0.056148407535005884
P2,loss,1.0,193,772.0,20,1.8139880663379053,0.18847031400814512,1.8134223906446465,0.05226964024977959,72.603,1.6879065085960174,0.05423013483551326
P2,loss,1.0,194,776.0,20,1.8738380306150284,0.1932955048414303,1.8154365965656498,0.0489356794194708,72.798,1.690736234434248,0.049921903510248944
P2,loss,1.0,195,780.0,20,1.858828109954673,0.1131514563311967,1.816882021979379,0.04663245743269518,73.95599999999999,1.6921970762990892,0.048051458505332566
P2,loss,1.0,196,784.0,20,1.8487070847268423,0.2105663134580019,1.8187322563634987,0.052770861962601,72.717,1.6945132703314243,0.05326677641544383
P2,loss,1.0,197,788.0,20,1.873392032925884,0.21375732794028765,1.8204621063095903,0.052906804811405,72.635,1.6964503111724976,0.051058118263207365
P2,loss,1.0,198,792.0,20,1.8338123887459516,0.1732255584075595,1.8215759681123562,0.05142186522454441,71.327,1.6981557404869037,0.04905910109975389
P2,loss,1.0,199,796.0,20,1.7571537325777495,0.2371199278662158,1.8183267984237883,0.048528646557189664,68.046,1.695030316271693,0.046141840751804435
P2,loss,1.0,200,800.0,20,1.8712485308199605,0.1594350073284153,1.8200370595095474,0.05120540868819185,72.87899999999999,1.6965118655105822,0.0500733593892
P2,loss,1.0,201,804.0,20,1.8082768625105803,0.1826708711876829,1.8203532363759802,0.05835118830935429,73.65299999999999,1.6974942089574596,0.057292677579047296
P2,loss,1.0,202,808.0,20,1.8673412494211714,0.12881267706943825,1.820057169748484,0.054766898645959544,72.292,1.6969654470376718,0.05378634759054396
P2,loss,1.0,203,812.0,20,1.8684845684927947,0.20605258475816654,1.821268976356663,0.05641258160841613,72.435,1.6976664931699066,0.05452471350043406
P2,loss,1.0,204,816.0,20,1.7826931597736795,0.21752198177934137,1.8213431139023535,0.055700398840757205,69.07000000000001,1.697701934388644,0.05375246683021497
P2,loss,1.0,205,820.0,20,1.8235163509333758,0.24118006018081167,1.822070197597392,0.054502064284665634,68.63,1.6969931153418307,0.05273055949221366
P2,loss,1.0,206,824.0,20,1.8602605540170862,0.21386863077520465,1.8243305403407821,0.057473931714117944,72.953,1.6991667534809785,0.053778649542037496
P2,loss,1.0,207,828.0,20,1.8498637227122543,0.14782519316748105,1.8245114679697703,0.05581993437576566,73.476,1.7001191761953265,0.05164544848722575
P2,loss,1.0,208,832.0,20,1.8470949240395889,0.17938441910332403,1.82516790866398,0.053187450050925296,72.408,1.700688912285294,0.04861601486332201
P2,loss,1.0,209,836.0,20,1.7837722728091279,0.20142747973436306,1.8232570639352061,0.05406895302640975,70.95700000000001,1.6991160913537269,0.05050408238696136
P2,loss,1.0,210,840.0,20,1.8371305516492928,0.12841833582515433,1.8259012416094023,0.057803456212015276,73.459,1.7027055871862256,0.053463075919462415
P2,loss,1.0,211,844.0,20,1.7840303321937427,0.1541179037673627,1.8258977944347667,0.05820637228859028,71.046,1.703848027233525,0.05323752422214078
P2,loss,1.0,212,848.0,20,1.8511098575299882,0.20983006508231736,1.824143710124104,0.053591846930670484,72.626,1.7018744395602137,0.049224961756840886
P2,loss,1.0,213,852.0,20,1.919441963610304,0.20011563033635907,1.828031175479834,0.05448515889379802,72.519,1.7062688888786959,0.05158372135676187
P2,loss,1.0,214,856.0,20,1.8196173085734664,0.2400015633329868,1.830790743552002,0.05921959004854704,71.341,1.7093488397754892,0.056576282676911185
P2,loss,1.0,215,860.0,20,1.8494256269849068,0.20452140086332146,1.833159609048203,0.06304118042927405,69.66499999999999,1.7117595055820882,0.05995467861065633
P2,loss,1.0,216,864.0,20,1.9181800541125351,0.14603368147975826,1.8413984744443213,0.05857803198376364,74.48400000000001,1.7208282726853974,0.05484789971446944
P2,loss,1.0,217,868.0,20,1.8031196818618604,0.19193142841417807,1.84017308071719,0.05902725793671695,70.515,1.7199128634383487,0.05482288864578797
P2,loss,1.0,218,872.0,20,1.7611954738071454,0.26811121615328004,1.8380613770159595,0.06389665908123106,68.501,1.7172521685317381,0.06232511275395866
P2,loss,1.0,219,876.0,20,1.8362927219435228,0.20612811253671248,1.8365595646690995,0.0649980479436109,72.7,1.715423868859477,0.06301780562466733
P2,loss,1.0,220,880.0,20,1.8485577266550073,0.2329677728481237,1.836148749337113,0.06556856372652348,71.33500000000001,1.714801517055685,0.06359989252426786
P2,loss,1.0,221,884.0,20,1.7739051139620154,0.22843372365524053,1.8331566705065196,0.06111618998186535,70.476,1.7112913833880508,0.059503823926086614
P2,loss,1.0,222,888.0,20,1.8994018552180514,0.17847037148080055,1.8341970633982065,0.05965248964007588,73.689,1.7119572806770473,0.05905643572627306
P2,loss,1.0,223,892.0,20,1.901179277615928,0.23459324808257576,1.8368917389530055,0.061272748944100605,72.422,1.7142334357972888,0.05984683856896778
P2,loss,1.0,224,896.0,20,1.7402377737687842,0.20033048807248507,1.8362151006006466,0.058321866781558124,66.36699999999999,1.7139011326751423,0.05672059696327131
P2,loss,1.0,225,900.0,20,1.8992827477634489,0.14910523294727157,1.8373364692783862,0.061811476617146574,73.38,1.7154379178039942,0.060164044884358135
P2,loss,1.0,226,904.0,20,1.8948342716276083,0.2091675623781886,1.8407987656430673,0.06048712022716632,73.211,1.7188327025287375,0.058928177098811624
P2,loss,1.0,227,908.0,20,1.869489959392648,0.2071769539332601,1.8408847140419264,0.0593870895643731,71.924,1.7189814031262514,0.057552409821146476
P2,loss,1.0,228,912.0,20,1.9080182121206513,0.25882987413528724,1.8424660597870406,0.06105552360133982,72.481,1.7206548854466373,0.05841177938813573
P2,loss,1.0,229,916.0,20,1.890815562354772,0.1435067738007073,1.8467909558902846,0.057735549451468186,73.611,1.7248008369042522,0.05447013453406385
P2,loss,1.0,230,920.0,20,1.8480324791383265,0.27376541824653505,1.8477716010184824,0.06225564589698077,70.662,1.7263701524928745,0.058341804792047224
P2,loss,1.0,231,924.0,20,1.8572590836002043,0.2142811530349831,1.8476515422018072,0.05919718954684105,73.011,1.7257136218707156,0.05588222186811851
P2,loss,1.0,232,928.0,20,1.9147320408194415,0.20065460811232885,1.8502462749260946,0.057505771248900925,72.702,1.72816645081849,0.054563785388383294
P2,loss,1.0,233,932.0,20,1.822493811265089,0.183969761058633,1.8492622304151147,0.05995696381659185,71.34700000000001,1.7279807508496723,0.056898486477276716
P2,loss,1.0,234,936.0,20,1.865955104781007,0.2371866505712113,1.8525495436939898,0.06063296027240119,71.023,1.7313425597312377,0.05762294881109264
P2,loss,1.0,235,940.0,20,1.8585376957769473,0.2286150758952532,1.853405829459096,0.06273244802608448,72.76899999999999,1.7312018460136744,0.06000603110548202
P2,loss,1.0,236,944.0,20,1.8941358496140506,0.19910903088347578,1.8578100501559085,0.06863006238432347,71.995,1.7352014107353184,0.06550213536227595
P2,loss,1.0,237,948.0,20,1.8848268129594394,0.18032886689914612,1.8591587283730864,0.0732014550448658,71.636,1.7363276885386323,0.0691850307728525
P2,loss,1.0,238,952.0,20,1.7869021530616955,0.22021821317090054,1.853857135951142,0.06997460243429347,70.103,1.7307554804933045,0.06659586048977371
P2,loss,1.0,239,956.0,20,1.8490579883130855,0.21749094158023902,1.855034763140727,0.0673346062207209,70.521,1.7313973084071521,0.06379571852156637
P2,loss,1.0,240,960.0,20,1.9024578946165225,0.19299227878563013,1.8571560538459917,0.0683991401884875,73.48400000000001,1.733300182143974,0.06458058303320405
P2,loss,1.0,241,964.0,20,1.8965546352853504,0.2604461940434076,1.856291037092904,0.07213900414581119,69.652,1.7316426149511552,0.06931851521810554
P2,loss,1.0,242,968.0,20,1.8614049917299482,0.2276999365350962,1.8586224494876276,0.0724793718157993,71.19,1.733832227035481,0.07094328715245574
P2,loss,1.0,243,972.0,20,1.9014409096053424,0.17391942766132734,1.8642322669195555,0.0720847176644245,73.28299999999999,1.7401492353623904,0.07062711463159363
P2,loss,1.0,244,976.0,20,1.9562308592311086,0.16763456253818537,1.8690297924110588,0.0747245326665978,75.63300000000001,1.7450004080344421,0.0733347883844722
P2,loss,1.0,245,980.0,20,1.8364063942440212,0.14909554296119776,1.8685437391146196,0.07722253503846471,71.45,1.7442048358554367,0.0761698887862842
P2,loss,1.0,246,984.0,20,1.8578655146246774,0.21640858006473646,1.871902155141126,0.08175262339133547,70.812,1.7477843072363146,0.08025481193173205
P2,loss,1.0,247,988.0,20,1.8987438381885255,0.19169845479210684,1.871875834459945,0.08523067561991886,73.286,1.7480332581536853,0.08418687931123295
P2,loss,1.0,248,992.0,20,1.9465210874735472,0.22416239989599346,1.8736895068542494,0.08899108431587491,73.808,1.749770986419692,0.08856256505069907
P2,loss,1.0,249,996.0,20,1.8698372260866674,0.2193778957547574,1.8788734849469653,0.08918941156655094,70.42999999999999,1.7551620519412743,0.08959275096229379
P2,loss,1.0,250,1000.0,20,1.9037163397206744,0.19255778155950917,1.8790508286252539,0.0896193671842834,74.80199999999999,1.7548922668042504,0.08991113636390924
P2,loss,1.0,251,1004.0,20,1.8896406281918376,0.24882063840132163,1.8788430828878233,0.08847307780941639,72.05199999999999,1.753900816979908,0.0882083441977303
P2,loss,1.0,252,1008.0,20,1.8399062193869014,0.18831612979235945,1.8776597332875933,0.08592113082988714,72.601,1.752057819164469,0.08531689897007552
P2,loss,1.0,253,1012.0,20,1.8513662416025252,0.23152334357264442,1.8753936544668683,0.08203909966943969,70.71799999999999,1.7505126922320002,0.08130462418584106
P2,loss,1.0,254,1016.0,20,1.8787546688042778,0.1383887355033823,1.8749112187248484,0.08400269028600213,73.88199999999999,1.7503551918236586,0.08259070139769453
P2,loss,1.0,255,1020.0,20,1.9026393085028013,0.16677565930712218,1.8770954918994274,0.0830215962313461,74.209,1.7529612963484706,0.08074865461370316
P2,loss,1.0,256,1024.0,20,1.9819153334524842,0.13570255346504628,1.8820817418935185,0.08122300548708292,75.137,1.7580220419452517,0.07933031118515102
P2,loss,1.0,257,1028.0,20,1.9731890264770517,0.13675762835436966,1.8844200213198232,0.08413670997202487,75.571,1.760214744547966,0.08227575439512633
P2,loss,1.0,258,1032.0,20,1.9048021631180077,0.21082550678567755,1.88771235539394,0.08420753175339686,72.979,1.7626289099723151,0.0818925482482144
P2,loss,1.0,259,1036.0,20,1.8011479355813407,0.2350696827064568,1.885120068625953,0.08439911121219554,70.83099999999999,1.7600583510884467,0.08222058905471433
P2,loss,1.0,260,1040.0,20,1.9048923764842876,0.1390977794777966,1.886974255854247,0.08569451821796266,73.006,1.7627102103291563,0.08227302289546608
P2,loss,1.0,261,1044.0,20,1.8349818690853066,0.23590468039733536,1.884608096633097,0.08013680078754956,68.336,1.7597896279315968,0.07758753292920569
P2,loss,1.0,262,1048.0,20,1.83726178514087,0.24423491666996178,1.8827054955203544,0.08102770762327857,69.152,1.7578033227319423,0.07847804486558016
P2,loss,1.0,263,1052.0,20,1.8291912001013753,0.2518657921591349,1.8843970574019415,0.08798720941082837,68.776,1.7594088525390341,0.08574429037246611
P2,loss,1.0,264,1056.0,20,1.905409237484084,0.19875214477162736,1.8866511073687815,0.08973542337770649,72.214,1.7620311901416734,0.0872093832419463
P2,loss,1.0,265,1060.0,20,1.842175607544283,0.2308523527145459,1.884239815885892,0.0929593288709989,71.68299999999999,1.7609083621869783,0.09095330808199452
P2,loss,1.0,266,1064.0,20,1.9193753604619155,0.14891738983212643,1.8851526448929543,0.08952025721611312,74.229,1.7621525414268397,0.08626643531670669
P2,loss,1.0,267,1068.0,20,1.9267918933860364,0.18117026246412732,1.887768120959198,0.08906084162677423,75.44,1.7645611369964456,0.08510060247404792
P2,loss,1.0,268,1072.0,20,1.8526318196897311,0.20965688156391846,1.8858157573625736,0.08770312590833722,70.745,1.7629133259088747,0.08303269581665303
P2,loss,1.0,269,1076.0,20,1.9021319453085095,0.16086373748999763,1.8836518008056697,0.08379414078845081,73.107,1.7610011541424515,0.07966031846325183
P2,loss,1.0,270,1080.0,20,1.9247062728792461,0.16603362008009548,1.8871837959510784,0.08447094466966137,73.108,1.7644471172133653,0.08003196157919024
P2,loss,1.0,271,1084.0,20,1.9299027944854419,0.12146350217313062,1.890065287145509,0.08026378090357993,74.362,1.767164407683533,0.07534430409878613
P2,loss,1.0,272,1088.0,20,1.8487466534235408,0.19043259157983533,1.8880653997549097,0.07554515365307644,70.914,1.7650465689220074,0.07082199883004917
P2,loss,1.0,273,1092.0,20,1.8984385799002,0.21000657934837888,1.8861420994519758,0.0747550304853568,72.775,1.7634161811902067,0.0701171677186414
P2,loss,1.0,274,1096.0,20,1.8617168691776442,0.24012278158701356,1.8858172851756148,0.07784266369690812,70.92,1.7618719670173117,0.07244897712874074
P2,loss,1.0,275,1100.0,20,1.9321383353015318,0.19375091791769972,1.886954164998849,0.07808853710582551,74.204,1.7633832389771213,0.07279119800925662
P2,loss,1.0,276,1104.0,20,1.8370905009513105,0.26814044819380317,1.884852159909228,0.08458240967919266,70.401,1.761430018160651,0.0795890819463015
P2,loss,1.0,277,1108.0,20,1.960450903062463,0.13663234463632476,1.8896739472562505,0.08473092217825244,74.34,1.767316989160027,0.0786706699620244
P2,loss,1.0,278,1112.0,20,1.8014312312559138,0.23280325894043175,1.8876765468423862,0.08164579461966298,70.95700000000001,1.7656274521708908,0.07473996241400521
P2,loss,1.0,279,1116.0,20,1.9490141882136283,0.14346933741144904,1.8904869276187601,0.08120317625473075,72.942,1.7687447134439025,0.07409394760913622
P2,loss,1.0,280,1120.0,20,1.9656300714957609,0.1298399263122967,1.8930065581384785,0.07861986744498242,74.973,1.7716053682781578,0.07179307610251114
P2,loss,1.0,281,1124.0,20,1.9443516728537493,0.23521540617296022,1.8915040117145292,0.08116031984493761,73.413,1.7697531581190815,0.07432494261958306
P2,loss,1.0,282,1128.0,20,1.8588764401935305,0.24525380140821312,1.8869315082631881,0.08138903144382828,71.786,1.7657060555989357,0.0740697324023294
P2,loss,1.0,283,1132.0,20,1.8447274586275086,0.2389749825101581,1.8845285200835682,0.08578504142451983,70.878,1.7639936520028647,0.0788721121098032
P2,loss,1.0,284,1136.0,20,1.8234166199570918,0.2664023440256965,1.8854192674585986,0.08845926040678848,71.513,1.7649811919283345,0.08227082045082316
P2,loss,1.0,285,1140.0,20,1.8746667195470998,0.19894987317334364,1.8842102411811108,0.08806537834042702,73.149,1.7631861335763515,0.08299551820214757
P2,loss,1.0,286,1144.0,20,1.9368500990678972,0.17290857555934297,1.8882849703804143,0.09321201928900845,74.534,1.7675959895216458,0.0877885653124468
P2,loss,1.0,287,1148.0,20,1.9598341503719954,0.14367197995509826,1.8931878649896596,0.09198905273035224,73.114,1.7719353559363746,0.08772779288193773
P2,loss,1.0,288,1152.0,20,1.9875017721897124,0.1683552279711681,1.8995202878731932,0.08956544585770987,75.392,1.7784401533672436,0.0847646521858486
P2,loss,1.0,289,1156.0,20,1.9402171177261955,0.18224930788496338,1.9009126030828774,0.08993985342147141,73.216,1.7800008596788424,0.08444219880176697
P2,loss,1.0,290,1160.0,20,1.9758188829759038,0.13668473242899717,1.9062583341001424,0.08938811731225553,74.958,1.783914671399677,0.08374729474971664
P2,loss,1.0,291,1164.0,20,1.8507444736083294,0.22614670711136448,1.903513098625999,0.09123711056827893,69.203,1.7809923019369145,0.0867849491895297
P2,loss,1.0,292,1168.0,20,1.9057190367946866,0.19146791718881073,1.902670184362345,0.09060437870370511,73.04400000000001,1.7803136918636384,0.08505600349108806
P2,loss,1.0,293,1172.0,20,1.9329415070836315,0.1677288885879997,1.905882571858101,0.09153778945280469,74.655,1.782734718779984,0.0859546653123372
P2,loss,1.0,294,1176.0,20,1.897321626792874,0.18810059507000676,1.9056901591174757,0.09288766002664949,74.304,1.7818456169550339,0.08691233084345283
P2,loss,1.0,295,1180.0,20,1.922187433909891,0.17822016432805615,1.905589405558701,0.0910872121664227,74.6,1.7816559342705482,0.08417149460561342
P2,loss,1.0,296,1184.0,20,1.9254263800349232,0.16045520360240292,1.9054103489806806,0.09265783835168301,74.957,1.7815225579822325,0.08533874533146903
P2,loss,1.0,297,1188.0,20,1.8216109577788309,0.2262473989373316,1.9043249211548923,0.09399208993373646,69.772,1.780604538330267,0.08719978060792395
P2,loss,1.0,298,1192.0,20,1.9284188273033116,0.22008791482231907,1.9055241310510165,0.09414388648667622,73.55,1.7810464279987663,0.08671833041888154
P2,loss,1.0,299,1196.0,20,1.896269034001526,0.1871554534237185,1.906906217643972,0.09426695052657474,72.24499999999999,1.783206114177857,0.08644934502245716
P2,loss,1.0,300,1200.0,20,1.9093484621797194,0.188463473613421,1.9059946227190996,0.09300227459360669,73.441,1.7824068317206514,0.08552196567439058
P2,loss,1.0,301,1204.0,20,1.9483391923270887,0.25506797358642935,1.9104445703741306,0.08910561748064781,73.048,1.7871242910156204,0.08210005130333702
P2,loss,1.0,302,1208.0,20,1.927649329420826,0.17663022766614495,1.909132507428465,0.08705807413373741,74.204,1.7852959321568664,0.08051972951441423
P2,loss,1.0,303,1212.0,20,1.913921889716504,0.2052339465040969,1.9136321337668885,0.0915774990997673,73.11800000000001,1.7892420147808565,0.08458397280040061
P2,loss,1.0,304,1216.0,20,1.906923026912046,0.2505707356552182,1.9119484873148251,0.09435477615037369,72.265,1.7864684562749908,0.08799000782569046
P2,loss,1.0,305,1220.0,20,1.9089846164492268,0.21226387331763555,1.9096826691129638,0.09410784485591242,73.726,1.7835118465573507,0.08732868502450807
P2,loss,1.0,306,1224.0,20,1.8656556325444544,0.3316970789287699,1.906534827500592,0.09710116811740896,69.79400000000001,1.780347502099661,0.09068895018796537
P2,loss,1.0,307,1228.0,20,1.8235068561573837,0.2578595317736926,1.9051200441391463,0.09435585508598437,69.987,1.7784334947340763,0.08882048085795727
P2,loss,1.0,308,1232.0,20,1.9382522475294066,0.2672868169513284,1.9088610356952223,0.09518371227737381,72.53,1.7815342379714767,0.08915516013292187
P2,loss,1.0,309,1236.0,20,1.9180028606292978,0.1823894624038209,1.9126444853221105,0.09293185076868715,73.971,1.7848984946340607,0.08661051695767857
P2,loss,1.0,310,1240.0,20,1.9420740676652688,0.22593409792350053,1.915340779246837,0.09389586036174574,73.475,1.787446004285637,0.0868475143207761
P2,loss,1.0,311,1244.0,20,1.9222996250374862,0.2073219797175848,1.9147587602856206,0.0943759057073475,72.339,1.7866174255727394,0.08865963689363568
P2,loss,1.0,312,1248.0,20,1.9822423811215284,0.13373897664851467,1.915655089515602,0.09568613021278587,75.476,1.7884812664426584,0.08918481895743775
P2,loss,1.0,313,1252.0,20,2.0067546619457284,0.14642215704638323,1.9164252051058426,0.0966045619843688,75.801,1.7884962863267428,0.08951245181586574
P2,loss,1.0,314,1256.0,20,1.9856162516691864,0.15460995938513142,1.9182411704635622,0.09436409421154562,75.024,1.7900718998996719,0.08766350217817921
P2,loss,1.0,315,1260.0,20,1.8881523768199877,0.18171107309613568,1.9147345102173259,0.0911483005046808,72.454,1.7868892955251376,0.08412472260646386
P2,loss,1.0,316,1264.0,20,1.9351503295271708,0.23375924852972066,1.9181107444540793,0.08968244662568982,72.115,1.7899222809258848,0.08350605845003657
P2,loss,1.0,317,1268.0,20,1.9198935026283686,0.14098931494800834,1.9186777230874266,0.0857427872901523,75.108,1.7907660831495065,0.0799694332573749
P2,loss,1.0,318,1272.0,20,1.9491993487723167,0.15259264875262724,1.9193280367549739,0.08202106081759389,74.88199999999999,1.791765388022434,0.07634232967331626
P2,loss,1.0,319,1276.0,20,1.9103381647364717,0.19463152308790474,1.9198486982727179,0.08305222245041052,72.064,1.7932036905127593,0.07793692854866534
P2,loss,1.0,320,1280.0,20,1.9623590240217943,0.15498433213415636,1.9214555618771942,0.08500278317676711,74.86,1.794948474448327,0.08044742714481139
P2,loss,1.0,321,1284.0,20,1.9583636327399057,0.17255864271075794,1.9227730519853936,0.08579192893805394,74.11699999999999,1.7963814844737533,0.08195178259881526
P2,loss,1.0,322,1288.0,20,1.9877022848823782,0.16795204779786932,1.9294167050695354,0.08698018440305821,75.183,1.8027587123121633,0.08276441235490158
P2,loss,1.0,323,1292.0,20,1.8911374293320722,0.30148081283636424,1.9279254491506859,0.08931251897090647,70.502,1.8015788893990046,0.08576855465669815
P2,loss,1.0,324,1296.0,20,1.9980050334908188,0.13322175948656811,1.9319948891302574,0.08979845308189154,75.784,1.805553192285974,0.0858477120947535
P2,loss,1.0,325,1300.0,20,1.979669825389982,0.18407234362417738,1.9348077436586677,0.08999696992786681,75.28999999999999,1.8080739102391128,0.08524621350318369
P2,loss,1.0,326,1304.0,20,1.9714880160630197,0.1681123336663747,1.935733696608105,0.09014296659755214,75.864,1.809297638667081,0.08576016955873123
P2,loss,1.0,327,1308.0,20,2.010611730050812,0.12018930834136522,1.9390521926333046,0.09081307417972027,75.61699999999999,1.8123339825970917,0.08673299092049108
P2,loss,1.0,328,1312.0,20,1.9601307081173551,0.14771533446831636,1.9409005453693386,0.09127950138444829,74.727,1.8145863187785474,0.08706642962223074
P2,loss,1.0,329,1316.0,20,1.9794844318676224,0.13996683466496804,1.9438030015675618,0.09068998495302846,74.077,1.818095086409776,0.08637210995059018
P2,loss,1.0,330,1320.0,20,1.9308854348646065,0.17760628345738863,1.9446790343041769,0.09039370874967963,74.044,1.8190394067821902,0.08694120857697525
P2,loss,1.0,331,1324.0,20,1.9867575717132184,0.1456193843873185,1.9495231118709273,0.08701916403635307,75.87,1.824133458482412,0.0833314263280684
P2,loss,1.0,332,1328.0,20,1.9616896045163863,0.15607588374852902,1.9550504218052875,0.09088104818328856,75.408,1.8295361434814386,0.0861753525724166
P2,loss,1.0,333,1332.0,20,1.9460342171287643,0.22635785513999518,1.9553617005892618,0.09088915239598967,72.815,1.8303056219550142,0.08560754240657016
P2,loss,1.0,334,1336.0,20,1.9111555697525915,0.1467360123549028,1.9550878089541937,0.08915433544088318,74.077,1.830609226439967,0.08389723738989191
P2,loss,1.0,335,1340.0,20,1.9865328561031563,0.19665778860144767,1.9568661604917093,0.0884397111882812,73.447,1.8320348102589104,0.0843764007343203
P2,loss,1.0,336,1344.0,20,1.9500247532621457,0.18369276004803792,1.9579751656206956,0.08605757513029907,73.772,1.833137503954891,0.08173280052688423
P2,loss,1.0,337,1348.0,20,1.9727368512863948,0.15186348911496408,1.95759494442729,0.08629194047472144,75.477,1.8323696986952673,0.08209780595066123
P2,loss,1.0,338,1352.0,20,1.955274252254218,0.17373657375287263,1.9555357280396297,0.08529373825663208,72.784,1.8301313307297487,0.08093694462281974
P2,loss,1.0,339,1356.0,20,1.9360626831377874,0.2194187666497679,1.9535535852983739,0.08504409434283666,73.181,1.8279955408079445,0.08079281361275958
P2,loss,1.0,340,1360.0,20,1.994348871430974,0.22598539450619076,1.9578014450828132,0.08826529575210733,73.494,1.8319472805716905,0.08375160030395253
P2,loss,1.0,341,1364.0,20,1.8910407205657642,0.23438389039638144,1.956037060724357,0.09390062776301078,70.57300000000001,1.8309317839524997,0.08963920635600668
P2,loss,1.0,342,1368.0,20,1.9981398665607064,0.1612598332015482,1.9591669152816504,0.09416110926901816,75.021,1.83393680664223,0.09036637422781557
P2,loss,1.0,343,1372.0,20,1.9519078905327731,0.21745350234055819,1.9592752569520688,0.09436946087007164,72.529,1.8332634618149761,0.09124776174671398
P2,loss,1.0,344,1376.0,20,1.9607784803787607,0.21662198234327418,1.9612928695777605,0.09583363697570704,74.499,1.834297473819871,0.09249683481237013
P2,loss,1.0,345,1380.0,20,1.9545884436285537,0.16013223700500331,1.9609820463620307,0.09378965345762388,73.299,1.834001394525507,0.09017807489374263
P2,loss,1.0,346,1384.0,20,1.9181071023661165,0.2585330392973622,1.9593717851470793,0.09224579377437891,70.791,1.8316118782665824,0.08844838325493094
P2,loss,1.0,347,1388.0,20,1.9284368871037458,0.21301175006083836,1.9570011692359337,0.09556189065737754,74.356,1.8291806312121366,0.0916093998285514
P2,loss,1.0,348,1392.0,20,2.0110797960945455,0.13084273530502655,1.9617988639064325,0.09197632613773175,75.13300000000001,1.8342895002230393,0.08723514585804772
P2,loss,1.0,349,1396.0,20,1.9912505449366944,0.1487798890157102,1.9615286843642679,0.09143122475520246,75.19,1.8345726574630778,0.08591484370700064
P2,loss,1.0,350,1400.0,20,1.987850277069701,0.1425312165396881,1.9618559024314564,0.08961228303861539,75.241,1.8347510912571159,0.08390729892783066
P2,loss,1.0,351,1404.0,20,1.8907117446829402,0.16917561684021865,1.9586248515762534,0.08788164966811396,74.318,1.831427024364665,0.08147682527931634
P2,loss,1.0,352,1408.0,20,2.0303164132121414,0.11984841787556984,1.9594130389027065,0.08781198592528039,75.374,1.8319128837035343,0.08164050997298129
P2,loss,1.0,353,1412.0,20,2.029076505461415,0.12927343839856745,1.962170870796469,0.08708674446728915,75.699,1.8341576271337683,0.08105089762337542
P2,loss,1.0,354,1416.0,20,1.9544424419978714,0.23941426584509554,1.9611691912016789,0.0889950759815186,72.997,1.8336007483667074,0.082484441040373
P2,loss,1.0,355,1420.0,20,2.0081707344306827,0.15650632316938265,1.964260603184322,0.08976660993145515,75.821,1.8360713119272087,0.08281357229659189
P2,loss,1.0,356,1424.0,20,2.020772326979816,0.14943128464395108,1.9656211933949859,0.09005851087298287,74.25399999999999,1.8370332471973654,0.08321298660901208
P2,loss,1.0,357,1428.0,20,1.997018540506455,0.09407908738592484,1.9670343508345887,0.0872574001505125,75.385,1.8384401966700774,0.08064121737431502
P2,loss,1.0,358,1432.0,20,1.990866604483043,0.15476878478328274,1.9688276463287597,0.08524613447939394,73.99,1.840211091750384,0.07850835351285179
P2,loss,1.0,359,1436.0,20,1.9976475195666783,0.1365632060637696,1.9722873243213233,0.08641247928334361,74.785,1.84263517739944,0.08044834507828587
P2,loss,1.0,360,1440.0,20,1.9404293221339048,0.20422705442079828,1.970443182962553,0.08994577672629271,72.913,1.841830611829599,0.0825170180305253
P2,loss,1.0,361,1444.0,20,1.975798504939077,0.1352423312966487,1.9714741330296301,0.0908219899997497,75.632,1.8429672007999358,0.0833879135215398
P2,loss,1.0,362,1448.0,20,1.9666963715627037,0.16888449267454858,1.971232513840683,0.0898046026077239,74.128,1.8428517585380444,0.08279958480635374
P2,loss,1.0,363,1452.0,20,1.9780789444326448,0.15395516638609777,1.9721447015278197,0.08966078243139662,74.175,1.84438024213827,0.08280260401727838
P2,loss,1.0,364,1456.0,20,1.9589143082904852,0.2343126137385279,1.9730587665339279,0.08601912770068339,71.82,1.8452051710864368,0.07979757129582589
P2,loss,1.0,365,1460.0,20,2.0136637813422515,0.10856323354926649,1.973831362930379,0.0845630141651191,74.89500000000001,1.8465475036442949,0.07903428673051374
P2,loss,1.0,366,1464.0,20,1.9872757260227587,0.19009959979771507,1.9776807631486588,0.08497950991893334,75.236,1.8499777108982705,0.0792873671911136
P2,loss,1.0,367,1468.0,20,1.9817337673144237,0.18897228709358632,1.9770245191788074,0.08895885147972604,75.724,1.8493267954333341,0.08262766197769363
P2,loss,1.0,368,1472.0,20,1.905255773897002,0.2392950678665808,1.9751584345133764,0.09079490440116271,72.547,1.848001838548555,0.08440879930965356
P2,loss,1.0,369,1476.0,20,2.0321535425864203,0.14322721061875182,1.9780134370016829,0.09017107441987061,75.681,1.8509553925112534,0.08394696795622521
P2,loss,1.0,370,1480.0,20,2.018724006290183,0.20705016345991933,1.9805788595081482,0.09273096443722588,74.018,1.8534967591460165,0.08695364616113094
P2,loss,1.0,371,1484.0,20,2.0506287693812353,0.1296591435709613,1.9858797261887529,0.09477940544999475,75.38300000000001,1.8590310971147743,0.08912455501220316
P2,loss,1.0,372,1488.0,20,2.003346925437378,0.1606225245100916,1.9888761277220979,0.09211808705585019,75.188,1.8627269295844884,0.08609636308572848
P2,loss,1.0,373,1492.0,20,1.8731044888065007,0.2563000068207704,1.9833571154305762,0.09210083704939899,71.971,1.8569365256737218,0.0857422582143966
P2,loss,1.0,374,1496.0,20,2.006528797574563,0.15566700560555594,1.9839682455360912,0.09023977230309359,74.162,1.8570453277916523,0.08467128118394364
P2,loss,1.0,375,1500.0,20,2.0358283523891174,0.16691925519821066,1.9858873685488678,0.09118042832812193,76.331,1.8592808501836324,0.08507437944965719
P2,loss,1.0,376,1504.0,20,1.9102889096533737,0.20028309540412492,1.986670455147685,0.09349163402304492,73.666,1.8596498653908302,0.08813312278648688
P2,loss,1.0,377,1508.0,20,2.0057417490667366,0.11919735156295597,1.9856874685818688,0.09288640738204501,75.389,1.8594405984318432,0.08785591686206286
P2,loss,1.0,378,1512.0,20,1.9844356514415353,0.2447135191565245,1.9839018344210735,0.09254373672098078,72.539,1.8575493253677888,0.08754553381040167
P2,loss,1.0,379,1516.0,20,2.0238227913157876,0.10795185677192067,1.9866770483937901,0.09100218041442859,76.295,1.8602393867279858,0.0863148662696906
P2,loss,1.0,380,1520.0,20,2.039231414351305,0.11846922997085599,1.987919475590615,0.08970756493372463,75.59299999999999,1.862440686144159,0.08535772901222481
P2,loss,1.0,381,1524.0,20,2.006885249174684,0.13453642214888947,1.9873639924784097,0.09087899930150979,75.768,1.8633241062911363,0.0861022422129605
P2,loss,1.0,382,1528.0,20,2.0122775457082165,0.1036380566985373,1.9879743526864804,0.0927985815557906,74.21799999999999,1.8641087551696671,0.08847167395373128
P2,loss,1.0,383,1532.0,20,2.06235208512784,0.12855272370583892,1.9908337719122724,0.0926602105353789,75.975,1.8659750548920964,0.08835014994318639
P2,loss,1.0,384,1536.0,20,1.998412717410838,0.20269068820283387,1.9908643798260386,0.09461124841685867,73.99600000000001,1.8661395996915329,0.08999375370405525
P2,loss,1.0,385,1540.0,20,2.0234042975359325,0.21235740171623801,1.9941833788421195,0.09464631952201717,74.664,1.8686477347655548,0.09065584344826108
P2,loss,1.0,386,1544.0,20,2.0105497439045408,0.13059789304229277,1.9955734284007385,0.09572245614151624,75.56800000000001,1.8700881205890465,0.09154431061310407
P2,loss,1.0,387,1548.0,20,2.029196426477834,0.13615156375640494,1.9980734305973435,0.09685140854793609,75.524,1.87271305811933,0.09279572476888454
P2,loss,1.0,388,1552.0,20,1.9787964745581175,0.173567616874466,1.9981021318023622,0.09499136333857156,73.90299999999999,1.8724246874153991,0.09180861419966219
P2,loss,1.0,389,1556.0,20,1.9658703556371289,0.22093765524111766,1.9983803736962282,0.09716277887001977,73.04400000000001,1.8734573524856746,0.09386829488918659
P2,loss,1.0,390,1560.0,20,1.999679571123113,0.17593885619325678,1.9978210052874625,0.09880607618189445,73.69399999999999,1.872943767832729,0.09527404144636488
P2,loss,1.0,391,1564.0,20,2.005596185922522,0.17994614887690508,1.9985538236834532,0.09663670141998643,75.57300000000001,1.8736121785722273,0.0934947838678227
P2,loss,1.0,392,1568.0,20,1.9741697759563492,0.1460772504401836,1.9982512640291301,0.0945419715962669,75.021,1.8737780100198183,0.09114302224249894
P2,loss,1.0,393,1572.0,20,1.9756472235357343,0.18834089969872123,2.0010669220146795,0.09388492768532147,73.815,1.8771541956825533,0.08987774897005067
P2,loss,1.0,394,1576.0,20,2.0235021050722137,0.13861599781117348,2.0007208645141112,0.0928606004091444,76.181,1.8769227786372358,0.08869149758266262
P2,loss,1.0,395,1580.0,20,1.9642002125422529,0.21978599473452862,1.998539912764194,0.09437215947033446,73.327,1.874710890518979,0.08979266936189294
P2,loss,1.0,396,1584.0,20,1.9912246819632782,0.18259186933768323,1.9961637492674758,0.09478261349251071,73.703,1.872734727022261,0.08963427687615326
P2,loss,1.0,397,1588.0,20,1.9976274344661864,0.1494116705563065,1.9959349696286282,0.09717385695832856,75.48400000000001,1.8724338832344223,0.0922779902221152
P2,loss,1.0,398,1592.0,20,1.9743504994893328,0.18181083642910364,1.9999848100559412,0.09761588438725624,74.314,1.8765696522701163,0.0922317300810176
P2,loss,1.0,399,1596.0,20,2.052370555990559,0.10781996482008957,2.0018184803925814,0.10014152720316169,75.813,1.8783545383336056,0.09513850189403258
P2,loss,1.0,400,1600.0,20,2.0663360763374263,0.10430501368357296,2.0030387893505135,0.09701685575343957,75.13300000000001,1.8789871597592047,0.09323757149200168
P2,loss,1.0,401,1604.0,20,2.0289964211909592,0.15427141925937207,2.007787089812017,0.09645872334840404,75.741,1.883689779931003,0.09260064075024949
P2,loss,1.0,402,1608.0,20,2.032725528587675,0.09864768810342861,2.0088664409928545,0.09419492333735556,75.64099999999999,1.884408603434655,0.09013028781512646
P2,loss,1.0,403,1612.0,20,2.002271891194038,0.185325580849296,2.0095798905829545,0.093326109363599,73.576,1.885040004395681,0.08879700049261009
P2,loss,1.0,404,1616.0,20,2.034683314957963,0.11856325914805725,2.0100143115286415,0.09348460174632134,75.75699999999999,1.885017777643489,0.08878437756583188
P2,loss,1.0,405,1620.0,20,2.033781602789654,0.16489857273612493,2.0097963190661754,0.09377368063692414,75.197,1.8848106491230818,0.08926568451450084
P2,loss,1.0,406,1624.0,20,2.0247787835603557,0.1502159467103165,2.0105120604416027,0.09453850631154123,75.64099999999999,1.8842433589413439,0.09046688090225051
P2,loss,1.0,407,1628.0,20,2.0494229162388633,0.12172694059472697,2.0119978752628285,0.09482768664645273,76.51899999999999,1.8854773889720886,0.09095994450895449
P2,loss,1.0,408,1632.0,20,2.0478788101870165,0.12807557478358,2.0114189442651957,0.0937921522408076,76.431,1.8855001134322933,0.09002109768711254
P2,loss,1.0,409,1636.0,20,2.046139835883345,0.13734650564148868,2.0133280290040956,0.0929675247357662,76.14500000000001,1.8872093016373082,0.08917803936495267
P2,loss,1.0,410,1640.0,20,2.021571307518976,0.1826748095525054,2.013254709403417,0.09278047786076074,73.72,1.8872134781566507,0.08917016054879727
P2,loss,1.0,411,1644.0,20,2.0395122728706867,0.14739910366642264,2.014413210562063,0.09371844026391463,76.15,1.8882851712449393,0.09026117696628704
P2,loss,1.0,412,1648.0,20,2.0186058754903273,0.11773983357218311,2.013989588522563,0.09300723434433802,74.772,1.8874940375655012,0.08923752880345316
P2,loss,1.0,413,1652.0,20,1.9848046092031673,0.20666306377312288,2.0142299139083653,0.09490303324955539,74.39,1.8880932351706516,0.09072098319706358
P2,loss,1.0,414,1656.0,20,1.9820857597642174,0.18585194213083908,2.0148785300734486,0.09412220538089719,74.402,1.8888528187439089,0.09031947504706901
P2,loss,1.0,415,1660.0,20,1.9844733153343235,0.131182944849579,2.014270279841897,0.09259256807985958,74.58099999999999,1.888205199655658,0.08902923096850161
P2,loss,1.0,416,1664.0,20,2.05263917613063,0.12510250890135646,2.0161519994502215,0.0933495211314579,75.669,1.8903372555288556,0.08969787820486674
P2,loss,1.0,417,1668.0,20,2.0147377563328126,0.17725481520464229,2.01777471866528,0.0933170211937289,74.15599999999999,1.8911056550336192,0.09095461489282919
P2,loss,1.0,418,1672.0,20,1.9298378789007136,0.30226158663367025,2.0159423448798792,0.09582859580813431,71.223,1.8887048901463044,0.0934700609974803
P2,loss,1.0,419,1676.0,20,2.0334270479147434,0.1566361410727494,2.01633934259358,0.09760227947323219,74.917,1.8888910239179464,0.09481590832628989
P2,loss,1.0,420,1680.0,20,2.0251437587481975,0.14147352419995646,2.018777084441818,0.09513213348373034,75.809,1.8916527181717715,0.09221651759718506
P2,loss,1.0,421,1684.0,20,1.9904164421155268,0.19456338549884417,2.0187447548479076,0.09567831799597921,74.08500000000001,1.8911258205488906,0.09299520074195339
P2,loss,1.0,422,1688.0,20,2.0071454265974924,0.18499563360502153,2.01912547453316,0.09582394170715292,74.565,1.89105599703704,0.09300575239439092
P2,loss,1.0,423,1692.0,20,1.9977824956078578,0.20386334368217762,2.020062754377901,0.09827319635970046,73.868,1.8913701004720553,0.09587659151603493
P2,loss,1.0,424,1696.0,20,2.0285522916344356,0.12507273830949633,2.0191100238036563,0.0988772436517636,75.64399999999999,1.8905065059557515,0.0957187131462957
P2,loss,1.0,425,1700.0,20,2.092928622174635,0.10100797528940618,2.0201737256371444,0.09983934140102542,76.42,1.8914553604017592,0.09638498758997656
P2,loss,1.0,426,1704.0,20,2.016213172911983,0.12948292631430938,2.0196623957059856,0.09791548369994359,76.122,1.891572845783585,0.09481744412648654
P2,loss,1.0,427,1708.0,20,1.978262247449488,0.2127308522997406,2.0174838644604582,0.09867387000799775,73.863,1.889499746509087,0.09539355462869943
P2,loss,1.0,428,1712.0,20,1.9483831269769616,0.260403572668755,2.015328313891775,0.0999192924425801,71.815,1.8873309005446461,0.09654099442426012
P2,loss,1.0,429,1716.0,20,2.0472504915688683,0.1876014624038201,2.015831000956211,0.09998838943792143,74.265,1.8873971158035985,0.09648664180119813
P2,loss,1.0,430,1720.0,20,2.013430500524141,0.2136888353085008,2.0150169568655905,0.10144852735717191,73.787,1.885797712168229,0.09845230496630801
P2,loss,1.0,431,1724.0,20,2.0316136093951327,0.12561689942684257,2.015290349898982,0.10041828027451213,75.80499999999999,1.8868518087712012,0.09765146944842633
P2,loss,1.0,432,1728.0,20,2.009047465272139,0.15118864962384967,2.0136753318603127,0.09970853166729318,74.132,1.885398560003096,0.09662128017952568
P2,loss,1.0,433,1732.0,20,2.0446513381111435,0.15421834316060926,2.0135462329772778,0.10037052266710049,76.607,1.8849081574470141,0.09678180620143867
P2,loss,1.0,434,1736.0,20,2.063332596894727,0.10555204653057408,2.014233943417733,0.09922510924530634,76.171,1.8863169232418406,0.09543311878450421
P2,loss,1.0,435,1740.0,20,2.018969388600375,0.15658821158086245,2.0141298666609893,0.09738315111988091,75.505,1.8866408858022203,0.09306237674416293
P2,loss,1.0,436,1744.0,20,2.0391500783914323,0.12806243859934685,2.0141153788818187,0.09580532642142418,75.999,1.8868450219237225,0.09178021494295305
P2,loss,1.0,437,1748.0,20,2.05023639760229,0.13818798652765013,2.0153805997662975,0.09640224593340817,76.51599999999999,1.8884521465847144,0.09173157102678996
P2,loss,1.0,438,1752.0,20,2.0822107846746554,0.13967696451891218,2.0192768467851567,0.09771102918962565,76.449,1.8917019373180075,0.09284507462203515
P2,loss,1.0,439,1756.0,20,2.0369548755428855,0.11851015245673621,2.0214716114163034,0.09711313421994806,74.64,1.8934524701850566,0.09187787595328632
P2,loss,1.0,440,1760.0,20,2.0016472336541393,0.19082619775718698,2.0221585681490963,0.09873101799535564,75.717,1.8935733638035195,0.09315969657987631
P2,loss,1.0,441,1764.0,20,2.07818279855043,0.113071530621861,2.0231803130458883,0.09817092081913523,75.82000000000001,1.8943928841788424,0.09258343073559273
P2,loss,1.0,442,1768.0,20,2.0742702188430377,0.1251138874446311,2.0255616115462973,0.09831741561192579,76.522,1.8969331583647144,0.09178034600118615
P2,loss,1.0,443,1772.0,20,2.021097174488344,0.23298337626323212,2.0292119833698026,0.09391422634123399,73.74,1.8997674412073606,0.08758963644168644
P2,loss,1.0,444,1776.0,20,2.0133402171452426,0.1408387635742681,2.0284085101390223,0.09335353362251587,76.245,1.8992098551985155,0.08696111211808705
P2,loss,1.0,445,1780.0,20,1.978105052938453,0.2752553720239447,2.0265269619066326,0.09696001471033454,71.92699999999999,1.8965987156572794,0.09081179325224105
P2,loss,1.0,446,1784.0,20,2.016449923231318,0.17533600645367037,2.0275683011512644,0.09684843126752812,74.19800000000001,1.8982803032205866,0.09076751835604288
P2,loss,1.0,447,1788.0,20,2.0300972759945397,0.15802070116928496,2.0284863751271462,0.09613635488026016,76.179,1.899101481179914,0.090099867055005
P2,loss,1.0,448,1792.0,20,2.0382057720115268,0.12269841748941701,2.030103306183293,0.09222332719885992,75.012,1.9013223956814822,0.08658058240356921
P2,loss,1.0,449,1796.0,20,2.0648430917403426,0.1262803581206476,2.0315549381875293,0.0913006751338097,75.663,1.902561611751937,0.08592270663338426
P2,loss,1.0,450,1800.0,20,2.054810569923446,0.1166379985356015,2.0300302160974817,0.09087280232962569,75.987,1.9019208006810306,0.08574579350115133
P2,loss,1.0,451,1804.0,20,2.0526191666761475,0.15527641804975226,2.0314864558480483,0.09286237867863335,74.469,1.9028380337062996,0.08724040264013813
P2,loss,1.0,452,1808.0,20,2.043293951339733,0.17959921969190484,2.034087724003658,0.0937830367772219,74.874,1.905219798499261,0.08781817856232015
P2,loss,1.0,453,1812.0,20,2.06017714264084,0.1606064856334033,2.0385594846302135,0.09090596914855105,74.315,1.9096885586084853,0.08542550916780291
P2,loss,1.0,454,1816.0,20,2.0610253828532676,0.12461724304977352,2.039110480281589,0.09029670372850587,75.685,1.910548193680451,0.08470534462551475
P2,loss,1.0,455,1820.0,20,2.0175158308971044,0.2080013731510188,2.0392738934965076,0.08933469277055937,74.36,1.9111186943242366,0.08363668046998292
P2,loss,1.0,456,1824.0,20,2.0529838629151564,0.13713510922559416,2.0401287036373086,0.08988816753330328,75.952,1.9112759359187366,0.08381160948340416
P2,loss,1.0,457,1828.0,20,2.0369810074418715,0.19243141831757718,2.041246045324098,0.09217368415690515,74.826,1.9126507012992662,0.08590986843222631
P2,loss,1.0,458,1832.0,20,2.0553826870366616,0.12162031995679885,2.0416752992811187,0.09090115503294596,76.309,1.9131211865030533,0.08536984366017374
P2,loss,1.0,459,1836.0,20,2.0725523183208523,0.10820547441081933,2.0420440881381636,0.09194425962633443,76.35,1.9126823188675999,0.08674570954476883
P2,loss,1.0,460,1840.0,20,2.0395235918471952,0.13977140904723284,2.0428662562680366,0.09086212130357837,76.171,1.913189743076107,0.08703074931250791
P2,loss,1.0,461,1844.0,20,2.055127797064617,0.11986448941731671,2.043505365014964,0.09150134299556831,76.279,1.913848251719568,0.08770876012138297
P2,loss,1.0,462,1848.0,20,2.014856980394437,0.12939667532492544,2.04209018832665,0.09115150539951161,76.60900000000001,1.9121625628739856,0.08819749774196918
P2,loss,1.0,463,1852.0,20,2.03083758332211,0.12027226453188788,2.040035260272548,0.09027495200539418,76.032,1.9108681624970694,0.08782729278812193
P2,loss,1.0,464,1856.0,20,1.9938338738901702,0.17538774300384571,2.0383104202064395,0.09119797182872441,75.91799999999999,1.9094262505220108,0.08886040952623804
P2,loss,1.0,465,1860.0,20,2.015646138519581,0.10175048282209434,2.038870376401057,0.08918872577862333,75.962,1.910303485557808,0.08773247877061773
P2,loss,1.0,466,1864.0,20,2.062916538534144,0.10168494278918049,2.0382597260004056,0.08858338298780166,76.59700000000001,1.9092051476248237,0.08725593706360646
P2,loss,1.0,467,1868.0,20,2.0114853286851164,0.1978906429703222,2.035748330394089,0.08992441896719373,74.50399999999999,1.9069371043206278,0.088712830083349
P2,loss,1.0,468,1872.0,20,2.0799013615260202,0.12466372013919748,2.038100497875596,0.09064394927792462,76.172,1.9090753038766306,0.08895791955527632
P2,loss,1.0,469,1876.0,20,2.0628230629921216,0.10255708786064002,2.0400798117094707,0.08978310220166791,75.897,1.9109406497850014,0.08905788090614333
P2,loss,1.0,470,1880.0,20,2.0580921467477573,0.15876674016729883,2.043279295461843,0.08858000299711735,76.084,1.9144891247427538,0.08702339788356911
P2,loss,1.0,471,1884.0,20,2.052226447671669,0.1179464363634943,2.0447103564394573,0.08772442696797762,76.58,1.9151187371947596,0.08666755087348041
P2,loss,1.0,472,1888.0,20,2.011917400306104,0.116942717624349,2.0439831614119197,0.08736344315059583,76.147,1.914756829285691,0.0860757106526951
P2,loss,1.0,473,1892.0,20,2.0033944951684437,0.20305200921037908,2.042590710338197,0.09034172395318184,74.544,1.91323401090726,0.0885307803343517
P2,loss,1.0,474,1896.0,20,2.059680814800595,0.10133276502001526,2.0423842192606068,0.09004681381655172,76.313,1.9136477991881802,0.08835799817677316
P2,loss,1.0,475,1900.0,20,2.05884920077821,0.09745869401685775,2.0425457644947973,0.08926050300617025,75.101,1.9135232088817602,0.0880231591814774
P2,loss,1.0,476,1904.0,20,2.076719218143142,0.10618589554506769,2.043509766553477,0.08893640548617339,76.11,1.914565586522437,0.08815795958082526
P2,loss,1.0,477,1908.0,20,2.044094902797949,0.09866451557393408,2.0435418046118055,0.08736910416212705,75.567,1.914905591471609,0.0874905275407897
P2,loss,1.0,478,1912.0,20,2.0705768184492834,0.10021051663606244,2.0439577916441434,0.08823177526297867,76.063,1.9158131460155865,0.088123172760481
P2,loss,1.0,479,1916.0,20,2.0593874098847715,0.09327984640344082,2.0438922727254036,0.08686526932957837,75.689,1.916174010956133,0.08730718125751892
P2,loss,1.0,480,1920.0,20,2.039998788086497,0.1429981071771629,2.0447915910129795,0.08589987281252505,76.204,1.9170803132064607,0.08628037357870916
P2,loss,1.0,481,1924.0,20,2.0592485907358733,0.10744986928013495,2.0450421801258076,0.08537896896929462,75.689,1.9178393348076495,0.08587251687427726
P2,loss,1.0,482,1928.0,20,2.0483228229696033,0.19046746225358777,2.045495852746917,0.0861689658700272,74.365,1.9179086308121007,0.0869955060057108
P2,loss,1.0,483,1932.0,20,2.071562858725996,0.09020665520817348,2.0461430596144905,0.08588860580789301,76.628,1.9188998625115417,0.08660894821455951
P2,loss,1.0,484,1936.0,20,2.0633852586771715,0.1278121622531845,2.0457763772287434,0.08741521253305884,75.752,1.9189610125106884,0.08811696000525865
P2,loss,1.0,485,1940.0,20,2.0665680195047464,0.09118503316065843,2.0468581543350455,0.08708248734095941,75.798,1.9198559815466336,0.08725605132023564
P2,loss,1.0,486,1944.0,20,2.072491311833803,0.09331198239602374,2.047552694925813,0.0873380101844295,76.05499999999999,1.9200853384850471,0.0877254817883097
P2,loss,1.0,487,1948.0,20,2.0595721623105385,0.13798030467827802,2.049341302202457,0.09000139906895253,75.988,1.9219304899934553,0.08961583999539513
P2,loss,1.0,488,1952.0,20,2.044561085845255,0.11325289881171982,2.0498902423033827,0.09010196887951545,76.425,1.9226787575646345,0.08982315155778853
P2,loss,1.0,489,1956.0,20,2.043113522053369,0.1875655181633575,2.0518614282299104,0.09022025261727452,74.72,1.9243476155035784,0.08995818280157755
P2,loss,1.0,490,1960.0,20,2.041594268836985,0.18568158032062113,2.0528993534426068,0.09276035019438826,74.538,1.9253729178502632,0.09238017971515301
P2,loss,1.0,491,1964.0,20,2.0851341192566486,0.10810562538573833,2.0537880566715065,0.0936799150419477,76.217,1.9265732610170836,0.09306977954715157
P2,loss,1.0,492,1968.0,20,2.02766770301366,0.1687237789408961,2.0544353516446483,0.09104753527806177,74.49300000000001,1.9269421804082285,0.09114405321747689
P2,loss,1.0,493,1972.0,20,2.0554883728661517,0.13246512514863032,2.053458832098254,0.09110870861492182,76.229,1.926240932460385,0.0908084849712689
P2,loss,1.0,494,1976.0,20,2.0887199240679646,0.10101843714696125,2.0544947065412873,0.09138043033196354,76.3,1.9274054152841742,0.09061953107061299
P2,loss,1.0,495,1980.0,20,2.0285618513488215,0.16412567555372803,2.05331349472533,0.08873193722418032,75.929,1.926555243302671,0.0884938190364302
P2,loss,1.0,496,1984.0,20,2.061176047379426,0.09750271195115917,2.0536714787136403,0.0881465627995918,75.201,1.9276295232040694,0.0877937622490824
P2,loss,1.0,497,1988.0,20,2.080335150187908,0.09283884894730958,2.0564081887089123,0.0872142996123792,75.39500000000001,1.9295327619111888,0.0872395477084615
P2,loss,1.0,498,1992.0,20,2.0601898236377716,0.11153639354209134,2.0586800018476854,0.0869070439215616,76.436,1.9316604467519796,0.08651196255768719
P2,loss,1.0,499,1996.0,20,2.025171385849317,0.1609742443120967,2.0572996246896347,0.08951698152452922,76.08500000000001,1.9301467017718899,0.0889341970309188
P2,loss,1.0,500,2000.0,20,2.043565945388642,0.11501425210042622,2.0566882944740517,0.08997589601366983,75.753,1.9299563234445638,0.08914462616565508
P2,loss,1.0,501,2004.0,20,2.0620347128204406,0.09434080410347831,2.0561009142611435,0.09033685137971734,76.151,1.9298813591654376,0.08959797762921233
P2,loss,1.0,502,2008.0,20,2.037396370850643,0.13877080280261425,2.0558329729832514,0.09280740543400265,76.20700000000001,1.9297970185083417,0.09157478111833249
P2,loss,1.0,503,2012.0,20,2.0389311285278984,0.20415195296903133,2.054567145386396,0.09528330493697715,74.413,1.9280458313667375,0.09325499789988075
P2,loss,1.0,504,2016.0,20,2.08152670235369,0.13778484509894534,2.055452717085153,0.09745576117654242,76.40700000000001,1.928432851591102,0.09489572796422778
P2,loss,1.0,505,2020.0,20,2.0487602946340635,0.17947745035226112,2.0558031773470558,0.09732211369931777,74.814,1.9285716719150845,0.09556972525651494
P2,loss,1.0,506,2024.0,20,2.0704000972695518,0.09696150051627007,2.0562492376084025,0.09749088387906224,76.53999999999999,1.9292495480067473,0.09581680907295012
P2,loss,1.0,507,2028.0,20,2.0718546284478325,0.10324105554676799,2.057190509827532,0.09560513273509831,76.273,1.9307931482134602,0.09440724002754794
P2,loss,1.0,508,2032.0,20,2.0430676232612,0.1647007025298326,2.0560507004089397,0.09506374301190049,74.568,1.9298580982361515,0.0940068541225173
P2,loss,1.0,509,2036.0,20,2.024800365031388,0.17132215232659748,2.0545073046631086,0.09631639352657237,74.482,1.9285866631731967,0.09484986513181297
P2,loss,1.0,510,2040.0,20,2.050932506336839,0.09920224218225428,2.053881884136392,0.09635058471155607,76.464,1.9283154588906601,0.09475682142349458
P2,loss,1.0,511,2044.0,20,2.0706742470377812,0.09052771032505114,2.0538092015445515,0.09656865239654168,75.79299999999999,1.9283839040794715,0.09479431048464979
P2,loss,1.0,512,2048.0,20,2.016742596966367,0.16986120638838756,2.0520960189307846,0.09464899862216355,75.687,1.9265514250352855,0.09353010063055965
P3,accuracy,0.5,1,4.0,20,1.7656004659727427,0.302423907757707,1.7656004659727427,0.302423907757707,70.022,1.6282181586783815,0.2993122807243727
P3,accuracy,0.5,2,8.0,20,1.657136408373,0.332128833300337,1.7113684371728712,0.2346318473140062,66.564,1.5757075473642834,0.24556879490716818
P3,accuracy,0.5,3,12.0,20,1.6768911769876134,0.2963831533919584,1.6998760171111187,0.18657310551352824,67.58,1.5592457360281733,0.1967381913541596
P3,accuracy,0.5,4,16.0,20,1.7996159798943723,0.33070344876747004,1.724811007806932,0.14627855220638378,70.22200000000001,1.5813772261204344,0.15413121217324321
P3,accuracy,0.5,5,20.0,20,1.7508666915544044,0.26062459832163315,1.7300221445564266,0.1294120452748746,69.705,1.5897477006867937,0.13562155931693332
P3,accuracy,0.5,6,24.0,20,1.6741553759238799,0.3076150336524333,1.720711016451002,0.12062342983795439,69.265,1.581786632936603,0.1271535659006181
P3,accuracy,0.5,7,28.0,20,1.5661637315931496,0.3600913112050408,1.69863283289988,0.11109885154974332,58.016,1.5554658459809532,0.11646188369628735
P3,accuracy,0.5,8,32.0,20,1.644762229844932,0.2790142031517562,1.6918990075180116,0.1173095803536788,64.549,1.5481962139329108,0.12205141476378681
P3,accuracy,0.5,9,36.0,20,1.781387390646115,0.32912116006896075,1.7018421611989123,0.11175631298572003,67.761,1.5574001597044016,0.11558816710560346
P3,accuracy,0.5,10,40.0,20,1.645633966388949,0.36530045778726533,1.6962213417179157,0.1043699566106757,65.26599999999999,1.551290276016933,0.10919478507745894
P3,accuracy,0.5,11,44.0,20,1.8890633295189185,0.21330341524111474,1.713752431518007,0.10093445763657166,74.736,1.568929852389944,0.10637526099838006
P3,accuracy,0.5,12,48.0,20,1.7934651478486905,0.24289166695316583,1.7203951578788974,0.09565263908540984,72.699,1.5774153337712924,0.1009709797438072
P3,accuracy,0.5,13,52.0,20,1.6492770947848907,0.3277765899313124,1.7149245376408966,0.09413943719520869,66.238,1.572099017325723,0.09799637570189691
P3,accuracy,0.5,14,56.0,20,1.755581385276664,0.2868834407968926,1.7178285981863088,0.08605946201796086,69.753,1.5756341927469473,0.08810412184584386
P3,accuracy,0.5,15,60.0,20,1.795368779379261,0.1935844767857637,1.7229979435991722,0.08059775807553303,72.136,1.5816280522385928,0.08112974807024396
P3,accuracy,0.5,16,64.0,20,1.6554743401641616,0.3291361505895614,1.7187777183844841,0.07706141456354448,64.157,1.5763409297140236,0.07699894072920005
P3,accuracy,0.5,17,68.0,20,1.769148227359283,0.22796089255353297,1.7217406895006486,0.0808220794293455,71.434,1.5795622713149575,0.07951188853130395
P3,accuracy,0.5,18,72.0,20,1.7245826672328302,0.3248936369355221,1.7218985771524367,0.07621252921133703,69.904,1.5797719892349795,0.07512498880909928
P3,accuracy,0.5,19,76.0,20,1.616647482917088,0.2513557823765494,1.7163590458768918,0.07608852835939083,65.00399999999999,1.5741296233811801,0.0759414890176052
P3,accuracy,0.5,20,80.0,20,1.6305149600933582,0.37702144267171833,1.7120668415877152,0.07269562695445639,64.10499999999999,1.5691353878888017,0.0723459054191197
P3,accuracy,0.5,21,84.0,20,1.6811035954441529,0.22526650500455253,1.7105924012951648,0.06482259586118745,69.038,1.5676674511806128,0.06506715525035313
P3,accuracy,0.5,22,88.0,20,1.67596931239353,0.2542422347325318,1.7090186245269083,0.06590190657408036,66.00399999999999,1.5662650149704018,0.0665434424667244
P3,accuracy,0.5,23,92.0,20,1.611632383042189,0.30982032344147287,1.7047844401145293,0.06197962267912635,62.089,1.5615299247183216,0.06186271056932294
P3,accuracy,0.5,24,96.0,20,1.7994672026460186,0.19573761750821514,1.7087295552200081,0.06207953792088766,73.579,1.5662673311296476,0.062075666708752406
P3,accuracy,0.5,25,100.0,20,1.796313094822667,0.22283959856645996,1.7122328968041145,0.05893102442272157,71.28999999999999,1.5698343970627797,0.05852933595140619
P3,accuracy,0.5,26,104.0,20,1.6260427391725192,0.29970260590584435,1.7066505877321057,0.05392481277156337,64.273,1.5646347056834764,0.0538000684673779
P3,accuracy,0.5,27,108.0,20,1.7563622412272195,0.30968861318058255,1.710619621046274,0.048657668266003845,69.538,1.5685650426706923,0.0478817880341275
P3,accuracy,0.5,28,112.0,20,1.8462919352216847,0.3030916065244303,1.7173956513756372,0.04819904313030108,69.979,1.576011016093692,0.04854372946977711
P3,accuracy,0.5,29,116.0,20,1.6524764713536109,0.31421520672205705,1.7115100710340065,0.04837759255763302,68.00399999999999,1.5704610280955689,0.048454792256992105
P3,accuracy,0.5,30,120.0,20,1.7857374243917135,0.2879938310754801,1.712904900347499,0.04572020142925749,71.671,1.5715799132807633,0.04532585762990047
P3,accuracy,0.5,31,124.0,20,1.7107912898754285,0.13817874505205352,1.7143703369055612,0.04367290868949645,72.316,1.5734547652552764,0.04300490990737922
P3,accuracy,0.5,32,128.0,20,1.7466685861591227,0.3286131662667431,1.7215905310882,0.04039265616535503,69.97200000000001,1.5824266924953392,0.040630299762551995
P3,accuracy,0.5,33,132.0,20,1.7913268378765541,0.285179402006729,1.727453115409465,0.04572544530793063,70.623,1.588545458916966,0.045775090559615705
P3,accuracy,0.5,34,136.0,20,1.7219193796293457,0.3276206410882777,1.7250743949687941,0.049348515749621784,68.36800000000001,1.5864062107991095,0.04892992315834234
P3,accuracy,0.5,35,140.0,20,1.6871576804748876,0.2172510866557612,1.7267353435322317,0.05168033821310248,69.216,1.5885077180795675,0.05164653457947333
P3,accuracy,0.5,36,144.0,20,1.7997902306526954,0.2609735141919371,1.7231644195775826,0.0534733888378441,70.547,1.5851707310105883,0.05425121990028477
P3,accuracy,0.5,37,148.0,20,1.7956277974668828,0.27155654139311086,1.7232509255623103,0.05309633816277227,70.686,1.5847221102493254,0.05431908783140247
P3,accuracy,0.5,38,152.0,20,1.8288322696673152,0.213102908824573,1.7304331325576072,0.04833342556783648,72.997,1.5925372194691438,0.050920356606678006
P3,accuracy,0.5,39,156.0,20,1.6756965299703215,0.2836776463467791,1.7272377383453539,0.05198957349193711,70.29400000000001,1.5895874020804803,0.05443124033988815
P3,accuracy,0.5,40,160.0,20,1.7354285067777488,0.2529550413721889,1.724840127441293,0.060430878275160596,71.387,1.5873371269239624,0.0631361141044753
P3,accuracy,0.5,41,164.0,20,1.6799765152773696,0.2613076484500124,1.7258202144458217,0.060321537740856954,63.404999999999994,1.588904021998848,0.061677848242030986
P3,accuracy,0.5,42,168.0,20,1.742246497744988,0.33524704754088086,1.7247441452612495,0.06297401625564582,68.304,1.5873115534350728,0.06301405063329411
P3,accuracy,0.5,43,172.0,20,1.68237742470498,0.31815613036105705,1.7230559355601358,0.06189284537692539,67.072,1.585511031266292,0.062410970984101734
P3,accuracy,0.5,44,176.0,20,1.8048517541181277,0.18296008394242838,1.7305841064081773,0.06507812995785762,71.914,1.5935504799208517,0.06589592203487987
P3,accuracy,0.5,45,180.0,20,1.6828993609394403,0.2835993460958472,1.7326794824420204,0.06330616703015726,69.463,1.5967236624730603,0.06405211643116832
P3,accuracy,0.5,46,184.0,20,1.6570839710832748,0.29442175224319145,1.7317186974675853,0.06265654343785897,66.779,1.595265774549841,0.06379409613991209
P3,accuracy,0.5,47,188.0,20,1.8265654772847253,0.25612518089096403,1.7377425440632333,0.06612470861823927,70.475,1.6012775156100516,0.06625527895670343
P3,accuracy,0.5,48,192.0,20,1.8187871729281533,0.3124138858161711,1.746028735658672,0.06209595119149193,69.536,1.6100329777693805,0.062023175386697736
P3,accuracy,0.5,49,196.0,20,1.7938576400904007,0.2569425172079222,1.745804353156447,0.056866477568306414,69.30199999999999,1.6090509646411857,0.057032198950145586
P3,accuracy,0.5,50,200.0,20,1.7327239332113304,0.2587561921796092,1.7432607866919938,0.05658506129865372,69.459,1.606862183484544,0.05771607086621666
P3,accuracy,0.5,51,204.0,20,1.7203900575735571,0.26987375660662455,1.7470346794280354,0.06357125096505636,67.72200000000001,1.610405139852246,0.0644486397937591
P3,accuracy,0.5,52,208.0,20,1.7154511720464534,0.2770275069395378,1.7453982366608045,0.06370073236720895,67.502,1.6088252413167798,0.06484176106962743
P3,accuracy,0.5,53,212.0,20,1.7326201594465658,0.2523935798218403,1.7408513656298,0.06092825421900185,68.551,1.6045605223809638,0.062338055854720874
P3,accuracy,0.5,54,216.0,20,1.7284283521657848,0.22070336269506446,1.743889440862287,0.06552297223420131,69.80799999999999,1.6083569007691672,0.06715294069436091
P3,accuracy,0.5,55,220.0,20,1.8124262663305584,0.22739922876315447,1.7449569945398404,0.06194305523013989,72.979,1.6099694622066796,0.06370363132492153
P3,accuracy,0.5,56,224.0,20,1.679502819397883,0.32257979488876437,1.7437054557207385,0.055393609965649356,64.497,1.6083820206457258,0.0571985695315789
P3,accuracy,0.5,57,228.0,20,1.7096667430738102,0.2520619409652261,1.7422253819973261,0.05173625861557987,71.542,1.6062485066739947,0.05432274143940559
P3,accuracy,0.5,58,232.0,20,1.7089371639511153,0.27656068622251834,1.7389297950403086,0.052373162458688595,68.804,1.6036847355472925,0.054540489751094094
P3,accuracy,0.5,59,236.0,20,1.8019902059348776,0.21440566448490936,1.74213262809253,0.05740255566464871,71.437,1.6072321107619554,0.058974842262487885
P3,accuracy,0.5,60,240.0,20,1.7823567487076684,0.23787323708891478,1.745940590821841,0.06132894916226274,72.132,1.6110426084110805,0.06313002353436617
P3,accuracy,0.5,61,244.0,20,1.716344816798184,0.20748469282104023,1.7426027742676606,0.06513668076977794,70.529,1.6077403842004074,0.06647350869184651
P3,accuracy,0.5,62,248.0,20,1.7772436470237818,0.2582239665682473,1.7418674082499366,0.06337801156641741,70.70599999999999,1.6073778583275362,0.06514336642097707
P3,accuracy,0.5,63,252.0,20,1.8066764182334871,0.20075705002820188,1.7409811741925836,0.06359224431713058,71.408,1.6056333211144664,0.06630070701402858
P3,accuracy,0.5,64,256.0,20,1.7943454877575917,0.27789678426515535,1.7457271325040744,0.06255861234217025,71.104,1.6099219591983318,0.06493816013051526
P3,accuracy,0.5,65,260.0,20,1.7692745778859194,0.23335134237007732,1.7470809753484011,0.056492947354898154,71.37,1.6112509701750952,0.058797930097400516
P3,accuracy,0.5,66,264.0,20,1.8009187366599633,0.2928725963298285,1.7519186642037048,0.053535027238426874,70.815,1.6161330977267263,0.055902204038647575
P3,accuracy,0.5,67,268.0,20,1.7099006215905383,0.2794170160077166,1.7506248291575268,0.051471533834518565,68.58500000000001,1.6165680779935332,0.05322894980843962
P3,accuracy,0.5,68,272.0,20,1.7634155011656296,0.2519095285332529,1.7538663522159528,0.04304307937567674,70.381,1.6197467453871894,0.04416012390581651
P3,accuracy,0.5,69,276.0,20,1.7866434421065533,0.24044642995942742,1.75313801973549,0.042577997326476984,70.324,1.6184864936102958,0.04489945477526983
P3,accuracy,0.5,70,280.0,20,1.804845812801751,0.24281516683253926,1.7580158778099821,0.04094945769770699,71.45599999999999,1.6241520392171214,0.04206305431584563
P3,accuracy,0.5,71,284.0,20,1.7813880337540375,0.24065944667110126,1.762988040316813,0.042763776889156134,71.63,1.629812096188515,0.04419025438431855
P3,accuracy,0.5,72,288.0,20,1.7290631477565133,0.26527369151862623,1.7590879471356842,0.04581690987784197,70.126,1.6260623392722597,0.047817826026838844
P3,accuracy,0.5,73,292.0,20,1.8141374107560697,0.21938476232049814,1.758901956648801,0.04769126771831094,72.846,1.6260518273161573,0.048627395430739566
P3,accuracy,0.5,74,296.0,20,1.7221670044548092,0.2514995321862581,1.7560343312233773,0.04460495524408432,68.97,1.623128330188716,0.045791481759844314
P3,accuracy,0.5,75,300.0,20,1.842623712104988,0.21970922696393613,1.7604303223791233,0.04576757039821425,71.308,1.627777865058896,0.04778567061987169
P3,accuracy,0.5,76,304.0,20,1.8635651448295267,0.1312125781369643,1.7661573258693626,0.04642657393387253,74.688,1.6335315628067655,0.04855189055149584
P3,accuracy,0.5,77,308.0,20,1.8135258975031825,0.2793246453552406,1.7700803148876314,0.04743514216743442,71.151,1.6379012150428305,0.049174316962506605
P3,accuracy,0.5,78,312.0,20,1.724643279599496,0.2651640743883321,1.7697612396937488,0.04675305599188794,70.529,1.637150427484747,0.04908624651991292
P3,accuracy,0.5,79,316.0,20,1.7410211555148962,0.2548539908953662,1.7702649518277134,0.04786877516537795,69.282,1.637452484160874,0.04996037975199552
P3,accuracy,0.5,80,320.0,20,1.8716019200836698,0.25353558364723705,1.7726319779778374,0.043456699037154864,72.922,1.6389481186917538,0.04538163676822811
P3,accuracy,0.5,81,324.0,20,1.7393501565201401,0.2983905922804847,1.7750258714627278,0.04062057092514086,68.65299999999999,1.6411466681518125,0.042146576595577905
P3,accuracy,0.5,82,328.0,20,1.759889330104978,0.281241675922375,1.7770347749439748,0.04549381371596432,68.155,1.643457899620643,0.04689913176156585
P3,accuracy,0.5,83,332.0,20,1.7386353760820483,0.2688880213181142,1.778222703429212,0.04721562022384376,70.01700000000001,1.6436239967556479,0.048656868360455185
P3,accuracy,0.5,84,336.0,20,1.7766396709727075,0.24421900896877755,1.7772086820307251,0.049673531947758955,69.17999999999999,1.6430502236758364,0.05021266306341591
P3,accuracy,0.5,85,340.0,20,1.7573183613873204,0.3009625764038701,1.7762071465379112,0.054777917717343916,69.969,1.642264880629996,0.054029662750115184
P3,accuracy,0.5,86,344.0,20,1.7991344344477986,0.2558279020295717,1.7795187312438958,0.05153898846332511,69.707,1.6452856738202022,0.05072467775551773
P3,accuracy,0.5,87,348.0,20,1.8093846228834773,0.21936125749546181,1.7808043702782836,0.04929232108263573,68.416,1.646626874158263,0.04908929650891254
P3,accuracy,0.5,88,352.0,20,1.7400383828052894,0.2709534733964516,1.7781388488611558,0.048568810350056286,68.575,1.6444154655192005,0.048976915108707275
P3,accuracy,0.5,89,356.0,20,1.7933883149795953,0.2346410969345559,1.7781005619500359,0.04997730666405964,68.495,1.6451033555351369,0.05213008596812133
P3,accuracy,0.5,90,360.0,20,1.7231264123954582,0.23553974082524637,1.7762546353304174,0.048523902596977773,69.407,1.643158101445265,0.05039507733279231
P3,accuracy,0.5,91,364.0,20,1.8191563999992604,0.2418587833354394,1.7769841418639891,0.047725254446950464,71.101,1.6446349437263794,0.0504460195447305
P3,accuracy,0.5,92,368.0,20,1.7308791077151908,0.31110518946064397,1.7778232813089754,0.04654928968328706,66.628,1.6443677717383598,0.048049407179920976
P3,accuracy,0.5,93,372.0,20,1.7948360336772164,0.2687676162155849,1.779080102609439,0.046121375026068154,70.99600000000001,1.6462875521697078,0.04696665559675683
P3,accuracy,0.5,94,376.0,20,1.8084259865087582,0.2957761374323138,1.7799514043855271,0.05142950693512051,70.257,1.648119381622982,0.05228963046371222
P3,accuracy,0.5,95,380.0,20,1.7205710799433305,0.1919760328659121,1.7765804150711904,0.04561330476353585,69.96799999999999,1.643746064321061,0.04742505184992297
P3,accuracy,0.5,96,384.0,20,1.6651267773791087,0.3400321700602174,1.7719299648161932,0.049974457002562936,63.529999999999994,1.638811496114693,0.05219241073110115
P3,accuracy,0.5,97,388.0,20,1.7934991311174489,0.24217352462134226,1.7745074041506306,0.05342869235061736,69.577,1.6414625515898442,0.05514948940136241
P3,accuracy,0.5,98,392.0,20,1.8177067386246495,0.227119329188448,1.7746501772653738,0.04957865939362106,72.197,1.6418935813005522,0.05226978744407894
P3,accuracy,0.5,99,396.0,20,1.8481950056998901,0.2198706951918647,1.779691297315177,0.04442509494616806,70.09299999999999,1.6472961084895175,0.04583359899694607
P3,accuracy,0.5,100,400.0,20,1.7263291314261753,0.27987530029277047,1.7750395140880244,0.04372133019262452,64.66,1.6430557582680556,0.0438912091466227
P3,accuracy,0.5,101,404.0,20,1.7555615289335773,0.2853086905832268,1.7707193694521866,0.04117066254051406,67.071,1.6387003834201121,0.041979996786347784
P3,accuracy,0.5,102,408.0,20,1.8217351391077372,0.1491049676489755,1.7710477391163686,0.04630530406951162,73.282,1.6389498084386656,0.04682977392056266
P3,accuracy,0.5,103,412.0,20,1.7289353546144053,0.29372866316077206,1.771219422116965,0.04317050630659998,65.99199999999999,1.63901430054428,0.04363613531674224
P3,accuracy,0.5,104,416.0,20,1.8555843795784033,0.21213655832990863,1.7758019510795056,0.04208263597083396,72.405,1.6435862759631061,0.04317446653931473
P3,accuracy,0.5,105,420.0,20,1.7763056998493731,0.24939624446078792,1.7719901022701336,0.047900277369968935,69.839,1.6400225388971381,0.049030142034191475
P3,accuracy,0.5,106,424.0,20,1.8060675813587856,0.23024918054782145,1.7746587992636793,0.05375386312799559,71.748,1.642615395228501,0.05622222976031863
P3,accuracy,0.5,107,428.0,20,1.6814637379753226,0.27024706529479636,1.771521775578493,0.05537079329214263,64.088,1.639431501393289,0.057586134416784826
P3,accuracy,0.5,108,432.0,20,1.7189191282282121,0.2713040837758712,1.7707331256643397,0.05655834821715145,66.973,1.639734988054407,0.05779596143512408
P3,accuracy,0.5,109,436.0,20,1.7592365885500438,0.22311468979684046,1.7700370023674332,0.05340577287125666,67.827,1.6390920980735892,0.05439779117717814
P3,accuracy,0.5,110,440.0,20,1.8274636096208023,0.17963672259017685,1.7728428122967723,0.04994501160807314,71.732,1.6418825950179312,0.05058645820709217
P3,accuracy,0.5,111,444.0,20,1.8345211023974433,0.1443890021362721,1.774258279014758,0.04693596088509177,73.434,1.6442022521135684,0.04706264311907404
P3,accuracy,0.5,112,448.0,20,1.8166479831789046,0.23059047369109728,1.7745488134265752,0.050442348646931257,71.748,1.644343536654718,0.050950656616133
P3,accuracy,0.5,113,452.0,20,1.8304205185875133,0.19634132799800064,1.778164098857864,0.04763822047796471,72.366,1.6486001567988886,0.04719711363404187
P3,accuracy,0.5,114,456.0,20,1.8143113173350638,0.22980608407967212,1.7790010189520828,0.04029997127976416,70.10900000000001,1.648432420917939,0.03973214549062252
P3,accuracy,0.5,115,460.0,20,1.780560804179041,0.25992435065644814,1.7812983946234262,0.04439098505774778,70.61699999999999,1.6505065167134418,0.04356412285029287
P3,accuracy,0.5,116,464.0,20,1.8200551956984303,0.20945552126724082,1.781334346451393,0.04612494098336686,73.618,1.6507642998916414,0.04520681732748145
P3,accuracy,0.5,117,468.0,20,1.8277027889415176,0.18741499451448215,1.7852072937004462,0.049550663785020266,72.909,1.6554445415017913,0.05008883270330256
P3,accuracy,0.5,118,472.0,20,1.9311247421676203,0.16372304780366848,1.7906588420400624,0.04412467839231006,74.124,1.6602760174151272,0.045202470296934444
P3,accuracy,0.5,119,476.0,20,1.8783925851734675,0.2123594320061574,1.7934575059866507,0.03955579068266413,72.869,1.6634236725670957,0.041875517039637516
P3,accuracy,0.5,120,480.0,20,1.7990034637643464,0.28429367649074777,1.7965948013394915,0.048227309281166766,69.595,1.6665538804910693,0.04994140294911996
P3,accuracy,0.5,121,484.0,20,1.8708193342480826,0.19899079257989752,1.8048225036142505,0.042616311669752764,73.248,1.6750999480012136,0.04379459409281893
P3,accuracy,0.5,122,488.0,20,1.783038203047537,0.24259908670890326,1.8044040664914536,0.048185781430489995,70.054,1.6749597829942993,0.048882193899549724
P3,accuracy,0.5,123,492.0,20,1.7392813465012407,0.21284739588692103,1.8012670508065174,0.04412000682461651,67.76,1.6720048159384369,0.045114856698264254
P3,accuracy,0.5,124,496.0,20,1.8675383704285209,0.15534412543978918,1.8020407853956626,0.043511415992807105,72.292,1.6729846550283578,0.04299892568511552
P3,accuracy,0.5,125,500.0,20,1.7278676574748288,0.2808892904954937,1.8021023264376086,0.04350264136321396,66.515,1.6721384361116904,0.043435778948574144
P3,accuracy,0.5,126,504.0,20,1.7236264160275347,0.26237085678205124,1.800824921921367,0.03810710061289586,67.533,1.6715177827594427,0.03709625206508852
P3,accuracy,0.5,127,508.0,20,1.804721706668183,0.2785909370513524,1.8001443846237848,0.03775940781901084,67.152,1.6698182076967285,0.03659446208570849
P3,accuracy,0.5,128,512.0,20,1.870028260068938,0.1747829813043497,1.8057881008419663,0.03860736163949713,73.381,1.6758103460566585,0.03804037587701173
P3,accuracy,0.5,129,516.0,20,1.9257886359640413,0.17712001696436575,1.8085962710973917,0.03947133323404661,74.799,1.6790371402127566,0.03840008436737447
P3,accuracy,0.5,130,520.0,20,1.8587776337193112,0.2160159815228819,1.8118951484521895,0.03729819117163187,71.725,1.6825436740600526,0.037692491651926056
P3,accuracy,0.5,131,524.0,20,1.8133942213856382,0.23997867918494,1.8121882140532635,0.03701424799868515,70.459,1.683126755181044,0.037416708802296486
P3,accuracy,0.5,132,528.0,20,1.8858064488299948,0.23399357221123224,1.8203619224874505,0.03896990122239059,71.596,1.691732589843891,0.04029556615427532
P3,accuracy,0.5,133,532.0,20,1.8480352032876677,0.23543910146389166,1.8255265654898285,0.03970271349480403,70.316,1.6966090797164193,0.04098958096173866
P3,accuracy,0.5,134,536.0,20,1.792118786975576,0.20109792502233162,1.8268418534268498,0.0373480399170039,71.188,1.697899742718107,0.03617891917064322
P3,accuracy,0.5,135,540.0,20,1.8263969992166067,0.2331927127557186,1.826799189010682,0.042210013229722655,70.598,1.6981832552289955,0.040945791421688034
P3,accuracy,0.5,136,544.0,20,1.7766189067857023,0.25551781908747057,1.8244831011862126,0.04620288607913246,69.75800000000001,1.6956228321743136,0.04527352863318785
P3,accuracy,0.5,137,548.0,20,1.7582667933206537,0.21637930229264676,1.8221478535918822,0.04300610559201023,65.82000000000001,1.6931330579374593,0.043054430659176406
P3,accuracy,0.5,138,552.0,20,1.8546974634323985,0.2622760258469203,1.8231189313856777,0.05050076778833289,70.089,1.693108584774193,0.05089442967545281
P3,accuracy,0.5,139,556.0,20,1.8272961432596415,0.23192587037735587,1.8236383244226608,0.05046742708243283,70.767,1.694469985053804,0.05066403359747336
P3,accuracy,0.5,140,560.0,20,1.8887025495549465,0.10279784499167754,1.827963994237697,0.04530190749708607,73.824,1.69953000561897,0.04562297346243978
P3,accuracy,0.5,141,564.0,20,1.8189328343270534,0.21865562624578816,1.8279190997828418,0.05323904918240955,71.32,1.6993168235283154,0.053077668033258925
P3,accuracy,0.5,142,568.0,20,1.833926359140467,0.22962768674910244,1.8281680425908,0.054221949707771465,71.358,1.698636071561312,0.05426620889236234
P3,accuracy,0.5,143,572.0,20,1.7508485941396095,0.25495269692888406,1.8209569966696795,0.05368096761034153,67.175,1.692055082546555,0.05435848360516308
P3,accuracy,0.5,144,576.0,20,1.7926724030561338,0.29966253625897515,1.8175281893849864,0.05384644146140149,69.65599999999999,1.687657108164086,0.054973167292507626
P3,accuracy,0.5,145,580.0,20,1.7735219887643712,0.25562689410727285,1.816508930384987,0.05583582069427717,68.611,1.6865649055531198,0.05738552495810987
P3,accuracy,0.5,146,584.0,20,1.8290811013570933,0.25719550746549574,1.8148394010693476,0.05295990261573848,69.739,1.6847642329369108,0.054561307537114266
P3,accuracy,0.5,147,588.0,20,1.8446195687984503,0.24889244726278373,1.8173026556993843,0.061268940929985846,71.393,1.687836230453652,0.06300880804172258
P3,accuracy,0.5,148,592.0,20,1.7958393061549707,0.20581715272472223,1.8195649740855333,0.06087925760839648,70.709,1.6904831323886893,0.06260293684694392
P3,accuracy,0.5,149,596.0,20,1.83114327285278,0.2400285220142731,1.8181091701825036,0.06436186621746766,71.386,1.6888304324691048,0.06587594526032979
P3,accuracy,0.5,150,600.0,20,1.8508242448541954,0.19945664963381782,1.8230274336776784,0.06704126101770731,71.565,1.6945319344536742,0.0689563991767962
P3,accuracy,0.5,151,604.0,20,1.7862943066289436,0.240859963620936,1.8255341493017347,0.06551235552228699,69.00800000000001,1.6967649304709016,0.06691072876806274
P3,accuracy,0.5,152,608.0,20,1.6811357100795443,0.2346964426258906,1.8205907094381892,0.06180453911612158,66.10900000000001,1.6925502024542265,0.0636678152560761
P3,accuracy,0.5,153,612.0,20,1.8080593912077252,0.1961963961913363,1.8181119546837408,0.05832447251334098,68.498,1.6900022806020025,0.06033608363748931
P3,accuracy,0.5,154,616.0,20,1.8422624898655713,0.23022886181032606,1.8147709088398016,0.057129390893446354,72.377,1.6862976030974324,0.058623779693701354
P3,accuracy,0.5,155,620.0,20,1.8473670961620754,0.2411472982807919,1.8143144873375125,0.055670616719663314,71.952,1.6860134526763642,0.056013657315184984
P3,accuracy,0.5,156,624.0,20,1.7690282468125258,0.28439574852036287,1.812539848354588,0.05342801838229262,66.299,1.683737054769487,0.05384641025011864
P3,accuracy,0.5,157,628.0,20,1.8864496751785054,0.2631793585767245,1.8125655774085285,0.05715737275374724,71.803,1.6833496953598992,0.05768575725506895
P3,accuracy,0.5,158,632.0,20,1.7771023377658157,0.1642487919804167,1.809728262787654,0.058945582173535634,71.90299999999999,1.6809419720478715,0.05988229942597467
P3,accuracy,0.5,159,636.0,20,1.867277311016973,0.26670755265105334,1.8127346037493102,0.0587273462216007,70.739,1.6830034087156835,0.05997215454208325
P3,accuracy,0.5,160,640.0,20,1.6812271959662692,0.2132156129106456,1.8069278116192966,0.05512536196582836,64.87100000000001,1.6763118261045526,0.056230305647286934
P3,accuracy,0.5,161,644.0,20,1.7915147308135082,0.1677654083553636,1.8075236445804088,0.05100577078101721,70.567,1.6773310424076204,0.051833727276385556
P3,accuracy,0.5,162,648.0,20,1.8807727330262973,0.22942411392768913,1.8124238821686347,0.05462237815767272,71.502,1.6819315903941905,0.054787229441595885
P3,accuracy,0.5,163,652.0,20,1.7136101069932352,0.3225852464946893,1.806780387911068,0.05460764341502623,65.933,1.6765661613202767,0.0553993409368471
P3,accuracy,0.5,164,656.0,20,1.8614289992896889,0.17504733431666136,1.8081457021522698,0.05588904205396293,72.286,1.6774500994621508,0.05656631400057718
P3,accuracy,0.5,165,660.0,20,1.8692670251526387,0.19519004694858036,1.8073682811761778,0.05931054735569819,73.262,1.675966367053053,0.059693136966716104
P3,accuracy,0.5,166,664.0,20,1.7959558262389663,0.3172592799358182,1.8064492008526543,0.06251272006743891,65.974,1.674891311561397,0.06355633438546865
P3,accuracy,0.5,167,668.0,20,1.8795492936555527,0.18616635495321243,1.8082741182332576,0.05575188915075057,74.20599999999999,1.6773125558949231,0.05722975473998651
P3,accuracy,0.5,168,672.0,20,1.8775250869842317,0.19755357564179843,1.8133411779470425,0.05485098939928061,74.66499999999999,1.682193014470581,0.0561171475939707
P3,accuracy,0.5,169,676.0,20,1.8683790817431718,0.18568812231253562,1.816369445094524,0.05267936240736575,73.499,1.68574000898485,0.05326600782694714
P3,accuracy,0.5,170,680.0,20,1.849488248769641,0.1859089887565839,1.819408095494735,0.05013546062614632,73.65299999999999,1.6894440499696444,0.05056603177458561
P3,accuracy,0.5,171,684.0,20,1.8997447763893276,0.2503744679523718,1.8222346424960243,0.05292234917435983,72.691,1.6926837889005768,0.051967983100572844
P3,accuracy,0.5,172,688.0,20,1.8618409784492198,0.2045905122547098,1.822923498882055,0.05306879912027101,69.988,1.6929601258867109,0.05289489700057825
P3,accuracy,0.5,173,692.0,20,1.800538614226663,0.288745231026595,1.8231114712049226,0.057166502403150334,67.986,1.6923759305944723,0.05728873511180282
P3,accuracy,0.5,174,696.0,20,1.85143773345774,0.253148692284683,1.8239232496291211,0.05562114814724148,71.059,1.6933861570269482,0.05689455140217263
P3,accuracy,0.5,175,700.0,20,1.878794568694295,0.19274800786661025,1.825042062582725,0.05717891136484079,73.21799999999999,1.69432669786467,0.05747889615405119
P3,accuracy,0.5,176,704.0,20,1.8317971337917256,0.1912205773171938,1.8268621756692363,0.05677750087586548,70.842,1.6956925947070016,0.056046693917375545
P3,accuracy,0.5,177,708.0,20,1.8210859599590783,0.254389037112946,1.8324601856644176,0.057659022543239236,70.681,1.7018219549349816,0.057163256883621956
P3,accuracy,0.5,178,712.0,20,1.791451226055234,0.1779565719638593,1.831795859058318,0.05732560080775803,70.97200000000001,1.7016258124985666,0.05699980030065511
P3,accuracy,0.5,179,716.0,20,1.8482020590059307,0.2388074643826502,1.8320334418239324,0.056648417080306976,71.226,1.7020686203029805,0.055579041430781795
P3,accuracy,0.5,180,720.0,20,1.8294314991649696,0.2062554823481425,1.831316017944048,0.05263181013910636,69.808,1.7019549729362882,0.05076772120084393
P3,accuracy,0.5,181,724.0,20,1.8731033825253394,0.17656822192371055,1.8354790233725609,0.05086273608790447,73.011,1.7069678490321571,0.0486142209552393
P3,accuracy,0.5,182,728.0,20,1.9009486400266258,0.20140684401278705,1.8360589819664856,0.05182975736797368,72.583,1.707817647253604,0.04844531390975358
P3,accuracy,0.5,183,732.0,20,1.814666991735864,0.27211479949576595,1.8375615681252875,0.048899128789353374,69.239,1.7085920906291672,0.04609396267423529
P3,accuracy,0.5,184,736.0,20,1.8173773857135682,0.24409118661516863,1.835565571113151,0.050241916080660906,68.251,1.7070851262088573,0.04803158014279917
P3,accuracy,0.5,185,740.0,20,1.7874377239969814,0.2816003271874547,1.83981399223438,0.050816108469855174,68.503,1.7113049389493304,0.04844714534276678
P3,accuracy,0.5,186,744.0,20,1.8143601333141075,0.2457745210815912,1.8407278083344039,0.0542352113025721,69.518,1.7114070116453195,0.05160651871639822
P3,accuracy,0.5,187,748.0,20,1.8431315332313791,0.18963417518174766,1.8392221603426069,0.047962976954627284,71.119,1.7111369559970302,0.04596708705528933
P3,accuracy,0.5,188,752.0,20,1.810304092869077,0.23900641384182011,1.8430899197776405,0.0503793584494245,69.237,1.7152638980497563,0.047398600805492894
P3,accuracy,0.5,189,756.0,20,1.750052734357213,0.29510223723019297,1.8386348691803416,0.05400684464351338,69.147,1.7110583042553547,0.05168909676567461
P3,accuracy,0.5,190,760.0,20,1.8409090212052657,0.20576506255209823,1.8375005490224467,0.054432065385102354,70.241,1.7102727683706103,0.051783959931425844
P3,accuracy,0.5,191,764.0,20,1.7129923470858315,0.2574239393142598,1.8341820098563215,0.06124450458784968,67.04299999999999,1.7066370538294202,0.0596839974592111
P3,accuracy,0.5,192,768.0,20,1.89240797914977,0.20581656974990126,1.83469635727609,0.06112964523079622,72.203,1.7072986335306166,0.059575276914915494
P3,accuracy,0.5,193,772.0,20,1.7974345022314306,0.24524002128622296,1.831492733885978,0.0581522947803105,71.158,1.7047809387488855,0.056500921405073484
P3,accuracy,0.5,194,776.0,20,1.876228809102401,0.17476249156306892,1.8318067229803472,0.05455195092450818,73.193,1.705563991474915,0.051618817535488706
P3,accuracy,0.5,195,780.0,20,1.8542628504259664,0.17167528324457687,1.8319977070466003,0.049988511738330146,72.97,1.7056246082364606,0.04844285091530689
P3,accuracy,0.5,196,784.0,20,1.888496210141597,0.20856041935459588,1.8315477643966909,0.05412046059343192,73.04400000000001,1.7054050328912589,0.051303158484140986
P3,accuracy,0.5,197,788.0,20,1.9118291848157,0.21913388607473022,1.8335472926513503,0.0516798183440657,72.80699999999999,1.7071930246741125,0.04823886755033639
P3,accuracy,0.5,198,792.0,20,1.896602847523443,0.24698545500591101,1.8373898619832214,0.05194697424179484,71.37,1.7110356974720986,0.04699040586017768
P3,accuracy,0.5,199,796.0,20,1.8299387104830387,0.2458175687638533,1.836529901064233,0.053484218903694994,69.275,1.7100639931490753,0.048905938985508775
P3,accuracy,0.5,200,800.0,20,1.8918340017322604,0.18545458858054675,1.837051478385752,0.05631559623447767,72.017,1.7100459946816648,0.05172286446672188
P3,accuracy,0.5,201,804.0,20,1.8511886641974287,0.18038646294061525,1.83782713960198,0.0595312738258883,74.342,1.71106609459422,0.05572263547736848
P3,accuracy,0.5,202,808.0,20,1.8938120379901604,0.15362821406914015,1.8407361827232234,0.056517120717208914,73.051,1.714083777136053,0.05267146408591709
P3,accuracy,0.5,203,812.0,20,1.9221559876116676,0.2096056766617256,1.8459643731854807,0.06082804710066135,72.922,1.7187818072258323,0.056921313233443245
P3,accuracy,0.5,204,816.0,20,1.8154940723473096,0.24874961917818866,1.8446560537191359,0.05993579969243009,69.702,1.717559623300098,0.05510866058341212
P3,accuracy,0.5,205,820.0,20,1.8086036635288998,0.2973755474831351,1.843822940293693,0.060893151246118,68.756,1.7156309589175938,0.057682901539323705
P3,accuracy,0.5,206,824.0,20,1.9182711727772754,0.1613611444172808,1.8456296519037703,0.061614101187021035,74.875,1.7176067341593317,0.05818526249750588
P3,accuracy,0.5,207,828.0,20,1.9054853041786135,0.17990360327178812,1.8458111184698498,0.06011396630312319,73.389,1.717634657010978,0.05700111924434845
P3,accuracy,0.5,208,832.0,20,1.8432754318545896,0.2101402804279062,1.846955456074599,0.06479600174119873,70.737,1.7186511622308327,0.062188677372273155
P3,accuracy,0.5,209,836.0,20,1.8111331242362123,0.18353064987036743,1.8467056856155046,0.06121425070640109,71.32000000000001,1.7191820953413195,0.05881796687460844
P3,accuracy,0.5,210,840.0,20,1.9190285773298377,0.17994646459807834,1.8519693197488192,0.061848725247317396,74.376,1.7258709752066566,0.058775286399230735
P3,accuracy,0.5,211,844.0,20,1.8850520363758894,0.22102197741724708,1.8547969958712904,0.06754479314712238,71.89500000000001,1.7295437625552013,0.06391009339844736
P3,accuracy,0.5,212,848.0,20,1.9686253555312376,0.17806737073063617,1.8598167487632846,0.07072803906748558,74.024,1.7335721548677854,0.0664532898170542
P3,accuracy,0.5,213,852.0,20,1.9906549906967428,0.16293629763622966,1.8670307846763912,0.07097198287541728,74.327,1.7411530298910836,0.06621369403503599
P3,accuracy,0.5,214,856.0,20,1.819322196990528,0.23675660796560805,1.8698015631817237,0.06978846463689592,70.07300000000001,1.7441332238128673,0.06495758616468264
P3,accuracy,0.5,215,860.0,20,1.8892581010850615,0.20002776335851047,1.8717355263769158,0.07112686118576526,70.33500000000001,1.745612970763879,0.06765868621369334
P3,accuracy,0.5,216,864.0,20,1.96462428642545,0.17948955556093502,1.8818008039505005,0.06840623384090122,74.804,1.7559204625123215,0.06458110476890719
P3,accuracy,0.5,217,868.0,20,1.7832406624815795,0.22658789302702653,1.877434111283773,0.07017547164942273,69.67999999999999,1.751192362706432,0.06682521756760527
P3,accuracy,0.5,218,872.0,20,1.826154241832962,0.20908446378376982,1.878582900867834,0.0761517220330383,71.277,1.7520093364601776,0.07396504649468723
P3,accuracy,0.5,219,876.0,20,1.8960464416374143,0.24276260088040194,1.8793756061692346,0.07725189626228683,70.954,1.7523894188955669,0.07462469048853788
P3,accuracy,0.5,220,880.0,20,1.8977610629000778,0.24774577758735664,1.881115534668199,0.07819485626189542,72.006,1.75396592266613,0.07544542106970656
P3,accuracy,0.5,221,884.0,20,1.804084563639232,0.22311045977253932,1.8777390688081046,0.07074736834815586,71.819,1.7504808173854454,0.06873105091046683
P3,accuracy,0.5,222,888.0,20,1.848183929835502,0.21862763887420364,1.8751932586088966,0.06562883965310663,72.039,1.7476473196539044,0.0636131890772531
P3,accuracy,0.5,223,892.0,20,1.9000637659139374,0.267121757508713,1.8753316953445165,0.06358942278648787,70.866,1.7476865323853854,0.06094299799284819
P3,accuracy,0.5,224,896.0,20,1.7768895382884051,0.24222904312663554,1.873209728456731,0.05893674931925137,67.97200000000001,1.745935957116845,0.057571966764737206
P3,accuracy,0.5,225,900.0,20,1.9995947415761393,0.16404500604534203,1.8775201580504863,0.061908113529004875,74.011,1.7505417307354318,0.06067329090371978
P3,accuracy,0.5,226,904.0,20,1.9255724019458131,0.21128362235508852,1.8804955075604215,0.06149452143757935,73.285,1.7536146487916682,0.05970994638453889
P3,accuracy,0.5,227,908.0,20,1.8817585453467984,0.24992622986956403,1.880013367854687,0.06260785350413853,70.808,1.7527478220709312,0.06108823871780202
P3,accuracy,0.5,228,912.0,20,1.9156072367245796,0.31542022366437394,1.8797514178192034,0.06147242815151814,71.287,1.75212679288387,0.05964880364512377
P3,accuracy,0.5,229,916.0,20,1.9056786571567415,0.14430170761096833,1.8833588012115807,0.05894794997483653,73.16,1.7550365042638312,0.0566133948153034
P3,accuracy,0.5,230,920.0,20,1.869755139375202,0.29513239719471107,1.885804860245433,0.06388180523853174,70.787,1.7582083780933377,0.06075813628527388
P3,accuracy,0.5,231,924.0,20,1.8945674284092977,0.22914723842644857,1.8848567104707137,0.06523712438719426,72.952,1.7567035806207396,0.0620251370829933
P3,accuracy,0.5,232,928.0,20,1.9445452195621091,0.19156941139891276,1.8864191070860534,0.06315055017372012,72.648,1.7586117609918994,0.05981573255678934
P3,accuracy,0.5,233,932.0,20,1.8769294869677615,0.20725596359483664,1.8877652692905804,0.06481617599600024,71.76899999999999,1.760744834732898,0.06125664855750413
P3,accuracy,0.5,234,936.0,20,1.9052020941232386,0.24486383369681924,1.8915280280860614,0.06814944154413136,70.63,1.7638541532800605,0.06521886354824867
P3,accuracy,0.5,235,940.0,20,1.8927843302322345,0.2427041611655946,1.8904782582021575,0.06796745167036443,72.87100000000001,1.7619375442859648,0.06595519044763133
P3,accuracy,0.5,236,944.0,20,1.916911918131963,0.21659192765931146,1.8917526534724005,0.07001620094514228,71.603,1.7630677077921106,0.0673637157306046
P3,accuracy,0.5,237,948.0,20,1.9128861646249322,0.19493675730631532,1.8895230858361483,0.07136157788818837,72.188,1.7611684039944513,0.06847617993853895
P3,accuracy,0.5,238,952.0,20,1.8517598862691291,0.1790349335271257,1.8839672816590436,0.07011758120398144,72.15599999999999,1.7558070643802022,0.06725089873053043
P3,accuracy,0.5,239,956.0,20,1.9247273785665893,0.20794271875022208,1.888183488922086,0.06744669024852941,72.593,1.7594232716432447,0.06509565983923903
P3,accuracy,0.5,240,960.0,20,1.8834447757039734,0.23815130489475805,1.8879509559068428,0.07143138942013491,71.941,1.7593643547687154,0.06871069224363406
P3,accuracy,0.5,241,964.0,20,1.9020482539902837,0.2927059822940851,1.8854479146094358,0.07304565299393635,69.589,1.757083713885173,0.0706031819826842
P3,accuracy,0.5,242,968.0,20,1.9150302963937513,0.2508694775412903,1.890719499965923,0.07170109708028581,71.53200000000001,1.762322810881598,0.07076843282853197
P3,accuracy,0.5,243,972.0,20,1.926045602020121,0.17728852306064374,1.894715154373409,0.06991054294028767,73.376,1.7665263287138129,0.06932933538334261
P3,accuracy,0.5,244,976.0,20,1.954234214004778,0.2383330068026463,1.8970426652681038,0.0720851291996251,73.998,1.7686345431780883,0.07179933220725751
P3,accuracy,0.5,245,980.0,20,1.8888806885882663,0.1964966588078652,1.8966874502956312,0.07275514581249062,71.342,1.7683675848015803,0.07290182704093229
P3,accuracy,0.5,246,984.0,20,1.9224570809044823,0.19922451409886097,1.9014223509862411,0.07633637627179737,70.944,1.7730451652645651,0.0764533795288113
P3,accuracy,0.5,247,988.0,20,1.8948150628991562,0.1947422397017633,1.9032875963087874,0.07876737507363193,73.106,1.7752206019994237,0.07887114684299984
P3,accuracy,0.5,248,992.0,20,1.977069375033834,0.1707571853614674,1.9063678206735832,0.08146364107916672,73.814,1.778549714103485,0.08233630449459645
P3,accuracy,0.5,249,996.0,20,1.9538094199405234,0.18500683081186337,1.913444615939668,0.08289354861000045,72.471,1.7861304928149913,0.08359868043981773
P3,accuracy,0.5,250,1000.0,20,1.9189322977194325,0.20531880704384736,1.9102181181853997,0.08448261070558664,74.943,1.783187906079864,0.08467125862242483
P3,accuracy,0.5,251,1004.0,20,1.9494505549990155,0.23646050879617755,1.9111732443075276,0.0829260822731525,72.034,1.7838491367027682,0.08233198377751821
P3,accuracy,0.5,252,1008.0,20,1.8981511490912613,0.19137622038919258,1.911828948457306,0.0807913019120616,72.978,1.7836669205214553,0.07934357680316134
P3,accuracy,0.5,253,1012.0,20,1.8456536334918254,0.2647703273836751,1.9090308043279962,0.07733391252151112,69.916,1.7816533599410327,0.07551055546431154
P3,accuracy,0.5,254,1016.0,20,1.911075577502535,0.16681305626349235,1.909246681141828,0.08128135084475831,73.961,1.7823368518609175,0.07940460192886345
P3,accuracy,0.5,255,1020.0,20,1.8912659212400054,0.2547480883074598,1.91010711241642,0.08164884592114133,71.114,1.7832686747547541,0.07947387231260397
P3,accuracy,0.5,256,1024.0,20,1.9681028406598866,0.19537370437925533,1.9130485289064434,0.07753907407318002,73.357,1.7866876908309135,0.07584745146825211
P3,accuracy,0.5,257,1028.0,20,1.9902582832013276,0.1716605017515852,1.9148770514520124,0.07989855651774208,75.19800000000001,1.788520972817765,0.07807279895622471
P3,accuracy,0.5,258,1032.0,20,1.9598561368713263,0.22231209065169075,1.9181941174481547,0.07896941392094703,72.089,1.7907720791656925,0.07719411764136612
P3,accuracy,0.5,259,1036.0,20,1.8428572429955872,0.2651048878939425,1.915700323403049,0.07488490320400472,71.30199999999999,1.7886069969674565,0.07281898608225962
P3,accuracy,0.5,260,1040.0,20,1.926611622861151,0.1672478818684683,1.9170534151082055,0.07455648921084584,71.522,1.7903220648754066,0.07184249558757336
P3,accuracy,0.5,261,1044.0,20,1.914190911938818,0.2265993502107612,1.9169445748604796,0.07536098756471006,69.02000000000001,1.7896440575299053,0.07261382772269052
P3,accuracy,0.5,262,1048.0,20,1.9342195752917888,0.19188291864940152,1.917797911287154,0.07277366241231242,73.376,1.7904182423787212,0.07031890174520143
P3,accuracy,0.5,263,1052.0,20,1.829863446968195,0.31733577442981553,1.9169220537151166,0.07596754189956657,67.303,1.7889072580606933,0.07493572582507146
P3,accuracy,0.5,264,1056.0,20,1.946019920608812,0.23590593998169346,1.9177737553968055,0.08108777017405658,72.295,1.7902837916099457,0.07984135023378841
P3,accuracy,0.5,265,1060.0,20,1.9140297823163561,0.17189595785894216,1.9189971556613006,0.08129957390199971,74.089,1.7918267987032046,0.07958237577157795
P3,accuracy,0.5,266,1064.0,20,1.977754629959751,0.1603030223112481,1.9220254107000794,0.08303281226771554,74.699,1.7947529326866287,0.08008442816020224
P3,accuracy,0.5,267,1068.0,20,1.9525909510567516,0.19252877343583186,1.9235278368865996,0.08538070456253015,75.612,1.7961989181074998,0.08148762557611919
P3,accuracy,0.5,268,1072.0,20,1.9313765414777286,0.19903862993086,1.9237410744649037,0.08721389057417431,73.275,1.7963764598761816,0.08215331908716142
P3,accuracy,0.5,269,1076.0,20,1.9037617385681656,0.22454710201029554,1.9217221754474394,0.08410823264036595,71.383,1.794707121127729,0.07964934930593467
P3,accuracy,0.5,270,1080.0,20,1.9689141493120168,0.1837273472397851,1.9249235138763894,0.08462102727692321,74.663,1.7979489148075842,0.07991370252694684
P3,accuracy,0.5,271,1084.0,20,2.0043888885956744,0.14306095116731274,1.928200786184037,0.0836504895415651,75.029,1.8008387065151286,0.07891143250832075
P3,accuracy,0.5,272,1088.0,20,1.9131617480536278,0.20949496034230772,1.9289346535902159,0.08591418277973989,72.975,1.8012941983393105,0.08152105914810426
P3,accuracy,0.5,273,1092.0,20,1.9451988231009856,0.23411492237263462,1.927659831512902,0.08808915962705444,72.735,1.800115392816575,0.08473927620887572
P3,accuracy,0.5,274,1096.0,20,1.8785527541400135,0.2509402180786135,1.9246495648808817,0.09140901720975848,70.925,1.796153910457705,0.0886599139891144
P3,accuracy,0.5,275,1100.0,20,2.0165240316088955,0.15657018575181902,1.92855323423646,0.09283991781586501,75.01599999999999,1.8000629083181985,0.09080048789941941
P3,accuracy,0.5,276,1104.0,20,1.935428905980703,0.2882576055524483,1.9279923682757274,0.098126561468951,70.769,1.7996020423574657,0.09675951998300347
P3,accuracy,0.5,277,1108.0,20,1.970687887922819,0.18408433588100206,1.93089383782899,0.09790054886320759,73.1,1.8033895439852237,0.09679630176472771
P3,accuracy,0.5,278,1112.0,20,1.8838882455027748,0.26952670249696054,1.9324232223094278,0.09721085237934024,71.674,1.8051424152737319,0.09523066686098815
P3,accuracy,0.5,279,1116.0,20,1.9717894932860396,0.15408024427067893,1.934851778940768,0.09658845890298892,73.285,1.8082382766127805,0.09362387508677489
P3,accuracy,0.5,280,1120.0,20,2.002530989350925,0.16969368489696418,1.9393023816652046,0.09369537247272296,73.8,1.812946975560704,0.09132455081969415
P3,accuracy,0.5,281,1124.0,20,1.9902770740823872,0.23374154393278024,1.9401893510021047,0.09562818791903281,73.376,1.8133719686948104,0.09278431612040958
P3,accuracy,0.5,282,1128.0,20,1.8997641719961387,0.2388595211450013,1.936569586553897,0.09561502379329724,71.306,1.80963037289637,0.09223322331796917
P3,accuracy,0.5,283,1132.0,20,1.878076446011196,0.26470969463095817,1.9332983989194923,0.09984919104165778,71.905,1.8073716011957466,0.09578054308936033
P3,accuracy,0.5,284,1136.0,20,1.8680644722176578,0.29456320430599525,1.9343066880883746,0.10309097964959898,71.627,1.808413930716414,0.09998234747317344
P3,accuracy,0.5,285,1140.0,20,1.9593702908940258,0.18842830513687328,1.93561703480969,0.10395734036758707,75.446,1.8094360208417644,0.10100164851376786
P3,accuracy,0.5,286,1144.0,20,1.98141048962751,0.15450315594122607,1.9383058179172377,0.10430637590011539,74.40299999999999,1.8127521707366892,0.10120301351839166
P3,accuracy,0.5,287,1148.0,20,2.021784534616669,0.128619732975509,1.941808416290233,0.10562630286567637,74.825,1.8155966728861976,0.10285653352598782
P3,accuracy,0.5,288,1152.0,20,2.031290809686845,0.20679172977375448,1.9498655107989786,0.10707121001970302,73.35499999999999,1.8236006375449694,0.1039561638375556
P3,accuracy,0.5,289,1156.0,20,1.9609728533929194,0.19931159953830038,1.950463628110343,0.10689246468760952,73.534,1.8244298981569027,0.1032167405495773
P3,accuracy,0.5,290,1160.0,20,2.03736014651043,0.14843252811285798,1.955396842678106,0.10774144805300276,75.086,1.8289861856682765,0.10336066854084164
P3,accuracy,0.5,291,1164.0,20,1.89432784684777,0.24565886534917722,1.952059771353627,0.10948017728528932,69.341,1.825394587701273,0.10581565853765422
P3,accuracy,0.5,292,1168.0,20,1.9428211617768902,0.20361194307549735,1.9516689797824323,0.10858083709380527,72.976,1.8251448204446157,0.10476271985748771
P3,accuracy,0.5,293,1172.0,20,1.927538413768076,0.22279628981311192,1.951515454674046,0.11070037050521628,72.997,1.8249919678659758,0.10680808478446413
P3,accuracy,0.5,294,1176.0,20,1.9657454586255318,0.16335693576369095,1.9539948034763408,0.11037552428433124,74.625,1.8274513477081051,0.10665990261087759
P3,accuracy,0.5,295,1180.0,20,1.949312770474544,0.1861596630761045,1.9532107483228418,0.11203263072838451,74.449,1.8263913484263081,0.10797681364433599
P3,accuracy,0.5,296,1184.0,20,1.9259354980013164,0.23406922450558473,1.9500726126990677,0.1147374635890922,74.084,1.823814413009466,0.11055515934921369
P3,accuracy,0.5,297,1188.0,20,1.922661564019505,0.23745981544985517,1.9504526053377027,0.11113833466417142,70.411,1.824147742430305,0.10774599328961756
P3,accuracy,0.5,298,1192.0,20,1.9908331474648118,0.23879166732880697,1.952277978312256,0.11026669388416618,73.413,1.8255879627923384,0.10602727115445973
P3,accuracy,0.5,299,1196.0,20,2.0028141032046722,0.1611052362183376,1.9572484322748422,0.10922591205180279,75.106,1.830926911322954,0.10441047516347214
P3,accuracy,0.5,300,1200.0,20,1.9723954742818524,0.18246351533461963,1.9554832899817605,0.10839654695970027,73.892,1.829115985274052,0.1031311475209049
P3,accuracy,0.5,301,1204.0,20,1.904475080029539,0.3005173230014712,1.954245136943714,0.10764643602111558,70.80699999999999,1.8281073200787372,0.10273705276606251
P3,accuracy,0.5,302,1208.0,20,1.9610959495971774,0.21192414924314,1.9538614594106882,0.10604264961843152,73.32000000000001,1.8274469224215522,0.10056453850903373
P3,accuracy,0.5,303,1212.0,20,1.9649336777450082,0.2137819958560103,1.9571032767003775,0.10690521374492037,73.659,1.8304762203113452,0.10079956400253044
P3,accuracy,0.5,304,1216.0,20,1.9170371041240017,0.25101231878995117,1.954913181133896,0.10798638613576422,72.339,1.8270999892042528,0.1030289605901896
P3,accuracy,0.5,305,1220.0,20,1.9591701004146365,0.22591632098963554,1.9531787455764444,0.10935278905156993,73.769,1.8245259778578724,0.10412901976929849
P3,accuracy,0.5,306,1224.0,20,1.9172560225740782,0.3021982485391572,1.9502579035161118,0.11129937835494061,70.39099999999999,1.8214520576806232,0.10686942585189785
P3,accuracy,0.5,307,1228.0,20,1.9319287722949088,0.2739774608383932,1.951544487528063,0.11005021566770262,69.84400000000001,1.8223896504871937,0.10607317026039849
P3,accuracy,0.5,308,1232.0,20,1.971332602029041,0.23157664625136662,1.955274733768777,0.11280422084249413,73.522,1.8260262081609135,0.1083801050425505
P3,accuracy,0.5,309,1236.0,20,1.9501250704282378,0.17683017474846502,1.9585571576972,0.10775209082919006,74.28999999999999,1.8291428793733508,0.103815985624735
P3,accuracy,0.5,310,1240.0,20,1.9951571495106726,0.18423686356092536,1.9599886320418658,0.10730034521522773,73.663,1.8306108255235007,0.10267835624788545
P3,accuracy,0.5,311,1244.0,20,1.9742737406054403,0.2232962398178076,1.959703162080983,0.10839428433804575,72.893,1.82998655576955,0.10463585545574734
P3,accuracy,0.5,312,1248.0,20,2.0309782972349644,0.13749747864473386,1.9600709125857148,0.11007665554192614,75.683,1.8309040734755235,0.10538004700232773
P3,accuracy,0.5,313,1252.0,20,2.06405201245359,0.14670180961639745,1.9613813606963848,0.10941174782776769,75.498,1.8322935696979368,0.10391622185536545
P3,accuracy,0.5,314,1256.0,20,2.011682921612066,0.16737898568136889,1.9634097634251504,0.10613735028782881,74.836,1.8341127639424812,0.1010161312247655
P3,accuracy,0.5,315,1260.0,20,1.9587646704602775,0.19055063057134392,1.9602659443831445,0.10318049772743214,72.457,1.8313201606273246,0.09892922733663279
P3,accuracy,0.5,316,1264.0,20,2.0246330491109785,0.19763673948301846,1.9654781524736726,0.10224259186096972,73.366,1.8363448881177493,0.0983353232646168
P3,accuracy,0.5,317,1268.0,20,1.9839395788564986,0.16865087788550187,1.967122889156857,0.09980854523253284,74.975,1.838031528577447,0.09653005679967533
P3,accuracy,0.5,318,1272.0,20,2.027592391226914,0.14755613886550628,1.9711250482552107,0.09448332555090612,75.19500000000001,1.841949414525257,0.09150166967206734
P3,accuracy,0.5,319,1276.0,20,1.991539561365779,0.20659047801088024,1.9721568123648203,0.09665223196403275,72.85900000000001,1.8427329634253482,0.09373508221829145
P3,accuracy,0.5,320,1280.0,20,2.025670533990456,0.167742607835766,1.975211122905457,0.09826482174236507,74.565,1.8459065703964037,0.09516918908329752
P3,accuracy,0.5,321,1284.0,20,2.0088487436973788,0.2033588433349783,1.9785276527332993,0.09511947339673994,72.83099999999999,1.8492431726505267,0.09230714854895514
P3,accuracy,0.5,322,1288.0,20,2.0661702364823116,0.1418291164265742,1.9842679996318118,0.09821047654036588,74.826,1.8548589980798198,0.0947189814416621
P3,accuracy,0.5,323,1292.0,20,2.023750054614683,0.16733970171275456,1.9855846759178069,0.09721427912412597,73.894,1.856764810423756,0.09383848786211135
P3,accuracy,0.5,324,1296.0,20,2.0445139528313545,0.13259794392737267,1.9872526699028739,0.09661327180903882,75.933,1.8582645167730238,0.09299946100360988
P3,accuracy,0.5,325,1300.0,20,1.9996583512907482,0.20624377245770462,1.9883431849832298,0.09596752540167108,73.55,1.8591797602548283,0.09284536781976013
P3,accuracy,0.5,326,1304.0,20,2.0177276930450114,0.16436977467471386,1.9928732895038486,0.09140544686822387,75.819,1.8636898958152817,0.08890064625929275
P3,accuracy,0.5,327,1308.0,20,2.0242426397551014,0.10922491760218243,1.9953991571101657,0.0898151425538295,75.535,1.8660972429870408,0.08743519992692877
P3,accuracy,0.5,328,1312.0,20,1.9872352937397313,0.14746238763402642,1.9962912217499547,0.08845800619685708,75.363,1.867701930492841,0.08633114989832319
P3,accuracy,0.5,329,1316.0,20,2.044686902902278,0.12280421138738551,2.0013972137010856,0.08682712664390277,74.68199999999999,1.873704249396895,0.08437315020065153
P3,accuracy,0.5,330,1320.0,20,2.0041597399074536,0.17536534505771534,2.003196799280798,0.08512748825708441,74.535,1.8758705706206844,0.0836875206835679
P3,accuracy,0.5,331,1324.0,20,2.0600522770343552,0.13723905982960136,2.008908649459209,0.08180966064058477,75.838,1.8814952505973366,0.07957627508019426
P3,accuracy,0.5,332,1328.0,20,2.016134061640829,0.1539666893015968,2.012276861033046,0.0818095579772954,75.446,1.8847715325281313,0.0785523210473176
P3,accuracy,0.5,333,1332.0,20,1.9688479518011672,0.28415277539053374,2.012177475023931,0.08404142770745571,71.768,1.884579803011515,0.08140091705678869
P3,accuracy,0.5,334,1336.0,20,1.9503908891204962,0.1788626527352155,2.0121881077716215,0.0836102588028923,73.852,1.8845958677302348,0.0806521778795268
P3,accuracy,0.5,335,1340.0,20,2.006163379535419,0.16128831765894633,2.0126283569726113,0.08085938430021003,74.683,1.885452516310428,0.07855047760288911
P3,accuracy,0.5,336,1344.0,20,2.0145109465284063,0.18101006936904637,2.01423784520953,0.07692867404344311,74.238,1.8865960448991317,0.07392335135381496
P3,accuracy,0.5,337,1348.0,20,1.9949766586075293,0.1805281071827823,2.0127977796644325,0.07514787632447603,73.716,1.884837148521132,0.07238026296917809
P3,accuracy,0.5,338,1352.0,20,1.9877669349382625,0.21339033903174884,2.0097463765638195,0.07572692091115217,72.578,1.8818973853584393,0.07263090463106651
P3,accuracy,0.5,339,1356.0,20,2.0133021937336104,0.22054455656683888,2.0098111474486813,0.07630527472405148,73.735,1.8814053016131922,0.07413716509170021
P3,accuracy,0.5,340,1360.0,20,2.003070687500446,0.24201211756395452,2.011583388130288,0.07808427997283597,73.279,1.8827907342244419,0.07506500128409217
P3,accuracy,0.5,341,1364.0,20,1.923671406283087,0.25334812560319797,2.007544922417172,0.08256695446264016,70.527,1.8794957242795622,0.07908370862411297
P3,accuracy,0.5,342,1368.0,20,2.037585820080727,0.1624964668244006,2.009690772066141,0.08070989710713461,74.905,1.8815338139699178,0.07803871742699868
P3,accuracy,0.5,343,1372.0,20,1.9513442720951713,0.2334251343311815,2.0066408473008717,0.08371973367683729,71.693,1.877799098723531,0.08093998405813273
P3,accuracy,0.5,344,1376.0,20,2.078670835315953,0.13766865780663734,2.010126098258879,0.08224858787592992,76.113,1.881065932713095,0.07955152595825823
P3,accuracy,0.5,345,1380.0,20,2.0239301169628185,0.1283154588606871,2.0100564815777733,0.07893984236077578,74.821,1.8813591716967593,0.07697224165624501
P3,accuracy,0.5,346,1384.0,20,1.9718262296055222,0.2669228965094751,2.0085755810140986,0.08116022320884969,70.658,1.8794517838076839,0.07886757416244469
P3,accuracy,0.5,347,1388.0,20,1.9957961175580252,0.26703110233228144,2.0057606162571275,0.0863513674824456,72.911,1.8767893798370552,0.08391417535382495
P3,accuracy,0.5,348,1392.0,20,2.0229359057903933,0.13903085948740437,2.005728050304156,0.08653716101869544,75.35,1.8767119095902398,0.0836837469880622
P3,accuracy,0.5,349,1396.0,20,2.0389932592478486,0.14080379805035606,2.0055072225608157,0.08499759801065018,75.685,1.877107274293873,0.08175687559518219
P3,accuracy,0.5,350,1400.0,20,2.0247242091122906,0.1215632343747957,2.0065098568736772,0.08470695651861213,75.232,1.8779007001225132,0.0817330743733934
P3,accuracy,0.5,351,1404.0,20,1.9877973324910254,0.1613585958359668,2.0053126424515177,0.08498721205562265,74.588,1.87640959020113,0.08125982556758085
P3,accuracy,0.5,352,1408.0,20,2.071516252755471,0.11121516387034078,2.007203586971533,0.08550590103666003,75.07300000000001,1.8783951027501153,0.08266233689117944
P3,accuracy,0.5,353,1412.0,20,2.0861756347648286,0.11839864636347387,2.011161200612537,0.0849418118734375,75.933,1.8812371964738919,0.08194475409819399
P3,accuracy,0.5,354,1416.0,20,1.9843859034826223,0.2232923624913698,2.0087491606357504,0.0832151060592636,72.774,1.878760748840613,0.08016924397109945
P3,accuracy,0.5,355,1420.0,20,2.039569579413261,0.1622325331823867,2.0101655542159826,0.08360475750572254,75.675,1.8798508620276742,0.08040583111379858
P3,accuracy,0.5,356,1424.0,20,2.0364070980590343,0.14745297412089514,2.00921974705697,0.08458426753943735,73.64500000000001,1.879170807584647,0.0822845139093673
P3,accuracy,0.5,357,1428.0,20,2.0529363914805048,0.10016048589974183,2.0106918402505567,0.08346670381135574,75.764,1.8809831490969096,0.08202567083495498
P3,accuracy,0.5,358,1432.0,20,2.0573436170895274,0.1398400858982279,2.0142316668620914,0.08039851469698461,74.624,1.884390590814497,0.078533930100694
P3,accuracy,0.5,359,1436.0,20,2.034311653118553,0.12732369268448304,2.0175884974220137,0.0796952494168039,74.807,1.8873396614158053,0.0781835337200793
P3,accuracy,0.5,360,1440.0,20,1.9989311678531407,0.19542302932528702,2.0172992089547224,0.0828656588413153,73.13300000000001,1.8870456135072313,0.08102288618606895
P3,accuracy,0.5,361,1444.0,20,2.0421028859406665,0.12412300194718777,2.018402886531213,0.08244854266436602,75.47999999999999,1.888263362475341,0.08113876933894819
P3,accuracy,0.5,362,1448.0,20,1.9936653269444569,0.16507258277519457,2.0183504332646898,0.08277714233275255,74.062,1.8888698848942813,0.08146182624212552
P3,accuracy,0.5,363,1452.0,20,2.0179279390487723,0.17878680073263353,2.01955687342911,0.08173844122382573,73.901,1.8903282133152977,0.08018565149839078
P3,accuracy,0.5,364,1456.0,20,2.0031122260395975,0.24368825059858676,2.0191492747213498,0.0802944330635964,71.394,1.8899965587358352,0.07872822680871094
P3,accuracy,0.5,365,1460.0,20,2.065172774042058,0.10579222579887151,2.0216333581830144,0.07857562911915311,75.14500000000001,1.8928464983796,0.07784792026338924
P3,accuracy,0.5,366,1464.0,20,2.0389793206944278,0.15545011132984007,2.026245674759468,0.07839118204573994,75.296,1.897112358670487,0.07771088218368248
P3,accuracy,0.5,367,1468.0,20,2.017982486389794,0.17928999410135593,2.0254615414118304,0.08282438993606121,75.562,1.8967026174594248,0.08083122672221679
P3,accuracy,0.5,368,1472.0,20,1.9394119120729378,0.261484456454752,2.0249842470109414,0.08422158415130285,72.644,1.897016218040429,0.08242718657134537
P3,accuracy,0.5,369,1476.0,20,2.074512567117306,0.10762076452246853,2.0248179162829953,0.08350979797266764,75.488,1.8969546467537661,0.081587796126217
P3,accuracy,0.5,370,1480.0,20,2.0572638055169272,0.20845362584675117,2.0261512638251595,0.08551488135701417,74.169,1.8975360025732197,0.08375829870913568
P3,accuracy,0.5,371,1484.0,20,2.081956073110019,0.14546449784515764,2.0305564575653396,0.08470940090928095,75.4,1.902041506711744,0.08354194044175765
P3,accuracy,0.5,372,1488.0,20,2.0877289462617026,0.13955543484781166,2.0342337707134868,0.08028748075127627,75.441,1.9058196993218672,0.0788198462892176
P3,accuracy,0.5,373,1492.0,20,1.9876088872814504,0.23582966763084146,2.032820689973129,0.08244280947681921,74.218,1.903936106424241,0.0802540451267701
P3,accuracy,0.5,374,1496.0,20,2.0413951834035835,0.16071195480023048,2.0329167669393584,0.08113098465005782,74.12100000000001,1.9032747596967305,0.07967721314739135
P3,accuracy,0.5,375,1500.0,20,2.1056816759449535,0.09466113882707024,2.036155065612665,0.08131374826727453,76.62,1.9069783454885054,0.07940944509467063
P3,accuracy,0.5,376,1504.0,20,1.992362956520997,0.18270502808235858,2.0363376905738635,0.08224300393094275,73.70599999999999,1.907432258602834,0.08100091371636427
P3,accuracy,0.5,377,1508.0,20,2.074852407558106,0.08319761091483095,2.036471136765969,0.08151693545128565,75.22200000000001,1.9085231284886799,0.08056441888972168
P3,accuracy,0.5,378,1512.0,20,2.0507317854006564,0.14566502891016614,2.0350533827914026,0.07981225450728659,75.714,1.9075207909652252,0.07890085679097325
P3,accuracy,0.5,379,1516.0,20,2.074820576353223,0.1831019180643833,2.0386707697062265,0.08221376858235607,74.86,1.9105428338552177,0.0817306808845879
P3,accuracy,0.5,380,1520.0,20,2.105398204149712,0.12633582439273217,2.0413039146956846,0.08004013920605207,75.861,1.9132952752750945,0.0794386389613869
P3,accuracy,0.5,381,1524.0,20,2.0732813976908218,0.11372735709766046,2.0427788866809555,0.07903919554528052,75.993,1.9153850946478468,0.07797043615764906
P3,accuracy,0.5,382,1528.0,20,2.0578712903527396,0.12250204671482823,2.0429762826358453,0.08039222489040686,74.235,1.9154949065365177,0.07914426936882364
P3,accuracy,0.5,383,1532.0,20,2.126287817020876,0.10130257495983737,2.045734050633099,0.08030338863740816,76.07300000000001,1.917755778517217,0.07900278727230091
P3,accuracy,0.5,384,1536.0,20,2.0560703243194807,0.20550015605529257,2.0466043974811363,0.0841793998143714,74.217,1.9182950855308,0.08252061385419474
P3,accuracy,0.5,385,1540.0,20,2.097728883234489,0.17224714025404345,2.0505563060963903,0.08204700457924645,74.885,1.9216709465516408,0.08045632534337437
P3,accuracy,0.5,386,1544.0,20,2.037499576135312,0.1118484915702258,2.0503721737041762,0.08185605694073192,75.08099999999999,1.9219992300932085,0.08014633252006126
P3,accuracy,0.5,387,1548.0,20,2.0768514257189703,0.12429661594571662,2.0536996176551563,0.08198277856915247,75.65700000000001,1.9248499539200299,0.08088054745309974
P3,accuracy,0.5,388,1552.0,20,2.0692514493855554,0.15479571077393692,2.0557525580686278,0.08217628636488158,75.586,1.9267727339610232,0.08190177363241594
P3,accuracy,0.5,389,1556.0,20,2.0203767214674935,0.271255969066285,2.056443137885744,0.08481370386224156,72.95,1.9279610892566699,0.08465374091017809
P3,accuracy,0.5,390,1560.0,20,2.050919439331607,0.19083580349361637,2.0558730044973257,0.08471337996189228,73.77,1.927297836364889,0.08436192378075968
P3,accuracy,0.5,391,1564.0,20,2.0485575531716003,0.15999821374054132,2.0562561337964125,0.08239130454483222,75.731,1.9272188859950674,0.08289233383899464
P3,accuracy,0.5,392,1568.0,20,2.08422999658952,0.13087532674316954,2.0589060342044014,0.07841427739043202,76.021,1.9294650098898647,0.07947850300780696
P3,accuracy,0.5,393,1572.0,20,2.0530414159749233,0.19949028372311722,2.063451214360481,0.0783056740418445,74.167,1.9337271584887792,0.07836271839797816
P3,accuracy,0.5,394,1576.0,20,2.043938213264088,0.15290804867434232,2.0622282402063523,0.07919726762282348,76.006,1.9324590731085771,0.07927018982569241
P3,accuracy,0.5,395,1580.0,20,2.0243103808818645,0.18672018367616017,2.06091010322095,0.08141346869979638,75.17699999999999,1.9315635434692684,0.08065165888728025
P3,accuracy,0.5,396,1584.0,20,2.024685711227254,0.22935775702587885,2.058619288745639,0.0833571729561864,72.888,1.9292470176644183,0.08218640693116654
P3,accuracy,0.5,397,1588.0,20,2.093041802867875,0.11709659915617122,2.058831803009886,0.08410977696134705,75.476,1.9295448914734146,0.08308607562588849
P3,accuracy,0.5,398,1592.0,20,2.0300740183267783,0.1826842475764615,2.060530408251699,0.08310304788622852,74.936,1.9312565851787558,0.08239107060321162
P3,accuracy,0.5,399,1596.0,20,2.1123117425033606,0.08779338074992468,2.06336707061569,0.0852314287080064,76.083,1.9343111989136728,0.08477500575622181
P3,accuracy,0.5,400,1600.0,20,2.0925966944867054,0.13040873040015577,2.0628436713573604,0.08491795956910067,75.131,1.9333614157960568,0.08480266184597839
P3,accuracy,0.5,401,1604.0,20,2.0855820575530335,0.12759731469206648,2.066572435398642,0.08300267048735263,75.84299999999999,1.9369188916842082,0.08242539959199131
P3,accuracy,0.5,402,1608.0,20,2.059506378399086,0.0991123462515631,2.065958594232281,0.08246003457673323,75.29400000000001,1.9354988425509567,0.08170017953529067
P3,accuracy,0.5,403,1612.0,20,2.0396658669187593,0.1758769848724362,2.0655159574930053,0.08098364491268921,73.37899999999999,1.9350980061220793,0.08012048315956853
P3,accuracy,0.5,404,1616.0,20,2.0951162477950827,0.09745782471390385,2.0663277843506793,0.07753888574079466,75.638,1.9364733611742697,0.07670418460081678
P3,accuracy,0.5,405,1620.0,20,2.065980365899615,0.17879188093478715,2.0647510708206758,0.07968758507854677,75.191,1.9352811277270388,0.07884996294723619
P3,accuracy,0.5,406,1624.0,20,2.0701595322848627,0.17399407201040099,2.064626196204437,0.0829633974469301,75.642,1.934115797859895,0.08210969819265997
P3,accuracy,0.5,407,1628.0,20,2.0947491087007255,0.12344824975712836,2.0661013089383564,0.08333312716757546,76.275,1.935267630717974,0.0822787295379845
P3,accuracy,0.5,408,1632.0,20,2.083735294796305,0.12723753304865953,2.064399208049374,0.08298059671259116,75.97,1.9343748417793272,0.08170788607990943
P3,accuracy,0.5,409,1636.0,20,2.092758824707912,0.197654682989052,2.065866748064911,0.08072732173675105,74.483,1.9359703176458734,0.08017483245326285
P3,accuracy,0.5,410,1640.0,20,2.0750989709358554,0.21051910872403845,2.064961551572966,0.08022066639292114,73.457,1.9350209928559454,0.08001386482703882
P3,accuracy,0.5,411,1644.0,20,2.1054505823764615,0.10666017221104374,2.0676795918226114,0.07981275749238782,76.279,1.9376267206379247,0.07967999030655655
P3,accuracy,0.5,412,1648.0,20,2.065951680839311,0.1468466606038151,2.0672436020274256,0.07895236823445378,74.821,1.9377705549503432,0.07820628527652117
P3,accuracy,0.5,413,1652.0,20,2.024284153524024,0.18279095943278348,2.065444910192964,0.07526805424919948,74.189,1.9362694316621831,0.07459087647085953
P3,accuracy,0.5,414,1656.0,20,2.016064512087044,0.20642094703908093,2.0652724218177463,0.07312863057204895,74.392,1.9361265345958114,0.07233304487742614
P3,accuracy,0.5,415,1660.0,20,2.066394434062425,0.14552099822683545,2.065891421606979,0.07310345949575477,75.211,1.9364364293669376,0.07233134452417676
P3,accuracy,0.5,416,1664.0,20,2.118038347320768,0.1062722845506701,2.0686706533729455,0.07175132710307318,75.354,1.9395908292653405,0.07052330217657726
P3,accuracy,0.5,417,1668.0,20,2.0376058180514374,0.17626013488042636,2.0668056862314224,0.0726563089686826,73.99600000000001,1.9379249826618412,0.0716714139521142
P3,accuracy,0.5,418,1672.0,20,2.004731261884202,0.27667476724569856,2.0648732800677934,0.07303802955407858,72.705,1.9361755045892626,0.0731267117723409
P3,accuracy,0.5,419,1676.0,20,2.1299460849925183,0.09519399297956836,2.0683135949369307,0.07261874744160404,75.60900000000001,1.9389366678805415,0.0725000072216935
P3,accuracy,0.5,420,1680.0,20,2.1106412273125734,0.12399536340867945,2.071766828794159,0.06934518319861754,75.55199999999999,1.9421618624206463,0.06921670331379828
P3,accuracy,0.5,421,1684.0,20,2.05364737747503,0.1512200886285026,2.07292529544407,0.06888054760537643,75.58399999999999,1.9435793047560204,0.06877091378315399
P3,accuracy,0.5,422,1688.0,20,2.041325873857295,0.1942330646737578,2.0708566582836467,0.07071831926867544,74.404,1.9417353959970456,0.07080001051717293
P3,accuracy,0.5,423,1692.0,20,2.095515807997996,0.19585812683172305,2.0734743298704954,0.07214594965422955,74.863,1.9442283391824458,0.07211628223089254
P3,accuracy,0.5,424,1696.0,20,2.107737037096496,0.11307751610923258,2.073291341654221,0.07321782453035021,76.04400000000001,1.943526727065499,0.07188981007866405
P3,accuracy,0.5,425,1700.0,20,2.118089810133991,0.14668831861057643,2.0743110662801123,0.07432489372122535,76.711,1.9441378122708006,0.07261825389129793
P3,accuracy,0.5,426,1704.0,20,2.0771464560892743,0.15374566366388412,2.073973642221562,0.07551775132029447,76.21900000000001,1.9443175635873147,0.07355339287110983
P3,accuracy,0.5,427,1708.0,20,2.045872681801998,0.2098525771783186,2.0734282943576785,0.0774377995224722,74.02000000000001,1.9440380719055317,0.07506889297490243
P3,accuracy,0.5,428,1712.0,20,2.0388738911884032,0.19571206075543884,2.073396615328464,0.08008059789491287,73.40700000000001,1.9437514006362757,0.07759745417225068
P3,accuracy,0.5,429,1716.0,20,2.11148097166191,0.09229278291786025,2.0740512042831374,0.08073675802727025,75.914,1.9438416854005713,0.07780100062713195
P3,accuracy,0.5,430,1720.0,20,2.0848748161277855,0.1448114130630226,2.074806982292264,0.08130668473075267,75.899,1.9439657510454975,0.07925689226045406
P3,accuracy,0.5,431,1724.0,20,2.057554127866206,0.1254167049564773,2.074302766115518,0.07842553813153585,76.205,1.9440337024838574,0.07705751480495308
P3,accuracy,0.5,432,1728.0,20,2.077324764633417,0.17193926689802447,2.0736057923528257,0.08030602133455338,74.273,1.9432683376192508,0.07792352655790162
P3,accuracy,0.5,433,1732.0,20,2.0916257783293375,0.15671174603331714,2.0739214116941467,0.08211241214856013,76.515,1.9425529171261178,0.07958356586978904
P3,accuracy,0.5,434,1736.0,20,2.1115338153402923,0.10972561816058798,2.074672411319442,0.08172244937907128,76.007,1.9437962602589143,0.0784379691645399
P3,accuracy,0.5,435,1740.0,20,2.113770110271318,0.12357583448866462,2.0762192568928604,0.08180336915581211,75.433,1.9457253613936367,0.0782130545217381
P3,accuracy,0.5,436,1744.0,20,2.1096516248883037,0.10483572858426982,2.0763872985933345,0.0805758527695334,75.958,1.9455266674500336,0.07693415323994977
P3,accuracy,0.5,437,1748.0,20,2.1004236095916258,0.1343542039019526,2.077766175743427,0.08061228123678817,76.411,1.9464249444966601,0.07680586065033292
P3,accuracy,0.5,438,1752.0,20,2.161494502349473,0.08056214205223584,2.0832545896964447,0.08268128688107072,76.729,1.9510900785738374,0.0788462070561163
P3,accuracy,0.5,439,1756.0,20,2.076768927152372,0.13556165481153554,2.085682766299058,0.08245677191374055,75.012,1.9535842148246658,0.07792327767792277
P3,accuracy,0.5,440,1760.0,20,2.0722044167812177,0.17535992961351768,2.0859151656078097,0.08467629514054495,75.912,1.953773830894928,0.07981262252802594
P3,accuracy,0.5,441,1764.0,20,2.115787636308368,0.08530236160747363,2.0858251371673138,0.08459678711250902,75.568,1.9539459855894552,0.07974483495123297
P3,accuracy,0.5,442,1768.0,20,2.131642782006655,0.15690209545916645,2.0895866157255223,0.08526028010449635,76.59,1.9575502473861532,0.0798128823242418
P3,accuracy,0.5,443,1772.0,20,2.1002639905024667,0.14642203304892468,2.0934079248702533,0.08207730249797189,75.34400000000001,1.9610104597900666,0.07529569228085498
P3,accuracy,0.5,444,1776.0,20,2.084174768567944,0.14384198959936892,2.09157707221327,0.08420265614889515,76.369,1.9597192863881276,0.07755533646468842
P3,accuracy,0.5,445,1780.0,20,2.0609626351893673,0.24121729114686147,2.0895899285283415,0.0875977363530502,74.185,1.9573655105252379,0.08172234223659451
P3,accuracy,0.5,446,1784.0,20,2.072848040037597,0.18098757346144362,2.090357955030844,0.08995666018197823,73.84299999999999,1.9580629214043568,0.08402442628214107
P3,accuracy,0.5,447,1788.0,20,2.0851833044439685,0.12182383177242614,2.0921122522543114,0.08611601092247868,76.044,1.9595900587726767,0.07981450440371982
P3,accuracy,0.5,448,1792.0,20,2.079238085321181,0.1456071739425269,2.0914611433472388,0.084523933994846,75.365,1.959767661712474,0.07808200186553516
P3,accuracy,0.5,449,1796.0,20,2.1194768011932466,0.07727908923127429,2.0919307339111084,0.08484654819469341,76.03999999999999,1.9605923479825003,0.07907849830674601
P3,accuracy,0.5,450,1800.0,20,2.0949228032472265,0.10070581508113714,2.091004053635638,0.08256731552914667,75.291,1.9607704271483126,0.0778320948009305
P3,accuracy,0.5,451,1804.0,20,2.1521469686026733,0.0746537288750157,2.094004074136174,0.08101784831366644,76.27799999999999,1.9631144724807164,0.07654196116976554
P3,accuracy,0.5,452,1808.0,20,2.151935733497092,0.07928726273386837,2.098246596203978,0.07809220140716577,76.565,1.9666987948589185,0.07326381523340984
P3,accuracy,0.5,453,1812.0,20,2.1006230365670944,0.15385017266539824,2.1007165620191257,0.07495774864295103,74.428,1.9691617767113136,0.06976947506367803
P3,accuracy,0.5,454,1816.0,20,2.094437499344023,0.113378215664146,2.1000348231264097,0.07449867710155003,75.785,1.9684049731522766,0.06935486441755544
P3,accuracy,0.5,455,1820.0,20,2.1033518784566656,0.14153270242214036,2.1007739056195653,0.07290567069613745,76.071,1.9692542470577443,0.06755239024319729
P3,accuracy,0.5,456,1824.0,20,2.1066006038481104,0.15511441251894914,2.102735764658841,0.07298707442168499,76.339,1.9710735297907607,0.06669521232247932
P3,accuracy,0.5,457,1828.0,20,2.1208259649913743,0.08970771719739587,2.1044758126731598,0.0710697810669421,76.42699999999999,1.9732632415402058,0.0652246888933511
P3,accuracy,0.5,458,1832.0,20,2.1078247691584906,0.0958981701592671,2.105123772306326,0.06934178021525284,76.604,1.974753104949885,0.06322830039237379
P3,accuracy,0.5,459,1836.0,20,2.1537426075304356,0.10159007768918088,2.1068121239939317,0.0692998233015186,76.501,1.975753200041526,0.0636540202081845
P3,accuracy,0.5,460,1840.0,20,2.076418285406145,0.14799815973978903,2.105318050999325,0.07013896753646495,76.491,1.9742722155104473,0.06547665263541798
P3,accuracy,0.5,461,1844.0,20,2.1090373894473298,0.11086240588316038,2.1052934815816857,0.06994052865805556,76.495,1.9749569580431445,0.06513967604044672
P3,accuracy,0.5,462,1848.0,20,2.075007242830007,0.13445874708912298,2.104276826911221,0.06982972400870265,76.76,1.9741210069422608,0.06536074791000393
P3,accuracy,0.5,463,1852.0,20,2.118095869242487,0.09617254238541306,2.1025408815869415,0.06960191673501458,76.092,1.9728464687571432,0.06571593045268373
P3,accuracy,0.5,464,1856.0,20,2.076332049430935,0.16665810571623296,2.1025234064780842,0.06996266134893427,76.356,1.9724118182732213,0.06560767935210751
P3,accuracy,0.5,465,1860.0,20,2.1097881454634306,0.09854369186366847,2.1040267556253727,0.06637034265116555,76.543,1.974194422464483,0.06323258290727678
P3,accuracy,0.5,466,1864.0,20,2.1494496908785576,0.07615112883261933,2.10537323780818,0.06493062348027075,76.62899999999999,1.9746640810570164,0.06217062191122327
P3,accuracy,0.5,467,1868.0,20,2.0810946463142446,0.1650166570980468,2.1033513123804837,0.06200874280744493,74.191,1.9727187722873645,0.06040510565640762
P3,accuracy,0.5,468,1872.0,20,2.1537157300125016,0.09231285481683846,2.1054893819608855,0.06082116803198029,76.55499999999999,1.9736994181740255,0.059856863281195376
P3,accuracy,0.5,469,1876.0,20,2.116301985316502,0.10894030713746854,2.1067744706308273,0.059314791599812976,76.15599999999999,1.9753356191047022,0.05859699628441083
P3,accuracy,0.5,470,1880.0,20,2.087896207125104,0.15608522714232506,2.107851813508257,0.05566481627719763,75.75,1.9770323618786656,0.05471913546274973
P3,accuracy,0.5,471,1884.0,20,2.1162841334007165,0.14097310412883288,2.109589257242782,0.05506022760947918,75.939,1.9785481811951873,0.053561327136018085
P3,accuracy,0.5,472,1888.0,20,2.043917040969198,0.16460044459922457,2.107938606703791,0.05540734117898543,75.909,1.9774178100147064,0.05416188619698837
P3,accuracy,0.5,473,1892.0,20,2.0947965145042846,0.17406040579847873,2.108560943871115,0.05673617240612934,74.694,1.977022971806966,0.055508240851917016
P3,accuracy,0.5,474,1896.0,20,2.1462103039302436,0.07583676296674927,2.109630283980595,0.055275411981114984,76.623,1.9783907599247232,0.05391664518320402
P3,accuracy,0.5,475,1900.0,20,2.1181769322875144,0.0997785893794624,2.1105604491422065,0.05453064374015413,75.312,1.9783712613512079,0.053240521992219424
P3,accuracy,0.5,476,1904.0,20,2.1120753993321464,0.10771548969858498,2.1089575863713854,0.05461229020878284,76.53999999999999,1.9770096298271536,0.0538881381274383
P3,accuracy,0.5,477,1908.0,20,2.0940504757980443,0.09033690292020781,2.1066421760634233,0.05476639495062913,75.545,1.9754377787535424,0.05416164015659378
P3,accuracy,0.5,478,1912.0,20,2.1200411864897672,0.08909486170802633,2.1074189020603304,0.05572756793716908,76.288,1.976622264709063,0.05551857356600937
P3,accuracy,0.5,479,1916.0,20,2.096662120077765,0.09305661893738046,2.1075078868896804,0.053015275213504964,75.609,1.9775173540391886,0.05326566313488833
P3,accuracy,0.5,480,1920.0,20,2.1193610628486677,0.07631742924150678,2.1081482542653602,0.050285111661726785,75.646,1.9782762418494264,0.051405024389813835
P3,accuracy,0.5,481,1924.0,20,2.1252609297934795,0.09757209831587213,2.1088946673031748,0.05146025204863974,75.817,1.9791629032059166,0.05240097141446044
P3,accuracy,0.5,482,1928.0,20,2.1377516300830415,0.08966576894443176,2.1095716939068416,0.053065454952415804,75.784,1.9795880415529876,0.05404145052233763
P3,accuracy,0.5,483,1932.0,20,2.149209970577041,0.07230232573036321,2.1112271019635838,0.051350744304751256,76.387,1.9811992178456321,0.052328527690527274
P3,accuracy,0.5,484,1936.0,20,2.141732843354834,0.07613531903680548,2.1107467113965597,0.05146031621409953,75.90700000000001,1.9813605241228918,0.052490115852801764
P3,accuracy,0.5,485,1940.0,20,2.111503646269525,0.11787442483786954,2.1121501258310946,0.05040396332257744,75.55499999999999,1.9825213622511673,0.05094400544855625
P3,accuracy,0.5,486,1944.0,20,2.153840271661445,0.07010117654522773,2.1139422411196596,0.050990400974948225,76.02799999999999,1.983210166624057,0.051386777255911155
P3,accuracy,0.5,487,1948.0,20,2.129948387004745,0.10009459036916409,2.116139886886649,0.05146134229247653,75.83099999999999,1.985192189007704,0.05196035105677144
P3,accuracy,0.5,488,1952.0,20,2.16186095758354,0.04958910483020071,2.117890490420291,0.04886328293708364,76.11699999999999,1.9869087521895614,0.04996882167520645
P3,accuracy,0.5,489,1956.0,20,2.1082721182856288,0.16656429963859426,2.119168093174479,0.04640800747069704,74.423,1.9884103073493364,0.048423901117201386
P3,accuracy,0.5,490,1960.0,20,2.137771905767412,0.10489097597973483,2.120287443586638,0.04782058465978684,76.28099999999999,1.9896815460180917,0.05003560748886384
P3,accuracy,0.5,491,1964.0,20,2.131841231951817,0.08040987176917344,2.1195831052295686,0.050854154756309985,76.037,1.98969893554514,0.05251162171258763
P3,accuracy,0.5,492,1968.0,20,2.1029884365359894,0.12762005420671735,2.120458856838438,0.051710574156072865,76.041,1.9904173669263845,0.052454375772710504
P3,accuracy,0.5,493,1972.0,20,2.121512641543165,0.12530669284398296,2.1191707332996645,0.05139316718964649,76.264,1.989825466874419,0.052205472976604106
P3,accuracy,0.5,494,1976.0,20,2.1388417536438875,0.07950993065788056,2.12007232403276,0.0505508058768123,76.455,1.9904340415702666,0.051165883533431315
P3,accuracy,0.5,495,1980.0,20,2.1122603037009022,0.1587633849903954,2.1210468878957918,0.04963669214642707,76.03099999999999,1.9911016214705461,0.05048208620737082
P3,accuracy,0.5,496,1984.0,20,2.122789729065571,0.07799593046332785,2.1213071117223863,0.04787833119327246,74.933,1.9918270289494941,0.049224158962952264
P3,accuracy,0.5,497,1988.0,20,2.1131384842600753,0.09513618351526038,2.1240759694540214,0.04670571296161999,74.82300000000001,1.9937825912853715,0.04777618000187115
P3,accuracy,0.5,498,1992.0,20,2.132317693150301,0.10254760082587634,2.125576816599862,0.046763252311352456,76.279,1.9950338781622001,0.047310154965054925
P3,accuracy,0.5,499,1996.0,20,2.1129540077119007,0.13345657854382273,2.124246564751128,0.0446585341617353,76.35499999999999,1.993570258491428,0.04598173683875587
P3,accuracy,0.5,500,2000.0,20,2.1074555652134968,0.09375958290738284,2.1238177100681677,0.043891232982698425,75.647,1.9940103639740134,0.0457891166823946
P3,accuracy,0.5,501,2004.0,20,2.131667384694517,0.09877475670085391,2.1246013894826623,0.044575281602724205,76.321,1.9947986993636764,0.046549865087455886
P3,accuracy,0.5,502,2008.0,20,2.0992735735148886,0.14577069931795406,2.124810313391336,0.04628205037334374,76.288,1.994620711735878,0.04836443774365486
P3,accuracy,0.5,503,2012.0,20,2.1267159641545943,0.14329501812702009,2.125077304497929,0.04765672083731395,76.03299999999999,1.9942993427803917,0.04929370845163058
P3,accuracy,0.5,504,2016.0,20,2.1298923362326656,0.07361821560924532,2.126406513144125,0.049258425219349755,76.312,1.9951502793107057,0.05054672206380873
P3,accuracy,0.5,505,2020.0,20,2.1461430704930278,0.05960968009746264,2.1274777934498994,0.049476084581184486,76.04499999999999,1.9964712233516066,0.04985137280972972
P3,accuracy,0.5,506,2024.0,20,2.1431285717618778,0.07812339824578589,2.1281924991286356,0.04799980766727444,76.265,1.9972804970593132,0.04882175302069139
P3,accuracy,0.5,507,2028.0,20,2.1267143310637397,0.09992034062489749,2.1277510071678636,0.048391609460927146,76.146,1.9973901173592759,0.049235503472178546
P3,accuracy,0.5,508,2032.0,20,2.1183439821866803,0.14890910439021643,2.126516367632249,0.04835348570454884,74.502,1.9960360779271276,0.04988085949205363
P3,accuracy,0.5,509,2036.0,20,2.1201538268949034,0.08898634747259654,2.125653206973852,0.04833904863337096,76.409,1.9952249089914411,0.049642375497774685
P3,accuracy,0.5,510,2040.0,20,2.1332464988332758,0.0683405247688332,2.126522921076402,0.046868872422537095,76.48400000000001,1.9963860871395163,0.0481626266104257
P3,accuracy,0.5,511,2044.0,20,2.1333225258603865,0.08199237121475932,2.1257022112443598,0.04695860762175888,75.65,1.9962454083473085,0.048239855541093404
P3,accuracy,0.5,512,2048.0,20,2.092044842033105,0.12835386130529428,2.1241860694454937,0.045974799017020125,75.46900000000001,1.9947790337496845,0.046573446308902866
P3,loss,0.5,1,4.0,20,1.7656004659727427,0.302423907757707,1.7656004659727427,0.302423907757707,70.022,1.6282181586783815,0.2993122807243727
P3,loss,0.5,2,8.0,20,1.657136408373,0.332128833300337,1.7113684371728712,0.2346318473140062,66.564,1.5757075473642834,0.24556879490716818
P3,loss,0.5,3,12.0,20,1.6768911769876134,0.2963831533919584,1.6998760171111187,0.18657310551352824,67.58,1.5592457360281733,0.1967381913541596
P3,loss,0.5,4,16.0,20,1.7996159798943723,0.33070344876747004,1.724811007806932,0.14627855220638378,70.22200000000001,1.5813772261204344,0.15413121217324321
P3,loss,0.5,5,20.0,20,1.7508666915544044,0.26062459832163315,1.7300221445564266,0.1294120452748746,69.705,1.5897477006867937,0.13562155931693332
P3,loss,0.5,6,24.0,20,1.6741553759238799,0.3076150336524333,1.720711016451002,0.12062342983795439,69.265,1.581786632936603,0.1271535659006181
P3,loss,0.5,7,28.0,20,1.5661637315931496,0.3600913112050408,1.69863283289988,0.11109885154974332,58.016,1.5554658459809532,0.11646188369628735
P3,loss,0.5,8,32.0,20,1.644762229844932,0.2790142031517562,1.6918990075180116,0.1173095803536788,64.549,1.5481962139329108,0.12205141476378681
P3,loss,0.5,9,36.0,20,1.781387390646115,0.32912116006896075,1.7018421611989123,0.11175631298572003,67.761,1.5574001597044016,0.11558816710560346
P3,loss,0.5,10,40.0,20,1.645633966388949,0.36530045778726533,1.6962213417179157,0.1043699566106757,65.26599999999999,1.551290276016933,0.10919478507745894
P3,loss,0.5,11,44.0,20,1.8890633295189185,0.21330341524111474,1.713752431518007,0.10093445763657166,74.736,1.568929852389944,0.10637526099838006
P3,loss,0.5,12,48.0,20,1.7934651478486905,0.24289166695316583,1.7203951578788974,0.09565263908540984,72.699,1.5774153337712924,0.1009709797438072
P3,loss,0.5,13,52.0,20,1.6414480456763294,0.32907521337136,1.7143223030940842,0.09420163824154723,65.809,1.5714609675853095,0.0980469361375949
P3,loss,0.5,14,56.0,20,1.755581385276664,0.2868834407968926,1.71726938039284,0.08610334363055588,69.753,1.5750417179879919,0.08815733367193132
P3,loss,0.5,15,60.0,20,1.7615797292967155,0.19243943707353164,1.7202234036530986,0.08394880934476849,70.428,1.5788688597662213,0.08423936534863553
P3,loss,0.5,16,64.0,20,1.6554743401641616,0.3291361505895614,1.7161765871850398,0.08094972216540704,64.157,1.5737541867711753,0.0806930385797166
P3,loss,0.5,17,68.0,20,1.769148227359283,0.22796089255353297,1.7192925660188187,0.08435203972618455,71.434,1.5771276897216884,0.08293070125988432
P3,loss,0.5,18,72.0,20,1.7245826672328302,0.3248936369355221,1.7195864605307083,0.0793770019062695,69.904,1.57747266217467,0.07824589478912795
P3,loss,0.5,19,76.0,20,1.616647482917088,0.2513557823765494,1.7141686196036758,0.07915236260126318,65.00399999999999,1.5719513135345713,0.07887246962495906
P3,loss,0.5,20,80.0,20,1.6305149600933582,0.37702144267171833,1.70998593662816,0.07542128288361116,64.10499999999999,1.567065993534523,0.07492316506730423
P3,loss,0.5,21,84.0,20,1.682499675516676,0.22621295179752898,1.7086770670514224,0.06732512618124374,69.014,1.5657593841996993,0.06736853388611215
P3,loss,0.5,22,88.0,20,1.67596931239353,0.2542422347325318,1.7071903509306092,0.06871392027172486,66.00399999999999,1.5644436783068025,0.06925230880395042
P3,loss,0.5,23,92.0,20,1.611632383042189,0.30982032344147287,1.7030356566745908,0.06456055550357195,62.089,1.5597877766053136,0.06435859953084049
P3,loss,0.5,24,96.0,20,1.7994672026460186,0.19573761750821514,1.7070536377567336,0.06471052619519417,73.579,1.5645977725213485,0.064586968146139
P3,loss,0.5,25,100.0,20,1.796313094822667,0.22283959856645996,1.710624016039371,0.061573784414734066,71.28999999999999,1.5682316207988125,0.06105425393674857
P3,loss,0.5,26,104.0,20,1.6280662360449139,0.2941295785665352,1.705122646842258,0.05702728355232676,64.275,1.5630989013689005,0.05646329840794927
P3,loss,0.5,27,108.0,20,1.7563622412272195,0.30968861318058255,1.7090916801564267,0.051773340712498596,69.538,1.5670292383561164,0.05056584158604033
P3,loss,0.5,28,112.0,20,1.8462919352216847,0.3030916065244303,1.7158677104857898,0.05080432576301755,69.979,1.574475211779116,0.05064055843790335
P3,loss,0.5,29,116.0,20,1.6496918745660036,0.31120070851187126,1.7098707462726548,0.05051979802671038,67.993,1.5689285838308544,0.05007771416863427
P3,loss,0.5,30,120.0,20,1.7877198103953134,0.28799143160865864,1.711344871026291,0.04730310194818907,71.603,1.570024436468609,0.04628955973183854
P3,loss,0.5,31,124.0,20,1.7107912898754285,0.13817874505205352,1.7128103075843533,0.045599523479827285,72.316,1.571899288443122,0.04435108853058837
P3,loss,0.5,32,128.0,20,1.7466685861591227,0.3286131662667431,1.7200305017669923,0.0422043452365598,69.97200000000001,1.5808712156831846,0.041740328153654964
P3,loss,0.5,33,132.0,20,1.7913268378765541,0.285179402006729,1.7258930860882569,0.047406616439780246,70.623,1.5869899821048115,0.04685905210570646
P3,loss,0.5,34,136.0,20,1.7219193796293457,0.3276206410882777,1.7235143656475862,0.04981267947915046,68.36800000000001,1.584850733986955,0.04882212220588436
P3,loss,0.5,35,140.0,20,1.6871576804748876,0.2172510866557612,1.725175314211024,0.0523036031755299,69.216,1.5869522412674129,0.05172993029522104
P3,loss,0.5,36,144.0,20,1.7997891355131297,0.26097438709277637,1.7216043464507922,0.05381442994219725,70.39399999999999,1.58349736248804,0.05421459011981362
P3,loss,0.5,37,148.0,20,1.7956277974668828,0.27155654139311086,1.7216908524355197,0.05347629000197114,70.686,1.5830487417267771,0.0542794306234347
P3,loss,0.5,38,152.0,20,1.8288322696673152,0.213102908824573,1.7291862213951592,0.048717552802075306,72.997,1.5911956368116102,0.05079812876333747
P3,loss,0.5,39,156.0,20,1.6756965299703215,0.2836776463467791,1.7259908271829054,0.05240657387761254,70.29400000000001,1.588245819422947,0.05440534137050933
P3,loss,0.5,40,160.0,20,1.7440804615791314,0.259463673984311,1.7252908564742022,0.06123908412414694,71.389,1.5876591441100014,0.06371164261968801
P3,loss,0.5,41,164.0,20,1.6799765152773696,0.2613076484500124,1.7262709434787307,0.06063275153066165,63.404999999999994,1.589226039184887,0.06197949133680506
P3,loss,0.5,42,168.0,20,1.742246497744988,0.33524704754088086,1.7251948742941585,0.0630782192059657,68.304,1.5876335706211118,0.06320452401449397
P3,loss,0.5,43,172.0,20,1.68237742470498,0.31815613036105705,1.7235066645930448,0.0620616990048723,67.072,1.5858330484523309,0.06262060742150452
P3,loss,0.5,44,176.0,20,1.8048517541181277,0.18296008394242838,1.7310348354410863,0.06527477348780218,71.914,1.5938724971068907,0.0660985532487395
P3,loss,0.5,45,180.0,20,1.6828929592790387,0.2836020124294678,1.7331299554085136,0.06378419136175134,69.502,1.5970640474933557,0.06444807496976356
P3,loss,0.5,46,184.0,20,1.6570839710832748,0.29442175224319145,1.7321133272311777,0.06332914534950322,66.779,1.5955534203506807,0.06434165700907087
P3,loss,0.5,47,188.0,20,1.8265654772847253,0.25612518089096403,1.7381371738268254,0.06669077744594772,70.475,1.6015651614108914,0.06674811740112561
P3,loss,0.5,48,192.0,20,1.8187871729281533,0.3124138858161711,1.7464233654222638,0.06277765738112288,69.536,1.6103206235702203,0.06261944881097231
P3,loss,0.5,49,196.0,20,1.7938576400904007,0.2569425172079222,1.746198982920039,0.057624061107886794,69.30199999999999,1.6093386104420258,0.057653672496667446
P3,loss,0.5,50,200.0,20,1.7327239332113304,0.2587561921796092,1.7436554164555857,0.05752238234954669,69.459,1.6071498292853839,0.05842628562665778
P3,loss,0.5,51,204.0,20,1.7203900575735571,0.26987375660662455,1.7473483693167313,0.06426311180200933,67.72200000000001,1.6106258137036946,0.06502711091430041
P3,loss,0.5,52,208.0,20,1.7117999009134084,0.27956743902194786,1.745565875704179,0.06453754944511784,67.43299999999999,1.609016160235995,0.06541904275054301
P3,loss,0.5,53,212.0,20,1.7326201594465658,0.2523935798218403,1.7410190046731742,0.06199453229670526,68.551,1.6047514413001789,0.06305651391990086
P3,loss,0.5,54,216.0,20,1.7284283521657848,0.22070336269506446,1.7441684637771655,0.06631887275218494,69.80799999999999,1.6085444596385208,0.06779852657161238
P3,loss,0.5,55,220.0,20,1.8124262663305584,0.22739922876315447,1.7451567220145754,0.06255766622371231,72.979,1.6101800536234734,0.06428030860694832
P3,loss,0.5,56,224.0,20,1.679502819397883,0.32257979488876437,1.7439051831954735,0.05599978991444339,64.497,1.6085926120625196,0.05776401592590591
P3,loss,0.5,57,228.0,20,1.7074641431822197,0.25095559281658425,1.7423370054763976,0.05234698974169493,71.515,1.606450042206868,0.05477785308983048
P3,loss,0.5,58,232.0,20,1.708136965130635,0.27527227713212943,1.7390094105665603,0.05293880628273592,68.759,1.6039465031687332,0.05503813729434413
P3,loss,0.5,59,236.0,20,1.8189061982687786,0.21519244309407395,1.742888883312138,0.05686323024457734,71.434,1.6081681900891684,0.05841295418787115
P3,loss,0.5,60,240.0,20,1.7823567487076684,0.23787323708891478,1.7466968460414491,0.06066804108416424,72.132,1.6119786877382931,0.062473179202052934
P3,loss,0.5,61,244.0,20,1.7163512184585852,0.20746903939324532,1.7433593293592673,0.06445843818681474,70.544,1.6088178911802706,0.0656357044985678
P3,loss,0.5,62,248.0,20,1.7882986023424947,0.26010209082042157,1.7430661615542917,0.06229287662038481,70.709,1.6087960115284254,0.06396329136099219
P3,loss,0.5,63,252.0,20,1.8119559363813589,0.20644876449587227,1.7423911082228536,0.062416340650839494,71.346,1.6071223032564803,0.06512984039604583
P3,loss,0.5,64,256.0,20,1.7899224705433237,0.27789247865509215,1.7469601458457737,0.0612005186812709,71.102,1.6112402286186653,0.06361281016873023
P3,loss,0.5,65,260.0,20,1.7667665458303454,0.2331603592623863,1.7478675892158222,0.055162339697303546,71.19800000000001,1.6120964562618645,0.05760192631972224
P3,loss,0.5,66,264.0,20,1.7795797271117944,0.2754841276284203,1.7518517176891995,0.05368956911807735,70.815,1.6161327833901822,0.05609736074967879
P3,loss,0.5,67,268.0,20,1.710689340110882,0.2798796326982226,1.750589431383835,0.05165055449609832,68.588,1.6165938804267737,0.05343665255141209
P3,loss,0.5,68,272.0,20,1.76200794079297,0.2506242563788741,1.7537746520273547,0.04344711858318679,70.374,1.6198146934138005,0.044329873718869824
P3,loss,0.5,69,276.0,20,1.791121519075093,0.24051420308252694,1.7532254426256333,0.04316590723152397,70.311,1.6186157168108377,0.045265223682664515
P3,loss,0.5,70,280.0,20,1.804845812801751,0.24281516683253926,1.7581035567665417,0.04137138668273969,71.45599999999999,1.6242628945834068,0.042364502048094145
P3,loss,0.5,71,284.0,20,1.7813880337540375,0.24065944667110126,1.7630757192733721,0.043441109548841866,71.63,1.6299229515548,0.044761862546020305
P3,loss,0.5,72,288.0,20,1.7338648183492276,0.273711037770054,1.7593676929159525,0.0462432093064214,70.02799999999999,1.6262900933298166,0.04818036517055117
P3,loss,0.5,73,292.0,20,1.8141374107560697,0.21938476232049814,1.759181702429069,0.04848680758052591,72.846,1.6262795813737145,0.04928642126365257
P3,loss,0.5,74,296.0,20,1.7221670044548092,0.2514995321862581,1.7563140770036452,0.04537003185574549,68.97,1.6233560842462733,0.04641963498509557
P3,loss,0.5,75,300.0,20,1.842623712104988,0.21970922696393613,1.7607100681593917,0.04640130594416993,71.308,1.6280056191164534,0.04830878691750016
P3,loss,0.5,76,304.0,20,1.8332321350798444,0.17862576264246904,1.7652237512596431,0.047569944538108665,73.00800000000001,1.6324567569502793,0.049937654380607356
P3,loss,0.5,77,308.0,20,1.8135258975031825,0.2793246453552406,1.769292791123234,0.04902850700053939,71.151,1.6368561641185781,0.05118207511231401
P3,loss,0.5,78,312.0,20,1.724643279599496,0.2651640743883321,1.768973715929351,0.0486621383269016,70.529,1.6361053765604947,0.051414401129236516
P3,loss,0.5,79,316.0,20,1.758787182592549,0.22524171056285625,1.7701880691464218,0.0486351300234542,69.412,1.6374228337610106,0.05109453903499827
P3,loss,0.5,80,320.0,20,1.8750579604165332,0.25781479837472465,1.7726933369098608,0.04364065204777058,72.97,1.638955157913482,0.04611038529561141
P3,loss,0.5,81,324.0,20,1.7354121367192197,0.2987658544592784,1.7749297096027141,0.04045458716204263,68.65700000000001,1.6409876506270287,0.0427197424601044
P3,loss,0.5,82,328.0,20,1.759889330104978,0.281241675922375,1.7770267170796246,0.04517389615528586,68.155,1.6433079379797797,0.04738233645111474
P3,loss,0.5,83,332.0,20,1.76346996918016,0.23602065780596332,1.7792400372416057,0.04822016274694926,71.696,1.6447034102369495,0.05106752371120453
P3,loss,0.5,84,336.0,20,1.7766396709727075,0.24421900896877755,1.777549376149763,0.0510903502886391,69.17999999999999,1.6434553254513662,0.053181924292338346
P3,loss,0.5,85,340.0,20,1.7588115216043267,0.30218450817408676,1.7766075670656292,0.055822508816393536,69.94,1.6427188448721473,0.05660087180423123
P3,loss,0.5,86,344.0,20,1.766826056272339,0.27065521865576964,1.7786265605781792,0.05376398361223875,68.158,1.644485743195872,0.0547812926742902
P3,loss,0.5,87,348.0,20,1.8093846228834773,0.21936125749546181,1.7794700013998184,0.052141436590126586,68.416,1.6454862973129072,0.05348551419061093
P3,loss,0.5,88,352.0,20,1.7369437439120987,0.27037052717762006,1.776469513701048,0.050455554412171234,68.584,1.6431872581397446,0.05166390620334705
P3,loss,0.5,89,356.0,20,1.7933883149795953,0.2346410969345559,1.776608147478499,0.05140668576125952,68.495,1.6440458608773607,0.054269271415671956
P3,loss,0.5,90,360.0,20,1.7231264123954582,0.23553974082524637,1.7748625421411035,0.049200773034849536,69.407,1.6422335198958886,0.05155326064599788
P3,loss,0.5,91,364.0,20,1.817314722325198,0.2384057144109888,1.7763719419496398,0.04946321523611076,71.054,1.6444964634188584,0.052170026977480556
P3,loss,0.5,92,368.0,20,1.7308791077151908,0.31110518946064397,1.7771795326538118,0.048708304977841045,66.628,1.6442031746610546,0.05048623421816304
P3,loss,0.5,93,372.0,20,1.7928578760468628,0.26687140152515104,1.7784135300639676,0.04799519823072548,70.931,1.6459590034214429,0.0490421110511456
P3,loss,0.5,94,376.0,20,1.8084259865087582,0.2957761374323138,1.7791057087613145,0.052941695503089845,70.257,1.6477295577007864,0.05413691666515772
P3,loss,0.5,95,380.0,20,1.7180646782829296,0.1932371567597608,1.7756344633805614,0.0480207467277264,69.973,1.643348224373836,0.050107259527420574
P3,loss,0.5,96,384.0,20,1.6648738662462512,0.3392586491403051,1.7709738966802502,0.05158604020069009,63.45,1.6384229396186876,0.05422539079599687
P3,loss,0.5,97,388.0,20,1.7644213992793216,0.2321428961839778,1.7721961599174538,0.053260213574254506,69.541,1.6400776912159531,0.05596300247618139
P3,loss,0.5,98,392.0,20,1.8224758140411974,0.2277917481441227,1.7725296960488588,0.04879970175525753,72.192,1.6405762040674827,0.05221977938908042
P3,loss,0.5,99,396.0,20,1.847326340797812,0.21998810153472223,1.7775360695025788,0.04412787245354186,70.178,1.6458517446189784,0.04636310978787186
P3,loss,0.5,100,400.0,20,1.7269238509811804,0.279873855497612,1.7729080750576265,0.04366657139147035,64.689,1.641657687059696,0.04473375102811993
P3,loss,0.5,101,404.0,20,1.7562773702685626,0.28376088954154605,1.7698298844651752,0.040944101985874726,67.095,1.6385521296798675,0.04236184744850199
P3,loss,0.5,102,408.0,20,1.834519112675379,0.14615829100496586,1.7706696130720634,0.0456616834439347,73.28,1.6393074816700974,0.04667129134315126
P3,loss,0.5,103,412.0,20,1.7630154031449592,0.28336512505520045,1.7722044980138818,0.04367537757830325,67.705,1.6406995833734264,0.044094751949431965
P3,loss,0.5,104,416.0,20,1.85296334373476,0.21015915567874216,1.7759715444595703,0.04166427059478641,72.55199999999999,1.6440140690327723,0.04251087345338364
P3,loss,0.5,105,420.0,20,1.785841296160791,0.26191188386114894,1.7724028778893406,0.04766157926101301,69.792,1.6409857542473332,0.04881031068234014
P3,loss,0.5,106,424.0,20,1.8270214337994062,0.22434571395093786,1.776067249772548,0.051215167195334775,71.708,1.6446750614642192,0.05402159649969877
P3,loss,0.5,107,428.0,20,1.6716993689607211,0.2700618999810111,1.772539651326778,0.053078384169986545,64.037,1.6411192167690953,0.055793465219124296
P3,loss,0.5,108,432.0,20,1.7189191282282121,0.2713040837758712,1.7707576176886999,0.05337923226368183,66.973,1.640133096219481,0.054967840308682465
P3,loss,0.5,109,436.0,20,1.7611545916540272,0.21878239028204496,1.7701382145159528,0.05015801098232021,67.844,1.6395033981683063,0.05147478953096182
P3,loss,0.5,110,440.0,20,1.857796619370485,0.1376951515322056,1.7740976184265989,0.04762212544649161,73.376,1.6435196567090613,0.04861214452488911
P3,loss,0.5,111,444.0,20,1.8367847070818928,0.1430727036439951,1.776895964458981,0.04624305902528365,73.556,1.6471346090528765,0.04633234973544799
P3,loss,0.5,112,448.0,20,1.8129429805867772,0.23442955224062326,1.777038298767113,0.04975997663640264,71.796,1.6471261414986185,0.05025620071248416
P3,loss,0.5,113,452.0,20,1.8304205185875133,0.19634132799800064,1.7807773697541296,0.047153723850081264,72.366,1.6513995632357645,0.04675192478540089
P3,loss,0.5,114,456.0,20,1.8330073748700166,0.2123964865245393,1.7823621321497467,0.040515426955058026,71.751,1.652166581192685,0.04010903743891481
P3,loss,0.5,115,460.0,20,1.780560804179041,0.25992435065644814,1.7846595078210896,0.04538034357493281,70.61699999999999,1.6542406769881874,0.04451712023875285
P3,loss,0.5,116,464.0,20,1.815467396588233,0.21070690028611597,1.7845856147916113,0.04575816601625191,73.63300000000001,1.6544746473834373,0.04506684971680129
P3,loss,0.5,117,468.0,20,1.8277027889415176,0.18741499451448215,1.7884585620406643,0.04806342877886419,72.909,1.6591548889935872,0.049092505920295355
P3,loss,0.5,118,472.0,20,1.9311247421676203,0.16372304780366848,1.7939892366854946,0.042698351051268846,74.124,1.6641081709845118,0.04426522627768851
P3,loss,0.5,119,476.0,20,1.8764145082049282,0.21368945564171152,1.7967087775533415,0.03807705232383714,72.862,1.6671790310453225,0.040832597821874705
P3,loss,0.5,120,480.0,20,1.8010785402155556,0.28577759256954355,1.8000293320306464,0.04746562550700543,69.583,1.670379306164118,0.049532694486084466
P3,loss,0.5,121,484.0,20,1.8696299757998869,0.19898292411550278,1.8082195764127917,0.04198990399147499,73.237,1.6788599799306396,0.04366086567527851
P3,loss,0.5,122,488.0,20,1.8139866430595704,0.24059352636488196,1.8102021861640019,0.046763453657261436,71.342,1.68071708528454,0.047815893792088136
P3,loss,0.5,123,492.0,20,1.7410009609430106,0.21170828552184306,1.8069431920400743,0.04582887511030517,67.765,1.6777401397896863,0.046916308566301704
P3,loss,0.5,124,496.0,20,1.8675383704285209,0.15534412543978918,1.8077516732253027,0.04590137770298957,72.292,1.6788469655170772,0.04557310601414686
P3,loss,0.5,125,500.0,20,1.7278676574748288,0.2808892904954937,1.8077894254850488,0.04415927132805196,66.515,1.6779544539382303,0.044104088395294845
P3,loss,0.5,126,504.0,20,1.724394229033697,0.2688373713060941,1.806514099835654,0.04244230244343555,67.357,1.6774164795562956,0.04136928906286608
P3,loss,0.5,127,508.0,20,1.8256575046830423,0.24592913372333447,1.8061596355159604,0.04172377034335438,68.465,1.6763244570369125,0.04052743892916677
P3,loss,0.5,128,512.0,20,1.872321619106425,0.17402408133198968,1.810531884154419,0.04284427314956587,73.393,1.680974512193736,0.04236742447738925
P3,loss,0.5,129,516.0,20,1.890991589918015,0.16368877351153038,1.8120530140017492,0.042092303996352366,74.77799999999999,1.683242977788609,0.04174026596626202
P3,loss,0.5,130,520.0,20,1.8891861916578652,0.19381748570037238,1.8161868098216325,0.040993954017033755,73.326,1.687407037447085,0.041068806801452924
P3,loss,0.5,131,524.0,20,1.8133942213856382,0.23997867918494,1.8156417213250815,0.042573820260082114,70.459,1.687059724429065,0.04202964910849937
P3,loss,0.5,132,528.0,20,1.8858064488299948,0.23399357221123224,1.8242060045198525,0.044052052510948264,71.596,1.6960375099518235,0.043950393366106386
P3,loss,0.5,133,532.0,20,1.8515179207733503,0.23585952014756767,1.8295099562216581,0.04384079347607185,70.319,1.7009401165941358,0.04322053133218063
P3,loss,0.5,134,536.0,20,1.7947610450384726,0.20160568958326916,1.830854214357036,0.042466977238494165,71.215,1.7022325899390327,0.040116847666963946
P3,loss,0.5,135,540.0,20,1.8363380503944904,0.23642987063296975,1.8299958715979963,0.04615274886443612,70.98400000000001,1.7015398964298636,0.04374127042921487
P3,loss,0.5,136,544.0,20,1.7643205093434104,0.2567954162508532,1.827097303688457,0.049100202684027885,69.446,1.69859000932736,0.047511005959867264
P3,loss,0.5,137,548.0,20,1.7331059065515937,0.2414925796918698,1.8239038207270497,0.04528276956227003,64.289,1.6951341362986998,0.044906520023824
P3,loss,0.5,138,552.0,20,1.857488461880407,0.25091642753841886,1.8249865384587654,0.051807026239734655,70.089,1.6951096631354337,0.05202732224394225
P3,loss,0.5,139,556.0,20,1.8272961432596415,0.23192587037735587,1.8247580891943502,0.052110467662159675,70.767,1.6955363095771747,0.05230763180519483
P3,loss,0.5,140,560.0,20,1.863384589438661,0.16450919184772061,1.8280710406047351,0.04679044147138901,72.30199999999999,1.699416100097751,0.046837709417935365
P3,loss,0.5,141,564.0,20,1.822415551812736,0.21830502424752507,1.828348966813715,0.05474943587598527,71.328,1.6993164267205956,0.05451954045074273
P3,loss,0.5,142,568.0,20,1.8170204023296783,0.2214023510608096,1.8279216713492417,0.05461988396599286,71.462,1.6978703004232198,0.05461976016794509
P3,loss,0.5,143,572.0,20,1.7428755550550992,0.2463585097136387,1.8203917038647408,0.05300934817810715,67.17699999999999,1.690952541940271,0.05374742219161386
P3,loss,0.5,144,576.0,20,1.794165482611326,0.2691716577623569,1.8171017428409968,0.05239895970200498,69.649,1.686697293798058,0.05353910451160405
P3,loss,0.5,145,580.0,20,1.7633316151657552,0.28314372167142327,1.8155918658390047,0.054869419385179356,68.589,1.6851222331437126,0.056149038563521686
P3,loss,0.5,146,584.0,20,1.8672607485718795,0.2446935429465345,1.8154970967498845,0.0530704003145242,71.878,1.6848545204436245,0.05409763754865547
P3,loss,0.5,147,588.0,20,1.8497576791499142,0.2525833475895859,1.8169279381934982,0.05873782504546746,71.478,1.6869102972209167,0.05960620186681557
P3,loss,0.5,148,592.0,20,1.799666393386277,0.2136214293428789,1.8192745554912289,0.05929239100742715,70.92699999999999,1.6896981457654139,0.059858893459575555
P3,loss,0.5,149,596.0,20,1.8285009341280691,0.23784896224463425,1.8177130580392107,0.06306551246631309,71.37899999999999,1.6880459602637323,0.0630383051466065
P3,loss,0.5,150,600.0,20,1.8508242448541954,0.19945664963381782,1.8226313215343855,0.06647088909026533,71.565,1.6937474622483015,0.06706534684686079
P3,loss,0.5,151,604.0,20,1.7830826936672046,0.2465948355195808,1.8249788601197257,0.06408785319201069,68.95599999999999,1.6959399051274857,0.06448338633179866
P3,loss,0.5,152,608.0,20,1.6811357100795443,0.2346964426258906,1.819197988335586,0.058072832063798804,66.10900000000001,1.6906116975958032,0.058551611825594846
P3,loss,0.5,153,612.0,20,1.8045640317248683,0.19254451511544657,1.8164876848403235,0.05541873459404038,68.517,1.6880454189324083,0.05590817984649994
P3,loss,0.5,154,616.0,20,1.8476585198518234,0.2325170669719244,1.8147543620376758,0.05418645639143593,72.507,1.6856414805063775,0.05384514813531818
P3,loss,0.5,155,620.0,20,1.8283301124023592,0.25137042654012454,1.8123201188674556,0.05415550280199063,70.65799999999999,1.6832932694106528,0.053357106062083784
P3,loss,0.5,156,624.0,20,1.7690282468125258,0.28439574852036287,1.810545479884531,0.05183670204656514,66.299,1.6810168715037759,0.05126951068578013
P3,loss,0.5,157,628.0,20,1.9071117595664429,0.1916315787612296,1.8113976923139892,0.05349987412839647,71.692,1.6815940192669117,0.05310200193256874
P3,loss,0.5,158,632.0,20,1.7861554246280922,0.1643299694387841,1.8087831924681788,0.0554145729592175,72.136,1.6793401505644021,0.05602819003564279
P3,loss,0.5,159,636.0,20,1.867277311016973,0.26670755265105334,1.8116838431073188,0.05600861036402295,70.739,1.681386584959362,0.05732025551702258
P3,loss,0.5,160,640.0,20,1.660752192405632,0.2162315652668016,1.8046604087877642,0.05411168363848302,63.590999999999994,1.673403864556,0.05532471121071068
P3,loss,0.5,161,644.0,20,1.7585466714714237,0.22460887198134064,1.804429455272885,0.05166223295862642,69.275,1.6732380946934746,0.05245424297496829
P3,loss,0.5,162,648.0,20,1.8807727330262973,0.22942411392768913,1.810336128331873,0.05475609850144858,71.502,1.6789544935672585,0.054968657884841766
P3,loss,0.5,163,652.0,20,1.7107801709635873,0.3198616860993599,1.8044677966952,0.05556464884912763,65.901,1.673582075019049,0.05630168875489948
P3,loss,0.5,164,656.0,20,1.8644990378568687,0.1763850526288344,1.8059559124790894,0.05656032843307403,72.286,1.674804334620838,0.057016953568996935
P3,loss,0.5,165,660.0,20,1.8261371253042167,0.19760893220953657,1.8044660139137114,0.060188327972396614,72.77000000000001,1.672766324312056,0.0609299673789419
P3,loss,0.5,166,664.0,20,1.7981648277909579,0.3186129207869496,1.8034959849528405,0.06307438999533925,65.949,1.6716418721747754,0.06496182125231768
P3,loss,0.5,167,668.0,20,1.8877667008562597,0.18386741151515806,1.8063258368939035,0.0572303942510887,74.37899999999999,1.6751789150108203,0.059442124406948044
P3,loss,0.5,168,672.0,20,1.866373051521035,0.18246811198730414,1.811265736752541,0.05610887659177776,74.65700000000001,1.6800516136278645,0.058026145050371396
P3,loss,0.5,169,676.0,20,1.8680427440531222,0.18574645893225916,1.8142208272102132,0.05398367191634156,73.479,1.6835231034647395,0.05593029159629403
P3,loss,0.5,170,680.0,20,1.8420913049989553,0.18648596692506927,1.817371214803541,0.0512813548453445,73.24300000000001,1.6873481935929875,0.053359626847391865
P3,loss,0.5,171,684.0,20,1.9029364954270018,0.25381203045569295,1.8187982446777458,0.052957194450083615,72.69800000000001,1.6891403036534314,0.05343199917980257
P3,loss,0.5,172,688.0,20,1.8618040528311064,0.204569105735532,1.8192800996249936,0.05259811423002114,70.002,1.689397223267001,0.05429260787514488
P3,loss,0.5,173,692.0,20,1.7900937721254564,0.2845100870165731,1.8188971947745607,0.057626025476773826,67.79299999999999,1.688079295136692,0.059503835119015455
P3,loss,0.5,174,696.0,20,1.8492942465995283,0.25418649590954906,1.8197289272734192,0.056647926478018494,70.646,1.6888698998548985,0.05929884750740839
P3,loss,0.5,175,700.0,20,1.8717830143522047,0.18928467605672994,1.8205672780533395,0.05752630055036132,73.184,1.6896656743285594,0.059096078221286055
P3,loss,0.5,176,704.0,20,1.8171903434770826,0.17201449513684192,1.8219315840457344,0.056400191227560396,70.487,1.6904229963582023,0.05679156674575018
P3,loss,0.5,177,708.0,20,1.818973877227942,0.24812794739914965,1.8274451107316705,0.05680151927370633,70.678,1.6965500253721255,0.05740548901429359
P3,loss,0.5,178,712.0,20,1.7925508369476504,0.1757453006603088,1.8269645829405818,0.05701316257575556,71.05199999999999,1.6964190578500489,0.05768281811026936
P3,loss,0.5,179,716.0,20,1.8276257170246892,0.2630131175840996,1.8261632708274962,0.058356965835418065,69.726,1.6955686510654686,0.058314588831456335
P3,loss,0.5,180,720.0,20,1.8201175204240223,0.23683145315024545,1.825834767148363,0.05428060173319876,69.825,1.6957951396263766,0.05309629179673489
P3,loss,0.5,181,724.0,20,1.8782613868008677,0.1645575887011977,1.8302040927478966,0.05212949845608041,73.185,1.7009251998353256,0.05019711068902989
P3,loss,0.5,182,728.0,20,1.858694616530214,0.20976448496883907,1.8282674070264477,0.05082427667051042,70.842,1.6991225544656612,0.048711729719187725
P3,loss,0.5,183,732.0,20,1.8195339975633842,0.27519561114653923,1.8296025499438593,0.04749103737795182,69.311,1.6997550589971442,0.04541325529657049
P3,loss,0.5,184,736.0,20,1.8434504502813698,0.22835821702573297,1.828649475514435,0.048279658875503,69.86699999999999,1.6995004325759975,0.046399352639075575
P3,loss,0.5,185,740.0,20,1.820221166131376,0.2249356389509681,1.835028234463465,0.047159494618583604,70.15,1.7060374946807435,0.04492221130632185
P3,loss,0.5,186,744.0,20,1.816733460140215,0.23762423165221355,1.8373557060102166,0.051922168665729795,69.565,1.7076796066827462,0.049419747261872815
P3,loss,0.5,187,748.0,20,1.8431315332313791,0.18963417518174766,1.8358500580184198,0.0456871162628443,71.119,1.707409551034457,0.04371912193802443
P3,loss,0.5,188,752.0,20,1.810304092869077,0.23900641384182011,1.8398310148946393,0.04924924767153523,69.237,1.7115434825614784,0.045844491328237494
P3,loss,0.5,189,756.0,20,1.794871206476137,0.24848817803650283,1.83704590163941,0.053112284106690104,70.88300000000001,1.7091435219187687,0.050599075085062686
P3,loss,0.5,190,760.0,20,1.842195459797945,0.2069557068558095,1.8376882350191592,0.05398828119708249,70.23400000000001,1.7101346395716681,0.05118648994387297
P3,loss,0.5,191,764.0,20,1.7129923470858315,0.2574239393142598,1.8342813357909542,0.05984615469393736,67.04299999999999,1.706518324927012,0.05784169003069661
P3,loss,0.5,192,768.0,20,1.8924711196905348,0.20691768548302952,1.834469512544325,0.059888367583471824,72.174,1.7066939822804865,0.058035943360784804
P3,loss,0.5,193,772.0,20,1.8119094712623014,0.24312967513686976,1.832290969333976,0.05740150278858403,71.245,1.7048936077199044,0.05546550612245731
P3,loss,0.5,194,776.0,20,1.8891536604853663,0.18542967205123242,1.8331354059912655,0.0539508943775256,73.241,1.7058745161826778,0.05061851472829363
P3,loss,0.5,195,780.0,20,1.8377475786817314,0.1858452908207787,1.8329616569385767,0.04917611756801,72.961,1.7055750558004494,0.047399529986912714
P3,loss,0.5,196,784.0,20,1.8896676200717828,0.21313953408593284,1.8324309019243679,0.053440528475661955,73.25399999999999,1.705500275954373,0.050469708659671944
P3,loss,0.5,197,788.0,20,1.905774229496987,0.21899507318970463,1.834189708991003,0.05134053039187619,72.808,1.7068684984374591,0.047731173334492616
P3,loss,0.5,198,792.0,20,1.9177987065293496,0.203235065950632,1.8392979063671588,0.05116390436069197,72.666,1.7123613828286177,0.04599792246937021
P3,loss,0.5,199,796.0,20,1.8655004263283579,0.2612077829313011,1.839946153556312,0.05245788407831265,70.227,1.7130638462619507,0.04705148628590393
P3,loss,0.5,200,800.0,20,1.8913069467232835,0.185663256109106,1.8407271108511551,0.05494035455311439,71.66799999999999,1.7132586680161837,0.050001402097988513
P3,loss,0.5,201,804.0,20,1.8434982712199477,0.181879302158869,1.8417794279608697,0.05799423196508841,73.893,1.7147406799008593,0.05386958314289594
P3,loss,0.5,202,808.0,20,1.886295629516077,0.13630495727625863,1.8444722980523953,0.054092145024184766,73.118,1.7173111495785203,0.049491594500818324
P3,loss,0.5,203,812.0,20,1.9221559876116676,0.2096056766617256,1.8496565040789559,0.058409131301298656,72.922,1.7219768351705234,0.05353730105593026
P3,loss,0.5,204,816.0,20,1.85034614149301,0.2548849445061807,1.850565321057689,0.05914440082600459,70.172,1.7233261074001613,0.052476525728139815
P3,loss,0.5,205,820.0,20,1.830440333894476,0.259442104666072,1.8509782335965066,0.05928691560143175,68.865,1.7226945812426524,0.05343019080487784
P3,loss,0.5,206,824.0,20,1.9248549308165501,0.15748563613783226,1.8528419753571341,0.06049980888249164,74.873,1.7246110907218521,0.054276432819301286
P3,loss,0.5,207,828.0,20,1.910673996623117,0.18748136715445712,1.85492115056085,0.06127384130735089,73.561,1.7264476896193084,0.055378386229675884
P3,loss,0.5,208,832.0,20,1.8556668782117676,0.22538713933055604,1.8563664657867858,0.06288228640780036,70.89500000000001,1.7280319081044264,0.05755547649163602
P3,loss,0.5,209,836.0,20,1.8142532891091938,0.18595676361935634,1.8551985793398984,0.06037533031280638,71.276,1.7273477257444512,0.05545420155765002
P3,loss,0.5,210,840.0,20,1.9199174232920087,0.17151652415422067,1.8591864296263239,0.06239837473499353,73.92999999999999,1.7328002940857132,0.057104880144181344
P3,loss,0.5,211,844.0,20,1.8792667766241173,0.21522859421869917,1.8616877622856798,0.06740738267923191,71.74,1.7363460654413962,0.062199977042335104
P3,loss,0.5,212,848.0,20,1.9511746368450738,0.17411484703430824,1.8660094864302277,0.06986612535846033,74.036,1.739754701122416,0.06413678350458611
P3,loss,0.5,213,852.0,20,1.9837895347544745,0.17215785019297666,1.8729489041056435,0.0698890042470989,73.908,1.7469996542349762,0.0638871104908831
P3,loss,0.5,214,856.0,20,1.8348405838130681,0.23657186965764226,1.874547679199121,0.06879581520892084,70.154,1.7484535250346098,0.06291323991366386
P3,loss,0.5,215,860.0,20,1.8736519079816436,0.1987750927986157,1.8758059371264686,0.06986422956776879,69.452,1.7493024710116214,0.06532742147275768
P3,loss,0.5,216,864.0,20,1.957175682964957,0.17489790984707565,1.8855732705616337,0.0686022001300384,75.219,1.7594352984974848,0.06357854817258063
P3,loss,0.5,217,868.0,20,1.7895675153638184,0.23004440673188653,1.881457126388565,0.07127281003628126,69.77000000000001,1.7550074109203808,0.06674208827214975
P3,loss,0.5,218,872.0,20,1.8244545072109144,0.21239567270138784,1.8819589278265094,0.07762450618663212,71.102,1.7553642045983668,0.0747659937686155
P3,loss,0.5,219,876.0,20,1.9164018593809184,0.2372625947055262,1.8830488557823315,0.07970706934787834,72.046,1.756714453299145,0.07659698559133639
P3,loss,0.5,220,880.0,20,1.894580971381826,0.2468976390451365,1.8853221914903355,0.08267423077190775,71.829,1.7588142763325496,0.07935927117715307
P3,loss,0.5,221,884.0,20,1.8096350689946354,0.21709158619880703,1.8821208894472494,0.07545525891660498,72.194,1.7555461351792723,0.07308422104221886
P3,loss,0.5,222,888.0,20,1.8798648540056722,0.1956126360086033,1.881084514427597,0.07164265346801175,73.292,1.7544934642465315,0.06909073841355752
P3,loss,0.5,223,892.0,20,1.900315826780306,0.2674155850385246,1.8803851992376353,0.06958397614788224,70.828,1.7534181014621566,0.0665525246333787
P3,loss,0.5,224,896.0,20,1.751934278004106,0.2651565188724188,1.8758425533046652,0.06141745773902945,66.365,1.7490622635995436,0.059668850592859514
P3,loss,0.5,225,900.0,20,2.0168437899536786,0.16534405180626505,1.880864027033881,0.06433687037135528,74.34599999999999,1.7541977052542639,0.06236474806948804
P3,loss,0.5,226,904.0,20,1.9433970241520817,0.20103641304760994,1.8848599771511665,0.06380569487130669,73.511,1.758080463441906,0.06124541029340967
P3,loss,0.5,227,908.0,20,1.8814356054880867,0.2486634669403863,1.8846655761900468,0.06460940744941325,70.583,1.757658023163663,0.06181972775911259
P3,loss,0.5,228,912.0,20,1.9338579283781445,0.31925399955847705,1.8851336538207057,0.06407587908293716,71.271,1.7578584856882693,0.060801291773087185
P3,loss,0.5,229,916.0,20,1.9096113111818984,0.15258020983682563,1.8875042606082613,0.06124564578949421,73.53200000000001,1.7596834121861196,0.05752334603331138
P3,loss,0.5,230,920.0,20,1.8613498791136043,0.3012667799896385,1.8887406424170265,0.06687897237237467,70.326,1.761719328397368,0.06295787006840817
P3,loss,0.5,231,924.0,20,1.873958499747878,0.24805329117443242,1.8867047851742798,0.06752695288723623,71.667,1.7592313759657952,0.06287019690112496
P3,loss,0.5,232,928.0,20,1.9475835882730714,0.189193612890123,1.8881811688402776,0.06467853758389557,72.798,1.76112871152005,0.060042342746530745
P3,loss,0.5,233,932.0,20,1.8919760105071706,0.21555826670906156,1.8896335341320938,0.06637851149577217,72.012,1.7630602283897248,0.06190082600610751
P3,loss,0.5,234,936.0,20,1.9021781591282516,0.24193904286120957,1.8931505289328563,0.06929822113873604,70.588,1.766117574975277,0.06579657159876764
P3,loss,0.5,235,940.0,20,1.9012805919339644,0.23268069633448785,1.8924050556785346,0.06790701246691536,72.803,1.7646774302258703,0.0652730820122753
P3,loss,0.5,236,944.0,20,1.9106855235009654,0.21632809456335983,1.8936618055536083,0.07013091427917155,71.311,1.7656301966555226,0.0664763680856436
P3,loss,0.5,237,948.0,20,1.915439382235294,0.19535702346268669,1.892232395369217,0.07229819236693524,72.184,1.7644186343759425,0.06877418235504755
P3,loss,0.5,238,952.0,20,1.8517598862691291,0.1790349335271257,1.8869512094298035,0.07048904438069492,72.15599999999999,1.7593932166724315,0.06688794571081562
P3,loss,0.5,239,956.0,20,1.9189421188148175,0.20296805943256602,1.8903152708298734,0.06759778848697015,72.438,1.7622953018697078,0.06472713560225167
P3,loss,0.5,240,960.0,20,1.8772058056332734,0.24333858756061866,1.8904574267359386,0.0719435152955007,71.522,1.7625723775895341,0.0686209840706316
P3,loss,0.5,241,964.0,20,1.909090752307377,0.2404403389098944,1.8885340295096351,0.07257961384595164,70.986,1.760807852582579,0.06982583775682026
P3,loss,0.5,242,968.0,20,1.9143144530307452,0.2519776362383736,1.8935239070163123,0.07174527011156594,71.737,1.7661691217085007,0.0702658561776576
P3,loss,0.5,243,972.0,20,1.932920660607388,0.19207892766423548,1.8978625531521716,0.0711751922767162,73.438,1.770863743012492,0.06964433137919653
P3,loss,0.5,244,976.0,20,1.966585011723329,0.238760762817903,1.899869879245868,0.07312714527865996,74.006,1.7723331487750968,0.07147737639250203
P3,loss,0.5,245,980.0,20,1.9115757003371663,0.17921793662417282,1.9005496684040815,0.0754439002840389,71.538,1.7729957625582458,0.07400966968910049
P3,loss,0.5,246,984.0,20,1.923245799424826,0.20005985119361663,1.9050940976212893,0.07864490829580682,70.94500000000001,1.7773069274195301,0.07671451636015011
P3,loss,0.5,247,988.0,20,1.8948150628991562,0.1947422397017633,1.9056921059770286,0.0786405708496819,73.106,1.778039079593169,0.0768088581975623
P3,loss,0.5,248,992.0,20,1.9759527324473687,0.17037262007767162,1.908717582203711,0.08118275673718926,73.81,1.781424307501176,0.07995867649206934
P3,loss,0.5,249,996.0,20,1.9538094199405234,0.18500683081186337,1.9167925878811676,0.0853245087024319,72.471,1.790155288346765,0.08390738912341053
P3,loss,0.5,250,1000.0,20,1.932806348119985,0.2025869066599307,1.9134310902078198,0.08568858237972775,74.962,1.7868497658415496,0.0841757175485067
P3,loss,0.5,251,1004.0,20,1.9519194553087384,0.25268126389467266,1.913771987454086,0.08564383367917688,70.853,1.7869370159072677,0.08296480130243926
P3,loss,0.5,252,1008.0,20,1.9108268041997252,0.2033889508401251,1.9149476354025516,0.08261412633283924,72.988,1.7873941434211755,0.07960275657199102
P3,loss,0.5,253,1012.0,20,1.8454142952844457,0.2647097078505026,1.9114098900788037,0.08022306910093338,69.894,1.7845479656090675,0.07702583748513883
P3,loss,0.5,254,1016.0,20,1.9031479583218798,0.16855897446225976,1.911151355964403,0.08384757248870275,73.969,1.7845996229069794,0.08083128568589382
P3,loss,0.5,255,1020.0,20,1.9128959292361827,0.2592650553680023,1.9132131979693061,0.08352969163975699,71.122,1.7867165606180386,0.08047823930087591
P3,loss,0.5,256,1024.0,20,1.969750900936964,0.1955474865624998,1.9170448940168696,0.0814661981078668,73.289,1.7910972478709823,0.07876468453286983
P3,loss,0.5,257,1028.0,20,1.9806108882552742,0.16790895748162601,1.9183659860161577,0.08362622117166663,75.213,1.792446379187394,0.08086089205450343
P3,loss,0.5,258,1032.0,20,1.960935773177864,0.22314957981772568,1.9211243765229853,0.08306613876124389,72.092,1.7943194101494726,0.08019895450317346
P3,loss,0.5,259,1036.0,20,1.8629024787167652,0.2198702541658519,1.919553349306526,0.07893752541373338,72.759,1.7934237579976795,0.07564031363823481
P3,loss,0.5,260,1040.0,20,1.9114981850015238,0.15341811251152213,1.9199620530292283,0.07869787170226523,71.398,1.7939053018652344,0.07506367676991609
P3,loss,0.5,261,1044.0,20,1.916373053298683,0.23603791278442146,1.9201895542211371,0.07905005981022731,69.421,1.7937853638434855,0.07577648087400343
P3,loss,0.5,262,1048.0,20,1.939496390505252,0.2104648435200212,1.9211518345519352,0.0765688750663411,73.34,1.7946747005633168,0.07389116239738687
P3,loss,0.5,263,1052.0,20,1.8333461644538775,0.31785747193570796,1.9204152856793253,0.07970569994628099,67.306,1.7931898330150726,0.07881462247707308
P3,loss,0.5,264,1056.0,20,1.943280582401432,0.232760689153948,1.92138882422279,0.08533861874417412,72.286,1.7946618195668145,0.08420381529934269
P3,loss,0.5,265,1060.0,20,1.899635835786788,0.18746147402885233,1.9222860254289305,0.08457975413630925,74.063,1.7959119954237572,0.08327047486943126
P3,loss,0.5,266,1064.0,20,1.977754629959751,0.1603030223112481,1.9250325805350255,0.08390288833493109,74.699,1.7984966777931732,0.08143194377665096
P3,loss,0.5,267,1068.0,20,1.955516969745108,0.1963130949063991,1.9266806812036,0.08679060796825155,75.748,1.7996891136919602,0.08351870470967303
P3,loss,0.5,268,1072.0,20,1.8966105596524805,0.2128856623155253,1.9252282771654035,0.08783924663097234,71.559,1.7981327262083417,0.0834821917548041
P3,loss,0.5,269,1076.0,20,1.8979963727404576,0.22253267781906744,1.922484731606089,0.08371794815580483,71.309,1.7958565888228502,0.07992983607511914
P3,loss,0.5,270,1080.0,20,1.9597991029848782,0.18415671212207396,1.9244136677119972,0.08351939263332267,74.71000000000001,1.7980034762996848,0.07911013457897498
P3,loss,0.5,271,1084.0,20,1.9837038709314967,0.14373215804776754,1.9268319905722642,0.08324838417521481,74.789,1.8000063827088393,0.07891973147964286
P3,loss,0.5,272,1088.0,20,1.899003498232354,0.20967296958846063,1.926999527985592,0.08549825490001482,72.98400000000001,1.8000413282959902,0.08141417828499961
P3,loss,0.5,273,1092.0,20,1.9418628712423065,0.231905958312253,1.9256359335373894,0.08824503544935017,72.913,1.7984481425389416,0.0850827484534043
P3,loss,0.5,274,1096.0,20,1.8914337271903245,0.24459913535776132,1.9231409058273816,0.09081605727961292,70.928,1.7949964671310545,0.08845920062652617
P3,loss,0.5,275,1100.0,20,2.0011264169288774,0.1572977159286957,1.925873708579737,0.09209124069894685,75.161,1.7980819341358676,0.09004595489143845
P3,loss,0.5,276,1104.0,20,1.9268693697386134,0.28962196124486084,1.9248717051569322,0.09522942827620047,70.579,1.7970272664606053,0.09380209593226457
P3,loss,0.5,277,1108.0,20,1.9941974512375675,0.12362496445502062,1.928206531038446,0.0948424800348813,74.247,1.8014738357461542,0.0936571435828636
P3,loss,0.5,278,1112.0,20,1.8797115626668237,0.2708376533788318,1.929578421733741,0.09476043974748753,71.473,1.8030583493074606,0.09269220416652472
P3,loss,0.5,279,1116.0,20,1.9775521505709854,0.1576108547166939,1.9325545894237053,0.0934783781566758,73.394,1.8065646773699027,0.09066373860998163
P3,loss,0.5,280,1120.0,20,2.012239983600373,0.16762201108139727,1.9365283515982727,0.09124569217541859,73.784,1.8109167116603522,0.08908086548990538
P3,loss,0.5,281,1124.0,20,1.9873991116748218,0.22791959147708724,1.937234280027787,0.09306211877452178,73.45599999999999,1.8111979116884183,0.09042786798918022
P3,loss,0.5,282,1128.0,20,1.9315201061618636,0.23832664273284818,1.9352706487440507,0.09322385285941857,71.33,1.809368993286213,0.09043001551273806
P3,loss,0.5,283,1132.0,20,1.8880148394052578,0.2552960960627188,1.9323538113931467,0.09704369733365852,71.94,1.8074971636952675,0.09352825980851635
P3,loss,0.5,284,1136.0,20,1.8659374205149386,0.295994204947502,1.9324752090650734,0.10073931312467595,71.52000000000001,1.8072020585218762,0.09800400746583948
P3,loss,0.5,285,1140.0,20,1.9316672893024287,0.2205981780162679,1.9332819732371096,0.10386544841986378,73.646,1.8076995107435763,0.10138238468434992
P3,loss,0.5,286,1144.0,20,1.9992766473934924,0.14715683358038179,1.9365981170009021,0.1043809512964706,74.393,1.811153885236805,0.10183625984364666
P3,loss,0.5,287,1148.0,20,2.025465824354693,0.13061466126610383,1.9400368943548796,0.10597160331336157,75.189,1.8140733661603634,0.10335698669062106
P3,loss,0.5,288,1152.0,20,2.0256374929752035,0.21182955268833198,1.9477285474957327,0.10798957556404848,73.34400000000001,1.8220126654471034,0.10462615984598216
P3,loss,0.5,289,1156.0,20,1.967622108299421,0.19729804699778133,1.948702208531652,0.10764493647148604,73.167,1.8230608220857132,0.10345874938398315
P3,loss,0.5,290,1160.0,20,2.04644215683812,0.15383246052649815,1.9545744613737053,0.10842660273103291,75.42999999999999,1.82842898801623,0.10347098246248988
P3,loss,0.5,291,1164.0,20,1.8817953903949012,0.2477521310805037,1.9507360917911114,0.11056576026207231,69.205,1.8245314358159432,0.1066108848668378
P3,loss,0.5,292,1168.0,20,1.9495598146017123,0.2042316973171588,1.9504978055853759,0.10979157503625799,72.812,1.8246496938419718,0.10565324000353978
P3,loss,0.5,293,1172.0,20,1.9337898507418103,0.21583841276957672,1.951984977228949,0.11129816265945496,73.1,1.826087201750418,0.10679060348109735
P3,loss,0.5,294,1176.0,20,1.9717275009388655,0.16501288893995986,1.9549342223568853,0.11163457381242894,74.833,1.8286792301168435,0.10729722006745358
P3,loss,0.5,295,1180.0,20,1.957053292979292,0.18609628595763708,1.9548243899566617,0.11372922039012173,74.66799999999999,1.8283066455179653,0.10909185173220348
P3,loss,0.5,296,1184.0,20,1.9455907478807835,0.2294531830559773,1.9532998650346332,0.11614804790977105,74.11699999999999,1.8272883285628279,0.11121921573987884
P3,loss,0.5,297,1188.0,20,1.916127765687881,0.24492832253783903,1.9539848357328544,0.11240846620669641,70.17,1.8279800762915712,0.10841618027719771
P3,loss,0.5,298,1192.0,20,1.9663667211167712,0.21753572631974843,1.954964989727833,0.11068634875550189,73.38,1.8289247414091574,0.10579677068354504
P3,loss,0.5,299,1196.0,20,2.0028141032046722,0.1611052362183376,1.9594202047684068,0.11103093927302818,75.106,1.8337538829887898,0.10545806699900362
P3,loss,0.5,300,1200.0,20,1.9635899348046906,0.17043411124768137,1.9579187454834392,0.10951469973844268,74.06700000000001,1.8323764795755242,0.1036670909832474
P3,loss,0.5,301,1204.0,20,1.9073761156300868,0.2918936399935279,1.9571390153190982,0.10766097887154112,70.863,1.8318726935394811,0.10237636052101697
P3,loss,0.5,302,1208.0,20,2.054105144795275,0.12971978128027536,1.9595353230614065,0.10632065789027098,75.096,1.8333789857618723,0.1004056099031282
P3,loss,0.5,303,1212.0,20,1.9912840382005808,0.20834332782545303,1.963998222082757,0.10792594589993491,73.837,1.8374673891805322,0.1012636475297862
P3,loss,0.5,304,1216.0,20,1.9167142586976156,0.25285394132244055,1.961564706407822,0.10802696606603132,72.405,1.8340104901636423,0.10235959042362869
P3,loss,0.5,305,1220.0,20,1.9578392640322282,0.22636855820253446,1.9593886776250962,0.1084521560776508,73.78999999999999,1.830992557604403,0.10252616567353134
P3,loss,0.5,306,1224.0,20,1.9241652812447199,0.3094460750904788,1.9568593244078922,0.11086081901713556,70.058,1.8280651185103234,0.10585290571406739
P3,loss,0.5,307,1228.0,20,1.9030351108833632,0.2652756262846503,1.955719924596752,0.10973283460535978,69.787,1.8266186312703165,0.10540895716129176
P3,loss,0.5,308,1232.0,20,1.9738731700058536,0.23178866077977442,1.9591542578207761,0.1125534171401232,73.649,1.8299103881880807,0.10786015052309891
P3,loss,0.5,309,1236.0,20,1.9461220732171653,0.19395293767237262,1.962361643928865,0.10885074097637022,74.56800000000001,1.8329869413939452,0.10453230822039636
P3,loss,0.5,310,1240.0,20,1.991931317160537,0.24045982608146269,1.9647722050431895,0.10869731841901516,73.75399999999999,1.8350153504130808,0.10424728945354596
P3,loss,0.5,311,1244.0,20,1.9872824441211676,0.2102406295863311,1.9642924369122963,0.11042990620748153,73.23400000000001,1.8344432387746863,0.10674426455833926
P3,loss,0.5,312,1248.0,20,2.0256797758564007,0.13002779130484002,1.9643009949723649,0.11122533421711163,75.884,1.8353410363588107,0.10696381734331374
P3,loss,0.5,313,1252.0,20,2.0595330908962186,0.14290550950444147,1.9656568188892052,0.11026384411554895,75.634,1.836704620234265,0.10537864422327561
P3,loss,0.5,314,1256.0,20,2.026398471209169,0.16131839682059762,1.9680078734055955,0.10659606494079248,74.91,1.8388054419518967,0.10212172632148354
P3,loss,0.5,315,1260.0,20,1.9458255548471226,0.19085589192129762,1.9639832093259553,0.10330398601114159,72.488,1.835245185528749,0.09979097605577693
P3,loss,0.5,316,1264.0,20,2.035063941992877,0.18513725832283098,1.9701139513898744,0.10384387201033095,73.813,1.8408683745662842,0.10082931820975331
P3,loss,0.5,317,1268.0,20,1.9816331689294509,0.17499131554939254,1.971396885562984,0.10064944034102381,75.437,1.8423095084289955,0.09826011472643784
P3,loss,0.5,318,1272.0,20,2.050091937826565,0.13868309807197388,1.9760489690463743,0.09658401039489789,75.285,1.846778870753565,0.09419471710012739
P3,loss,0.5,319,1276.0,20,1.989809236228547,0.2046660465794954,1.9767722384579614,0.0973669792317553,72.895,1.8475329730673766,0.09517498014323039
P3,loss,0.5,320,1280.0,20,2.0290328778939477,0.17191290591477892,1.9796514218545476,0.0983218296206312,74.55799999999999,1.8504966365467361,0.0962063357483857
P3,loss,0.5,321,1284.0,20,2.0069258071449254,0.20583026688227388,1.9821048242251134,0.09586961440261188,72.832,1.8529685593518592,0.09414848146183752
P3,loss,0.5,322,1288.0,20,2.0718372745321614,0.1398745685641107,1.9883332045788844,0.09880560617897802,74.829,1.8589871621577774,0.0965602501273183
P3,loss,0.5,323,1292.0,20,2.030193499997116,0.16898865885961886,1.9908862757340984,0.09771475602848084,74.103,1.8618960015488937,0.09583663105840297
P3,loss,0.5,324,1296.0,20,2.033905851577375,0.14865880787449062,1.9921299456690065,0.09663067323286789,76.22,1.8632311355293272,0.09442991786673595
P3,loss,0.5,325,1300.0,20,2.0288315383947366,0.1739803972652713,1.994739609812608,0.09616983395506565,75.188,1.8653221757722567,0.09405025171073975
P3,loss,0.5,326,1304.0,20,1.9928672921306412,0.15657558195048857,1.9981592568726305,0.09341557082868476,75.365,1.8691412537686471,0.09171101042322842
P3,loss,0.5,327,1308.0,20,2.029497888386376,0.10563167307681413,1.9971749666162744,0.0919146526226402,75.752,1.8683275791356742,0.09042017537239527
P3,loss,0.5,328,1312.0,20,1.9932210133721715,0.1400861586744688,1.997252445623138,0.08893156597296827,75.316,1.8691556013396409,0.08825975541512032
P3,loss,0.5,329,1316.0,20,2.0580733045736284,0.11970583589318098,2.002906807458179,0.0876381692327514,74.595,1.8754845622434864,0.08712682841524359
P3,loss,0.5,330,1320.0,20,1.990811490080705,0.18191273199908498,2.0042256965001175,0.08658298997144118,74.561,1.877005106743263,0.08701032865735106
P3,loss,0.5,331,1324.0,20,2.077187794313386,0.13492031303511523,2.0103465970228642,0.08311183099171643,75.808,1.8832916047828228,0.08266910023479537
P3,loss,0.5,332,1328.0,20,2.0035412227804894,0.14523313710723487,2.0143668414987497,0.08312270153419057,75.463,1.887011383661191,0.0816706019223969
P3,loss,0.5,333,1332.0,20,1.952902908965963,0.27817985447971216,2.0135280310571537,0.08502416295487751,71.386,1.8861353254182505,0.08421327060009585
P3,loss,0.5,334,1336.0,20,1.9370861897296596,0.1782359582511715,2.013166595717654,0.08442207481919999,74.286,1.8860227778180156,0.08339939090498973
P3,loss,0.5,335,1340.0,20,1.9788986576618939,0.1757285582873849,2.0126452893377076,0.08053532192411547,74.86699999999999,1.886597798390993,0.0801017099229317
P3,loss,0.5,336,1344.0,20,2.0084938075211793,0.17196478020285116,2.0134937438737084,0.07687214186600187,74.481,1.8871934852084213,0.07564536026984527
P3,loss,0.5,337,1348.0,20,1.9938854613390404,0.18896747681809975,2.012221971293014,0.07721454212905092,73.666,1.8852525455299514,0.07621500923796294
P3,loss,0.5,338,1352.0,20,2.006309491104857,0.2019458476721326,2.0100930273013593,0.0772895684643246,72.81,1.8830166175755447,0.07644876678817573
P3,loss,0.5,339,1356.0,20,1.998793344353949,0.2114741303458534,2.0089888222271504,0.07828158302412884,73.48400000000001,1.8815633178298405,0.07852710956766207
P3,loss,0.5,340,1360.0,20,2.004467236271104,0.2402955498091547,2.01133448948411,0.0799378266549369,73.454,1.8835020011240478,0.07941750645484014
P3,loss,0.5,341,1364.0,20,1.9212003188656237,0.25320791524369,2.0067799445590198,0.08451608152087571,70.41799999999999,1.8801474561989575,0.08337007594302288
P3,loss,0.5,342,1368.0,20,2.030313774448316,0.17237342841689426,2.0087271687797745,0.08328408380484069,74.95700000000001,1.881897680937043,0.08275292943730425
P3,loss,0.5,343,1372.0,20,1.950299344997027,0.2311412840051568,2.0047354650665925,0.08517672513971007,71.74199999999999,1.8773893709124283,0.08486908833136576
P3,loss,0.5,344,1376.0,20,2.0697862513420993,0.13825402453230917,2.0079345456711346,0.08393079029654908,76.251,1.8802715865402502,0.08333812482541457
P3,loss,0.5,345,1380.0,20,2.0259826716090155,0.12761992308360046,2.0078125374197375,0.08132922516051026,74.713,1.8803883780819206,0.081154003952368
P3,loss,0.5,346,1384.0,20,1.9665033269522287,0.2619478543629175,2.00619563821203,0.08307848674449407,70.705,1.878418607689526,0.08267282661253861
P3,loss,0.5,347,1388.0,20,2.009479489088587,0.18854226815743513,2.0037013267942867,0.08574275239964953,74.115,1.8760591126194288,0.08516949156550369
P3,loss,0.5,348,1392.0,20,2.0169588256349598,0.15086503091630366,2.0031719398198007,0.08576034722077455,75.358,1.875476285396624,0.08471959958912842
P3,loss,0.5,349,1396.0,20,2.0486204593632977,0.14398884069114162,2.0037605241312373,0.08575542322114181,75.703,1.8764236384612942,0.08418242756240787
P3,loss,0.5,350,1400.0,20,2.0066826825392963,0.12853058350192081,2.0028745698970196,0.08467419378860254,75.251,1.8757361322353538,0.08319053063176081
P3,loss,0.5,351,1404.0,20,1.9669645053700389,0.18143696562753564,2.0018384584265956,0.08378796246496745,74.488,1.874097589311231,0.0815863426049576
P3,loss,0.5,352,1408.0,20,2.076207533670553,0.11307950381879715,2.003706844237963,0.08459828042079474,75.027,1.87591553539161,0.08314765430607135
P3,loss,0.5,353,1412.0,20,2.077538081748526,0.11519806860072951,2.007079526973017,0.08424544429961227,75.974,1.878344865824543,0.08239194794785874
P3,loss,0.5,354,1416.0,20,1.9969378279751926,0.21593953472553326,2.0046341079090793,0.08432854723806327,73.15299999999999,1.8758435750585882,0.08205729548957194
P3,loss,0.5,355,1420.0,20,2.034375432035192,0.15177122798291875,2.006376665587259,0.08327226367313491,75.721,1.8771900127160746,0.08110689794293814
P3,loss,0.5,356,1424.0,20,2.03531029336317,0.14848475223044624,2.0047015655492504,0.08426699974979922,73.85900000000001,1.8759915293361105,0.0830626133685624
P3,loss,0.5,357,1428.0,20,2.042978873767054,0.09600326569352982,2.0062790715887133,0.08362242058361118,75.80499999999999,1.8778162676570005,0.08289103815891581
P3,loss,0.5,358,1432.0,20,2.0545971128915945,0.13091725500138854,2.0103468397457385,0.08078333842270947,74.643,1.881486467267725,0.0795473948313201
P3,loss,0.5,359,1436.0,20,2.023481374410145,0.12414785636302715,2.013802647132958,0.08026360054309233,74.942,1.8842926109198175,0.07931992736014416
P3,loss,0.5,360,1440.0,20,1.9942318340264193,0.19761964164719734,2.0144159741875387,0.08239278554022746,73.6,1.884811266479313,0.08069639721338993
P3,loss,0.5,361,1444.0,20,2.060196076334622,0.1063340790733061,2.016484064940076,0.0821923228416074,75.842,1.886554732296517,0.08119097114631499
P3,loss,0.5,362,1448.0,20,1.9938172445704658,0.16500112614889303,2.0164813362693335,0.08242932459413627,74.299,1.8871814914685057,0.08107953872115406
P3,loss,0.5,363,1452.0,20,2.003837015018944,0.17225829233798925,2.016382437225897,0.08225465701846002,73.952,1.8876065448306563,0.08049923462586187
P3,loss,0.5,364,1456.0,20,1.9950049823546503,0.24474067736280708,2.016230902745925,0.08134913468316012,71.71000000000001,1.887497586656944,0.07944167306778376
P3,loss,0.5,365,1460.0,20,2.069914010608749,0.10984491006847696,2.018848773719431,0.07980257952751965,75.251,1.8902820898084116,0.0785642782865993
P3,loss,0.5,366,1464.0,20,2.0295903076133297,0.16329235336321846,2.0231843732693386,0.07793121009953476,75.29400000000001,1.893957265147249,0.07684178223474177
P3,loss,0.5,367,1468.0,20,2.001572069061642,0.17652100902390883,2.022034705053872,0.08101038168360941,75.625,1.8933603646503543,0.07914224673721444
P3,loss,0.5,368,1472.0,20,1.9388057122177962,0.26084072855263823,2.021574959742703,0.08347134955178111,72.60499999999999,1.8937008262714148,0.0816046642278183
P3,loss,0.5,369,1476.0,20,2.0676988312214144,0.10726380444372342,2.0214914629378753,0.0836218561288091,75.656,1.8937755291561889,0.0818995382348707
P3,loss,0.5,370,1480.0,20,2.05275388157001,0.2089410826381489,2.022562311336315,0.08475780882520982,74.214,1.894261794005741,0.0831784082062417
P3,loss,0.5,371,1484.0,20,2.065383423133092,0.16410731892752864,2.0265175151835497,0.08560801472688985,75.309,1.8986188602430427,0.08393184992041662
P3,loss,0.5,372,1488.0,20,2.0859274922015176,0.12726478197262142,2.029575435308067,0.08262241435573893,75.954,1.9015954042682324,0.08090581214921957
P3,loss,0.5,373,1492.0,20,1.9647645462452565,0.22722987149246446,2.0274876641324786,0.08419126346997814,74.227,1.8994340169519304,0.08170627089866887
P3,loss,0.5,374,1496.0,20,2.0364133090437537,0.16067500923579606,2.026999378119697,0.08157536959977231,74.015,1.8980541634275088,0.07988540494726307
P3,loss,0.5,375,1500.0,20,2.104221691001514,0.09548356984139111,2.0309009384581858,0.08175890871245106,76.685,1.9019480672734985,0.07993200642510505
P3,loss,0.5,376,1504.0,20,1.982466980884033,0.19247028335744618,2.0315210374787456,0.08446837035922762,73.709,1.902745662414079,0.08334495990380807
P3,loss,0.5,377,1508.0,20,2.0771997696091615,0.08628909058078679,2.0315607269162896,0.08372373404660123,75.53999999999999,1.9036846793218771,0.08279004674291146
P3,loss,0.5,378,1512.0,20,2.032263360520763,0.16237911452903941,2.029749738067179,0.08230656008323572,75.922,1.9022596190811474,0.08130806268294219
P3,loss,0.5,379,1516.0,20,2.054887358059243,0.1823462446553593,2.0320677192705414,0.08368122021689439,74.96000000000001,1.904263632359005,0.08293480539367308
P3,loss,0.5,380,1520.0,20,2.1027425268485915,0.12498543745854211,2.034802403063077,0.08206314026351008,75.886,1.9073672763170866,0.0812863951375586
P3,loss,0.5,381,1524.0,20,2.0538966129829705,0.11588088163815141,2.0355458558478694,0.08199540075840112,75.911,1.9088131605555774,0.08080587423492896
P3,loss,0.5,382,1528.0,20,2.0731620750239896,0.10097679835662429,2.0367531838981465,0.08228832963748393,74.578,1.909791776758985,0.08121813865790065
P3,loss,0.5,383,1532.0,20,2.1247632825796683,0.10414897458909667,2.0395598306856697,0.08232941792498201,75.97,1.912427135393378,0.08090021104298191
P3,loss,0.5,384,1536.0,20,2.0490730658046443,0.20615070861581952,2.0405834983414497,0.08602711002764674,74.253,1.9130739794588838,0.08425123488703778
P3,loss,0.5,385,1540.0,20,2.0846743996534385,0.17099220349144112,2.0442012009665307,0.08417552925519071,74.687,1.9159768346964838,0.08239851902206757
P3,loss,0.5,386,1544.0,20,2.038793759647537,0.11663817609706217,2.043345108299047,0.08478796003403763,75.592,1.9160013421324666,0.0823191426356507
P3,loss,0.5,387,1548.0,20,2.061578851789651,0.13353989134005978,2.0460555725878145,0.08479623081897304,75.68,1.9181669021273902,0.08300894834336653
P3,loss,0.5,388,1552.0,20,2.0643394492297498,0.14738923291165124,2.0484756699562467,0.08482582885414196,75.817,1.9201801189991852,0.08405690979004972
P3,loss,0.5,389,1556.0,20,2.0265572903317617,0.2453722813846247,2.049737762275331,0.08632316090869309,73.079,1.9217578347016115,0.08564527134180215
P3,loss,0.5,390,1560.0,20,2.072077172573425,0.18624942844976639,2.049824288753918,0.08677609549469299,73.765,1.9219737455568153,0.08606113956881922
P3,loss,0.5,391,1564.0,20,2.0314746112629685,0.16368680135840613,2.0498996608999036,0.08429188211072322,75.878,1.9218444617276327,0.08437741705920804
P3,loss,0.5,392,1568.0,20,2.0958009927363674,0.10349617149432717,2.053668817846893,0.08041353878669757,75.926,1.9248648344014712,0.08068053491758682
P3,loss,0.5,393,1572.0,20,2.0394390287888284,0.19022711928889366,2.057694150509734,0.07926881911240449,74.125,1.928643607312631,0.0789205463850176
P3,loss,0.5,394,1576.0,20,2.0370494345320576,0.15114949124794905,2.05646817464216,0.07907334022453837,76.079,1.9272307199085852,0.07840069765994155
P3,loss,0.5,395,1580.0,20,2.0337128730069347,0.18053770121698864,2.055706534299637,0.08083534408700205,75.784,1.9269126388004127,0.07956327185390234
P3,loss,0.5,396,1584.0,20,2.022288746600503,0.23175685719568753,2.0539827472383334,0.08120999458412609,73.061,1.924770124372322,0.08018683391074445
P3,loss,0.5,397,1588.0,20,2.082281714208949,0.1246187766715083,2.0538369161186307,0.08251350004045106,75.703,1.9248049968222003,0.08146132825115794
P3,loss,0.5,398,1592.0,20,2.0374261894911045,0.17296350201671132,2.0567433818484644,0.08201611275181102,74.60499999999999,1.9274051511190282,0.08131356350310276
P3,loss,0.5,399,1596.0,20,2.106056305897093,0.09494004805778575,2.059529101722598,0.08446541634230585,76.112,1.9304631420743827,0.08405193677202336
P3,loss,0.5,400,1600.0,20,2.0824067089244105,0.1310283212237165,2.058656502439514,0.08418534134528412,75.329,1.929378126857517,0.08398769346001916
P3,loss,0.5,401,1604.0,20,2.0754089423611592,0.11299317746552404,2.062374180898599,0.08271255993082663,76.003,1.9329881488241032,0.0822313078559459
P3,loss,0.5,402,1608.0,20,2.0486835093608633,0.09832287092240573,2.061233530488667,0.08191769695751433,75.259,1.9313544823769235,0.08105361674728818
P3,loss,0.5,403,1612.0,20,2.033191612470607,0.17480771945649343,2.0612706605666604,0.08139733323882169,73.377,1.9314411727239293,0.08039730730186802
P3,loss,0.5,404,1616.0,20,2.08231530178832,0.0983376825384311,2.0623677783158234,0.07846589810405642,75.59700000000001,1.9331708822992693,0.07732504867905836
P3,loss,0.5,405,1620.0,20,2.0673346147804077,0.15570492494201083,2.0609514618330964,0.07903592894501621,75.692,1.9319553418124031,0.07831668462803452
P3,loss,0.5,406,1624.0,20,2.04952481721407,0.17887376168076263,2.0607765900023405,0.08166274783458424,75.812,1.9304415667224646,0.08078615074976604
P3,loss,0.5,407,1628.0,20,2.0710950451416394,0.1401020022421641,2.0606939088070466,0.08252234956790676,76.252,1.9304046692829906,0.08148231094597685
P3,loss,0.5,408,1632.0,20,2.082342588774498,0.1268162039644105,2.05899708105484,0.08180068104076366,76.199,1.9292575052659102,0.08042079966198803
P3,loss,0.5,409,1636.0,20,2.0922790023946467,0.19935732379469404,2.0607253185184398,0.07981534350137837,74.59,1.930806694617767,0.07915364361335797
P3,loss,0.5,410,1640.0,20,2.0610305493321746,0.2126073009456145,2.059779564505589,0.07969430778109003,73.349,1.9299982918723764,0.07909325419261619
P3,loss,0.5,411,1644.0,20,2.0970167488377287,0.11397489170822135,2.062108484073197,0.07957835154257493,76.27000000000001,1.9320148989723172,0.07932045845543786
P3,loss,0.5,412,1648.0,20,2.0543385573178963,0.15013974539607775,2.0618188722943267,0.07945301446713281,74.868,1.932296575346577,0.07845307364799767
P3,loss,0.5,413,1652.0,20,2.0109992947194706,0.2183566152060434,2.059685266113916,0.07885501030358606,74.277,1.9306620897041895,0.07822603875701153
P3,loss,0.5,414,1656.0,20,2.0116910680964177,0.19634620808258355,2.0590906172245016,0.07635425292582314,74.416,1.9303047920822358,0.07570190999097333
P3,loss,0.5,415,1660.0,20,2.0432647697565143,0.14260097496806864,2.0579381211118255,0.0745509421568321,74.947,1.9288439669473143,0.07398507581811617
P3,loss,0.5,416,1664.0,20,2.0982734483250827,0.10862427294272321,2.06061007459431,0.0736335869343443,75.416,1.9316824491416456,0.07302719410966303
P3,loss,0.5,417,1668.0,20,2.0206419372283406,0.18190075795969513,2.0576037123739885,0.07512379145608991,74.08,1.9289705514841802,0.07477726544371248
P3,loss,0.5,418,1672.0,20,1.9791713600241834,0.2665690827932672,2.055193005623403,0.07588626341038666,72.34,1.9266210449405263,0.07614491159084813
P3,loss,0.5,419,1676.0,20,2.1153552752395752,0.09666501390259656,2.0583252392517037,0.0757418144036487,75.575,1.9292997348543939,0.07595543820627933
P3,loss,0.5,420,1680.0,20,2.0954950236225867,0.1176550344778708,2.06079652527633,0.07227241387404466,75.761,1.931575573388073,0.07277751046230214
P3,loss,0.5,421,1684.0,20,2.044994099652982,0.14928229999801013,2.061704739398429,0.07199192428535683,75.645,1.9327644910797535,0.07260669403427321
P3,loss,0.5,422,1688.0,20,2.0297928645092105,0.18965124525158117,2.0596051854104394,0.07291155404716264,74.618,1.9309485377125604,0.07416838519982932
P3,loss,0.5,423,1692.0,20,2.0666066241988768,0.20708429965488734,2.0607724027987504,0.0749419442950114,74.794,1.9321119785876797,0.07620445114386667
P3,loss,0.5,424,1696.0,20,2.10936773284209,0.10010085779040045,2.0609048598765503,0.07609830974509894,76.107,1.9318133958310248,0.07623111733506056
P3,loss,0.5,425,1700.0,20,2.086118822575269,0.13661701131007178,2.0610533444225845,0.076367206440856,76.748,1.931979624815756,0.07637273137916817
P3,loss,0.5,426,1704.0,20,2.0633158153232403,0.15035265290246408,2.060569619341068,0.07769711433690606,76.077,1.9320804832831269,0.07727223757967183
P3,loss,0.5,427,1708.0,20,2.0293601024681616,0.20811944036798669,2.05979668306536,0.08032888850633671,74.064,1.9312183074833627,0.07994783068190293
P3,loss,0.5,428,1712.0,20,2.025136417204488,0.19747082737489524,2.059474475254715,0.08302793263418207,73.424,1.9307325714782018,0.08196436955320775
P3,loss,0.5,429,1716.0,20,2.10398366610033,0.0896397414785862,2.0603412098271954,0.08364061554978564,75.811,1.9307985300548207,0.08223256008554293
P3,loss,0.5,430,1720.0,20,2.06613280343337,0.19742492199861614,2.0602931373733138,0.08639435496323221,74.179,1.9299550101099925,0.08559819976184188
P3,loss,0.5,431,1724.0,20,2.050683766350321,0.12511510171745083,2.0603394953387637,0.08291123548117477,76.298,1.9303525838022921,0.08264303351126953
P3,loss,0.5,432,1728.0,20,2.0539291043461727,0.15995538428448206,2.0596528577069453,0.08367837666620237,74.422,1.929599107060282,0.08271976791297657
P3,loss,0.5,433,1732.0,20,2.0965706698441466,0.15088915161509878,2.0602219809497315,0.08640067363523096,76.574,1.9292751107997053,0.08519544937732972
P3,loss,0.5,434,1736.0,20,2.097886939178646,0.10734110371010284,2.060446298421091,0.08572709838708142,76.056,1.9304204836254364,0.08437480444398211
P3,loss,0.5,435,1740.0,20,2.0973517573479383,0.12239729731492827,2.061899146741722,0.08531623311576286,75.421,1.9321214436894714,0.0841608854671439
P3,loss,0.5,436,1744.0,20,2.0957571845415184,0.1215704534386972,2.061848764169873,0.08458418527487695,75.91999999999999,1.9321857015728736,0.08323569057828173
P3,loss,0.5,437,1748.0,20,2.0895606497707133,0.13340432209757228,2.063257647867986,0.08431656221420619,76.441,1.9334085531964906,0.08256583239703953
P3,loss,0.5,438,1752.0,20,2.1504765392063456,0.08484085163502769,2.068836737647461,0.08323262265848999,76.566,1.9381179068145584,0.08130248082811489
P3,loss,0.5,439,1756.0,20,2.067139188313777,0.13184615044277484,2.071054662456155,0.08248216760986414,75.026,1.9404940313128545,0.07995458336250294
P3,loss,0.5,440,1760.0,20,2.064831022204194,0.1620168004789336,2.0719173125540626,0.08453050367703942,75.89099999999999,1.9412045862219363,0.0820217906409456
P3,loss,0.5,441,1764.0,20,2.1048491121662205,0.09316494755030665,2.072180339107708,0.08428049785700396,75.75399999999999,1.9417872196043455,0.08179570735640505
P3,loss,0.5,442,1768.0,20,2.1302350146089606,0.09557820600402421,2.076564062202933,0.08259997274458858,76.176,1.9459230378883956,0.0797240875236026
P3,loss,0.5,443,1772.0,20,2.1042307744731934,0.15084841956252973,2.081566438780893,0.0791494600678791,75.233,1.9504286219159161,0.07567451107907493
P3,loss,0.5,444,1776.0,20,2.0922055598171254,0.1316533480166139,2.0806404501639952,0.08065854229505602,76.436,1.9496314486120034,0.07703377121433705
P3,loss,0.5,445,1780.0,20,2.041700599769035,0.2392325143969057,2.0784886732098533,0.08525241291116321,74.099,1.947085000162776,0.08195612762592824
P3,loss,0.5,446,1784.0,20,2.0786056759097145,0.1800129779505384,2.0798331362601226,0.0867061036726696,73.849,1.9485472076517414,0.08357672671500897
P3,loss,0.5,447,1788.0,20,2.061102326779451,0.12267047372439174,2.081085514750932,0.0841882770238296,76.12,1.9497011381342741,0.08034994695465285
P3,loss,0.5,448,1792.0,20,2.0666232599114367,0.14055582270770806,2.081086180179434,0.0812034354241744,75.341,1.9505313948716225,0.07733029598467636
P3,loss,0.5,449,1796.0,20,2.1032423471826425,0.09157410616895835,2.0808411647530565,0.08102561966795438,76.011,1.9510748429734392,0.07757131843317165
P3,loss,0.5,450,1800.0,20,2.0682078347590305,0.1289781194730381,2.080124725240407,0.07956305051825963,75.25,1.9508871153076597,0.07647616634024822
P3,loss,0.5,451,1804.0,20,2.144847003458592,0.07864195129977912,2.0833859727658206,0.07855819496605305,76.44500000000001,1.9535528118760124,0.0758927365645334
P3,loss,0.5,452,1808.0,20,2.1348002162180615,0.09613507011258661,2.087603577315817,0.0752927800059203,76.574,1.9572966968191796,0.0721237348714665
P3,loss,0.5,453,1812.0,20,2.0900386607442853,0.15735575978098323,2.090199667057409,0.07242913605315911,74.434,1.9595733866642377,0.06982758989372935
P3,loss,0.5,454,1816.0,20,2.1115728609077795,0.11940204034761275,2.090503234849707,0.07286744716500647,75.717,1.9600165302454644,0.06961378636795344
P3,loss,0.5,455,1820.0,20,2.09854844747515,0.2175724938558237,2.091799860611378,0.07146976445459835,74.312,1.9614590432290708,0.06792865572480798
P3,loss,0.5,456,1824.0,20,2.091640843878107,0.13859913922215863,2.0934381437124894,0.07121905236699712,75.839,1.9633601819949518,0.06725016914568585
P3,loss,0.5,457,1828.0,20,2.105813464605132,0.09332262153162381,2.0955135181228477,0.07191564471186125,76.3,1.966134883875564,0.06802805611986483
P3,loss,0.5,458,1832.0,20,2.1081675243074733,0.10272102009511176,2.095977392301381,0.0696467411025842,76.703,1.9672639417064506,0.06614449245052544
P3,loss,0.5,459,1836.0,20,2.13243359518036,0.10858122132503034,2.0973592585414496,0.07044175369623165,76.529,1.9680218555409321,0.06729018126073741
P3,loss,0.5,460,1840.0,20,2.0708496916159893,0.15039093305126974,2.096299175912171,0.07027361023294469,76.486,1.966911333180666,0.06818026130707777
P3,loss,0.5,461,1844.0,20,2.1055920756084605,0.11586526285030428,2.0966925715548492,0.06996083170977276,76.478,1.9674458566039956,0.06775433063950412
P3,loss,0.5,462,1848.0,20,2.072734871662706,0.13323088870306107,2.096019540430529,0.0701893594655221,76.82000000000001,1.9665418891113358,0.0682316443533468
P3,loss,0.5,463,1852.0,20,2.109411360359483,0.10337107601505413,2.094376933276654,0.07052901258240052,76.23100000000001,1.9652156813366648,0.06855681103954486
P3,loss,0.5,464,1856.0,20,2.063372459796316,0.14730057783053288,2.0942262641359557,0.07044093229411881,76.116,1.9646757726719106,0.06810121191158672
P3,loss,0.5,465,1860.0,20,2.103050654335646,0.10456717247792482,2.095755049421214,0.06832778797430757,76.658,1.9665457892039353,0.06615733044092044
P3,loss,0.5,466,1864.0,20,2.127578957124883,0.08374356818755471,2.0966642432195606,0.0676158562642706,76.64,1.9666548795361671,0.066022778800403
P3,loss,0.5,467,1868.0,20,2.0762907537034563,0.1681709444833196,2.0945064727833405,0.06915134748163498,74.297,1.9646194060476962,0.06824059111111985
P3,loss,0.5,468,1872.0,20,2.157586445428862,0.08680207836183004,2.096640699621567,0.06919187565897332,76.518,1.9655682733411741,0.06851934788732407
P3,loss,0.5,469,1876.0,20,2.1302452048458553,0.0872925579232673,2.098162285422716,0.068160657450944,76.31,1.967564923808645,0.06815645851464316
P3,loss,0.5,470,1880.0,20,2.094641501233918,0.14044037785557414,2.1002799214813117,0.06573614079055425,75.784,1.9699601594533758,0.06596742761769508
P3,loss,0.5,471,1884.0,20,2.1036934622191783,0.13773536851108234,2.1012834329336902,0.06614738388764214,75.924,1.970637390512583,0.06592340442741566
P3,loss,0.5,472,1888.0,20,2.0613912874421376,0.1233287378307831,2.1012949913601977,0.06646884905166099,76.066,1.9707894041899958,0.06661213037521659
P3,loss,0.5,473,1892.0,20,2.079801220906231,0.21426540403301123,2.1018221097999894,0.07135896909507293,74.649,1.9705326116106465,0.07094926616506199
P3,loss,0.5,474,1896.0,20,2.1442010964171354,0.0626390005890438,2.103460459769369,0.06945948207246659,76.407,1.9718980179690586,0.06963875076739003
P3,loss,0.5,475,1900.0,20,2.1055334569948636,0.09009075145707095,2.1049534846588025,0.0694715410893164,75.316,1.972611218750887,0.06990743508464112
P3,loss,0.5,476,1904.0,20,2.110910689940881,0.09599298607105332,2.103596032118094,0.06927330951172653,76.384,1.971461629634907,0.0698716736358823
P3,loss,0.5,477,1908.0,20,2.0643673157374707,0.10025837682667246,2.1007787160988705,0.0684376374821516,75.476,1.9696515045106657,0.06928285728685374
P3,loss,0.5,478,1912.0,20,2.12468110807076,0.09076572394280565,2.1021644139919298,0.06835958810494144,76.16799999999999,1.9715403063871697,0.069815356954089
P3,loss,0.5,479,1916.0,20,2.08041961227087,0.08781043725729124,2.100918284046453,0.06707850074178376,75.369,1.9708267682678706,0.06903652303558835
P3,loss,0.5,480,1920.0,20,2.1157639613273433,0.07793283561694193,2.1016069046005406,0.06203538508515784,76.031,1.9715378927019376,0.06501715448549121
P3,loss,0.5,481,1924.0,20,2.113261645210774,0.10170061775043361,2.1024717366538477,0.06338851798905777,75.61,1.9724375411028903,0.06643115318695157
P3,loss,0.5,482,1928.0,20,2.1337483771160155,0.08563785561696086,2.1035891331542826,0.06342757600082256,75.804,1.9728813214626117,0.06652213238294462
P3,loss,0.5,483,1932.0,20,2.1434367902428026,0.06491568053933763,2.104999903791696,0.06244303201644382,76.409,1.9746346684062845,0.06548126865524552
P3,loss,0.5,484,1936.0,20,2.1287836244676503,0.07395276820740557,2.104853904963188,0.0629750403064419,75.917,1.9747474383310095,0.06583666973407784
P3,loss,0.5,485,1940.0,20,2.1103289546929274,0.11364989287500255,2.1064330754862652,0.06239668387678052,75.634,1.9759172969037508,0.06483082030323774
P3,loss,0.5,486,1944.0,20,2.147030706911893,0.07780908475600028,2.1080906207384027,0.06285483479242138,76.173,1.9764342834388682,0.06565026771343467
P3,loss,0.5,487,1948.0,20,2.1209553074495524,0.09916411598109112,2.1100194381698762,0.06292398276591743,75.852,1.978575413338009,0.06577135552548909
P3,loss,0.5,488,1952.0,20,2.1443737033436046,0.08684821753811672,2.111417931889241,0.06209281110688932,76.182,1.9800173628256093,0.06506278746311829
P3,loss,0.5,489,1956.0,20,2.107186085593213,0.1709387808318247,2.113170476921117,0.061347464857563434,74.596,1.9814535084782823,0.06482726482961333
P3,loss,0.5,490,1960.0,20,2.125102530562991,0.1087840982911114,2.114052551970211,0.06176405994001823,76.231,1.9824603119288244,0.06596874410925795
P3,loss,0.5,491,1964.0,20,2.1334024629365933,0.08646469366135938,2.1142854922026793,0.06325565545514464,76.178,1.982714980045411,0.06756575365882055
P3,loss,0.5,492,1968.0,20,2.1039325173465717,0.1282803515633435,2.115391162748404,0.06306978479648688,75.97200000000001,1.9836370499703384,0.06692527129597686
P3,loss,0.5,493,1972.0,20,2.1098295050944285,0.12343416590044878,2.1134808851350266,0.06261785317771267,76.272,1.982361795636837,0.06656097878944119
P3,loss,0.5,494,1976.0,20,2.1296968658339304,0.09256039347657215,2.1134589515745494,0.061304638736111056,76.366,1.981883317844596,0.06560960824272818
P3,loss,0.5,495,1980.0,20,2.097645056639766,0.15402207024672313,2.1135790937907837,0.05901266260906604,75.896,1.982147691824927,0.06333026064258569
P3,loss,0.5,496,1984.0,20,2.12190790714919,0.08307638504191257,2.114307671587984,0.05766130339609184,75.587,1.9832329173200065,0.06226438127416445
P3,loss,0.5,497,1988.0,20,2.1231635779125724,0.0836841162846616,2.1167785632068012,0.0568064034715615,75.107,1.9849455057831076,0.06139957240619855
P3,loss,0.5,498,1992.0,20,2.111697752578087,0.10877778783910107,2.1180544244736756,0.0540241572895997,76.017,1.9861711342512234,0.05825307094947567
P3,loss,0.5,499,1996.0,20,2.119344489687613,0.1355793623120015,2.1170601602044945,0.05497957158693253,76.366,1.9848528141103405,0.05911191547565612
P3,loss,0.5,500,2000.0,20,2.0980008462121167,0.0946670552707877,2.1167588557731847,0.054217710980083184,75.728,1.9853103818983786,0.05870727403288819
P3,loss,0.5,501,2004.0,20,2.126666004446944,0.09989714079594837,2.1173890683534276,0.055269134944974284,76.357,1.9857739623006594,0.05962026446264551
P3,loss,0.5,502,2008.0,20,2.1219236219817477,0.10953287533315563,2.119691320603198,0.05569276725832273,76.319,1.9871543832001979,0.06003513790609113
P3,loss,0.5,503,2012.0,20,2.092896827123604,0.14125928372827432,2.118419949365312,0.057368918842745836,75.967,1.9859598355525858,0.06131780971736984
P3,loss,0.5,504,2016.0,20,2.148757129210769,0.06242928530969099,2.1211534500429083,0.057193739003354664,76.42,1.9877203926192144,0.06122100258954547
P3,loss,0.5,505,2020.0,20,2.135384288722405,0.07337646818194087,2.1219382631387105,0.05783160724693397,76.224,1.9888579734335887,0.06157266207517638
P3,loss,0.5,506,2024.0,20,2.130669754462667,0.08177367115680376,2.122634587508786,0.05742714724669995,76.384,1.9893729217043372,0.06134433173133895
P3,loss,0.5,507,2028.0,20,2.115129045557606,0.10300632345826348,2.1218898142464497,0.05818777612294547,76.438,1.9892497728600038,0.06206198167027362
P3,loss,0.5,508,2032.0,20,2.0952345998411555,0.1527554278138277,2.119961726630384,0.05857818973694085,74.49199999999999,1.9870395331487494,0.06293261080324852
P3,loss,0.5,509,2036.0,20,2.0894527451195772,0.09482074873812034,2.1183884914564612,0.05775672447314931,75.906,1.9858849218754986,0.061941216094826466
P3,loss,0.5,510,2040.0,20,2.134144323577856,0.06881965554221638,2.1193411062118583,0.05772095585396608,76.487,1.9873903043494683,0.06120958180066741
P3,loss,0.5,511,2044.0,20,2.123564206840707,0.08895148111783031,2.1184024462090107,0.05687665723350732,75.976,1.9876867710926114,0.060474984413396764
P3,loss,0.5,512,2048.0,20,2.0868445709920507,0.15293006386695068,2.1170380167507106,0.05937795084067707,75.749,1.9864402930052372,0.062073048237954224
P3,loss,1.0,1,4.0,20,1.7594485111713603,0.31515296826571954,1.7594485111713603,0.31515296826571954,70.015,1.6196244035666005,0.3169210361443201
P3,loss,1.0,2,8.0,20,1.6550613319217908,0.33165530952576056,1.7072549215465755,0.23642104186161034,66.568,1.5705574305998604,0.24747806068771838
P3,loss,1.0,3,12.0,20,1.6618652524474924,0.298589307494971,1.692125031846881,0.1856304114419741,67.519,1.5507648835454497,0.19654583431783723
P3,loss,1.0,4,16.0,20,1.8058056533534497,0.33634554409367684,1.7205451872235233,0.14847371931300532,70.316,1.5752849052783602,0.1559242722686272
P3,loss,1.0,5,20.0,20,1.7383186938859172,0.2431478509464335,1.7240998885560022,0.1329728865319896,69.958,1.5816236857624169,0.1386031767553492
P3,loss,1.0,6,24.0,20,1.7037603654311837,0.27432817154407907,1.7207099680351992,0.11881509685436228,71.16799999999999,1.580158148756013,0.12394898989154171
P3,loss,1.0,7,28.0,20,1.5618798204301272,0.34699594736208816,1.6980199469487602,0.11488997461538879,59.726,1.5545741558025035,0.12098182350923097
P3,loss,1.0,8,32.0,20,1.6467327434560328,0.2842985400985797,1.6916090465121694,0.1194978438793049,64.662,1.547429823801357,0.12389529805779115
P3,loss,1.0,9,36.0,20,1.7779762273251254,0.33026902479003933,1.7012053999358312,0.11021243637944773,67.815,1.5566370835594443,0.11429009989195832
P3,loss,1.0,10,40.0,20,1.645633966388949,0.36530045778726533,1.6956482565811428,0.10204253454145923,65.26599999999999,1.5506035074864712,0.107268309958203
P3,loss,1.0,11,44.0,20,1.8506663124190077,0.20750354696508702,1.7097408071118578,0.09844565115944222,74.964,1.5655901698546504,0.1035741681805336
P3,loss,1.0,12,48.0,20,1.792258757706446,0.2430087476407879,1.7166173029947402,0.09491804643242614,72.809,1.574469842225642,0.0998540290766533
P3,loss,1.0,13,52.0,20,1.6888770036244387,0.31316551770232026,1.714483433812409,0.09121169330255607,68.139,1.5721102792897461,0.09475331060653862
P3,loss,1.0,14,56.0,20,1.755581385276664,0.2868834407968926,1.7174190017741418,0.08214506729782879,69.753,1.5756446502849688,0.08389553101581516
P3,loss,1.0,15,60.0,20,1.7906966227835686,0.20203813368621004,1.7223041765081035,0.07701648379938685,72.134,1.5815162820435407,0.07699365729926594
P3,loss,1.0,16,64.0,20,1.6833973318186906,0.31245203447623604,1.7198724987150154,0.07135646680603756,65.851,1.5782879313327078,0.07071704494370462
P3,loss,1.0,17,68.0,20,1.7693811639062615,0.22782502243492347,1.7227847731380297,0.07559372664808504,71.49,1.5814324101545538,0.07385288052514033
P3,loss,1.0,18,72.0,20,1.7245826672328302,0.3248936369355221,1.7228846561432967,0.07127622197463498,69.904,1.581538231472376,0.06970974980464398
P3,loss,1.0,19,76.0,20,1.5805946028979085,0.23491713639970058,1.7153957059724867,0.07013938774883328,64.983,1.574051259107782,0.0700623734644981
P3,loss,1.0,20,80.0,20,1.632817583021262,0.37930751972121585,1.7112667998249254,0.06735255854022948,64.201,1.5690945934100262,0.06731455281176747
P3,loss,1.0,21,84.0,20,1.6694801354930864,0.22582416446140716,1.7092769586662662,0.06054987687926111,69.077,1.5671839869716393,0.06122995485577589
P3,loss,1.0,22,88.0,20,1.6903684886044796,0.24785438237647608,1.708417482754367,0.0622374123785668,67.673,1.5667814248133427,0.06289392167547196
P3,loss,1.0,23,92.0,20,1.6091438633423258,0.30782582377837236,1.7041012384321044,0.05910013884762774,62.138,1.561935928821002,0.05870043146990961
P3,loss,1.0,24,96.0,20,1.797913968564456,0.19428728678116297,1.7080101021876188,0.05831727440224464,73.538,1.566474600376962,0.05789928556527785
P3,loss,1.0,25,100.0,20,1.762190031045042,0.21865668962755672,1.710177299341916,0.05596330122870922,71.287,1.5686777649394328,0.05497002173770627
P3,loss,1.0,26,104.0,20,1.6260427391725192,0.29970260590584435,1.7048410684619622,0.0514106540906229,64.273,1.5638218237646007,0.0509365484334779
P3,loss,1.0,27,108.0,20,1.7537639993856984,0.31098155801154864,1.7087891751605184,0.04779395782075256,69.592,1.5677195941982838,0.04656276540271534
P3,loss,1.0,28,112.0,20,1.8187882482131452,0.2968031572501334,1.7150660949911447,0.04612988161040655,69.985,1.5745680091142693,0.046319077725890244
P3,loss,1.0,29,116.0,20,1.6587280834214848,0.32129091385330305,1.7091829921938662,0.0485892467904905,68.397,1.5692313626025571,0.04881376787288365
P3,loss,1.0,30,120.0,20,1.8052459411759674,0.24802058459500623,1.7118600820854681,0.04964650239238471,73.339,1.5718178679106103,0.04992620665991755
P3,loss,1.0,31,124.0,20,1.7066592711091695,0.14116120876314278,1.7119760383125875,0.04886329620438902,72.317,1.572290368369494,0.048727021044685265
P3,loss,1.0,32,128.0,20,1.7782728376488013,0.2889577552968829,1.7206317590013345,0.04309485941145144,71.717,1.5823784222191306,0.043925633353314134
P3,loss,1.0,33,132.0,20,1.7970750247909266,0.2812083187699154,1.7266454502547302,0.047699714834391,71.05199999999999,1.588729671672216,0.04838864003597771
P3,loss,1.0,34,136.0,20,1.7394260083362707,0.3135458512439485,1.725103441495176,0.04904773476326927,68.435,1.587113943305833,0.04949399728709395
P3,loss,1.0,35,140.0,20,1.7034372238219606,0.16934710966332633,1.7274155717924966,0.05023677253023563,70.615,1.590178375724209,0.050549767688242715
P3,loss,1.0,36,144.0,20,1.8062510086357164,0.2627089659570031,1.7256389596411648,0.052367909042313684,70.592,1.5880945726778954,0.05343498599297699
P3,loss,1.0,37,148.0,20,1.8295709542611245,0.27382374546075894,1.7271314475033521,0.05415831441396392,72.872,1.5889458292933158,0.05516703309374251
P3,loss,1.0,38,152.0,20,1.8279311418694377,0.21621572707918416,1.7326936130331518,0.04702896500158736,73.116,1.5951927853042331,0.04872622722447901
P3,loss,1.0,39,156.0,20,1.6608082628820615,0.2751199345433406,1.728902688137368,0.051322353269156726,70.256,1.5915606291616824,0.05299032633170625
P3,loss,1.0,40,160.0,20,1.736217225298093,0.2537641863921476,1.726723512237949,0.05962721908288504,71.393,1.5894117171008562,0.06158656794203328
P3,loss,1.0,41,164.0,20,1.7058917477761475,0.27611738716078743,1.7276232888762473,0.05918707244281014,65.07300000000001,1.5906587260205822,0.05940409262483038
P3,loss,1.0,42,168.0,20,1.7368700607762608,0.33196675308144064,1.726322844751047,0.06074463607177913,68.32000000000001,1.5889341225575655,0.05965650081755278
P3,loss,1.0,43,172.0,20,1.6802944267628852,0.3062690975233526,1.7245513151322491,0.057108462755499724,67.205,1.5872370885414577,0.05640390342215576
P3,loss,1.0,44,176.0,20,1.8051626464902004,0.19043906447304007,1.733534036875941,0.06008521254278088,72.0,1.5966210001454701,0.05959050053065211
P3,loss,1.0,45,180.0,20,1.6883790518319515,0.286496465711214,1.7357564956283684,0.055130451502619304,69.69,1.599930680832714,0.05484156943303859
P3,loss,1.0,46,184.0,20,1.709931970068056,0.26945878061235684,1.7373745690113673,0.052821514374350356,69.799,1.6011697061039694,0.05275641504857115
P3,loss,1.0,47,188.0,20,1.8263354836295762,0.2562235772254965,1.742813248812371,0.058469819599237305,70.56,1.606369017048274,0.05786173895219991
P3,loss,1.0,48,192.0,20,1.8247821564510105,0.3048594152799399,1.7514387805367186,0.05403801958857031,69.712,1.6154576113696208,0.05256313232034962
P3,loss,1.0,49,196.0,20,1.80955030912645,0.1924001065855592,1.7519042341591984,0.049139511516878516,70.372,1.615166210361992,0.047844131341260435
P3,loss,1.0,50,200.0,20,1.7307064564309833,0.25851286332177525,1.7506448911746362,0.0465744900530044,69.546,1.614281052581775,0.04600685564613376
P3,loss,1.0,51,204.0,20,1.693457626862698,0.23773659582619425,1.753341486682243,0.05107961893407868,67.608,1.616486287509972,0.050693768958465384
P3,loss,1.0,52,208.0,20,1.7128520799384432,0.28049418474327986,1.751705009904353,0.05080769170207407,67.477,1.6149342908148547,0.050801991938515596
P3,loss,1.0,53,212.0,20,1.736987215881133,0.2618719591274769,1.7484329686110722,0.050673565284930784,68.773,1.611972337467772,0.051056731318882886
P3,loss,1.0,54,216.0,20,1.7324369435845415,0.21927444968939244,1.7513813230175947,0.05641591179534721,69.822,1.6156603711293378,0.05732083081180004
P3,loss,1.0,55,220.0,20,1.7923689728407592,0.2149976869422156,1.7508662442841865,0.05291278135903389,72.981,1.6156196845325048,0.05396107946809995
P3,loss,1.0,56,224.0,20,1.6752313833918566,0.3201602940854046,1.749609128775494,0.04742915394711252,64.451,1.6141173543316243,0.048409819899619115
P3,loss,1.0,57,228.0,20,1.7208379380337935,0.2457608211672093,1.7473117327908934,0.04698968879318052,71.955,1.6110408067691655,0.048839900063869394
P3,loss,1.0,58,232.0,20,1.7075756551982644,0.2638914665308653,1.743731758007187,0.04900870772776801,68.848,1.608018928208946,0.05059146917019569
P3,loss,1.0,59,236.0,20,1.7668669149488214,0.20197056717041736,1.744829394271689,0.05310306469272616,71.429,1.6099261868221286,0.05385517260463896
P3,loss,1.0,60,240.0,20,1.7489871722478068,0.28115055020504304,1.746651392208723,0.058108442391179405,68.885,1.6110783451316404,0.05887767637171348
P3,loss,1.0,61,244.0,20,1.715997768412673,0.2100795745412474,1.7430412625998009,0.06072880707469771,70.578,1.6077913919324445,0.06098922329710693
P3,loss,1.0,62,248.0,20,1.7765163148646508,0.25571450221502956,1.7409190770239422,0.057038304814680287,70.75,1.6061318550891257,0.05854501741462888
P3,loss,1.0,63,252.0,20,1.8003520101928892,0.2005445191927546,1.7398159117568803,0.056170186121480614,71.799,1.6042835785959906,0.05857776567117056
P3,loss,1.0,64,256.0,20,1.813519592636958,0.28785182836520473,1.7459243649470761,0.05516176901944928,71.226,1.6100463514964811,0.0572089732981455
P3,loss,1.0,65,260.0,20,1.771413609324361,0.23389425078546378,1.7473322203081267,0.04947365807788731,71.72,1.611128598994107,0.05131078354560125
P3,loss,1.0,66,264.0,20,1.7827838631782147,0.2801837332798158,1.7504079049242094,0.05078916040865828,71.564,1.6146766581575256,0.052668679631350655
P3,loss,1.0,67,268.0,20,1.6913459372754907,0.2806298025285691,1.7485869399841785,0.0484409212596213,68.173,1.6145550206877484,0.049787063000861435
P3,loss,1.0,68,272.0,20,1.7623187152978104,0.2438229103276269,1.7518679115255757,0.04203159653027064,70.137,1.617871584572653,0.04211552032299699
P3,loss,1.0,69,276.0,20,1.7996407563160148,0.256531198200168,1.7516470359186083,0.0416267431888241,70.178,1.6170055977396118,0.042757218487254
P3,loss,1.0,70,280.0,20,1.8061604483777345,0.24768934228429978,1.7563582917804397,0.0393373884544867,71.185,1.6222858137669889,0.040093083066863454
P3,loss,1.0,71,284.0,20,1.7869762572163157,0.24139139347416355,1.75944006326637,0.040825087058159654,71.351,1.6256467368307779,0.04176342813810715
P3,loss,1.0,72,288.0,20,1.7335894854520373,0.26311883211615256,1.7557302233392682,0.043520269970709076,70.11,1.6220174970071422,0.04566987098331675
P3,loss,1.0,73,292.0,20,1.8459877889564065,0.20363921746363442,1.7565784486394844,0.04625778097034436,74.59700000000001,1.6226373208588325,0.047468960800268196
P3,loss,1.0,74,296.0,20,1.7351376415114512,0.26831260628867326,1.7536019419348843,0.04700723740990807,68.81700000000001,1.6195754546094832,0.04909217641271773
P3,loss,1.0,75,300.0,20,1.8645741370853384,0.21656135886014657,1.7589566491610586,0.045387289483761487,72.837,1.6253977769417105,0.048298785098500795
P3,loss,1.0,76,304.0,20,1.859433126063267,0.12965893339579873,1.7655956691290815,0.04559413396117493,74.687,1.6323192594032665,0.048183743268531816
P3,loss,1.0,77,308.0,20,1.78834750566831,0.2674046829511145,1.7686154861582761,0.04665732244276251,71.212,1.6358593557909713,0.04844966243373393
P3,loss,1.0,78,312.0,20,1.7464410643358164,0.22448017313493798,1.7689936400964634,0.04646098876768637,70.44800000000001,1.6363413897084655,0.04861392492113107
P3,loss,1.0,79,316.0,20,1.753960190466237,0.23502053979673446,1.7698545699717312,0.045408650579836916,69.28099999999999,1.6370200640224293,0.046955438303887355
P3,loss,1.0,80,320.0,20,1.8645271981855749,0.2636939070606842,1.7727408989855238,0.0436773491803803,72.584,1.6391009610651928,0.04464625303132455
P3,loss,1.0,81,324.0,20,1.7584081422543842,0.27748545553392046,1.776067969340025,0.04223534914384032,70.264,1.6420351188485607,0.04303270408665432
P3,loss,1.0,82,328.0,20,1.7039207274519543,0.29278498313399376,1.7753912809167514,0.04270797605827181,65.363,1.641540479054361,0.04260575020220303
P3,loss,1.0,83,332.0,20,1.7672529275973816,0.22800212451430235,1.777778371812716,0.047980215303736744,71.687,1.6433617137682255,0.04915502670631861
P3,loss,1.0,84,336.0,20,1.780417695941459,0.2533229423890987,1.7783204030524213,0.05152447371846732,69.10900000000001,1.6438610652355563,0.051860806326238726
P3,loss,1.0,85,340.0,20,1.7528497761902977,0.28811928293756833,1.778474907210121,0.0564441077899387,69.969,1.6448195528386775,0.05547737919818788
P3,loss,1.0,86,344.0,20,1.7991670510308517,0.2558780068860183,1.7818016785148483,0.05532277651556331,69.773,1.6477881244538033,0.05397056891996048
P3,loss,1.0,87,348.0,20,1.8180396976988498,0.21179657887908537,1.7834626138282161,0.05473964568802786,68.75699999999999,1.6493527328142483,0.05431948825533426
P3,loss,1.0,88,352.0,20,1.7286797870413941,0.26687139472828686,1.7805957249021565,0.05315972285534216,68.607,1.6470562525793422,0.05373344696337798
P3,loss,1.0,89,356.0,20,1.7989066126443327,0.2248411905543736,1.7800112057024513,0.056025139809883676,68.476,1.647269974455685,0.05802111571617064
P3,loss,1.0,90,360.0,20,1.6984697236561135,0.23024817214771595,1.7770934502757214,0.05239358456418416,68.976,1.6447753954386806,0.05408653108112957
P3,loss,1.0,91,364.0,20,1.7978153497781348,0.21017960834462587,1.7776947097397184,0.050448708653229236,70.829,1.6461417350889165,0.05311603627681697
P3,loss,1.0,92,368.0,20,1.753848296180794,0.2626522113113001,1.7801948040959303,0.050436925996452435,68.356,1.6472743178051907,0.05212722260428224
P3,loss,1.0,93,372.0,20,1.7935137241791062,0.26773890231180514,1.7814426044511822,0.05129913446704286,70.886,1.6486532614610117,0.052170959439895276
P3,loss,1.0,94,376.0,20,1.837178081070316,0.25967588374170525,1.7829440974413544,0.05509347158725661,71.688,1.651186673747614,0.0559911198938219
P3,loss,1.0,95,380.0,20,1.7059918011993893,0.20245175495042497,1.7789373515542206,0.0496011348983007,68.608,1.6464938957859847,0.051395289389355885
P3,loss,1.0,96,384.0,20,1.6863260866575984,0.3288163794819379,1.774911344731872,0.05048666695909365,64.558,1.6422551626315098,0.05192312349689984
P3,loss,1.0,97,388.0,20,1.7573960969176141,0.2305506269649085,1.7758636091904951,0.05310157867528522,69.10499999999999,1.6436957871522124,0.05446933825588684
P3,loss,1.0,98,392.0,20,1.8183978546558002,0.2283221304176586,1.7747600118184708,0.04851812354753536,72.245,1.6429431985748078,0.04992655639690677
P3,loss,1.0,99,396.0,20,1.8560932876070901,0.2252736454637315,1.7795982376622963,0.04568989506010537,70.449,1.6483536954998546,0.046501887481050906
P3,loss,1.0,100,400.0,20,1.7495481558524386,0.2942051314756137,1.7749971984129804,0.04391760526233599,66.47,1.6436833856866482,0.044290089525444706
P3,loss,1.0,101,404.0,20,1.8013523736125436,0.2802753279905867,1.7726739683149515,0.0406058603433776,68.819,1.6415560686770827,0.04103888318053239
P3,loss,1.0,102,408.0,20,1.7807615353054014,0.19710853065688164,1.772370529500435,0.04745406569029198,71.639,1.641427901461118,0.047173963125919385
P3,loss,1.0,103,412.0,20,1.7538326917209723,0.29772419595468425,1.7726661945958413,0.0455160407962797,67.352,1.6410219110986866,0.04593644959493035
P3,loss,1.0,104,416.0,20,1.8717089070011563,0.2057661784182506,1.777376143257238,0.040545948514714256,72.588,1.6455196507585312,0.04107677268045266
P3,loss,1.0,105,420.0,20,1.7653259619101178,0.2431842366469107,1.77340809380622,0.044019209829341314,69.487,1.6419461693364834,0.04491911435107476
P3,loss,1.0,106,424.0,20,1.8026262090909655,0.22687995768476305,1.7751768164796828,0.04502956429684586,71.947,1.6439754196871323,0.04747949510321365
P3,loss,1.0,107,428.0,20,1.647848465613167,0.2553900711241366,1.7729339260061316,0.04244722490739422,63.935,1.6420245623227376,0.044755378878031535
P3,loss,1.0,108,432.0,20,1.7044183810419298,0.26615479560474153,1.7704205441439131,0.042745233731691486,66.946,1.6404396853751604,0.04417305284871545
P3,loss,1.0,109,436.0,20,1.7209987641959121,0.20511720245561824,1.7680437868740912,0.04150064996596986,67.074,1.6386844490572265,0.04297805569521962
P3,loss,1.0,110,440.0,20,1.8481986016978678,0.13998268991169988,1.7718577398943942,0.041892700790793984,73.62899999999999,1.6424691211670275,0.04256870703276777
P3,loss,1.0,111,444.0,20,1.8310402326640247,0.13843471785498476,1.7731326671597212,0.03959329049221302,73.459,1.6447280629176106,0.03985746453064063
P3,loss,1.0,112,448.0,20,1.8276899577458618,0.23213877952793394,1.7735186775616019,0.0444796064134097,72.27000000000001,1.6449384395895374,0.044538472672502286
P3,loss,1.0,113,452.0,20,1.8474745192041784,0.19364178692263276,1.778270466848113,0.04430056433663956,72.296,1.650341651535128,0.04316584235552815
P3,loss,1.0,114,456.0,20,1.8421252834271704,0.21568051418788298,1.7799992136794267,0.04158900015678797,71.838,1.6511611898822203,0.040589934434957536
P3,loss,1.0,115,460.0,20,1.7837046939824475,0.24754697958164812,1.78340861249248,0.04594899865225158,70.58200000000001,1.6541713646911347,0.044324003271682864
P3,loss,1.0,116,464.0,20,1.8074990109017186,0.20698477465137238,1.7837959589374233,0.04655512910785793,73.18100000000001,1.6545689025483905,0.044926871127097444
P3,loss,1.0,117,468.0,20,1.8140512230110328,0.21139897463686871,1.7862040760106328,0.04728494070179159,72.804,1.6576509461606588,0.04787145130863051
P3,loss,1.0,118,472.0,20,1.914160664200874,0.18476758123639792,1.7910299536115037,0.043060852121711665,74.50800000000001,1.6620646147599776,0.043982569154514144
P3,loss,1.0,119,476.0,20,1.8889194630602844,0.22000317806361983,1.7930996088911022,0.03939846430742283,73.087,1.6642188535884639,0.04104538659958396
P3,loss,1.0,120,480.0,20,1.774342779807379,0.2776573971875881,1.795833648035422,0.047303754916701156,69.20599999999999,1.6668892610721524,0.04825683281428855
P3,loss,1.0,121,484.0,20,1.862200474701077,0.2062067777494245,1.802868623557161,0.04130307777484309,72.631,1.6743882821189822,0.04202329986864357
P3,loss,1.0,122,488.0,20,1.7694571553971072,0.29867168120751053,1.8033510658963408,0.048175410782164835,69.622,1.6742791569465219,0.048393325944357114
P3,loss,1.0,123,492.0,20,1.76256378242186,0.21245062459224895,1.8011177030069832,0.04618338203238523,68.10499999999999,1.6721983548435067,0.04670585939496397
P3,loss,1.0,124,496.0,20,1.8788967459476908,0.1669000508452593,1.802029841340607,0.045914523576643974,72.431,1.673196525251626,0.0448131312851711
P3,loss,1.0,125,500.0,20,1.726261213661306,0.2831133945992962,1.801098363652962,0.04441522695712784,67.85900000000001,1.6719030713611875,0.04315017473262232
P3,loss,1.0,126,504.0,20,1.737900021815495,0.2512902081446514,1.7985602695810798,0.045366400642243544,68.821,1.6699286089499368,0.04406909034073797
P3,loss,1.0,127,508.0,20,1.8480957925282202,0.19817005869867044,1.8012536398699925,0.04608420511582527,70.08,1.6719481561659055,0.044760991148209126
P3,loss,1.0,128,512.0,20,1.868365855233688,0.15367987082045564,1.8058349664105013,0.04779304530605865,73.425,1.677234449079927,0.046256708265468356
P3,loss,1.0,129,516.0,20,1.892711446345227,0.15111398318488425,1.8066750679842642,0.04582129732769642,74.785,1.678857582210855,0.044368898971244346
P3,loss,1.0,130,520.0,20,1.8868704645026195,0.2035723899486448,1.8115368480879641,0.04421710673253811,73.232,1.6837387622110889,0.04336426073913888
P3,loss,1.0,131,524.0,20,1.8126275559721718,0.2369652987555328,1.8119369019632123,0.04556070243699707,70.362,1.6842776158794048,0.04463330256004265
P3,loss,1.0,132,528.0,20,1.8952326133822854,0.22853021987405847,1.8218322678739771,0.04668806200791745,71.571,1.6941074360064134,0.045951333003847065
P3,loss,1.0,133,532.0,20,1.827298213952313,0.21933147680397472,1.8267474611903924,0.04339917932411221,70.334,1.698538356172286,0.04177994814726268
P3,loss,1.0,134,536.0,20,1.7943961792218748,0.21363459412117616,1.8296833577914309,0.04310305389406271,71.291,1.7009310039373182,0.0405439372369483
P3,loss,1.0,135,540.0,20,1.7961852171379646,0.24193122296560038,1.827602822409035,0.04802795110372258,70.959,1.6992340691757188,0.04517386623230751
P3,loss,1.0,136,544.0,20,1.7547068718213823,0.25047774597839473,1.8245494879753292,0.051586093664783075,70.07300000000001,1.6962441594704145,0.0494615265718182
P3,loss,1.0,137,548.0,20,1.8089410108728488,0.24269018559677236,1.8237995301004086,0.04961621692734615,67.721,1.6955708182535385,0.048945052019867034
P3,loss,1.0,138,552.0,20,1.806655678716562,0.2586046521337394,1.8221667764809042,0.05456156169432242,69.554,1.6931153538218247,0.05475719868131653
P3,loss,1.0,139,556.0,20,1.882199663834942,0.21004087970369073,1.8237697516972147,0.057293551193699006,72.486,1.6951331764256163,0.05618676568016467
P3,loss,1.0,140,560.0,20,1.9074801211233492,0.08635227803356399,1.8287207687828508,0.052864342735622356,73.873,1.700786728431066,0.052004581680973355
P3,loss,1.0,141,564.0,20,1.820695400087338,0.21168803449487103,1.8292486243502757,0.061262256202299324,71.424,1.7010160325240988,0.06009534221317832
P3,loss,1.0,142,568.0,20,1.791065326550203,0.19458555428415045,1.8283291884918427,0.06294056721490764,71.592,1.6998165656258313,0.06114477654745557
P3,loss,1.0,143,572.0,20,1.7399673244457752,0.24777369629360735,1.8213614549016384,0.06023438574469172,67.594,1.6936245692316956,0.0590296898151119
P3,loss,1.0,144,576.0,20,1.8196703947630746,0.2194749357643207,1.8185914921697504,0.05776339691173731,71.736,1.690215030710878,0.057395831035531295
P3,loss,1.0,145,580.0,20,1.7911166577924482,0.25131565741724093,1.819262447289153,0.05946433374733,70.217,1.6909294415985165,0.05872213540627372
P3,loss,1.0,146,584.0,20,1.8406518449277236,0.2188734684476216,1.8184005020982188,0.05711139755810069,71.69,1.6900154012187567,0.05624408691281754
P3,loss,1.0,147,588.0,20,1.8771956440390425,0.19720431494703944,1.8227100416438962,0.06215377414208557,73.623,1.695282674856519,0.061431390220715865
P3,loss,1.0,148,592.0,20,1.812929078546076,0.20093294901203823,1.824724653488865,0.06153104749975578,71.493,1.6980974936337172,0.060661460405241285
P3,loss,1.0,149,596.0,20,1.8445890536037908,0.13073257842543626,1.823352345795109,0.061406986811597807,73.366,1.6971299453812445,0.059782144566003614
P3,loss,1.0,150,600.0,20,1.8380953425663265,0.20475413421189376,1.8278257109513096,0.06187896629459509,71.236,1.7021493012254951,0.06098183764308817
P3,loss,1.0,151,604.0,20,1.781242100608699,0.24381215531967199,1.829559394103038,0.05903942801189028,68.949,1.7034719135029346,0.057379075088127736
P3,loss,1.0,152,608.0,20,1.7143729722129042,0.21822239867218512,1.8242104812904252,0.05545422628081265,67.705,1.6980492810834928,0.05441108681836442
P3,loss,1.0,153,612.0,20,1.787119462523485,0.20088513064803046,1.820960625582017,0.05267595859656744,68.536,1.694629482281448,0.05179036688945085
P3,loss,1.0,154,616.0,20,1.8393934255786015,0.2271213692073005,1.8188279047513523,0.05144159604770198,72.773,1.6918408897487651,0.05006305657863245
P3,loss,1.0,155,620.0,20,1.8258317043986694,0.23542281742595256,1.816386354347194,0.0536934442934727,70.357,1.689568299510153,0.05178771850945784
P3,loss,1.0,156,624.0,20,1.7685870045900771,0.2950886155493126,1.8146247322919102,0.05161639292922927,65.91499999999999,1.6874809661253298,0.050753970088694894
P3,loss,1.0,157,628.0,20,1.8522706263266595,0.25756703914030116,1.8129062528096853,0.053062305063665216,71.69500000000001,1.6860121503782317,0.05307635432955026
P3,loss,1.0,158,632.0,20,1.748884942541281,0.18425619965883056,1.8097697219532438,0.0539991603048042,70.134,1.6831027793769375,0.055281796506282906
P3,loss,1.0,159,636.0,20,1.8381781786439872,0.2709222995906359,1.8115210019301284,0.053649167130636964,70.269,1.6839486273827926,0.055688355438958635
P3,loss,1.0,160,640.0,20,1.6760936691837895,0.22756451087265658,1.8067173400119614,0.051617670183323396,63.541999999999994,1.677908855790544,0.053655268547633014
P3,loss,1.0,161,644.0,20,1.738618496948575,0.27034891799351507,1.8060738050170493,0.04901583157668995,68.30199999999999,1.6767335049653158,0.0516062957323362
P3,loss,1.0,162,648.0,20,1.8800238023540825,0.2263192731043568,1.8089171166762985,0.050777545899066204,71.689,1.679180903536102,0.05336903893225644
P3,loss,1.0,163,652.0,20,1.70151437228781,0.30299380080430355,1.8047114644191484,0.052519654743643916,65.962,1.6750797003218902,0.055980467260747444
P3,loss,1.0,164,656.0,20,1.8623268812611762,0.1827649494489545,1.8039165531161978,0.05315281163321175,72.282,1.6742661651182673,0.05602170065009197
P3,loss,1.0,165,660.0,20,1.8246935488348606,0.2020622567834934,1.8006050902246582,0.05591023644560246,72.751,1.6704522707730287,0.05863437294798194
P3,loss,1.0,166,664.0,20,1.7887879240803428,0.32582289078891974,1.7993287911843783,0.0587930307987246,67.518,1.6689208760265923,0.06267895635401519
P3,loss,1.0,167,668.0,20,1.846909680724299,0.1948438660667685,1.801562565351342,0.05384644495721333,72.784,1.6714027619369607,0.05829907350742003
P3,loss,1.0,168,672.0,20,1.8299237033629665,0.1646913970068697,1.8051608205080298,0.053879292976985724,73.82000000000001,1.6752686321997008,0.057307898375119626
P3,loss,1.0,169,676.0,20,1.8628282267503091,0.1893429789875421,1.8068871337875194,0.05329977398889706,73.317,1.6774190013508925,0.05672721913757366
P3,loss,1.0,170,680.0,20,1.8426007696233697,0.19326403611781162,1.8089464982607564,0.05233638964073594,73.682,1.6802568448722408,0.05564404519161411
P3,loss,1.0,171,684.0,20,1.8421950895714854,0.2365937937961747,1.8090082280465065,0.051839129798626316,73.054,1.680861357896481,0.05442734122563149
P3,loss,1.0,172,688.0,20,1.8255654927961633,0.22903864717528755,1.8069430219967917,0.048346335040348465,68.238,1.6783090333780641,0.05127630387646544
P3,loss,1.0,173,692.0,20,1.8080374238201955,0.2730718453263501,1.8067473558077563,0.05084311405376115,67.729,1.6773007443230175,0.05432884716352123
P3,loss,1.0,174,696.0,20,1.8759936900545437,0.22088796047475814,1.8080035412657864,0.04953760816030451,72.13,1.67835527432321,0.052915849448850014
P3,loss,1.0,175,700.0,20,1.863117633844631,0.16445644592125172,1.8090044329169186,0.05061739406732409,72.87,1.678716590185413,0.05278748463132987
P3,loss,1.0,176,704.0,20,1.8340075857290956,0.1865309667917183,1.8111150523217343,0.04864686269797538,70.735,1.6803900652549988,0.05026447310826008
P3,loss,1.0,177,708.0,20,1.853424827131843,0.2060731478627721,1.816677126518492,0.04740236798580976,72.62,1.6865237380032307,0.04907728761201897
P3,loss,1.0,178,712.0,20,1.8212315627206372,0.2446331913442409,1.8180416105263781,0.04894434112429121,71.182,1.6878230383587627,0.04904892806586333
P3,loss,1.0,179,716.0,20,1.8437054721749142,0.2681909267701502,1.8182140923902306,0.05018747872292607,69.32000000000001,1.6879069532283062,0.04920123843355959
P3,loss,1.0,180,720.0,20,1.7869803756674976,0.23592921296472172,1.8166600392409837,0.04936567625516454,70.426,1.6871336036486402,0.04844738614472102
P3,loss,1.0,181,724.0,20,1.8293581864809272,0.19794936492086898,1.8190908865166175,0.04721021059418158,71.096,1.6901350665476573,0.046525702736086735
P3,loss,1.0,182,728.0,20,1.8601759043547212,0.2272031319062991,1.8194070976377401,0.047268865793527425,70.96799999999999,1.6904691255735913,0.04552911593506103
P3,loss,1.0,183,732.0,20,1.808675524208486,0.28450642514675706,1.8217987209044284,0.04717551387265329,68.894,1.6925171896059286,0.04588938595338155
P3,loss,1.0,184,736.0,20,1.8390919825648702,0.23230350364221186,1.8218352730612637,0.044752073769965484,69.943,1.6930296858910618,0.04317160399686419
P3,loss,1.0,185,740.0,20,1.7660094857492132,0.3595766409074736,1.8254319057238806,0.04975756558958516,66.642,1.6965883982225871,0.048448932214712054
P3,loss,1.0,186,744.0,20,1.8084813522271026,0.23034372294715819,1.8282264199350216,0.05625523718768727,69.51599999999999,1.6993286961895486,0.055221571229692415
P3,loss,1.0,187,748.0,20,1.8723958760135733,0.16328901696384773,1.8279213028814012,0.04989939082137257,72.994,1.700304179239394,0.0492647582937023
P3,loss,1.0,188,752.0,20,1.8068468694322903,0.2510904541555235,1.8321346027671805,0.050388277401092675,68.963,1.704585094231226,0.04835689110240386
P3,loss,1.0,189,756.0,20,1.8096212438434631,0.20275601941269839,1.8300263772704721,0.05342993408223246,71.111,1.7026062531111343,0.05202533934197356
P3,loss,1.0,190,760.0,20,1.8041151627422078,0.22576701155208506,1.8292032418267659,0.05161582061969463,70.13300000000001,1.7015721502592545,0.05042898415326054
P3,loss,1.0,191,764.0,20,1.7113937092327767,0.26017888928407534,1.8261074732328635,0.056750009408381805,67.087,1.698459206290287,0.05734775729864053
P3,loss,1.0,192,768.0,20,1.866386146359392,0.2606298571068471,1.826886531858267,0.05440396763435683,70.183,1.6987986891267617,0.05476555302026532
P3,loss,1.0,193,772.0,20,1.8237529004703088,0.20298286029928952,1.826639699742561,0.052170602416594,72.622,1.6986758094166425,0.053488672813767485
P3,loss,1.0,194,776.0,20,1.899668206970981,0.19852360392680654,1.8281132989513875,0.04974827488053889,73.64,1.7006905364061211,0.04941077755872647
P3,loss,1.0,195,780.0,20,1.9015615007866518,0.12935654456670892,1.8304717281979186,0.04696077319749191,74.59299999999999,1.7026993019175258,0.04700164591876694
P3,loss,1.0,196,784.0,20,1.8461040258686119,0.21459345401698623,1.8306280856498038,0.05096909465047251,71.446,1.7030990116715319,0.05059785408354399
P3,loss,1.0,197,788.0,20,1.8721036122725525,0.20549770387219235,1.8324896104288595,0.049738606998540054,72.829,1.7053165116187199,0.04867196419012189
P3,loss,1.0,198,792.0,20,1.8719185076304856,0.20397916723665188,1.835044853781271,0.050966270398950776,72.021,1.7084905858040336,0.04795418150416668
P3,loss,1.0,199,796.0,20,1.8496836867534268,0.26869547665503685,1.8339924536492265,0.050130460342158206,70.4,1.706994626437638,0.046714277803605694
P3,loss,1.0,200,800.0,20,1.8734285502441597,0.17642146765835742,1.8344048903052077,0.05219251641934097,71.301,1.7073923191722535,0.048930198623292925
P3,loss,1.0,201,804.0,20,1.8470058216865186,0.17929899977523545,1.8349248197435046,0.056271540278940387,74.174,1.708145150835072,0.052914202639641306
P3,loss,1.0,202,808.0,20,1.8772668367987486,0.12301476119349426,1.8358785001301807,0.05586531749830171,72.824,1.7093213351017276,0.0522349119481012
P3,loss,1.0,203,812.0,20,1.8961208895123467,0.21055586846091162,1.8388740732018491,0.056108050003673374,72.50399999999999,1.7120882997926405,0.05249200345748224
P3,loss,1.0,204,816.0,20,1.829964190619545,0.2533130433473034,1.8383244219396342,0.05855319219496951,69.43499999999999,1.7118347685511188,0.053556252850214044
P3,loss,1.0,205,820.0,20,1.8261230128667922,0.3136397559008553,1.839890127427606,0.059711632938756615,68.94800000000001,1.712111027582805,0.055720292356494554
P3,loss,1.0,206,824.0,20,1.921627475181833,0.161727874435962,1.8435808989756424,0.061927410344631034,74.489,1.7159515663320832,0.056478160470181324
P3,loss,1.0,207,828.0,20,1.903146213806723,0.18271005145125077,1.8452997113537226,0.06195093065719789,73.50699999999999,1.717500642548756,0.05664517250980281
P3,loss,1.0,208,832.0,20,1.8821243798729754,0.17993024644920536,1.848237665580302,0.061300923657157745,72.58500000000001,1.72066441157099,0.056055883462476246
P3,loss,1.0,209,836.0,20,1.815192706640395,0.19020646029194585,1.847281694543323,0.05963074080264225,70.994,1.720513096509179,0.055562710730090906
P3,loss,1.0,210,840.0,20,1.8585709717338172,0.19595718425336436,1.8509841539827072,0.061305059705276964,72.639,1.7257633055605652,0.05583313755801361
P3,loss,1.0,211,844.0,20,1.8524950402122973,0.21883620513624738,1.852744701502115,0.06531945298861472,71.664,1.728320180032896,0.06046642206855653
P3,loss,1.0,212,848.0,20,1.932949187014709,0.24195219546524774,1.8551668339421603,0.06969061548502188,72.853,1.729806616663319,0.06456381819914639
P3,loss,1.0,213,852.0,20,1.9418068561984447,0.17620889717172974,1.8605652334128067,0.06844430236072989,74.751,1.7359246229627288,0.06353473531598597
P3,loss,1.0,214,856.0,20,1.8594862343190761,0.23832642857033512,1.8625598330318311,0.06677179804859779,71.459,1.7379069101140867,0.06146937345061236
P3,loss,1.0,215,860.0,20,1.8650095320815594,0.2102824441230761,1.8649956078054053,0.06939200273983256,69.777,1.7404272684365485,0.0651984269968756
P3,loss,1.0,216,864.0,20,1.9490337972717122,0.17371987242425949,1.8745012113269623,0.0687463960438422,74.572,1.7502355103440344,0.0638832280802928
P3,loss,1.0,217,868.0,20,1.788026100028181,0.2209423562460429,1.8713668094737141,0.06859804649550152,69.813,1.7473002290288098,0.06336395940705764
P3,loss,1.0,218,872.0,20,1.782385213781966,0.19701193744800793,1.8697121020061804,0.0740898476827841,70.958,1.7452725779503087,0.07039328475943149
P3,loss,1.0,219,876.0,20,1.8789982033288226,0.2359234940461524,1.868885301860494,0.07450589976605547,70.956,1.7440827152076228,0.07112614139440038
P3,loss,1.0,220,880.0,20,1.906059298679903,0.26062088130740296,1.8690652137762243,0.07725919469052948,72.27799999999999,1.744293666957807,0.07424279069641869
P3,loss,1.0,221,884.0,20,1.7874872420050447,0.23107614108870903,1.8667205424216813,0.07246649641736921,71.625,1.7415559795660165,0.07049825268181188
P3,loss,1.0,222,888.0,20,1.8731533909388716,0.22598098584398688,1.866762533568334,0.07352327606973258,72.09400000000001,1.7404932112713865,0.07104158231778554
P3,loss,1.0,223,892.0,20,1.8893245715524856,0.2761586569648864,1.8674587761252142,0.06960007076394402,71.083,1.740544446068308,0.06648027061510665
P3,loss,1.0,224,896.0,20,1.7629548722997215,0.2388509248518671,1.8639896235470659,0.06384416789433565,67.564,1.7378094373080593,0.061569008179551146
P3,loss,1.0,225,900.0,20,1.96207811896643,0.17404323300880084,1.867535606295957,0.06586796448419316,74.171,1.7418360201604162,0.06364664423436432
P3,loss,1.0,226,904.0,20,1.9185538645857112,0.16978365419616104,1.8703975280119245,0.06610965901814898,74.905,1.7450249982654165,0.06280489108060516
P3,loss,1.0,227,908.0,20,1.877715435946151,0.25216325024066055,1.8704154719778205,0.06607809730707374,70.834,1.7446946235556786,0.06268088656375352
P3,loss,1.0,228,912.0,20,1.883284155523669,0.319515721326879,1.8699020026182733,0.06508043142417946,69.894,1.7434677553342588,0.06185633198707886
P3,loss,1.0,229,916.0,20,1.8961158185340228,0.15456384223888678,1.8725480677348525,0.06240641247987511,73.015,1.7457000594575636,0.05925056019526366
P3,loss,1.0,230,920.0,20,1.871229995636434,0.29925101933971415,1.874352347045638,0.06689979284207825,70.60900000000001,1.7479379135226172,0.06384864141198496
P3,loss,1.0,231,924.0,20,1.9099981329773659,0.2307046645547357,1.8738871733574594,0.06890741374990411,73.486,1.7471548919296271,0.06543954023160506
P3,loss,1.0,232,928.0,20,1.9466200003813015,0.19508317272123432,1.8756261248204429,0.06544278784269374,72.873,1.7489023793470853,0.06228800143643723
P3,loss,1.0,233,932.0,20,1.8840317197939342,0.21607014211970405,1.875702418417281,0.06769899498702303,71.846,1.7491824494571155,0.0651347049691946
P3,loss,1.0,234,936.0,20,1.9061570026619385,0.23912402507997932,1.8793409902581426,0.07131701278628046,71.111,1.7525544925861305,0.06923483011002325
P3,loss,1.0,235,940.0,20,1.8825052529076445,0.2447132365899358,1.8802983615050959,0.06909463690551294,72.63300000000001,1.7529373682303935,0.06726151214324656
P3,loss,1.0,236,944.0,20,1.8928895675269561,0.20705407275111468,1.8819141425976824,0.07212486325901314,72.00399999999999,1.7542716697575371,0.06930706814735582
P3,loss,1.0,237,948.0,20,1.8953429922020781,0.21232838774157578,1.880409894805177,0.07487144564743883,71.942,1.7532442455553063,0.07149957923707773
P3,loss,1.0,238,952.0,20,1.8385869275670164,0.20009246793830326,1.8762810976599198,0.07414542352076628,70.68299999999999,1.7491734411674211,0.07106688417692542
P3,loss,1.0,239,956.0,20,1.9209342825575555,0.17875021844386366,1.878739019589459,0.07176988313632691,72.256,1.7512048757715593,0.06950740212771582
P3,loss,1.0,240,960.0,20,1.8916790746819871,0.2261285030587643,1.879805801293476,0.07455801134187448,72.14099999999999,1.7521243217280336,0.07237799376663272
P3,loss,1.0,241,964.0,20,1.906987424291564,0.2827248370593823,1.8781239463742705,0.07455162265995285,69.67999999999999,1.7500051155413678,0.07306770304439639
P3,loss,1.0,242,968.0,20,1.9180386658785995,0.26320298667021447,1.883324449008287,0.07539377738143277,71.819,1.755215033591836,0.0753498679057882
P3,loss,1.0,243,972.0,20,1.9418879816280614,0.11665977176002754,1.8897045597221307,0.07371140077274807,75.297,1.7622426869854522,0.07337630491145002
P3,loss,1.0,244,976.0,20,1.9720720193142092,0.15976624130522282,1.8934275123615465,0.0744592882286301,75.749,1.766300766370858,0.07421343249231925
P3,loss,1.0,245,980.0,20,1.844917850770413,0.19274430865777978,1.8909818544451666,0.0759909184885745,71.51899999999999,1.7637317251125233,0.07606068535784723
P3,loss,1.0,246,984.0,20,1.9288642767007649,0.18222901941033492,1.8966369358329955,0.07947065531952695,71.304,1.769728710276865,0.07869940906692478
P3,loss,1.0,247,988.0,20,1.885939892063026,0.20202356888930173,1.8971483958779616,0.08033702061344025,73.05499999999999,1.7708961454899637,0.07958088269190575
P3,loss,1.0,248,992.0,20,1.9749055514002554,0.1677014201489621,1.9005716350718724,0.08185212968840866,73.837,1.7745768083776148,0.08192527987088996
P3,loss,1.0,249,996.0,20,1.9525918269697748,0.18026690355546246,1.9081571132586745,0.08234092809897937,72.523,1.7824361096373604,0.08210716612468665
P3,loss,1.0,250,1000.0,20,1.888927434909513,0.20825678757418115,1.9052310858963977,0.0854854372307655,74.783,1.779343553563237,0.08507892314955597
P3,loss,1.0,251,1004.0,20,1.9814090560421562,0.18366766907808788,1.9077452935546557,0.08466915285398433,74.047,1.781477833647775,0.08372628522992143
P3,loss,1.0,252,1008.0,20,1.8678616991831674,0.20170771319280684,1.9073511440841364,0.08152829884310189,73.062,1.780687771088792,0.08056083875793545
P3,loss,1.0,253,1012.0,20,1.904271300036831,0.2741978598588209,1.908190629864663,0.0806399838796274,72.958,1.7832679190524536,0.0789145238444009
P3,loss,1.0,254,1016.0,20,1.9066993762382278,0.18657804084071516,1.9086139721728308,0.08309839127770287,73.955,1.78414170109161,0.08119367100681524
P3,loss,1.0,255,1020.0,20,1.9138506837537985,0.2577399432340416,1.9103187996975255,0.08173731530947904,71.525,1.785921024218995,0.07991509361509129
P3,loss,1.0,256,1024.0,20,1.9799256517985337,0.21685442049268042,1.9131159004503722,0.07680361417986346,73.454,1.7888088130215052,0.07547811276365617
P3,loss,1.0,257,1028.0,20,1.9798650646861513,0.15074420752067572,1.9144457030225663,0.07992936284200536,75.563,1.790732614559038,0.07869729214866887
P3,loss,1.0,258,1032.0,20,1.9358281424681025,0.21217797827304466,1.9165175599295332,0.07857077481580765,72.1,1.7921493757598488,0.07728435188995103
P3,loss,1.0,259,1036.0,20,1.8508438420946771,0.25262061942428105,1.9143050335068428,0.07505364329534774,71.324,1.7903469372833558,0.07249885451706567
P3,loss,1.0,260,1040.0,20,1.8969469606785367,0.16870323557524647,1.9148827018176782,0.0750069144630293,71.497,1.791108309681103,0.07171797778818935
P3,loss,1.0,261,1044.0,20,1.9070686086172413,0.23520033364450135,1.9154498634612895,0.07391363356218195,69.578,1.7915233761358889,0.07104077123117605
P3,loss,1.0,262,1048.0,20,1.9040278581001975,0.20302832010890706,1.9157972580972147,0.0707860397333241,72.951,1.7916962751691234,0.06803898938120523
P3,loss,1.0,263,1052.0,20,1.8273761696271833,0.3214495456152357,1.9153488277796211,0.07422449569915104,67.291,1.7905755737703093,0.07318105427705629
P3,loss,1.0,264,1056.0,20,1.9051015328769174,0.2532503173603988,1.9147155177923956,0.07984047901194587,72.38,1.7907268473319715,0.07838521381196203
P3,loss,1.0,265,1060.0,20,1.9115992365531642,0.1746586817544666,1.9155123242672427,0.08032015794735137,74.138,1.7925123242672427,0.07800878229121865
P3,loss,1.0,266,1064.0,20,1.9725964614729599,0.16380077745952248,1.9181366857544986,0.080600977922046,74.525,1.7953733644922116,0.07735811567362041
P3,loss,1.0,267,1068.0,20,1.953648240652417,0.19653062906957589,1.9195610687454512,0.08161426164388941,75.768,1.7966250108044268,0.07702773935796534
P3,loss,1.0,268,1072.0,20,1.9181125039452098,0.18781310683768002,1.918610049638137,0.08517921439967172,73.25800000000001,1.7954195685207028,0.08004569893478158
P3,loss,1.0,269,1076.0,20,1.92509885402004,0.2214924931591483,1.9167311230263704,0.08306045524805664,71.675,1.793013378587674,0.07859792528485351
P3,loss,1.0,270,1080.0,20,1.9452544771321114,0.19117645796596605,1.9207445880808383,0.08227116721827527,74.748,1.7971006667150857,0.07788414638402047
P3,loss,1.0,271,1084.0,20,1.992136669136412,0.13771140615842262,1.9232754837782644,0.0820718534472113,75.30199999999999,1.7989920900896972,0.077432247942336
P3,loss,1.0,272,1088.0,20,1.896536211275753,0.21274932688637938,1.9236993365467732,0.08418690445134604,73.15,1.7992926629823658,0.08008362157733444
P3,loss,1.0,273,1092.0,20,1.9385564106781668,0.2347151671502884,1.92224537091789,0.0860990923603967,72.815,1.797890585610078,0.08230505777541489
P3,loss,1.0,274,1096.0,20,1.879296052756502,0.2535478785919708,1.9193135399493588,0.08822454699205809,70.862,1.7940066594527213,0.08491882450969483
P3,loss,1.0,275,1100.0,20,2.003252908747638,0.15879669815783468,1.9238865589028837,0.09151571171974235,75.099,1.7985989748366655,0.0886921887253653
P3,loss,1.0,276,1104.0,20,1.9306192549509682,0.27196494317150266,1.9218549668592364,0.09401740678255459,70.699,1.7965417749295933,0.09171187594040771
P3,loss,1.0,277,1108.0,20,1.965036212180434,0.14761087954622293,1.925741947379127,0.09323853320045034,74.217,1.801359795283938,0.09055449707788095
P3,loss,1.0,278,1112.0,20,1.8801985720436973,0.26645831825033633,1.9247790382594014,0.09076795058609055,71.477,1.800153430395977,0.08767203922318964
P3,loss,1.0,279,1116.0,20,1.9719026879667805,0.15450911783894924,1.9273871707285437,0.09012566377181322,73.39099999999999,1.8032886192541515,0.08648179224724975
P3,loss,1.0,280,1120.0,20,1.9567836153557447,0.18436290128815822,1.9291044879926216,0.08820072783745059,73.693,1.8056617047541323,0.08529500367838412
P3,loss,1.0,281,1124.0,20,1.9599022163910256,0.2307340426812146,1.9283035505763213,0.09203711804768175,73.416,1.8047631987915307,0.08829277256504971
P3,loss,1.0,282,1128.0,20,1.892170337678045,0.24361667082214927,1.924795761495997,0.09125167941365638,71.197,1.8010916745844603,0.08740415354943701
P3,loss,1.0,283,1132.0,20,1.8775249237911524,0.25951088992372134,1.922463632748919,0.0956056612556932,71.167,1.7993688577877187,0.09128869700529867
P3,loss,1.0,284,1136.0,20,1.8918256693460045,0.2445655881780486,1.924102905838972,0.09802954960352317,73.308,1.8010267547784444,0.09442480223531627
P3,loss,1.0,285,1140.0,20,1.9535508627978213,0.17976276248349393,1.9263670619237434,0.09911557663103507,75.289,1.8030894623376077,0.09540325122771472
P3,loss,1.0,286,1144.0,20,2.004789901595892,0.13887569517249404,1.9302759136428898,0.09905619656068532,74.892,1.8066419767572195,0.09545046370144732
P3,loss,1.0,287,1148.0,20,2.0201976506462573,0.12611211525343097,1.9349227053447318,0.10031371054425049,75.071,1.8101624880658906,0.09688692002900089
P3,loss,1.0,288,1152.0,20,2.025991714319981,0.18850201740202063,1.942867327132444,0.10137021937020504,73.321,1.8178407880739855,0.09770555196583709
P3,loss,1.0,289,1156.0,20,1.9995131905709527,0.18184593300755192,1.9466437934402052,0.09976863092116522,73.239,1.820878558054794,0.09622936408006169
P3,loss,1.0,290,1160.0,20,2.040083548163327,0.15080695247081052,1.9517831659046116,0.100809692751613,75.363,1.825216171595248,0.09685718084323655
P3,loss,1.0,291,1164.0,20,1.933205888985762,0.21791571404430432,1.9502075430051238,0.10225654040869729,71.024,1.8236574136724801,0.09926629540601764
P3,loss,1.0,292,1168.0,20,1.9504123702420564,0.20860333899418665,1.9500781081887095,0.10153398894188624,72.838,1.8238008190009183,0.0986079311094999
P3,loss,1.0,293,1172.0,20,1.9588479548640627,0.18167836456714198,1.9517075262254635,0.10254305740748738,75.199,1.8252271330542271,0.09951933718436022
P3,loss,1.0,294,1176.0,20,1.9517121172745895,0.15449726671721842,1.9527720567556455,0.10475191794252703,74.562,1.826629014851869,0.1014993335111499
P3,loss,1.0,295,1180.0,20,1.9568379580085462,0.18572723970245641,1.9532353959907027,0.10442734957997955,74.326,1.8267412418261917,0.10118728165087101
P3,loss,1.0,296,1184.0,20,1.9247544725152346,0.23403056201638378,1.9505401081258558,0.1060631428903896,74.10900000000001,1.8245893062634657,0.10255512988876925
P3,loss,1.0,297,1188.0,20,1.896288471704373,0.24608391024243575,1.9505301985430006,0.10323815853136721,70.20700000000001,1.8246559098725403,0.10048961260087393
P3,loss,1.0,298,1192.0,20,1.9878089731132984,0.16478548860871592,1.952500301040406,0.101108195626205,74.964,1.8263261158360602,0.09787093285932111
P3,loss,1.0,299,1196.0,20,1.9880751117571314,0.17829833568281356,1.9568514634004308,0.10165057279444309,75.063,1.8309923325157957,0.09776029181441491
P3,loss,1.0,300,1200.0,20,1.9742202815854941,0.17183988733985053,1.9556901583139452,0.09978049592105102,74.126,1.8300519793175667,0.09581568291781897
P3,loss,1.0,301,1204.0,20,1.937017724240611,0.26661846053351784,1.955946097085531,0.09820079693133119,72.67999999999999,1.8306018135883764,0.09451701433834414
P3,loss,1.0,302,1208.0,20,2.017879063647885,0.13370422497393586,1.9580598111442291,0.09718840418149728,74.953,1.831996903746402,0.09328449637590305
P3,loss,1.0,303,1212.0,20,1.9273250928639896,0.2070961212993166,1.9599448719770407,0.09851938342296603,73.987,1.8334742046205998,0.09472424387830393
P3,loss,1.0,304,1216.0,20,1.9144833512580326,0.25007949125182005,1.9576480985086906,0.09955385316661708,72.288,1.83007422370269,0.09695466725212967
P3,loss,1.0,305,1220.0,20,1.9541517450990267,0.24558621311599987,1.957542823698422,0.09921036279356613,72.14399999999999,1.829011525198681,0.09629739632368493
P3,loss,1.0,306,1224.0,20,1.9653469341319951,0.23616279618965594,1.957760612408061,0.09999155226041928,72.154,1.8286561633651224,0.09811302738909457
P3,loss,1.0,307,1228.0,20,1.9039100648531335,0.242904224734595,1.958230201495064,0.09927852668705976,69.606,1.8289085770770612,0.09804140226497092
P3,loss,1.0,308,1232.0,20,1.9864038350737527,0.21895166891684423,1.9625853579463683,0.09869636234613437,73.62,1.8335212606882205,0.09704298211656665
P3,loss,1.0,309,1236.0,20,1.9412153203272673,0.17822412749712063,1.9645609439856186,0.09432052357105444,74.83099999999999,1.8348185746115888,0.09380705036859817
P3,loss,1.0,310,1240.0,20,1.9831537309870466,0.24160935284152807,1.965745058713188,0.09395073979221195,73.774,1.8354600095667835,0.09298206070120534
P3,loss,1.0,311,1244.0,20,1.9731905753925254,0.2214729148616115,1.9644810856650534,0.096347175243133,72.993,1.834615332949068,0.09550194896093343
P3,loss,1.0,312,1248.0,20,1.9867261667515668,0.15980748320077998,1.9631422263092655,0.09964289009855212,75.80199999999999,1.8344820090304244,0.09791983167585504
P3,loss,1.0,313,1252.0,20,2.043479197592732,0.15467757672178392,1.9638417256401755,0.09943733502318343,75.55499999999999,1.8354729724068595,0.096864069909208
P3,loss,1.0,314,1256.0,20,2.014944100161072,0.16880518695272304,1.9644589620237807,0.09820814165930046,75.026,1.8365275600579243,0.09518100908489106
P3,loss,1.0,315,1260.0,20,1.9303589819524647,0.18790367918850948,1.960069979375346,0.09595818076943305,72.465,1.8323634092770533,0.09389143732073886
P3,loss,1.0,316,1264.0,20,2.0090358242659607,0.21460643251121667,1.963103176786554,0.09617040915744685,72.971,1.8348097986179042,0.09391386761462488
P3,loss,1.0,317,1268.0,20,1.9826068035360032,0.1765025612573457,1.9643909541183118,0.09450820506122767,75.10499999999999,1.836180607506827,0.09223807445592792
P3,loss,1.0,318,1272.0,20,2.0162836938877198,0.1448870354852576,1.9666883836792581,0.09110910749364276,75.37,1.8382340122359058,0.08876956192110586
P3,loss,1.0,319,1276.0,20,1.97651402689,0.21034726222929967,1.9676804600638746,0.09337326284371131,72.786,1.8391662334730827,0.09119405152904193
P3,loss,1.0,320,1280.0,20,2.026699338915969,0.15986448278716495,1.9704749153001715,0.09591831896853083,74.51599999999999,1.8421442893301765,0.09331571064153438
P3,loss,1.0,321,1284.0,20,2.0203418139220064,0.20657339248082077,1.9742984089564424,0.09515194837178577,72.971,1.8456878554127278,0.09254034742787491
P3,loss,1.0,322,1288.0,20,2.0809539512544726,0.13862827466395372,1.9816850281384462,0.09730492676159821,74.925,1.8529182407613125,0.09372837763922337
P3,loss,1.0,323,1292.0,20,2.024967573391585,0.17692638898704258,1.9831713721495778,0.09844846494122673,74.142,1.854913793256665,0.09473976055828623
P3,loss,1.0,324,1296.0,20,2.058389497933295,0.14881646207987687,1.9859839475966243,0.097150360698624,75.878,1.8575487691175763,0.09311807028450131
P3,loss,1.0,325,1300.0,20,2.007817110625953,0.2048587952224177,1.9873278207582428,0.0981024205577652,75.09700000000001,1.8585856583164422,0.09417969097001488
P3,loss,1.0,326,1304.0,20,1.985990354411036,0.15580781730912246,1.9892867259650597,0.09340474891795995,75.979,1.8606407870100672,0.0902256591230198
P3,loss,1.0,327,1308.0,20,2.0129478760536728,0.14361701529013607,1.9890894784612911,0.09058561588483482,76.236,1.8600536274524966,0.08802022563698056
P3,loss,1.0,328,1312.0,20,1.9906697504984294,0.15702266713259386,1.991623264766669,0.09074047167824652,75.339,1.8632286450046407,0.08797916317391416
P3,loss,1.0,329,1316.0,20,2.04627318472578,0.12714260746109013,1.9968948581053787,0.08877088216350408,74.727,1.8691740614162942,0.08574672981347117
P3,loss,1.0,330,1320.0,20,1.997567582014763,0.17056419296136127,1.998631491582008,0.08564558395755784,74.892,1.8715031418665398,0.08339965709561217
P3,loss,1.0,331,1324.0,20,2.062746275999694,0.13184727780359543,2.002527465256716,0.08428637757405544,75.84400000000001,1.8754599536167782,0.08132668016457333
P3,loss,1.0,332,1328.0,20,2.001550191691529,0.14762754774907783,2.0064330703302518,0.08637546861662862,75.37899999999999,1.8791356052500656,0.08254485997317071
P3,loss,1.0,333,1332.0,20,1.964097155712043,0.27585035126178453,2.0055408031557835,0.0885368705378664,71.813,1.8777370266425915,0.08549394233969286
P3,loss,1.0,334,1336.0,20,1.933306160650746,0.1806936185206032,2.0052244367687226,0.0871931762407549,75.03099999999999,1.877567220007212,0.08377916215721554
P3,loss,1.0,335,1340.0,20,1.9413942251011729,0.21569280778760955,2.0035540565332877,0.08441548122361793,73.416,1.8766906318048862,0.0815042184581084
P3,loss,1.0,336,1344.0,20,2.0008819927541808,0.16851081218057157,2.0046617132277538,0.08121522153601393,74.497,1.8775237928966622,0.07746240513837149
P3,loss,1.0,337,1348.0,20,2.0352644775279005,0.14417933515865472,2.006603245658807,0.07946961427644789,75.283,1.878745821965067,0.0759156202046532
P3,loss,1.0,338,1352.0,20,1.9929966575897466,0.19929786785867562,2.004583944058688,0.08010530208637548,72.85,1.8767498002407883,0.07618121082536093
P3,loss,1.0,339,1356.0,20,2.0024791613437385,0.21874633425849313,2.0040853465059945,0.07995456752493346,73.836,1.8754990040331543,0.07721344875607487
P3,loss,1.0,340,1360.0,20,2.0088965744839586,0.22845354596125367,2.007226850207254,0.08189250432623686,73.394,1.878216451862712,0.07889821485047667
P3,loss,1.0,341,1364.0,20,1.9649402838015284,0.21547908366921512,2.005463028588677,0.08214376941847844,72.63300000000001,1.8772861015322877,0.07885436249946709
P3,loss,1.0,342,1368.0,20,2.0385048512460284,0.16377186712272443,2.007698950497078,0.07980830344500753,74.95,1.87933666389594,0.07778455144966251
P3,loss,1.0,343,1372.0,20,1.9771589650799997,0.2400346222922383,2.006133961344769,0.08117727081635305,71.76,1.8770884362542362,0.07925341986565322
P3,loss,1.0,344,1376.0,20,2.0661438718616822,0.13442422226752324,2.009719155143636,0.07985691462615721,76.205,1.8801474531260471,0.07765309462842927
P3,loss,1.0,345,1380.0,20,1.97439988899766,0.21725270683804743,2.007627177146904,0.07763977986489312,71.525,1.8783538196714773,0.07573097339256625
P3,loss,1.0,346,1384.0,20,2.009674977931462,0.24066536567063243,2.007200503707282,0.07827623748758288,72.546,1.8775767065008673,0.07648144571892573
P3,loss,1.0,347,1388.0,20,2.00277464444673,0.19331381687119512,2.004073331434973,0.08041686521841859,74.61,1.8743564147251948,0.07832622174244261
P3,loss,1.0,348,1392.0,20,2.0206398725279278,0.13894138957055754,2.003900223400426,0.07934147515967394,75.479,1.8737275384547458,0.07689930501677551
P3,loss,1.0,349,1396.0,20,2.052791245891581,0.14364348637749477,2.0036762933187577,0.07996018160929633,75.672,1.8739717925427617,0.07731904492714106
P3,loss,1.0,350,1400.0,20,2.003549714345512,0.1272810386998677,2.00350559746754,0.07794879103511969,75.346,1.8739391204887508,0.07585616215206988
P3,loss,1.0,351,1404.0,20,1.9726340918324663,0.17466676048542581,2.0029713469643973,0.0790141318592173,74.685,1.8734319263746404,0.0759541578709939
P3,loss,1.0,352,1408.0,20,2.0798244029697117,0.08408989054358607,2.0056464080410388,0.07857715784963099,75.24199999999999,1.8760388032815976,0.0763942230148282
P3,loss,1.0,353,1412.0,20,2.083257476618239,0.11948202865125239,2.009349917085831,0.07814364414418652,75.92999999999999,1.8789741281567054,0.07597533449309311
P3,loss,1.0,354,1416.0,20,2.0160145400610454,0.22892113529433797,2.0081395712992416,0.07761059594912123,72.782,1.87746290290814,0.0750389665124066
P3,loss,1.0,355,1420.0,20,2.066940954724214,0.15341117886056524,2.01091450620762,0.07769707474794046,75.67999999999999,1.8794556857213292,0.07506169354249333
P3,loss,1.0,356,1424.0,20,2.0642191674259314,0.14374350373840072,2.0109734218646693,0.07750168200900752,73.926,1.879664834177137,0.07579624399148556
P3,loss,1.0,357,1428.0,20,2.06646675174773,0.08613660743043808,2.0135700842669175,0.07657571823289867,75.94,1.882211832844258,0.07523318495814249
P3,loss,1.0,358,1432.0,20,2.037585431184792,0.16200361567676522,2.0165096152858277,0.07685706397487789,74.514,1.885368539238233,0.07419278855137587
P3,loss,1.0,359,1436.0,20,2.0252755290310023,0.13881822910674582,2.020188390021038,0.07727065237295516,75.053,1.8885449859858592,0.07516208627480335
P3,loss,1.0,360,1440.0,20,1.9897415930894056,0.19332544127364298,2.022122284740567,0.08026042272116464,73.663,1.8904425123660196,0.07760649574163822
P3,loss,1.0,361,1444.0,20,2.0145251248723333,0.1663534815857918,2.022668010025293,0.08072290804375384,75.001,1.890861181261713,0.0780348754927859
P3,loss,1.0,362,1448.0,20,2.0293059746937594,0.1941819809286442,2.0224296699119275,0.08049163191528293,74.751,1.8907941293014772,0.0776398253803817
P3,loss,1.0,363,1452.0,20,2.0077048089503613,0.16708967655388088,2.023017995966352,0.07831516761687747,73.955,1.8915350161422446,0.07536283079560797
P3,loss,1.0,364,1456.0,20,1.9839537547801538,0.2487198022913265,2.0222769797038085,0.07720223020891437,71.353,1.8910800319541967,0.07420387297282992
P3,loss,1.0,365,1460.0,20,2.067228998370987,0.12091715530735335,2.0246102766592897,0.07628075827139794,74.866,1.8937877210462528,0.0738026727048343
P3,loss,1.0,366,1464.0,20,2.0257454627566855,0.16352023980499072,2.027042483817496,0.07753329048858985,75.685,1.8958176002168752,0.07477137191575929
P3,loss,1.0,367,1468.0,20,2.0146476590227342,0.17684304530969958,2.0260881961285646,0.08074635470143057,75.494,1.8954090962837633,0.07696020207625774
P3,loss,1.0,368,1472.0,20,1.9429409662864365,0.2584180210980787,2.0247194761768217,0.0828894899583195,72.547,1.8948699676408673,0.07930883581884844
P3,loss,1.0,369,1476.0,20,2.0747391020038837,0.11375965464342608,2.02506328538251,0.08295385045041948,75.44,1.895275856515464,0.07929818388696663
P3,loss,1.0,370,1480.0,20,2.0639035900587976,0.2080920581094506,2.0286434334249552,0.08627532003191203,74.09400000000001,1.898075507920558,0.08277406642344487
P3,loss,1.0,371,1484.0,20,2.0594808186272955,0.16048017056238445,2.0306356670527888,0.08681861617994974,75.384,1.9005795884185415,0.08344952174243342
P3,loss,1.0,372,1488.0,20,2.060390564495294,0.1521306976672539,2.032940303854731,0.08687933893755745,75.075,1.9032269049928583,0.08289145152874527
P3,loss,1.0,373,1492.0,20,1.9697892219585587,0.231248719954493,2.0309062778319564,0.08923785750645115,74.045,1.9011363347383194,0.08488784045367918
P3,loss,1.0,374,1496.0,20,2.0444856511504352,0.1705174105570028,2.0305740540423107,0.08617312396767562,74.148,1.8999768476274117,0.08235543516073969
P3,loss,1.0,375,1500.0,20,2.1077392414799694,0.09674249904372212,2.0347416351276886,0.08657927052884874,76.685,1.9037910919305858,0.08229488242484947
P3,loss,1.0,376,1504.0,20,2.0015155170596373,0.19838782357752005,2.0358968921367757,0.08882788318372244,73.837,1.9045509014487263,0.08502631862727528
P3,loss,1.0,377,1508.0,20,2.062383882323732,0.10009246610434795,2.0351992713109364,0.08968903708986764,75.45899999999999,1.9046509526353028,0.08559037853725324
P3,loss,1.0,378,1512.0,20,2.07223427642442,0.15008315087177473,2.0347583433031837,0.08735242645535785,76.091,1.9046603608924233,0.08304242624075926
P3,loss,1.0,379,1516.0,20,2.079636215544111,0.17843170784184467,2.0373032103225066,0.08865599712616683,74.941,1.906985931481327,0.08447596071774117
P3,loss,1.0,380,1520.0,20,2.1027088309245054,0.11351377456594137,2.0387339253705177,0.08669734748254027,75.862,1.9086522388728462,0.08262158080307667
P3,loss,1.0,381,1524.0,20,2.074555113624513,0.1181640479227644,2.0391473632184614,0.08643850594165434,75.995,1.9098735401455176,0.08179101360285888
P3,loss,1.0,382,1528.0,20,2.0724613478518523,0.11351034136379516,2.039387147062626,0.08730574187603833,74.675,1.909970644217308,0.08233740127786145
P3,loss,1.0,383,1532.0,20,2.076464951391063,0.13598399865725813,2.0409423278708774,0.08719730781131096,76.24600000000001,1.911173936768963,0.0823204303519954
P3,loss,1.0,384,1536.0,20,2.0857960560664326,0.12039418069598479,2.0433631489522943,0.08722516247445676,75.962,1.913605621792439,0.08253391876516263
P3,loss,1.0,385,1540.0,20,2.0910597860224764,0.16270554988132307,2.047415876669617,0.08560241950230299,74.994,1.9170582460436472,0.08077437175634508
P3,loss,1.0,386,1544.0,20,2.054874777395092,0.11760145072838069,2.0490298627705275,0.08587180307188608,75.684,1.9191482797389703,0.08100990994174563
P3,loss,1.0,387,1548.0,20,2.0609354984352963,0.1425224097668281,2.050295043720189,0.08703189940280635,75.864,1.9206351885727497,0.08241090695907059
P3,loss,1.0,388,1552.0,20,2.0626986476312865,0.1790443945707497,2.0524947972674257,0.08843520110851409,75.15299999999999,1.922557549466081,0.08479744765837134
P3,loss,1.0,389,1556.0,20,2.041952723470664,0.19517557451015013,2.0548147560150465,0.08888969071473678,74.358,1.9254064269928013,0.08512033832848856
P3,loss,1.0,390,1560.0,20,2.098029347682293,0.1072125314477256,2.056046769987499,0.08823653881929473,75.637,1.9265896566921028,0.08414056652509723
P3,loss,1.0,391,1564.0,20,2.0654517912771433,0.14872832886658138,2.057635023128317,0.08568159576192427,75.946,1.9279554059529418,0.08218979011473747
P3,loss,1.0,392,1568.0,20,2.0389810944447975,0.15320195381741697,2.0586083605451995,0.08364628115392331,76.17699999999999,1.9284125509228507,0.0800967302157989
P3,loss,1.0,393,1572.0,20,2.0425643582378825,0.23964247293295735,2.062593296223257,0.08350871857550428,74.27000000000001,1.931861014795425,0.08026135939873338
P3,loss,1.0,394,1576.0,20,2.042375056252122,0.14904975388487063,2.061298734393187,0.08236319588243864,76.015,1.9307082532757527,0.07926055197401033
P3,loss,1.0,395,1580.0,20,2.0210441410439683,0.1787837733888091,2.0595843564325937,0.08451503177300658,75.561,1.9295506264791533,0.08073807162117075
P3,loss,1.0,396,1584.0,20,2.031193623058752,0.2228283197855525,2.058452868609852,0.08427829383289877,73.072,1.9280973073061787,0.08069364763021344
P3,loss,1.0,397,1588.0,20,2.0391934161939558,0.15334841734350957,2.0576049826777982,0.08433799517424682,75.938,1.9276254689685381,0.08136791240766089
P3,loss,1.0,398,1592.0,20,2.0354512091016477,0.18497215111034127,2.060231462163522,0.08155929563377085,74.94,1.9303053887025805,0.07818942546649575
P3,loss,1.0,399,1596.0,20,2.0792807133498155,0.15394499193416628,2.061623264651497,0.0851636038424809,76.209,1.9324997261103694,0.08180913450015505
P3,loss,1.0,400,1600.0,20,2.1022567649131405,0.09343510103322863,2.0614039655888243,0.08297229567886469,75.676,1.9320152433953424,0.08046325644674143
P3,loss,1.0,401,1604.0,20,2.0864182003043843,0.12061177139165914,2.0648000729186142,0.08098626469442434,76.013,1.935478086369209,0.07858138707906755
P3,loss,1.0,402,1608.0,20,2.0107639422071966,0.18339787317417558,2.0627352753139525,0.08013970559648241,74.021,1.9331954408597363,0.07727954444459757
P3,loss,1.0,403,1612.0,20,2.0378090081905467,0.1803321494743476,2.0613582645845976,0.07935352743256313,73.549,1.9314741983662842,0.07660684921202825
P3,loss,1.0,404,1616.0,20,2.0577712821635417,0.11013505410659345,2.0604836672493745,0.0769614054016959,75.442,1.9311197769234565,0.07422798203882779
P3,loss,1.0,405,1620.0,20,2.056825451062534,0.14398303656271227,2.058648332054896,0.07762878462091358,75.18100000000001,1.9299487459193554,0.0754170763284976
P3,loss,1.0,406,1624.0,20,2.0536175188583567,0.18194070552437347,2.0578108282642495,0.08102771829321795,75.683,1.9284126906543169,0.07876412778332754
P3,loss,1.0,407,1628.0,20,2.0922127110356756,0.11435579206805548,2.0586008827916027,0.08232087359851739,76.36,1.9293725848091916,0.07996733319120673
P3,loss,1.0,408,1632.0,20,2.0924169127649015,0.12962482084503701,2.059238961246556,0.08205502955732208,75.941,1.9303067832848384,0.0791665800874116
P3,loss,1.0,409,1636.0,20,2.0877509920409985,0.2016191638774184,2.0593171586855386,0.0826378050456059,74.862,1.9300112611169926,0.0801341196818796
P3,loss,1.0,410,1640.0,20,2.0606104035165798,0.21211355816049057,2.058099183385303,0.0837315400055351,73.49199999999999,1.9289042532249305,0.0807161530380686
P3,loss,1.0,411,1644.0,20,2.114711650021941,0.11485849873210698,2.060492658290377,0.08348043687231561,76.197,1.93075825580719,0.0805051748229348
P3,loss,1.0,412,1648.0,20,2.0621916023605484,0.1443595069254261,2.060542902447387,0.0825861511980311,74.89099999999999,1.9310100519559228,0.079635029340036
P3,loss,1.0,413,1652.0,20,2.008995480856979,0.21989596520725427,2.0583947757764145,0.0815259561143066,74.227,1.9292680297857268,0.07890215645564032
P3,loss,1.0,414,1656.0,20,2.0185877175603943,0.19262787031260495,2.0574601755400037,0.07899195789904688,74.481,1.9286396375162067,0.07600911698209072
P3,loss,1.0,415,1660.0,20,2.069686516084438,0.11976123716336037,2.0563264622760897,0.07717906309118737,75.035,1.927509131701853,0.07380737186278759
P3,loss,1.0,416,1664.0,20,2.094667597095893,0.11466311234909052,2.0574950945088397,0.07727399618661984,75.471,1.9291777639346026,0.07418769205456524
P3,loss,1.0,417,1668.0,20,2.020585564977412,0.17930112775546994,2.0567592733301443,0.07693327478458317,74.16499999999999,1.928878311095276,0.07488280978922189
P3,loss,1.0,418,1672.0,20,2.026234958328463,0.1993939260615509,2.0561060973337675,0.0758199997734797,74.661,1.9290190305981234,0.07359268983819629
P3,loss,1.0,419,1676.0,20,2.122371738735615,0.09889325747544918,2.059305964633107,0.07579195002777105,75.511,1.9315731141416432,0.07298683893858803
P3,loss,1.0,420,1680.0,20,2.0913273861265167,0.13555626725056782,2.0621172944364092,0.07349001499666255,75.762,1.9341649405822963,0.07098476997332008
P3,loss,1.0,421,1684.0,20,2.0177129614019345,0.177637776064233,2.061578067970136,0.07409933884986172,74.124,1.933827266107746,0.07147068219869757
P3,loss,1.0,422,1688.0,20,2.06563677158401,0.09935242462485566,2.0626358021857385,0.07326171238261642,76.239,1.9346004167744606,0.07133853036954445
P3,loss,1.0,423,1692.0,20,2.0991086228008347,0.11640148688077792,2.065182098733706,0.07478555313545175,76.02000000000001,1.9373019124946993,0.07271367929499369
P3,loss,1.0,424,1696.0,20,2.0958381421795393,0.12413604735015546,2.065844395886895,0.0761268904011177,76.079,1.9374292898341274,0.07353635010593493
P3,loss,1.0,425,1700.0,20,2.095354933455481,0.13168792272988405,2.0655683226285886,0.07579099495157578,76.613,1.9375267292504201,0.07277270272026264
P3,loss,1.0,426,1704.0,20,2.0881641094960433,0.14332062482393051,2.065638158996255,0.07754778753920585,76.53999999999999,1.9377222769476259,0.07394059546829693
P3,loss,1.0,427,1708.0,20,2.018236367250414,0.21440898808076994,2.065937055997984,0.07991863189932978,74.205,1.938174717663788,0.07625388285724
P3,loss,1.0,428,1712.0,20,2.033169530153555,0.2017434470916671,2.065751476876504,0.0837115075759333,73.402,1.9381565467161312,0.07888590977278834
P3,loss,1.0,429,1716.0,20,2.0944608085802634,0.09666805070380932,2.0672190579331726,0.08270212166333703,75.84400000000001,1.939210159847296,0.07768513000022685
P3,loss,1.0,430,1720.0,20,2.057841889359372,0.20622437123008153,2.0672597154650463,0.086083729098547,73.705,1.9386569218799454,0.08128451809403217
P3,loss,1.0,431,1724.0,20,2.044337132136727,0.14119794122754795,2.066888499996181,0.08410405973718851,76.272,1.9385431301048204,0.0791739956527446
P3,loss,1.0,432,1728.0,20,2.0757410872559565,0.17146884959847164,2.0662296350449925,0.08578811963694795,74.341,1.9376376019358357,0.07992142410980378
P3,loss,1.0,433,1732.0,20,2.0989034859203484,0.15602288683479495,2.06648909797121,0.08826890250096849,76.505,1.9371031693628296,0.082155128459332
P3,loss,1.0,434,1736.0,20,2.1020488574892076,0.10381281710564196,2.0670610125891384,0.0869684612329199,75.84700000000001,1.938625523711746,0.08098907563816163
P3,loss,1.0,435,1740.0,20,2.0781510454535574,0.15314847974359191,2.0677626382666174,0.08634985700967539,75.502,1.939516388913281,0.08012213840315865
P3,loss,1.0,436,1744.0,20,2.099425508775498,0.12656564086651034,2.06715119261676,0.08651214663023889,76.059,1.9389823359173293,0.08028654065019727
P3,loss,1.0,437,1748.0,20,2.0950912078642716,0.1251721277293881,2.0684671768369087,0.08584386605798237,76.518,1.9404192720257345,0.07919444740175023
P3,loss,1.0,438,1752.0,20,2.1151502197136014,0.15055939859825004,2.072713366391174,0.08356377824237128,76.60600000000001,1.9442539251081938,0.07715119985713186
P3,loss,1.0,439,1756.0,20,2.0694603554636704,0.12604273606516445,2.0747482719073047,0.08305738993133914,74.99199999999999,1.9464788461442422,0.07639101503986287
P3,loss,1.0,440,1760.0,20,2.083308955847581,0.1391216176231688,2.0752931694978303,0.08485978718953989,75.954,1.9468414881734641,0.07892223139471355
P3,loss,1.0,441,1764.0,20,2.1034479393496204,0.11972055077770695,2.0756443831879796,0.08517773741858767,75.48400000000001,1.9473571095201059,0.07885762278440563
P3,loss,1.0,442,1768.0,20,2.136412196177784,0.08892181849524071,2.0802774484359943,0.0839409458689614,76.104,1.9514281985653272,0.07716122111776233
P3,loss,1.0,443,1772.0,20,2.0546495301097556,0.2524034709583192,2.0814140313072462,0.08377920095017387,73.601,1.952060901457272,0.0768071240204683
P3,loss,1.0,444,1776.0,20,2.086233362134233,0.14071449845539546,2.079968496243191,0.08524752473242582,75.92,1.9510232298179453,0.0784418648374584
P3,loss,1.0,445,1780.0,20,2.053591357340252,0.24075983331840445,2.0784590550917406,0.08832339881665306,73.905,1.948822997150716,0.08230163440876168
P3,loss,1.0,446,1784.0,20,2.0679980817026578,0.18162111052249846,2.0804704599037693,0.09016279347294827,73.726,1.9506631138096153,0.0841455433779035
P3,loss,1.0,447,1788.0,20,2.0580527279159524,0.13185698998837905,2.0801670981570473,0.0890768433590996,76.113,1.950281376480896,0.08262168918099397
P3,loss,1.0,448,1792.0,20,2.076315926348615,0.13411942615737688,2.0792553902989583,0.08567272891599251,75.37,1.9495269888504325,0.08047818504309875
P3,loss,1.0,449,1796.0,20,2.107085678342939,0.10035600161075575,2.079705291745494,0.08429321878656425,76.112,1.9503063781396999,0.07980712702421566
P3,loss,1.0,450,1800.0,20,2.084223581492438,0.12908592374640873,2.0792600376669723,0.084618432747214,75.74,1.9504295151630924,0.08035270163017841
P3,loss,1.0,451,1804.0,20,2.1404198965943757,0.08339484507646742,2.0813502691509056,0.08399787326797699,76.221,1.9520420435947756,0.08002265071672628
P3,loss,1.0,452,1808.0,20,2.139196012527914,0.08705660446234131,2.0861886549620055,0.08093487398467451,76.48400000000001,1.956359374051504,0.07716716593045646
P3,loss,1.0,453,1812.0,20,2.08007977161308,0.17112042772095343,2.0880650646203867,0.07899161022578324,74.544,1.958364495556755,0.07531265272638228
P3,loss,1.0,454,1816.0,20,2.1109090593537556,0.09847046815370794,2.0887229946513264,0.07884195444560882,75.897,1.9589062331407212,0.07454828899387124
P3,loss,1.0,455,1820.0,20,2.0750261002435013,0.20609826028679085,2.0894103630866914,0.07730773388459235,74.21799999999999,1.9596239688807942,0.07301182424320729
P3,loss,1.0,456,1824.0,20,2.093627088762921,0.15115850242249096,2.0913819613517393,0.07654212148949117,76.113,1.961619623017544,0.07211799928894452
P3,loss,1.0,457,1828.0,20,2.114067524676022,0.1137713178589222,2.0929150188485424,0.07750177257207772,75.942,1.963854335972184,0.07354284124904972
P3,loss,1.0,458,1832.0,20,2.106054198024041,0.11217014912971511,2.09320104733269,0.07584462708966626,76.63199999999999,1.9643768362618155,0.07243456380360792
P3,loss,1.0,459,1836.0,20,2.140401030918574,0.08145356729542601,2.0947351342698646,0.07684985447053601,76.735,1.9646598109382556,0.07391064451817227
P3,loss,1.0,460,1840.0,20,2.081840037322393,0.13565150934973688,2.094882693944618,0.07556743686468272,76.344,1.9647274430392894,0.07395557270964023
P3,loss,1.0,461,1844.0,20,2.1132611410765234,0.09283823644073624,2.0954361192366586,0.07490435740854927,76.586,1.9655794198057226,0.07309941880417632
P3,loss,1.0,462,1848.0,20,2.0765004030470133,0.13547675552606175,2.0946924870439685,0.07540635874464682,76.726,1.9645846753522975,0.07363064672553066
P3,loss,1.0,463,1852.0,20,2.101213115877028,0.09423382210910465,2.0941350028905057,0.07629113014636256,76.404,1.9641683189794865,0.07432893399709342
P3,loss,1.0,464,1856.0,20,2.0642588957854504,0.17112244877694777,2.093926944503377,0.07605082309861881,76.321,1.9633159253621457,0.07390240601747378
P3,loss,1.0,465,1860.0,20,2.0766919626121503,0.12112884382887078,2.09366226477396,0.07458404274508726,76.417,1.9630428131443682,0.07261461028847237
P3,loss,1.0,466,1864.0,20,2.115239585701027,0.08622277224913671,2.094133930628016,0.07337598165396918,76.64500000000001,1.962995855097752,0.07220652799765702
P3,loss,1.0,467,1868.0,20,2.075795718738976,0.19944216928592806,2.0917092715304637,0.07716051987981311,74.45,1.960682732472005,0.07601575032460438
P3,loss,1.0,468,1872.0,20,2.140648077674658,0.10275600982210714,2.09514921343306,0.07796108816019608,76.547,1.963200170494622,0.07657890681863831
P3,loss,1.0,469,1876.0,20,2.1382695226026405,0.08372208668796714,2.097230659851796,0.07616302149290678,76.41999999999999,1.965500137347916,0.07514316357830941
P3,loss,1.0,470,1880.0,20,2.0895911640139557,0.13823208365342157,2.098670652118744,0.0730191220536582,75.75399999999999,1.9679169532051382,0.07256217650740623
P3,loss,1.0,471,1884.0,20,2.098407696098159,0.13579706651083623,2.099887036694564,0.07383280130923536,76.077,1.9692117133629552,0.073442737334515
P3,loss,1.0,472,1888.0,20,2.0733772617989947,0.0890968865775262,2.100500018049886,0.07359528206366474,76.09299999999999,1.970164373973321,0.07378708528019566
P3,loss,1.0,473,1892.0,20,2.0502541463226978,0.2010276142402297,2.099457546848849,0.07881148315677049,74.52000000000001,1.9692326632482284,0.07797514000115072
P3,loss,1.0,474,1896.0,20,2.141749956929179,0.06220597694061167,2.1008441179922985,0.0779502129857672,76.417,1.9704804345986102,0.07762713361326383
P3,loss,1.0,475,1900.0,20,2.097153796289316,0.12239470065034523,2.1013613265841737,0.07723964573783436,75.649,1.9701959877326476,0.07719482106946822
P3,loss,1.0,476,1904.0,20,2.1094670243137226,0.09787993165235953,2.1001232116929476,0.07674608526919835,76.304,1.9693231599598904,0.0767092127193457
P3,loss,1.0,477,1908.0,20,2.069432874438467,0.11325893959503082,2.09733268616937,0.07577507131568056,75.53099999999999,1.9672204254347605,0.07559811171562858
P3,loss,1.0,478,1912.0,20,2.115396186269038,0.08805288749823073,2.0987453427556084,0.07503477407940289,76.392,1.9689586898844234,0.0756862174029086
P3,loss,1.0,479,1916.0,20,2.074449953861943,0.09701535987978577,2.097286978535936,0.07502638724206835,75.50399999999999,1.9682815982979638,0.07651117601330362
P3,loss,1.0,480,1920.0,20,2.0973883474329353,0.10823881602596437,2.0981814684235127,0.07130784303780278,75.762,1.9693412718378949,0.07276159724841348
P3,loss,1.0,481,1924.0,20,2.0924110038801667,0.10573512161232636,2.0981328250282028,0.0726374905855543,75.486,1.9698065963680889,0.07368618084921534
P3,loss,1.0,482,1928.0,20,2.0925664265687027,0.14879079106847642,2.09727278110391,0.07232321883048622,74.249,1.9684248245596785,0.07357118930643282
P3,loss,1.0,483,1932.0,20,2.133194738243175,0.08655184717222296,2.0983584027126754,0.07172718206072287,76.602,1.9701026862098299,0.07252496741892578
P3,loss,1.0,484,1936.0,20,2.139029532127027,0.07558662579698347,2.0983035427610135,0.07187579656063513,76.264,1.9710315303450798,0.07209876801568815
P3,loss,1.0,485,1940.0,20,2.1200469382487936,0.08411891936320433,2.09983181879807,0.07108236192245641,75.909,1.9723598063821357,0.07072576499977908
P3,loss,1.0,486,1944.0,20,2.1373012060424244,0.08143598534045633,2.100793421396706,0.07057348808019714,76.16799999999999,1.97287164177953,0.07072153527012617
P3,loss,1.0,487,1948.0,20,2.1172713443461637,0.09622252345036165,2.102424259048672,0.0708456798838939,75.902,1.974394616006768,0.07131231980384829
P3,loss,1.0,488,1952.0,20,2.135995253066014,0.09043414482866091,2.103815544536231,0.07029871824945394,76.303,1.9757967654363864,0.07094754066742724
P3,loss,1.0,489,1956.0,20,2.0977833365688197,0.16776334909091944,2.105156522167566,0.06948835332655041,74.60799999999999,1.9770733354112284,0.07086271169447148
P3,loss,1.0,490,1960.0,20,2.1393962857889415,0.06738634003754972,2.1076646950946376,0.0692009680796754,76.44500000000001,1.9794674369466807,0.07117968664626359
P3,loss,1.0,491,1964.0,20,2.1095900231980207,0.11946221107546615,2.1074387125945173,0.07151696869953449,75.72200000000001,1.979311966603829,0.07281033445495629
P3,loss,1.0,492,1968.0,20,2.1159810545336826,0.12765640178945298,2.1090461260263056,0.06940928429024815,75.92999999999999,1.9806116200770039,0.07064214065253399
P3,loss,1.0,493,1972.0,20,2.1014990896907433,0.12981002563936148,2.107480166506949,0.06943471290183431,76.421,1.9796875643341605,0.07041022357731952
P3,loss,1.0,494,1976.0,20,2.1123053719392777,0.09403901078073071,2.1064416004804145,0.069354879656609,76.40799999999999,1.9786396863572897,0.0704159307568028
P3,loss,1.0,495,1980.0,20,2.096955159223767,0.13568553907603242,2.106736160288807,0.0673543329004898,76.369,1.9791924458552839,0.06820108297705284
P3,loss,1.0,496,1984.0,20,2.117789001106261,0.07385612966550198,2.1075114124891305,0.06581155557831901,75.50699999999999,1.980448298159074,0.06678490676171331
P3,loss,1.0,497,1988.0,20,2.09754165150742,0.09339144434574996,2.108477988077468,0.06641753628180207,74.30699999999999,1.9807170982688802,0.06709027149835484
P3,loss,1.0,498,1992.0,20,2.107233632991013,0.11638222155335323,2.1107571675442007,0.06459750980620266,75.918,1.9825296455576513,0.06478914034758695
P3,loss,1.0,499,1996.0,20,2.1106451763781187,0.13269085170773315,2.1095129763221583,0.06627698127964804,76.314,1.9814870063273315,0.0663101637030415
P3,loss,1.0,500,2000.0,20,2.0906518909713063,0.10931113156668472,2.109252900109438,0.06696726993872595,75.615,1.982016066172552,0.06711500471764913
P3,loss,1.0,501,2004.0,20,2.125557745581532,0.07219413011169538,2.1098965289601503,0.0672170380924101,76.103,1.982927879192949,0.06759321252414947
P3,loss,1.0,502,2008.0,20,2.131365156093972,0.08038138286266443,2.1123738202263707,0.06761030913625789,76.34,1.9846918750634113,0.06882643953407164
P3,loss,1.0,503,2012.0,20,2.11510004412606,0.10742910583621647,2.1123619745406517,0.06828027122695317,75.98400000000001,1.984246661555654,0.06911938774421575
P3,loss,1.0,504,2016.0,20,2.137891925105283,0.07018628998979293,2.1148996533903848,0.06802938614761511,76.203,1.9862611639956615,0.06855003655626767
P3,loss,1.0,505,2020.0,20,2.1211502523071504,0.07902935615609553,2.115850129585353,0.06966443848352803,76.559,1.987248111996114,0.0698325319866503
P3,loss,1.0,506,2024.0,20,2.1294606557776605,0.08177470915336833,2.1173321156612532,0.06856829044473942,76.442,1.9881231141092617,0.06936189351264055
P3,loss,1.0,507,2028.0,20,2.118164828316741,0.0978696883366577,2.118356051731175,0.06932287350249972,76.25800000000001,1.9896074743902539,0.07005240067990733
P3,loss,1.0,508,2032.0,20,2.1016700236920234,0.1543055788950837,2.1170950631491285,0.06928504402292529,74.455,1.9885138939820308,0.07038158306478251
P3,loss,1.0,509,2036.0,20,2.0922411613880443,0.08449023761755314,2.1152235283195693,0.06870103631834747,76.284,1.9868423591524718,0.07014233978337524
P3,loss,1.0,510,2040.0,20,2.117400723200221,0.08976854181045626,2.1151176797176268,0.06917120698917587,76.387,1.9872039187243515,0.07097372926081086
P3,loss,1.0,511,2044.0,20,2.122327114425145,0.08813255867351467,2.1145187160529355,0.06930042052995798,75.90599999999999,1.9868275624057545,0.07137983620760303
P3,loss,1.0,512,2048.0,20,2.060745441374837,0.18840709254130777,2.1122576799340824,0.0698366069537628,76.045,1.9850852536536892,0.0717415960796623
P4,loss,0.0,1,4.0,20,1.8072715646242727,0.2763419383780012,1.8072715646242727,0.2763419383780012,70.014,1.672137058674971,0.2686661660363947
P4,loss,0.0,2,8.0,20,1.683852016213524,0.3068941435721875,1.7455617904188983,0.22197127961151455,66.571,1.609794201179374,0.22869251333921337
P4,loss,0.0,3,12.0,20,1.6751968465401919,0.297394032459298,1.7221068091259961,0.1857688014671677,67.525,1.5816640603762118,0.1918576730675654
P4,loss,0.0,4,16.0,20,1.815037816553513,0.3439682951444187,1.7453395609828752,0.14848364662841831,70.19,1.6042512267873241,0.15169685914032066
P4,loss,0.0,5,20.0,20,1.772733094866132,0.2681948102757689,1.7508182677595268,0.13481722165000454,69.567,1.6118891420481973,0.13700522485219482
P4,loss,0.0,6,24.0,20,1.713240185788202,0.3253963537061719,1.7445552540976395,0.11836219613431609,69.229,1.6073432347839645,0.12062915841547761
P4,loss,0.0,7,28.0,20,1.560483640074898,0.35371759638280614,1.7182593092372476,0.10934239083619213,57.827,1.5768506919879681,0.11325377780477944
P4,loss,0.0,8,32.0,20,1.643618522069326,0.27646250690512797,1.7089292108412575,0.11677279228800017,64.526,1.5674097139452408,0.12029632875204374
P4,loss,0.0,9,36.0,20,1.7788857602509425,0.33018465061216595,1.716702160775667,0.11047697568282779,67.607,1.5741814675526973,0.11392963297169625
P4,loss,0.0,10,40.0,20,1.6407842201365779,0.36547048325621045,1.709110366711758,0.10057745130734563,64.779,1.5658075989931857,0.10514642068429211
P4,loss,0.0,11,44.0,20,1.887551979966867,0.2094445692528654,1.7253323315531315,0.09838277281695214,74.578,1.5822825502428741,0.10340617655706462
P4,loss,0.0,12,48.0,20,1.7873495880834422,0.26062160761769826,1.7305004362639909,0.0905300497175553,70.95700000000001,1.5884994447137235,0.09516205400806295
P4,loss,0.0,13,52.0,20,1.6414480456763294,0.32907521337136,1.7236502523726323,0.09013877333808577,65.809,1.581692454609092,0.0934667844428407
P4,loss,0.0,14,56.0,20,1.7242271020280129,0.31361643145267637,1.723691455919445,0.0841232910587208,67.951,1.5821545222116629,0.08555526602741677
P4,loss,0.0,15,60.0,20,1.7805108048790834,0.21311689228503242,1.7274794125167543,0.08414406304274666,70.438,1.5866481485057178,0.08382920110361265
P4,loss,0.0,16,64.0,20,1.6436545000258787,0.34908035980440155,1.7222403554860743,0.08529545800964743,62.431,1.5801254434322722,0.08480234172130412
P4,loss,0.0,17,68.0,20,1.769148227359283,0.22796089255353297,1.7249996420668516,0.08808446071320637,71.434,1.5831241665791915,0.08652911520386179
P4,loss,0.0,18,72.0,20,1.726644251420376,0.3258685713758972,1.7250910092531584,0.08392801927606001,69.94399999999999,1.5833690888071046,0.0826097199817345
P4,loss,0.0,19,76.0,20,1.617304914499579,0.2989911877624891,1.719418056897707,0.08173135657546289,63.56,1.577334235730718,0.08084373642531821
P4,loss,0.0,20,80.0,20,1.6496525314469743,0.4035773443047047,1.7159297806251703,0.07731975394962542,64.083,1.5734089580695572,0.07653570725809408
P4,loss,0.0,21,84.0,20,1.6930047604174034,0.2303239233614002,1.714838112996229,0.06901039967625562,68.616,1.5721648688408325,0.06852659785747348
P4,loss,0.0,22,88.0,20,1.6615367077819756,0.24664131781350493,1.7124153218501266,0.0694976961092885,65.64,1.5699072679536867,0.06956144632732988
P4,loss,0.0,23,92.0,20,1.6047276612877082,0.2983521488555771,1.7077332496517605,0.06436108322757504,62.138999999999996,1.5648433960788055,0.06365462790344067
P4,loss,0.0,24,96.0,20,1.8022339174730881,0.1968905915514238,1.7116707774776494,0.06449940155133284,73.612,1.5695685292451953,0.06355497260997732
P4,loss,0.0,25,100.0,20,1.7862230395585499,0.21196853007231542,1.7146528679608852,0.061472279992187615,71.287,1.57249373707625,0.06013965137640525
P4,loss,0.0,26,104.0,20,1.6163791941789802,0.2854236705198544,1.7070171731430737,0.056109577476045946,63.806000000000004,1.5652414359470053,0.05501808081266163
P4,loss,0.0,27,108.0,20,1.778569151347315,0.31446017668954296,1.7108058585484252,0.04922745351320996,69.538,1.568878233095761,0.04768256260368059
P4,loss,0.0,28,112.0,20,1.844074982275933,0.3054417776097511,1.717560983977855,0.04978336926265533,69.827,1.576243549937503,0.0490859207667874
P4,loss,0.0,29,116.0,20,1.6539517496100793,0.30765320000986685,1.7111175413001174,0.046661728387620054,67.981,1.5698844838764239,0.04529762251626523
P4,loss,0.0,30,120.0,20,1.7903231308765701,0.28630511685045634,1.711821142740535,0.04370595376721704,71.606,1.5702261091140477,0.04164674221446567
P4,loss,0.0,31,124.0,20,1.7277128110029119,0.14458796234038024,1.7124000477491237,0.0415286636706436,71.861,1.5707414859281197,0.039499405691806044
P4,loss,0.0,32,128.0,20,1.8173408275678125,0.2966511888589878,1.7226743352488398,0.04008013997007076,71.53200000000001,1.5825676099513748,0.03866941213397237
P4,loss,0.0,33,132.0,20,1.8139401370128834,0.2952840334408981,1.7294871998465822,0.04451857628876923,71.103,1.5895497451130074,0.04402909274866636
P4,loss,0.0,34,136.0,20,1.7456201336347852,0.3022445678236793,1.728156574781936,0.04518037468853609,68.328,1.5885966161683818,0.043956887684279994
P4,loss,0.0,35,140.0,20,1.6813563566119676,0.2219392905293567,1.7297794602409517,0.04993010916855723,68.771,1.5906120520671285,0.04912002176628605
P4,loss,0.0,36,144.0,20,1.7740143854908097,0.2991440069464625,1.7252379564619094,0.049100687944428074,68.588,1.585795069757305,0.048936215443183474
P4,loss,0.0,37,148.0,20,1.7851914496514183,0.26278142322726106,1.7251516309246284,0.05129819136502793,70.554,1.5854667369773963,0.05155617044345601
P4,loss,0.0,38,152.0,20,1.8301635852718676,0.21599796715680422,1.7327002525084498,0.04670290518859409,73.111,1.5936777486284703,0.048534431962121094
P4,loss,0.0,39,156.0,20,1.6467324439181987,0.281253548148732,1.7296004661840574,0.04865897839621172,68.47999999999999,1.5906948272807981,0.04986338533461703
P4,loss,0.0,40,160.0,20,1.7276272487395428,0.2834979425258876,1.7274851239384756,0.0559747763403922,69.594,1.5887686210931575,0.05810906190817344
P4,loss,0.0,41,164.0,20,1.6764534641639415,0.2745826400685015,1.728797082503998,0.05686867454991495,63.242999999999995,1.590728691402084,0.05865857081078083
P4,loss,0.0,42,168.0,20,1.749620567494361,0.3465159760847934,1.7280159761094012,0.05979395774977515,68.149,1.5895234256696704,0.0598716703172065
P4,loss,0.0,43,172.0,20,1.6673020583619713,0.30576502424434115,1.7256422883870652,0.05773479971699088,66.685,1.5870388740052752,0.0584510094184279
P4,loss,0.0,44,176.0,20,1.8106157109888321,0.18131823160090205,1.7333747202466352,0.06079747161242117,71.906,1.5955648392326673,0.06190229921383562
P4,loss,0.0,45,180.0,20,1.6813358889165926,0.2829284505621252,1.7346420545454198,0.05811714413646991,69.398,1.5978231719794604,0.05940654910319207
P4,loss,0.0,46,184.0,20,1.6391576587909225,0.2854587308302714,1.7324881704803605,0.056971950402038306,66.779,1.5955047767917938,0.0586041948955161
P4,loss,0.0,47,188.0,20,1.8183465824932221,0.25245467003419114,1.7387605654688105,0.06229449361277567,70.035,1.601783690145479,0.06334831252102559
P4,loss,0.0,48,192.0,20,1.8106112387857294,0.3153840150508556,1.7469959085687314,0.05876377903156029,69.00399999999999,1.6102634719417268,0.058905316451061444
P4,loss,0.0,49,196.0,20,1.7762920696469142,0.27050333330231136,1.7459582346556846,0.0526375373592324,68.782,1.6089007592288869,0.0527637670638189
P4,loss,0.0,50,200.0,20,1.7304312135261717,0.2733735146159054,1.7437265616143893,0.05164814901272923,69.417,1.6069936076568105,0.05197336301614223
P4,loss,0.0,51,204.0,20,1.7185640398419586,0.2703718254343057,1.7478139554409082,0.0565913687100558,67.71900000000001,1.6106609290570493,0.05660584488280009
P4,loss,0.0,52,208.0,20,1.6913363310000846,0.283739213720368,1.7443246426270194,0.05438643751663806,67.072,1.6072971206404698,0.05401745792277832
P4,loss,0.0,53,212.0,20,1.7231274302115156,0.24670496989241142,1.7394867405444425,0.05440059796715191,68.434,1.6027685305082293,0.054349256273901546
P4,loss,0.0,54,216.0,20,1.7108362238888737,0.25805211039257225,1.7417621195155946,0.06010608520543766,68.0,1.6052052131524284,0.06106344071470111
P4,loss,0.0,55,220.0,20,1.803678198967593,0.24166048738607654,1.7422963222392354,0.056606317424734785,72.51599999999999,1.6061122560209218,0.057668292577974525
P4,loss,0.0,56,224.0,20,1.6956976553799752,0.3403008119200712,1.7410157160143178,0.051851848938271154,64.512,1.6047035070127655,0.052598689468865804
P4,loss,0.0,57,228.0,20,1.7205239575786258,0.24575947835914203,1.7371430412147504,0.048724081926281304,71.705,1.600371080531874,0.05034416227511872
P4,loss,0.0,58,232.0,20,1.7159416171659345,0.2881004734819642,1.7332231004208722,0.05282917469890104,68.789,1.5968014760028693,0.05445109876386678
P4,loss,0.0,59,236.0,20,1.7962054899347009,0.20090925644460905,1.735246514672869,0.05667871651675156,71.325,1.599417440694597,0.05756048559255986
P4,loss,0.0,60,240.0,20,1.8094212077941,0.22761373593019757,1.7403691087201545,0.06219559168325769,70.809,1.604412202356988,0.06373296376565764
P4,loss,0.0,61,244.0,20,1.7187837688827596,0.2091451487235471,1.738159884055832,0.06737608065335866,70.53999999999999,1.6026967697257752,0.06824607812676822
P4,loss,0.0,62,248.0,20,1.781643435020999,0.2302094623838128,1.7380179634706157,0.06467866497124392,71.192,1.603018377335075,0.06605177121244687
P4,loss,0.0,63,252.0,20,1.8062800600166629,0.2033440727999765,1.7370626224604073,0.06266827588475785,71.642,1.6011892132519232,0.06541120268254025
P4,loss,0.0,64,256.0,20,1.7967493211905665,0.27679031389209136,1.743063297551302,0.06114171186967995,70.692,1.6069776793412658,0.06373640926186022
P4,loss,0.0,65,260.0,20,1.773962833219337,0.23264816458194076,1.7449167209304939,0.057356703209735134,71.36,1.6088133582817612,0.059643450168127686
P4,loss,0.0,66,264.0,20,1.7666957334872777,0.2801112489803001,1.7485264117034274,0.05631453964338554,69.204,1.6126613832502457,0.058740519594804315
P4,loss,0.0,67,268.0,20,1.712199945521186,0.28825992444339515,1.7470295868245003,0.05337932581358239,68.47,1.6127778537670767,0.055327463085711855
P4,loss,0.0,68,272.0,20,1.7657231853824242,0.26574074327441416,1.7509664319053182,0.04797321291209504,70.035,1.6165642591169065,0.04915253152983893
P4,loss,0.0,69,276.0,20,1.7818165300411604,0.2684846418670658,1.7498144646674116,0.0463168385718201,68.54400000000001,1.6148477807563926,0.048010715059312224
P4,loss,0.0,70,280.0,20,1.7789878028203905,0.2843066346181438,1.7537205412235637,0.04773345761951665,69.82300000000001,1.6192684977677954,0.04809277327259175
P4,loss,0.0,71,284.0,20,1.8013559184426389,0.25649328613544414,1.7602084716096322,0.04704887157479889,71.241,1.6262567385522082,0.04823865977829966
P4,loss,0.0,72,288.0,20,1.716127590351714,0.29652282738763736,1.7561197119239718,0.04954950460888262,68.483,1.6221112277025544,0.051266371495449936
P4,loss,0.0,73,292.0,20,1.7836870075214435,0.27771528642410226,1.7550427426734003,0.05307854579608662,71.57300000000001,1.6212313614007674,0.05370579883367069
P4,loss,0.0,74,296.0,20,1.78961244835908,0.2915447705021329,1.7555755578218872,0.05043418355770011,68.813,1.6211028728762067,0.051728045899927376
P4,loss,0.0,75,300.0,20,1.8516533949648681,0.21870301557140684,1.7604244450794346,0.05098087843318546,71.2,1.6264821274384622,0.05310246998391715
P4,loss,0.0,76,304.0,20,1.8397429514043093,0.17890574356368846,1.7652716015419287,0.05332467465980289,72.96799999999999,1.631338026787661,0.05571655897212158
P4,loss,0.0,77,308.0,20,1.800881841804338,0.2914120475316244,1.769653421974099,0.054280911432093674,71.48400000000001,1.6363037582389723,0.05629095665088835
P4,loss,0.0,78,312.0,20,1.771411251612502,0.1787940016846241,1.7715847748301385,0.053966708125301,71.701,1.6381578219072206,0.056643840709944
P4,loss,0.0,79,316.0,20,1.7591696734202866,0.2320160084058061,1.773518112811395,0.05431094466042455,68.95599999999999,1.6403695354704741,0.057243780567773614
P4,loss,0.0,80,320.0,20,1.8601421580556003,0.2647820739407289,1.7757766711749152,0.0491366121571316,72.126,1.6423901735029027,0.05172747418115709
P4,loss,0.0,81,324.0,20,1.7253575438687434,0.30804822536028015,1.776963066714466,0.04924596550029265,66.977,1.643453289166613,0.051002224347651066
P4,loss,0.0,82,328.0,20,1.6954960718673011,0.30223006362685606,1.775961951286013,0.05248474015474367,65.366,1.6427598302306585,0.054620209708440025
P4,loss,0.0,83,332.0,20,1.740933157606919,0.25630923942042383,1.7769616129036525,0.05568519543370331,70.30199999999999,1.6432230200428144,0.058202291963927934
P4,loss,0.0,84,336.0,20,1.7743180043872282,0.2688281641291394,1.7760861134817536,0.06035744260651344,68.96900000000001,1.6423497451423845,0.06276505198847125
P4,loss,0.0,85,340.0,20,1.779568475001551,0.3037971313805986,1.7748920041700516,0.05999836341364542,70.149,1.6416060755616708,0.06183865425404937
P4,loss,0.0,86,344.0,20,1.758233540990643,0.2671358882578081,1.776469995054367,0.056543057887023275,66.47999999999999,1.6431521471495558,0.0579557052509555
P4,loss,0.0,87,348.0,20,1.8129265639672272,0.22068685594802184,1.777721320212216,0.05500750395498727,68.316,1.6443504976566028,0.056762132825321616
P4,loss,0.0,88,352.0,20,1.7550732976533208,0.28621032582936373,1.7756730497176823,0.051422784465413415,68.526,1.6427268520974028,0.05268310443724948
P4,loss,0.0,89,356.0,20,1.8034195229394758,0.2665269153529532,1.7759398577876386,0.05655867920876676,68.342,1.6440307010364748,0.05852233331505269
P4,loss,0.0,90,360.0,20,1.7156441667492566,0.2642645097100587,1.7736071111288354,0.05490209967239349,67.901,1.6412396512219547,0.05614429065054891
P4,loss,0.0,91,364.0,20,1.7703409079475396,0.26426895505905706,1.773752918107246,0.05633509132692994,69.314,1.6421738182624452,0.05797739559935082
P4,loss,0.0,92,368.0,20,1.7817025927209098,0.25486690394291084,1.7765330239952348,0.05359051471096305,67.748,1.643825212303564,0.05438721384279678
P4,loss,0.0,93,372.0,20,1.7968383136048807,0.2706766251556978,1.7777776291241332,0.056452322438586874,70.999,1.6456320005674854,0.05681484568695279
P4,loss,0.0,94,376.0,20,1.8266907883714285,0.3097713579504788,1.7795725994573437,0.06304825583948051,70.151,1.6482061224785542,0.06373521890089413
P4,loss,0.0,95,380.0,20,1.7194920583106952,0.20923016646687548,1.7771927696769558,0.05764023682684723,68.85900000000001,1.6445201881973905,0.058579556789347516
P4,loss,0.0,96,384.0,20,1.6954065800424385,0.3318871461261335,1.772954796140948,0.05761241689053025,65.075,1.6400516404244452,0.05856807224842067
P4,loss,0.0,97,388.0,20,1.778444306546821,0.27024773426031085,1.7754474647887524,0.05602859054711239,69.428,1.643021908658385,0.05647559266173652
P4,loss,0.0,98,392.0,20,1.8179863042599211,0.24647306492782656,1.7768194366582915,0.051306178810573075,70.979,1.6443209369169565,0.05199790763205594
P4,loss,0.0,99,396.0,20,1.8706718260483357,0.21598756061168214,1.7800618117658615,0.04608389050249561,70.243,1.6482068712588778,0.0463183905604176
P4,loss,0.0,100,400.0,20,1.767304865701894,0.2864054869867797,1.7766878705953428,0.04556103594301673,66.045,1.6449010107919282,0.04546798212295154
P4,loss,0.0,101,404.0,20,1.7852594939964976,0.27881176493108134,1.7745085322990302,0.04095140813000742,68.725,1.6430486254185337,0.041292365281872016
P4,loss,0.0,102,408.0,20,1.8184580328090298,0.19544648472187434,1.7752115799392179,0.04899438789938536,72.816,1.6438618644710339,0.04941355880208915
P4,loss,0.0,103,412.0,20,1.7801754456965404,0.3106579583839738,1.7755621477025794,0.050946051451995905,67.763,1.643619105798803,0.05193312659733943
P4,loss,0.0,104,416.0,20,1.819517512224809,0.2033028406407497,1.7779760612547602,0.052336483169552014,70.90700000000001,1.6459803550985264,0.053933094038282156
P4,loss,0.0,105,420.0,20,1.8052607824406615,0.26759653313485954,1.7757808062301628,0.05650585842069674,70.127,1.6437819960904836,0.05830432529568086
P4,loss,0.0,106,424.0,20,1.8341127122504848,0.22268508584715166,1.7801310129654326,0.05649490194043254,71.96900000000001,1.6483967139483604,0.059197422845985455
P4,loss,0.0,107,428.0,20,1.6804962709888969,0.27023496194922747,1.7795310209302961,0.05398085312762541,63.875,1.6476795465381595,0.056829575879103596
P4,loss,0.0,108,432.0,20,1.7024574829867252,0.26550323483412475,1.7779919939454885,0.0512392411889031,66.615,1.6470109282445056,0.05297789271625379
P4,loss,0.0,109,436.0,20,1.7578485836556603,0.23504653610256745,1.777333217116226,0.04641726781983953,67.999,1.646432751518709,0.048200466086103316
P4,loss,0.0,110,440.0,20,1.8838103392014474,0.14040859835348304,1.7815028916842217,0.04793379641608564,73.756,1.6506251368989138,0.04889234697119158
P4,loss,0.0,111,444.0,20,1.8408338664774622,0.14340469760265048,1.7848069047036943,0.049447268077337576,73.741,1.6545597241553238,0.050418408801621704
P4,loss,0.0,112,448.0,20,1.8346277705317626,0.24787586593584568,1.7856749529662757,0.053825455539503,71.988,1.6549824025265447,0.054946352354727925
P4,loss,0.0,113,452.0,20,1.8499638806745424,0.1987945528443688,1.7894705762871248,0.05410005995292515,72.232,1.6592387604568093,0.054508324063646155
P4,loss,0.0,114,456.0,20,1.8438818284945124,0.23414114430505822,1.7910890685093261,0.05108445631879427,70.07300000000001,1.6595114689231907,0.0515019091825671
P4,loss,0.0,115,460.0,20,1.8156015273703823,0.2632586426759346,1.795087362934171,0.056403328469403984,70.931,1.6636912429134778,0.05569343997373373
P4,loss,0.0,116,464.0,20,1.8247966601462213,0.21164304980098347,1.7972655930221184,0.057002556886168024,73.521,1.6656951843309649,0.05614113040367519
P4,loss,0.0,117,468.0,20,1.8403533069410885,0.1925148996280315,1.7996116215909255,0.05636944421958599,72.809,1.6684476277988924,0.056585276840627606
P4,loss,0.0,118,472.0,20,1.949001810351555,0.1625938324471009,1.8056981614607923,0.053560943839424426,74.429,1.6742311671514287,0.053101427986842774
P4,loss,0.0,119,476.0,20,1.8787172134888361,0.221947903869778,1.8077792184654888,0.04944902811743521,72.90599999999999,1.6765286235353283,0.04922845175193154
P4,loss,0.0,120,480.0,20,1.8179102557257754,0.2882492913667703,1.8117159463620918,0.05877504102014712,69.511,1.680854384023758,0.059048182056011984
P4,loss,0.0,121,484.0,20,1.885908575065732,0.19190835741696294,1.819336026163024,0.05292014815372345,72.936,1.6888214374408304,0.0524630503157062
P4,loss,0.0,122,488.0,20,1.8075078206406676,0.29119211756201935,1.8204985667267777,0.06068527611293032,68.457,1.6896814430847704,0.06051087274871696
P4,loss,0.0,123,492.0,20,1.7499913460597831,0.2107676322483149,1.817778768398772,0.05690877619744164,67.849,1.6876568853154819,0.057579172910239444
P4,loss,0.0,124,496.0,20,1.8893370719888023,0.1614883461720728,1.8185253782363908,0.05662763856741707,72.316,1.688586423244151,0.056327059736031415
P4,loss,0.0,125,500.0,20,1.7569340469015409,0.31141850762383516,1.8181105454843767,0.05543503426433106,66.537,1.6874994228770306,0.05535039179724211
P4,loss,0.0,126,504.0,20,1.7107317245266505,0.2860866358537662,1.8151294347055829,0.055319151594929616,67.499,1.684691255709204,0.05531099587301608
P4,loss,0.0,127,508.0,20,1.8380464175915978,0.23214189451558148,1.8159129700968855,0.053125675288068865,68.824,1.6845434408677078,0.052620942259833665
P4,loss,0.0,128,512.0,20,1.8800268886511842,0.1660668972220231,1.8199070278150713,0.05040827735435953,73.491,1.6891618648559406,0.05023985655962327
P4,loss,0.0,129,516.0,20,1.9204881606834345,0.1845256419179392,1.8239458537534161,0.04952580164164339,74.724,1.6937807218341199,0.048649729420798586
P4,loss,0.0,130,520.0,20,1.8521199719406052,0.20843101235376968,1.825820221333414,0.04533284264758797,71.087,1.6955494505108581,0.04465195898395211
P4,loss,0.0,131,524.0,20,1.8254716547141299,0.24722071446540192,1.8254745790319595,0.04683679894140192,70.95,1.6952209835844687,0.04574569955575783
P4,loss,0.0,132,528.0,20,1.8899301346341404,0.22897001692415536,1.8338519335777697,0.04962929440472497,71.538,1.7039140649797353,0.04895561043168593
P4,loss,0.0,133,532.0,20,1.8778700644517354,0.2408901834575613,1.8408684368363701,0.048237674310723504,70.509,1.71012767118712,0.047477705975261734
P4,loss,0.0,134,536.0,20,1.809535613787449,0.20991981500240414,1.8429359180416416,0.04651425196210176,71.298,1.7123361767069287,0.04381087362089193
P4,loss,0.0,135,540.0,20,1.8078444306780503,0.2487418157375451,1.8398972817007055,0.049291232960886174,71.348,1.7101740535579224,0.04674228789359863
P4,loss,0.0,136,544.0,20,1.7663268823344418,0.2561024539640636,1.8369170023349848,0.05379139651605727,70.022,1.7070820307881664,0.05203388005242727
P4,loss,0.0,137,548.0,20,1.8055662231173248,0.2570213427091108,1.8357545404384072,0.04912455005340952,67.09299999999999,1.7057945300917958,0.047636337965761
P4,loss,0.0,138,552.0,20,1.803122475548112,0.29104170761581555,1.8338808842333498,0.0560772886323605,68.503,1.703142291372512,0.05548395991087636
P4,loss,0.0,139,556.0,20,1.903905964879474,0.21013635642460893,1.8362818496887485,0.05464139710549933,73.372,1.7060093199422404,0.05424908269321508
P4,loss,0.0,140,560.0,20,1.8872623834320366,0.1701945555196324,1.8391482839312148,0.0493708693215606,73.039,1.7094061214894143,0.04828070934449786
P4,loss,0.0,141,564.0,20,1.8362525781068086,0.23820922564214397,1.8396065206496381,0.05737152795891292,71.453,1.7094805506548112,0.05662800380160939
P4,loss,0.0,142,568.0,20,1.820054258752831,0.22000232731190772,1.838794558722108,0.06126925360785497,72.006,1.7088110615674261,0.060719461565347826
P4,loss,0.0,143,572.0,20,1.7739642173727277,0.24598296719513932,1.8317930550029549,0.05534960667332818,67.994,1.7023465987173882,0.055440035584011726
P4,loss,0.0,144,576.0,20,1.7911074522472714,0.2995541263431987,1.8282886645532923,0.05726725413139165,68.751,1.6982258088885225,0.05799864815171898
P4,loss,0.0,145,580.0,20,1.774670723202291,0.2802133919622758,1.8265590832523528,0.060571155241042444,68.606,1.6965233874427306,0.06136576939909514
P4,loss,0.0,146,584.0,20,1.8737557025357077,0.2386440513479893,1.826072968351152,0.05919034234884212,71.765,1.695900697269931,0.059921990684220154
P4,loss,0.0,147,588.0,20,1.8665881628252918,0.24976579008190494,1.8284361820385366,0.07024428837070675,71.425,1.6991387169583507,0.0712132368722955
P4,loss,0.0,148,592.0,20,1.8606884338443135,0.20782348956846936,1.8328640655499178,0.0728230150783163,72.556,1.7033388715509528,0.07323662128456523
P4,loss,0.0,149,596.0,20,1.8488065933385767,0.21269864389014,1.831242846403909,0.07318282312873495,71.717,1.7014223083801117,0.07357401888419951
P4,loss,0.0,150,600.0,20,1.879067095678689,0.20384741726825192,1.8361281683549948,0.07202498001461807,71.727,1.7069598289861383,0.07330094717032676
P4,loss,0.0,151,604.0,20,1.8321750062319495,0.20352819972133696,1.8409858996232067,0.07058258943690048,71.505,1.7124920558570402,0.07124388353036896
P4,loss,0.0,152,608.0,20,1.7580479858442082,0.21105463403522326,1.8377859623533113,0.06893408197250331,69.342,1.7096418857883862,0.07040250290779008
P4,loss,0.0,153,612.0,20,1.8120705139970088,0.24016551521577323,1.8350677073671442,0.06750253265656199,67.32,1.706738736854987,0.06923937748139113
P4,loss,0.0,154,616.0,20,1.9052326814253036,0.18931529410848835,1.834457488196819,0.06977230722449441,74.16799999999999,1.70561610175088,0.07075789876270643
P4,loss,0.0,155,620.0,20,1.8872024051682128,0.19806996713254876,1.8358607855259232,0.07121017557385795,72.947,1.707183237672845,0.07220208767906783
P4,loss,0.0,156,624.0,20,1.786099326852667,0.26142682889088753,1.8342858924114647,0.06931359255432316,66.291,1.7049763217958414,0.07077555059808403
P4,loss,0.0,157,628.0,20,1.9449620494635838,0.17242428338010246,1.8364871690046425,0.0700342681944892,73.547,1.7071941012343372,0.0711781411554074
P4,loss,0.0,158,632.0,20,1.8079647147936462,0.17734966502654462,1.833690955018319,0.06966556745350673,72.05699999999999,1.7051515344285622,0.07114539298950807
P4,loss,0.0,159,636.0,20,1.8510427012910937,0.27497329753343736,1.8353512385184647,0.06942556778207128,70.628,1.7057467377424689,0.07147933392798393
P4,loss,0.0,160,640.0,20,1.719751685989649,0.1931757497823737,1.8318275287309287,0.06528708798816542,66.537,1.7011825727040275,0.06714621636897453
P4,loss,0.0,161,644.0,20,1.7611786822624704,0.21560849805637305,1.83162160072805,0.0596513132778773,69.548,1.7014403798278945,0.060339781416800194
P4,loss,0.0,162,648.0,20,1.9184321403917566,0.19542921134565472,1.836136237419027,0.061205540931244744,73.318,1.7061080946357887,0.061980185016790715
P4,loss,0.0,163,652.0,20,1.7573961825368123,0.3493515870027902,1.834307185698575,0.05823228775338926,66.214,1.7047634195319947,0.05806874271091491
P4,loss,0.0,164,656.0,20,1.875526444040594,0.1868346287429105,1.8331720048650202,0.06038263684773672,72.61699999999999,1.7039515185742804,0.06030865035925926
P4,loss,0.0,165,660.0,20,1.8946670365860023,0.1959898425669039,1.8334681909911787,0.06420436951603656,73.013,1.7034809690563624,0.06407828370997637
P4,loss,0.0,166,664.0,20,1.859255845892574,0.32099778903853304,1.8343883217026093,0.06865455122641013,69.136,1.7043917878174568,0.06880835448921958
P4,loss,0.0,167,668.0,20,1.8773752722655452,0.22412363406141722,1.8366811622431178,0.0644228164658884,72.91799999999999,1.7063986997495846,0.06504061005247995
P4,loss,0.0,168,672.0,20,1.906075744434517,0.19041510015392724,1.8419656233255897,0.06807564950703564,73.97,1.7114779357932561,0.06878766506398992
P4,loss,0.0,169,676.0,20,1.9046764006589765,0.18249957215856957,1.8465083812620577,0.06439691400645428,73.077,1.7164184692082554,0.06441586028918027
P4,loss,0.0,170,680.0,20,1.8685016569630797,0.2179191066231302,1.8502616186124894,0.062441445772078226,73.47,1.7208571695695507,0.062186463664600705
P4,loss,0.0,171,684.0,20,1.9246523797877415,0.20564156695916605,1.8522974857025705,0.0639156969473616,74.023,1.7231078840471128,0.0633732332037797
P4,loss,0.0,172,688.0,20,1.8633803147130383,0.21296827549722727,1.8521691717780804,0.0640884753792105,69.207,1.7228530827972215,0.06414507864354513
P4,loss,0.0,173,692.0,20,1.8607282737115924,0.259245141338108,1.8521707653727717,0.06452219742840239,70.44,1.7225801807892225,0.06467623211899398
P4,loss,0.0,174,696.0,20,1.8828212997323774,0.2720475364912803,1.8535313536285236,0.06621806726749205,70.893,1.7240600654753937,0.06716796865616638
P4,loss,0.0,175,700.0,20,1.921103461002232,0.19871380570270317,1.8552128082414654,0.0716545169000756,73.53999999999999,1.7256098077241346,0.07147166835624764
P4,loss,0.0,176,704.0,20,1.8741569255904724,0.20475797775841525,1.8568920850158062,0.07269577486891718,71.45700000000001,1.7261324368005966,0.07145861553958194
P4,loss,0.0,177,708.0,20,1.9287750543356008,0.19163106501358218,1.8637211677554621,0.07290378014740445,73.931,1.73357502186824,0.07187732851887353
P4,loss,0.0,178,712.0,20,1.8624149438905573,0.21750639044603745,1.865734944951204,0.0724446112999414,71.588,1.735585126016905,0.07150818423194986
P4,loss,0.0,179,716.0,20,1.8815831770906069,0.2498951720578958,1.8647889647778162,0.07392274478103064,71.571,1.7348591148036825,0.07241198030593235
P4,loss,0.0,180,720.0,20,1.8751507620213796,0.1504703936560614,1.8643068990519427,0.07161946292328845,71.814,1.7350398012764638,0.07020406220236453
P4,loss,0.0,181,724.0,20,1.9074040238833216,0.17646262492619216,1.8691590869331691,0.07222507482321115,73.083,1.7407651397008874,0.07120997593860048
P4,loss,0.0,182,728.0,20,1.925399117743862,0.20150059367034884,1.86837656966438,0.0714934985558527,72.524,1.7398492546100601,0.07014182975905014
P4,loss,0.0,183,732.0,20,1.8414681063988432,0.27368845748165377,1.8697167053285877,0.06620416152321613,69.934,1.7410659034661975,0.06497207500658987
P4,loss,0.0,184,736.0,20,1.8642268071888441,0.23094466146699685,1.8702440695644977,0.06725236182993495,70.229,1.7420212035531164,0.06595546484330077
P4,loss,0.0,185,740.0,20,1.8813714231204997,0.2678690841822535,1.876708859049732,0.06867213095438034,70.086,1.748089097021796,0.06693664888070039
P4,loss,0.0,186,744.0,20,1.838887193961483,0.24569266347125407,1.8798171995176927,0.07380464949215246,70.56899999999999,1.7508973340236416,0.07328205559188075
P4,loss,0.0,187,748.0,20,1.8953444059578959,0.21266281612642357,1.878893690140338,0.07304787912153712,72.91499999999999,1.7509870165759303,0.07365359880110105
P4,loss,0.0,188,752.0,20,1.8548803287305842,0.2250611056123069,1.8827930559880888,0.07635476910968572,70.83500000000001,1.7548733974262678,0.07707359911522887
P4,loss,0.0,189,756.0,20,1.8306062035606612,0.22344782403507846,1.8809962463688916,0.07854463434704605,71.183,1.7528997642167963,0.07900820361820901
P4,loss,0.0,190,760.0,20,1.867154248938546,0.2307208916029652,1.8798957348629934,0.07905559233526338,70.77000000000001,1.7526930447440072,0.07800104967804099
P4,loss,0.0,191,764.0,20,1.7951926332560877,0.2419020315424561,1.8773332063575339,0.08067924116308917,70.61,1.7502801799736745,0.0800638018895409
P4,loss,0.0,192,768.0,20,1.9354635189707774,0.2514155301088344,1.879656736225743,0.08213842784374067,72.169,1.7527579260860637,0.08149094457201757
P4,loss,0.0,193,772.0,20,1.8745692076929097,0.22154974119582824,1.8783964747560788,0.08019997369245763,72.411,1.7519363609433523,0.07898730382804053
P4,loss,0.0,194,776.0,20,1.899065567953111,0.18940394033410626,1.8781720414478442,0.07855803849448513,73.648,1.752217463072262,0.07674992715528867
P4,loss,0.0,195,780.0,20,1.918665267547651,0.12610232024374646,1.8801785858712272,0.07395946125602795,74.745,1.7538317674542587,0.0718574282983721
P4,loss,0.0,196,784.0,20,1.8979733655624726,0.21798765653040522,1.879111425302216,0.07750449569450983,73.816,1.7532678143348082,0.07482498484115879
P4,loss,0.0,197,788.0,20,1.904843933310545,0.23673368688749027,1.8807699700461165,0.07647213232067848,71.691,1.7544061831863131,0.07350622436340337
P4,loss,0.0,198,792.0,20,1.956058055202719,0.20492008927944258,1.8845831613057615,0.07541463730457802,73.699,1.7583272378706867,0.07232420609527268
P4,loss,0.0,199,796.0,20,1.855688818700898,0.26150064644543236,1.8834978620645024,0.07447959593417333,70.351,1.757367546492852,0.07164859669050908
P4,loss,0.0,200,800.0,20,1.9459682809655305,0.1641705903116333,1.8844924548630346,0.0765168498512754,73.54299999999999,1.758257586782331,0.07374985698015282
P4,loss,0.0,201,804.0,20,1.89456251152717,0.18010352598883733,1.8853086783005022,0.075654389527015,74.863,1.7591802251189192,0.07330988929747347
P4,loss,0.0,202,808.0,20,1.9466157271912994,0.13063353361089194,1.88602230521473,0.07507545884281307,73.23400000000001,1.7599983010760856,0.07174156345891927
P4,loss,0.0,203,812.0,20,1.9324183353421922,0.1874539715866455,1.8888224408727958,0.0760206020682732,73.32000000000001,1.7628271485810214,0.07241945028301712
P4,loss,0.0,204,816.0,20,1.9141493549304893,0.21195432318112709,1.890125087986391,0.07596074478646528,71.57,1.7640173797608347,0.07231137198513776
P4,loss,0.0,205,820.0,20,1.8659556884086652,0.2363707527395145,1.8897572850418825,0.07837476840849072,70.41799999999999,1.7630897216688868,0.0752180442518279
P4,loss,0.0,206,824.0,20,1.9630194418607072,0.15794735716357314,1.8919819017609778,0.07936047386810081,74.797,1.7651980424748939,0.075004210775155
P4,loss,0.0,207,828.0,20,1.8939877457186696,0.24256779994168687,1.89072544687997,0.0792115710949108,72.358,1.7639127722809014,0.0750316942546084
P4,loss,0.0,208,832.0,20,1.822580511231423,0.2583606930182631,1.8899699430732735,0.08224412151337193,69.306,1.7631209001348356,0.07894658186621582
P4,loss,0.0,209,836.0,20,1.8807776200389337,0.20062614763286768,1.890631975587277,0.08096367906255733,73.28999999999999,1.7644117479618242,0.0772560276973171
P4,loss,0.0,210,840.0,20,1.9801434666214022,0.16528265526962785,1.894582857327313,0.08466142093864551,75.118,1.7695288997484202,0.08088481715285777
P4,loss,0.0,211,844.0,20,1.9011196231427303,0.18069072620286916,1.897072154494563,0.08959799973688627,71.522,1.7724485642203778,0.08559317493859996
P4,loss,0.0,212,848.0,20,1.9541388449172814,0.18783969566130349,1.8994239320529385,0.08917889070135045,74.262,1.773863093977408,0.08477389180751012
P4,loss,0.0,213,852.0,20,2.0118099860437453,0.12494539362598168,1.9057011183454649,0.08676875695531265,74.687,1.780751351144223,0.08240920934964983
P4,loss,0.0,214,856.0,20,1.9053072332467322,0.2554868776682505,1.9086891595329074,0.08713420295517817,72.561,1.783911559946772,0.08346498008612568
P4,loss,0.0,215,860.0,20,1.9316482549003058,0.19689017584908475,1.9112689197713781,0.08539430988196116,72.131,1.785738655932785,0.08272171524849929
P4,loss,0.0,216,864.0,20,1.9805436827179492,0.14533825421150984,1.9186829617498524,0.08465277546006672,75.485,1.793700137124917,0.08174557628120843
P4,loss,0.0,217,868.0,20,1.8947015302984103,0.15831259885514046,1.9170524822029578,0.08271629138084215,73.133,1.7920727615614678,0.07923298866540408
P4,loss,0.0,218,872.0,20,1.846226545630915,0.15527634694753392,1.915918775720478,0.08366074650711976,72.753,1.7911746474224954,0.08178530000282137
P4,loss,0.0,219,876.0,20,1.9266952812636813,0.26233712801200404,1.9170239642529008,0.08446270365876829,72.476,1.7918006843770602,0.08281612903588663
P4,loss,0.0,220,880.0,20,1.9124794547057067,0.2725391174341826,1.9167765317392231,0.08588910641872786,72.547,1.791174203751639,0.08467004507241448
P4,loss,0.0,221,884.0,20,1.8692467405883746,0.20796129330610144,1.915627466740259,0.08131469317365897,72.111,1.789905738856141,0.08122428854226145
P4,loss,0.0,222,888.0,20,1.9572034071940838,0.16829183573745465,1.917721845695601,0.07750150466637887,75.385,1.7920321405740278,0.07729822492306793
P4,loss,0.0,223,892.0,20,1.9397956230431022,0.24662436599352439,1.9170713484092161,0.07237590169416433,72.75899999999999,1.7916088031427908,0.07196199891274652
P4,loss,0.0,224,896.0,20,1.846857509848069,0.22598205240773392,1.916718096055103,0.06799155643214526,69.40299999999999,1.7913989030907984,0.06769995819355021
P4,loss,0.0,225,900.0,20,2.050480766336073,0.15335845349983637,1.9208985954699245,0.06682488868414928,75.49199999999999,1.7951661071098624,0.06630447660550458
P4,loss,0.0,226,904.0,20,1.931697302682959,0.16687282403776885,1.9223839871161559,0.06990804763716844,74.864,1.7973483947726485,0.06861902609571238
P4,loss,0.0,227,908.0,20,1.9136131958775238,0.2380150833287165,1.9210638858636049,0.0731941130195887,71.955,1.7958359500125962,0.07243125528705617
P4,loss,0.0,228,912.0,20,1.9721088058918856,0.2401922321759311,1.9226515046855925,0.07102047127706733,73.128,1.7970608166359292,0.06996446032315282
P4,loss,0.0,229,916.0,20,1.9429970981292723,0.1684705241440014,1.923805414413544,0.06768031781671326,73.646,1.7977629415733993,0.06693062162341937
P4,loss,0.0,230,920.0,20,1.940441809225344,0.18740401544371638,1.9267848592462111,0.0687278726241294,72.296,1.801481393131364,0.06703378879804195
P4,loss,0.0,231,924.0,20,1.9329877068991805,0.23264850280706775,1.9255835898477502,0.07076657655206625,73.797,1.8002383234225046,0.06864090059359831
P4,loss,0.0,232,928.0,20,1.9734800935522814,0.20135202063249674,1.9287632837610946,0.06734633514113844,72.709,1.803777872483288,0.06540799397894953
P4,loss,0.0,233,932.0,20,1.8721267416826044,0.26888762470723226,1.9307451329791419,0.0699555775425388,69.892,1.806061377159173,0.06815587311381555
P4,loss,0.0,234,936.0,20,1.9674854062122615,0.2246029422596241,1.934213444426075,0.0748702730661781,73.086,1.809439104022557,0.07382847950588119
P4,loss,0.0,235,940.0,20,1.9638874471719785,0.20399401557001753,1.933563203648098,0.07309082318087887,74.256,1.8083135916460287,0.07219991120054255
P4,loss,0.0,236,944.0,20,1.9630738573887245,0.21430053465119245,1.9360413730179378,0.07410659160533177,72.583,1.8103149374255942,0.07250880466913008
P4,loss,0.0,237,948.0,20,1.9456760368620938,0.22539771459266192,1.9357028606957303,0.07694675401449957,72.175,1.810133072801266,0.07532867830990249
P4,loss,0.0,238,952.0,20,1.9310461206175824,0.18568661525572092,1.9324723060786837,0.07784819024330539,73.14399999999999,1.80655450990693,0.07655397923273297
P4,loss,0.0,239,956.0,20,1.946209477399109,0.18796590929379714,1.934108395844779,0.07632393110570268,72.308,1.807972751768214,0.07538971742191936
P4,loss,0.0,240,960.0,20,1.919634836840504,0.24112947316540972,1.9336278591223865,0.07921645627524584,71.817,1.8068882316004005,0.07781516402599441
P4,loss,0.0,241,964.0,20,2.012512843138445,0.16659895814445344,1.9349066255392067,0.07937375449620498,73.413,1.8077150062945093,0.07841410492897778
P4,loss,0.0,242,968.0,20,2.006315543419902,0.15454891621192335,1.9393711860640663,0.07826153828513403,75.37899999999999,1.8121083821323538,0.07784624751714109
P4,loss,0.0,243,972.0,20,1.9680289409598053,0.11791421253832242,1.9442432818772217,0.07805857776485581,75.41900000000001,1.8168131732378012,0.07721139142330521
P4,loss,0.0,244,976.0,20,2.0264796875158155,0.16032405421899484,1.9482346581273071,0.0768612800319667,75.649,1.8203991175168572,0.07598287198609878
P4,loss,0.0,245,980.0,20,1.90595061855702,0.1848317491934523,1.9479735046813598,0.07572424724871264,73.038,1.8208465000253846,0.07481046079445283
P4,loss,0.0,246,984.0,20,1.9777872122917863,0.18194876134543875,1.952315123549496,0.07591118155616511,72.498,1.8251896708852438,0.07433634917999343
P4,loss,0.0,247,988.0,20,1.9814189597856466,0.18156324369937307,1.9532837456531589,0.07830165512186599,74.138,1.8260597415145141,0.07708903889443985
P4,loss,0.0,248,992.0,20,2.0458007685774784,0.1397862745224088,1.9575239514745337,0.08207967160523336,75.91,1.8298938428351132,0.08110738480113402
P4,loss,0.0,249,996.0,20,2.0274002470993926,0.12768661119248967,1.9647456609645868,0.08130515884719144,74.231,1.8375575595677944,0.08007730792768619
P4,loss,0.0,250,1000.0,20,1.981240824591379,0.19426737350600645,1.9619760632947991,0.0820870275759105,75.204,1.8352321936621039,0.08090277803749384
P4,loss,0.0,251,1004.0,20,2.0194806147235767,0.1967780829113203,1.9654873957764238,0.08158347074189894,72.761,1.8375821190045663,0.08045124554498695
P4,loss,0.0,252,1008.0,20,1.9325640275453093,0.21754241142123024,1.9662454290431353,0.07741469578066786,73.16799999999999,1.8378015594104398,0.07640544126417237
P4,loss,0.0,253,1012.0,20,1.9189873698755104,0.288518777372028,1.9641205716024799,0.08044275636990635,71.569,1.8362425581518853,0.07911738879252442
P4,loss,0.0,254,1016.0,20,1.9601331203103647,0.15756210555269853,1.9648060124897238,0.08297459032298063,74.455,1.8372466229398015,0.08151063136786127
P4,loss,0.0,255,1020.0,20,1.9705413533983809,0.22719700179645763,1.9660099942566454,0.08555262811738135,72.709,1.83803741277708,0.0839965556122537
P4,loss,0.0,256,1024.0,20,2.0426554020661523,0.15116753697729504,1.9703967020633244,0.08396393770663656,75.842,1.84227068033544,0.08238753511227714
P4,loss,0.0,257,1028.0,20,2.0364179970015606,0.14823838096113953,1.9729142182012953,0.08654151699961786,75.352,1.8444750045437683,0.08538210013694697
P4,loss,0.0,258,1032.0,20,1.9631155523859234,0.2497552496433364,1.9765537706294283,0.08504103779807505,71.909,1.847157909274022,0.08360383387694291
P4,loss,0.0,259,1036.0,20,1.9721516446427283,0.19699845005976774,1.976740420166647,0.07908862682264056,73.91,1.8476601821945828,0.07770241947085933
P4,loss,0.0,260,1040.0,20,2.0029633078229354,0.10765654455916603,1.978303454592685,0.07652076609849678,74.313,1.8492984882191723,0.07570164940166844
P4,loss,0.0,261,1044.0,20,1.9798024845217448,0.21465642946106409,1.978972599678006,0.07646673763624222,71.845,1.8494877057307737,0.07573871697984676
P4,loss,0.0,262,1048.0,20,1.988474671459299,0.20154300740550748,1.980684545061894,0.07268992142649658,74.179,1.8512600753257327,0.07327470401428328
P4,loss,0.0,263,1052.0,20,1.9337871084988514,0.21424339901756576,1.9807941845771448,0.07158568154872486,71.59,1.8512152916645737,0.07227911759775867
P4,loss,0.0,264,1056.0,20,1.9257894760820808,0.26162383059225186,1.9799773845244637,0.07789641468909196,72.202,1.8506054755746448,0.07860343136822248
P4,loss,0.0,265,1060.0,20,2.0326328411946166,0.1466975012844894,1.9844973046986283,0.07451626746126704,75.579,1.8556636264782456,0.07503466292757047
P4,loss,0.0,266,1064.0,20,2.002502218070527,0.1493814921739713,1.9840968796959113,0.07493176085719001,74.433,1.8553796008547319,0.0741300834380238
P4,loss,0.0,267,1068.0,20,2.005514882728121,0.18505671914638577,1.9840648532682401,0.07764392943460434,75.72200000000001,1.8551917027250433,0.07658625610291915
P4,loss,0.0,268,1072.0,20,1.9724568799718558,0.18722201646863051,1.9842419708287224,0.07929800599197878,73.39500000000001,1.8553803567573304,0.0781571586414025
P4,loss,0.0,269,1076.0,20,1.9811607855883497,0.2023616337372629,1.9824292147516236,0.07722206383897597,73.80699999999999,1.8543582887298957,0.07622934128861876
P4,loss,0.0,270,1080.0,20,2.001036214420437,0.19147395981856807,1.9862326385861604,0.08047206842979897,74.89,1.8573214642457567,0.07933461368909764
P4,loss,0.0,271,1084.0,20,2.044207720517198,0.12310334574488292,1.9888894589151769,0.08158198480567846,76.194,1.859672180073997,0.08066294812621608
P4,loss,0.0,272,1088.0,20,1.9831010547914665,0.1714869846899178,1.9889567427154096,0.08555062299075938,74.711,1.8596922315928022,0.08397073517859546
P4,loss,0.0,273,1092.0,20,1.9642968623624264,0.25269812156764343,1.9856965864668077,0.08473179318264318,72.966,1.8565892921057106,0.08398270061832781
P4,loss,0.0,274,1096.0,20,1.9345946641775194,0.27544541456599775,1.9819843631499325,0.08879235664341276,71.461,1.8519800693061665,0.08831962130674467
P4,loss,0.0,275,1100.0,20,2.063125795084294,0.15796575247831904,1.9852597619696493,0.09040764517299162,75.38300000000001,1.85499649244042,0.09025338163611143
P4,loss,0.0,276,1104.0,20,1.958619335122051,0.2690977684847762,1.9828253107855882,0.09115840580519899,71.192,1.8530869765900373,0.09143806077766439
P4,loss,0.0,277,1108.0,20,2.0301992822098374,0.1372963817417703,1.9867307209721692,0.08878709347476274,74.911,1.8575839542882584,0.08919323041423488
P4,loss,0.0,278,1112.0,20,1.9841947133844804,0.26477940123907606,1.989339014712528,0.082130426727339,72.123,1.8601768315775047,0.0823387641888199
P4,loss,0.0,279,1116.0,20,2.05073052988888,0.17178401075593114,1.9929629110956686,0.08445033979849659,74.341,1.863893743997893,0.08359987243651616
P4,loss,0.0,280,1120.0,20,2.0264920039530616,0.1366730672470911,1.9952009371178558,0.08180902761430378,75.197,1.8664224580697444,0.08123532823851175
P4,loss,0.0,281,1124.0,20,2.012996404270756,0.23564624114216373,1.99401457720604,0.08459465067454128,73.708,1.865264034008937,0.08433223115438702
P4,loss,0.0,282,1128.0,20,1.962813913956116,0.18473711854190783,1.9910704138842223,0.08459948660525236,73.57300000000001,1.8623710864139689,0.08327324563558239
P4,loss,0.0,283,1132.0,20,1.9779861885709338,0.20952559402332982,1.9916652393316228,0.08766881246765357,73.498,1.8640086950998587,0.08551124655176184
P4,loss,0.0,284,1136.0,20,1.965719836043517,0.1814957904738287,1.9914079669876543,0.0896712952569667,75.188,1.863668391198725,0.08851898592022489
P4,loss,0.0,285,1140.0,20,2.0117927697580766,0.17285534946140405,1.9917611454650597,0.09204235879012367,74.804,1.8637719059410038,0.09031004944048521
P4,loss,0.0,286,1144.0,20,2.0166038457102626,0.14561061290748595,1.9932331999126007,0.09276793775981411,75.124,1.8653255434201017,0.09054639317822388
P4,loss,0.0,287,1148.0,20,2.0610656536207146,0.12896815130051667,1.9961368391990573,0.09400549129958775,75.32000000000001,1.8676735179367707,0.09124427209280893
P4,loss,0.0,288,1152.0,20,2.059229223997062,0.17794387418856913,2.0011545238189856,0.09237475583375539,73.84299999999999,1.8722594901924985,0.0901227504339514
P4,loss,0.0,289,1156.0,20,1.9882678545430323,0.19759134253509086,2.0036536589574236,0.09099985918567344,73.649,1.874814497032954,0.08840473921821199
P4,loss,0.0,290,1160.0,20,2.044548722655036,0.14801254663129737,2.0041302942158405,0.09262812333083531,75.80199999999999,1.8754391405686601,0.08999298556436082
P4,loss,0.0,291,1164.0,20,2.0003641585798215,0.22496995432680197,2.004044771836212,0.09720420090001453,72.549,1.8749914350540084,0.09535363485911937
P4,loss,0.0,292,1168.0,20,1.9998562316875568,0.21280408897440328,2.0038184257945897,0.09694020010304527,73.343,1.8747921454014183,0.09413373006870737
P4,loss,0.0,293,1172.0,20,2.0599248376191306,0.14001375061863144,2.0073171441004805,0.09520259091216729,75.042,1.8778040556369526,0.09287792188650669
P4,loss,0.0,294,1176.0,20,2.0130918493464387,0.17673655726356632,2.0085943866508043,0.09637758157396754,75.08500000000001,1.8787689857196093,0.0943971124692494
P4,loss,0.0,295,1180.0,20,2.0416557112566975,0.14010725439295887,2.0102191665242546,0.09367371993461081,75.12899999999999,1.8813356693695726,0.09164005855659867
P4,loss,0.0,296,1184.0,20,1.9940161270599117,0.21982964925858078,2.0082115027859633,0.09500677892548118,74.42999999999999,1.8792735824548719,0.09339263751825999
P4,loss,0.0,297,1188.0,20,2.0021383731245366,0.20541423363926553,2.008972995519286,0.09511631750576915,73.235,1.8797829799993688,0.09417021080649725
P4,loss,0.0,298,1192.0,20,2.0182340435725825,0.16299214644677096,2.0111304827676926,0.09417432028352987,75.447,1.8819770425193738,0.09287659078970685
P4,loss,0.0,299,1196.0,20,2.03952967200371,0.14183877356497313,2.0153278830807397,0.09323254661996007,75.423,1.886832073458391,0.0912526046724968
P4,loss,0.0,300,1200.0,20,2.049832304439108,0.1565833679532876,2.0147961434549324,0.09372337091418075,75.404,1.8866554295387399,0.09077513849690265
P4,loss,0.0,301,1204.0,20,1.9813387299400205,0.2790610066334003,2.0157049192476513,0.09161814947507993,73.436,1.8874711892942109,0.08828009603822
P4,loss,0.0,302,1208.0,20,2.072816776094328,0.13606188470397362,2.017409619003031,0.09199370341253023,75.11999999999999,1.8883703536124465,0.08803868682316454
P4,loss,0.0,303,1212.0,20,2.0304621590367953,0.20037458417988138,2.0192603168291234,0.09596396079594292,74.202,1.8900387958772353,0.09177428901804256
P4,loss,0.0,304,1216.0,20,1.9730094348049974,0.23754633164553218,2.016151473025768,0.09369617976244252,73.59,1.8868282966160421,0.09017307110891487
P4,loss,0.0,305,1220.0,20,2.0729166712902205,0.17175662540548448,2.0180084597192547,0.09283584704795647,76.037,1.8881861627715046,0.08944150430797052
P4,loss,0.0,306,1224.0,20,2.032971316418565,0.19687837367189207,2.0188074562051668,0.09366673069733142,73.72200000000001,1.8887524639651254,0.09036476512685576
P4,loss,0.0,307,1228.0,20,2.001396767738482,0.19006417492949126,2.0203507703564614,0.09272020334996299,73.6,1.8899468903771546,0.09020845053257816
P4,loss,0.0,308,1232.0,20,2.005406080222947,0.2474060166128825,2.021447566022542,0.09517629489913801,74.301,1.8906615339480464,0.09302595401520182
P4,loss,0.0,309,1236.0,20,2.0048750405704308,0.19748158019230805,2.0230137742036183,0.09275361007720341,74.943,1.8920005822739756,0.09083117943185211
P4,loss,0.0,310,1240.0,20,2.0801722634148017,0.1398603573166785,2.0257489539498876,0.0909336827100784,75.382,1.894649729945749,0.08910734334330496
P4,loss,0.0,311,1244.0,20,2.005233387285029,0.2153852127278522,2.0252941356128784,0.09166587396585443,72.87,1.8942637683081707,0.09019031958774962
P4,loss,0.0,312,1248.0,20,2.0342147134666697,0.1578433091324373,2.024220098006716,0.09521893581936432,76.059,1.8939734347889203,0.09281764920581637
P4,loss,0.0,313,1252.0,20,2.09691352887286,0.15669333627026208,2.0257274702017485,0.095709201398925,75.82000000000001,1.8957056388515157,0.09302535019423575
P4,loss,0.0,314,1256.0,20,2.0710298178676436,0.14995585688585814,2.029037948734733,0.09298537736028813,75.12,1.8987712130906562,0.09063495563473155
P4,loss,0.0,315,1260.0,20,2.0334800016069936,0.1804096470836964,2.0285951998928113,0.09024333626011516,74.624,1.89883477568174,0.0883098173506003
P4,loss,0.0,316,1264.0,20,2.0593533684710716,0.17493353474585344,2.030954768288461,0.08765184947590048,73.938,1.9012216073986525,0.08576435769268709
P4,loss,0.0,317,1268.0,20,2.0295665489159416,0.17821421140839283,2.0321431809775965,0.08222161099937922,75.852,1.9024334034297437,0.08181454057495964
P4,loss,0.0,318,1272.0,20,2.082463593521823,0.11428244933219626,2.033044731213704,0.08157875632661953,75.691,1.903189376842261,0.08088171411334212
P4,loss,0.0,319,1276.0,20,2.0620354115195,0.16513181577470004,2.0350024737006267,0.08106847834031625,74.451,1.9051858156561363,0.0803157627709488
P4,loss,0.0,320,1280.0,20,2.1109951149603026,0.12403174540337218,2.037776049848771,0.08302419250024043,75.411,1.907229903961549,0.08180213031723739
P4,loss,0.0,321,1284.0,20,2.101664076959246,0.12546316888635012,2.0420819678447444,0.07917762958142709,74.49199999999999,1.9115839337009262,0.07861596323415747
P4,loss,0.0,322,1288.0,20,2.1121604249962407,0.1085492592119279,2.046482849919612,0.07731919847895863,75.717,1.9160376869604814,0.0764961005721247
P4,loss,0.0,323,1292.0,20,2.0343211451988634,0.19348207687301672,2.0471263339846635,0.0763814634198256,74.28200000000001,1.9169190913566243,0.07552826271059644
P4,loss,0.0,324,1296.0,20,2.1053989866652847,0.11035082410082134,2.0497611065711263,0.07458100119211064,76.202,1.918983248319704,0.07415305640403107
P4,loss,0.0,325,1300.0,20,2.0609857383352987,0.18302179188006837,2.050207243926974,0.07608814619014866,75.67,1.9190534415472538,0.0750064561095185
P4,loss,0.0,326,1304.0,20,2.045803471845717,0.15333369753754136,2.052785833603202,0.07551695112644514,75.701,1.921743671161402,0.07491803019808908
P4,loss,0.0,327,1308.0,20,2.0289027514429963,0.1800731870078154,2.051029272617149,0.07448445517236903,76.027,1.9200468618566728,0.07458246894639524
P4,loss,0.0,328,1312.0,20,2.045017469145642,0.1578359629417366,2.051611485021503,0.07183728356258477,75.369,1.9215246252180882,0.0718968924515811
P4,loss,0.0,329,1316.0,20,2.0743551675424916,0.12225531109025524,2.0556653143310024,0.07132627809657457,75.048,1.9265777819978414,0.07177046177650202
P4,loss,0.0,330,1320.0,20,2.0400842946669258,0.1698517371289699,2.0543520192660707,0.07269152900041022,75.466,1.9254744714129923,0.07355047687937837
P4,loss,0.0,331,1324.0,20,2.1351776185246782,0.08656888753076927,2.058440271350315,0.07107453582867955,75.752,1.9295838823177234,0.07129290747772318
P4,loss,0.0,332,1328.0,20,2.022743533331101,0.1557712683511161,2.05929414197402,0.07305539220163086,75.87,1.9309153525275637,0.07224857503649611
P4,loss,0.0,333,1332.0,20,2.0555734195281894,0.24821382231213043,2.0613008355462297,0.07502401133324488,74.303,1.9324653984018945,0.07492661789764796
P4,loss,0.0,334,1336.0,20,2.046040722151459,0.1410464709863274,2.062947462809471,0.07043102330840743,75.208,1.9334090251478049,0.07063944291849611
P4,loss,0.0,335,1340.0,20,2.016511354384249,0.2094555679439722,2.0604010264482486,0.06923780995178294,73.62899999999999,1.9313137010473174,0.06998878972663934
P4,loss,0.0,336,1344.0,20,2.012723989828997,0.17817254765599483,2.0607006505500074,0.0640806918882874,74.14,1.9317706453767016,0.06485562550104308
P4,loss,0.0,337,1348.0,20,2.0926388300484673,0.14801579810757862,2.0630376152132794,0.06262133733016975,75.705,1.9332803467187112,0.06387211774473546
P4,loss,0.0,338,1352.0,20,2.0693858187647667,0.18656729394965,2.061936506808956,0.059140655344408356,73.192,1.9323428699750185,0.06052783951047815
P4,loss,0.0,339,1356.0,20,2.0416128148950428,0.16071946497254677,2.0607598266900515,0.0594529987949486,73.65,1.9315079901665129,0.06110932491521911
P4,loss,0.0,340,1360.0,20,2.0848370994981114,0.12628684327641962,2.062814110605696,0.06197558388922393,75.66999999999999,1.9331048503884172,0.06316232164426734
P4,loss,0.0,341,1364.0,20,1.984319694763411,0.18789763557893582,2.0598127636573897,0.06169222084011872,73.26599999999999,1.9309592716760136,0.06299707169262832
P4,loss,0.0,342,1368.0,20,2.0563450221624118,0.1463653336161149,2.0608839025872485,0.06360746824298402,75.204,1.9321319625975952,0.06584890876005398
P4,loss,0.0,343,1372.0,20,2.008371045990424,0.2596111281811416,2.0579202006859925,0.06642146324902748,74.206,1.9296712612136697,0.06789956080318764
P4,loss,0.0,344,1376.0,20,2.106073473618758,0.1622980162841415,2.059681723169963,0.0671894025462873,76.11699999999999,1.9308227992175575,0.06891573100833602
P4,loss,0.0,345,1380.0,20,2.043564140733906,0.11367507871759361,2.0569844842009073,0.06545704002183536,75.02799999999999,1.9288503921160647,0.06795212249012902
P4,loss,0.0,346,1384.0,20,2.153612918439274,0.08612844181013105,2.059062437860108,0.0667566544611246,76.158,1.9306058418952865,0.06878681014668574
P4,loss,0.0,347,1388.0,20,2.0718985004043224,0.18612173094531093,2.0574519608764317,0.06933082998225769,74.574,1.929173637027492,0.07132118377747983
P4,loss,0.0,348,1392.0,20,2.1029997977754493,0.09513527602935434,2.060199106979495,0.06811893719375055,75.727,1.9316557029443164,0.07064846519964282
P4,loss,0.0,349,1396.0,20,2.0864370773638083,0.13744753177459676,2.059440630607436,0.06715627983952337,75.78999999999999,1.931437474890933,0.06953887583526538
P4,loss,0.0,350,1400.0,20,2.0502600857779685,0.13871166112771474,2.0590116045051428,0.06430512291487939,75.1,1.9311890488921057,0.06746944494610872
P4,loss,0.0,351,1404.0,20,2.017553062554403,0.18605363599470245,2.05788158813349,0.06347867748149812,74.962,1.9301559285370078,0.06675780769610017
P4,loss,0.0,352,1408.0,20,2.109036277791496,0.10057108404311238,2.06108692918743,0.06270140200089777,75.447,1.9336496296530274,0.06621363234747768
P4,loss,0.0,353,1412.0,20,2.119370182933216,0.12871711538514355,2.064061037738933,0.06254453241858912,76.34,1.935305114303858,0.0657626638233405
P4,loss,0.0,354,1416.0,20,2.0950454732332906,0.17394069008625748,2.064888649966565,0.0627819394168938,75.404,1.934941262485965,0.06494547944373247
P4,loss,0.0,355,1420.0,20,2.113266321593006,0.14629492677237593,2.0678159310436084,0.06219338409422899,76.17999999999999,1.9377979279396247,0.06433999952634699
P4,loss,0.0,356,1424.0,20,2.095021405225178,0.14725503398836015,2.0662096825116283,0.06338686651135908,74.283,1.9361984564381671,0.06618719354842735
P4,loss,0.0,357,1428.0,20,2.076308476443499,0.0880605989257883,2.068352280236124,0.0607567825560118,75.723,1.9385239822537135,0.06484308555785537
P4,loss,0.0,358,1432.0,20,2.075434760200681,0.15085642802787846,2.069146733863024,0.054857190568050794,74.946,1.9395906034957189,0.058438995789525744
P4,loss,0.0,359,1436.0,20,2.0963547849876685,0.1291972653337745,2.0711592963764724,0.05565666132524309,75.785,1.941438758352675,0.058897570571656746
P4,loss,0.0,360,1440.0,20,2.0512953390167055,0.18298483505466162,2.0725506557617703,0.05526139447197557,74.184,1.9426611575724273,0.05764077701494237
P4,loss,0.0,361,1444.0,20,2.0694316765875778,0.14796543974069848,2.0748189632321137,0.05500245293519502,75.853,1.9444063920991597,0.05748663277654697
P4,loss,0.0,362,1448.0,20,2.052352681950152,0.18071266618383006,2.073207517308181,0.05441113187481806,74.56899999999999,1.943370890303525,0.057541307906179874
P4,loss,0.0,363,1452.0,20,2.076115171954263,0.17483243511037147,2.0734766914357605,0.05828605602197399,74.211,1.9436491694492115,0.061539616223223466
P4,loss,0.0,364,1456.0,20,2.096800071559256,0.19541295556449564,2.0756841817023295,0.0594443780872634,73.747,1.9450116519558214,0.06274100659331491
P4,loss,0.0,365,1460.0,20,2.098769286878191,0.10853489433745103,2.076241469197533,0.05923249784547155,75.958,1.9457703879766324,0.06244528556928613
P4,loss,0.0,366,1464.0,20,2.1039567332165943,0.12255105941216618,2.08102695073566,0.06156934706487106,76.063,1.9499001012788568,0.06431227031539498
P4,loss,0.0,367,1468.0,20,2.122736871024128,0.11969283998754988,2.0836826246901285,0.061282463782312065,76.089,1.952474295667883,0.06313313076074101
P4,loss,0.0,368,1472.0,20,2.0547161057755416,0.15564364917933335,2.085536427081533,0.06067832253471342,75.947,1.9545249940758427,0.06381804806586074
P4,loss,0.0,369,1476.0,20,2.1366202956377585,0.06848232417903034,2.0867582999622933,0.059309205960950344,75.392,1.956293426708284,0.06202262899383403
P4,loss,0.0,370,1480.0,20,2.1467671980101133,0.1067716090909315,2.090886422253342,0.058816624341947725,76.405,1.9594920611566007,0.06116248379131747
P4,loss,0.0,371,1484.0,20,2.133414404248416,0.08426718428454791,2.0900784816857074,0.05881818881467347,75.642,1.9590609441792406,0.06148106338479795
P4,loss,0.0,372,1488.0,20,2.082660033748469,0.1573399991007088,2.090508943019473,0.05534953673174121,75.81899999999999,1.9594263253267674,0.05776538821241833
P4,loss,0.0,373,1492.0,20,2.0631164945392797,0.16448655730672382,2.0889136108900264,0.057553409068256615,75.875,1.9582566010607454,0.058784847073614546
P4,loss,0.0,374,1496.0,20,2.0727167204093844,0.16128998689318605,2.0883647966118497,0.05745692093044441,74.103,1.957167434997778,0.05909832564205733
P4,loss,0.0,375,1500.0,20,2.1391022293276283,0.07916801889185736,2.0919184823538357,0.057524856967751115,76.75,1.960649160056888,0.058252933201676856
P4,loss,0.0,376,1504.0,20,2.023344938719789,0.20110543778816684,2.092150157400451,0.05904523309396515,73.875,1.9609055635049522,0.059655750663094816
P4,loss,0.0,377,1508.0,20,2.117146866150068,0.07302694385391001,2.092474580934794,0.05626553381593438,75.338,1.9619540429109967,0.05712048893605644
P4,loss,0.0,378,1512.0,20,2.135566270938555,0.1174782879523112,2.0931224244550077,0.0546480239336021,76.009,1.9628739505802018,0.054920702457991806
P4,loss,0.0,379,1516.0,20,2.1325595286524517,0.09088865754687077,2.0946229866717743,0.056069368297233906,76.46799999999999,1.9646814967597201,0.056709717594251655
P4,loss,0.0,380,1520.0,20,2.150169112688398,0.07918889766492225,2.09609909831559,0.05514172589955954,75.511,1.9660437439441467,0.055843238488479156
P4,loss,0.0,381,1524.0,20,2.107811741461809,0.1034915946077874,2.096610711765055,0.056106576823739915,75.749,1.9670307324582779,0.056074560254036544
P4,loss,0.0,382,1528.0,20,2.10923417701635,0.09429858559403598,2.097927739787969,0.05616602875750553,74.755,1.967791112783313,0.055890536038489674
P4,loss,0.0,383,1532.0,20,2.1426047352552575,0.08997250679162622,2.1006145387901523,0.05683523220055003,76.136,1.9703468719510417,0.05598930666306839
P4,loss,0.0,384,1536.0,20,2.1559474041440874,0.10481054250593096,2.102998243556409,0.056556495225281396,76.40599999999999,1.9727964328993992,0.055990755190060165
P4,loss,0.0,385,1540.0,20,2.145376290316953,0.08951118112862293,2.1067614816084186,0.057908495992094536,76.424,1.9760937113031936,0.05679845475541534
P4,loss,0.0,386,1544.0,20,2.1018930475488515,0.10509148450692538,2.10805993644687,0.05712961331632213,75.62100000000001,1.978075094232695,0.05597362572401663
P4,loss,0.0,387,1548.0,20,2.116838203315603,0.09609201504195379,2.110639357301488,0.0528992044566727,76.107,1.980426682702419,0.05134380551594224
P4,loss,0.0,388,1552.0,20,2.1077837934326604,0.11960233436112747,2.111906102160624,0.0512368807993189,75.916,1.9815563866924397,0.05030027051930646
P4,loss,0.0,389,1556.0,20,2.1214108142109835,0.08178873135776611,2.112890531866693,0.04587140324427869,75.795,1.9832410233307385,0.04542485008540673
P4,loss,0.0,390,1560.0,20,2.0511181059912365,0.2071560693137692,2.1109844846312145,0.04671639522873078,74.08,1.9818481680249032,0.046886350809413814
P4,loss,0.0,391,1564.0,20,2.090047215077803,0.1761700524213592,2.110428103905663,0.04993064983757262,76.478,1.9811723874028178,0.04986191414721974
P4,loss,0.0,392,1568.0,20,2.1199817010266466,0.09095075171364597,2.1103178971057637,0.04810092145878186,76.209,1.9807514201269742,0.048132070613605776
P4,loss,0.0,393,1572.0,20,2.0968380860409197,0.18751617781108182,2.112002776316379,0.04758028363230441,73.97,1.9816144679873566,0.04777698031958144
P4,loss,0.0,394,1576.0,20,2.100891998783361,0.14390663627238123,2.110573644442203,0.046443608597991556,75.732,1.9800077365270454,0.04724598946338004
P4,loss,0.0,395,1580.0,20,2.071439449847671,0.16642175945395363,2.1075605345157054,0.05056252449507437,76.001,1.9773186824722493,0.051066418516145566
P4,loss,0.0,396,1584.0,20,2.1400279212726274,0.07365957534227831,2.107825075196674,0.049991254876887235,76.30499999999999,1.9777079515546663,0.05024341626343884
P4,loss,0.0,397,1588.0,20,2.119516221218496,0.11093947613188038,2.109299322695475,0.05140409132008352,76.112,1.9800233268341194,0.05161038063147711
P4,loss,0.0,398,1592.0,20,2.108196346538763,0.12195530681326507,2.1111025167754542,0.048363321164320384,76.288,1.9811046895638662,0.04905196742020806
P4,loss,0.0,399,1596.0,20,2.1379574970259703,0.060414985532488946,2.1137121478401175,0.04902932393922771,75.82300000000001,1.9844307200077327,0.04913086937513763
P4,loss,0.0,400,1600.0,20,2.1377114284018335,0.09143233707403457,2.113656515803086,0.04959212634922357,75.84700000000001,1.9836718805211409,0.05028395374516447
P4,loss,0.0,401,1604.0,20,2.107040679215839,0.10940445794510684,2.117004345422928,0.045800662485341224,75.564,1.987277133834723,0.0465721645134565
P4,loss,0.0,402,1608.0,20,2.065633866874053,0.11176122258382117,2.1149438254518875,0.04756796468415571,75.628,1.9846631736153637,0.04903529754483481
P4,loss,0.0,403,1612.0,20,2.0807925376840646,0.15317405362517705,2.1127528761217076,0.050874076318995806,75.929,1.9827334244921164,0.05166245990131618
P4,loss,0.0,404,1616.0,20,2.117424023556568,0.10110996607610626,2.112147455917872,0.050276405894420416,75.662,1.982603948416579,0.050512981470092685
P4,loss,0.0,405,1620.0,20,2.12811833362864,0.09783223075576497,2.111265424755482,0.0506176681436744,75.751,1.9818947573990413,0.05121594955351596
P4,loss,0.0,406,1624.0,20,2.139694476358092,0.13043682684525568,2.1125407341513336,0.05132346118326415,75.985,1.9826195235977895,0.05237047627856943
P4,loss,0.0,407,1628.0,20,2.1389025863971574,0.11587544770556824,2.113727470526565,0.05104022444831297,76.3,1.983637299807476,0.05170687728902007
P4,loss,0.0,408,1632.0,20,2.120656941427395,0.12553463054638128,2.112849558773451,0.05049465143842684,75.772,1.983498963843291,0.05114784999387412
P4,loss,0.0,409,1636.0,20,2.1585883250819764,0.11059783202946101,2.1129551956109665,0.0493245255836861,76.245,1.983368904871184,0.050619710240144715
P4,loss,0.0,410,1640.0,20,2.094359190034073,0.20372273612004377,2.1109145115996517,0.049456163836657796,73.623,1.9823352048226208,0.050501467143029125
P4,loss,0.0,411,1644.0,20,2.1451586844302994,0.10447642478629555,2.1126451370749093,0.0498675734060132,76.352,1.983289886169581,0.05119877716082204
P4,loss,0.0,412,1648.0,20,2.0974995744160845,0.13931468045143164,2.1118715919189284,0.05187593424942246,74.644,1.9829946131294822,0.052449910896332705
P4,loss,0.0,413,1652.0,20,2.0606613588989737,0.1910251549024591,2.1099866945375814,0.048962320143459186,74.118,1.9818220282158017,0.049882057431124956
P4,loss,0.0,414,1656.0,20,2.1227022480859024,0.11086274526755438,2.1100383518925776,0.04919589438867717,76.18199999999999,1.9819247978315329,0.05003624685426093
P4,loss,0.0,415,1660.0,20,2.092315027563189,0.14255032730994613,2.111686228755456,0.04954860763500626,76.14099999999999,1.9828665701936348,0.05073532443553505
P4,loss,0.0,416,1664.0,20,2.143261570349267,0.08981649756993018,2.1138148029663144,0.048234097245784355,76.064,1.9850416006900597,0.04901679960428414
P4,loss,0.0,417,1668.0,20,2.0737438125837198,0.15198380402069084,2.1119652874285975,0.047539940000450566,74.04400000000001,1.983953285359275,0.048438537118180504
P4,loss,0.0,418,1672.0,20,2.07597082415366,0.20566634422254101,2.111130596953107,0.04632095594392724,74.396,1.984062930113997,0.04619126338974674
P4,loss,0.0,419,1676.0,20,2.147918759834482,0.07756627940587797,2.113011667395152,0.046323904741332876,75.791,1.9853656249740446,0.04536184120879432
P4,loss,0.0,420,1680.0,20,2.1444621730543414,0.1146473579040738,2.1159325763234187,0.044002210861120626,76.053,1.987987206432058,0.04359472930862309
P4,loss,0.0,421,1684.0,20,2.1389084731823083,0.11378852381153985,2.115887798399806,0.043311145017908156,76.33099999999999,1.9876703643594542,0.04353271104895439
P4,loss,0.0,422,1688.0,20,2.1369465647304304,0.04860120781887337,2.116585012140283,0.0420245700661872,76.072,1.9883675780999315,0.042541435157671864
P4,loss,0.0,423,1692.0,20,2.158253358642766,0.05291600210558515,2.1185872926244436,0.040763659752568626,76.33099999999999,1.990688585950879,0.04109972113427447
P4,loss,0.0,424,1696.0,20,2.1232902029063667,0.12245927187961161,2.1180006008596592,0.04206842671881295,76.04400000000001,1.9894104301405697,0.0418029446840059
P4,loss,0.0,425,1700.0,20,2.140377992877952,0.12745009593476916,2.118107263438704,0.04189793760486087,76.511,1.9898775169306855,0.04103869055499702
P4,loss,0.0,426,1704.0,20,2.1358307734369832,0.1070631479776955,2.1192588672075496,0.04421383088396881,76.329,1.9907028403063598,0.043264385491129057
P4,loss,0.0,427,1708.0,20,2.069583502401831,0.19212543721240424,2.119416852628661,0.039914819237309086,73.976,1.9909243539219872,0.03863881777715974
P4,loss,0.0,428,1712.0,20,2.076312402140904,0.19743283045904358,2.1192376472069343,0.039398249295699315,74.181,1.990649701009314,0.03815523858751097
P4,loss,0.0,429,1716.0,20,2.149774049667461,0.0853574480136525,2.12053164825137,0.039805540134894755,76.131,1.9911041262648208,0.03795618063145212
P4,loss,0.0,430,1720.0,20,2.128721296987956,0.10067681546766158,2.120555766785743,0.04180174957477697,75.75699999999999,1.990975580546736,0.040714096328808465
P4,loss,0.0,431,1724.0,20,2.1129716473281284,0.12529747456854706,2.1194868536245446,0.03966145038667316,76.032,1.9909090988392364,0.03935739693766464
P4,loss,0.0,432,1728.0,20,2.100086926720756,0.16612680276402303,2.1179342272374884,0.04164442002081963,74.017,1.9895144652095524,0.04083485937273023
P4,loss,0.0,433,1732.0,20,2.163737706872474,0.07664696737209335,2.119657457855291,0.04019230376253706,76.521,1.990067080203972,0.03984879783358949
P4,loss,0.0,434,1736.0,20,2.119406561578269,0.0926417142502994,2.118090187315143,0.04209590288539122,76.217,1.98970912161416,0.040833979995009845
P4,loss,0.0,435,1740.0,20,2.144590769893572,0.1279733557994696,2.120099450509523,0.03985454413092915,76.28999999999999,1.9908596160553067,0.03803367431040772
P4,loss,0.0,436,1744.0,20,2.142562943271929,0.07777139892222576,2.1199956208631883,0.036884292056616946,76.443,1.9908302820116623,0.035257382894726436
P4,loss,0.0,437,1748.0,20,2.1358968745292155,0.09554012359005473,2.1215315128677137,0.03494095887680782,76.4,1.9921553100741285,0.03320053483533464
P4,loss,0.0,438,1752.0,20,2.17621906244289,0.035897601370931856,2.12615382100947,0.03656470958695772,76.454,1.9962249539634278,0.0352233978387346
P4,loss,0.0,439,1756.0,20,2.160738447373799,0.0666487218782371,2.127675268980986,0.03432984386314196,75.53999999999999,1.9975797697569821,0.032598131257324206
P4,loss,0.0,440,1760.0,20,2.1288191669505565,0.12409370570643323,2.1291354345564804,0.03390880787092818,75.89500000000001,1.9988537997918663,0.032347405291932
P4,loss,0.0,441,1764.0,20,2.1649960394506826,0.057177983371322,2.130004813320537,0.03280168000389221,75.856,1.9999294899889286,0.031125201474187687
P4,loss,0.0,442,1768.0,20,2.145620384850643,0.12839201262336047,2.132879876211214,0.03207553947629963,76.47999999999999,2.0024441286685346,0.030308961085220486
P4,loss,0.0,443,1772.0,20,2.129704964421939,0.1260404870845774,2.1350292418219454,0.03111481644721185,75.951,2.00393617405164,0.028465483921715967
P4,loss,0.0,444,1776.0,20,2.1463393835469144,0.08088140178467226,2.134966066770443,0.031756794738553785,76.594,2.0037266461806857,0.02953732606964522
P4,loss,0.0,445,1780.0,20,2.09133812314452,0.1823955159485269,2.13284110477405,0.03316060430903861,75.67,2.001714876113936,0.031058002541883456
P4,loss,0.0,446,1784.0,20,2.1659423962847812,0.046358631241944524,2.133922461698149,0.0333940573378091,75.737,2.002677609137362,0.03076885401387118
P4,loss,0.0,447,1788.0,20,2.135265710940093,0.09930517346182825,2.1338552275465354,0.03383060929800896,76.27799999999999,2.001537431374781,0.03168174339341642
P4,loss,0.0,448,1792.0,20,2.1319587433039926,0.1043655124959582,2.1328034429329845,0.03338590967879264,75.931,2.000608047175095,0.03157080921277455
P4,loss,0.0,449,1796.0,20,2.1546359642781785,0.06150853299242111,2.1340572733878567,0.03170122104682667,76.133,2.0021455817168787,0.030723365556316568
P4,loss,0.0,450,1800.0,20,2.1645736848617423,0.04379902880977503,2.1350251010672086,0.029680399052943496,76.011,2.0038677291065254,0.028772207219493532
P4,loss,0.0,451,1804.0,20,2.163407610186859,0.05597976981968378,2.1361281745372036,0.028299432214700854,76.333,2.0049157068703645,0.02758105254991927
P4,loss,0.0,452,1808.0,20,2.153563523531237,0.07190479697412686,2.1394873753823798,0.02901762969078056,76.326,2.008232227943166,0.02736667577748516
P4,loss,0.0,453,1812.0,20,2.161069852166199,0.04905766003284326,2.142877673383391,0.025469888328570153,76.30699999999999,2.011597901008844,0.024125278645574698
P4,loss,0.0,454,1816.0,20,2.1616647486764484,0.0556143662899727,2.143353301343751,0.02395753187898208,76.471,2.012055008534646,0.02263015110923961
P4,loss,0.0,455,1820.0,20,2.11550184608478,0.13162187202726677,2.142824523307624,0.023925857004957054,75.818,2.011792086680619,0.02128441898071529
P4,loss,0.0,456,1824.0,20,2.129917756897254,0.1265968842150487,2.143502367690389,0.025089831043664756,75.768,2.012032786728154,0.021772945623544877
P4,loss,0.0,457,1828.0,20,2.1275006862638706,0.07484075351502167,2.1445989180721137,0.02509368674905868,76.111,2.0137109201414356,0.022085631835326875
P4,loss,0.0,458,1832.0,20,2.1493681258191035,0.09549929124467693,2.1440241348299787,0.02438084729053634,76.623,2.0133997685599323,0.02143357124379889
P4,loss,0.0,459,1836.0,20,2.1873636987599108,0.03498735937197921,2.1467424203172447,0.023498615040383336,76.712,2.0151995336126403,0.020583447137938336
P4,loss,0.0,460,1840.0,20,2.1327532830785447,0.10233662125361806,2.1462689208446433,0.022630743451934426,76.357,2.01496938644216,0.019989806466406586
P4,loss,0.0,461,1844.0,20,2.1491878344214608,0.0458925292273976,2.1465339164906245,0.02256825381145275,76.255,2.015980734907593,0.01989102693874965
P4,loss,0.0,462,1848.0,20,2.1159888728124985,0.1140277159646273,2.145737596421956,0.023360121035585067,76.476,2.015496830772706,0.020027264807408695
P4,loss,0.0,463,1852.0,20,2.131143854894743,0.10407706377135602,2.14393458812003,0.022676055852581273,76.438,2.0136969264542257,0.020616081509933708
P4,loss,0.0,464,1856.0,20,2.111366685613889,0.14865571102200903,2.1419597176496334,0.025170829381611973,76.375,2.0117289364804667,0.02319372690037858
P4,loss,0.0,465,1860.0,20,2.132229995573006,0.07805561212226773,2.142096150794532,0.02517474974986897,76.071,2.0124553851452816,0.023691119291016593
P4,loss,0.0,466,1864.0,20,2.1644464822325484,0.0637601367702815,2.1420741685058062,0.025406448684447754,76.603,2.011696155055211,0.02446057022743135
P4,loss,0.0,467,1868.0,20,2.1207591034581164,0.12186404385789848,2.141079717250105,0.024133921369587072,76.196,2.010990839857451,0.023375280527425442
P4,loss,0.0,468,1872.0,20,2.1812122917912022,0.06753178349540717,2.1431400103448754,0.02169279496277122,76.64099999999999,2.0119493740282692,0.021691311202655647
P4,loss,0.0,469,1876.0,20,2.16322552046057,0.050102407269155366,2.143815455821422,0.021699360392253182,76.038,2.0135960041918306,0.02151905126641386
P4,loss,0.0,470,1880.0,20,2.1051372444950873,0.1436390146894887,2.1443674206754446,0.0209726754364274,75.814,2.014601512760287,0.02056892833934232
P4,loss,0.0,471,1884.0,20,2.1361598062212295,0.12202269974581753,2.1431761170729025,0.018542545404872716,76.223,2.0132993452156858,0.01908435812614825
P4,loss,0.0,472,1888.0,20,2.1193395592936928,0.11062934031070547,2.1425390710070467,0.017252357696818817,76.452,2.013389562471092,0.019055480824870522
P4,loss,0.0,473,1892.0,20,2.1196495077514528,0.14621854312458152,2.142046701584945,0.021463627063100333,74.593,2.0128939855994306,0.022473245304893596
P4,loss,0.0,474,1896.0,20,2.1658008168326885,0.054478357354784415,2.1424932956871254,0.021069442329842168,76.34299999999999,2.0131901399706225,0.022372718878048405
P4,loss,0.0,475,1900.0,20,2.1614725313816106,0.04940806998880377,2.14236924954792,0.02092956284169475,75.974,2.0125257420466265,0.023055866758897293
P4,loss,0.0,476,1904.0,20,2.1648653787205783,0.047451133233595226,2.142427560289269,0.020417257785783915,76.411,2.012501900692787,0.022708762971566276
P4,loss,0.0,477,1908.0,20,2.132438420425993,0.08354404577989831,2.1415825561650594,0.02068462222204759,75.826,2.0115801764444177,0.02276225618817953
P4,loss,0.0,478,1912.0,20,2.1535640991886904,0.05363277157414949,2.141282326045959,0.020633198120875294,76.089,2.0121155386688248,0.022531813839647193
P4,loss,0.0,479,1916.0,20,2.124795493274809,0.07529623488762188,2.139807555829893,0.019958472054180616,75.434,2.011688776730048,0.022083467185258096
P4,loss,0.0,480,1920.0,20,2.133301095138898,0.0965564545664135,2.1405195257920577,0.018347445428720816,76.089,2.0121062821293574,0.021919598719457332
P4,loss,0.0,481,1924.0,20,2.1734103864805374,0.03451474227927925,2.142259230975389,0.019461062643619194,76.30199999999999,2.0135404518755444,0.02320501351852979
P4,loss,0.0,482,1928.0,20,2.1356831913104544,0.07256099784166659,2.1425865311772525,0.018550287066783536,75.471,2.0138755120360217,0.022936776283603067
P4,loss,0.0,483,1932.0,20,2.172458474171448,0.03720786380826806,2.1435101451113465,0.017038618086094283,76.321,2.015035494309484,0.021911710046713134
P4,loss,0.0,484,1936.0,20,2.176342654836232,0.04387082766977007,2.143069303354399,0.016681651485635305,76.201,2.014700757053313,0.02189714455939717
P4,loss,0.0,485,1940.0,20,2.1431129686624155,0.06843778410358432,2.143483690777754,0.015670828790616164,75.433,2.015119800451836,0.020765641747514055
P4,loss,0.0,486,1944.0,20,2.1712143137279174,0.06807162102288732,2.1443647499500122,0.01566234560061862,75.981,2.0150977556406486,0.020505943117441822
P4,loss,0.0,487,1948.0,20,2.1639321546312997,0.07705791136799059,2.1462824812227645,0.01458414441787228,76.108,2.016624798863737,0.020147622443161605
P4,loss,0.0,488,1952.0,20,2.1735645363147986,0.03425148547532158,2.1479793084795666,0.014826468017955388,76.498,2.018429386079153,0.019281992142788966
P4,loss,0.0,489,1956.0,20,2.1095360391543747,0.1641571863039197,2.147906082621186,0.013882596440926907,74.435,2.0187018405104773,0.019318556238746794
P4,loss,0.0,490,1960.0,20,2.1826058565504494,0.03091149581194906,2.1499211170602837,0.014239754550814072,76.255,2.020584179657283,0.019465695470289188
P4,loss,0.0,491,1964.0,20,2.155826081448172,0.06581589117175381,2.149576301028909,0.015614020775504667,75.884,2.020912979766622,0.019907355758554224
P4,loss,0.0,492,1968.0,20,2.1565239819015223,0.06001795552601629,2.1510068961666446,0.014317462502598972,75.896,2.0220620953389163,0.017133956985300153
P4,loss,0.0,493,1972.0,20,2.15816805256933,0.07453418697113197,2.1500851265977703,0.013366523461108669,76.127,2.0218963009381734,0.016175708682259822
P4,loss,0.0,494,1976.0,20,2.1589335571453727,0.0743854603746901,2.1499134480651625,0.01383684933368041,76.534,2.0211573176978574,0.016420996699291045
P4,loss,0.0,495,1980.0,20,2.1612120073258185,0.04538363592811856,2.1521564385783916,0.013120709122634086,76.34299999999999,2.023607292173839,0.013910203785066457
P4,loss,0.0,496,1984.0,20,2.1619007003979234,0.05116975314776398,2.1531860743454594,0.012055733983276562,75.49499999999999,2.0253384799326293,0.01337311754226904
P4,loss,0.0,497,1988.0,20,2.1542142763405616,0.07602346926770863,2.154581063027334,0.012384186029211248,75.431,2.0260658535084515,0.01295298189326146
P4,loss,0.0,498,1992.0,20,2.146575539238874,0.09092185543776173,2.155658104286831,0.015288965221170701,76.137,2.0268244777995053,0.01347297114207255
P4,loss,0.0,499,1996.0,20,2.1490234266244257,0.11428488672772484,2.1549870086785003,0.012190806554820828,76.265,2.0262432942449773,0.01260077449053581
P4,loss,0.0,500,2000.0,20,2.1244016153858163,0.09588536752730299,2.1535041720386685,0.013731358906949011,75.981,2.025219329824494,0.013753256414980075
P4,loss,0.0,501,2004.0,20,2.1611708310679587,0.04750863653877795,2.153356390132564,0.012720817783072958,76.155,2.025532851591436,0.01332252915602177
P4,loss,0.0,502,2008.0,20,2.1434687885215453,0.092451001687263,2.153797604856386,0.012878267255414926,76.309,2.026160874385615,0.014531541676782476
P4,loss,0.0,503,2012.0,20,2.140734331259431,0.1366155519876775,2.1532844141392156,0.0143594823198338,75.821,2.024903555370462,0.016297407640745547
P4,loss,0.0,504,2016.0,20,2.1682865549643506,0.04379884744503093,2.155024056606797,0.014368098181893075,76.147,2.025745525825628,0.016158058590771237
P4,loss,0.0,505,2020.0,20,2.1653394387257707,0.0370027051471551,2.1563055903502724,0.0147183003839363,76.387,2.0270061076808465,0.01636052125507336
P4,loss,0.0,506,2024.0,20,2.1482789530661712,0.07324783505019093,2.1553003330136975,0.015265366379024089,76.298,2.026266706526372,0.017684741240838808
P4,loss,0.0,507,2028.0,20,2.1453560385932726,0.08484657203854606,2.15568724690501,0.014659011490057081,76.265,2.026586005311632,0.01672856047767112
P4,loss,0.0,508,2032.0,20,2.151932335986432,0.06128226011041594,2.1548662013776094,0.01574429116675098,76.041,2.0262619592669004,0.01758354304324863
P4,loss,0.0,509,2036.0,20,2.153483977737854,0.0715317556067841,2.153951854293674,0.016848958665934086,76.337,2.025648388178827,0.017809424506717075
P4,loss,0.0,510,2040.0,20,2.1529203145085334,0.06405775769862429,2.154344148127519,0.016984016272179832,76.285,2.0262491145010317,0.017206125721133135
P4,loss,0.0,511,2044.0,20,2.170029805704526,0.03104686549906946,2.1542967678065836,0.017955965438166223,76.401,2.027167693828311,0.017817962260203362
P4,loss,0.0,512,2048.0,20,2.1106291706873224,0.15120078733179051,2.1521646484488244,0.01784501733515822,76.138,2.0255627343256997,0.018091096508677632
P5,loss,0.5,1,4.0,20,1.840180682446785,0.2823061568160947,1.840180682446785,0.2823061568160947,71.622,1.703283372565771,0.27677366038448853
P5,loss,0.5,2,8.0,20,1.6816798596178315,0.30689247775222367,1.7609302710323083,0.21502631033227082,66.53,1.624077580913322,0.2197189404705335
P5,loss,0.5,3,12.0,20,1.7235498541787966,0.25408119276756447,1.7484701320811376,0.1734649049343266,70.102,1.6078415754334396,0.177371529607176
P5,loss,0.5,4,16.0,20,1.8177248786028433,0.34534828551093943,1.765783818711564,0.1416732441226731,70.196,1.623911728696044,0.14269949807315155
P5,loss,0.5,5,20.0,20,1.8061641656229788,0.2391235278765902,1.7738598880938472,0.13078628042928356,71.55,1.6353003950778096,0.1324053265037758
P5,loss,0.5,6,24.0,20,1.7441492699956442,0.2898654994237646,1.7689081184108133,0.1119231071685838,71.12100000000001,1.632960756796742,0.11419775812552661
P5,loss,0.5,7,28.0,20,1.6220928405528603,0.3543874198887724,1.7479345072882484,0.10468642628541999,61.428999999999995,1.6087762780368997,0.11011087532248134
P5,loss,0.5,8,32.0,20,1.6455394680651392,0.27870338376906617,1.73513512738536,0.11176523180181624,64.624,1.595470745595396,0.11525909483799458
P5,loss,0.5,9,36.0,20,1.819549368842545,0.3125687084630253,1.7445144875472693,0.10393194748957162,69.94399999999999,1.6041213163108492,0.10824055389540534
P5,loss,0.5,10,40.0,20,1.6483292077131395,0.3687683819477992,1.7348959595638564,0.10176591168688026,65.203,1.593573921281394,0.10767310081045402
P5,loss,0.5,11,44.0,20,1.9074570833497912,0.20996025723519768,1.7505833344534867,0.09962100323463828,75.622,1.6093589070443723,0.10547457703621707
P5,loss,0.5,12,48.0,20,1.8191305724953435,0.24389284331777106,1.7562956042903082,0.09529349963838231,72.67999999999999,1.6161020364337813,0.1009677761768347
P5,loss,0.5,13,52.0,20,1.753673134882871,0.2685155729212135,1.7560938758743514,0.09531479014119318,71.63,1.6158466515518555,0.10007533145031079
P5,loss,0.5,14,56.0,20,1.7848652125397155,0.23343249085318274,1.7581489713504488,0.08726712204598074,71.264,1.6184540116283295,0.08990870616174003
P5,loss,0.5,15,60.0,20,1.8142998549616292,0.21098379893429214,1.7618923635911945,0.08262289688344064,72.146,1.6227338879919528,0.08375099712576677
P5,loss,0.5,16,64.0,20,1.702388481265615,0.31654523023010256,1.7581733709458454,0.0781222171933071,65.83500000000001,1.6180787964502428,0.07856223236472518
P5,loss,0.5,17,68.0,20,1.7955842261081394,0.2093665231269055,1.760374009484804,0.07889814754551389,73.027,1.620687450950371,0.07794502146607854
P5,loss,0.5,18,72.0,20,1.7442272896574906,0.33508807217093467,1.7594769694943977,0.07563238766710055,70.701,1.6196586818585985,0.07420719286122002
P5,loss,0.5,19,76.0,20,1.6763160203553062,0.28600042025688527,1.7551000774344456,0.07273291308459966,66.898,1.6151177075158571,0.07179988886259638
P5,loss,0.5,20,80.0,20,1.7079846409240158,0.3641370419748503,1.752744305608924,0.07386853771155619,67.446,1.6125611705856442,0.07367690121093798
P5,loss,0.5,21,84.0,20,1.730396159838002,0.1918235681482573,1.7516801081912612,0.0685378357668157,70.781,1.611549851743105,0.06909547378673052
P5,loss,0.5,22,88.0,20,1.7577090489826408,0.25919830344807987,1.7519541509545058,0.06940495591338185,69.396,1.6119326934931877,0.07063930790491045
P5,loss,0.5,23,92.0,20,1.6148562731159317,0.30040763804940335,1.7459933736571762,0.0658713632665322,63.012,1.6056850558812479,0.06607439544458629
P5,loss,0.5,24,96.0,20,1.7994672026460186,0.19573761750821514,1.748221449865045,0.06579819234942556,73.579,1.6085826651607853,0.0661180789733734
P5,loss,0.5,25,100.0,20,1.7851710142207686,0.21198545369227834,1.7496994324392738,0.061993494575711475,71.339,1.6099873786368941,0.06210052260826946
P5,loss,0.5,26,104.0,20,1.6267555944931096,0.2927018673303768,1.7411624289211267,0.05703512107926499,64.28200000000001,1.6019050569604438,0.05762970041614536
P5,loss,0.5,27,108.0,20,1.7683835002830084,0.31243605899066673,1.744630574547734,0.051395333120218656,69.479,1.6052345062600981,0.051585608529691095
P5,loss,0.5,28,112.0,20,1.8461110703865622,0.3055229085850709,1.7495330231960444,0.05245570675013667,70.148,1.6105105710491228,0.05297750528765654
P5,loss,0.5,29,116.0,20,1.6638928007879632,0.31528634176112014,1.7433797400834492,0.05265079831125689,68.373,1.6044502005076602,0.0535567185543672
P5,loss,0.5,30,120.0,20,1.8182654811995564,0.25413343915305825,1.7438637927065124,0.04763684573379957,73.26599999999999,1.604500109312824,0.04774726121297835
P5,loss,0.5,31,124.0,20,1.7532485377786589,0.17300124144550524,1.744227763417833,0.048552033126131544,72.727,1.6046794964752564,0.047990017015341
P5,loss,0.5,32,128.0,20,1.8101769015567402,0.2989549665870803,1.751751125857988,0.04652884787005516,71.96900000000001,1.6135451765563844,0.04632570687416596
P5,loss,0.5,33,132.0,20,1.8558775947449244,0.2885265151177353,1.7601646509251796,0.04806250529050595,71.4,1.6217621160053657,0.04784857798704137
P5,loss,0.5,34,136.0,20,1.7331124238926368,0.3236366138305223,1.756707173127183,0.05112858171562731,68.297,1.6184013272916942,0.05045034199854705
P5,loss,0.5,35,140.0,20,1.7168026728005235,0.17032430426431078,1.7594461117306786,0.053747232426264654,70.91499999999999,1.621894896003829,0.05307760180767221
P5,loss,0.5,36,144.0,20,1.8159927909820237,0.2671019018483092,1.7557875400359677,0.0542303447234955,70.63300000000001,1.6178314614017204,0.054564669343044624
P5,loss,0.5,37,148.0,20,1.8235075340087235,0.2717568572958032,1.755962618496503,0.05458234308262628,72.336,1.6177180763340613,0.05514123570305695
P5,loss,0.5,38,152.0,20,1.8301119250312392,0.21598207396460045,1.7590201701024377,0.048264637309481426,73.124,1.6214222911577925,0.04969942593453328
P5,loss,0.5,39,156.0,20,1.6640646179463903,0.2823897963928402,1.7541881463187046,0.053185853188933006,68.897,1.616532636748089,0.0546456817065915
P5,loss,0.5,40,160.0,20,1.8160192215258473,0.2116146602820864,1.7542569209812737,0.05793186118508008,73.306,1.6171178107898612,0.060676802696645785
P5,loss,0.5,41,164.0,20,1.7061174916511643,0.2843556068639085,1.7544060813966955,0.05740626646340592,64.838,1.617657659254947,0.058935278522297616
P5,loss,0.5,42,168.0,20,1.7787868156543205,0.31201707349699825,1.7537341849785428,0.06013481347358893,69.872,1.6163422036024433,0.06008308384199771
P5,loss,0.5,43,172.0,20,1.7280169403513255,0.2836866871064048,1.7530857710062961,0.05691216493458319,68.794,1.6157853571418368,0.05741233380020798
P5,loss,0.5,44,176.0,20,1.8144002639812054,0.17596813129580566,1.7586091407513322,0.059566669772775555,72.21000000000001,1.6217400771196715,0.05962770612685199
P5,loss,0.5,45,180.0,20,1.6947962467805044,0.28875746093622096,1.7580816049855916,0.05413576492925203,69.523,1.6216692925179248,0.053887119539355696
P5,loss,0.5,46,184.0,20,1.7183066503885533,0.2196378601466506,1.757598024607614,0.051657254486327304,71.465,1.6211508957923004,0.05137782525127221
P5,loss,0.5,47,188.0,20,1.842799993129099,0.26800073654330303,1.7610016623734719,0.05981351322991299,70.889,1.624426701173265,0.05918522790259739
P5,loss,0.5,48,192.0,20,1.8322703649122776,0.31591239975657465,1.7696982260453258,0.054896935455579145,70.273,1.6332956393924547,0.053345922842225994
P5,loss,0.5,49,196.0,20,1.8160488239525872,0.21484682879460715,1.7703614908975887,0.050666383033226764,70.977,1.6336293129358712,0.04919006986180036
P5,loss,0.5,50,200.0,20,1.7703975830662624,0.24694517979516134,1.7697705536514081,0.05082943712995969,71.063,1.6333436007284905,0.04967748724195319
P5,loss,0.5,51,204.0,20,1.7161168318767506,0.2696456180162499,1.7733450031467541,0.056382902960825446,67.413,1.6364352255989008,0.055417915201012004
P5,loss,0.5,52,208.0,20,1.6957503485758774,0.2775121556308393,1.7704396770784687,0.05262465483683228,67.364,1.6338949797168545,0.05208843676771776
P5,loss,0.5,53,212.0,20,1.7518183472228888,0.24915510048638853,1.766667968151922,0.04987413070577292,68.574,1.6304085268689419,0.049796730907205496
P5,loss,0.5,54,216.0,20,1.7498669911055917,0.2326486415415509,1.7701069357646269,0.05759304219124471,69.702,1.6344902777201367,0.0585146421417513
P5,loss,0.5,55,220.0,20,1.8141118003922538,0.24365181512478473,1.769940788532335,0.054208861902106026,72.974,1.6344954186409741,0.05539926244556494
P5,loss,0.5,56,224.0,20,1.6938744784715063,0.3400756897965368,1.7675658261600489,0.04723944194915446,64.498,1.6318923134854497,0.047919433572034244
P5,loss,0.5,57,228.0,20,1.7430406895595794,0.2663708960888396,1.764880377680162,0.0467756389259043,71.77799999999999,1.6284323694028733,0.048396260151489706
P5,loss,0.5,58,232.0,20,1.7448306846764392,0.2551362090458575,1.760438501277423,0.04585282535603369,70.59700000000001,1.6248192048470038,0.04721099581758373
P5,loss,0.5,59,236.0,20,1.8285931912719302,0.1829391135382724,1.7642577319725945,0.04651858600546352,72.942,1.629515672996909,0.047133123672808495
P5,loss,0.5,60,240.0,20,1.8619992076764853,0.1811029365784293,1.770065593367633,0.05084120714131305,72.406,1.6351980299946376,0.052141111653242596
P5,loss,0.5,61,244.0,20,1.7493490992619996,0.20276575647710135,1.7673998456988322,0.05562326434316829,72.19,1.6331950345244919,0.05620525560371762
P5,loss,0.5,62,248.0,20,1.8366582137008052,0.21602214958586197,1.7679258728865155,0.055037806922642894,72.774,1.6340613100308505,0.056146435943893576
P5,loss,0.5,63,252.0,20,1.827231071634154,0.22032788435491618,1.7678106387506318,0.054741298737027204,71.638,1.633070700830301,0.057195704270324395
P5,loss,0.5,64,256.0,20,1.8271280875205904,0.2779409102766089,1.7743331775336,0.05263007562091419,70.91,1.6394227274560005,0.05474100609416817
P5,loss,0.5,65,260.0,20,1.7899102182766609,0.25269257886038515,1.7732888174036325,0.049045317886504326,71.24600000000001,1.6378542079882163,0.05069420112952434
P5,loss,0.5,66,264.0,20,1.8094193991333973,0.29055652569415674,1.777420893702922,0.04689338794808899,71.399,1.6424004591452395,0.048831564551370686
P5,loss,0.5,67,268.0,20,1.722022565301468,0.29004934175315594,1.7751503236888078,0.04608008415134716,69.078,1.6417384250856002,0.04789398556080386
P5,loss,0.5,68,272.0,20,1.7737643303870647,0.24834174619250443,1.7769802192902375,0.04187001866103691,70.173,1.6435278654361245,0.043421919841137864
P5,loss,0.5,69,276.0,20,1.8533603220168509,0.28228176579724423,1.7785386216116632,0.04215076145438915,70.223,1.6445459159727598,0.04433728570300858
P5,loss,0.5,70,280.0,20,1.8401131620654934,0.2617176933664859,1.7843512982230627,0.04212631233408336,71.61,1.6513291047414278,0.04331144743574115
P5,loss,0.5,71,284.0,20,1.7953757045027043,0.21361319770339723,1.7874340603876289,0.04117358096364384,70.627,1.6544552192081148,0.043067501012440786
P5,loss,0.5,72,288.0,20,1.7542740130111938,0.2859359431552352,1.7838930211829127,0.04534510742709318,69.938,1.6511328039040714,0.04779244928534475
P5,loss,0.5,73,292.0,20,1.8569461002302152,0.1996594033286369,1.7848800505956302,0.04868739689640018,74.974,1.6522465275744196,0.049989037074236777
P5,loss,0.5,74,296.0,20,1.7702982789424506,0.27560127215448427,1.7830500287952245,0.05354911568698579,69.374,1.6498900184486132,0.05532676669956487
P5,loss,0.5,75,300.0,20,1.8616591734053043,0.22569323750797848,1.7867004924087861,0.054510702160113944,71.162,1.6541095456938355,0.05604872152313927
P5,loss,0.5,76,304.0,20,1.832947538292237,0.17675388958260504,1.7913737206654055,0.05781611076454856,72.989,1.6588891888495751,0.059583361473693974
P5,loss,0.5,77,308.0,20,1.8191811915517735,0.26271938881688023,1.7963109543844413,0.05931549917949697,71.46000000000001,1.6641474779229828,0.060756064041333505
P5,loss,0.5,78,312.0,20,1.7846594784029377,0.17985020423094805,1.7976245996316436,0.05717800690589838,71.55499999999999,1.665586937965839,0.059316948871447395
P5,loss,0.5,79,316.0,20,1.7810217028217874,0.23387256691019828,1.7988707881002912,0.05542987070502065,69.344,1.6666579583020504,0.05746990984517081
P5,loss,0.5,80,320.0,20,1.861486577887495,0.2676018528048903,1.8007657792001008,0.0520938053033154,72.103,1.6683832132404528,0.05286091264090068
P5,loss,0.5,81,324.0,20,1.776978596525764,0.281263372828096,1.8040899439222713,0.04927549608791011,70.259,1.6715478332135283,0.048367172112427845
P5,loss,0.5,82,328.0,20,1.7259822359934904,0.32885097876169883,1.8034076057796278,0.053434773692564747,67.235,1.6715019668763684,0.053691738851905965
P5,loss,0.5,83,332.0,20,1.7588691258820508,0.26112261873048986,1.803969143427852,0.058796735936077656,70.4,1.6715192727604957,0.0590271671671197
P5,loss,0.5,84,336.0,20,1.8010380749500665,0.2873196395726449,1.8028669387749776,0.06105487240942599,69.001,1.6700446935602855,0.061482643235274005
P5,loss,0.5,85,340.0,20,1.7971078929987798,0.2980642453720168,1.8002712861878696,0.06317272687113516,70.30799999999999,1.6676535934822305,0.06322194355937377
P5,loss,0.5,86,344.0,20,1.8651966426281277,0.23712956107160973,1.8049051879225146,0.06261997718832353,71.587,1.6718851672292914,0.062151473505389083
P5,loss,0.5,87,348.0,20,1.8256217686368204,0.22174708457776887,1.804463730119955,0.06032941478646448,68.849,1.6714721108752577,0.060176882383601804
P5,loss,0.5,88,352.0,20,1.742627219145462,0.28516479051286303,1.8010795760204072,0.05909191322950436,68.666,1.6686661254254773,0.05867347223152036
P5,loss,0.5,89,356.0,20,1.7924685684988173,0.2960971963242954,1.7996931952595365,0.06187805739501396,67.259,1.66790436959994,0.06283727896272176
P5,loss,0.5,90,360.0,20,1.7282272258424372,0.2841135605364716,1.7972258755621673,0.06170745206288196,68.125,1.6652121145688927,0.06265194777289876
P5,loss,0.5,91,364.0,20,1.8391877129154754,0.22947998978506837,1.7984166081134507,0.06250306966398328,71.125,1.6668230230125711,0.0638840162563435
P5,loss,0.5,92,368.0,20,1.7139485065211002,0.3508153129717993,1.7980936457622358,0.0596654989137848,65.236,1.6652209090834984,0.06029698261671386
P5,loss,0.5,93,372.0,20,1.8008532430142015,0.2726147725290198,1.7991772022673214,0.05981910523347808,71.227,1.6667821686408342,0.059751957127020416
P5,loss,0.5,94,376.0,20,1.8865971576482603,0.19405253286451177,1.8005066756925778,0.06334940440284438,73.203,1.6691319214246003,0.06374896580345626
P5,loss,0.5,95,380.0,20,1.739064207718681,0.23753721424185834,1.7964647175187054,0.057131149597495885,69.735,1.663670563354194,0.05787390081918429
P5,loss,0.5,96,384.0,20,1.7642944530653968,0.3530395971195523,1.795221467461213,0.056296369825195494,66.567,1.6621867545796818,0.056610074625875396
P5,loss,0.5,97,388.0,20,1.8139801951970167,0.24340129009924852,1.797609714748646,0.053966629202344275,71.167,1.6652363055401616,0.05333069096861577
P5,loss,0.5,98,392.0,20,1.8423752053241678,0.23455857517674408,1.7970268789524042,0.048582331281104146,72.24199999999999,1.6648044785385394,0.047851624292658206
P5,loss,0.5,99,396.0,20,1.8837130654853016,0.21457200314693242,1.8015634704141181,0.04646261019491505,70.663,1.6698489334249822,0.04483514938284013
P5,loss,0.5,100,400.0,20,1.8050713013881772,0.311493723942844,1.7992999555334328,0.045153863230240295,66.693,1.6674387553265007,0.04408613071787762
P5,loss,0.5,101,404.0,20,1.7890387771226333,0.2711891508106925,1.797543605086649,0.041013410104167765,68.86699999999999,1.6657722134674038,0.0411247130179536
P5,loss,0.5,102,408.0,20,1.8081214680724567,0.19709633158435635,1.797101216147476,0.0452416924859295,72.64500000000001,1.665322944031594,0.044896450495056146
P5,loss,0.5,103,412.0,20,1.8283998138490578,0.31857780676003983,1.7988508295653207,0.044762328350426116,69.812,1.6664956303930498,0.04452657695341968
P5,loss,0.5,104,416.0,20,1.859876500161187,0.20530884850787542,1.802005021458897,0.0434174220111562,72.36699999999999,1.669756909715493,0.04404801167467316
P5,loss,0.5,105,420.0,20,1.8137869248586491,0.27756311952588614,1.800097035337743,0.04740601505023396,70.268,1.668029523697805,0.04736848124636976
P5,loss,0.5,106,424.0,20,1.8492618185973708,0.21921280450369882,1.8029883642206073,0.05019907709407503,72.221,1.6711340445103127,0.05201374710425099
P5,loss,0.5,107,428.0,20,1.6957599223612223,0.28799560103071586,1.8017794716753166,0.04942058103979775,63.89,1.6695311529996828,0.051332871426742824
P5,loss,0.5,108,432.0,20,1.746715602424123,0.26255779325058126,1.8012933307369994,0.04706808934822084,68.70599999999999,1.6699371486366374,0.048692707041706446
P5,loss,0.5,109,436.0,20,1.7955833656180888,0.24494038656438188,1.8010751423637203,0.04503802673370588,68.883,1.6700243922343876,0.046435914373323
P5,loss,0.5,110,440.0,20,1.8643437275190142,0.1639730258577304,1.8037645757445298,0.04275024645471714,72.416,1.6727761122163354,0.04392253528220009
P5,loss,0.5,111,444.0,20,1.8794523676990686,0.1660413433972609,1.8043348047473675,0.04697761787106098,74.11699999999999,1.6741442201638186,0.04843782078719561
P5,loss,0.5,112,448.0,20,1.8250202546196612,0.23278324748888765,1.8043107441866808,0.04790378533712617,72.10499999999999,1.6738468538607627,0.04956684325687714
P5,loss,0.5,113,452.0,20,1.8511684335885323,0.20432533441161208,1.8086523927644038,0.04593515862010899,72.036,1.6790213011968924,0.04693417064675224
P5,loss,0.5,114,456.0,20,1.8424379076622213,0.2483828220964054,1.8106511663309401,0.04293116115521481,70.41499999999999,1.6800790504488916,0.04365933491236427
P5,loss,0.5,115,460.0,20,1.8478420794091217,0.27232328811438494,1.8154357604736073,0.04691867981641968,70.955,1.685145124157001,0.046732202306503955
P5,loss,0.5,116,464.0,20,1.8486976103312074,0.23059289199280517,1.8158161563702369,0.04699277719145498,73.711,1.6854737352631493,0.04726166539666315
P5,loss,0.5,117,468.0,20,1.8389148269380207,0.21403320237376058,1.8208148091869134,0.04903832644404075,72.657,1.691205962834094,0.051514267604058736
P5,loss,0.5,118,472.0,20,1.9693298059408786,0.17719347075586223,1.8275538717039808,0.04807949814319091,75.036,1.6976567687551962,0.049759909599231655
P5,loss,0.5,119,476.0,20,1.8861581130074871,0.21613497500321124,1.8275363099183497,0.0443979441793187,72.998,1.6975198070730315,0.046753935391211456
P5,loss,0.5,120,480.0,20,1.8570491278585948,0.2576215023324037,1.8322557067239462,0.04968128794832636,69.565,1.7026042840648672,0.05249509100110261
P5,loss,0.5,121,484.0,20,1.8794383953035727,0.19532543171547348,1.8368614644134733,0.044728557628822996,72.729,1.7075189915733282,0.04748452178939469
P5,loss,0.5,122,488.0,20,1.9084970792110934,0.232813681831342,1.8406421397740362,0.05134248706281473,72.11,1.7109515551904875,0.05372842205265286
P5,loss,0.5,123,492.0,20,1.7675941239828883,0.23297759955553282,1.8376508965203855,0.0488576429474992,67.829,1.7081989047976744,0.05126485714134954
P5,loss,0.5,124,496.0,20,1.8935908732441817,0.17472944449637787,1.8380460088307404,0.0503115023426836,71.524,1.7083482333522095,0.0513600030048477
P5,loss,0.5,125,500.0,20,1.7839256179030456,0.2726257517372046,1.837200181491335,0.050822661354139785,68.166,1.7072862135658309,0.05295169968728442
P5,loss,0.5,126,504.0,20,1.722061183882951,0.2659156437595977,1.8345210777617478,0.051757094299782015,67.368,1.7047147663287423,0.05320107628165552
P5,loss,0.5,127,508.0,20,1.8628879410876755,0.24432075907402645,1.8367117366823567,0.051061959519432126,69.223,1.706278834457835,0.05242882505733097
P5,loss,0.5,128,512.0,20,1.8574645481604428,0.2553591054401241,1.837874326054812,0.05033567247726513,71.061,1.7076678076895768,0.05210752460680994
P5,loss,0.5,129,516.0,20,1.9247924262146952,0.17179213923549305,1.8404709630969525,0.05272438150781249,74.65299999999999,1.7106156604585663,0.053625083437886384
P5,loss,0.5,130,520.0,20,1.876742393488282,0.21525385941566733,1.8429891818421378,0.04686634331425358,71.311,1.712896527936292,0.048455739410266443
P5,loss,0.5,131,524.0,20,1.833502814954598,0.24974399951907122,1.8423588216964268,0.04754521225315275,70.755,1.71239731109115,0.04837083461975544
P5,loss,0.5,132,528.0,20,1.9011077737761954,0.2676054831818303,1.8505727357530257,0.049387989961026106,69.976,1.7204167605848935,0.05066385878946149
P5,loss,0.5,133,532.0,20,1.9331926688274053,0.24450726952380958,1.858031818409157,0.04787574186155109,72.164,1.7270527702974134,0.049619536908505145
P5,loss,0.5,134,536.0,20,1.8080320300110089,0.21277955281973332,1.8585297649848738,0.04814696419491814,71.137,1.7273538208565757,0.04766572917746046
P5,loss,0.5,135,540.0,20,1.846948784495148,0.25448421555267703,1.8578339672639193,0.052869457174538746,71.64,1.7270554882158073,0.05207730152801649
P5,loss,0.5,136,544.0,20,1.7824270317039304,0.2968697506966094,1.8539529538241133,0.059490921781146226,69.981,1.722671939856188,0.058755331845262895
P5,loss,0.5,137,548.0,20,1.8234245133728257,0.27667866799361224,1.8538891241742401,0.056963820495736964,66.924,1.7225939353485806,0.05573954752904381
P5,loss,0.5,138,552.0,20,1.8790557141256379,0.28660975540657974,1.8550046153957243,0.06385079668966487,70.001,1.7225542273977936,0.06284091385185323
P5,loss,0.5,139,556.0,20,1.8970865552824911,0.2116489202881616,1.8571905613005353,0.06301421253840865,72.993,1.7253209803383005,0.06229293412078582
P5,loss,0.5,140,560.0,20,1.8624794461596437,0.20592449332673377,1.857776055970556,0.06186533297867487,71.385,1.7261336348634686,0.06107556981651354
P5,loss,0.5,141,564.0,20,1.8077516061807721,0.26756894794572905,1.8561382158045387,0.06791410293939025,69.91799999999999,1.7242149876617554,0.06748103598238375
P5,loss,0.5,142,568.0,20,1.8583725022428745,0.2110220711456014,1.8569165228167328,0.07045665121618361,72.655,1.7249607028477727,0.0702257454114308
P5,loss,0.5,143,572.0,20,1.7493750931387322,0.2722569854054066,1.8481183343046468,0.06851058797499864,66.747,1.7166149716559143,0.06959353626828255
P5,loss,0.5,144,576.0,20,1.8254033147286883,0.24705714814332075,1.8456881423734948,0.06790369119787545,69.515,1.7140505324407478,0.06959913652287687
P5,loss,0.5,145,580.0,20,1.8164176668264247,0.2773700423124029,1.844062883932208,0.06867213539298175,70.939,1.7126486573414166,0.07075043710860782
P5,loss,0.5,146,584.0,20,1.9116198442570849,0.2275713180651814,1.8453501418903486,0.06871651626452388,71.715,1.7139134114195778,0.07056953616045238
P5,loss,0.5,147,588.0,20,1.8853079311362528,0.24316968377175674,1.844422575967355,0.07398830834561927,71.873,1.7136938123874272,0.07603922342571262
P5,loss,0.5,148,592.0,20,1.885502786026509,0.21780200062630667,1.8491389224490997,0.0724275562918441,72.907,1.718390965904868,0.07403408271864372
P5,loss,0.5,149,596.0,20,1.902519627677485,0.21619008433179157,1.849496072626432,0.07073303952781017,72.43199999999999,1.7188358036145335,0.07224581765670093
P5,loss,0.5,150,600.0,20,1.8782998442506753,0.20647639019052574,1.8532710416803373,0.07013427543696404,71.954,1.7228295000352258,0.07174042900001276
P5,loss,0.5,151,604.0,20,1.9134629587880407,0.22371916827017024,1.8609271126765408,0.06699874494111205,72.916,1.7308090578395,0.06766769318825934
P5,loss,0.5,152,608.0,20,1.7966030511350604,0.1547784991598796,1.858275717078436,0.06626195808055452,71.369,1.7284097574302208,0.06748679476904366
P5,loss,0.5,153,612.0,20,1.879764692212678,0.2208337619221933,1.8591677228405257,0.06054952511817886,69.39399999999999,1.729776931324747,0.06253834569825631
P5,loss,0.5,154,616.0,20,1.942339297839251,0.1618603427657426,1.8598695977055075,0.058910087251764734,74.36999999999999,1.7300773576641213,0.06084551707904918
P5,loss,0.5,155,620.0,20,1.903564309543685,0.27959923098175127,1.8609424743477239,0.0604099561798948,71.925,1.7311356973172014,0.06191456536253576
P5,loss,0.5,156,624.0,20,1.8308422208798452,0.281409137535365,1.8608360505847337,0.059625620341840616,67.89099999999999,1.730551570501961,0.06155961051504927
P5,loss,0.5,157,628.0,20,1.9815782026477415,0.16289809782134315,1.8640548677395956,0.06021453148788428,73.596,1.7342497461669109,0.06184487584786181
P5,loss,0.5,158,632.0,20,1.820480493796787,0.18099119634373856,1.859546380738371,0.06168044985256531,72.52000000000001,1.730431274685603,0.06411095796768715
P5,loss,0.5,159,636.0,20,1.9137515924803647,0.2830437534920058,1.863775163237145,0.06288963906764126,70.962,1.73393289732923,0.06657909312327027
P5,loss,0.5,160,640.0,20,1.7791903907625155,0.22692824538593873,1.8610648274878396,0.061344022693607496,68.692,1.730130994068285,0.06576612367771965
P5,loss,0.5,161,644.0,20,1.7518344625937228,0.2692260451336639,1.8598411247234317,0.05589427741544173,68.57300000000001,1.7296524025299498,0.05982467588540146
P5,loss,0.5,162,648.0,20,1.957474540352346,0.16390178478580097,1.8652031258026125,0.05697996249958246,73.97200000000001,1.734692210127496,0.06076829306600506
P5,loss,0.5,163,652.0,20,1.8010526426155622,0.32687346003464757,1.8620830029422095,0.0519588733870803,68.25399999999999,1.731864896372111,0.05428295107079294
P5,loss,0.5,164,656.0,20,1.946395805622057,0.1580823350622945,1.8640553729557918,0.0559627688273062,74.5,1.734077618170484,0.05820136334429052
P5,loss,0.5,165,660.0,20,1.9388367256379055,0.21657572753305337,1.8671096641349223,0.056896451650138326,73.63199999999999,1.7360877810516322,0.05936047926895626
P5,loss,0.5,166,664.0,20,1.841233189860962,0.33529264860185265,1.8684489274821299,0.05954721819639966,67.576,1.7377332523657305,0.06184582282979348
P5,loss,0.5,167,668.0,20,1.9246371826262656,0.19728170335918274,1.8710995146974656,0.05427704645628084,74.769,1.7403072229230219,0.056661969187245684
P5,loss,0.5,168,672.0,20,1.9443551055418067,0.19158055748308425,1.8788987151935885,0.05727218085315349,74.79299999999999,1.7477525175733093,0.0589883770141407
P5,loss,0.5,169,676.0,20,1.9520786207388299,0.179099115407671,1.8839657274339943,0.0559327414140228,73.673,1.7527770569735701,0.05729101518680338
P5,loss,0.5,170,680.0,20,1.8815396303351768,0.21847676297318042,1.8865706059743446,0.05695703348335649,73.503,1.7559742790214217,0.05785143942961566
P5,loss,0.5,171,684.0,20,1.9359581078624903,0.2549305571167867,1.8875441365185606,0.05996951851522217,72.64,1.7571973698346497,0.05965810253981029
P5,loss,0.5,172,688.0,20,1.905532770998057,0.22405381888168224,1.888353130113033,0.06290930694660764,69.676,1.757549612265128,0.06309459360268359
P5,loss,0.5,173,692.0,20,1.9128304669955327,0.25709675479241445,1.8894462373517935,0.06429082755274858,71.125,1.758741167512166,0.06511088826118218
P5,loss,0.5,174,696.0,20,1.932316024539873,0.2327832132724471,1.8906380932262892,0.06430313082351366,72.703,1.7597911196101486,0.0656997708355293
P5,loss,0.5,175,700.0,20,1.9409500250730136,0.19188909668962711,1.893144100459183,0.06749657749499871,73.438,1.7623894703505436,0.06788826158683936
P5,loss,0.5,176,704.0,20,1.8829685768963256,0.21343822821101976,1.891924325183514,0.0689853518710686,72.249,1.7607866635177096,0.06840815934267926
P5,loss,0.5,177,708.0,20,1.9783007503419827,0.19948616885399145,1.899192233151791,0.07212512071387711,74.728,1.7685447939381334,0.07196614494477474
P5,loss,0.5,178,712.0,20,1.8876308308918968,0.21473077446422223,1.89950687869896,0.07092008121647721,71.372,1.768804447245261,0.06970208579356009
P5,loss,0.5,179,716.0,20,1.9423826418176404,0.23863355301206435,1.8995086124580953,0.06988175674120883,71.91799999999999,1.7685873501714944,0.06846484757495684
P5,loss,0.5,180,720.0,20,1.9404543984355578,0.17130476663525374,1.9009842160137702,0.06842288200383195,72.703,1.770504081507821,0.0669539175487463
P5,loss,0.5,181,724.0,20,1.9475684849931003,0.20211534100140854,1.9056532665783006,0.07092478288577832,72.969,1.775488858921808,0.06993764611616651
P5,loss,0.5,182,728.0,20,1.9411623276102223,0.21981293888015982,1.9040366315767998,0.07148302240397565,72.675,1.7739248881727647,0.06987834954468843
P5,loss,0.5,183,732.0,20,1.8447634471581444,0.2690977567437129,1.9050079497112542,0.06681109077158204,69.788,1.7747084153087709,0.06606028709981217
P5,loss,0.5,184,736.0,20,1.901533752062706,0.2502571415180305,1.9045192360945478,0.06672666751729178,70.517,1.7748895413195864,0.0659199088106232
P5,loss,0.5,185,740.0,20,1.8793105923802291,0.2592058116852202,1.9085240441592561,0.06767830387897465,69.876,1.779305213326354,0.06667662502885335
P5,loss,0.5,186,744.0,20,1.9008630985775934,0.211303027652734,1.914485189598611,0.07182998701930265,72.21799999999999,1.7849857586622426,0.07150754820228716
P5,loss,0.5,187,748.0,20,1.9645017632998036,0.14186170205137247,1.9147662785165092,0.07152111233196096,74.317,1.785991006917958,0.07218875198603869
P5,loss,0.5,188,752.0,20,1.8971363926328881,0.24095612210031545,1.9186096285172023,0.07635677901601255,70.977,1.789742323809494,0.07754654770102737
P5,loss,0.5,189,756.0,20,1.878811487361655,0.25205015880377857,1.9159062557867863,0.07858372351659648,71.185,1.787223431161851,0.07942113851984116
P5,loss,0.5,190,760.0,20,1.8715339538132174,0.2314280364316692,1.913214144913799,0.07768359503862306,70.842,1.785558480144011,0.07761582777369676
P5,loss,0.5,191,764.0,20,1.8146915039806761,0.23813996336483917,1.9121524774785876,0.07718778544486635,70.42699999999999,1.7844713083114896,0.07701982018480573
P5,loss,0.5,192,768.0,20,1.9741237903431923,0.1929877938113979,1.9141319417872644,0.07901969541517356,73.857,1.7864987808974557,0.07816215387210526
P5,loss,0.5,193,772.0,20,1.8778990613765685,0.21955046615864685,1.911473700020655,0.07737718160075241,72.636,1.7844255882772508,0.07595798151486673
P5,loss,0.5,194,776.0,20,1.9314952743326905,0.18638529485550415,1.9106503661644094,0.07705422907969986,73.82300000000001,1.7839759740278338,0.07481867043682029
P5,loss,0.5,195,780.0,20,1.9229433011142092,0.19696067790372948,1.9123065129955705,0.07273935842583487,73.471,1.7847452093225236,0.07078979265383765
P5,loss,0.5,196,784.0,20,1.9262843937802239,0.22858148936734698,1.9119195644322802,0.0760715553999806,73.693,1.784745948291566,0.07398878883789875
P5,loss,0.5,197,788.0,20,1.954611989575713,0.21227245660092645,1.9138827331753863,0.07364623878211843,73.28,1.7864743006870263,0.07125162438329397
P5,loss,0.5,198,792.0,20,1.9919037102728592,0.19876769403479402,1.9170456629064792,0.07346363816180075,73.775,1.7892945506457447,0.07034425502146184
P5,loss,0.5,199,796.0,20,1.9503018526739282,0.29117002018691707,1.9177650960318418,0.07893940071178641,72.477,1.7905821679407914,0.0754324833687074
P5,loss,0.5,200,800.0,20,1.9461704433571227,0.2132831159342247,1.9179739127632058,0.07770174973123595,72.381,1.7902088325769667,0.07441873297622092
P5,loss,0.5,201,804.0,20,1.899672280012858,0.18211163213970763,1.9186420608878674,0.07725738315786264,74.701,1.7910462512655183,0.0747951160106065
P5,loss,0.5,202,808.0,20,1.9618147552308784,0.15940772247298282,1.9179826210834228,0.07536908438952886,73.774,1.7905323882846644,0.07292403795102557
P5,loss,0.5,203,812.0,20,1.9776047229118716,0.21135836449316328,1.921581576764222,0.07769367272633003,73.831,1.7939771277212835,0.07556007848420264
P5,loss,0.5,204,816.0,20,1.976210610703856,0.18453551692289094,1.9229346955196707,0.08117947166909144,75.035,1.7958249179718173,0.07798309699761735
P5,loss,0.5,205,820.0,20,1.994377598036494,0.18848700899778847,1.925091623503708,0.08367627286542788,72.733,1.7974081263490262,0.08111891793152652
P5,loss,0.5,206,824.0,20,1.9561673385491158,0.19295415087101786,1.9254355776459486,0.08480503738562124,73.688,1.7979125047023377,0.08134153734068059
P5,loss,0.5,207,828.0,20,1.9441827290001672,0.19990826387463503,1.9255563937015463,0.08109355788496272,73.845,1.7977945209648678,0.07774600457615526
P5,loss,0.5,208,832.0,20,1.8823270102950418,0.2439287441674016,1.9270589362270223,0.08415926986556321,71.929,1.7994995984101574,0.08154220699135994
P5,loss,0.5,209,836.0,20,1.893531662131378,0.20040213829077563,1.9267388526297693,0.08222909013297845,73.33200000000001,1.7993493544404262,0.07963399153707512
P5,loss,0.5,210,840.0,20,2.025734248185691,0.17001572817766938,1.9325957988619877,0.08386804693884795,75.127,1.8055592753234468,0.08114857302599121
P5,loss,0.5,211,844.0,20,1.9556291716804683,0.19357202429210474,1.9347864417861025,0.087966801983861,72.566,1.8082423652211776,0.08425713738142848
P5,loss,0.5,212,848.0,20,2.0210538125832525,0.18605907521855614,1.9370485237574406,0.09005035128477211,74.11,1.8098748558836693,0.0857486686509455
P5,loss,0.5,213,852.0,20,2.0025271233841564,0.14119238291642894,1.9412641529874914,0.08724711106568009,74.401,1.8150565482280503,0.08301249185512381
P5,loss,0.5,214,856.0,20,1.972787865272748,0.2621571483782951,1.9450232081039354,0.08587351763565321,73.119,1.8183643876176443,0.08215638452230759
P5,loss,0.5,215,860.0,20,2.0398341577496515,0.13667818093252293,1.9517552162613925,0.0843808929203055,74.564,1.8241406275391991,0.08155756711214843
P5,loss,0.5,216,864.0,20,2.0145879776094087,0.15861204347203378,1.9597510752065417,0.08614270284127437,75.623,1.8322653017973334,0.08367310657226487
P5,loss,0.5,217,868.0,20,1.9191184001727588,0.18875569902569075,1.9575508595997246,0.08388290602235697,71.955,1.829962654736817,0.08184781711228695
P5,loss,0.5,218,872.0,20,1.9556076511585538,0.20606098815206214,1.9606592031910037,0.08333954650055912,73.3,1.833059461856291,0.08191697757387119
P5,loss,0.5,219,876.0,20,1.9205159688626068,0.28058567599454814,1.9602200309722004,0.08356804479192412,72.424,1.8325930263162253,0.08237135836302029
P5,loss,0.5,220,880.0,20,1.9370033733813858,0.2511261459237919,1.9607824338628876,0.08582516283051468,72.287,1.8333221648509892,0.08467052911526673
P5,loss,0.5,221,884.0,20,1.9382871606582104,0.21310975647683533,1.9612625445380072,0.08328139760090415,72.259,1.8340224514185035,0.08271764769350456
P5,loss,0.5,222,888.0,20,1.9923841374120248,0.18427190141226168,1.9627734304514597,0.07915807523335722,76.054,1.8357256808394573,0.07896850134590382
P5,loss,0.5,223,892.0,20,1.9941122191409886,0.2321251090564487,1.9628617708061846,0.07275364984088288,73.04299999999999,1.8360297480436394,0.0722424989279499
P5,loss,0.5,224,896.0,20,1.9038426806914104,0.2443223961891704,1.961003403926884,0.0678025865227594,70.425,1.8337387893381618,0.06819960141433953
P5,loss,0.5,225,900.0,20,2.0948576911948553,0.12960655115385022,1.9669508938403932,0.06973417198789102,75.829,1.8396847272599484,0.06937531156806945
P5,loss,0.5,226,904.0,20,2.0229351885887734,0.20846249669406164,1.9718814101834297,0.0740380052838453,73.97,1.8446097081658408,0.0732782541053118
P5,loss,0.5,227,908.0,20,1.975553781017902,0.2542356216490116,1.9724309712149108,0.07519027357083205,71.237,1.8449150374332244,0.07480205458492524
P5,loss,0.5,228,912.0,20,1.9874302388310106,0.25043559003237653,1.9728239918516763,0.06990715413648205,73.70500000000001,1.845269361743037,0.07001780514039577
P5,loss,0.5,229,916.0,20,2.004823410349517,0.17790661238056943,1.973968503837503,0.06732405610309396,74.365,1.8462225131494532,0.06771035941728103
P5,loss,0.5,230,920.0,20,1.9776910634344738,0.261260686172008,1.973301042453422,0.06649933741132594,72.851,1.846496179546024,0.06697274196876224
P5,loss,0.5,231,924.0,20,2.005463819001012,0.22766060199973373,1.975272901671498,0.06457444750812627,74.79400000000001,1.848272694739268,0.06474242525318462
P5,loss,0.5,232,928.0,20,2.0455002490225906,0.20050479318378386,1.9793256024723949,0.06333136152979309,73.28200000000001,1.8524191875732743,0.06395796634461909
P5,loss,0.5,233,932.0,20,1.8867925728648003,0.2687432449712013,1.979504224975185,0.06674151624360025,70.003,1.8528737542043625,0.06664000673433043
P5,loss,0.5,234,936.0,20,2.022458184164477,0.2023107322206958,1.9846612858565091,0.0694979345473281,73.819,1.8578983267256244,0.07012002204765518
P5,loss,0.5,235,940.0,20,1.9989497987792777,0.19557894070065868,1.9835899078802526,0.06778521536096095,74.688,1.8565695250556278,0.06909307298491582
P5,loss,0.5,236,944.0,20,2.0372191526389054,0.21295973446261254,1.98685350711859,0.06703872719636673,73.684,1.85922981337829,0.06837582685261274
P5,loss,0.5,237,948.0,20,2.0049922244014238,0.2060215360781708,1.986211043591317,0.06802915771446078,72.535,1.859114509706164,0.06956885358591071
P5,loss,0.5,238,952.0,20,2.004263499400961,0.15687695692559644,1.986280498631989,0.0689022499585417,75.44,1.8580258685233495,0.07003779896533126
P5,loss,0.5,239,956.0,20,1.989478988601435,0.19138111958066334,1.9869481435651366,0.06851151165173436,73.11699999999999,1.8584919614647746,0.07095778866056236
P5,loss,0.5,240,960.0,20,1.9649589318364824,0.1945899470235976,1.9839531345286097,0.06817672106774991,73.438,1.8558078163703065,0.06982597275727159
P5,loss,0.5,241,964.0,20,1.9940744573607279,0.1937973023007546,1.9831325937186626,0.06963788925047988,73.009,1.8551190913906752,0.07100463268300881
P5,loss,0.5,242,968.0,20,2.064825165104927,0.1519896162781465,1.9889608643159495,0.06766211046706501,75.432,1.8605847132554216,0.06976174247590433
P5,loss,0.5,243,972.0,20,2.019788247957765,0.13879904813517766,1.9915280881879176,0.06714975255591782,75.20599999999999,1.8629768724610685,0.0696062210086353
P5,loss,0.5,244,976.0,20,2.0410697167812066,0.15140605250221467,1.9963502381046616,0.06654264068957204,75.306,1.8672277342246826,0.06869753837776035
P5,loss,0.5,245,980.0,20,1.981282090574553,0.21777236184542068,1.9981213867923884,0.06858959971203446,73.424,1.868912074842052,0.07096054352351971
P5,loss,0.5,246,984.0,20,2.0291409980827977,0.15181312730916696,2.001755540289372,0.06722411786761223,72.87100000000001,1.871909859999667,0.06976177248801077
P5,loss,0.5,247,988.0,20,2.0320901268607616,0.20172530214958606,2.0033437798673215,0.06962929072545417,73.904,1.8729049800742537,0.07207302067355568
P5,loss,0.5,248,992.0,20,2.0499670327696515,0.14395131546362525,2.005577972412468,0.0742090599008766,75.613,1.8747848529091051,0.07722631027959709
P5,loss,0.5,249,996.0,20,2.0845122638238776,0.10555189816526965,2.0128047557377666,0.07246391207177898,75.172,1.8827024277501827,0.07557862438338114
P5,loss,0.5,250,1000.0,20,2.0163685521691606,0.19978702166634846,2.009665190176739,0.07301953476033503,75.622,1.8799729501353526,0.07593107248674938
P5,loss,0.5,251,1004.0,20,2.073577200762079,0.12363230496387194,2.011690870663671,0.0705357352604434,73.98400000000001,1.8815745747505825,0.07298427262064683
P5,loss,0.5,252,1008.0,20,1.9798693381599093,0.22549534752597628,2.0118634929493515,0.06587043106497781,74.023,1.8811867728251923,0.06847456652931352
P5,loss,0.5,253,1012.0,20,2.0090178326253856,0.26117558875685376,2.0127269967011268,0.06722573996524062,73.494,1.8822495005811057,0.06957988219193471
P5,loss,0.5,254,1016.0,20,2.0184549994991876,0.1483176247446847,2.013272260267113,0.06644619996232394,74.539,1.8827319084823226,0.0690948434724357
P5,loss,0.5,255,1020.0,20,1.96177210657986,0.2650246346638191,2.0126355019929285,0.06999624061508804,71.387,1.8815144466385572,0.07214766979368091
P5,loss,0.5,256,1024.0,20,2.0879681803723615,0.14031818807480148,2.015935676447783,0.07035263144779472,75.56,1.8851744762408504,0.0719388731124308
P5,loss,0.5,257,1028.0,20,2.0676113501666338,0.09880699416469442,2.016820120493544,0.07130902194367543,75.44,1.886734967881025,0.07266460055428008
P5,loss,0.5,258,1032.0,20,2.084744167899637,0.11927893568863113,2.0247381842949377,0.06980525994908647,75.295,1.8933205433223563,0.07021508920812188
P5,loss,0.5,259,1036.0,20,1.9902500719705352,0.20443494014073332,2.0234498598071804,0.06664982997645169,74.697,1.8923082664290114,0.06565346677430821
P5,loss,0.5,260,1040.0,20,2.0338724382992956,0.11528361534330475,2.0248467653879807,0.06398262956353915,74.248,1.8938556117408,0.06375911107772357
P5,loss,0.5,261,1044.0,20,2.040203757434107,0.15605382680413057,2.0249661495797886,0.06149961691843115,73.678,1.894059579481496,0.06096569560739583
P5,loss,0.5,262,1048.0,20,2.019759178157716,0.1379347311240788,2.0255568277300404,0.058574683025352445,75.844,1.8946960413875675,0.05802552435618529
P5,loss,0.5,263,1052.0,20,1.9902908105264288,0.19160688254901584,2.024997920175059,0.057590270211207516,73.089,1.8947160784782149,0.056838911551297125
P5,loss,0.5,264,1056.0,20,2.0134289482620153,0.20224560557713667,2.0259559185614826,0.06120301640264804,74.05199999999999,1.8958749563266146,0.059638200552537206
P5,loss,0.5,265,1060.0,20,2.0701724704398363,0.1373916478017833,2.030164460105617,0.060300953028989426,75.785,1.9003277296348458,0.05958298247840112
P5,loss,0.5,266,1064.0,20,2.043557420340412,0.14556375280453243,2.032143778624804,0.058962810292087345,75.276,1.9017978396698119,0.05825987207657651
P5,loss,0.5,267,1068.0,20,2.07731112419905,0.16335292647998353,2.0326432169885686,0.06230125322454636,75.963,1.9024640136776534,0.060880834806396784
P5,loss,0.5,268,1072.0,20,2.0332889612819423,0.20175077068115135,2.033183245521536,0.06571728077949561,73.741,1.902737203100429,0.06368153983780997
P5,loss,0.5,269,1076.0,20,2.0267773403923948,0.2103546023396411,2.0326115504659836,0.06241370758107342,74.021,1.9023693880241832,0.060755757490299225
P5,loss,0.5,270,1080.0,20,2.0286605052791566,0.16554557030655206,2.0345066870541677,0.06212449472110144,75.08,1.9047049798632727,0.06012737971762105
P5,loss,0.5,271,1084.0,20,2.059514072726608,0.1150535522941295,2.03572161003992,0.06412954142487536,76.024,1.9059834310435413,0.06165324462677621
P5,loss,0.5,272,1088.0,20,2.0572186155973045,0.11812679727564589,2.0367267495893815,0.0632423421886786,75.325,1.907251426257773,0.06123962523606232
P5,loss,0.5,273,1092.0,20,2.050448832795426,0.20504782436715593,2.036746021590413,0.05856469980538894,73.098,1.9076116191072259,0.05673726060118171
P5,loss,0.5,274,1096.0,20,1.9552707648930572,0.2696016505307041,2.03157636163318,0.06274273618752357,71.78,1.9018093673238163,0.061962682150014325
P5,loss,0.5,275,1100.0,20,2.077260049614101,0.14073841891255,2.0340120215309776,0.0627382140499517,75.311,1.9043791710395137,0.06237636195487471
P5,loss,0.5,276,1104.0,20,2.025397645642805,0.18673353039213617,2.032084839326207,0.06418126149976355,72.96900000000001,1.9029481088554359,0.06362927984338339
P5,loss,0.5,277,1108.0,20,2.094766209622891,0.09213555708153004,2.036680714184726,0.06358181174215222,75.142,1.907909167366309,0.06353498535369884
P5,loss,0.5,278,1112.0,20,2.046532202479571,0.21447717964706065,2.038181288978893,0.06302628174168987,73.44300000000001,1.9093516459369895,0.06305805487733752
P5,loss,0.5,279,1116.0,20,2.074810036094964,0.16438681787042225,2.040435490442724,0.06490401626433169,73.934,1.9117748075663663,0.06465115942361559
P5,loss,0.5,280,1120.0,20,2.094492870862674,0.09506533390466856,2.0457443210140367,0.06089005616020071,75.434,1.9178830690740472,0.061531629597354594
P5,loss,0.5,281,1124.0,20,2.0158157856540475,0.21798184771141937,2.0428582252253045,0.06456970878186227,73.635,1.9150504135336335,0.06529418755091122
P5,loss,0.5,282,1128.0,20,2.07411922562729,0.13761675083473962,2.043118540243731,0.06669236013124323,75.32,1.9147008475380918,0.06703597712134213
P5,loss,0.5,283,1132.0,20,2.025693678940322,0.19962744128412638,2.040756520685358,0.06814747725174332,73.374,1.9133876122528697,0.06824263165075103
P5,loss,0.5,284,1136.0,20,1.9947245915402578,0.1930530546058784,2.040935501468147,0.06757145398276898,75.353,1.9136509696523167,0.0684759764003775
P5,loss,0.5,285,1140.0,20,2.0337599304833205,0.19103981015542848,2.0409310011555077,0.06921611835253029,73.466,1.913806117554887,0.0701038138152962
P5,loss,0.5,286,1144.0,20,2.081091619781163,0.11903961667586559,2.04256651564939,0.07196948336624508,75.57300000000001,1.9151532719866897,0.07223702301712755
P5,loss,0.5,287,1148.0,20,2.0749802159646173,0.12206882630416713,2.044775357161666,0.07217737498727861,75.55499999999999,1.916486169370668,0.07255145939974808
P5,loss,0.5,288,1152.0,20,2.073568532767595,0.20808231545027187,2.048106466051313,0.0693666576639878,74.107,1.919281685916807,0.07041139597353663
P5,loss,0.5,289,1156.0,20,2.027346975124721,0.17918048301851172,2.048663187125821,0.07103949341272787,73.725,1.9200329750202858,0.0715321621247276
P5,loss,0.5,290,1160.0,20,2.1216061944504245,0.09885156783402634,2.050720536086245,0.06950713452419897,75.78999999999999,1.9224592841462549,0.06904866822907263
P5,loss,0.5,291,1164.0,20,2.1079593697153785,0.14555177559268398,2.053296614061243,0.06881609221650391,75.474,1.925168729943292,0.06894917936514888
P5,loss,0.5,292,1168.0,20,2.066461793019939,0.17677512838515327,2.052862640814079,0.06715758868989115,73.075,1.9245393092051806,0.06727048864870286
P5,loss,0.5,293,1172.0,20,2.1295030303621187,0.08019396660843278,2.0567112035772857,0.06266172252927066,75.672,1.9280507276331575,0.06344229910933448
P5,loss,0.5,294,1176.0,20,2.0706980053763013,0.13622934829121022,2.058468030176642,0.0643006974271541,74.926,1.929743353508251,0.06539793893459103
P5,loss,0.5,295,1180.0,20,2.078832560842693,0.1317294335664227,2.060474912399184,0.06314557549870378,75.20599999999999,1.9316238518715063,0.06420027567067288
P5,loss,0.5,296,1184.0,20,2.0176033335006496,0.23723319114176872,2.058798482830145,0.0672755797276099,74.15,1.9303481982983297,0.0678565801776071
P5,loss,0.5,297,1188.0,20,2.0146758871440857,0.18123197748358985,2.0570967736920167,0.0679271052581854,73.174,1.9285564736402836,0.0693240243550247
P5,loss,0.5,298,1192.0,20,2.062164870200795,0.1754341506118267,2.057565415188231,0.06865196586002392,75.27799999999999,1.9287764343294627,0.07022747215049241
P5,loss,0.5,299,1196.0,20,2.08121154115645,0.12725915546806751,2.0626030462387672,0.068122916634512,75.93199999999999,1.9345173762956733,0.06899361072606404
P5,loss,0.5,300,1200.0,20,2.1196329656616792,0.08585914545298888,2.06429796288067,0.06611683904519876,75.401,1.9360463332893612,0.06691537566705762
P5,loss,0.5,301,1204.0,20,2.0253770147626957,0.2624511846404532,2.0642971376454655,0.06508052845699659,73.55999999999999,1.9361958443190304,0.06554738688426526
P5,loss,0.5,302,1208.0,20,2.082881646712077,0.11831759368331697,2.063821755129033,0.0646953501314366,75.465,1.9353615895832494,0.06457827516772865
P5,loss,0.5,303,1212.0,20,2.0755657113133155,0.18478934548982695,2.064983095482383,0.06404354330696858,74.291,1.9365709382138885,0.06355413078128201
P5,loss,0.5,304,1216.0,20,1.997668441663894,0.23995970692184912,2.06189743170514,0.0651104472432017,73.72200000000001,1.9330712030450266,0.06544293273789907
P5,loss,0.5,305,1220.0,20,2.073804917133502,0.16750228423426117,2.0610699135559734,0.06602202499530635,75.829,1.9315329244199155,0.06543524687924353
P5,loss,0.5,306,1224.0,20,2.07218016685213,0.17255011213515448,2.0633244888038966,0.06651405402829519,74.007,1.9335532523838244,0.06596930941135205
P5,loss,0.5,307,1228.0,20,2.0731449267729936,0.19727784642454688,2.063285516849725,0.06532092564747295,73.401,1.9333861376464139,0.06521327901831084
P5,loss,0.5,308,1232.0,20,2.1062752857302676,0.1257055605639368,2.0665087811213225,0.06441136602507626,75.84700000000001,1.9361311298021295,0.06477465003085561
P5,loss,0.5,309,1236.0,20,2.0579382402342605,0.1329029469860726,2.0690373270690827,0.05891540330615765,75.434,1.9385953715595121,0.06043770787744124
P5,loss,0.5,310,1240.0,20,2.114590761038716,0.10811389854128958,2.0722705602912983,0.05930727868250208,75.72,1.9413743885375478,0.060742130141570205
P5,loss,0.5,311,1244.0,20,2.0727948370072857,0.18689530778107943,2.0719386889803433,0.05960446801930379,73.435,1.9414091494045547,0.06101462310158865
P5,loss,0.5,312,1248.0,20,2.0953790141074267,0.1085703696160057,2.072754640906056,0.06139946040518621,75.931,1.9429103574089013,0.062217367136333517
P5,loss,0.5,313,1252.0,20,2.1380340388114907,0.1251815978856729,2.0753332611478115,0.06166487373843166,75.819,1.9455594898079256,0.06258521430229254
P5,loss,0.5,314,1256.0,20,2.106588938405534,0.13033604339774432,2.078502939679044,0.06033919734951865,75.405,1.9487912480080662,0.06112815983464602
P5,loss,0.5,315,1260.0,20,2.077186833457171,0.13748430556588817,2.076726165239314,0.05868489994335979,74.74499999999999,1.9473717937959616,0.0601087517308044
P5,loss,0.5,316,1264.0,20,2.115260600603144,0.172927189907892,2.077018214474825,0.05945720858243669,74.089,1.9472086438592011,0.0609619364135952
P5,loss,0.5,317,1268.0,20,2.0499839143567797,0.16622139771320954,2.076359099328298,0.05760256926049188,75.7,1.9467504081746512,0.060149337318085666
P5,loss,0.5,318,1272.0,20,2.099539270592667,0.1077371981643648,2.07516054893752,0.056245706320816845,75.397,1.9458139374527814,0.059286877544860755
P5,loss,0.5,319,1276.0,20,2.1025149214507994,0.08557463883023006,2.0764332255805003,0.05573629689503233,75.90599999999999,1.947774974157841,0.05800222067692682
P5,loss,0.5,320,1280.0,20,2.105528108519869,0.121546689538018,2.077501047487587,0.05819176954054357,75.212,1.948765972474654,0.06004127086510383
P5,loss,0.5,321,1284.0,20,2.0911043510279432,0.13483751373700706,2.080441088188679,0.05603313964188231,74.215,1.9517603328860407,0.05854164533647234
P5,loss,0.5,322,1288.0,20,2.1415638964216646,0.07820231363648325,2.0855166085597823,0.05488356835183413,76.038,1.95659415641286,0.05675061673516267
P5,loss,0.5,323,1292.0,20,2.09022977134902,0.14662205973120887,2.086639204605711,0.05552538764586929,74.637,1.958111217021645,0.05752587896657371
P5,loss,0.5,324,1296.0,20,2.1134909258455323,0.10947748919464757,2.0879303799932742,0.052829119697272255,76.08500000000001,1.9591038409348163,0.054463101436187586
P5,loss,0.5,325,1300.0,20,2.0733950278952844,0.17960677358541022,2.0860808624826186,0.05322259766363983,75.155,1.9571427869523546,0.054857147323463765
P5,loss,0.5,326,1304.0,20,2.0559100829951564,0.16741942193511375,2.087302185211917,0.05425091079230136,75.864,1.9588564531891546,0.05713663428171291
P5,loss,0.5,327,1308.0,20,2.058361404111986,0.2536317972594546,2.0863213755079135,0.055092107262487006,74.32300000000001,1.957738292217691,0.05796246552231841
P5,loss,0.5,328,1312.0,20,2.0818196065904084,0.12855520345806756,2.0865715313189974,0.05235197992790972,75.779,1.9582295758094266,0.055722882353684035
P5,loss,0.5,329,1316.0,20,2.103936606612615,0.1014145384484364,2.0908222579169458,0.04884160033217634,75.309,1.9632633339645404,0.052075201673479454
P5,loss,0.5,330,1320.0,20,2.052974904321151,0.16933931821298673,2.089989057404452,0.04751414161528113,75.15299999999999,1.9627284779942087,0.05132062463951705
P5,loss,0.5,331,1324.0,20,2.1346045080067664,0.08294870586307508,2.0924860310506377,0.047766708928825494,75.529,1.965101602700922,0.05111552076290465
P5,loss,0.5,332,1328.0,20,2.0587186326193256,0.13262419792944152,2.091908979284491,0.04708196018283331,76.112,1.9648068064960789,0.04830252292182055
P5,loss,0.5,333,1332.0,20,2.1190800758212043,0.09004126463754698,2.092421170888128,0.04752329533983775,75.902,1.9655345180169435,0.04823995701527147
P5,loss,0.5,334,1336.0,20,2.063724571498739,0.1432243492360394,2.092652624138707,0.047906782001286605,75.513,1.965304874526705,0.04774960478453265
P5,loss,0.5,335,1340.0,20,2.086482867118564,0.15575114623272834,2.091528308381901,0.04589337518284901,75.774,1.9648991826705715,0.04603677365402071
P5,loss,0.5,336,1344.0,20,2.0585642830124997,0.17943362068109084,2.0909590862221097,0.04335880071869543,74.338,1.9641197690984675,0.043777168037441194
P5,loss,0.5,337,1348.0,20,2.1261739172649112,0.10263232159993431,2.092190882348409,0.04149563264272044,75.836,1.9651894855558585,0.042236719335615264
P5,loss,0.5,338,1352.0,20,2.087914441844416,0.17877222702708967,2.0901860984697263,0.04384918080974794,73.569,1.9633041015737096,0.04439343074265447
P5,loss,0.5,339,1356.0,20,2.072097423437492,0.1546769211140047,2.0888064378710043,0.04427365541958955,73.743,1.9613336494592093,0.045270973517493304
P5,loss,0.5,340,1360.0,20,2.1088172159361482,0.10408565580437079,2.0900716531701633,0.04537284938980455,75.643,1.9618555124562473,0.04622588618799863
P5,loss,0.5,341,1364.0,20,2.03221862957646,0.1695594642896224,2.086749974329096,0.04901562238408246,73.034,1.9597911538428054,0.04828290902887437
P5,loss,0.5,342,1368.0,20,2.098326653859123,0.11558553967058081,2.08868368390919,0.0469907085490612,75.372,1.9625264154146218,0.0464693115239313
P5,loss,0.5,343,1372.0,20,2.092270339457696,0.17725407000537302,2.088392926663791,0.04789876800903251,74.03099999999999,1.9620874429597042,0.04764941021753117
P5,loss,0.5,344,1376.0,20,2.093475338761592,0.15895113898970076,2.0880313433562225,0.050054712236565,76.229,1.961143707556947,0.04970655973859741
P5,loss,0.5,345,1380.0,20,2.087883143608401,0.09770370974884526,2.087325544759764,0.048902752034075826,75.09400000000001,1.960874380765972,0.04867262857729603
P5,loss,0.5,346,1384.0,20,2.163136956676375,0.06287499305842126,2.090206848985701,0.048579217521470076,76.088,1.9633571335175173,0.048121902856132694
P5,loss,0.5,347,1388.0,20,2.0982791645728813,0.1734478151131649,2.08847545971175,0.05051033550553764,74.832,1.9615784084960233,0.05027341950461133
P5,loss,0.5,348,1392.0,20,2.130032184631319,0.09787468959636438,2.0900675562430417,0.05109776409889793,76.387,1.9627830244272118,0.049992585744963645
P5,loss,0.5,349,1396.0,20,2.112500155089342,0.12538137517559705,2.0900279254127945,0.05119382246643707,76.089,1.9628882978908078,0.04986950532356265
P5,loss,0.5,350,1400.0,20,2.0699026247159003,0.14856971032069147,2.089888229285619,0.049263714110877904,75.183,1.9630810901236946,0.04763508316938294
P5,loss,0.5,351,1404.0,20,2.04695893720114,0.18440631538467556,2.089530183453858,0.048714186318300975,75.37,1.9620733805568071,0.04759443809934873
P5,loss,0.5,352,1408.0,20,2.1213779738028724,0.0723533136029791,2.0920508462414937,0.04594610360814242,75.479,1.9651646589678258,0.0452960339570851
P5,loss,0.5,353,1412.0,20,2.1367294757720856,0.08322524273493376,2.0942472410087607,0.04679057965967792,76.08,1.9673967495447156,0.04558442925823059
P5,loss,0.5,354,1416.0,20,2.1350920575549024,0.08423187435605223,2.0954934590464527,0.04560420703964193,75.396,1.96795615951205,0.04377938816458332
P5,loss,0.5,355,1420.0,20,2.127707694381602,0.1375251440101652,2.0984827706488707,0.0459167873003613,76.259,1.970745367648353,0.0438145039702205
P5,loss,0.5,356,1424.0,20,2.1374650646464257,0.08979079667223251,2.0985971929144567,0.045949434554228126,76.035,1.9707256460960398,0.04406378965860894
P5,loss,0.5,357,1428.0,20,2.0876879466002203,0.08369498058365289,2.0997559654736926,0.047323030383474726,75.056,1.9727108025145619,0.04580494517184594
P5,loss,0.5,358,1432.0,20,2.1165653734133403,0.1164102739454523,2.099655377377378,0.049650952463223055,75.006,1.972675398070601,0.04751596178534447
P5,loss,0.5,359,1436.0,20,2.1020407948630977,0.12867429292988333,2.1011880263119522,0.05122757231727392,75.657,1.9740986315887241,0.049183898449631815
P5,loss,0.5,360,1440.0,20,2.1050572635535416,0.15260675902604667,2.1019310021693514,0.052106300098142926,74.26599999999999,1.9748315194999257,0.05011972027035471
P5,loss,0.5,361,1444.0,20,2.098844361787102,0.11273745074615506,2.1035422053203354,0.05089994666736993,75.862,1.9766087857652397,0.04817205867371916
P5,loss,0.5,362,1448.0,20,2.0958964670639544,0.1629380616939518,2.102331107312297,0.051440438103321044,74.774,1.9758340560965704,0.04869900981383257
P5,loss,0.5,363,1452.0,20,2.1338244690564823,0.09265568127740573,2.10416750840078,0.04876146712732482,75.753,1.977850281292658,0.04532335641448098
P5,loss,0.5,364,1456.0,20,2.1610821047666926,0.05407406999070437,2.107726895653948,0.04823608787528261,76.02799999999999,1.9814415878422562,0.04448242774985905
P5,loss,0.5,365,1460.0,20,2.140273743496413,0.07923968019764645,2.1089851567563587,0.048406585080061494,76.16,1.9828199213709472,0.04529640992361561
P5,loss,0.5,366,1464.0,20,2.111056166314182,0.11969001200171223,2.1121386582258674,0.0483564078632006,76.193,1.9848735263065709,0.044868879699688
P5,loss,0.5,367,1468.0,20,2.141072064995586,0.07737505343977674,2.113848474671326,0.04897123657722245,75.795,1.9863770313190237,0.04505864269644266
P5,loss,0.5,368,1472.0,20,2.0576635669278773,0.15828335397190874,2.1124642037701333,0.04767154781178809,76.197,1.985486655917055,0.044008654416656086
P5,loss,0.5,369,1476.0,20,2.148161628617392,0.051264722429055734,2.114651655364365,0.045144464135512645,75.31899999999999,1.9880624675733667,0.04102170456842937
P5,loss,0.5,370,1480.0,20,2.167534751538111,0.04319546083049136,2.1178377196815537,0.045179570685183974,76.267,1.9904818997125933,0.041040759324871966
P5,loss,0.5,371,1484.0,20,2.151985856005571,0.06252439083985904,2.1173916756547215,0.04462008454351782,75.458,1.9899785354581359,0.040720110845989116
P5,loss,0.5,372,1488.0,20,2.1228967000927224,0.12838177208921958,2.118376377075515,0.04351921726762865,75.671,1.991392621255546,0.03908791144223265
P5,loss,0.5,373,1492.0,20,2.0710225113177247,0.15614116615951035,2.116015990142971,0.04580405348948502,76.171,1.9893004184926866,0.041342967478321876
P5,loss,0.5,374,1496.0,20,2.0845883850913616,0.16875189197228874,2.114899519343052,0.04734536118778022,74.172,1.9878358359493635,0.04334938302896024
P5,loss,0.5,375,1500.0,20,2.1598577972027564,0.03954268169245688,2.118497726242526,0.04577222475258818,76.797,1.991041906273566,0.04196570292389943
P5,loss,0.5,376,1504.0,20,2.0909666752988576,0.1201730649068687,2.120258035766435,0.044820067681139206,75.363,1.9931317036402063,0.04073785665352052
P5,loss,0.5,377,1508.0,20,2.139098157479195,0.06336772905134905,2.120966843113488,0.04504246680191,75.824,1.9941327510286455,0.04076621819107509
P5,loss,0.5,378,1512.0,20,2.168110658204275,0.05649428508280971,2.1222220904107756,0.04432089330517858,76.13300000000001,1.994809726210051,0.040389523394650795
P5,loss,0.5,379,1516.0,20,2.1330564894020947,0.1947529564149907,2.122140667684663,0.049436598450091365,74.832,1.994613559562573,0.04541434276762611
P5,loss,0.5,380,1520.0,20,2.150962162510303,0.09310289289624085,2.123070846409811,0.0495596362412947,75.799,1.9951747781221756,0.04567512278599532
P5,loss,0.5,381,1524.0,20,2.1405662515847275,0.08484927336480055,2.123194893887343,0.04974752876147396,76.134,1.9957174495003798,0.04556295130378727
P5,loss,0.5,382,1528.0,20,2.137257201630306,0.07070559448098951,2.1251776640885467,0.04843714844115054,74.72999999999999,1.996764523891961,0.04470581152094591
P5,loss,0.5,383,1532.0,20,2.154250384173902,0.08607301582525491,2.126685064518969,0.04455919225287869,76.205,1.9978857887817731,0.041635659253721355
P5,loss,0.5,384,1536.0,20,2.152173534523143,0.10842113676097748,2.128690374105371,0.0443260863663516,76.276,1.9997058422895406,0.04182545762718566
P5,loss,0.5,385,1540.0,20,2.150726456329566,0.07798889990820206,2.1305171418164117,0.04420450296518971,76.513,2.0006953621992367,0.04124782089984977
P5,loss,0.5,386,1544.0,20,2.129241822137243,0.09944178073225415,2.1317330402304178,0.04500720146459095,76.26,2.0020437489733043,0.04240071459167885
P5,loss,0.5,387,1548.0,20,2.129859648318363,0.09864063572223977,2.1330915674805935,0.04371172583754175,76.003,2.002955819937914,0.042064807160065464
P5,loss,0.5,388,1552.0,20,2.1339470816487243,0.09344288665532585,2.1330964719842838,0.04226159436540116,76.037,2.002502628218117,0.041507492822515056
P5,loss,0.5,389,1556.0,20,2.1541146393375863,0.05585256542381741,2.1328177733671194,0.04161783293251762,76.296,2.0027805772988314,0.04128946017304911
P5,loss,0.5,390,1560.0,20,2.1117174270920023,0.12008299798242456,2.131675520710943,0.04144434404477198,75.741,2.002266260493664,0.04078707147053433
P5,loss,0.5,391,1564.0,20,2.154983339417062,0.0923294161652774,2.1334326076350583,0.0404663395533763,76.658,2.0039505072729265,0.03987281614085759
P5,loss,0.5,392,1568.0,20,2.1516755006333703,0.07577918929776442,2.1338567450605694,0.0385056968684912,76.28,2.003728964408733,0.0375972547501711
P5,loss,0.5,393,1572.0,20,2.0853140332087454,0.191665387884925,2.134962763711804,0.041790085284172676,74.2,2.0045170316890415,0.0407228626716673
P5,loss,0.5,394,1576.0,20,2.1022078061046825,0.13858187011452386,2.133124610811296,0.04416270767963916,76.151,2.0022037106560964,0.04390558784900399
P5,loss,0.5,395,1580.0,20,2.092855623015928,0.16092519342508474,2.1301374456704085,0.045764192584255806,75.661,1.9990847296848937,0.04541393416910114
P5,loss,0.5,396,1584.0,20,2.1345124325001246,0.08037628063396612,2.1294385087301904,0.04659664533417936,76.296,1.9985463204218614,0.04669567858309644
P5,loss,0.5,397,1588.0,20,2.1656033291959043,0.053390903369371356,2.1311467738943177,0.04543107425995642,76.311,2.000059345027272,0.04629610521480478
P5,loss,0.5,398,1592.0,20,2.113909906100001,0.12276123987086092,2.132862269685609,0.04438278031512769,76.70599999999999,2.001501121211734,0.04553591123324605
P5,loss,0.5,399,1596.0,20,2.1464298188270727,0.06091742686558436,2.1353359270350376,0.044093630806610294,76.039,2.004323769766543,0.04526012005758354
P5,loss,0.5,400,1600.0,20,2.1751313448240763,0.05394685555393999,2.1359468689398904,0.042987161390014135,76.241,2.0042640960480123,0.0440617057662266
P5,loss,0.5,401,1604.0,20,2.1082683394736796,0.10658723476776648,2.136638935506883,0.04407044834971938,75.9,2.0049577146067277,0.04483893143102605
P5,loss,0.5,402,1608.0,20,2.089333900556557,0.11931943547462615,2.1346483652299773,0.043764626174040915,76.099,2.002725344019424,0.0446472893234812
P5,loss,0.5,403,1612.0,20,2.146047411356831,0.06651352584392645,2.1337658353560798,0.0446447326234251,75.99600000000001,2.0018947024021223,0.045059646859278824
P5,loss,0.5,404,1616.0,20,2.1214039076985953,0.07069588397332052,2.1332997320879397,0.04018685577469291,75.852,2.0020557589891297,0.04036866075081753
P5,loss,0.5,405,1620.0,20,2.14234566988888,0.09143074866230445,2.1329550723830826,0.04000832994988696,76.217,2.002048347085618,0.04072531675329658
P5,loss,0.5,406,1624.0,20,2.1583496189243805,0.12114822275941946,2.133666407076669,0.04071257967891247,76.206,2.0020758742261777,0.04168489765401268
P5,loss,0.5,407,1628.0,20,2.1456277271037423,0.11076691207012526,2.1340012280956064,0.04370679325527935,76.297,2.002327767154065,0.04366659796436497
P5,loss,0.5,408,1632.0,20,2.1393730847305013,0.11321570102500968,2.1334061361178707,0.04373905688931644,76.49199999999999,2.0023691469818123,0.042789984261920044
P5,loss,0.5,409,1636.0,20,2.1677548199010057,0.05477421677285186,2.1340293875329848,0.041242850617024526,76.366,2.0028807584590065,0.041367059738213134
P5,loss,0.5,410,1640.0,20,2.1364478444265638,0.09896340027103255,2.133458243056865,0.04196556702118782,75.439,2.0027677102063732,0.042130873489933614
P5,loss,0.5,411,1644.0,20,2.133157562978208,0.15065507703052647,2.1336148726905035,0.04105307771918139,76.369,2.0021778835544457,0.041811178981034154
P5,loss,0.5,412,1648.0,20,2.115118941181936,0.113428255106959,2.1330252444050464,0.03825452556324943,74.981,2.00192938304964,0.038482156281861024
P5,loss,0.5,413,1652.0,20,2.094576184710317,0.16323742918401843,2.13145040852751,0.0380540151626125,76.10799999999999,2.00140100345767,0.038190284351034186
P5,loss,0.5,414,1656.0,20,2.124957337077724,0.08013982294564144,2.1302841164371156,0.03817937785207249,76.205,2.000241695330028,0.03770253291398922
P5,loss,0.5,415,1660.0,20,2.1098891820928443,0.0988882164197425,2.1302109866371493,0.03760086273677222,76.24,1.9998035888099377,0.03685445880828109
P5,loss,0.5,416,1664.0,20,2.149853896893167,0.07764071756137618,2.1300058089361933,0.03775902162903593,76.224,2.0000207080567316,0.03695096176266456
P5,loss,0.5,417,1668.0,20,2.1133463205947858,0.09505579303397524,2.1284726417346502,0.036448378206047266,75.952,1.9990938522881936,0.03536469306464008
P5,loss,0.5,418,1672.0,20,2.1267734565072702,0.12000703170323933,2.1301310186665914,0.032220221284436176,76.25699999999999,2.0013245003013553,0.030541871493995086
P5,loss,0.5,419,1676.0,20,2.1679228656167937,0.05833078363872618,2.1327596210470756,0.028637104909970356,75.957,2.003167639670976,0.026685638512060735
P5,loss,0.5,420,1680.0,20,2.150982519549186,0.11150014694355692,2.135084696908406,0.02766158938778225,76.45599999999999,2.0057228759047847,0.025050514148877816
P5,loss,0.5,421,1684.0,20,2.133822012547463,0.11203145585834405,2.1350570801102995,0.026760820377292684,76.385,2.00549060313151,0.024213442112420477
P5,loss,0.5,422,1688.0,20,2.1271111868550445,0.06763908699493469,2.133517394416665,0.026016209340397722,76.489,2.0046454854668463,0.023450732101867374
P5,loss,0.5,423,1692.0,20,2.1656514914345215,0.049020520487012796,2.1355870578300458,0.02485289809443956,76.368,2.0068214603132324,0.021662066086905327
P5,loss,0.5,424,1696.0,20,2.1358050766110472,0.1010182108631274,2.1351620681414047,0.02480538920933278,76.185,2.0060244064756003,0.021368378749846532
P5,loss,0.5,425,1700.0,20,2.1329991340367975,0.12970452577089595,2.1334767797099135,0.025332590708227267,76.921,2.0045886783131213,0.022044808403959726
P5,loss,0.5,426,1704.0,20,2.143565441062438,0.08047795102084868,2.134888663773464,0.02431686787339788,76.272,2.0057835939338364,0.021022265022118465
P5,loss,0.5,427,1708.0,20,2.070123261909413,0.2185720451452175,2.1341202382275783,0.02557185920626375,74.456,2.004777920586606,0.023187721056495948
P5,loss,0.5,428,1712.0,20,2.1333611294111474,0.1381262534457148,2.133612786949751,0.024979950981632294,75.506,2.004043309453631,0.02292469666106351
P5,loss,0.5,429,1716.0,20,2.1608146660363547,0.06116443705414634,2.135189217283261,0.02303088875116243,76.236,2.004799563894746,0.021210179732514333
P5,loss,0.5,430,1720.0,20,2.1629241781134505,0.05520825896654645,2.136012357612244,0.023711994747005388,76.035,2.005039672666564,0.02192815255581263
P5,loss,0.5,431,1724.0,20,2.12550972242508,0.11645406418689308,2.134698761752272,0.02272877014400355,76.104,2.004513764338925,0.021492270051607993
P5,loss,0.5,432,1728.0,20,2.118877847414615,0.16106020849345234,2.133628766564707,0.024133436051778454,74.39099999999999,2.0027528741694662,0.023379449398110028
P5,loss,0.5,433,1732.0,20,2.16425571654157,0.09329456606560327,2.1346240718371496,0.023421152315946193,76.666,2.0027659238806055,0.02407021088729622
P5,loss,0.5,434,1736.0,20,2.139437505837028,0.08434878229043047,2.1334913792745906,0.022840756541779063,76.376,2.002298311504285,0.022903554967013268
P5,loss,0.5,435,1740.0,20,2.1804373969865596,0.03678005943260745,2.1352509613769906,0.021026095356752355,76.502,2.0035766209734724,0.021425961142980284
P5,loss,0.5,436,1744.0,20,2.133823984276059,0.09685659436506129,2.1352776182289044,0.021234037897473888,76.536,2.003842750148201,0.023137187909173115
P5,loss,0.5,437,1748.0,20,2.151969602128429,0.07986078732925819,2.1367516446667643,0.021299608348822704,76.784,2.0050880647391907,0.02370351690329201
P5,loss,0.5,438,1752.0,20,2.1827982000165553,0.039006199670518764,2.140280525279014,0.020316989020846,76.639,2.00777116159562,0.023424396483019184
P5,loss,0.5,439,1756.0,20,2.1628203800792023,0.06924823683600113,2.1417950469990727,0.019171812448921608,75.517,2.0091057557419596,0.022107497579421216
P5,loss,0.5,440,1760.0,20,2.1396885973762307,0.08013219474864519,2.1429870236104085,0.019644605998799115,75.977,2.0102682445105637,0.0214971506239586
P5,loss,0.5,441,1764.0,20,2.170675504527504,0.05470475352778103,2.1438198879157815,0.018784002041975965,76.09299999999999,2.010971051909574,0.02017392991291978
P5,loss,0.5,442,1768.0,20,2.163045561758484,0.0370224766822399,2.1458078575623296,0.020513911017773844,76.412,2.0126736620113723,0.02111393659781514
P5,loss,0.5,443,1772.0,20,2.1217650719015655,0.12463888057941615,2.1456075221781017,0.021157141046318138,75.873,2.01230514245746,0.021307463373010968
P5,loss,0.5,444,1776.0,20,2.155417446194456,0.08277968316977685,2.145107305401208,0.022059788676023862,76.745,2.0122352929852743,0.02173199352948567
P5,loss,0.5,445,1780.0,20,2.1513986208904554,0.11018099927109395,2.1451239494548586,0.02296920648398492,76.188,2.0123418490927274,0.023292290302497066
P5,loss,0.5,446,1784.0,20,2.172997123049725,0.04068908771653934,2.1466909538749492,0.021836241480919033,76.13300000000001,2.0136034215417884,0.022803309372704337
P5,loss,0.5,447,1788.0,20,2.144155234830385,0.10409684075582032,2.1473727157939626,0.021388930199563245,76.46799999999999,2.0135378477132595,0.022008620178007764
P5,loss,0.5,448,1792.0,20,2.1259629321149776,0.10555219633996493,2.145785173421181,0.023611936839831912,75.98400000000001,2.0124122815432712,0.024115384654294907
P5,loss,0.5,449,1796.0,20,2.176653912978126,0.03673928936444457,2.1474191268758642,0.023359040180564908,76.15599999999999,2.0139810513456005,0.023484531374322676
P5,loss,0.5,450,1800.0,20,2.1706577838905945,0.04734999093046725,2.1489254728700162,0.021999178727804065,76.125,2.0160681009093335,0.022267248522702753
P5,loss,0.5,451,1804.0,20,2.185604847524151,0.03325422505824937,2.1506070491284843,0.023864713148720917,76.50399999999999,2.0171766300907192,0.023603250069111313
P5,loss,0.5,452,1808.0,20,2.1460628688811227,0.07741830596038883,2.153644633407353,0.019030828139705025,76.143,2.0201700860716056,0.018094398745367574
P5,loss,0.5,453,1812.0,20,2.171869078129255,0.042404722239510716,2.1551849513560777,0.01707755433540355,76.464,2.0220437718423683,0.01667093239039718
P5,loss,0.5,454,1816.0,20,2.1702653010211774,0.053617004523988536,2.15556297675547,0.01666272549954724,76.57300000000001,2.0223621490265513,0.016610949289523638
P5,loss,0.5,455,1820.0,20,2.147529285721668,0.07826502191741833,2.154947181059799,0.01762516908626463,76.131,2.0226169689542637,0.017235728527193513
P5,loss,0.5,456,1824.0,20,2.1357386596733567,0.14132288673968135,2.1553563385497303,0.01828143662549261,76.2,2.0230889821089644,0.017268958757045816
P5,loss,0.5,457,1828.0,20,2.140770980265525,0.0622850457257328,2.1562320638637664,0.01798434442401188,76.057,2.0252517224255877,0.016583992324074294
P5,loss,0.5,458,1832.0,20,2.1503235397105365,0.09534132131323421,2.155674776790525,0.01680149725712652,76.78999999999999,2.024910058735688,0.015115113595052906
P5,loss,0.5,459,1836.0,20,2.189322035491639,0.033815634719146934,2.1576701579767095,0.01630065816620575,76.764,2.0263125273507394,0.014971019851316953
P5,loss,0.5,460,1840.0,20,2.129418698556541,0.08758479899972184,2.155629410039509,0.017116497337770542,76.435,2.0250585874838958,0.01668291786405414
P5,loss,0.5,461,1844.0,20,2.154538896210016,0.049141757908261204,2.156458006516867,0.016047620394929102,76.376,2.0262677840647205,0.01557171555825769
P5,loss,0.5,462,1848.0,20,2.1271722982984285,0.11793920068285547,2.155466114363667,0.017811983899039662,76.649,2.0252642519736,0.01565675635105909
P5,loss,0.5,463,1852.0,20,2.1428771071252717,0.07834664789017753,2.153869270648016,0.01710552527405015,76.51599999999999,2.023773719690954,0.016570066844776056
P5,loss,0.5,464,1856.0,20,2.1436910756810486,0.13115000582912595,2.1531040984720895,0.018636073749921753,76.506,2.022953451808872,0.018871646141577682
P5,loss,0.5,465,1860.0,20,2.1362930666486344,0.08529071093050555,2.152968277242986,0.018799390547520056,75.865,2.0230811587742843,0.02095405312560999
P5,loss,0.5,466,1864.0,20,2.179684579274521,0.04460074051636905,2.1533286402328664,0.0185925827218151,76.77000000000001,2.02300427396282,0.02145493244970469
P5,loss,0.5,467,1868.0,20,2.1201110932673104,0.1210703570253036,2.1516112614932195,0.017994216612248756,76.113,2.0214031911362613,0.021644379554722593
P5,loss,0.5,468,1872.0,20,2.1744047824615724,0.07805602301730022,2.15371684991562,0.018578181967006516,76.755,2.022317212047022,0.022927368915434804
P5,loss,0.5,469,1876.0,20,2.1726669008855404,0.03521089794182998,2.154406828103263,0.018696404650264196,75.951,2.0238070867685503,0.023134330255325658
P5,loss,0.5,470,1880.0,20,2.113828303476261,0.14063188827686776,2.1529040154066954,0.018607585992044894,76.039,2.022247729840218,0.02252897608225763
P5,loss,0.5,471,1884.0,20,2.145249040600956,0.10913361264631712,2.1517940921087444,0.019586792825403314,76.151,2.0210392550678753,0.023653676396061685
P5,loss,0.5,472,1888.0,20,2.1380657715280065,0.06471967420045521,2.1515505135766495,0.01966711391466184,76.399,2.021301211972925,0.024493369893755147
P5,loss,0.5,473,1892.0,20,2.1560074005682948,0.06460499045916036,2.1527522923147826,0.020799572883481457,76.397,2.021932478553789,0.024882958480835122
P5,loss,0.5,474,1896.0,20,2.17670486611551,0.03896649777541873,2.1527543304402776,0.01978862427812455,76.259,2.0218640045220155,0.024766475253210195
P5,loss,0.5,475,1900.0,20,2.162782922785815,0.04525796906543419,2.1524393359960863,0.01918412309508049,75.797,2.021384602421332,0.024649662930286767
P5,loss,0.5,476,1904.0,20,2.150095481746972,0.08161094252425255,2.1510189613649993,0.020189199632171168,76.441,2.020112339533649,0.026063952257692837
P5,loss,0.5,477,1908.0,20,2.1206652668950126,0.09460320313224102,2.150003057285555,0.018797992470550126,75.486,2.0196220433176295,0.02428890379181719
P5,loss,0.5,478,1912.0,20,2.160348946796566,0.05135435336151589,2.149542252032247,0.018928745490678796,76.2,2.019730974225729,0.024145022800676888
P5,loss,0.5,479,1916.0,20,2.1214669933743044,0.0733624485668395,2.147590319726372,0.018167875771915833,75.602,2.0191705059653793,0.023879899590432362
P5,loss,0.5,480,1920.0,20,2.1159167816479334,0.09413714646451786,2.146325819563423,0.017017653289342856,75.599,2.0175665334796156,0.023046082656918494
P5,loss,0.5,481,1924.0,20,2.1810492769606853,0.02827467280201613,2.148138244254916,0.018315697577821383,76.374,2.018834622940896,0.023650200726124462
P5,loss,0.5,482,1928.0,20,2.1513880509463124,0.07767639288370999,2.1485629270821476,0.018802667615754828,75.816,2.0187925701240514,0.02469034388752294
P5,loss,0.5,483,1932.0,20,2.1819315596300335,0.03706815968586781,2.1498272478789273,0.01796439211282994,76.558,2.020142819529212,0.023947659824634114
P5,loss,0.5,484,1936.0,20,2.177580118296138,0.044966526902118074,2.1493575711911075,0.017642235713286755,76.225,2.020030359602903,0.023491506710595307
P5,loss,0.5,485,1940.0,20,2.1510686710902958,0.052275777616642656,2.1502235700924577,0.01592641783027201,75.958,2.0204831665746097,0.020591222269013717
P5,loss,0.5,486,1944.0,20,2.1725533382150046,0.06316167973282655,2.150944147772657,0.01498695502284031,75.904,2.0208177121803135,0.019628869781582917
P5,loss,0.5,487,1948.0,20,2.1559210153207404,0.07449395590090893,2.15209409645355,0.015088501893318089,76.167,2.022339828476312,0.02021373561405546
P5,loss,0.5,488,1952.0,20,2.15013569428602,0.08173608304924349,2.1523844399399796,0.013369140108392602,76.321,2.0228418119006624,0.018310427567174138
P5,loss,0.5,489,1956.0,20,2.119545709241496,0.16797027940174963,2.1514186252823975,0.015106670874125505,74.55199999999999,2.022068133818352,0.02023143471902767
P5,loss,0.5,490,1960.0,20,2.176376139846157,0.03974907026547375,2.153021948210298,0.014691859724890174,76.127,2.02348376921392,0.018773141134215875
P5,loss,0.5,491,1964.0,20,2.1608548031630743,0.06856604796333325,2.1522687571658405,0.013282767946385379,75.911,2.022885673875618,0.01780586196579987
P5,loss,0.5,492,1968.0,20,2.1626533835178177,0.052627777676344675,2.153970448775861,0.012761700023450525,76.49,2.024403557932612,0.01614898064721135
P5,loss,0.5,493,1972.0,20,2.1660580414155164,0.07727116182539978,2.1536365791340186,0.011920713891761966,76.376,2.024185984203858,0.015272008928410928
P5,loss,0.5,494,1976.0,20,2.167425291261506,0.058578835921875606,2.1534269147490575,0.012910016600329687,76.486,2.023412119094634,0.015817712397930925
P5,loss,0.5,495,1980.0,20,2.1702788143328586,0.04577569855123064,2.155684935183321,0.01451688857894759,76.42,2.0259553956075322,0.01577564440820464
P5,loss,0.5,496,1984.0,20,2.167238082468599,0.04827914292617672,2.156564496858027,0.013899667355045001,75.936,2.0273543571787718,0.015395893591305169
P5,loss,0.5,497,1988.0,20,2.1594235085294247,0.054035916525926986,2.1574188063380833,0.013617851316045109,75.94800000000001,2.0277332915941626,0.014780840582230805
P5,loss,0.5,498,1992.0,20,2.155069028419211,0.10060666677988268,2.1573812714521203,0.014282805090618496,76.7,2.0275748048199422,0.01410806673772556
P5,loss,0.5,499,1996.0,20,2.1444889116820622,0.11384380126098684,2.156092633274782,0.011689734542475481,76.12100000000001,2.0267101190481918,0.013283787654991556
P5,loss,0.5,500,2000.0,20,2.145240478731213,0.0770827911163499,2.155390935512598,0.012742633890075144,76.185,2.026683589418444,0.013689904256069751
P5,loss,0.5,501,2004.0,20,2.1605172723708757,0.047468971741203805,2.1558078071375544,0.011866238599760397,76.208,2.0276261723729396,0.012587355200329591
P5,loss,0.5,502,2008.0,20,2.1237661947390545,0.12681562339706048,2.155931844251316,0.012043762286841668,76.193,2.027515962202687,0.014387678056196437
P5,loss,0.5,503,2012.0,20,2.1865763997205785,0.024958277933782653,2.1569809423682766,0.011053383332181201,76.651,2.0278658363155087,0.014260420497895566
P5,loss,0.5,504,2016.0,20,2.1608011790221773,0.05817510624713231,2.1585543097941917,0.011433414618374207,75.914,2.0285407557331463,0.01439095495596236
P5,loss,0.5,505,2020.0,20,2.16703861346386,0.03631280117951111,2.1605991830668283,0.012016058916280476,76.464,2.0305360687367715,0.01491278580912271
P5,loss,0.5,506,2024.0,20,2.146939930940935,0.06641269145462232,2.1592348092260383,0.01211418310537414,76.091,2.029581006846318,0.01614114715866956
P5,loss,0.5,507,2028.0,20,2.162658809933906,0.08264714837405197,2.1596856395855424,0.012693244285310863,76.343,2.030055789611409,0.01620812404726842
P5,loss,0.5,508,2032.0,20,2.1591249789887033,0.04627993254346439,2.158773376359889,0.01335925068647406,76.116,2.029838973876702,0.0160490113409605
P5,loss,0.5,509,2036.0,20,2.151474995243248,0.0841846246558326,2.157729171437773,0.014123175938141113,76.43299999999999,2.0289358967352387,0.016155053049613247
P5,loss,0.5,510,2040.0,20,2.168602265496502,0.045797356975581294,2.1584305152140217,0.014299551544074366,76.505,2.0297573129377673,0.015767092813519516
P5,loss,0.5,511,2044.0,20,2.1653588882462205,0.062461231064434075,2.1581427372152704,0.015043034510817174,76.401,2.02971764668242,0.017088381605814548
P5,loss,0.5,512,2048.0,20,2.1199267485905606,0.1369290128782697,2.156702966546063,0.014261253288755573,76.111,2.028165460079431,0.01713108967459644
