setting,policy_index,actions,val_accuracy,val_loss,total_sparsity,unit_sparsity,reward,reward_accuracy_term,reward_sparsity_term,reward_diversity_term,utility,destructive,reward_rank,rank_score,pareto_val_accuracy,pareto_val_loss,ratio_0_conv1,ratio_1_conv2,ratio_2_fc1,ratio_3_fc2
cifar10_lenet5,0,"[0, 0, 0, 0]",64.299999999999997,0.99528987630208332,0,"[0.0, 0.0, 0.0, 0.0]",1.55,1.5,0,0.050000000000000003,1.5,False,1079,0.16756756756756758,False,False,0,0,0,0
cifar10_lenet5,1,"[0, 0, 0, 1]",64.200000000000003,0.99509393819173175,1.6318601262748906,"[0.0, 0.0, 0.0, 10.0]",1.6139857863327336,1.4976671850699845,0.016318601262748908,0.10000000000000001,1.5139857863327337,False,1004,0.22548262548262549,False,True,0,0,0,10
cifar10_lenet5,2,"[0, 0, 0, 2]",64.566666666666663,0.99551444753011065,3.2637202525497813,"[0.0, 0.0, 0.0, 20.0]",1.6388580423388726,1.5062208398133747,0.032637202525497816,0.10000000000000001,1.5388580423388725,False,961,0.25868725868725867,False,False,0,0,0,20
cifar10_lenet5,3,"[0, 0, 0, 3]",64.700000000000003,0.99652867762247721,4.8955803788246719,"[0.0, 0.0, 0.0, 30.0]",1.6582870635083091,1.5093312597200623,0.048955803788246717,0.10000000000000001,1.5582870635083093,False,916,0.29343629343629346,False,False,0,0,0,30
cifar10_lenet5,4,"[0, 0, 0, 4]",64.5,1.0016944160461425,6.5274405050995625,"[0.0, 0.0, 0.0, 40.0]",1.6699400349110267,1.5046656298600309,0.065274405050995632,0.10000000000000001,1.5699400349110268,False,891,0.31274131274131273,False,False,0,0,0,40
cifar10_lenet5,5,"[0, 0, 0, 5]",63.43333333333333,1.0180930887858073,9.7911607576493438,"[0.0, 0.0, 0.0, 60.0]",1.6776938781830255,1.479782270606532,0.097911607576493434,0.10000000000000001,1.5776938781830252,False,877,0.32355212355212354,False,False,0,0,0,60
cifar10_lenet5,6,"[0, 0, 1, 0]",64.36666666666666,0.99534446970621748,7.7707625060709082,"[0.0, 0.0, 10.0, 0.0]",1.6792628350140528,1.5015552099533436,0.077707625060709079,0.10000000000000001,1.5792628350140527,False,873,0.32664092664092664,False,False,0,0,10,0
cifar10_lenet5,7,"[0, 0, 1, 1]",64.299999999999997,0.99517741266886395,9.4026226323457998,"[0.0, 0.0, 10.0, 10.0]",1.694026226323458,1.5,0.094026226323458001,0.10000000000000001,1.5940262263234579,False,834,0.35675675675675678,False,True,0,0,10,10
cifar10_lenet5,8,"[0, 0, 1, 2]",64.566666666666663,0.99564155578613278,11.03448275862069,"[0.0, 0.0, 10.0, 20.0]",1.7665656673995818,1.5062208398133747,0.11034482758620691,0.15000000000000002,1.6165656673995816,False,674,0.4803088803088803,False,True,0,0,10,20
cifar10_lenet5,9,"[0, 0, 1, 3]",64.733333333333334,0.99666490809122721,12.666342884895581,"[0.0, 0.0, 10.0, 30.0]",1.78677229354569,1.5101088646967342,0.12666342884895582,0.15000000000000002,1.6367722935456899,False,619,0.5227799227799228,True,True,0,0,10,30
cifar10_lenet5,10,"[0, 0, 1, 4]",64.533333333333331,1.0016570790608723,14.298203011170472,"[0.0, 0.0, 10.0, 40.0]",1.7984252649484076,1.5054432348367028,0.14298203011170471,0.15000000000000002,1.6484252649484077,False,588,0.54671814671814667,True,False,0,0,10,40
cifar10_lenet5,11,"[0, 0, 1, 5]",63.56666666666667,1.0181387201944987,17.561923263720253,"[0.0, 0.0, 10.0, 60.0]",1.8085119231504221,1.4828926905132194,0.17561923263720253,0.15000000000000002,1.6585119231504222,False,566,0.56370656370656369,False,False,0,0,10,60
cifar10_lenet5,12,"[0, 0, 2, 0]",64,0.99676248168945314,15.541525012141816,"[0.0, 0.0, 20.0, 0.0]",1.7484168053313716,1.4930015552099534,0.15541525012141816,0.10000000000000001,1.6484168053313715,False,717,0.44710424710424712,False,False,0,0,20,0
cifar10_lenet5,13,"[0, 0, 2, 1]",63.899999999999999,0.99671660232543946,17.173385138416709,"[0.0, 0.0, 20.0, 10.0]",1.8124025916641049,1.4906687402799379,0.17173385138416708,0.15000000000000002,1.6624025916641048,False,560,0.56833976833976829,False,True,0,0,20,10
cifar10_lenet5,14,"[0, 0, 2, 2]",64.433333333333337,0.99724356587727869,18.8052452646916,"[0.0, 0.0, 20.0, 20.0]",1.7911628725536037,1.5031104199066876,0.188052452646916,0.10000000000000001,1.6911628725536036,False,606,0.53281853281853286,False,True,0,0,20,20
cifar10_lenet5,15,"[0, 0, 2, 3]",64.36666666666666,0.99802403513590499,20.43710539096649,"[0.0, 0.0, 20.0, 30.0]",1.8559262638630085,1.5015552099533436,0.2043710539096649,0.15000000000000002,1.7059262638630084,False,447,0.65559845559845564,False,True,0,0,20,30
cifar10_lenet5,16,"[0, 0, 2, 4]",64.200000000000003,1.0031477953592935,22.068965517241381,"[0.0, 0.0, 20.0, 40.0]",1.8683568402423982,1.4976671850699845,0.22068965517241382,0.15000000000000002,1.7183568402423985,False,419,0.67722007722007727,False,False,0,0,20,40
cifar10_lenet5,17,"[0, 0, 2, 5]",63.666666666666664,1.020863156636556,25.332685769791162,"[0.0, 0.0, 20.0, 60.0]",1.8885523631411463,1.4852255054432348,0.25332685769791163,0.15000000000000002,1.7385523631411464,False,367,0.71737451737451741,False,False,0,0,20,60
cifar10_lenet5,18,"[0, 0, 3, 0]",64.233333333333334,1.000419147491455,23.312287518212724,"[0.0, 0.0, 30.0, 0.0]",1.8315676652287838,1.4984447900466564,0.23312287518212724,0.10000000000000001,1.7315676652287835,False,509,0.60772200772200768,False,False,0,0,30,0
cifar10_lenet5,19,"[0, 0, 3, 1]",64.13333333333334,1.0002344729105632,24.944147644487614,"[0.0, 0.0, 30.0, 10.0]",1.8955534515615171,1.496111975116641,0.24944147644487616,0.15000000000000002,1.7455534515615174,False,353,0.72818532818532822,False,False,0,0,30,10
cifar10_lenet5,20,"[0, 0, 3, 2]",64.36666666666666,1.0006380004882813,26.576007770762505,"[0.0, 0.0, 30.0, 20.0]",1.9173152876609687,1.5015552099533436,0.26576007770762505,0.15000000000000002,1.7673152876609686,False,309,0.76216216216216215,False,True,0,0,30,20
cifar10_lenet5,21,"[0, 0, 3, 3]",64.299999999999997,1.0017602272033692,28.207867897037396,"[0.0, 0.0, 30.0, 30.0]",1.8820786789703741,1.5,0.28207867897037397,0.10000000000000001,1.782078678970374,False,386,0.70270270270270274,False,False,0,0,30,30
cifar10_lenet5,22,"[0, 0, 3, 4]",64.200000000000003,1.0076966412862143,29.839728023312286,"[0.0, 0.0, 30.0, 40.0]",1.9460644653031074,1.4976671850699845,0.2983972802331229,0.15000000000000002,1.7960644653031077,False,269,0.79305019305019309,False,False,0,0,30,40
cifar10_lenet5,23,"[0, 0, 3, 5]",63.666666666666664,1.0241651751200358,33.103448275862071,"[0.0, 0.0, 30.0, 60.0]",1.9662599882018554,1.4852255054432348,0.33103448275862074,0.15000000000000002,1.8162599882018555,False,237,0.81776061776061781,False,False,0,0,30,60
cifar10_lenet5,24,"[0, 0, 4, 0]",64.36666666666666,1.0098286794026692,31.083050024283633,"[0.0, 0.0, 40.0, 0.0]",1.9123857101961801,1.5015552099533436,0.31083050024283632,0.10000000000000001,1.81238571019618,False,321,0.75289575289575295,True,False,0,0,40,0
cifar10_lenet5,25,"[0, 0, 4, 1]",64.266666666666666,1.0096591809590658,32.714910150558524,"[0.0, 0.0, 40.0, 10.0]",1.9763714965289134,1.4992223950233283,0.32714910150558524,0.15000000000000002,1.8263714965289135,False,225,0.82702702702702702,False,False,0,0,40,10
cifar10_lenet5,26,"[0, 0, 4, 2]",64.13333333333334,1.0099215087890625,34.346770276833418,"[0.0, 0.0, 40.0, 20.0]",1.9895796778849753,1.496111975116641,0.34346770276833416,0.15000000000000002,1.8395796778849753,False,207,0.84092664092664093,False,False,0,0,40,20
cifar10_lenet5,27,"[0, 0, 4, 3]",64.266666666666666,1.009797487894694,35.978630403108305,"[0.0, 0.0, 40.0, 30.0]",2.0090086990544114,1.4992223950233283,0.35978630403108308,0.15000000000000002,1.8590086990544115,False,185,0.85791505791505795,False,False,0,0,40,30
cifar10_lenet5,28,"[0, 0, 4, 4]",63.866666666666667,1.0174639930725098,37.610490529383199,"[0.0, 0.0, 40.0, 40.0]",1.9659960405970982,1.489891135303266,0.376104905293832,0.10000000000000001,1.8659960405970981,False,239,0.81621621621621621,False,False,0,0,40,40
cifar10_lenet5,29,"[0, 0, 4, 5]",63.266666666666666,1.0330573921203614,40.87421078193298,"[0.0, 0.0, 40.0, 60.0]",2.0346363535425027,1.4758942457231727,0.40874210781932979,0.15000000000000002,1.8846363535425026,False,158,0.87876447876447872,True,False,0,0,40,60
cifar10_lenet5,30,"[0, 0, 5, 0]",62.233333333333334,1.046961752573649,46.624575036425448,"[0.0, 0.0, 60.0, 0.0]",2.0180342418106001,1.4517884914463455,0.46624575036425447,0.10000000000000001,1.9180342418105998,False,171,0.86872586872586877,False,False,0,0,60,0
cifar10_lenet5,31,"[0, 0, 5, 1]",62.299999999999997,1.0475775299072265,48.256435162700342,"[0.0, 0.0, 60.0, 10.0]",2.0859080530266927,1.453343701399689,0.48256435162700345,0.15000000000000002,1.9359080530266923,False,86,0.93436293436293438,False,False,0,0,60,10
cifar10_lenet5,32,"[0, 0, 5, 2]",62.366666666666667,1.0481537526448568,49.888295288975229,"[0.0, 0.0, 60.0, 20.0]",2.103781864242785,1.4548989113530326,0.49888295288975232,0.15000000000000002,1.9537818642427849,False,67,0.94903474903474905,False,False,0,0,60,20
cifar10_lenet5,33,"[0, 0, 5, 3]",62.333333333333336,1.0462245992024739,51.520155415250123,"[0.0, 0.0, 60.0, 30.0]",2.1193228605288623,1.4541213063763609,0.51520155415250124,0.15000000000000002,1.9693228605288622,False,52,0.96061776061776061,False,True,0,0,60,30
cifar10_lenet5,34,"[0, 0, 5, 4]",62.033333333333331,1.0537608680725097,53.15201554152501,"[0.0, 0.0, 60.0, 40.0]",2.128643017001564,1.4471228615863141,0.53152015541525011,0.15000000000000002,1.9786430170015641,False,43,0.96756756756756757,False,False,0,0,60,40
cifar10_lenet5,35,"[0, 0, 5, 5]",61.333333333333336,1.0767213122049968,56.415735794074791,"[0.0, 0.0, 60.0, 60.0]",2.0949505150169534,1.4307931570762054,0.56415735794074795,0.10000000000000001,1.9949505150169533,False,73,0.94440154440154445,False,False,0,0,60,60
cifar10_lenet5,36,"[0, 1, 0, 0]",64.299999999999997,0.99549584325154628,0.38853812530354542,"[0.0, 10.0, 0.0, 0.0]",1.6038853812530356,1.5,0.0038853812530354544,0.10000000000000001,1.5038853812530355,False,1015,0.21698841698841698,False,False,0,10,0,0
cifar10_lenet5,37,"[0, 1, 0, 1]",64.266666666666666,0.99544022369384766,2.020398251578436,"[0.0, 10.0, 0.0, 10.0]",1.6194263775391127,1.4992223950233283,0.020203982515784362,0.10000000000000001,1.5194263775391126,False,995,0.23243243243243245,False,False,0,10,0,10
cifar10_lenet5,38,"[0, 1, 0, 2]",64.5,0.99624156061808267,3.6522583778533271,"[0.0, 10.0, 0.0, 20.0]",1.6911882136385641,1.5046656298600309,0.03652258377853327,0.15000000000000002,1.5411882136385644,False,845,0.34826254826254827,False,False,0,10,0,20
cifar10_lenet5,39,"[0, 1, 0, 3]",64.599999999999994,0.9966843477884928,5.2841185041282177,"[0.0, 10.0, 0.0, 30.0]",1.709839629831329,1.5069984447900469,0.052841185041282178,0.15000000000000002,1.5598396298313288,False,797,0.3853281853281853,False,False,0,10,0,30
cifar10_lenet5,40,"[0, 1, 0, 4]",64.36666666666666,1.0018378359476725,6.9159786304031083,"[0.0, 10.0, 0.0, 40.0]",1.7207149962573745,1.5015552099533436,0.069159786304031079,0.15000000000000002,1.5707149962573745,False,775,0.40231660231660232,False,False,0,10,0,40
cifar10_lenet5,41,"[0, 1, 0, 5]",63.733333333333334,1.0181174799601238,10.17969888295289,"[0.0, 10.0, 0.0, 60.0]",1.7385777042261075,1.4867807153965786,0.10179698882952889,0.15000000000000002,1.5885777042261073,False,741,0.42857142857142855,False,False,0,10,0,60
cifar10_lenet5,42,"[0, 1, 1, 0]",64.36666666666666,0.99562651189168294,8.1593006313744532,"[0.0, 10.0, 10.0, 0.0]",1.6831482162670881,1.5015552099533436,0.08159300631374454,0.10000000000000001,1.583148216267088,False,866,0.33204633204633205,False,False,0,10,10,0
cifar10_lenet5,43,"[0, 1, 1, 1]",64.333333333333329,0.99558809026082362,9.7911607576493438,"[0.0, 10.0, 10.0, 10.0]",1.6986892125531652,1.5007776049766717,0.097911607576493434,0.10000000000000001,1.5986892125531653,False,823,0.36525096525096523,False,True,0,10,10,10
cifar10_lenet5,44,"[0, 1, 1, 2]",64.533333333333331,0.99640661239624029,11.423020883924234,"[0.0, 10.0, 10.0, 20.0]",1.7696734436759454,1.5054432348367028,0.11423020883924234,0.15000000000000002,1.6196734436759455,False,666,0.48648648648648651,False,True,0,10,10,20
cifar10_lenet5,45,"[0, 1, 1, 3]",64.533333333333331,0.9969336764017741,13.054881010199125,"[0.0, 10.0, 10.0, 30.0]",1.7859920449386939,1.5054432348367028,0.13054881010199126,0.15000000000000002,1.6359920449386944,False,623,0.5196911196911197,False,False,0,10,10,30
cifar10_lenet5,46,"[0, 1, 1, 4]",64.333333333333329,1.0018747418721516,14.686741136474016,"[0.0, 10.0, 10.0, 40.0]",1.7976450163414119,1.5007776049766717,0.14686741136474016,0.15000000000000002,1.647645016341412,False,591,0.54440154440154442,False,False,0,10,10,40
cifar10_lenet5,47,"[0, 1, 1, 5]",63.56666666666667,1.0182418683369954,17.950461389023797,"[0.0, 10.0, 10.0, 60.0]",1.8123973044034574,1.4828926905132194,0.17950461389023797,0.15000000000000002,1.6623973044034575,False,561,0.56756756756756754,False,False,0,10,10,60
cifar10_lenet5,48,"[0, 1, 2, 0]",63.93333333333333,0.99721549352010086,15.930063137445362,"[0.0, 10.0, 20.0, 0.0]",1.8007469766310633,1.4914463452566098,0.15930063137445363,0.15000000000000002,1.6507469766310632,False,581,0.55212355212355213,False,False,0,10,20,0
cifar10_lenet5,49,"[0, 1, 2, 1]",64.166666666666671,0.99728293228149412,17.561923263720253,"[0.0, 10.0, 20.0, 10.0]",1.8225088127305153,1.4968895800933129,0.17561923263720253,0.15000000000000002,1.6725088127305152,False,531,0.59073359073359077,False,False,0,10,20,10
cifar10_lenet5,50,"[0, 1, 2, 2]",64.266666666666666,0.998200984954834,19.193783389995144,"[0.0, 10.0, 20.0, 20.0]",1.8411602289232798,1.4992223950233283,0.19193783389995145,0.15000000000000002,1.6911602289232799,False,485,0.6262548262548262,False,False,0,10,20,20
cifar10_lenet5,51,"[0, 1, 2, 3]",64.066666666666663,0.99847959136962894,20.825643516270034,"[0.0, 10.0, 20.0, 30.0]",1.9028132003259972,1.4945567651632969,0.20825643516270034,0.20000000000000001,1.7028132003259973,False,340,0.73822393822393817,False,True,0,10,20,30
cifar10_lenet5,52,"[0, 1, 2, 4]",64.299999999999997,1.0035171699523926,22.457503642544925,"[0.0, 10.0, 20.0, 40.0]",1.9245750364254492,1.5,0.22457503642544926,0.20000000000000001,1.7245750364254493,False,299,0.76988416988416986,False,False,0,10,20,40
cifar10_lenet5,53,"[0, 1, 2, 5]",63.833333333333336,1.0211161155700683,25.721223895094706,"[0.0, 10.0, 20.0, 60.0]",1.9463257692775411,1.4891135303265941,0.25721223895094708,0.20000000000000001,1.7463257692775411,False,268,0.79382239382239383,False,False,0,10,20,60
cifar10_lenet5,54,"[0, 1, 3, 0]",64.166666666666671,1.0008554992675782,23.700825643516271,"[0.0, 10.0, 30.0, 0.0]",1.8838978365284755,1.4968895800933129,0.23700825643516271,0.15000000000000002,1.7338978365284754,False,380,0.70733590733590734,False,False,0,10,30,0
cifar10_lenet5,55,"[0, 1, 3, 1]",64.066666666666663,1.0007880338033039,25.332685769791162,"[0.0, 10.0, 30.0, 10.0]",1.8978836228612086,1.4945567651632969,0.25332685769791163,0.15000000000000002,1.7478836228612087,False,348,0.73204633204633207,False,False,0,10,30,10
cifar10_lenet5,56,"[0, 1, 3, 2]",64.36666666666666,1.0016129875183106,26.964545896066053,"[0.0, 10.0, 30.0, 20.0]",1.971200668914004,1.5015552099533436,0.26964545896066056,0.20000000000000001,1.7712006689140041,False,232,0.82162162162162167,False,True,0,10,30,20
cifar10_lenet5,57,"[0, 1, 3, 3]",64.433333333333337,1.0022221590677898,28.596406022340943,"[0.0, 10.0, 30.0, 30.0]",1.9390744801300972,1.5031104199066876,0.28596406022340942,0.15000000000000002,1.7890744801300971,False,275,0.78841698841698837,True,False,0,10,30,30
cifar10_lenet5,58,"[0, 1, 3, 4]",64.233333333333334,1.0081170692443848,30.228266148615834,"[0.0, 10.0, 30.0, 40.0]",2.0007274515328151,1.4984447900466564,0.30228266148615834,0.20000000000000001,1.8007274515328144,False,194,0.850965250965251,False,False,0,10,30,40
cifar10_lenet5,59,"[0, 1, 3, 5]",63.600000000000001,1.0244628753662108,33.491986401165612,"[0.0, 10.0, 30.0, 60.0]",2.0185901595015476,1.4836702954898913,0.33491986401165613,0.20000000000000001,1.8185901595015475,False,169,0.87027027027027026,False,False,0,10,30,60
cifar10_lenet5,60,"[0, 1, 4, 0]",64.299999999999997,1.0101386566162109,31.471588149587177,"[0.0, 10.0, 40.0, 0.0]",1.9647158814958718,1.5,0.31471588149587176,0.15000000000000002,1.8147158814958717,False,241,0.81467181467181471,False,False,0,10,40,0
cifar10_lenet5,61,"[0, 1, 4, 1]",64.266666666666666,1.0100608215332032,33.103448275862071,"[0.0, 10.0, 40.0, 10.0]",1.9802568777819491,1.4992223950233283,0.33103448275862074,0.15000000000000002,1.830256877781949,False,220,0.83088803088803087,False,False,0,10,40,10
cifar10_lenet5,62,"[0, 1, 4, 2]",64.233333333333334,1.0107436434427897,34.735308402136958,"[0.0, 10.0, 40.0, 20.0]",2.0457978740680263,1.4984447900466564,0.34735308402136961,0.20000000000000001,1.8457978740680259,False,143,0.89034749034749039,False,False,0,10,40,20
cifar10_lenet5,63,"[0, 1, 4, 3]",64.299999999999997,1.0101656748453776,36.367168528411852,"[0.0, 10.0, 40.0, 30.0]",2.0636716852841186,1.5,0.36367168528411853,0.20000000000000001,1.8636716852841184,False,122,0.90656370656370655,True,False,0,10,40,30
cifar10_lenet5,64,"[0, 1, 4, 4]",64,1.0177788925170899,37.99902865468674,"[0.0, 10.0, 40.0, 40.0]",2.0229918417568209,1.4930015552099534,0.3799902865468674,0.15000000000000002,1.8729918417568208,False,165,0.87335907335907337,True,False,0,10,40,40
cifar10_lenet5,65,"[0, 1, 4, 5]",63.100000000000001,1.0331885617574057,41.262748907236521,"[0.0, 10.0, 40.0, 60.0]",2.084633709912179,1.4720062208398135,0.41262748907236524,0.20000000000000001,1.8846337099121788,False,89,0.93204633204633203,False,False,0,10,40,60
cifar10_lenet5,66,"[0, 1, 5, 0]",62.200000000000003,1.0475766970316569,47.013113161728995,"[0.0, 10.0, 60.0, 0.0]",2.0711420180869635,1.4510108864696734,0.47013113161728998,0.15000000000000002,1.9211420180869636,False,110,0.91583011583011587,False,False,0,10,60,0
cifar10_lenet5,67,"[0, 1, 5, 1]",62.333333333333336,1.0483061930338542,48.644973288003882,"[0.0, 10.0, 60.0, 10.0]",2.0905710392563996,1.4541213063763609,0.48644973288003884,0.15000000000000002,1.9405710392563997,False,79,0.93976833976833973,False,False,0,10,60,10
cifar10_lenet5,68,"[0, 1, 5, 2]",62.399999999999999,1.0492417399088543,50.276833414278777,"[0.0, 10.0, 60.0, 20.0]",2.1584448504724922,1.4556765163297045,0.50276833414278777,0.20000000000000001,1.9584448504724923,False,19,0.98610038610038608,False,False,0,10,60,20
cifar10_lenet5,69,"[0, 1, 5, 3]",62.333333333333336,1.0468907737731934,51.908693540553664,"[0.0, 10.0, 60.0, 30.0]",2.1732082417818979,1.4541213063763609,0.51908693540553663,0.20000000000000001,1.9732082417818977,False,11,0.99227799227799229,False,False,0,10,60,30
cifar10_lenet5,70,"[0, 1, 5, 4]",61.966666666666669,1.0545131365458171,53.540553666828558,"[0.0, 10.0, 60.0, 40.0]",2.1809731883012566,1.4455676516329707,0.53540553666828561,0.20000000000000001,1.980973188301256,False,5,0.9969111969111969,False,False,0,10,60,40
cifar10_lenet5,71,"[0, 1, 5, 5]",61.333333333333336,1.0771081314086914,56.804273919378339,"[0.0, 10.0, 60.0, 60.0]",2.1488358962699889,1.4307931570762054,0.56804273919378345,0.15000000000000002,1.9988358962699888,False,27,0.97992277992277987,False,False,0,10,60,60
cifar10_lenet5,72,"[0, 2, 0, 0]",63.633333333333333,0.9959097531636556,0.77707625060709085,"[0.0, 20.0, 0.0, 0.0]",1.5922186629726343,1.4844479004665632,0.0077707625060709088,0.10000000000000001,1.4922186629726342,False,1030,0.20540540540540542,False,False,0,20,0,0
cifar10_lenet5,73,"[0, 2, 0, 1]",63.56666666666667,0.99619966761271161,2.4089363768819814,"[0.0, 20.0, 0.0, 10.0]",1.656982054282039,1.4828926905132194,0.024089363768819816,0.15000000000000002,1.5069820542820394,False,917,0.29266409266409266,False,False,0,20,0,10
cifar10_lenet5,74,"[0, 2, 0, 2]",64,0.99773136393229167,4.040796503156872,"[0.0, 20.0, 0.0, 20.0]",1.6334095202415222,1.4930015552099534,0.040407965031568724,0.10000000000000001,1.5334095202415221,False,966,0.25482625482625482,False,False,0,20,0,20
cifar10_lenet5,75,"[0, 2, 0, 3]",63.93333333333333,0.99775584411621099,5.6726566294317626,"[0.0, 20.0, 0.0, 30.0]",1.6981729115509276,1.4914463452566098,0.056726566294317625,0.15000000000000002,1.5481729115509273,False,824,0.36447876447876448,False,False,0,20,0,30
cifar10_lenet5,76,"[0, 2, 0, 4]",63.899999999999999,1.00112446975708,7.3045167557066542,"[0.0, 20.0, 0.0, 40.0]",1.7137139078370045,1.4906687402799379,0.07304516755706654,0.15000000000000002,1.5637139078370041,False,788,0.39227799227799226,False,False,0,20,0,40
cifar10_lenet5,77,"[0, 2, 0, 5]",63.700000000000003,1.016496410369873,10.568237008256435,"[0.0, 20.0, 0.0, 60.0]",1.7416854805024711,1.4860031104199067,0.10568237008256436,0.15000000000000002,1.5916854805024714,False,733,0.43474903474903476,False,False,0,20,0,60
cifar10_lenet5,78,"[0, 2, 1, 0]",63.899999999999999,0.99599032847086588,8.547838756677999,"[0.0, 20.0, 10.0, 0.0]",1.7261471278467178,1.4906687402799379,0.085478387566779987,0.15000000000000002,1.5761471278467176,False,764,0.41081081081081083,False,False,0,20,10,0
cifar10_lenet5,79,"[0, 2, 1, 1]",63.833333333333336,0.99629479217529293,10.17969888295289,"[0.0, 20.0, 10.0, 10.0]",1.7409105191561229,1.4891135303265941,0.10179698882952889,0.15000000000000002,1.590910519156123,False,737,0.43166023166023165,False,False,0,20,10,10
cifar10_lenet5,80,"[0, 2, 1, 2]",63.866666666666667,0.99788422393798826,11.81155900922778,"[0.0, 20.0, 10.0, 20.0]",1.758006725395544,1.489891135303266,0.1181155900922778,0.15000000000000002,1.6080067253955439,False,699,0.46100386100386098,False,False,0,20,10,20
cifar10_lenet5,81,"[0, 2, 1, 3]",64.066666666666663,0.99788911437988281,13.443419135502671,"[0.0, 20.0, 10.0, 30.0]",1.8289909565183236,1.4945567651632969,0.13443419135502671,0.20000000000000001,1.6289909565183236,False,519,0.59999999999999998,False,False,0,20,10,30
cifar10_lenet5,82,"[0, 2, 1, 4]",63.966666666666669,1.001103495279948,15.075279261777562,"[0.0, 20.0, 10.0, 40.0]",1.8429767428510573,1.4922239502332817,0.15075279261777561,0.20000000000000001,1.6429767428510573,False,480,0.63011583011583017,False,False,0,20,10,40
cifar10_lenet5,83,"[0, 2, 1, 5]",63.733333333333334,1.0165408668518066,18.338999514327345,"[0.0, 20.0, 10.0, 60.0]",1.870170710539852,1.4867807153965786,0.18338999514327345,0.20000000000000001,1.6701707105398518,False,416,0.67953667953667951,False,False,0,20,10,60
cifar10_lenet5,84,"[0, 2, 2, 0]",63.866666666666667,0.99713364156087236,16.318601262748906,"[0.0, 20.0, 20.0, 0.0]",1.7530771479307552,1.489891135303266,0.16318601262748908,0.10000000000000001,1.6530771479307551,False,711,0.45173745173745172,False,False,0,20,20,0
cifar10_lenet5,85,"[0, 2, 2, 1]",63.966666666666669,0.99751911671956384,17.950461389023797,"[0.0, 20.0, 20.0, 10.0]",1.8217285641235197,1.4922239502332817,0.17950461389023797,0.15000000000000002,1.6717285641235198,False,534,0.58841698841698842,False,False,0,20,20,10
cifar10_lenet5,86,"[0, 2, 2, 2]",63.866666666666667,0.99925930531819662,19.582321515298688,"[0.0, 20.0, 20.0, 20.0]",1.7857143504562529,1.489891135303266,0.19582321515298687,0.10000000000000001,1.6857143504562528,False,624,0.51891891891891895,False,False,0,20,20,20
cifar10_lenet5,87,"[0, 2, 2, 3]",63.899999999999999,0.998933172861735,21.214181641573578,"[0.0, 20.0, 20.0, 30.0]",1.8528105566956738,1.4906687402799379,0.21214181641573579,0.15000000000000002,1.7028105566956735,False,457,0.64787644787644783,False,True,0,20,20,30
cifar10_lenet5,88,"[0, 2, 2, 4]",64,1.0023176040649413,22.846041767848469,"[0.0, 20.0, 20.0, 40.0]",1.8714619728884379,1.4930015552099534,0.22846041767848468,0.15000000000000002,1.7214619728884379,False,413,0.68185328185328187,False,False,0,20,20,40
cifar10_lenet5,89,"[0, 2, 2, 5]",63.466666666666669,1.0190522766113281,26.10976202039825,"[0.0, 20.0, 20.0, 60.0]",1.8916574957871863,1.4805598755832039,0.26109762020398253,0.15000000000000002,1.7416574957871864,False,364,0.71969111969111965,False,False,0,20,20,60
cifar10_lenet5,90,"[0, 2, 3, 0]",63.766666666666666,0.99983665974934899,24.089363768819815,"[0.0, 20.0, 30.0, 0.0]",1.8784519580614485,1.4875583203732505,0.24089363768819816,0.15000000000000002,1.7284519580614486,False,397,0.69420849420849418,False,True,0,20,30,0
cifar10_lenet5,91,"[0, 2, 3, 1]",63.733333333333334,1.0001262550354004,25.721223895094706,"[0.0, 20.0, 30.0, 10.0]",1.9439929543475256,1.4867807153965786,0.25721223895094708,0.20000000000000001,1.7439929543475254,False,271,0.79150579150579148,False,True,0,20,30,10
cifar10_lenet5,92,"[0, 2, 3, 2]",63.93333333333333,1.0017846323649089,27.353084021369597,"[0.0, 20.0, 30.0, 20.0]",1.9149771854703057,1.4914463452566098,0.27353084021369595,0.15000000000000002,1.7649771854703056,False,315,0.75752895752895755,False,False,0,20,30,20
cifar10_lenet5,93,"[0, 2, 3, 3]",64.200000000000003,1.0017321001688639,28.984944147644487,"[0.0, 20.0, 30.0, 30.0]",1.9375166265464294,1.4976671850699845,0.28984944147644487,0.15000000000000002,1.7875166265464295,False,277,0.78687258687258688,False,True,0,20,30,30
cifar10_lenet5,94,"[0, 2, 3, 4]",63.966666666666669,1.0060521125793458,30.616804273919378,"[0.0, 20.0, 30.0, 40.0]",1.9983919929724754,1.4922239502332817,0.30616804273919379,0.20000000000000001,1.7983919929724754,False,197,0.84864864864864864,False,True,0,20,30,40
cifar10_lenet5,95,"[0, 2, 3, 5]",63.333333333333336,1.021667443593343,33.880524526469159,"[0.0, 20.0, 30.0, 60.0]",2.0162547009412082,1.4774494556765165,0.33880524526469158,0.20000000000000001,1.816254700941208,False,174,0.86640926640926641,False,False,0,20,30,60
cifar10_lenet5,96,"[0, 2, 4, 0]",63.733333333333334,1.0086645838419597,31.860126274890725,"[0.0, 20.0, 40.0, 0.0]",1.955381978145486,1.4867807153965786,0.31860126274890727,0.15000000000000002,1.8053819781454856,False,255,0.8038610038610039,False,True,0,20,40,0
cifar10_lenet5,97,"[0, 2, 4, 1]",63.600000000000001,1.0089231033325194,33.491986401165612,"[0.0, 20.0, 40.0, 10.0]",2.0185901595015476,1.4836702954898913,0.33491986401165613,0.20000000000000001,1.8185901595015475,False,169,0.87027027027027026,False,True,0,20,40,10
cifar10_lenet5,98,"[0, 2, 4, 2]",63.799999999999997,1.0104225273132323,35.123846527440506,"[0.0, 20.0, 40.0, 20.0]",1.9895743906243273,1.4883359253499222,0.35123846527440505,0.15000000000000002,1.8395743906243274,False,208,0.84015444015444019,False,False,0,20,40,20
cifar10_lenet5,99,"[0, 2, 4, 3]",63.700000000000003,1.00942142868042,36.755706653715393,"[0.0, 20.0, 40.0, 30.0]",2.0535601769570606,1.4860031104199067,0.36755706653715392,0.20000000000000001,1.8535601769570609,False,136,0.89575289575289574,False,True,0,20,40,30
cifar10_lenet5,100,"[0, 2, 4, 4]",63.766666666666666,1.0153226305643717,38.387566779990287,"[0.0, 20.0, 40.0, 40.0]",2.0214339881731536,1.4875583203732505,0.3838756677999029,0.15000000000000002,1.8714339881731534,False,168,0.87104247104247101,True,True,0,20,40,40
cifar10_lenet5,101,"[0, 2, 4, 5]",63.033333333333331,1.0300822626749675,41.651287032540068,"[0.0, 20.0, 40.0, 60.0]",2.0869638812118705,1.4704510108864697,0.41651287032540069,0.20000000000000001,1.8869638812118703,False,85,0.93513513513513513,True,True,0,20,40,60
cifar10_lenet5,102,"[0, 2, 5, 0]",62.033333333333331,1.0468798955281575,47.401651287032543,"[0.0, 20.0, 60.0, 0.0]",2.0711393744566395,1.4471228615863141,0.47401651287032542,0.15000000000000002,1.9211393744566396,False,111,0.91505791505791501,False,False,0,20,60,0
cifar10_lenet5,103,"[0, 2, 5, 1]",61.899999999999999,1.0479278882344565,49.03351141330743,"[0.0, 20.0, 60.0, 10.0]",2.1343475558127012,1.4440124416796267,0.49033511413307429,0.20000000000000001,1.934347555812701,False,39,0.97065637065637067,False,False,0,20,60,10
cifar10_lenet5,104,"[0, 2, 5, 2]",62.06666666666667,1.0496321957906087,50.665371539582324,"[0.0, 20.0, 60.0, 20.0]",2.1045541819588096,1.4479004665629862,0.50665371539582327,0.15000000000000002,1.9545541819588095,False,64,0.9513513513513514,False,False,0,20,60,20
cifar10_lenet5,105,"[0, 2, 5, 3]",62.466666666666669,1.0467544186909994,52.297231665857211,"[0.0, 20.0, 60.0, 30.0]",2.1802040429416207,1.4572317262830483,0.52297231665857213,0.20000000000000001,1.9802040429416206,False,6,0.99613899613899615,False,True,0,20,60,30
cifar10_lenet5,106,"[0, 2, 5, 4]",62.133333333333333,1.0527839736938476,53.929091792132105,"[0.0, 20.0, 60.0, 40.0]",2.1887465944376512,1.4494556765163298,0.53929091792132111,0.20000000000000001,1.988746594437651,False,1,1,True,True,0,20,60,40
cifar10_lenet5,107,"[0, 2, 5, 5]",61.299999999999997,1.0746194763183594,57.192812044681887,"[0.0, 20.0, 60.0, 60.0]",2.1519436725463521,1.4300155520995335,0.57192812044681884,0.15000000000000002,2.0019436725463522,False,25,0.98146718146718148,False,True,0,20,60,60
cifar10_lenet5,108,"[0, 3, 0, 0]",63.700000000000003,1.0062023925781249,1.1656143759106363,"[0.0, 30.0, 0.0, 0.0]",1.5976592541790131,1.4860031104199067,0.011656143759106364,0.10000000000000001,1.4976592541790132,False,1023,0.21081081081081082,False,False,0,30,0,0
cifar10_lenet5,109,"[0, 3, 0, 1]",63.766666666666666,1.0056786359151204,2.7974745021855267,"[0.0, 30.0, 0.0, 10.0]",1.6655330653951057,1.4875583203732505,0.027974745021855266,0.15000000000000002,1.5155330653951058,False,901,0.30501930501930502,False,False,0,30,0,10
cifar10_lenet5,110,"[0, 3, 0, 2]",64.066666666666663,1.0075321311950685,4.4293346284604178,"[0.0, 30.0, 0.0, 20.0]",1.6888501114479011,1.4945567651632969,0.044293346284604178,0.15000000000000002,1.5388501114479012,False,851,0.34362934362934361,False,False,0,30,0,20
cifar10_lenet5,111,"[0, 3, 0, 3]",64.066666666666663,1.0090850715637207,6.0611947547353084,"[0.0, 30.0, 0.0, 30.0]",1.65516871271065,1.4945567651632969,0.060611947547353086,0.10000000000000001,1.5551687127106499,False,925,0.2864864864864865,False,False,0,30,0,30
cifar10_lenet5,112,"[0, 3, 0, 4]",63.600000000000001,1.0146247812906901,7.6930548810101991,"[0.0, 30.0, 0.0, 40.0]",1.7106008442999934,1.4836702954898913,0.076930548810101987,0.15000000000000002,1.5606008442999932,False,794,0.38764478764478766,False,False,0,30,0,40
cifar10_lenet5,113,"[0, 3, 0, 5]",63.899999999999999,1.022899798075358,10.956775133559981,"[0.0, 30.0, 0.0, 60.0]",1.7502364916155377,1.4906687402799379,0.10956775133559982,0.15000000000000002,1.6002364916155374,False,712,0.45096525096525097,False,False,0,30,0,60
cifar10_lenet5,114,"[0, 3, 1, 0]",63.899999999999999,1.0062046394348145,8.9363768819815448,"[0.0, 30.0, 10.0, 0.0]",1.7300325090997535,1.4906687402799379,0.089363768819815448,0.15000000000000002,1.5800325090997531,False,756,0.41698841698841699,False,False,0,30,10,0
cifar10_lenet5,115,"[0, 3, 1, 1]",63.833333333333336,1.0056921183268228,10.568237008256435,"[0.0, 30.0, 10.0, 10.0]",1.7447959004091587,1.4891135303265941,0.10568237008256436,0.15000000000000002,1.5947959004091585,False,726,0.44015444015444016,False,False,0,30,10,10
cifar10_lenet5,116,"[0, 3, 1, 2]",64.033333333333331,1.0075595868428548,12.200097134531326,"[0.0, 30.0, 10.0, 20.0]",1.8157801315319384,1.4937791601866253,0.12200097134531326,0.20000000000000001,1.6157801315319384,False,548,0.57760617760617761,False,False,0,30,10,20
cifar10_lenet5,117,"[0, 3, 1, 3]",63.899999999999999,1.0091098569234211,13.831957260806217,"[0.0, 30.0, 10.0, 30.0]",1.778988312888,1.4906687402799379,0.13831957260806216,0.15000000000000002,1.6289883128879998,False,637,0.50888030888030888,False,False,0,30,10,30
cifar10_lenet5,118,"[0, 3, 1, 4]",63.533333333333331,1.0145100110371907,15.463817387081107,"[0.0, 30.0, 10.0, 40.0]",1.8367532594073586,1.4821150855365475,0.15463817387081108,0.20000000000000001,1.6367532594073586,False,499,0.61544401544401539,False,False,0,30,10,40
cifar10_lenet5,119,"[0, 3, 1, 5]",63.866666666666667,1.022798823038737,18.727537639630889,"[0.0, 30.0, 10.0, 60.0]",1.8771665116995748,1.489891135303266,0.1872753763963089,0.20000000000000001,1.6771665116995749,False,402,0.69034749034749032,False,False,0,30,10,60
cifar10_lenet5,120,"[0, 3, 2, 0]",64.033333333333331,1.0060798250834146,16.707139388052454,"[0.0, 30.0, 20.0, 0.0]",1.8108505540671498,1.4937791601866253,0.16707139388052455,0.15000000000000002,1.6608505540671499,False,563,0.56602316602316605,False,False,0,30,20,0
cifar10_lenet5,121,"[0, 3, 2, 1]",64.033333333333331,1.0056472066243489,18.338999514327345,"[0.0, 30.0, 20.0, 10.0]",1.8771691553298986,1.4937791601866253,0.18338999514327345,0.20000000000000001,1.6771691553298986,False,401,0.69111969111969107,False,False,0,30,20,10
cifar10_lenet5,122,"[0, 3, 2, 2]",63.700000000000003,1.0076244316101075,19.970859640602235,"[0.0, 30.0, 20.0, 20.0]",1.8357117068259292,1.4860031104199067,0.19970859640602234,0.15000000000000002,1.6857117068259293,False,501,0.61389961389961389,False,False,0,30,20,20
cifar10_lenet5,123,"[0, 3, 2, 3]",63.766666666666666,1.008946428934733,21.602719766877126,"[0.0, 30.0, 20.0, 30.0]",1.853585518042022,1.4875583203732505,0.21602719766877126,0.15000000000000002,1.7035855180420219,False,454,0.65019305019305018,False,False,0,30,20,30
cifar10_lenet5,124,"[0, 3, 2, 4]",63.600000000000001,1.0145075225830078,23.234579893152016,"[0.0, 30.0, 20.0, 40.0]",1.9160160944214113,1.4836702954898913,0.23234579893152016,0.20000000000000001,1.7160160944214113,False,312,0.75984555984555979,False,False,0,30,20,40
cifar10_lenet5,125,"[0, 3, 2, 5]",64,1.0240472882588705,26.498300145701798,"[0.0, 30.0, 20.0, 60.0]",1.9579845566669714,1.4930015552099534,0.26498300145701797,0.20000000000000001,1.7579845566669714,False,250,0.80772200772200775,False,False,0,30,20,60
cifar10_lenet5,126,"[0, 3, 3, 0]",64.066666666666663,1.0102306276957194,24.477901894123359,"[0.0, 30.0, 30.0, 0.0]",1.8393357841045306,1.4945567651632969,0.24477901894123361,0.10000000000000001,1.7393357841045305,False,491,0.6216216216216216,False,False,0,30,30,0
cifar10_lenet5,127,"[0, 3, 3, 1]",64.099999999999994,1.0097051060994466,26.10976202039825,"[0.0, 30.0, 30.0, 10.0]",1.9064319903439513,1.4953343701399688,0.26109762020398253,0.15000000000000002,1.7564319903439514,False,335,0.74208494208494213,False,False,0,30,30,10
cifar10_lenet5,128,"[0, 3, 3, 2]",63.56666666666667,1.0116311543782552,27.741622146673141,"[0.0, 30.0, 30.0, 20.0]",1.9103089119799508,1.4828926905132194,0.27741622146673139,0.15000000000000002,1.7603089119799509,False,327,0.74826254826254823,False,False,0,30,30,20
cifar10_lenet5,129,"[0, 3, 3, 3]",63.700000000000003,1.0131404151916503,29.373482272948031,"[0.0, 30.0, 30.0, 30.0]",1.8797379331493871,1.4860031104199067,0.29373482272948032,0.10000000000000001,1.7797379331493872,False,393,0.69729729729729728,False,False,0,30,30,30
cifar10_lenet5,130,"[0, 3, 3, 4]",63.833333333333336,1.0198012860616048,31.005342399222922,"[0.0, 30.0, 30.0, 40.0]",1.9491669543188235,1.4891135303265941,0.31005342399222924,0.15000000000000002,1.7991669543188233,False,263,0.79768339768339769,False,False,0,30,30,40
cifar10_lenet5,131,"[0, 3, 3, 5]",63.700000000000003,1.0283013331095379,34.269062651772707,"[0.0, 30.0, 30.0, 60.0]",1.9786937369376338,1.4860031104199067,0.34269062651772708,0.15000000000000002,1.8286937369376339,False,224,0.82779922779922777,False,False,0,30,30,60
cifar10_lenet5,132,"[0, 3, 4, 0]",63.600000000000001,1.0219050687154134,32.248664400194272,"[0.0, 30.0, 40.0, 0.0]",1.9561569394918341,1.4836702954898913,0.32248664400194271,0.15000000000000002,1.806156939491834,False,253,0.80540540540540539,False,False,0,30,40,0
cifar10_lenet5,133,"[0, 3, 4, 1]",63.666666666666664,1.0213065973917643,33.880524526469159,"[0.0, 30.0, 40.0, 10.0]",2.0240307507079267,1.4852255054432348,0.33880524526469158,0.20000000000000001,1.8240307507079265,False,163,0.87490347490347486,False,False,0,30,40,10
cifar10_lenet5,134,"[0, 3, 4, 2]",63.366666666666667,1.0230267016092935,35.512384652744053,"[0.0, 30.0, 40.0, 20.0]",2.0333509071806288,1.4782270606531882,0.35512384652744056,0.20000000000000001,1.8333509071806287,False,159,0.87799227799227797,False,False,0,30,40,20
cifar10_lenet5,135,"[0, 3, 4, 3]",63.5,1.0236601231892903,37.144244779018941,"[0.0, 30.0, 40.0, 30.0]",2.0027799283500651,1.4813374805598756,0.37144244779018942,0.15000000000000002,1.852779928350065,False,189,0.85482625482625485,False,False,0,30,40,30
cifar10_lenet5,136,"[0, 3, 4, 4]",63.266666666666666,1.0320546188354491,38.776104905293835,"[0.0, 30.0, 40.0, 40.0]",2.013655294776111,1.4758942457231727,0.38776104905293834,0.15000000000000002,1.8636552947761111,False,176,0.86486486486486491,False,False,0,30,40,40
cifar10_lenet5,137,"[0, 3, 4, 5]",62.799999999999997,1.0390167160034181,42.039825157843616,"[0.0, 30.0, 40.0, 60.0]",2.0854060276282032,1.4650077760497668,0.42039825157843619,0.20000000000000001,1.8854060276282028,False,88,0.93281853281853278,False,True,0,30,40,60
cifar10_lenet5,138,"[0, 3, 5, 0]",62.033333333333331,1.0514112497965495,47.790189412336083,"[0.0, 30.0, 60.0, 0.0]",2.0750247557096748,1.4471228615863141,0.47790189412336082,0.15000000000000002,1.9250247557096749,False,102,0.92200772200772196,False,False,0,30,60,0
cifar10_lenet5,139,"[0, 3, 5, 1]",61.966666666666669,1.0516030871073405,49.422049538610977,"[0.0, 30.0, 60.0, 10.0]",2.1397881470190807,1.4455676516329707,0.49422049538610979,0.20000000000000001,1.9397881470190803,False,37,0.97220077220077217,False,False,0,30,60,10
cifar10_lenet5,140,"[0, 3, 5, 2]",62,1.0535301246643067,51.053909664885865,"[0.0, 30.0, 60.0, 20.0]",2.1568843532585014,1.4463452566096424,0.51053909664885866,0.20000000000000001,1.9568843532585012,False,21,0.98455598455598459,False,False,0,30,60,20
cifar10_lenet5,141,"[0, 3, 5, 3]",62.799999999999997,1.0521684532165527,52.685769791160759,"[0.0, 30.0, 60.0, 30.0]",2.1418654739613743,1.4650077760497668,0.52685769791160764,0.15000000000000002,1.9918654739613744,False,35,0.97374517374517378,True,True,0,30,60,30
cifar10_lenet5,142,"[0, 3, 5, 4]",61.833333333333336,1.0602568791707356,54.317629917435646,"[0.0, 30.0, 60.0, 40.0]",2.1856335309006396,1.4424572317262832,0.5431762991743565,0.20000000000000001,1.9856335309006397,False,4,0.99768339768339764,False,True,0,30,60,40
cifar10_lenet5,143,"[0, 3, 5, 5]",61.466666666666669,1.0751507720947266,57.581350169985427,"[0.0, 30.0, 60.0, 60.0]",2.1597170786827471,1.4339035769828929,0.57581350169985424,0.15000000000000002,2.0097170786827467,False,18,0.98687258687258683,True,True,0,30,60,60
cifar10_lenet5,144,"[0, 4, 0, 0]",61.766666666666666,1.0727717183430989,1.5541525012141817,"[0.0, 40.0, 0.0, 0.0]",1.5564435467850812,1.4409020217729394,0.015541525012141818,0.10000000000000001,1.4564435467850814,False,1071,0.17374517374517376,False,False,0,40,0,0
cifar10_lenet5,145,"[0, 4, 0, 1]",61.866666666666667,1.0715358632405598,3.1860126274890725,"[0.0, 40.0, 0.0, 10.0]",1.6250949629778457,1.4432348367029548,0.031860126274890724,0.15000000000000002,1.4750949629778456,False,980,0.24401544401544401,False,False,0,40,0,10
cifar10_lenet5,146,"[0, 4, 0, 2]",61.5,1.074825932820638,4.8178727537639627,"[0.0, 40.0, 0.0, 20.0]",1.6328599094972041,1.4346811819595646,0.048178727537639632,0.15000000000000002,1.4828599094972041,False,967,0.25405405405405407,False,False,0,40,0,20
cifar10_lenet5,147,"[0, 4, 0, 3]",61.366666666666667,1.0733971430460612,6.4497328800388543,"[0.0, 40.0, 0.0, 30.0]",1.6460680908532654,1.431570762052877,0.06449732880038854,0.15000000000000002,1.4960680908532658,False,937,0.27722007722007724,False,False,0,40,0,30
cifar10_lenet5,148,"[0, 4, 0, 4]",61.600000000000001,1.0826228713989259,8.081593006313744,"[0.0, 40.0, 0.0, 40.0]",1.6178299269527177,1.4370139968895801,0.080815930063137448,0.10000000000000001,1.5178299269527178,False,997,0.23088803088803089,False,False,0,40,0,40
cifar10_lenet5,149,"[0, 4, 0, 5]",61.533333333333331,1.0812098414103191,11.345313258863525,"[0.0, 40.0, 0.0, 60.0]",1.6989119195248716,1.4354587869362363,0.11345313258863525,0.15000000000000002,1.5489119195248717,False,821,0.36679536679536678,False,False,0,40,0,60
cifar10_lenet5,150,"[0, 4, 1, 0]",61.866666666666667,1.0726280568440756,9.3249150072850906,"[0.0, 40.0, 10.0, 0.0]",1.6864839867758059,1.4432348367029548,0.093249150072850909,0.15000000000000002,1.5364839867758058,False,858,0.3382239382239382,False,False,0,40,10,0
cifar10_lenet5,151,"[0, 4, 1, 1]",61.766666666666666,1.0714033406575521,10.956775133559981,"[0.0, 40.0, 10.0, 10.0]",1.700469773108539,1.4409020217729394,0.10956775133559982,0.15000000000000002,1.5504697731085395,False,815,0.37142857142857144,False,False,0,40,10,10
cifar10_lenet5,152,"[0, 4, 1, 2]",61.333333333333336,1.0747178827921549,12.588635259834872,"[0.0, 40.0, 10.0, 20.0]",1.756679509674554,1.4307931570762054,0.12588635259834871,0.20000000000000001,1.556679509674554,False,703,0.45791505791505793,False,False,0,40,10,20
cifar10_lenet5,153,"[0, 4, 1, 3]",61.600000000000001,1.0733074239095053,14.220495386109762,"[0.0, 40.0, 10.0, 30.0]",1.7792189507506777,1.4370139968895801,0.14220495386109763,0.20000000000000001,1.579218950750678,False,636,0.50965250965250963,False,False,0,40,10,30
cifar10_lenet5,154,"[0, 4, 1, 4]",61.533333333333331,1.0823367207845052,15.852355512384653,"[0.0, 40.0, 10.0, 40.0]",1.7439823420600828,1.4354587869362363,0.15852355512384653,0.15000000000000002,1.5939823420600829,False,728,0.43861003861003861,False,False,0,40,10,40
cifar10_lenet5,155,"[0, 4, 1, 5]",61.56666666666667,1.0807722498575847,19.116075764934433,"[0.0, 40.0, 10.0, 60.0]",1.8273971495622527,1.4362363919129084,0.19116075764934434,0.20000000000000001,1.6273971495622528,False,524,0.59613899613899612,False,False,0,40,10,60
cifar10_lenet5,156,"[0, 4, 2, 0]",61.533333333333331,1.0715974934895833,17.095677513355998,"[0.0, 40.0, 20.0, 0.0]",1.7564155620697961,1.4354587869362363,0.17095677513355997,0.15000000000000002,1.6064155620697964,False,705,0.45637065637065638,False,False,0,40,20,0
cifar10_lenet5,157,"[0, 4, 2, 1]",61.466666666666669,1.0705146814982096,18.727537639630889,"[0.0, 40.0, 20.0, 10.0]",1.8211789533792018,1.4339035769828929,0.1872753763963089,0.20000000000000001,1.6211789533792016,False,535,0.58764478764478767,False,False,0,40,20,10
cifar10_lenet5,158,"[0, 4, 2, 2]",61.299999999999997,1.0737983601888021,20.359397765905779,"[0.0, 40.0, 20.0, 20.0]",1.7836095297585914,1.4300155520995335,0.20359397765905779,0.15000000000000002,1.6336095297585911,False,630,0.51428571428571423,False,False,0,40,20,20
cifar10_lenet5,159,"[0, 4, 2, 3]",61.43333333333333,1.0721445083618164,21.99125789218067,"[0.0, 40.0, 20.0, 30.0]",1.8530385509280276,1.4331259720062208,0.21991257892180671,0.20000000000000001,1.6530385509280277,False,455,0.64942084942084943,False,False,0,40,20,30
cifar10_lenet5,160,"[0, 4, 2, 4]",61.799999999999997,1.0813927815755209,23.62311801845556,"[0.0, 40.0, 20.0, 40.0]",1.8279108069341667,1.4416796267496113,0.23623118018455561,0.15000000000000002,1.6779108069341666,False,521,0.59845559845559848,False,False,0,40,20,40
cifar10_lenet5,161,"[0, 4, 2, 5]",61.200000000000003,1.0812620239257813,26.886838271005342,"[0.0, 40.0, 20.0, 60.0]",1.8965511198795715,1.427682737169518,0.26886838271005342,0.20000000000000001,1.6965511198795715,False,351,0.72972972972972971,False,False,0,40,20,60
cifar10_lenet5,162,"[0, 4, 3, 0]",61.43333333333333,1.0759573109944662,24.866440019426907,"[0.0, 40.0, 30.0, 0.0]",1.8317903722004898,1.4331259720062208,0.24866440019426908,0.15000000000000002,1.6817903722004899,False,507,0.60926640926640929,False,False,0,40,30,0
cifar10_lenet5,163,"[0, 4, 3, 1]",61.366666666666667,1.074792714436849,26.498300145701798,"[0.0, 40.0, 30.0, 10.0]",1.896553763509895,1.431570762052877,0.26498300145701797,0.20000000000000001,1.6965537635098953,False,350,0.73050193050193046,False,False,0,40,30,10
cifar10_lenet5,164,"[0, 4, 3, 2]",61.233333333333334,1.0779845657348632,28.130160271976688,"[0.0, 40.0, 30.0, 20.0]",1.9097619448659569,1.4284603421461899,0.2813016027197669,0.20000000000000001,1.7097619448659565,False,329,0.74671814671814674,False,False,0,40,30,20
cifar10_lenet5,165,"[0, 4, 3, 3]",61.56666666666667,1.0764970525105795,29.762020398251579,"[0.0, 40.0, 30.0, 30.0]",1.8838565958954243,1.4362363919129084,0.29762020398251582,0.15000000000000002,1.7338565958954242,False,381,0.70656370656370659,False,False,0,40,30,30
cifar10_lenet5,166,"[0, 4, 3, 4]",61.200000000000003,1.0870146484375001,31.39388052452647,"[0.0, 40.0, 30.0, 40.0]",1.8916215424147826,1.427682737169518,0.31393880524526468,0.15000000000000002,1.741621542414783,False,365,0.7189189189189189,False,False,0,40,30,40
cifar10_lenet5,167,"[0, 4, 3, 5]",61.266666666666666,1.0858287913004556,34.657600777076247,"[0.0, 40.0, 30.0, 60.0]",1.975813954893624,1.4292379471228616,0.34657600777076247,0.20000000000000001,1.7758139548936243,False,227,0.82548262548262552,False,False,0,40,30,60
cifar10_lenet5,168,"[0, 4, 4, 0]",60.866666666666667,1.0968541590372722,32.637202525497813,"[0.0, 40.0, 40.0, 0.0]",1.8462787126577778,1.4199066874027995,0.32637202525497816,0.10000000000000001,1.7462787126577777,False,473,0.63552123552123552,False,False,0,40,40,0
cifar10_lenet5,169,"[0, 4, 4, 1]",60.833333333333336,1.0956498947143554,34.269062651772707,"[0.0, 40.0, 40.0, 10.0]",1.9118197089438547,1.4191290824261276,0.34269062651772708,0.15000000000000002,1.7618197089438548,False,322,0.75212355212355209,False,False,0,40,40,10
cifar10_lenet5,170,"[0, 4, 4, 2]",60.633333333333333,1.0986708526611328,35.900922778047594,"[0.0, 40.0, 40.0, 20.0]",1.9234726803465727,1.4144634525660966,0.35900922778047595,0.15000000000000002,1.7734726803465726,False,301,0.76833976833976836,False,False,0,40,40,20
cifar10_lenet5,171,"[0, 4, 4, 3]",60.966666666666669,1.0960777282714844,37.532782904322488,"[0.0, 40.0, 40.0, 30.0]",1.9475673313760402,1.4222395023328152,0.37532782904322487,0.15000000000000002,1.7975673313760399,False,266,0.79536679536679533,False,False,0,40,40,30
cifar10_lenet5,172,"[0, 4, 4, 4]",60.833333333333336,1.1082935256958009,39.164643030597375,"[0.0, 40.0, 40.0, 40.0]",1.9107755127321013,1.4191290824261276,0.39164643030597374,0.10000000000000001,1.8107755127321012,False,324,0.75057915057915059,False,False,0,40,40,40
cifar10_lenet5,173,"[0, 4, 4, 5]",60.600000000000001,1.1049237670898437,42.428363283147156,"[0.0, 40.0, 40.0, 60.0]",1.9879694804208965,1.4136858475894247,0.42428363283147158,0.15000000000000002,1.8379694804208964,False,210,0.83861003861003858,False,False,0,40,40,60
cifar10_lenet5,174,"[0, 4, 5, 0]",59.233333333333334,1.1182293319702148,48.178727537639631,"[0.0, 40.0, 60.0, 0.0]",2.0135913189222752,1.3818040435458787,0.48178727537639632,0.15000000000000002,1.863591318922275,False,178,0.8633204633204633,False,False,0,40,60,0
cifar10_lenet5,175,"[0, 4, 5, 1]",59.200000000000003,1.1177387491861979,49.810587663914525,"[0.0, 40.0, 60.0, 10.0]",2.0791323152083523,1.381026438569207,0.49810587663914524,0.20000000000000001,1.8791323152083523,False,100,0.92355212355212357,False,False,0,40,60,10
cifar10_lenet5,176,"[0, 4, 5, 2]",59,1.1211468989054363,51.442447790189412,"[0.0, 40.0, 60.0, 20.0]",2.0907852866110703,1.3763608087091759,0.51442447790189416,0.20000000000000001,1.8907852866110701,False,78,0.94054054054054059,False,False,0,40,60,20
cifar10_lenet5,177,"[0, 4, 5, 3]",59.533333333333331,1.1162100880940755,53.074307916464306,"[0.0, 40.0, 60.0, 30.0]",2.1195455675005683,1.3888024883359253,0.53074307916464303,0.20000000000000001,1.9195455675005684,False,50,0.96216216216216222,False,False,0,40,60,30
cifar10_lenet5,178,"[0, 4, 5, 4]",58.766666666666666,1.1267437566121419,54.706168042739193,"[0.0, 40.0, 60.0, 40.0]",2.0679792542998645,1.3709175738724728,0.54706168042739189,0.15000000000000002,1.917979254299865,False,117,0.9104247104247104,False,False,0,40,60,40
cifar10_lenet5,179,"[0, 4, 5, 5]",58.93333333333333,1.1343478800455729,57.969888295288975,"[0.0, 40.0, 60.0, 60.0]",2.1045044817087217,1.3748055987558321,0.57969888295288974,0.15000000000000002,1.9545044817087216,False,66,0.9498069498069498,True,True,0,40,60,60
cifar10_lenet5,180,"[0, 5, 0, 0]",55.366666666666667,1.2987363052368164,2.3312287518212726,"[0.0, 60.0, 0.0, 0.0]",1.4149141537701571,1.2916018662519442,0.023312287518212727,0.10000000000000001,1.3149141537701567,False,1184,0.086486486486486491,False,False,0,60,0,0
cifar10_lenet5,181,"[0, 5, 0, 1]",55.299999999999997,1.3022007090250651,3.9630888780961633,"[0.0, 60.0, 0.0, 10.0]",1.4796775450795621,1.2900466562986004,0.039630888780961632,0.15000000000000002,1.3296775450795617,False,1136,0.12355212355212356,False,False,0,60,0,10
cifar10_lenet5,182,"[0, 5, 0, 2]",54.766666666666666,1.3090337219238282,5.5949490043710535,"[0.0, 60.0, 0.0, 20.0]",1.4835544667155611,1.2776049766718507,0.055949490043710533,0.15000000000000002,1.3335544667155614,False,1129,0.12895752895752896,False,False,0,60,0,20
cifar10_lenet5,183,"[0, 5, 0, 3]",54.833333333333336,1.2996871134440104,7.226809130645945,"[0.0, 60.0, 0.0, 30.0]",1.5014282779316539,1.2791601866251945,0.072268091306459448,0.15000000000000002,1.351428277931654,False,1115,0.13976833976833977,False,False,0,60,0,30
cifar10_lenet5,184,"[0, 5, 0, 4]",55.299999999999997,1.2869173609415689,8.8586692569208356,"[0.0, 60.0, 0.0, 40.0]",1.5286333488678086,1.2900466562986004,0.088586692569208356,0.15000000000000002,1.3786333488678084,False,1101,0.15057915057915058,False,False,0,60,0,40
cifar10_lenet5,185,"[0, 5, 0, 5]",53.93333333333333,1.3065235112508138,12.122389509470617,"[0.0, 60.0, 0.0, 60.0]",1.4793887473497607,1.2581648522550544,0.12122389509470617,0.10000000000000001,1.3793887473497606,False,1137,0.12277992277992278,False,False,0,60,0,60
cifar10_lenet5,186,"[0, 5, 1, 0]",55.266666666666666,1.2979703776041667,10.10199125789218,"[0.0, 60.0, 10.0, 0.0]",1.5402889639008501,1.2892690513219285,0.1010199125789218,0.15000000000000002,1.3902889639008504,False,1089,0.15984555984555984,False,False,0,60,10,0
cifar10_lenet5,187,"[0, 5, 1, 1]",55.200000000000003,1.3014244867960612,11.733851384167071,"[0.0, 60.0, 10.0, 10.0]",1.5550523552102558,1.2877138413685849,0.11733851384167071,0.15000000000000002,1.4050523552102556,False,1075,0.17065637065637065,False,False,0,60,10,10
cifar10_lenet5,188,"[0, 5, 1, 2]",54.766666666666666,1.3082348022460937,13.365711510441962,"[0.0, 60.0, 10.0, 20.0]",1.6112620917762703,1.2776049766718507,0.13365711510441963,0.20000000000000001,1.4112620917762706,False,1007,0.22316602316602316,False,False,0,60,10,20
cifar10_lenet5,189,"[0, 5, 1, 3]",54.866666666666667,1.2989437789916993,14.997571636716852,"[0.0, 60.0, 10.0, 30.0]",1.6299135079690348,1.2799377916018664,0.14997571636716853,0.20000000000000001,1.4299135079690346,False,971,0.25096525096525096,False,False,0,60,10,30
cifar10_lenet5,190,"[0, 5, 1, 4]",55.266666666666666,1.2860563252766928,16.629431762991743,"[0.0, 60.0, 10.0, 40.0]",1.6555633689518459,1.2892690513219285,0.16629431762991742,0.20000000000000001,1.4555633689518461,False,923,0.28803088803088805,False,False,0,60,10,40
cifar10_lenet5,191,"[0, 5, 1, 5]",54.033333333333331,1.3055203831990561,19.893152015541524,"[0.0, 60.0, 10.0, 60.0]",1.6094291873404853,1.2604976671850701,0.19893152015541524,0.15000000000000002,1.4594291873404852,False,1009,0.22162162162162163,False,False,0,60,10,60
cifar10_lenet5,192,"[0, 5, 2, 0]",55.5,1.2926346766153971,17.87275376396309,"[0.0, 60.0, 20.0, 0.0]",1.6234398237982623,1.2947122861586315,0.1787275376396309,0.15000000000000002,1.4734398237982624,False,985,0.24015444015444015,False,False,0,60,20,0
cifar10_lenet5,193,"[0, 5, 2, 1]",55.333333333333336,1.296172149658203,19.50461389023798,"[0.0, 60.0, 20.0, 10.0]",1.6858704001776521,1.2908242612752723,0.19504613890237982,0.20000000000000001,1.4858704001776522,False,860,0.33667953667953671,False,False,0,60,20,10
cifar10_lenet5,194,"[0, 5, 2, 2]",54.833333333333336,1.3030285008748372,21.136474016512871,"[0.0, 60.0, 20.0, 20.0]",1.6405249267903232,1.2791601866251945,0.21136474016512871,0.15000000000000002,1.4905249267903231,False,955,0.26332046332046333,False,False,0,60,20,20
cifar10_lenet5,195,"[0, 5, 2, 3]",54.966666666666669,1.2930947443644205,22.768334142787761,"[0.0, 60.0, 20.0, 30.0]",1.7099539479597594,1.2822706065318819,0.22768334142787761,0.20000000000000001,1.5099539479597595,False,795,0.38687258687258685,False,False,0,60,20,30
cifar10_lenet5,196,"[0, 5, 2, 4]",55.600000000000001,1.2810863494873046,24.400194269062652,"[0.0, 60.0, 20.0, 40.0]",1.7410470437792736,1.297045101088647,0.24400194269062653,0.20000000000000001,1.5410470437792736,False,735,0.4332046332046332,False,False,0,60,20,40
cifar10_lenet5,197,"[0, 5, 2, 5]",54.299999999999997,1.3011308822631835,27.663914521612433,"[0.0, 60.0, 20.0, 60.0]",1.6933576522145692,1.2667185069984448,0.27663914521612432,0.15000000000000002,1.5433576522145689,False,836,0.35521235521235522,False,False,0,60,20,60
cifar10_lenet5,198,"[0, 5, 3, 0]",55.93333333333333,1.2810469640096029,25.643516270033999,"[0.0, 60.0, 30.0, 0.0]",1.7112563135557055,1.3048211508553655,0.25643516270034,0.15000000000000002,1.5612563135557054,False,793,0.38841698841698841,False,False,0,60,30,0
cifar10_lenet5,199,"[0, 5, 3, 1]",55.766666666666666,1.2843349736531575,27.275376396308889,"[0.0, 60.0, 30.0, 10.0]",1.7736868899350953,1.3009331259720063,0.27275376396308892,0.20000000000000001,1.5736868899350953,False,657,0.49343629343629342,False,False,0,60,30,10
cifar10_lenet5,200,"[0, 5, 3, 2]",55.033333333333331,1.2907946345011394,28.90723652258378,"[0.0, 60.0, 30.0, 20.0]",1.7728981817110634,1.2838258164852256,0.28907236522583779,0.20000000000000001,1.5728981817110632,False,660,0.49111969111969112,False,False,0,60,30,20
cifar10_lenet5,201,"[0, 5, 3, 3]",55.299999999999997,1.2810816167195638,30.539096648858671,"[0.0, 60.0, 30.0, 30.0]",1.7454376227871871,1.2900466562986004,0.30539096648858671,0.15000000000000002,1.5954376227871869,False,723,0.44247104247104246,False,False,0,60,30,30
cifar10_lenet5,202,"[0, 5, 3, 4]",55.733333333333334,1.2702320098876954,32.170956775133561,"[0.0, 60.0, 30.0, 40.0]",1.8218650887466701,1.3001555209953344,0.32170956775133563,0.20000000000000001,1.6218650887466701,False,533,0.58918918918918917,False,False,0,60,30,40
cifar10_lenet5,203,"[0, 5, 3, 5]",54.200000000000003,1.2909864044189454,35.434677027683342,"[0.0, 60.0, 30.0, 60.0]",1.7687324623452629,1.2643856920684295,0.35434677027683342,0.15000000000000002,1.618732462345263,False,667,0.48571428571428571,False,False,0,60,30,60
cifar10_lenet5,204,"[0, 5, 4, 0]",55.5,1.2906535924275717,33.414278776104908,"[0.0, 60.0, 40.0, 0.0]",1.7788550739196807,1.2947122861586315,0.33414278776104911,0.15000000000000002,1.6288550739196808,False,639,0.50733590733590739,False,False,0,60,40,0
cifar10_lenet5,205,"[0, 5, 4, 1]",55.43333333333333,1.2940741602579753,35.046138902379795,"[0.0, 60.0, 40.0, 10.0]",1.8436184652290857,1.2931570762052877,0.35046138902379798,0.20000000000000001,1.6436184652290857,False,478,0.63166023166023166,False,False,0,60,40,10
cifar10_lenet5,206,"[0, 5, 4, 2]",54.766666666666666,1.3006730550130208,36.677999028654689,"[0.0, 60.0, 40.0, 20.0]",1.8443849669583976,1.2776049766718507,0.3667799902865469,0.20000000000000001,1.6443849669583979,False,477,0.63243243243243241,False,False,0,60,40,20
cifar10_lenet5,207,"[0, 5, 4, 3]",55.366666666666667,1.2898855997721355,38.309859154929576,"[0.0, 60.0, 40.0, 30.0]",1.8747004578012398,1.2916018662519442,0.38309859154929576,0.20000000000000001,1.6747004578012397,False,410,0.68416988416988422,False,False,0,60,40,30
cifar10_lenet5,208,"[0, 5, 4, 4]",55.200000000000003,1.279619977315267,39.94171928120447,"[0.0, 60.0, 40.0, 40.0]",1.8371310341806297,1.2877138413685849,0.39941719281204469,0.15000000000000002,1.6871310341806296,False,498,0.61621621621621625,False,False,0,60,40,40
cifar10_lenet5,209,"[0, 5, 4, 5]",54.033333333333331,1.3019547398885092,43.205439533754252,"[0.0, 60.0, 40.0, 60.0]",1.8425520625226124,1.2604976671850701,0.43205439533754253,0.15000000000000002,1.6925520625226125,False,482,0.62857142857142856,False,False,0,60,40,60
cifar10_lenet5,210,"[0, 5, 5, 0]",52.633333333333333,1.34003146870931,48.955803788246719,"[0.0, 60.0, 60.0, 0.0]",1.8173962960473196,1.2278382581648524,0.48955803788246721,0.10000000000000001,1.7173962960473195,False,543,0.58146718146718146,False,False,0,60,60,0
cifar10_lenet5,211,"[0, 5, 5, 1]",52.43333333333333,1.3444570312499999,50.587663914521613,"[0.0, 60.0, 60.0, 10.0]",1.879049267450037,1.223172628304821,0.50587663914521619,0.15000000000000002,1.7290492674500371,False,395,0.69575289575289578,False,False,0,60,60,10
cifar10_lenet5,212,"[0, 5, 5, 2]",52,1.351320711771647,52.2195240407965,"[0.0, 60.0, 60.0, 20.0]",1.8852590040160524,1.2130637636080872,0.52219524040796506,0.15000000000000002,1.7352590040160523,False,377,0.7096525096525097,False,False,0,60,60,20
cifar10_lenet5,213,"[0, 5, 5, 3]",52.333333333333336,1.3371691716512044,53.851384167071394,"[0.0, 60.0, 60.0, 30.0]",1.9093536550455195,1.2208398133748057,0.53851384167071392,0.15000000000000002,1.7593536550455195,False,330,0.74594594594594599,False,False,0,60,60,30
cifar10_lenet5,214,"[0, 5, 5, 4]",52.733333333333334,1.3272426096598307,55.483244293346281,"[0.0, 60.0, 60.0, 40.0]",1.9350035160283308,1.2301710730948678,0.55483244293346279,0.15000000000000002,1.7850035160283306,False,283,0.78223938223938227,False,False,0,60,60,40
cifar10_lenet5,215,"[0, 5, 5, 5]",51.766666666666666,1.3588985036214192,58.746964545896063,"[0.0, 60.0, 60.0, 60.0]",1.895090174230345,1.2076205287713841,0.58746964545896063,0.10000000000000001,1.7950901742303449,False,354,0.72741312741312736,True,True,0,60,60,60
cifar10_lenet5,216,"[1, 0, 0, 0]",63.733333333333334,0.99816716003417971,0.07285089849441477,"[10.0, 0.0, 0.0, 0.0]",1.587509224381523,1.4867807153965786,0.00072850898494414772,0.10000000000000001,1.4875092243815227,False,1035,0.20154440154440154,False,False,10,0,0,0
cifar10_lenet5,217,"[1, 0, 0, 1]",63.733333333333334,0.99809087880452474,1.7047110247693056,"[10.0, 0.0, 0.0, 10.0]",1.6038278256442717,1.4867807153965786,0.017047110247693058,0.10000000000000001,1.5038278256442714,False,1016,0.21621621621621623,False,False,10,0,0,10
cifar10_lenet5,218,"[1, 0, 0, 2]",64.333333333333329,0.99859189478556321,3.336571151044196,"[10.0, 0.0, 0.0, 20.0]",1.6841433164871136,1.5007776049766717,0.033365711510441959,0.15000000000000002,1.5341433164871139,False,864,0.3335907335907336,False,False,10,0,0,20
cifar10_lenet5,219,"[1, 0, 0, 3]",64.299999999999997,0.99942623647054041,4.9684312773190866,"[10.0, 0.0, 0.0, 30.0]",1.6996843127731909,1.5,0.049684312773190867,0.15000000000000002,1.549684312773191,False,818,0.36911196911196908,False,False,10,0,0,30
cifar10_lenet5,220,"[1, 0, 0, 4]",64.299999999999997,1.0043615481058756,6.6002914035939773,"[10.0, 0.0, 0.0, 40.0]",1.7160029140359399,1.5,0.066002914035939775,0.15000000000000002,1.5660029140359397,False,782,0.39691119691119692,False,False,10,0,0,40
cifar10_lenet5,221,"[1, 0, 0, 5]",63.399999999999999,1.0195187606811524,9.8640116561437594,"[10.0, 0.0, 0.0, 60.0]",1.7276447821912977,1.4790046656298601,0.098640116561437591,0.15000000000000002,1.5776447821912978,False,759,0.41467181467181469,False,False,10,0,0,60
cifar10_lenet5,222,"[1, 0, 1, 0]",63.766666666666666,0.99817658106486007,7.843613404565323,"[10.0, 0.0, 10.0, 0.0]",1.6659944544189038,1.4875583203732505,0.078436134045653236,0.10000000000000001,1.5659944544189037,False,899,0.30656370656370657,False,False,10,0,10,0
cifar10_lenet5,223,"[1, 0, 1, 1]",63.966666666666669,0.99811384073893228,9.4754735308402136,"[10.0, 0.0, 10.0, 10.0]",1.686978685541684,1.4922239502332817,0.094754735308402144,0.10000000000000001,1.5869786855416839,False,857,0.33899613899613901,False,False,10,0,10,10
cifar10_lenet5,224,"[1, 0, 1, 2]",64.333333333333329,0.99864154942830408,11.107333657115104,"[10.0, 0.0, 10.0, 20.0]",1.7618509415478227,1.5007776049766717,0.11107333657115104,0.15000000000000002,1.6118509415478228,False,692,0.46640926640926639,False,False,10,0,10,20
cifar10_lenet5,225,"[1, 0, 1, 3]",64.200000000000003,0.99952621205647785,12.739193783389995,"[10.0, 0.0, 10.0, 30.0]",1.7750591229038846,1.4976671850699845,0.12739193783389996,0.15000000000000002,1.6250591229038847,False,651,0.49806949806949807,False,False,10,0,10,30
cifar10_lenet5,226,"[1, 0, 1, 4]",64.266666666666666,1.0042750333150228,14.371053909664885,"[10.0, 0.0, 10.0, 40.0]",1.7929329341199773,1.4992223950233283,0.14371053909664885,0.15000000000000002,1.6429329341199772,False,599,0.53822393822393821,False,False,10,0,10,40
cifar10_lenet5,227,"[1, 0, 1, 5]",63.43333333333333,1.0195258242289225,17.634774162214669,"[10.0, 0.0, 10.0, 60.0]",1.8061300122286785,1.479782270606532,0.1763477416221467,0.15000000000000002,1.6561300122286784,False,571,0.55984555984555984,False,False,10,0,10,60
cifar10_lenet5,228,"[1, 0, 2, 0]",63.700000000000003,0.99991816711425785,15.61437591063623,"[10.0, 0.0, 20.0, 0.0]",1.792146869526269,1.4860031104199067,0.1561437591063623,0.15000000000000002,1.6421468695262693,False,603,0.53513513513513511,False,False,10,0,20,0
cifar10_lenet5,229,"[1, 0, 2, 1]",63.866666666666667,0.9999698346455892,17.246236036911121,"[10.0, 0.0, 20.0, 10.0]",1.8123534956723772,1.489891135303266,0.17246236036911122,0.15000000000000002,1.6623534956723773,False,562,0.5667953667953668,False,False,10,0,20,10
cifar10_lenet5,230,"[1, 0, 2, 2]",64.099999999999994,1.0005725186665853,18.878096163186012,"[10.0, 0.0, 20.0, 20.0]",1.8341153317718288,1.4953343701399688,0.18878096163186012,0.15000000000000002,1.6841153317718289,False,505,0.61081081081081079,False,False,10,0,20,20
cifar10_lenet5,231,"[1, 0, 2, 3]",64.066666666666663,1.0011438318888346,20.509956289460902,"[10.0, 0.0, 20.0, 30.0]",1.899656328057906,1.4945567651632969,0.20509956289460904,0.20000000000000001,1.699656328057906,False,344,0.73513513513513518,False,False,10,0,20,30
cifar10_lenet5,232,"[1, 0, 2, 4]",64.13333333333334,1.0059577331542968,22.141816415735793,"[10.0, 0.0, 20.0, 40.0]",1.917530139273999,1.496111975116641,0.22141816415735793,0.20000000000000001,1.717530139273999,False,308,0.7629343629343629,False,False,10,0,20,40
cifar10_lenet5,233,"[1, 0, 2, 5]",63.5,1.0225117823282877,25.405536668285574,"[10.0, 0.0, 20.0, 60.0]",1.9353928472427313,1.4813374805598756,0.25405536668285572,0.20000000000000001,1.7353928472427314,False,281,0.78378378378378377,False,False,10,0,20,60
cifar10_lenet5,234,"[1, 0, 3, 0]",64.066666666666663,1.0035783551534017,23.385138416707139,"[10.0, 0.0, 30.0, 0.0]",1.8784081493303684,1.4945567651632969,0.23385138416707141,0.15000000000000002,1.7284081493303685,False,398,0.69343629343629343,False,False,10,0,30,0
cifar10_lenet5,235,"[1, 0, 3, 1]",64.066666666666663,1.0035191383361817,25.01699854298203,"[10.0, 0.0, 30.0, 10.0]",1.8947267505931173,1.4945567651632969,0.25016998542982033,0.15000000000000002,1.7447267505931172,False,355,0.72664092664092661,False,False,10,0,30,10
cifar10_lenet5,236,"[1, 0, 3, 2]",64.033333333333331,1.0040513890584311,26.648858669256921,"[10.0, 0.0, 30.0, 20.0]",1.9602677468791945,1.4937791601866253,0.2664885866925692,0.20000000000000001,1.7602677468791945,False,246,0.81081081081081086,False,False,10,0,30,20
cifar10_lenet5,237,"[1, 0, 3, 3]",64.13333333333334,1.0047904192606607,28.280718795531811,"[10.0, 0.0, 30.0, 30.0]",1.9289191630719591,1.496111975116641,0.28280718795531812,0.15000000000000002,1.7789191630719592,False,292,0.77528957528957532,False,False,10,0,30,30
cifar10_lenet5,238,"[1, 0, 3, 4]",64,1.0104599278767903,29.912578921806702,"[10.0, 0.0, 30.0, 40.0]",1.9921273444280203,1.4930015552099534,0.29912578921806704,0.20000000000000001,1.7921273444280204,False,205,0.84247104247104243,False,False,10,0,30,40
cifar10_lenet5,239,"[1, 0, 3, 5]",63.266666666666666,1.0258060849507651,33.176299174356487,"[10.0, 0.0, 30.0, 60.0]",2.0076572374667379,1.4758942457231727,0.33176299174356488,0.20000000000000001,1.8076572374667377,False,187,0.85637065637065635,False,False,10,0,30,60
cifar10_lenet5,240,"[1, 0, 4, 0]",64.13333333333334,1.0135146700541178,31.155900922778049,"[10.0, 0.0, 40.0, 0.0]",1.9576709843444213,1.496111975116641,0.31155900922778051,0.15000000000000002,1.8076709843444216,False,252,0.80617760617760614,False,False,10,0,40,0
cifar10_lenet5,241,"[1, 0, 4, 1]",64.13333333333334,1.0134444211324056,32.787761049052939,"[10.0, 0.0, 40.0, 10.0]",1.9739895856071703,1.496111975116641,0.32787761049052938,0.15000000000000002,1.8239895856071706,False,229,0.82393822393822391,False,False,10,0,40,10
cifar10_lenet5,242,"[1, 0, 4, 2]",63.899999999999999,1.0138021570841471,34.419621175327826,"[10.0, 0.0, 40.0, 20.0]",2.034864952033216,1.4906687402799379,0.34419621175327825,0.20000000000000001,1.8348649520332159,False,157,0.87953667953667958,False,False,10,0,40,20
cifar10_lenet5,243,"[1, 0, 4, 3]",63.799999999999997,1.0133488833109539,36.05148130160272,"[10.0, 0.0, 40.0, 30.0]",2.0488507383659496,1.4883359253499222,0.36051481301602722,0.20000000000000001,1.8488507383659494,False,142,0.89111969111969114,False,False,10,0,40,30
cifar10_lenet5,244,"[1, 0, 4, 4]",63.733333333333334,1.02061252339681,37.683341427877608,"[10.0, 0.0, 40.0, 40.0]",2.0136141296753549,1.4867807153965786,0.37683341427877609,0.15000000000000002,1.8636141296753546,False,177,0.86409266409266405,False,False,10,0,40,40
cifar10_lenet5,245,"[1, 0, 4, 5]",63.233333333333334,1.0350872764587402,40.947061680427389,"[10.0, 0.0, 40.0, 60.0]",2.0845872575507749,1.4751166407465008,0.40947061680427388,0.20000000000000001,1.8845872575507747,False,90,0.93127413127413128,True,False,10,0,40,60
cifar10_lenet5,246,"[1, 0, 5, 0]",62.100000000000001,1.0525529963175455,46.697425934919863,"[10.0, 0.0, 60.0, 0.0]",2.0656523308888564,1.4486780715396579,0.46697425934919862,0.15000000000000002,1.9156523308888567,False,119,0.90888030888030891,False,False,10,0,60,0
cifar10_lenet5,247,"[1, 0, 5, 1]",62.200000000000003,1.0532880859375,48.329286061194757,"[10.0, 0.0, 60.0, 10.0]",2.0843037470816208,1.4510108864696734,0.48329286061194759,0.15000000000000002,1.9343037470816211,False,93,0.92895752895752892,False,False,10,0,60,10
cifar10_lenet5,248,"[1, 0, 5, 2]",61.899999999999999,1.0539859809875489,49.961146187469645,"[10.0, 0.0, 60.0, 20.0]",2.1436239035543232,1.4440124416796267,0.49961146187469646,0.20000000000000001,1.9436239035543232,False,34,0.97451737451737452,False,False,10,0,60,20
cifar10_lenet5,249,"[1, 0, 5, 3]",62.133333333333333,1.0516625289916992,51.593006313744539,"[10.0, 0.0, 60.0, 30.0]",2.1653857396537752,1.4494556765163298,0.51593006313744538,0.20000000000000001,1.9653857396537751,False,14,0.98996138996138994,False,False,10,0,60,30
cifar10_lenet5,250,"[1, 0, 5, 4]",61.833333333333336,1.0591230405171712,53.224866440019426,"[10.0, 0.0, 60.0, 40.0]",2.1747058961264774,1.4424572317262832,0.53224866440019425,0.20000000000000001,1.9747058961264774,False,9,0.99382239382239379,False,False,10,0,60,40
cifar10_lenet5,251,"[1, 0, 5, 5]",61.333333333333336,1.0810826059977214,56.488586692569207,"[10.0, 0.0, 60.0, 60.0]",2.1456790240018973,1.4307931570762054,0.56488586692569209,0.15000000000000002,1.9956790240018973,False,30,0.97760617760617763,False,False,10,0,60,60
cifar10_lenet5,252,"[1, 1, 0, 0]",64.066666666666663,0.9983701731363932,0.46138902379796015,"[10.0, 10.0, 0.0, 0.0]",1.5991706554012766,1.4945567651632969,0.004613890237979602,0.10000000000000001,1.4991706554012765,False,1021,0.21235521235521235,False,False,10,10,0,0
cifar10_lenet5,253,"[1, 1, 0, 1]",64.266666666666666,0.99844572830200196,2.0932491500728507,"[10.0, 10.0, 0.0, 10.0]",1.6201548865240569,1.4992223950233283,0.020932491500728508,0.10000000000000001,1.5201548865240568,False,993,0.23397683397683397,False,False,10,10,0,10
cifar10_lenet5,254,"[1, 1, 0, 2]",64.266666666666666,0.99934404246012365,3.7251092763477418,"[10.0, 10.0, 0.0, 20.0]",1.6864734877868059,1.4992223950233283,0.03725109276347742,0.15000000000000002,1.5364734877868058,False,859,0.33745173745173745,False,False,10,10,0,20
cifar10_lenet5,255,"[1, 1, 0, 3]",64.13333333333334,0.9996280059814453,5.3569694026226324,"[10.0, 10.0, 0.0, 30.0]",1.6996816691428673,1.496111975116641,0.053569694026226328,0.15000000000000002,1.5496816691428674,False,819,0.36833976833976834,False,False,10,10,0,30
cifar10_lenet5,256,"[1, 1, 0, 4]",64.333333333333329,1.0045297940572102,6.9888295288975231,"[10.0, 10.0, 0.0, 40.0]",1.7206659002656468,1.5007776049766717,0.069888295288975236,0.15000000000000002,1.5706659002656471,False,776,0.40154440154440152,False,False,10,10,0,40
cifar10_lenet5,257,"[1, 1, 0, 5]",63.43333333333333,1.0195710906982423,10.252549781447305,"[10.0, 10.0, 0.0, 60.0]",1.7323077684210051,1.479782270606532,0.10252549781447305,0.15000000000000002,1.5823077684210047,False,748,0.42316602316602314,False,False,10,10,0,60
cifar10_lenet5,258,"[1, 1, 1, 0]",64.13333333333334,0.99842171859741213,8.2321515298688688,"[10.0, 10.0, 10.0, 0.0]",1.6784334904153297,1.496111975116641,0.082321515298688683,0.10000000000000001,1.5784334904153299,False,876,0.32432432432432434,False,False,10,10,10,0
cifar10_lenet5,259,"[1, 1, 1, 1]",64.099999999999994,0.99850557327270506,9.8640116561437594,"[10.0, 10.0, 10.0, 10.0]",1.6439744867014066,1.4953343701399688,0.098640116561437591,0.050000000000000003,1.5939744867014065,False,944,0.27181467181467184,False,False,10,10,10,10
cifar10_lenet5,260,"[1, 1, 1, 2]",64.299999999999997,0.99944817606608072,11.49587178241865,"[10.0, 10.0, 10.0, 20.0]",1.7149587178241865,1.5,0.1149587178241865,0.10000000000000001,1.6149587178241864,False,787,0.39305019305019306,False,False,10,10,10,20
cifar10_lenet5,261,"[1, 1, 1, 3]",64.13333333333334,0.9997728385925293,13.127731908693541,"[10.0, 10.0, 10.0, 30.0]",1.7273892942035765,1.496111975116641,0.13127731908693541,0.10000000000000001,1.6273892942035766,False,761,0.41312741312741313,False,False,10,10,10,30
cifar10_lenet5,262,"[1, 1, 1, 4]",64.200000000000003,1.0045106608072916,14.759592034968431,"[10.0, 10.0, 10.0, 40.0]",1.745263105419669,1.4976671850699845,0.14759592034968433,0.10000000000000001,1.6452631054196691,False,725,0.44092664092664091,False,False,10,10,10,40
cifar10_lenet5,263,"[1, 1, 1, 5]",63.700000000000003,1.0196294212341308,18.023312287518213,"[10.0, 10.0, 10.0, 60.0]",1.7662362332950889,1.4860031104199067,0.18023312287518212,0.10000000000000001,1.6662362332950891,False,676,0.47876447876447875,False,False,10,10,10,60
cifar10_lenet5,264,"[1, 1, 2, 0]",64.166666666666671,1.0003425776163737,16.002914035939778,"[10.0, 10.0, 20.0, 0.0]",1.8069187204527108,1.4968895800933129,0.16002914035939778,0.15000000000000002,1.6569187204527105,False,568,0.56216216216216219,False,False,10,10,20,0
cifar10_lenet5,265,"[1, 1, 2, 1]",64.299999999999997,1.000513811747233,17.634774162214669,"[10.0, 10.0, 20.0, 10.0]",1.7763477416221467,1.5,0.1763477416221467,0.10000000000000001,1.6763477416221466,False,647,0.50115830115830118,False,False,10,10,20,10
cifar10_lenet5,266,"[1, 1, 2, 2]",64,1.001536055246989,19.266634288489559,"[10.0, 10.0, 20.0, 20.0]",1.785667898094849,1.4930015552099534,0.19266634288489559,0.10000000000000001,1.685667898094849,False,625,0.5181467181467182,False,False,10,10,20,20
cifar10_lenet5,267,"[1, 1, 2, 3]",64.166666666666671,1.0015480728149415,20.89849441476445,"[10.0, 10.0, 20.0, 30.0]",1.8558745242409573,1.4968895800933129,0.20898494414764451,0.15000000000000002,1.7058745242409572,False,448,0.65482625482625478,False,False,10,10,20,30
cifar10_lenet5,268,"[1, 1, 2, 4]",63.966666666666669,1.0063370691935221,22.53035454103934,"[10.0, 10.0, 20.0, 40.0]",1.8675274956436749,1.4922239502332817,0.22530354541039341,0.15000000000000002,1.717527495643675,False,422,0.67490347490347491,False,False,10,10,20,40
cifar10_lenet5,269,"[1, 1, 2, 5]",63.666666666666664,1.022754249572754,25.794074793589122,"[10.0, 10.0, 20.0, 60.0]",1.893166253379126,1.4852255054432348,0.25794074793589122,0.15000000000000002,1.7431662533791261,False,360,0.72277992277992276,False,False,10,10,20,60
cifar10_lenet5,270,"[1, 1, 3, 0]",63.899999999999999,1.0040061899820965,23.773676542010683,"[10.0, 10.0, 30.0, 0.0]",1.8784055057000448,1.4906687402799379,0.23773676542010683,0.15000000000000002,1.7284055057000445,False,399,0.69266409266409268,False,False,10,10,30,0
cifar10_lenet5,271,"[1, 1, 3, 1]",64.066666666666663,1.0040694834391275,25.405536668285574,"[10.0, 10.0, 30.0, 10.0]",1.8486121318461528,1.4945567651632969,0.25405536668285572,0.10000000000000001,1.7486121318461527,False,465,0.64169884169884173,False,False,10,10,30,10
cifar10_lenet5,272,"[1, 1, 3, 2]",64,1.0050001029968261,27.037396794560465,"[10.0, 10.0, 30.0, 20.0]",1.9133755231555578,1.4930015552099534,0.27037396794560464,0.15000000000000002,1.7633755231555579,False,318,0.75521235521235519,False,False,10,10,30,20
cifar10_lenet5,273,"[1, 1, 3, 3]",64.099999999999994,1.0052411041259766,28.669256920835355,"[10.0, 10.0, 30.0, 30.0]",1.8820269393483224,1.4953343701399688,0.28669256920835356,0.10000000000000001,1.7820269393483223,False,387,0.70193050193050188,False,False,10,10,30,30
cifar10_lenet5,274,"[1, 1, 3, 4]",64.166666666666671,1.0108329086303711,30.301117047110246,"[10.0, 10.0, 30.0, 40.0]",1.9499007505644155,1.4968895800933129,0.30301117047110249,0.15000000000000002,1.7999007505644151,False,261,0.79922779922779918,False,False,10,10,30,40
cifar10_lenet5,275,"[1, 1, 3, 5]",63.466666666666669,1.026062739054362,33.564837299660027,"[10.0, 10.0, 30.0, 60.0]",1.9662082485798043,1.4805598755832039,0.33564837299660027,0.15000000000000002,1.8162082485798041,False,238,0.81698841698841695,False,False,10,10,30,60
cifar10_lenet5,276,"[1, 1, 4, 0]",64.299999999999997,1.013821139017741,31.544439048081593,"[10.0, 10.0, 40.0, 0.0]",1.9654443904808159,1.5,0.31544439048081591,0.15000000000000002,1.815444390480816,False,240,0.81544401544401546,False,False,10,10,40,0
cifar10_lenet5,277,"[1, 1, 4, 1]",64.200000000000003,1.0138738822937012,33.176299174356487,"[10.0, 10.0, 40.0, 10.0]",1.9294301768135496,1.4976671850699845,0.33176299174356488,0.10000000000000001,1.8294301768135497,False,291,0.77606177606177607,False,False,10,10,40,10
cifar10_lenet5,278,"[1, 1, 4, 2]",63.766666666666666,1.0146578178405761,34.808159300631374,"[10.0, 10.0, 40.0, 20.0]",1.9856399133795644,1.4875583203732505,0.34808159300631375,0.15000000000000002,1.8356399133795642,False,215,0.83474903474903472,False,False,10,10,40,20
cifar10_lenet5,279,"[1, 1, 4, 3]",63.966666666666669,1.0136903559366861,36.440019426906268,"[10.0, 10.0, 40.0, 30.0]",2.0066241445023443,1.4922239502332817,0.36440019426906267,0.15000000000000002,1.8566241445023444,False,188,0.8555984555984556,False,False,10,10,40,30
cifar10_lenet5,280,"[1, 1, 4, 4]",63.766666666666666,1.0209045906066894,38.071879553181155,"[10.0, 10.0, 40.0, 40.0]",1.968277115905062,1.4875583203732505,0.38071879553181154,0.10000000000000001,1.868277115905062,False,236,0.81853281853281856,False,False,10,10,40,40
cifar10_lenet5,281,"[1, 1, 4, 5]",63.133333333333333,1.0352333297729492,41.335599805730936,"[10.0, 10.0, 40.0, 60.0]",2.0361398238737949,1.4727838258164854,0.41335599805730938,0.15000000000000002,1.8861398238737948,False,154,0.88185328185328182,True,False,10,10,40,60
cifar10_lenet5,282,"[1, 1, 5, 0]",62.266666666666666,1.0530495096842447,47.085964060223411,"[10.0, 10.0, 60.0, 0.0]",2.0734257370252513,1.4525660964230172,0.47085964060223412,0.15000000000000002,1.9234257370252512,False,107,0.91814671814671811,False,False,10,10,60,0
cifar10_lenet5,283,"[1, 1, 5, 1]",62.100000000000001,1.0538971900939942,48.717824186498298,"[10.0, 10.0, 60.0, 10.0]",2.0358563134046408,1.4486780715396579,0.48717824186498299,0.10000000000000001,1.9358563134046411,False,155,0.88108108108108107,False,False,10,10,60,10
cifar10_lenet5,284,"[1, 1, 5, 2]",62.200000000000003,1.0548690071105957,50.349684312773192,"[10.0, 10.0, 60.0, 20.0]",2.1045077295974051,1.4510108864696734,0.50349684312773191,0.15000000000000002,1.9545077295974056,False,65,0.95057915057915054,False,False,10,10,60,20
cifar10_lenet5,285,"[1, 1, 5, 3]",62.200000000000003,1.0521622416178384,51.981544439048079,"[10.0, 10.0, 60.0, 30.0]",2.120826330860154,1.4510108864696734,0.51981544439048077,0.15000000000000002,1.9708263308601544,False,48,0.96370656370656371,False,False,10,10,60,30
cifar10_lenet5,286,"[1, 1, 5, 4]",62.06666666666667,1.0597044957478841,53.613404565322973,"[10.0, 10.0, 60.0, 40.0]",2.1340345122162159,1.4479004665629862,0.53613404565322975,0.15000000000000002,1.984034512216216,False,41,0.96911196911196906,False,False,10,10,60,40
cifar10_lenet5,287,"[1, 1, 5, 5]",61.5,1.0813247197469076,56.877124817872755,"[10.0, 10.0, 60.0, 60.0]",2.1034524301382924,1.4346811819595646,0.5687712481787276,0.10000000000000001,2.0034524301382923,False,69,0.94749034749034744,True,False,10,10,60,60
cifar10_lenet5,288,"[1, 2, 0, 0]",63.733333333333334,0.99955820210774737,0.84992714910150557,"[10.0, 20.0, 0.0, 0.0]",1.6452799868875938,1.4867807153965786,0.008499271491015056,0.15000000000000002,1.4952799868875934,False,940,0.27490347490347489,False,False,10,20,0,0
cifar10_lenet5,289,"[1, 2, 0, 1]",63.733333333333334,0.99991677474975582,2.4817872753763961,"[10.0, 20.0, 0.0, 10.0]",1.6615985881503428,1.4867807153965786,0.024817872753763962,0.15000000000000002,1.5115985881503424,False,910,0.29806949806949806,False,False,10,20,0,10
cifar10_lenet5,290,"[1, 2, 0, 2]",63.766666666666666,1.0016388943990071,4.1136474016512867,"[10.0, 20.0, 0.0, 20.0]",1.6786947943897634,1.4875583203732505,0.041136474016512867,0.15000000000000002,1.5286947943897633,False,875,0.32509652509652509,False,False,10,20,0,20
cifar10_lenet5,291,"[1, 2, 0, 3]",63.93333333333333,1.0013302268981934,5.7455075279261774,"[10.0, 20.0, 0.0, 30.0]",1.7489014205358715,1.4914463452566098,0.057455075279261775,0.20000000000000001,1.5489014205358713,False,716,0.44787644787644787,False,False,10,20,0,30
cifar10_lenet5,292,"[1, 2, 0, 4]",63.799999999999997,1.0043738606770833,7.3773676542010689,"[10.0, 20.0, 0.0, 40.0]",1.7621096018919329,1.4883359253499222,0.073773676542010697,0.20000000000000001,1.5621096018919329,False,689,0.46872586872586874,False,False,10,20,0,40
cifar10_lenet5,293,"[1, 2, 0, 5]",63.466666666666669,1.0184476598103842,10.641087906750849,"[10.0, 20.0, 0.0, 60.0]",1.7869707546507123,1.4805598755832039,0.1064108790675085,0.20000000000000001,1.5869707546507124,False,617,0.5243243243243243,False,False,10,20,0,60
cifar10_lenet5,294,"[1, 2, 1, 0]",63.833333333333336,0.99956606038411455,8.6206896551724146,"[10.0, 20.0, 10.0, 0.0]",1.7253204268783184,1.4891135303265941,0.086206896551724144,0.15000000000000002,1.5753204268783183,False,766,0.40926640926640928,False,False,10,20,10,0
cifar10_lenet5,295,"[1, 2, 1, 1]",63.833333333333336,0.99995030975341792,10.252549781447305,"[10.0, 20.0, 10.0, 10.0]",1.6916390281410671,1.4891135303265941,0.10252549781447305,0.10000000000000001,1.5916390281410671,False,844,0.34903474903474901,False,False,10,20,10,10
cifar10_lenet5,296,"[1, 2, 1, 2]",63.766666666666666,1.001697462717692,11.884409907722196,"[10.0, 20.0, 10.0, 20.0]",1.7064024194504726,1.4875583203732505,0.11884409907722196,0.10000000000000001,1.6064024194504725,False,802,0.38146718146718145,False,False,10,20,10,20
cifar10_lenet5,297,"[1, 2, 1, 3]",64,1.0014029922485352,13.516270033997086,"[10.0, 20.0, 10.0, 30.0]",1.7781642555499242,1.4930015552099534,0.13516270033997088,0.15000000000000002,1.6281642555499243,False,643,0.50424710424710428,False,False,10,20,10,30
cifar10_lenet5,298,"[1, 2, 1, 4]",63.799999999999997,1.0042827288309732,15.148130160271977,"[10.0, 20.0, 10.0, 40.0]",1.7898172269526418,1.4883359253499222,0.15148130160271978,0.15000000000000002,1.6398172269526419,False,608,0.53127413127413126,False,False,10,20,10,40
cifar10_lenet5,299,"[1, 2, 1, 5]",63.399999999999999,1.0184526290893554,18.411850412821757,"[10.0, 20.0, 10.0, 60.0]",1.8131231697580779,1.4790046656298601,0.18411850412821756,0.15000000000000002,1.6631231697580777,False,558,0.5698841698841699,False,False,10,20,10,60
cifar10_lenet5,300,"[1, 2, 2, 0]",63.866666666666667,1.0008441047668457,16.391452161243322,"[10.0, 20.0, 20.0, 0.0]",1.8038056569156993,1.489891135303266,0.16391452161243322,0.15000000000000002,1.6538056569156991,False,575,0.55675675675675673,False,False,10,20,20,0
cifar10_lenet5,301,"[1, 2, 2, 1]",63.899999999999999,1.0013345171610515,18.023312287518213,"[10.0, 20.0, 20.0, 10.0]",1.7709018631551201,1.4906687402799379,0.18023312287518212,0.10000000000000001,1.6709018631551198,False,664,0.48803088803088801,False,False,10,20,20,10
cifar10_lenet5,302,"[1, 2, 2, 2]",63.833333333333336,1.003149969736735,19.655172413793103,"[10.0, 20.0, 20.0, 20.0]",1.7856652544645253,1.4891135303265941,0.19655172413793104,0.10000000000000001,1.6856652544645252,False,626,0.51737451737451734,False,False,10,20,20,20
cifar10_lenet5,303,"[1, 2, 2, 3]",64.13333333333334,1.0025880966186524,21.287032540067994,"[10.0, 20.0, 20.0, 30.0]",1.8589823005173209,1.496111975116641,0.21287032540067993,0.15000000000000002,1.708982300517321,False,439,0.66177606177606174,False,False,10,20,20,30
cifar10_lenet5,304,"[1, 2, 2, 4]",63.833333333333336,1.0055295308430989,22.918892666342884,"[10.0, 20.0, 20.0, 40.0]",1.8683024569900231,1.4891135303265941,0.22918892666342885,0.15000000000000002,1.7183024569900229,False,420,0.67644787644787641,False,False,10,20,20,40
cifar10_lenet5,305,"[1, 2, 2, 5]",63.233333333333334,1.0210704243977864,26.182612918892666,"[10.0, 20.0, 20.0, 60.0]",1.8869427699354273,1.4751166407465008,0.26182612918892667,0.15000000000000002,1.7369427699354274,False,371,0.7142857142857143,False,False,10,20,20,60
cifar10_lenet5,306,"[1, 2, 3, 0]",63.600000000000001,1.003565247853597,24.162214667314231,"[10.0, 20.0, 30.0, 0.0]",1.9252924421630335,1.4836702954898913,0.24162214667314233,0.20000000000000001,1.7252924421630336,False,298,0.7706563706563706,False,False,10,20,30,0
cifar10_lenet5,307,"[1, 2, 3, 1]",63.466666666666669,1.0039202054341634,25.794074793589122,"[10.0, 20.0, 30.0, 10.0]",1.8885006235190951,1.4805598755832039,0.25794074793589122,0.15000000000000002,1.7385006235190952,False,368,0.71660231660231655,False,False,10,20,30,10
cifar10_lenet5,308,"[1, 2, 3, 2]",63.600000000000001,1.0056289660135904,27.425934919864012,"[10.0, 20.0, 30.0, 20.0]",1.9079296446885312,1.4836702954898913,0.27425934919864015,0.15000000000000002,1.7579296446885313,False,332,0.74440154440154438,False,False,10,20,30,20
cifar10_lenet5,309,"[1, 2, 3, 3]",64.033333333333331,1.0053076477050782,29.057795046138903,"[10.0, 20.0, 30.0, 30.0]",1.9343571106480142,1.4937791601866253,0.29057795046138901,0.15000000000000002,1.7843571106480143,False,285,0.78069498069498067,False,True,10,20,30,30
cifar10_lenet5,310,"[1, 2, 3, 4]",63.700000000000003,1.0092377688090006,30.689655172413794,"[10.0, 20.0, 30.0, 40.0]",1.9928996621440447,1.4860031104199067,0.30689655172413793,0.20000000000000001,1.7928996621440449,False,202,0.84478764478764479,False,False,10,20,30,40
cifar10_lenet5,311,"[1, 2, 3, 5]",63.56666666666667,1.0236763521830241,33.953375424963575,"[10.0, 20.0, 30.0, 60.0]",2.0224264447628553,1.4828926905132194,0.33953375424963578,0.20000000000000001,1.8224264447628553,False,167,0.87181467181467176,False,False,10,20,30,60
cifar10_lenet5,312,"[1, 2, 4, 0]",63.866666666666667,1.0127796071370443,31.93297717338514,"[10.0, 20.0, 40.0, 0.0]",2.0092209070371174,1.489891135303266,0.31932977173385141,0.20000000000000001,1.8092209070371175,False,183,0.85945945945945945,False,False,10,20,40,0
cifar10_lenet5,313,"[1, 2, 4, 1]",63.766666666666666,1.0131195602416991,33.564837299660027,"[10.0, 20.0, 40.0, 10.0]",1.9732066933698507,1.4875583203732505,0.33564837299660027,0.15000000000000002,1.8232066933698508,False,231,0.82239382239382242,False,False,10,20,40,10
cifar10_lenet5,314,"[1, 2, 4, 2]",63.666666666666664,1.0147075347900392,35.196697425934921,"[10.0, 20.0, 40.0, 20.0]",1.9871924797025842,1.4852255054432348,0.3519669742593492,0.15000000000000002,1.837192479702584,False,212,0.83706563706563708,False,False,10,20,40,20
cifar10_lenet5,315,"[1, 2, 4, 3]",63.600000000000001,1.013378381093343,36.828557552209809,"[10.0, 20.0, 40.0, 30.0]",2.0519558710119896,1.4836702954898913,0.36828557552209812,0.20000000000000001,1.8519558710119894,False,138,0.89420849420849424,False,True,10,20,40,30
cifar10_lenet5,316,"[1, 2, 4, 4]",63.233333333333334,1.0188940887451172,38.460417678484703,"[10.0, 20.0, 40.0, 40.0]",2.0097208175313477,1.4751166407465008,0.38460417678484704,0.15000000000000002,1.8597208175313478,False,181,0.86100386100386095,False,True,10,20,40,40
cifar10_lenet5,317,"[1, 2, 4, 5]",62.733333333333334,1.0325026715596517,41.724137931034484,"[10.0, 20.0, 40.0, 60.0]",2.0806939454067681,1.463452566096423,0.41724137931034483,0.20000000000000001,1.8806939454067679,False,95,0.92741312741312742,False,True,10,20,40,60
cifar10_lenet5,318,"[1, 2, 5, 0]",61.93333333333333,1.0529127159118652,47.474502185526951,"[10.0, 20.0, 60.0, 0.0]",2.1195350685115684,1.4447900466562986,0.47474502185526951,0.20000000000000001,1.9195350685115682,False,51,0.96138996138996136,False,False,10,20,60,0
cifar10_lenet5,319,"[1, 2, 5, 1]",61.833333333333336,1.0540352567036946,49.106362311801846,"[10.0, 20.0, 60.0, 10.0]",2.0835208548443016,1.4424572317262832,0.49106362311801849,0.15000000000000002,1.9335208548443017,False,94,0.92818532818532817,False,False,10,20,60,10
cifar10_lenet5,320,"[1, 2, 5, 2]",61.899999999999999,1.0556962687174478,50.73822243807674,"[10.0, 20.0, 60.0, 20.0]",2.1013946660603939,1.4440124416796267,0.50738222438076741,0.15000000000000002,1.951394666060394,False,71,0.94594594594594594,False,False,10,20,60,20
cifar10_lenet5,321,"[1, 2, 5, 3]",61.799999999999997,1.0525407218933105,52.370082564351627,"[10.0, 20.0, 60.0, 30.0]",2.1653804523931277,1.4416796267496113,0.52370082564351628,0.20000000000000001,1.9653804523931273,False,15,0.98918918918918919,False,False,10,20,60,30
cifar10_lenet5,322,"[1, 2, 5, 4]",62,1.0584119517008463,54.001942690626521,"[10.0, 20.0, 60.0, 40.0]",2.1863646835159076,1.4463452566096424,0.54001942690626525,0.20000000000000001,1.9863646835159077,False,2,0.99922779922779925,True,True,10,20,60,40
cifar10_lenet5,323,"[1, 2, 5, 5]",61.233333333333334,1.0791507886250813,57.265662943176302,"[10.0, 20.0, 60.0, 60.0]",2.1511169715779528,1.4284603421461899,0.57265662943176299,0.15000000000000002,2.0011169715779529,False,26,0.98069498069498073,False,False,10,20,60,60
cifar10_lenet5,324,"[1, 3, 0, 0]",63.766666666666666,1.0073348299662273,1.2384652744050511,"[10.0, 30.0, 0.0, 0.0]",1.6499429731173012,1.4875583203732505,0.012384652744050512,0.15000000000000002,1.4999429731173011,False,933,0.28030888030888029,False,False,10,30,0,0
cifar10_lenet5,325,"[1, 3, 0, 1]",63.966666666666669,1.0068615964253744,2.8703254006799419,"[10.0, 30.0, 0.0, 10.0]",1.6709272042400811,1.4922239502332817,0.02870325400679942,0.15000000000000002,1.5209272042400812,False,889,0.31428571428571428,False,False,10,30,0,10
cifar10_lenet5,326,"[1, 3, 0, 2]",63.833333333333336,1.0087882245381674,4.5021855269548325,"[10.0, 30.0, 0.0, 20.0]",1.7341353855961423,1.4891135303265941,0.045021855269548328,0.20000000000000001,1.5341353855961424,False,746,0.42471042471042469,False,False,10,30,0,20
cifar10_lenet5,327,"[1, 3, 0, 3]",63.766666666666666,1.0101153271993002,6.1340456532297232,"[10.0, 30.0, 0.0, 30.0]",1.6988987769055477,1.4875583203732505,0.061340456532297236,0.15000000000000002,1.5488987769055478,False,822,0.36602316602316604,False,False,10,30,0,30
cifar10_lenet5,328,"[1, 3, 0, 4]",63.833333333333336,1.0153419876098633,7.7659057795046138,"[10.0, 30.0, 0.0, 40.0]",1.7667725881216403,1.4891135303265941,0.077659057795046144,0.20000000000000001,1.5667725881216403,False,673,0.48108108108108111,False,False,10,30,0,40
cifar10_lenet5,329,"[1, 3, 0, 5]",63.833333333333336,1.0227715988159181,11.029626032054395,"[10.0, 30.0, 0.0, 60.0]",1.799409790647138,1.4891135303265941,0.11029626032054396,0.20000000000000001,1.5994097906471381,False,584,0.54980694980694977,False,False,10,30,0,60
cifar10_lenet5,330,"[1, 3, 1, 0]",63.93333333333333,1.0072437553405762,9.0092277804759586,"[10.0, 30.0, 10.0, 0.0]",1.7315386230613692,1.4914463452566098,0.090092277804759591,0.15000000000000002,1.5815386230613693,False,751,0.42084942084942084,False,False,10,30,10,0
cifar10_lenet5,331,"[1, 3, 1, 1]",64,1.0067614224751791,10.641087906750849,"[10.0, 30.0, 10.0, 10.0]",1.6994124342774619,1.4930015552099534,0.1064108790675085,0.10000000000000001,1.5994124342774618,False,820,0.36756756756756759,False,False,10,30,10,10
cifar10_lenet5,332,"[1, 3, 1, 2]",63.56666666666667,1.0086763903299967,12.27294803302574,"[10.0, 30.0, 10.0, 20.0]",1.7556221708434769,1.4828926905132194,0.12272948033025741,0.15000000000000002,1.605622170843477,False,708,0.45405405405405408,False,False,10,30,10,20
cifar10_lenet5,333,"[1, 3, 1, 3]",63.833333333333336,1.0100454877217611,13.904808159300631,"[10.0, 30.0, 10.0, 30.0]",1.7281616119196004,1.4891135303265941,0.1390480815930063,0.10000000000000001,1.6281616119196003,False,758,0.41544401544401544,False,False,10,30,10,30
cifar10_lenet5,334,"[1, 3, 1, 4]",63.866666666666667,1.0151275215148925,15.536668285575523,"[10.0, 30.0, 10.0, 40.0]",1.7952578181590213,1.489891135303266,0.15536668285575522,0.15000000000000002,1.6452578181590212,False,595,0.54131274131274132,False,False,10,30,10,40
cifar10_lenet5,335,"[1, 3, 1, 5]",63.966666666666669,1.0225707524617513,18.800388538125304,"[10.0, 30.0, 10.0, 60.0]",1.8302278356145347,1.4922239502332817,0.18800388538125304,0.15000000000000002,1.6802278356145348,False,514,0.60386100386100383,False,False,10,30,10,60
cifar10_lenet5,336,"[1, 3, 2, 0]",63.899999999999999,1.0073982327779134,16.779990286546866,"[10.0, 30.0, 20.0, 0.0]",1.8584686431454065,1.4906687402799379,0.16779990286546867,0.20000000000000001,1.6584686431454063,False,440,0.66100386100386099,False,False,10,30,20,0
cifar10_lenet5,337,"[1, 3, 2, 1]",64.099999999999994,1.0070310173034669,18.411850412821757,"[10.0, 30.0, 20.0, 10.0]",1.8294528742681866,1.4953343701399688,0.18411850412821756,0.15000000000000002,1.6794528742681865,False,517,0.60154440154440159,False,False,10,30,20,10
cifar10_lenet5,338,"[1, 3, 2, 2]",63.733333333333334,1.0090805358886719,20.043710539096647,"[10.0, 30.0, 20.0, 20.0]",1.8372178207875449,1.4867807153965786,0.20043710539096649,0.15000000000000002,1.687217820787545,False,497,0.616988416988417,False,False,10,30,20,20
cifar10_lenet5,339,"[1, 3, 2, 3]",63.866666666666667,1.0102325604756672,21.675570665371538,"[10.0, 30.0, 20.0, 30.0]",1.8566468419569815,1.489891135303266,0.21675570665371538,0.15000000000000002,1.7066468419569814,False,444,0.65791505791505789,False,False,10,30,20,30
cifar10_lenet5,340,"[1, 3, 2, 4]",63.799999999999997,1.0154698397318522,23.307430791646432,"[10.0, 30.0, 20.0, 40.0]",1.9214102332663865,1.4883359253499222,0.23307430791646433,0.20000000000000001,1.7214102332663865,False,304,0.766023166023166,False,False,10,30,20,40
cifar10_lenet5,341,"[1, 3, 2, 5]",64.033333333333331,1.0241786562601725,26.571151044196213,"[10.0, 30.0, 20.0, 60.0]",1.9594906706285873,1.4937791601866253,0.26571151044196212,0.20000000000000001,1.7594906706285873,False,247,0.81003861003861,False,False,10,30,20,60
cifar10_lenet5,342,"[1, 3, 3, 0]",63.799999999999997,1.0116561075846353,24.550752792617775,"[10.0, 30.0, 30.0, 0.0]",1.8838434532760999,1.4883359253499222,0.24550752792617775,0.15000000000000002,1.7338434532761,False,382,0.70579150579150585,False,False,10,30,30,0
cifar10_lenet5,343,"[1, 3, 3, 1]",64.033333333333331,1.0112238121032715,26.182612918892666,"[10.0, 30.0, 30.0, 10.0]",1.8556052893755521,1.4937791601866253,0.26182612918892667,0.10000000000000001,1.755605289375552,False,450,0.65328185328185329,False,False,10,30,30,10
cifar10_lenet5,344,"[1, 3, 3, 2]",63.833333333333336,1.0131649640401204,27.814473045167556,"[10.0, 30.0, 30.0, 20.0]",1.9172582607782696,1.4891135303265941,0.27814473045167559,0.15000000000000002,1.7672582607782696,False,310,0.7613899613899614,False,False,10,30,30,20
cifar10_lenet5,345,"[1, 3, 3, 3]",63.866666666666667,1.0145635871887206,29.446333171442447,"[10.0, 30.0, 30.0, 30.0]",1.8843544670176906,1.489891135303266,0.29446333171442446,0.10000000000000001,1.7843544670176905,False,379,0.70810810810810809,False,False,10,30,30,30
cifar10_lenet5,346,"[1, 3, 3, 4]",63.766666666666666,1.020895783742269,31.078193297717338,"[10.0, 30.0, 30.0, 40.0]",1.9483402533504237,1.4875583203732505,0.31078193297717338,0.15000000000000002,1.7983402533504238,False,265,0.79613899613899619,False,False,10,30,30,40
cifar10_lenet5,347,"[1, 3, 3, 5]",63.93333333333333,1.0285420595804851,34.341913550267122,"[10.0, 30.0, 30.0, 60.0]",1.9848654807592809,1.4914463452566098,0.34341913550267122,0.15000000000000002,1.8348654807592808,False,216,0.83397683397683398,False,False,10,30,30,60
cifar10_lenet5,348,"[1, 3, 4, 0]",63.399999999999999,1.0236353085835774,32.321515298688681,"[10.0, 30.0, 40.0, 0.0]",2.002219818616747,1.4790046656298601,0.3232151529868868,0.20000000000000001,1.8022198186167468,False,191,0.85328185328185324,False,False,10,30,40,0
cifar10_lenet5,349,"[1, 3, 4, 1]",63.233333333333334,1.0231470642089844,33.953375424963575,"[10.0, 30.0, 40.0, 10.0]",1.9646503949961365,1.4751166407465008,0.33953375424963578,0.15000000000000002,1.8146503949961366,False,242,0.81389961389961385,False,False,10,30,40,10
cifar10_lenet5,350,"[1, 3, 4, 2]",63.133333333333333,1.0249348538716634,35.585235551238462,"[10.0, 30.0, 40.0, 20.0]",2.0286361813288702,1.4727838258164854,0.35585235551238464,0.20000000000000001,1.8286361813288701,False,161,0.87644787644787647,False,False,10,30,40,20
cifar10_lenet5,351,"[1, 3, 4, 3]",63.466666666666669,1.025257219950358,37.217095677513356,"[10.0, 30.0, 40.0, 30.0]",2.0027308323583375,1.4805598755832039,0.37217095677513357,0.15000000000000002,1.8527308323583376,False,190,0.8540540540540541,False,False,10,30,40,30
cifar10_lenet5,352,"[1, 3, 4, 4]",63.133333333333333,1.0332150726318359,38.848955803788243,"[10.0, 30.0, 40.0, 40.0]",2.0112733838543679,1.4727838258164854,0.38848955803788243,0.15000000000000002,1.8612733838543678,False,179,0.86254826254826256,False,False,10,30,40,40
cifar10_lenet5,353,"[1, 3, 4, 5]",62.733333333333334,1.0394401804606119,42.112676056338032,"[10.0, 30.0, 40.0, 60.0]",2.0845793266598034,1.463452566096423,0.42112676056338033,0.20000000000000001,1.8845793266598034,False,91,0.93050193050193053,False,True,10,30,40,60
cifar10_lenet5,354,"[1, 3, 5, 0]",61.866666666666667,1.0554839655558268,47.863040310830499,"[10.0, 30.0, 60.0, 0.0]",2.1218652398112599,1.4432348367029548,0.47863040310830501,0.20000000000000001,1.9218652398112599,False,47,0.96447876447876446,False,False,10,30,60,0
cifar10_lenet5,355,"[1, 3, 5, 1]",61.899999999999999,1.0557869898478189,49.494900437105393,"[10.0, 30.0, 60.0, 10.0]",2.0889614460506807,1.4440124416796267,0.49494900437105394,0.15000000000000002,1.9389614460506808,False,82,0.93745173745173749,False,False,10,30,60,10
cifar10_lenet5,356,"[1, 3, 5, 2]",62.033333333333331,1.0578406766255697,51.12676056338028,"[10.0, 30.0, 60.0, 20.0]",2.1583904672201171,1.4471228615863141,0.5112676056338028,0.20000000000000001,1.9583904672201169,False,20,0.98532818532818534,False,False,10,30,60,20
cifar10_lenet5,357,"[1, 3, 5, 3]",62.43333333333333,1.0561148783365886,52.758620689655174,"[10.0, 30.0, 60.0, 30.0]",2.1340403282029281,1.4564541213063764,0.52758620689655178,0.15000000000000002,1.984040328202928,False,40,0.96988416988416992,True,False,10,30,60,30
cifar10_lenet5,358,"[1, 3, 5, 4]",61.833333333333336,1.0640445365905762,54.390480815930061,"[10.0, 30.0, 60.0, 40.0]",2.1863620398855841,1.4424572317262832,0.54390480815930065,0.20000000000000001,1.9863620398855839,False,3,0.9984555984555985,True,True,10,30,60,40
cifar10_lenet5,359,"[1, 3, 5, 5]",61.200000000000003,1.0783199818929037,57.654201068479843,"[10.0, 30.0, 60.0, 60.0]",2.1542247478543164,1.427682737169518,0.57654201068479849,0.15000000000000002,2.0042247478543169,False,23,0.98301158301158298,True,True,10,30,60,60
cifar10_lenet5,360,"[1, 4, 0, 0]",61.56666666666667,1.0702403081258138,1.6270033997085964,"[10.0, 40.0, 0.0, 0.0]",1.6025064259099944,1.4362363919129084,0.016270033997085966,0.15000000000000002,1.4525064259099945,False,1017,0.21544401544401545,False,False,10,40,0,0
cifar10_lenet5,361,"[1, 4, 0, 1]",61.633333333333333,1.0691278991699218,3.2588635259834873,"[10.0, 40.0, 0.0, 10.0]",1.6203802371260867,1.437791601866252,0.032588635259834874,0.15000000000000002,1.4703802371260868,False,990,0.2362934362934363,False,False,10,40,0,10
cifar10_lenet5,362,"[1, 4, 0, 2]",61.399999999999999,1.0725779418945312,4.8907236522583775,"[10.0, 40.0, 0.0, 20.0]",1.6812556035521329,1.4323483670295492,0.048907236522583775,0.20000000000000001,1.4812556035521327,False,870,0.32895752895752894,False,False,10,40,0,20
cifar10_lenet5,363,"[1, 4, 0, 3]",61.366666666666667,1.0707169316609702,6.522583778533269,"[10.0, 40.0, 0.0, 30.0]",1.6967965998382097,1.431570762052877,0.065225837785332696,0.20000000000000001,1.49679659983821,False,826,0.36293436293436293,False,False,10,40,0,30
cifar10_lenet5,364,"[1, 4, 0, 4]",61.466666666666669,1.0794113896687825,8.1544439048081596,"[10.0, 40.0, 0.0, 40.0]",1.6654480160309744,1.4339035769828929,0.081544439048081604,0.15000000000000002,1.5154480160309742,False,902,0.30424710424710427,False,False,10,40,0,40
cifar10_lenet5,365,"[1, 4, 0, 5]",61.466666666666669,1.0777685877482097,11.418164157357941,"[10.0, 40.0, 0.0, 60.0]",1.7480852185564724,1.4339035769828929,0.11418164157357941,0.20000000000000001,1.5480852185564722,False,718,0.44633204633204632,False,False,10,40,0,60
cifar10_lenet5,366,"[1, 4, 1, 0]",61.399999999999999,1.0699882888793946,9.3977659057795044,"[10.0, 40.0, 10.0, 0.0]",1.6763260260873443,1.4323483670295492,0.093977659057795052,0.15000000000000002,1.5263260260873439,False,880,0.32123552123552124,False,False,10,40,10,0
cifar10_lenet5,367,"[1, 4, 1, 1]",61.5,1.0688937352498373,11.029626032054395,"[10.0, 40.0, 10.0, 10.0]",1.6449774422801087,1.4346811819595646,0.11029626032054396,0.10000000000000001,1.5449774422801086,False,942,0.27335907335907333,False,False,10,40,10,10
cifar10_lenet5,368,"[1, 4, 1, 2]",61.266666666666666,1.0723698094685872,12.661486158329286,"[10.0, 40.0, 10.0, 20.0]",1.7058528087061546,1.4292379471228616,0.12661486158329285,0.15000000000000002,1.5558528087061547,False,803,0.3806949806949807,False,False,10,40,10,20
cifar10_lenet5,369,"[1, 4, 1, 3]",61.366666666666667,1.0705310084025066,14.293346284604176,"[10.0, 40.0, 10.0, 30.0]",1.7245042248989186,1.431570762052877,0.14293346284604178,0.15000000000000002,1.5745042248989189,False,767,0.40849420849420848,False,False,10,40,10,30
cifar10_lenet5,370,"[1, 4, 1, 4]",61.299999999999997,1.0790501047770182,15.925206410879067,"[10.0, 40.0, 10.0, 40.0]",1.6892676162083242,1.4300155520995335,0.15925206410879067,0.10000000000000001,1.5892676162083239,False,848,0.34594594594594597,False,False,10,40,10,40
cifar10_lenet5,371,"[1, 4, 1, 5]",61.399999999999999,1.0772876332600911,19.188926663428848,"[10.0, 40.0, 10.0, 60.0]",1.7742376336638377,1.4323483670295492,0.19188926663428849,0.15000000000000002,1.6242376336638373,False,653,0.49652509652509652,False,False,10,40,10,60
cifar10_lenet5,372,"[1, 4, 2, 0]",61.466666666666669,1.0691962890625,17.168528411850414,"[10.0, 40.0, 20.0, 0.0]",1.805588861101397,1.4339035769828929,0.17168528411850414,0.20000000000000001,1.6055888611013969,False,573,0.55830115830115834,False,False,10,40,20,0
cifar10_lenet5,373,"[1, 4, 2, 1]",61.233333333333334,1.0682290725708008,18.800388538125304,"[10.0, 40.0, 20.0, 10.0]",1.7664642275274431,1.4284603421461899,0.18800388538125304,0.15000000000000002,1.6164642275274428,False,675,0.47953667953667956,False,False,10,40,20,10
cifar10_lenet5,374,"[1, 4, 2, 2]",61.233333333333334,1.0717094268798828,20.432248664400195,"[10.0, 40.0, 20.0, 20.0]",1.7827828287901917,1.4284603421461899,0.20432248664400196,0.15000000000000002,1.6327828287901915,False,631,0.51351351351351349,False,False,10,40,20,20
cifar10_lenet5,375,"[1, 4, 2, 3]",61.5,1.0696213709513347,22.064108790675085,"[10.0, 40.0, 20.0, 30.0]",1.8553222698663154,1.4346811819595646,0.22064108790675085,0.20000000000000001,1.6553222698663155,False,452,0.65173745173745179,False,False,10,40,20,30
cifar10_lenet5,376,"[1, 4, 2, 4]",61.533333333333331,1.0782995630900065,23.695968916949976,"[10.0, 40.0, 20.0, 40.0]",1.822418476105736,1.4354587869362363,0.23695968916949978,0.15000000000000002,1.6724184761057364,False,532,0.58996138996138991,False,False,10,40,20,40
cifar10_lenet5,377,"[1, 4, 2, 5]",61.43333333333333,1.0780932235717773,26.959689169499757,"[10.0, 40.0, 20.0, 60.0]",1.9027228637012183,1.4331259720062208,0.26959689169499756,0.20000000000000001,1.7027228637012184,False,341,0.73745173745173742,False,False,10,40,20,60
cifar10_lenet5,378,"[1, 4, 3, 0]",61.200000000000003,1.0738138198852538,24.939290917921323,"[10.0, 40.0, 30.0, 0.0]",1.8770756463487313,1.427682737169518,0.24939290917921322,0.20000000000000001,1.6770756463487315,False,403,0.68957528957528957,False,False,10,40,30,0
cifar10_lenet5,379,"[1, 4, 3, 1]",61.133333333333333,1.0727385762532553,26.571151044196213,"[10.0, 40.0, 30.0, 10.0]",1.8418390376581364,1.4261275272161744,0.26571151044196212,0.15000000000000002,1.6918390376581363,False,483,0.62779922779922781,False,False,10,40,30,10
cifar10_lenet5,380,"[1, 4, 3, 2]",61.233333333333334,1.0760768102010092,28.203011170471104,"[10.0, 40.0, 30.0, 20.0]",1.9104904538509009,1.4284603421461899,0.28203011170471104,0.20000000000000001,1.7104904538509007,False,326,0.74903474903474898,False,False,10,40,30,20
cifar10_lenet5,381,"[1, 4, 3, 3]",61.43333333333333,1.0743207728068034,29.834871296745995,"[10.0, 40.0, 30.0, 30.0]",1.8814746849736808,1.4331259720062208,0.29834871296745996,0.15000000000000002,1.7314746849736808,False,388,0.70115830115830113,False,False,10,40,30,30
cifar10_lenet5,382,"[1, 4, 3, 4]",61.266666666666666,1.0841916402180989,31.466731423020885,"[10.0, 40.0, 30.0, 40.0]",1.8939052613530705,1.4292379471228616,0.31466731423020888,0.15000000000000002,1.7439052613530706,False,358,0.72432432432432436,False,False,10,40,30,40
cifar10_lenet5,383,"[1, 4, 3, 5]",61.366666666666667,1.082921475728353,34.730451675570663,"[10.0, 40.0, 30.0, 60.0]",1.9788752788085835,1.431570762052877,0.34730451675570662,0.20000000000000001,1.778875278808584,False,222,0.82934362934362937,False,False,10,40,30,60
cifar10_lenet5,384,"[1, 4, 4, 0]",61.100000000000001,1.0952753067016601,32.710053423992228,"[10.0, 40.0, 40.0, 0.0]",1.9024504564794245,1.4253499222395023,0.3271005342399223,0.15000000000000002,1.7524504564794248,False,343,0.73590733590733592,False,False,10,40,40,0
cifar10_lenet5,385,"[1, 4, 4, 1]",61.06666666666667,1.0941714680989583,34.341913550267122,"[10.0, 40.0, 40.0, 10.0]",1.8679914527655019,1.4245723172628306,0.34341913550267122,0.10000000000000001,1.7679914527655018,False,421,0.67567567567567566,False,False,10,40,40,10
cifar10_lenet5,386,"[1, 4, 4, 2]",61.06666666666667,1.0972429072062175,35.97377367654201,"[10.0, 40.0, 40.0, 20.0]",1.9343100540282507,1.4245723172628306,0.35973773676542009,0.15000000000000002,1.7843100540282508,False,286,0.77992277992277992,False,False,10,40,40,20
cifar10_lenet5,387,"[1, 4, 4, 3]",61.200000000000003,1.0944359436035156,37.605633802816904,"[10.0, 40.0, 40.0, 30.0]",1.9537390751976869,1.427682737169518,0.37605633802816907,0.15000000000000002,1.8037390751976874,False,256,0.80308880308880304,False,False,10,40,40,30
cifar10_lenet5,388,"[1, 4, 4, 4]",60.93333333333333,1.1061285730997721,39.237493929091791,"[10.0, 40.0, 40.0, 40.0]",1.9138368366470611,1.421461897356143,0.39237493929091793,0.10000000000000001,1.813836836647061,False,317,0.75598455598455594,False,False,10,40,40,40
cifar10_lenet5,389,"[1, 4, 4, 5]",60.666666666666664,1.1025305099487304,42.501214181641572,"[10.0, 40.0, 40.0, 60.0]",1.9902531993591839,1.4152410575427683,0.42501214181641572,0.15000000000000002,1.840253199359184,False,206,0.84169884169884168,False,False,10,40,40,60
cifar10_lenet5,390,"[1, 4, 5, 0]",59.166666666666664,1.1189839324951172,48.251578436134047,"[10.0, 40.0, 60.0, 0.0]",2.0627646179538757,1.3802488335925349,0.48251578436134046,0.20000000000000001,1.8627646179538755,False,123,0.9057915057915058,False,False,10,40,60,0
cifar10_lenet5,391,"[1, 4, 5, 1]",59.200000000000003,1.1186776860555012,49.883438562408934,"[10.0, 40.0, 60.0, 10.0]",2.0298608241932965,1.381026438569207,0.49883438562408933,0.15000000000000002,1.8798608241932964,False,160,0.87722007722007722,False,False,10,40,60,10
cifar10_lenet5,392,"[1, 4, 5, 2]",58.93333333333333,1.1222036997477214,51.515298688683828,"[10.0, 40.0, 60.0, 20.0]",2.0899585856426706,1.3748055987558321,0.5151529868868383,0.20000000000000001,1.8899585856426702,False,80,0.93899613899613898,False,False,10,40,60,20
cifar10_lenet5,393,"[1, 4, 5, 3]",59.533333333333331,1.1169977238972981,53.147158814958715,"[10.0, 40.0, 60.0, 30.0]",2.1202740764855128,1.3888024883359253,0.53147158814958717,0.20000000000000001,1.9202740764855126,False,49,0.96293436293436296,False,False,10,40,60,30
cifar10_lenet5,394,"[1, 4, 5, 4]",58.766666666666666,1.1272709884643555,54.779018941233609,"[10.0, 40.0, 60.0, 40.0]",2.068707763284809,1.3709175738724728,0.54779018941233615,0.15000000000000002,1.9187077632848091,False,116,0.91119691119691115,False,False,10,40,60,40
cifar10_lenet5,395,"[1, 4, 5, 5]",58.866666666666667,1.1346930821736654,58.04273919378339,"[10.0, 40.0, 60.0, 60.0]",2.103677780740322,1.3732503888024883,0.58042739193783388,0.15000000000000002,1.9536777807403221,False,68,0.9482625482625483,True,True,10,40,60,60
cifar10_lenet5,396,"[1, 5, 0, 0]",55.100000000000001,1.3030334218343098,2.4040796503156874,"[10.0, 60.0, 0.0, 0.0]",1.4594218229417262,1.2853810264385692,0.024040796503156873,0.15000000000000002,1.3094218229417263,False,1154,0.10965250965250965,False,False,10,60,0,0
cifar10_lenet5,397,"[1, 5, 0, 1]",55.033333333333331,1.306618054707845,4.0359397765905776,"[10.0, 60.0, 0.0, 10.0]",1.4741852142511314,1.2838258164852256,0.040359397765905775,0.15000000000000002,1.3241852142511312,False,1140,0.12046332046332046,False,False,10,60,0,10
cifar10_lenet5,398,"[1, 5, 0, 2]",54.899999999999999,1.313687515258789,5.6677999028654691,"[10.0, 60.0, 0.0, 20.0]",1.5373933956071928,1.2807153965785381,0.056677999028654689,0.20000000000000001,1.3373933956071928,False,1092,0.15752895752895754,False,False,10,60,0,20
cifar10_lenet5,399,"[1, 5, 0, 3]",55,1.3041069107055665,7.2996600291403597,"[10.0, 60.0, 0.0, 30.0]",1.5560448117999572,1.2830482115085537,0.072996600291403604,0.20000000000000001,1.3560448117999573,False,1073,0.17220077220077221,False,False,10,60,0,30
cifar10_lenet5,400,"[1, 5, 0, 4]",55.56666666666667,1.2905913747151694,8.9315201554152495,"[10.0, 60.0, 0.0, 40.0]",1.5855826976661276,1.2962674961119751,0.089315201554152499,0.20000000000000001,1.3855826976661278,False,1037,0.20000000000000001,False,False,10,60,0,40
cifar10_lenet5,401,"[1, 5, 0, 5]",53.866666666666667,1.3094746398925781,12.195240407965031,"[10.0, 60.0, 0.0, 60.0]",1.528562046381361,1.2566096423017108,0.12195240407965031,0.15000000000000002,1.378562046381361,False,1103,0.14903474903474903,False,False,10,60,0,60
cifar10_lenet5,402,"[1, 5, 1, 0]",55,1.3022082850138346,10.174842156386596,"[10.0, 60.0, 10.0, 0.0]",1.5347966330724199,1.2830482115085537,0.10174842156386596,0.15000000000000002,1.3847966330724197,False,1094,0.15598455598455599,False,False,10,60,10,0
cifar10_lenet5,403,"[1, 5, 1, 1]",55.06666666666667,1.3057726643880208,11.806702282661487,"[10.0, 60.0, 10.0, 10.0]",1.5026704442885126,1.2846034214618975,0.11806702282661487,0.10000000000000001,1.4026704442885125,False,1113,0.14131274131274132,False,False,10,60,10,10
cifar10_lenet5,404,"[1, 5, 1, 2]",54.766666666666666,1.3128146336873372,13.438562408936377,"[10.0, 60.0, 10.0, 20.0]",1.5619906007612143,1.2776049766718507,0.13438562408936378,0.15000000000000002,1.4119906007612146,False,1065,0.17837837837837839,False,False,10,60,10,20
cifar10_lenet5,405,"[1, 5, 1, 3]",54.799999999999997,1.3032932001749675,15.070422535211268,"[10.0, 60.0, 10.0, 30.0]",1.5790868070006354,1.2783825816485226,0.15070422535211267,0.15000000000000002,1.4290868070006351,False,1046,0.19305019305019305,False,False,10,60,10,30
cifar10_lenet5,406,"[1, 5, 1, 4]",55.5,1.2896194000244141,16.702282661486159,"[10.0, 60.0, 10.0, 40.0]",1.6117351127734931,1.2947122861586315,0.16702282661486159,0.15000000000000002,1.4617351127734932,False,1006,0.22393822393822393,False,False,10,60,10,40
cifar10_lenet5,407,"[1, 5, 1, 5]",54,1.3084154968261719,19.96600291403594,"[10.0, 60.0, 10.0, 60.0]",1.5593800913487577,1.2597200622083982,0.19966002914035941,0.10000000000000001,1.4593800913487576,False,1068,0.17606177606177606,False,False,10,60,10,60
cifar10_lenet5,408,"[1, 5, 2, 0]",55.033333333333331,1.2968167317708332,17.945604662457505,"[10.0, 60.0, 20.0, 0.0]",1.6632818631098008,1.2838258164852256,0.17945604662457507,0.20000000000000001,1.4632818631098006,False,906,0.30115830115830117,False,False,10,60,20,0
cifar10_lenet5,409,"[1, 5, 2, 1]",55.033333333333331,1.3004934285481771,19.577464788732396,"[10.0, 60.0, 20.0, 10.0]",1.6296004643725497,1.2838258164852256,0.19577464788732396,0.15000000000000002,1.4796004643725493,False,974,0.24864864864864866,False,False,10,60,20,10
cifar10_lenet5,410,"[1, 5, 2, 2]",54.899999999999999,1.3075481287638346,21.209324915007286,"[10.0, 60.0, 20.0, 20.0]",1.6428086457286111,1.2807153965785381,0.21209324915007288,0.15000000000000002,1.4928086457286109,False,950,0.26718146718146718,False,False,10,60,20,20
cifar10_lenet5,411,"[1, 5, 2, 3]",55.06666666666667,1.2974088389078775,22.841185041282177,"[10.0, 60.0, 20.0, 30.0]",1.7130152718747194,1.2846034214618975,0.22841185041282178,0.20000000000000001,1.5130152718747194,False,790,0.39073359073359071,False,False,10,60,20,30
cifar10_lenet5,412,"[1, 5, 2, 4]",55.5,1.2846021321614582,24.473045167557068,"[10.0, 60.0, 20.0, 40.0]",1.7394427378342021,1.2947122861586315,0.24473045167557067,0.20000000000000001,1.5394427378342022,False,738,0.4308880308880309,False,False,10,60,20,40
cifar10_lenet5,413,"[1, 5, 2, 5]",54.200000000000003,1.3039792633056642,27.736765420106849,"[10.0, 60.0, 20.0, 60.0]",1.6917533462694982,1.2643856920684295,0.27736765420106851,0.15000000000000002,1.5417533462694981,False,843,0.34980694980694982,False,False,10,60,20,60
cifar10_lenet5,414,"[1, 5, 3, 0]",55.700000000000003,1.284739741007487,25.716367168528411,"[10.0, 60.0, 30.0, 0.0]",1.7565415877039467,1.2993779160186627,0.25716367168528409,0.20000000000000001,1.5565415877039468,False,704,0.45714285714285713,False,False,10,60,30,0
cifar10_lenet5,415,"[1, 5, 3, 1]",55.600000000000001,1.288183209737142,27.348227294803301,"[10.0, 60.0, 30.0, 10.0]",1.72052737403668,1.297045101088647,0.27348227294803301,0.15000000000000002,1.5705273740366801,False,777,0.40077220077220077,False,False,10,60,30,10
cifar10_lenet5,416,"[1, 5, 3, 2]",55.233333333333334,1.2947857131958007,28.980087421078192,"[10.0, 60.0, 30.0, 20.0]",1.7782923205560384,1.2884914463452566,0.28980087421078193,0.20000000000000001,1.5782923205560384,False,642,0.50501930501930503,False,False,10,60,30,20
cifar10_lenet5,417,"[1, 5, 3, 3]",55.466666666666669,1.2848971430460612,30.611947547353083,"[10.0, 60.0, 30.0, 30.0]",1.7500541566554904,1.2939346811819596,0.30611947547353086,0.15000000000000002,1.6000541566554904,False,713,0.45019305019305017,False,False,10,60,30,30
cifar10_lenet5,418,"[1, 5, 3, 4]",55.466666666666669,1.2733259048461913,32.243807673627977,"[10.0, 60.0, 30.0, 40.0]",1.8163727579182394,1.2939346811819596,0.32243807673627978,0.20000000000000001,1.6163727579182394,False,547,0.57837837837837835,False,False,10,60,30,40
cifar10_lenet5,419,"[1, 5, 3, 5]",54.100000000000001,1.2933108062744141,35.507527926177758,"[10.0, 60.0, 30.0, 60.0]",1.7671281564001911,1.2620528771384136,0.35507527926177757,0.15000000000000002,1.6171281564001914,False,672,0.48185328185328186,False,False,10,60,30,60
cifar10_lenet5,420,"[1, 5, 4, 0]",55.533333333333331,1.2947982864379883,33.487129674599323,"[10.0, 60.0, 40.0, 0.0]",1.8303611878812964,1.2954898911353032,0.33487129674599325,0.20000000000000001,1.6303611878812965,False,513,0.60463320463320458,False,False,10,60,40,0
cifar10_lenet5,421,"[1, 5, 4, 1]",55.333333333333336,1.2983682708740234,35.118989800874211,"[10.0, 60.0, 40.0, 10.0]",1.7920141592840144,1.2908242612752723,0.35118989800874212,0.15000000000000002,1.6420141592840145,False,604,0.53436293436293436,False,False,10,60,40,10
cifar10_lenet5,422,"[1, 5, 4, 2]",54.799999999999997,1.3051285069783529,36.750849927149105,"[10.0, 60.0, 40.0, 20.0]",1.8458910809200135,1.2783825816485226,0.36750849927149104,0.20000000000000001,1.6458910809200133,False,474,0.63474903474903477,False,False,10,60,40,20
cifar10_lenet5,423,"[1, 5, 4, 3]",55.600000000000001,1.2942198053995768,38.382710053423992,"[10.0, 60.0, 40.0, 30.0]",1.8808722016228869,1.297045101088647,0.38382710053423991,0.20000000000000001,1.680872201622887,False,390,0.69961389961389964,False,False,10,60,40,30
cifar10_lenet5,424,"[1, 5, 4, 4]",55.56666666666667,1.2832428538004557,40.014570179698886,"[10.0, 60.0, 40.0, 40.0]",1.846413197908964,1.2962674961119751,0.40014570179698888,0.15000000000000002,1.6964131979089643,False,471,0.63706563706563701,False,False,10,60,40,40
cifar10_lenet5,425,"[1, 5, 4, 5]",54.100000000000001,1.3048690032958985,43.278290432248667,"[10.0, 60.0, 40.0, 60.0]",1.8448357814609002,1.2620528771384136,0.43278290432248667,0.15000000000000002,1.6948357814609005,False,476,0.63320463320463316,False,False,10,60,40,60
cifar10_lenet5,426,"[1, 5, 5, 0]",52.733333333333334,1.34609548441569,49.028654686741135,"[10.0, 60.0, 60.0, 0.0]",1.8704576199622793,1.2301710730948678,0.49028654686741135,0.15000000000000002,1.7204576199622792,False,414,0.68108108108108112,False,False,10,60,60,0
cifar10_lenet5,427,"[1, 5, 5, 1]",52.633333333333333,1.3506314341227215,50.660514813016029,"[10.0, 60.0, 60.0, 10.0]",1.8344434062950128,1.2278382581648524,0.50660514813016033,0.10000000000000001,1.7344434062950127,False,504,0.61158301158301154,False,False,10,60,60,10
cifar10_lenet5,428,"[1, 5, 5, 2]",52.333333333333336,1.357729248046875,52.292374939290916,"[10.0, 60.0, 60.0, 20.0]",1.893763562767715,1.2208398133748057,0.5229237493929092,0.15000000000000002,1.743763562767715,False,359,0.72355212355212351,False,False,10,60,60,20
cifar10_lenet5,429,"[1, 5, 5, 3]",52.5,1.343210225423177,53.92423506556581,"[10.0, 60.0, 60.0, 30.0]",1.9139701889138228,1.2247278382581648,0.53924235065565806,0.15000000000000002,1.7639701889138231,False,316,0.7567567567567568,False,False,10,60,60,30
cifar10_lenet5,430,"[1, 5, 5, 4]",52.766666666666666,1.3330184275309245,55.556095191840697,"[10.0, 60.0, 60.0, 40.0]",1.9365096299899465,1.2309486780715395,0.55556095191840693,0.15000000000000002,1.7865096299899466,False,279,0.78532818532818538,False,False,10,60,60,40
cifar10_lenet5,431,"[1, 5, 5, 5]",51.633333333333333,1.3635962320963542,58.819815444390478,"[10.0, 60.0, 60.0, 60.0]",1.8927082633086016,1.2045101088646968,0.58819815444390477,0.10000000000000001,1.7927082633086016,False,361,0.72200772200772201,True,True,10,60,60,60
cifar10_lenet5,432,"[2, 0, 0, 0]",63.799999999999997,1.0222123298645021,0.14570179698882954,"[20.0, 0.0, 0.0, 0.0]",1.5897929433198106,1.4883359253499222,0.0014570179698882954,0.10000000000000001,1.4897929433198105,False,1033,0.20308880308880309,False,False,20,0,0,0
cifar10_lenet5,433,"[2, 0, 0, 1]",63.700000000000003,1.0225814730326335,1.7775619232637203,"[20.0, 0.0, 0.0, 10.0]",1.6537787296525441,1.4860031104199067,0.017775619232637204,0.15000000000000002,1.5037787296525442,False,928,0.28416988416988415,False,False,20,0,0,10
cifar10_lenet5,434,"[2, 0, 0, 2]",63.700000000000003,1.0244961242675781,3.4094220495386112,"[20.0, 0.0, 0.0, 20.0]",1.6200973309152928,1.4860031104199067,0.034094220495386116,0.10000000000000001,1.520097330915293,False,994,0.23320463320463319,False,False,20,0,0,20
cifar10_lenet5,435,"[2, 0, 0, 3]",63.766666666666666,1.0233441162109376,5.0412821758135014,"[20.0, 0.0, 0.0, 30.0]",1.6879711421313854,1.4875583203732505,0.050412821758135017,0.15000000000000002,1.5379711421313855,False,854,0.34131274131274131,False,False,20,0,0,30
cifar10_lenet5,436,"[2, 0, 0, 4]",63.233333333333334,1.0268961499532063,6.673142302088392,"[20.0, 0.0, 0.0, 40.0]",1.6918480637673849,1.4751166407465008,0.066731423020883918,0.15000000000000002,1.5418480637673848,False,842,0.35057915057915057,False,False,20,0,0,40
cifar10_lenet5,437,"[2, 0, 0, 5]",62.733333333333334,1.0368977711995442,9.9368625546381733,"[20.0, 0.0, 0.0, 60.0]",1.7128211916428047,1.463452566096423,0.099368625546381734,0.15000000000000002,1.5628211916428048,False,792,0.38918918918918921,False,False,20,0,0,60
cifar10_lenet5,438,"[2, 0, 1, 0]",63.733333333333334,1.0219082069396972,7.9164643030597377,"[20.0, 0.0, 10.0, 0.0]",1.715945358427176,1.4867807153965786,0.079164643030597379,0.15000000000000002,1.5659453584271759,False,783,0.39613899613899611,False,False,20,0,10,0
cifar10_lenet5,439,"[2, 0, 1, 1]",63.666666666666664,1.0222768465677896,9.5483244293346292,"[20.0, 0.0, 10.0, 10.0]",1.7307087497365812,1.4852255054432348,0.0954832442933463,0.15000000000000002,1.580708749736581,False,753,0.41930501930501929,False,False,20,0,10,10
cifar10_lenet5,440,"[2, 0, 1, 2]",63.666666666666664,1.024193790435791,11.18018455560952,"[20.0, 0.0, 10.0, 20.0]",1.7470273509993302,1.4852255054432348,0.11180184555609519,0.15000000000000002,1.59702735099933,False,720,0.44478764478764476,False,False,20,0,10,20
cifar10_lenet5,441,"[2, 0, 1, 3]",63.833333333333336,1.0230793647766114,12.81204468188441,"[20.0, 0.0, 10.0, 30.0]",1.8172339771454382,1.4891135303265941,0.1281204468188441,0.20000000000000001,1.6172339771454383,False,544,0.58069498069498071,False,False,20,0,10,30
cifar10_lenet5,442,"[2, 0, 1, 4]",63.466666666666669,1.026496701558431,14.443904808159301,"[20.0, 0.0, 10.0, 40.0]",1.8249989236647968,1.4805598755832039,0.14443904808159302,0.20000000000000001,1.6249989236647968,False,526,0.59459459459459463,False,False,20,0,10,40
cifar10_lenet5,443,"[2, 0, 1, 5]",62.733333333333334,1.0365737673441568,17.707625060709081,"[20.0, 0.0, 10.0, 60.0]",1.8405288167035139,1.463452566096423,0.17707625060709081,0.20000000000000001,1.6405288167035139,False,487,0.62471042471042471,False,False,20,0,10,60
cifar10_lenet5,444,"[2, 0, 2, 0]",63.700000000000003,1.0239575157165528,15.687226809130646,"[20.0, 0.0, 20.0, 0.0]",1.7428753785112132,1.4860031104199067,0.15687226809130647,0.10000000000000001,1.6428753785112133,False,730,0.43706563706563706,False,False,20,0,20,0
cifar10_lenet5,445,"[2, 0, 2, 1]",63.600000000000001,1.0244398943583171,17.319086935405537,"[20.0, 0.0, 20.0, 10.0]",1.8068611648439465,1.4836702954898913,0.17319086935405537,0.15000000000000002,1.6568611648439466,False,569,0.56138996138996144,False,False,20,0,20,10
cifar10_lenet5,446,"[2, 0, 2, 2]",63.833333333333336,1.0263816159566244,18.950947061680427,"[20.0, 0.0, 20.0, 20.0]",1.7786230009433985,1.4891135303265941,0.18950947061680429,0.10000000000000001,1.6786230009433984,False,640,0.50656370656370653,False,False,20,0,20,20
cifar10_lenet5,447,"[2, 0, 2, 3]",63.733333333333334,1.0249455502827962,20.582807187955318,"[20.0, 0.0, 20.0, 30.0]",1.8426087872761316,1.4867807153965786,0.20582807187955318,0.15000000000000002,1.6926087872761315,False,481,0.62934362934362931,False,False,20,0,20,30
cifar10_lenet5,448,"[2, 0, 2, 4]",63.43333333333333,1.0285251388549805,22.214667314230208,"[20.0, 0.0, 20.0, 40.0]",1.8519289437488342,1.479782270606532,0.22214667314230208,0.15000000000000002,1.7019289437488339,False,460,0.64555984555984558,False,False,20,0,20,40
cifar10_lenet5,449,"[2, 0, 2, 5]",62.899999999999999,1.0398448537190754,25.47838756677999,"[20.0, 0.0, 20.0, 60.0]",1.8721244666475823,1.4673405909797823,0.25478387566779992,0.15000000000000002,1.7221244666475823,False,411,0.68339768339768336,False,False,20,0,20,60
cifar10_lenet5,450,"[2, 0, 3, 0]",63.56666666666667,1.0271462783813476,23.457989315201555,"[20.0, 0.0, 30.0, 0.0]",1.8674725836652351,1.4828926905132194,0.23457989315201555,0.15000000000000002,1.7174725836652351,False,423,0.67413127413127416,False,False,20,0,30,0
cifar10_lenet5,451,"[2, 0, 3, 1]",63.333333333333336,1.027486291249593,25.089849441476446,"[20.0, 0.0, 30.0, 10.0]",1.928347950091281,1.4774494556765165,0.25089849441476447,0.20000000000000001,1.7283479500912808,False,294,0.77374517374517371,False,False,20,0,30,10
cifar10_lenet5,452,"[2, 0, 3, 2]",63.466666666666669,1.0293260243733724,26.721709567751336,"[20.0, 0.0, 30.0, 20.0]",1.8977769712607171,1.4805598755832039,0.26721709567751339,0.15000000000000002,1.7477769712607172,False,349,0.73127413127413132,False,False,20,0,30,20
cifar10_lenet5,453,"[2, 0, 3, 3]",63.533333333333331,1.0280762112935384,28.353569694026227,"[20.0, 0.0, 30.0, 30.0]",1.9156507824768099,1.4821150855365475,0.28353569694026226,0.15000000000000002,1.7656507824768097,False,313,0.75907335907335904,False,False,20,0,30,30
cifar10_lenet5,454,"[2, 0, 3, 4]",63.766666666666666,1.032728251139323,29.985429820301118,"[20.0, 0.0, 30.0, 40.0]",1.9874126185762617,1.4875583203732505,0.29985429820301118,0.20000000000000001,1.7874126185762618,False,211,0.83783783783783783,False,False,20,0,30,40
cifar10_lenet5,455,"[2, 0, 3, 5]",62.866666666666667,1.0427760264078776,33.249150072850895,"[20.0, 0.0, 30.0, 60.0]",1.9990544867316193,1.4665629860031104,0.33249150072850897,0.20000000000000001,1.7990544867316194,False,196,0.84942084942084939,False,False,20,0,30,60
cifar10_lenet5,456,"[2, 0, 4, 0]",63.200000000000003,1.0394263165791831,31.228751821272461,"[20.0, 0.0, 40.0, 0.0]",1.9366265539825536,1.4743390357698289,0.3122875182127246,0.15000000000000002,1.7866265539825537,False,278,0.78610038610038613,False,False,20,0,40,0
cifar10_lenet5,457,"[2, 0, 4, 1]",63.133333333333333,1.0397380790710449,32.860611947547355,"[20.0, 0.0, 40.0, 10.0]",2.001389945291959,1.4727838258164854,0.32860611947547358,0.20000000000000001,1.8013899452919588,False,192,0.85250965250965249,False,False,20,0,40,10
cifar10_lenet5,458,"[2, 0, 4, 2]",62.899999999999999,1.0412323366800944,34.492472073822242,"[20.0, 0.0, 40.0, 20.0]",1.9622653117180047,1.4673405909797823,0.34492472073822245,0.15000000000000002,1.8122653117180048,False,243,0.8131274131274131,False,False,20,0,40,20
cifar10_lenet5,459,"[2, 0, 4, 3]",63.200000000000003,1.0387881189982096,36.124332200097136,"[20.0, 0.0, 40.0, 30.0]",2.0355823577708003,1.4743390357698289,0.36124332200097137,0.20000000000000001,1.8355823577708006,False,156,0.88030888030888033,False,False,20,0,40,30
cifar10_lenet5,460,"[2, 0, 4, 4]",63.533333333333331,1.0450306612650553,37.756192326372023,"[20.0, 0.0, 40.0, 40.0]",2.0096770088002676,1.4821150855365475,0.37756192326372023,0.15000000000000002,1.8596770088002677,False,182,0.8602316602316602,False,False,20,0,40,40
cifar10_lenet5,461,"[2, 0, 4, 5]",62.600000000000001,1.0546531639099122,41.019912578921804,"[20.0, 0.0, 40.0, 60.0]",2.070541271978954,1.4603421461897357,0.41019912578921808,0.20000000000000001,1.8705412719789538,False,112,0.91428571428571426,False,False,20,0,40,60
cifar10_lenet5,462,"[2, 0, 5, 0]",61.866666666666667,1.0838523623148599,46.770276833414279,"[20.0, 0.0, 60.0, 0.0]",2.0609376050370978,1.4432348367029548,0.46770276833414282,0.15000000000000002,1.9109376050370976,False,124,0.90501930501930505,False,False,20,0,60,0
cifar10_lenet5,463,"[2, 0, 5, 1]",61.866666666666667,1.0851280695597332,48.402136959689166,"[20.0, 0.0, 60.0, 10.0]",2.1272562062998466,1.4432348367029548,0.48402136959689168,0.20000000000000001,1.9272562062998464,False,44,0.96679536679536682,False,False,20,0,60,10
cifar10_lenet5,464,"[2, 0, 5, 2]",61.666666666666664,1.0869000701904297,50.03399708596406,"[20.0, 0.0, 60.0, 20.0]",2.0889091777025643,1.4385692068429237,0.50033997085964066,0.15000000000000002,1.9389091777025644,False,83,0.93667953667953663,False,False,20,0,60,20
cifar10_lenet5,465,"[2, 0, 5, 3]",61.666666666666664,1.082187515258789,51.665857212238954,"[20.0, 0.0, 60.0, 30.0]",2.1552277789653131,1.4385692068429237,0.51665857212238953,0.20000000000000001,1.9552277789653134,False,22,0.98378378378378384,False,False,20,0,60,30
cifar10_lenet5,466,"[2, 0, 5, 4]",61.399999999999999,1.0891006278991699,53.297717338513841,"[20.0, 0.0, 60.0, 40.0]",2.1653255404146878,1.4323483670295492,0.53297717338513839,0.20000000000000001,1.9653255404146872,False,16,0.98841698841698844,False,False,20,0,60,40
cifar10_lenet5,467,"[2, 0, 5, 5]",60.833333333333336,1.1077489280700683,56.561437591063623,"[20.0, 0.0, 60.0, 60.0]",2.1347434583367639,1.4191290824261276,0.56561437591063624,0.15000000000000002,1.9847434583367638,False,38,0.97142857142857142,False,False,20,0,60,60
cifar10_lenet5,468,"[2, 1, 0, 0]",63.799999999999997,1.0227186508178712,0.53423992229237494,"[20.0, 10.0, 0.0, 0.0]",1.6436783245728459,1.4883359253499222,0.0053423992229237492,0.15000000000000002,1.493678324572846,False,946,0.27027027027027029,False,False,20,10,0,0
cifar10_lenet5,469,"[2, 1, 0, 1]",63.466666666666669,1.0232262674967447,2.1661000485672655,"[20.0, 10.0, 0.0, 10.0]",1.6522208760688764,1.4805598755832039,0.021661000485672655,0.15000000000000002,1.5022208760688764,False,929,0.2833976833976834,False,False,20,10,0,10
cifar10_lenet5,470,"[2, 1, 0, 2]",63.600000000000001,1.0254808540344238,3.7979601748421565,"[20.0, 10.0, 0.0, 20.0]",1.6716498972383129,1.4836702954898913,0.037979601748421569,0.15000000000000002,1.5216498972383128,False,888,0.31505791505791508,False,False,20,10,0,20
cifar10_lenet5,471,"[2, 1, 0, 3]",63.966666666666669,1.0236996625264485,5.4298203011170472,"[20.0, 10.0, 0.0, 30.0]",1.7465221532444521,1.4922239502332817,0.054298203011170471,0.20000000000000001,1.5465221532444522,False,721,0.44401544401544402,False,False,20,10,0,30
cifar10_lenet5,472,"[2, 1, 0, 4]",63.766666666666666,1.0272975133260092,7.0616804273919378,"[20.0, 10.0, 0.0, 40.0]",1.75817512464717,1.4875583203732505,0.070616804273919379,0.20000000000000001,1.55817512464717,False,698,0.46177606177606179,False,False,20,10,0,40
cifar10_lenet5,473,"[2, 1, 0, 5]",63.133333333333333,1.0370315653483073,10.325400679941719,"[20.0, 10.0, 0.0, 60.0]",1.7760378326159025,1.4727838258164854,0.10325400679941719,0.20000000000000001,1.5760378326159026,False,648,0.50038610038610043,False,False,20,10,0,60
cifar10_lenet5,474,"[2, 1, 1, 0]",63.866666666666667,1.0224277254740397,8.3050024283632826,"[20.0, 10.0, 10.0, 0.0]",1.7229411595868989,1.489891135303266,0.083050024283632826,0.15000000000000002,1.5729411595868987,False,769,0.40694980694980692,False,False,20,10,10,0
cifar10_lenet5,475,"[2, 1, 1, 1]",63.700000000000003,1.0229367179870605,9.9368625546381733,"[20.0, 10.0, 10.0, 10.0]",1.6853717359662885,1.4860031104199067,0.099368625546381734,0.10000000000000001,1.5853717359662887,False,862,0.33513513513513515,False,False,20,10,10,10
cifar10_lenet5,476,"[2, 1, 1, 2]",63.700000000000003,1.025221206665039,11.568722680913064,"[20.0, 10.0, 10.0, 20.0]",1.7016903372290375,1.4860031104199067,0.11568722680913064,0.10000000000000001,1.6016903372290376,False,811,0.37451737451737449,False,False,20,10,10,20
cifar10_lenet5,477,"[2, 1, 1, 3]",63.833333333333336,1.0234801343282063,13.200582807187955,"[20.0, 10.0, 10.0, 30.0]",1.7711193583984737,1.4891135303265941,0.13200582807187955,0.15000000000000002,1.6211193583984738,False,663,0.48880308880308881,False,False,20,10,10,30
cifar10_lenet5,478,"[2, 1, 1, 4]",63.833333333333336,1.0269246215820313,14.832442933462847,"[20.0, 10.0, 10.0, 40.0]",1.7874379596612227,1.4891135303265941,0.14832442933462847,0.15000000000000002,1.6374379596612225,False,616,0.52509652509652505,False,False,20,10,10,40
cifar10_lenet5,479,"[2, 1, 1, 5]",63.266666666666666,1.0367554461161295,18.096163186012628,"[20.0, 10.0, 10.0, 60.0]",1.806855877583299,1.4758942457231727,0.18096163186012629,0.15000000000000002,1.6568558775832991,False,570,0.56061776061776059,False,False,20,10,10,60
cifar10_lenet5,480,"[2, 1, 2, 0]",63.733333333333334,1.0246250712076823,16.07576493443419,"[20.0, 10.0, 20.0, 0.0]",1.7975383647409204,1.4867807153965786,0.16075764934434189,0.15000000000000002,1.6475383647409203,False,592,0.54362934362934368,False,False,20,10,20,0
cifar10_lenet5,481,"[2, 1, 2, 1]",63.666666666666664,1.0252622299194336,17.707625060709081,"[20.0, 10.0, 20.0, 10.0]",1.7623017560503258,1.4852255054432348,0.17707625060709081,0.10000000000000001,1.6623017560503257,False,688,0.46949806949806949,False,False,20,10,20,10
cifar10_lenet5,482,"[2, 1, 2, 2]",63.733333333333334,1.0276169598897298,19.339485186983971,"[20.0, 10.0, 20.0, 20.0]",1.7801755672664183,1.4867807153965786,0.19339485186983971,0.10000000000000001,1.680175567266418,False,633,0.51196911196911199,False,False,20,10,20,20
cifar10_lenet5,483,"[2, 1, 2, 3]",63.766666666666666,1.0255090255737305,20.971345313258862,"[20.0, 10.0, 20.0, 30.0]",1.847271773505839,1.4875583203732505,0.20971345313258863,0.15000000000000002,1.6972717735058391,False,470,0.63783783783783787,False,False,20,10,20,30
cifar10_lenet5,484,"[2, 1, 2, 4]",63.600000000000001,1.0290999221801758,22.603205439533752,"[20.0, 10.0, 20.0, 40.0]",1.8597023498852288,1.4836702954898913,0.22603205439533752,0.15000000000000002,1.7097023498852288,False,435,0.66486486486486485,False,False,20,10,20,40
cifar10_lenet5,485,"[2, 1, 2, 5]",62.899999999999999,1.0401891085306803,25.866925692083537,"[20.0, 10.0, 20.0, 60.0]",1.8760098479006175,1.4673405909797823,0.25866925692083537,0.15000000000000002,1.7260098479006176,False,405,0.68803088803088808,False,False,20,10,20,60
cifar10_lenet5,486,"[2, 1, 3, 0]",63.5,1.0278843116760255,23.846527440505099,"[20.0, 10.0, 30.0, 0.0]",1.9198027549649266,1.4813374805598756,0.238465274405051,0.20000000000000001,1.7198027549649266,False,305,0.76525096525096525,False,False,20,10,30,0
cifar10_lenet5,487,"[2, 1, 3, 1]",63.533333333333331,1.0283860270182292,25.47838756677999,"[20.0, 10.0, 30.0, 10.0]",1.8868989612043472,1.4821150855365475,0.25478387566779992,0.15000000000000002,1.7368989612043473,False,372,0.71351351351351355,False,False,20,10,30,10
cifar10_lenet5,488,"[2, 1, 3, 2]",63.633333333333333,1.0306089159647625,27.11024769305488,"[20.0, 10.0, 30.0, 20.0]",1.9055503773971121,1.4844479004665632,0.27110247693054879,0.15000000000000002,1.7555503773971119,False,336,0.74131274131274127,False,False,20,10,30,20
cifar10_lenet5,489,"[2, 1, 3, 3]",63.666666666666664,1.0287289492289224,28.742107819329771,"[20.0, 10.0, 30.0, 30.0]",1.9226465836365327,1.4852255054432348,0.28742107819329771,0.15000000000000002,1.7726465836365326,False,302,0.76756756756756761,False,False,20,10,30,30
cifar10_lenet5,490,"[2, 1, 3, 4]",63.833333333333336,1.0333440513610841,30.373967945604662,"[20.0, 10.0, 30.0, 40.0]",1.9928532097826406,1.4891135303265941,0.30373967945604663,0.20000000000000001,1.7928532097826406,False,203,0.84401544401544404,False,False,20,10,30,40
cifar10_lenet5,491,"[2, 1, 3, 5]",63.100000000000001,1.0432044830322265,33.637688198154443,"[20.0, 10.0, 30.0, 60.0]",2.0083831028213579,1.4720062208398135,0.33637688198154442,0.20000000000000001,1.8083831028213579,False,186,0.8571428571428571,False,False,20,10,30,60
cifar10_lenet5,492,"[2, 1, 4, 0]",63.333333333333336,1.0399835688273111,31.617289946576008,"[20.0, 10.0, 40.0, 0.0]",1.9936223551422765,1.4774494556765165,0.3161728994657601,0.20000000000000001,1.7936223551422765,False,200,0.84633204633204628,False,False,20,10,40,0
cifar10_lenet5,493,"[2, 1, 4, 1]",63.299999999999997,1.0404205576578776,33.249150072850895,"[20.0, 10.0, 40.0, 10.0]",1.9591633514283533,1.4766718506998444,0.33249150072850897,0.15000000000000002,1.8091633514283534,False,248,0.80926640926640925,False,False,20,10,40,10
cifar10_lenet5,494,"[2, 1, 4, 2]",63.033333333333331,1.0423250427246094,34.881010199125789,"[20.0, 10.0, 40.0, 20.0]",1.9692611128777275,1.4704510108864697,0.34881010199125789,0.15000000000000002,1.8192611128777276,False,233,0.82084942084942081,False,False,20,10,40,20
cifar10_lenet5,495,"[2, 1, 4, 3]",63.333333333333336,1.0392370986938477,36.512870325400677,"[20.0, 10.0, 40.0, 30.0]",2.0425781589305232,1.4774494556765165,0.36512870325400676,0.20000000000000001,1.842578158930523,False,146,0.88803088803088803,False,False,20,10,40,30
cifar10_lenet5,496,"[2, 1, 4, 4]",63.399999999999999,1.0454499460856119,38.144730451675571,"[20.0, 10.0, 40.0, 40.0]",2.0104519701466157,1.4790046656298601,0.38144730451675574,0.15000000000000002,1.8604519701466158,False,180,0.86177606177606181,False,False,20,10,40,40
cifar10_lenet5,497,"[2, 1, 4, 5]",62.700000000000003,1.054789608001709,41.408450704225352,"[20.0, 10.0, 40.0, 60.0]",2.0767594681620047,1.4626749611197511,0.41408450704225352,0.20000000000000001,1.876759468162005,False,101,0.92277992277992282,False,False,20,10,40,60
cifar10_lenet5,498,"[2, 1, 5, 0]",61.799999999999997,1.0845554924011231,47.158814958717826,"[20.0, 10.0, 60.0, 0.0]",2.1132677763367895,1.4416796267496113,0.47158814958717826,0.20000000000000001,1.9132677763367893,False,58,0.95598455598455601,False,False,20,10,60,0
cifar10_lenet5,499,"[2, 1, 5, 1]",61.799999999999997,1.085981585184733,48.790675084992714,"[20.0, 10.0, 60.0, 10.0]",2.0795863775995382,1.4416796267496113,0.48790675084992713,0.15000000000000002,1.9295863775995381,False,98,0.92509652509652507,False,False,20,10,60,10
cifar10_lenet5,500,"[2, 1, 5, 2]",61.466666666666669,1.0880952212015789,50.422535211267608,"[20.0, 10.0, 60.0, 20.0]",2.0881289290955691,1.4339035769828929,0.50422535211267605,0.15000000000000002,1.9381289290955688,False,84,0.93590733590733588,False,False,20,10,60,20
cifar10_lenet5,501,"[2, 1, 5, 3]",61.766666666666666,1.0829328079223632,52.054395337542495,"[20.0, 10.0, 60.0, 30.0]",2.1614459751483643,1.4409020217729394,0.52054395337542492,0.20000000000000001,1.9614459751483646,False,17,0.98764478764478769,False,False,20,10,60,30
cifar10_lenet5,502,"[2, 1, 5, 4]",61.600000000000001,1.0898658739725748,53.686255463817389,"[20.0, 10.0, 60.0, 40.0]",2.1738765515277541,1.4370139968895801,0.53686255463817389,0.20000000000000001,1.9738765515277543,False,10,0.99305019305019304,False,False,20,10,60,40
cifar10_lenet5,503,"[2, 1, 5, 5]",61.06666666666667,1.1079585698445638,56.94997571636717,"[20.0, 10.0, 60.0, 60.0]",2.1440720744265023,1.4245723172628306,0.56949975716367174,0.15000000000000002,1.9940720744265024,False,31,0.97683397683397688,False,False,20,10,60,60
cifar10_lenet5,504,"[2, 2, 0, 0]",63.799999999999997,1.0288698183695475,0.9227780475959203,"[20.0, 20.0, 0.0, 0.0]",1.5975637058258816,1.4883359253499222,0.009227780475959204,0.10000000000000001,1.4975637058258815,False,1024,0.21003861003861005,False,False,20,20,0,0
cifar10_lenet5,505,"[2, 2, 0, 1]",63.733333333333334,1.0296683540344238,2.5546381738708113,"[20.0, 20.0, 0.0, 10.0]",1.6623270971352868,1.4867807153965786,0.025546381738708112,0.15000000000000002,1.5123270971352865,False,909,0.29884169884169887,False,False,20,20,0,10
cifar10_lenet5,506,"[2, 2, 0, 2]",63.200000000000003,1.0327194506327311,4.1864983001457015,"[20.0, 20.0, 0.0, 20.0]",1.6162040187712861,1.4743390357698289,0.041864983001457017,0.10000000000000001,1.5162040187712862,False,1001,0.22779922779922779,False,False,20,20,0,20
cifar10_lenet5,507,"[2, 2, 0, 3]",63.5,1.0304538536071777,5.8183584264205921,"[20.0, 20.0, 0.0, 30.0]",1.6895210648240817,1.4813374805598756,0.058183584264205924,0.15000000000000002,1.5395210648240816,False,847,0.34671814671814671,False,False,20,20,0,30
cifar10_lenet5,508,"[2, 2, 0, 4]",63.266666666666666,1.0319951464335124,7.4502185526954836,"[20.0, 20.0, 0.0, 40.0]",1.7003964312501276,1.4758942457231727,0.074502185526954839,0.15000000000000002,1.5503964312501275,False,816,0.37065637065637064,False,False,20,20,0,40
cifar10_lenet5,509,"[2, 2, 0, 5]",62.5,1.0406158638000489,10.713938805245265,"[20.0, 20.0, 0.0, 60.0]",1.7151487193121731,1.4580093312597202,0.10713938805245266,0.15000000000000002,1.5651487193121729,False,784,0.39536679536679536,False,False,20,20,0,60
cifar10_lenet5,510,"[2, 2, 1, 0]",63.733333333333334,1.0285497639973957,8.6935405536668284,"[20.0, 20.0, 10.0, 0.0]",1.723716120933247,1.4867807153965786,0.086935405536668287,0.15000000000000002,1.5737161209332466,False,768,0.40772200772200773,False,False,20,20,10,0
cifar10_lenet5,511,"[2, 2, 1, 1]",63.666666666666664,1.0293636983235677,10.325400679941719,"[20.0, 20.0, 10.0, 10.0]",1.6884795122426521,1.4852255054432348,0.10325400679941719,0.10000000000000001,1.588479512242652,False,852,0.34285714285714286,False,False,20,20,10,10
cifar10_lenet5,512,"[2, 2, 1, 2]",63.166666666666664,1.0323848393758137,11.95726080621661,"[20.0, 20.0, 10.0, 20.0]",1.6931340388553233,1.473561430793157,0.1195726080621661,0.10000000000000001,1.5931340388553232,False,838,0.35366795366795367,False,False,20,20,10,20
cifar10_lenet5,513,"[2, 2, 1, 3]",63.533333333333331,1.0301738459269205,13.5891209324915,"[20.0, 20.0, 10.0, 30.0]",1.7680062948614625,1.4821150855365475,0.135891209324915,0.15000000000000002,1.6180062948614624,False,670,0.48339768339768341,False,False,20,20,10,30
cifar10_lenet5,514,"[2, 2, 1, 4]",63.299999999999997,1.0315644416809082,15.220981058766391,"[20.0, 20.0, 10.0, 40.0]",1.7788816612875085,1.4766718506998444,0.15220981058766392,0.15000000000000002,1.6288816612875083,False,638,0.50810810810810814,False,False,20,20,10,40
cifar10_lenet5,515,"[2, 2, 1, 5]",62.666666666666664,1.0402234891255697,18.484701311316172,"[20.0, 20.0, 10.0, 60.0]",1.796744369256241,1.4618973561430793,0.18484701311316173,0.15000000000000002,1.6467443692562411,False,593,0.54285714285714282,False,False,20,20,10,60
cifar10_lenet5,516,"[2, 2, 2, 0]",63.43333333333333,1.0301757227579753,16.464303059737738,"[20.0, 20.0, 20.0, 0.0]",1.7444253012039095,1.479782270606532,0.16464303059737737,0.10000000000000001,1.6444253012039092,False,727,0.43938223938223936,False,False,20,20,20,0
cifar10_lenet5,517,"[2, 2, 2, 1]",63.299999999999997,1.0310852495829264,18.096163186012628,"[20.0, 20.0, 20.0, 10.0]",1.7576334825599709,1.4766718506998444,0.18096163186012629,0.10000000000000001,1.6576334825599708,False,700,0.46023166023166023,False,False,20,20,20,10
cifar10_lenet5,518,"[2, 2, 2, 2]",63.033333333333331,1.0341364720662436,19.728023312287519,"[20.0, 20.0, 20.0, 20.0]",1.7177312440093448,1.4704510108864697,0.19728023312287518,0.050000000000000003,1.6677312440093448,False,781,0.39768339768339767,False,False,20,20,20,20
cifar10_lenet5,519,"[2, 2, 2, 3]",63.43333333333333,1.0315075607299804,21.359883438562409,"[20.0, 20.0, 20.0, 30.0]",1.7933811049921562,1.479782270606532,0.2135988343856241,0.10000000000000001,1.6933811049921559,False,598,0.53899613899613896,False,False,20,20,20,30
cifar10_lenet5,520,"[2, 2, 2, 4]",63.133333333333333,1.0330277519226074,22.9917435648373,"[20.0, 20.0, 20.0, 40.0]",1.8027012614648585,1.4727838258164854,0.229917435648373,0.10000000000000001,1.7027012614648585,False,577,0.55521235521235524,False,False,20,20,20,40
cifar10_lenet5,521,"[2, 2, 2, 5]",62.399999999999999,1.0429548734029135,26.255463817387081,"[20.0, 20.0, 20.0, 60.0]",1.8182311545035754,1.4556765163297045,0.26255463817387081,0.10000000000000001,1.7182311545035753,False,540,0.58378378378378382,False,False,20,20,20,60
cifar10_lenet5,522,"[2, 2, 3, 0]",63.666666666666664,1.0324003766377767,24.235065565808647,"[20.0, 20.0, 30.0, 0.0]",1.8775761611013215,1.4852255054432348,0.24235065565808647,0.15000000000000002,1.7275761611013214,False,400,0.69189189189189193,False,False,20,20,30,0
cifar10_lenet5,523,"[2, 2, 3, 1]",63.333333333333336,1.0331380043029785,25.866925692083537,"[20.0, 20.0, 30.0, 10.0]",1.886118712597352,1.4774494556765165,0.25866925692083537,0.15000000000000002,1.7361187125973516,False,375,0.7111969111969112,False,False,20,20,30,10
cifar10_lenet5,524,"[2, 2, 3, 2]",62.866666666666667,1.0360847040812176,27.498785818358428,"[20.0, 20.0, 30.0, 20.0]",1.8415508441866948,1.4665629860031104,0.27498785818358429,0.10000000000000001,1.7415508441866947,False,484,0.62702702702702706,False,False,20,20,30,20
cifar10_lenet5,525,"[2, 2, 3, 3]",63.233333333333334,1.0337780278523763,29.130645944633319,"[20.0, 20.0, 30.0, 30.0]",1.8664231001928342,1.4751166407465008,0.29130645944633321,0.10000000000000001,1.7664231001928341,False,426,0.6718146718146718,False,False,20,20,30,30
cifar10_lenet5,526,"[2, 2, 3, 4]",63.06666666666667,1.0363534075419107,30.762506070908209,"[20.0, 20.0, 30.0, 40.0]",1.9288536765722237,1.4712286158631418,0.30762506070908208,0.15000000000000002,1.7788536765722238,False,293,0.77451737451737457,False,False,20,20,30,40
cifar10_lenet5,527,"[2, 2, 3, 5]",62.533333333333331,1.0452377090454101,34.02622632345799,"[20.0, 20.0, 30.0, 60.0]",1.9490491994709718,1.4587869362363919,0.34026226323457992,0.15000000000000002,1.7990491994709719,False,264,0.79691119691119694,False,False,20,20,30,60
cifar10_lenet5,528,"[2, 2, 4, 0]",63,1.0436659647623698,32.005828071879556,"[20.0, 20.0, 40.0, 0.0]",1.9397316866285932,1.4696734059097978,0.32005828071879555,0.15000000000000002,1.7897316866285933,False,274,0.78918918918918923,False,False,20,20,40,0
cifar10_lenet5,529,"[2, 2, 4, 1]",62.733333333333334,1.0444269332885743,33.637688198154443,"[20.0, 20.0, 40.0, 10.0]",1.9498294480779674,1.463452566096423,0.33637688198154442,0.15000000000000002,1.7998294480779675,False,262,0.79845559845559844,False,False,20,20,40,10
cifar10_lenet5,530,"[2, 2, 4, 2]",62.5,1.0470916887919108,35.269548324429337,"[20.0, 20.0, 40.0, 20.0]",1.9107048145040137,1.4580093312597202,0.3526954832442934,0.10000000000000001,1.8107048145040137,False,325,0.74980694980694984,False,False,20,20,40,20
cifar10_lenet5,531,"[2, 2, 4, 3]",62.799999999999997,1.0436173210144042,36.901408450704224,"[20.0, 20.0, 40.0, 30.0]",1.9840218605568092,1.4650077760497668,0.36901408450704226,0.15000000000000002,1.8340218605568088,False,217,0.83320463320463323,False,False,20,20,40,30
cifar10_lenet5,532,"[2, 2, 4, 4]",62.899999999999999,1.0477557080586752,38.533268576979118,"[20.0, 20.0, 40.0, 40.0]",1.9526732767495736,1.4673405909797823,0.38533268576979118,0.10000000000000001,1.8526732767495735,False,259,0.80077220077220079,False,False,20,20,40,40
cifar10_lenet5,533,"[2, 2, 4, 5]",62.366666666666667,1.0564834632873534,41.7969888295289,"[20.0, 20.0, 40.0, 60.0]",2.0228687996483217,1.4548989113530326,0.41796988829528903,0.15000000000000002,1.8728687996483218,False,166,0.87258687258687262,False,False,20,20,40,60
cifar10_lenet5,534,"[2, 2, 5, 0]",61.299999999999997,1.0884274838765462,47.547353084021367,"[20.0, 20.0, 60.0, 0.0]",2.0554890829397472,1.4300155520995335,0.47547353084021365,0.15000000000000002,1.9054890829397468,False,134,0.89729729729729735,False,False,20,20,60,0
cifar10_lenet5,535,"[2, 2, 5, 1]",61.200000000000003,1.0900913721720378,49.179213210296261,"[20.0, 20.0, 60.0, 10.0]",2.0694748692724807,1.427682737169518,0.49179213210296263,0.15000000000000002,1.9194748692724808,False,115,0.91196911196911201,False,False,20,20,60,10
cifar10_lenet5,536,"[2, 2, 5, 2]",61.233333333333334,1.092923386891683,50.811073336571148,"[20.0, 20.0, 60.0, 20.0]",2.0365710755119015,1.4284603421461899,0.50811073336571144,0.10000000000000001,1.936571075511901,False,152,0.88339768339768343,False,False,20,20,60,20
cifar10_lenet5,537,"[2, 2, 5, 3]",61.366666666666667,1.0871488545735677,52.442933462846042,"[20.0, 20.0, 60.0, 30.0]",2.1060000966813375,1.431570762052877,0.52442933462846042,0.15000000000000002,1.9560000966813376,False,63,0.95212355212355215,False,False,20,20,60,30
cifar10_lenet5,538,"[2, 2, 5, 4]",61.56666666666667,1.0923291536966959,54.074793589120929,"[20.0, 20.0, 60.0, 40.0]",2.1269843278041178,1.4362363919129084,0.54074793589120929,0.15000000000000002,1.9769843278041177,False,45,0.96602316602316607,False,False,20,20,60,40
cifar10_lenet5,539,"[2, 2, 5, 5]",60.866666666666667,1.1093054275512695,57.338513841670711,"[20.0, 20.0, 60.0, 60.0]",2.0932918258195068,1.4199066874027995,0.57338513841670713,0.10000000000000001,1.9932918258195067,False,76,0.94208494208494209,False,False,20,20,60,60
cifar10_lenet5,540,"[2, 3, 0, 0]",63.166666666666664,1.0333782043457032,1.3113161728994658,"[20.0, 30.0, 0.0, 0.0]",1.6366745925221515,1.473561430793157,0.013113161728994658,0.15000000000000002,1.4866745925221516,False,963,0.25714285714285712,False,False,20,30,0,0
cifar10_lenet5,541,"[2, 3, 0, 1]",63.233333333333334,1.0332671407063803,2.9431762991743566,"[20.0, 30.0, 0.0, 10.0]",1.7045484037382443,1.4751166407465008,0.029431762991743566,0.20000000000000001,1.5045484037382444,False,808,0.37683397683397685,False,False,20,30,0,10
cifar10_lenet5,542,"[2, 3, 0, 2]",63,1.0365637766520182,4.5750364254492473,"[20.0, 30.0, 0.0, 20.0]",1.6654237701642902,1.4696734059097978,0.04575036425449247,0.15000000000000002,1.5154237701642903,False,903,0.30347490347490347,False,False,20,30,0,20
cifar10_lenet5,543,"[2, 3, 0, 3]",62.733333333333334,1.0357757517496744,6.2068965517241379,"[20.0, 30.0, 0.0, 30.0]",1.6755215316136645,1.463452566096423,0.062068965517241378,0.15000000000000002,1.5255215316136643,False,881,0.32046332046332049,False,False,20,30,0,30
cifar10_lenet5,544,"[2, 3, 0, 4]",62.799999999999997,1.0398041954040527,7.8387566779990285,"[20.0, 30.0, 0.0, 40.0]",1.7433953428297571,1.4650077760497668,0.078387566779990286,0.20000000000000001,1.5433953428297569,False,729,0.43783783783783786,False,False,20,30,0,40
cifar10_lenet5,545,"[2, 3, 0, 5]",62.899999999999999,1.0420558751424154,11.102476930548811,"[20.0, 30.0, 0.0, 60.0]",1.7783653602852703,1.4673405909797823,0.1110247693054881,0.20000000000000001,1.5783653602852703,False,641,0.50579150579150578,False,False,20,30,0,60
cifar10_lenet5,546,"[2, 3, 1, 0]",63.133333333333333,1.0329184659322104,9.0820786789703742,"[20.0, 30.0, 10.0, 0.0]",1.7636046126061891,1.4727838258164854,0.090820786789703747,0.20000000000000001,1.5636046126061891,False,681,0.4749034749034749,False,False,20,30,10,0
cifar10_lenet5,547,"[2, 3, 1, 1]",63.166666666666664,1.0328193537394206,10.713938805245265,"[20.0, 30.0, 10.0, 10.0]",1.7307008188456097,1.473561430793157,0.10713938805245266,0.15000000000000002,1.5807008188456098,False,754,0.41853281853281854,False,False,20,30,10,10
cifar10_lenet5,548,"[2, 3, 1, 2]",62.966666666666669,1.0361636695861816,12.345798931520156,"[20.0, 30.0, 10.0, 20.0]",1.7423537902483277,1.4688958009331261,0.12345798931520156,0.15000000000000002,1.5923537902483276,False,731,0.43629343629343631,False,False,20,30,10,20
cifar10_lenet5,549,"[2, 3, 1, 3]",62.766666666666666,1.0353742039998373,13.977659057795046,"[20.0, 30.0, 10.0, 30.0]",1.7540067616510453,1.4642301710730949,0.13977659057795047,0.15000000000000002,1.6040067616510454,False,710,0.45250965250965253,False,False,20,30,10,30
cifar10_lenet5,550,"[2, 3, 1, 4]",62.733333333333334,1.0392828572591146,15.609519184069937,"[20.0, 30.0, 10.0, 40.0]",1.8195477579371224,1.463452566096423,0.15609519184069937,0.20000000000000001,1.6195477579371225,False,537,0.58610038610038606,False,False,20,30,10,40
cifar10_lenet5,551,"[2, 3, 1, 5]",62.93333333333333,1.0416057535807293,18.87323943661972,"[20.0, 30.0, 10.0, 60.0]",1.8568505903226513,1.4681181959564542,0.18873239436619721,0.20000000000000001,1.6568505903226511,False,442,0.6594594594594595,False,False,20,30,10,60
cifar10_lenet5,552,"[2, 3, 2, 0]",63.033333333333331,1.0335553118387859,16.852841185041282,"[20.0, 30.0, 20.0, 0.0]",1.7889794227368827,1.4704510108864697,0.16852841185041281,0.15000000000000002,1.6389794227368826,False,612,0.52818532818532815,False,False,20,30,20,0
cifar10_lenet5,553,"[2, 3, 2, 1]",63.166666666666664,1.0335677223205566,18.484701311316172,"[20.0, 30.0, 20.0, 10.0]",1.8084084439063188,1.473561430793157,0.18484701311316173,0.15000000000000002,1.6584084439063187,False,567,0.56293436293436294,False,False,20,30,20,10
cifar10_lenet5,554,"[2, 3, 2, 2]",62.666666666666664,1.0369932098388672,20.116561437591063,"[20.0, 30.0, 20.0, 20.0]",1.76306297051899,1.4618973561430793,0.20116561437591063,0.10000000000000001,1.6630629705189901,False,684,0.4725868725868726,False,False,20,30,20,20
cifar10_lenet5,555,"[2, 3, 2, 3]",62.600000000000001,1.0358600908915201,21.748421563865953,"[20.0, 30.0, 20.0, 30.0]",1.7778263618283954,1.4603421461897357,0.21748421563865955,0.10000000000000001,1.6778263618283953,False,645,0.50270270270270268,False,False,20,30,20,30
cifar10_lenet5,556,"[2, 3, 2, 4]",62.633333333333333,1.0399716008504232,23.380281690140844,"[20.0, 30.0, 20.0, 40.0]",1.8449225680678158,1.4611197511664076,0.23380281690140844,0.15000000000000002,1.6949225680678159,False,475,0.63397683397683402,False,False,20,30,20,40
cifar10_lenet5,557,"[2, 3, 2, 5]",62.899999999999999,1.0435164362589517,26.644001942690625,"[20.0, 30.0, 20.0, 60.0]",1.8837806104066885,1.4673405909797823,0.26644001942690626,0.15000000000000002,1.7337806104066886,False,383,0.70501930501930499,False,False,20,30,20,60
cifar10_lenet5,558,"[2, 3, 3, 0]",63.06666666666667,1.0374394594828287,24.623603691112191,"[20.0, 30.0, 30.0, 0.0]",1.8674646527742635,1.4712286158631418,0.24623603691112192,0.15000000000000002,1.7174646527742636,False,424,0.67335907335907341,False,False,20,30,30,0
cifar10_lenet5,559,"[2, 3, 3, 1]",63.166666666666664,1.0373378995259603,26.255463817387081,"[20.0, 30.0, 30.0, 10.0]",1.886116068967028,1.473561430793157,0.26255463817387081,0.15000000000000002,1.7361160689670279,False,376,0.71042471042471045,False,False,20,30,30,10
cifar10_lenet5,560,"[2, 3, 3, 2]",62.966666666666669,1.040680093129476,27.887323943661972,"[20.0, 30.0, 30.0, 20.0]",1.847769040369746,1.4688958009331261,0.27887323943661974,0.10000000000000001,1.7477690403697459,False,467,0.64015444015444012,False,False,20,30,30,20
cifar10_lenet5,561,"[2, 3, 3, 3]",62.766666666666666,1.039739725748698,29.519184069936863,"[20.0, 30.0, 30.0, 30.0]",1.8594220117724638,1.4642301710730949,0.29519184069936866,0.10000000000000001,1.7594220117724637,False,437,0.66332046332046335,False,False,20,30,30,30
cifar10_lenet5,562,"[2, 3, 3, 4]",62.633333333333333,1.0450740445454916,31.151044196211753,"[20.0, 30.0, 30.0, 40.0]",1.922630193128525,1.4611197511664076,0.31151044196211752,0.15000000000000002,1.7726301931285251,False,303,0.76679536679536675,False,False,20,30,30,40
cifar10_lenet5,563,"[2, 3, 3, 5]",62.56666666666667,1.0477302805582682,34.414764448761538,"[20.0, 30.0, 30.0, 60.0]",1.9537121857006792,1.459564541213064,0.34414764448761537,0.15000000000000002,1.8037121857006793,False,257,0.80231660231660229,False,False,20,30,30,60
cifar10_lenet5,564,"[2, 3, 4, 0]",62.166666666666664,1.0512245356241863,32.394366197183096,"[20.0, 30.0, 40.0, 0.0]",1.9741769434648324,1.4502332814930015,0.32394366197183094,0.20000000000000001,1.7741769434648327,False,228,0.82471042471042466,False,False,20,30,40,0
cifar10_lenet5,565,"[2, 3, 4, 1]",62.266666666666666,1.0511400159200033,34.02622632345799,"[20.0, 30.0, 40.0, 10.0]",1.9928283596575971,1.4525660964230172,0.34026226323457992,0.20000000000000001,1.7928283596575971,False,204,0.84324324324324329,False,False,20,30,40,10
cifar10_lenet5,566,"[2, 3, 4, 2]",62.133333333333333,1.0541096522013347,35.658086449732878,"[20.0, 30.0, 40.0, 20.0]",1.9560365410136584,1.4494556765163298,0.35658086449732879,0.15000000000000002,1.8060365410136585,False,254,0.80463320463320465,False,False,20,30,40,20
cifar10_lenet5,567,"[2, 3, 4, 3]",62.466666666666669,1.0523020833333334,37.289946576007772,"[20.0, 30.0, 40.0, 30.0]",1.9801311920431259,1.4572317262830483,0.37289946576007771,0.15000000000000002,1.830131192043126,False,221,0.83011583011583012,False,False,20,30,40,30
cifar10_lenet5,568,"[2, 3, 4, 4]",62.166666666666664,1.0591480242411295,38.921806702282659,"[20.0, 30.0, 40.0, 40.0]",1.9894513485158281,1.4502332814930015,0.38921806702282657,0.15000000000000002,1.8394513485158281,False,209,0.83938223938223944,False,False,20,30,40,40
cifar10_lenet5,569,"[2, 3, 4, 5]",62.200000000000003,1.06085085550944,42.18552695483244,"[20.0, 30.0, 40.0, 60.0]",2.072866156017998,1.4510108864696734,0.42185526954832442,0.20000000000000001,1.872866156017998,False,109,0.91660231660231661,False,False,20,30,40,60
cifar10_lenet5,570,"[2, 3, 5, 0]",61.466666666666669,1.0884812164306641,47.935891209324915,"[20.0, 30.0, 60.0, 0.0]",2.113262489076142,1.4339035769828929,0.47935891209324916,0.20000000000000001,1.9132624890761418,False,59,0.95521235521235526,False,False,20,30,60,0
cifar10_lenet5,571,"[2, 3, 5, 1]",61.299999999999997,1.0893567034403484,49.567751335599809,"[20.0, 30.0, 60.0, 10.0]",2.1256930654555317,1.4300155520995335,0.49567751335599808,0.20000000000000001,1.9256930654555313,False,46,0.96525096525096521,False,False,20,30,60,10
cifar10_lenet5,572,"[2, 3, 5, 2]",60.799999999999997,1.0924954630533854,51.199611461874696,"[20.0, 30.0, 60.0, 20.0]",2.0803475920682026,1.4183514774494557,0.51199611461874694,0.15000000000000002,1.9303475920682027,False,96,0.92664092664092668,False,False,20,30,60,20
cifar10_lenet5,573,"[2, 3, 5, 3]",61.366666666666667,1.088219258626302,52.83147158814959,"[20.0, 30.0, 60.0, 30.0]",2.1098854779343728,1.431570762052877,0.52831471588149592,0.15000000000000002,1.9598854779343733,False,62,0.9528957528957529,False,False,20,30,60,30
cifar10_lenet5,574,"[2, 3, 5, 4]",61.166666666666664,1.0952357724507649,54.463331714424477,"[20.0, 30.0, 60.0, 40.0]",2.1715384493370911,1.4269051321928461,0.54463331714424479,0.20000000000000001,1.9715384493370909,False,12,0.99150579150579154,False,False,20,30,60,40
cifar10_lenet5,575,"[2, 3, 5, 5]",60.93333333333333,1.1064607276916505,57.727051966974258,"[20.0, 30.0, 60.0, 60.0]",2.1487324170258857,1.421461897356143,0.57727051966974263,0.15000000000000002,1.9987324170258858,False,28,0.97915057915057913,False,False,20,30,60,60
cifar10_lenet5,576,"[2, 4, 0, 0]",61.033333333333331,1.0954844614664714,1.6998542982030111,"[20.0, 40.0, 0.0, 0.0]",1.5907932552681885,1.4237947122861585,0.016998542982030112,0.15000000000000002,1.4407932552681888,False,1031,0.20463320463320464,False,False,20,40,0,0
cifar10_lenet5,577,"[2, 4, 0, 1]",61,1.0949096705118815,3.331714424477902,"[20.0, 40.0, 0.0, 10.0]",1.6563342515542658,1.4230171073094868,0.033317144244779023,0.20000000000000001,1.4563342515542659,False,920,0.29034749034749036,False,False,20,40,0,10
cifar10_lenet5,578,"[2, 4, 0, 2]",60.700000000000003,1.0996296056111654,4.9635745507527922,"[20.0, 40.0, 0.0, 20.0]",1.6156544080269684,1.4160186625194402,0.049635745507527924,0.15000000000000002,1.4656544080269684,False,1002,0.22702702702702704,False,False,20,40,0,20
cifar10_lenet5,579,"[2, 4, 0, 3]",60.799999999999997,1.0956222127278645,6.5954346770276837,"[20.0, 40.0, 0.0, 30.0]",1.6843058242197324,1.4183514774494557,0.065954346770276839,0.20000000000000001,1.4843058242197325,False,863,0.33436293436293435,False,False,20,40,0,30
cifar10_lenet5,580,"[2, 4, 0, 4]",60.866666666666667,1.1022426783243815,8.2272948033025735,"[20.0, 40.0, 0.0, 40.0]",1.6521796354358251,1.4199066874027995,0.082272948033025733,0.15000000000000002,1.5021796354358252,False,930,0.28262548262548265,False,False,20,40,0,40
cifar10_lenet5,581,"[2, 4, 0, 5]",60.633333333333333,1.0967180124918621,11.491015055852355,"[20.0, 40.0, 0.0, 60.0]",1.7293736031246201,1.4144634525660966,0.11491015055852355,0.20000000000000001,1.5293736031246201,False,757,0.41621621621621624,False,False,20,40,0,60
cifar10_lenet5,582,"[2, 4, 1, 0]",61.033333333333331,1.0947723948160808,9.4706168042739201,"[20.0, 40.0, 10.0, 0.0]",1.7185008803288977,1.4237947122861585,0.094706168042739208,0.20000000000000001,1.518500880328898,False,779,0.39922779922779922,False,False,20,40,10,0
cifar10_lenet5,583,"[2, 4, 1, 1]",61,1.0941967264811199,11.102476930548811,"[20.0, 40.0, 10.0, 10.0]",1.684041876614975,1.4230171073094868,0.1110247693054881,0.15000000000000002,1.534041876614975,False,865,0.3328185328185328,False,False,20,40,10,10
cifar10_lenet5,584,"[2, 4, 1, 2]",60.766666666666666,1.098897928873698,12.734337056823701,"[20.0, 40.0, 10.0, 20.0]",1.6949172430410209,1.4175738724727838,0.12734337056823702,0.15000000000000002,1.544917243041021,False,830,0.35984555984555983,False,False,20,40,10,20
cifar10_lenet5,585,"[2, 4, 1, 3]",60.799999999999997,1.094944460550944,14.366197183098592,"[20.0, 40.0, 10.0, 30.0]",1.7620134492804416,1.4183514774494557,0.14366197183098592,0.20000000000000001,1.5620134492804416,False,690,0.46795366795366794,False,False,20,40,10,30
cifar10_lenet5,586,"[2, 4, 1, 4]",60.899999999999999,1.1014460271199544,15.998057309373483,"[20.0, 40.0, 10.0, 40.0]",1.7306648654732064,1.4206842923794714,0.15998057309373484,0.15000000000000002,1.5806648654732061,False,755,0.41776061776061774,False,False,20,40,10,40
cifar10_lenet5,587,"[2, 4, 1, 5]",60.866666666666667,1.0959377009073894,19.261777561923264,"[20.0, 40.0, 10.0, 60.0]",1.8125244630220321,1.4199066874027995,0.19261777561923266,0.20000000000000001,1.6125244630220321,False,559,0.56911196911196915,False,False,20,40,10,60
cifar10_lenet5,588,"[2, 4, 2, 0]",60.866666666666667,1.0947291361490885,17.241379310344829,"[20.0, 40.0, 20.0, 0.0]",1.7423204805062475,1.4199066874027995,0.17241379310344829,0.15000000000000002,1.5923204805062476,False,732,0.43552123552123551,False,False,20,40,20,0
cifar10_lenet5,589,"[2, 4, 2, 1]",61.100000000000001,1.0942692921956381,18.87323943661972,"[20.0, 40.0, 20.0, 10.0]",1.7640823166056996,1.4253499222395023,0.18873239436619721,0.15000000000000002,1.6140823166056997,False,679,0.47644787644787645,False,False,20,40,20,10
cifar10_lenet5,590,"[2, 4, 2, 2]",60.700000000000003,1.0989151229858398,20.50509956289461,"[20.0, 40.0, 20.0, 20.0]",1.7210696581483864,1.4160186625194402,0.2050509956289461,0.10000000000000001,1.6210696581483865,False,774,0.40308880308880307,False,False,20,40,20,20
cifar10_lenet5,591,"[2, 4, 2, 3]",60.93333333333333,1.0945540135701497,22.136959689169501,"[20.0, 40.0, 20.0, 30.0]",1.7928314942478383,1.421461897356143,0.22136959689169503,0.15000000000000002,1.6428314942478381,False,600,0.53745173745173747,False,False,20,40,20,30
cifar10_lenet5,592,"[2, 4, 2, 4]",60.799999999999997,1.1012564442952475,23.768819815444392,"[20.0, 40.0, 20.0, 40.0]",1.7560396756038996,1.4183514774494557,0.23768819815444392,0.10000000000000001,1.6560396756038995,False,707,0.45482625482625483,False,False,20,40,20,40
cifar10_lenet5,593,"[2, 4, 2, 5]",60.43333333333333,1.097363380432129,27.032540067994173,"[20.0, 40.0, 20.0, 60.0]",1.830123223386007,1.4097978227060652,0.27032540067994176,0.15000000000000002,1.6801232233860071,False,515,0.60308880308880308,False,False,20,40,20,60
cifar10_lenet5,594,"[2, 4, 3, 0]",60.56666666666667,1.0994772542317708,25.012141816415735,"[20.0, 40.0, 30.0, 0.0]",1.8630296607769101,1.4129082426127528,0.25012141816415734,0.20000000000000001,1.6630296607769102,False,430,0.6687258687258687,False,False,20,40,30,0
cifar10_lenet5,595,"[2, 4, 3, 1]",60.866666666666667,1.0988810526529948,26.644001942690625,"[20.0, 40.0, 30.0, 10.0]",1.8863467068297057,1.4199066874027995,0.26644001942690626,0.20000000000000001,1.6863467068297058,False,374,0.71196911196911195,False,False,20,40,30,10
cifar10_lenet5,596,"[2, 4, 3, 2]",60.666666666666664,1.1033360443115234,28.275862068965516,"[20.0, 40.0, 30.0, 20.0]",1.8479996782324233,1.4152410575427683,0.28275862068965518,0.15000000000000002,1.6979996782324234,False,466,0.64092664092664098,False,False,20,40,30,20
cifar10_lenet5,597,"[2, 4, 3, 3]",60.633333333333333,1.0993052724202474,29.907722195240407,"[20.0, 40.0, 30.0, 30.0]",1.8635406745185006,1.4144634525660966,0.29907722195240405,0.15000000000000002,1.7135406745185007,False,428,0.67027027027027031,False,False,20,40,30,30
cifar10_lenet5,598,"[2, 4, 3, 4]",60.43333333333333,1.1074053802490234,31.539582321515297,"[20.0, 40.0, 30.0, 40.0]",1.8751936459212182,1.4097978227060652,0.31539582321515297,0.15000000000000002,1.7251936459212183,False,408,0.68571428571428572,False,False,20,40,30,40
cifar10_lenet5,599,"[2, 4, 3, 5]",60.43333333333333,1.1025506566365559,34.803302574065079,"[20.0, 40.0, 30.0, 60.0]",1.957830848446716,1.4097978227060652,0.34803302574065081,0.20000000000000001,1.757830848446716,False,251,0.806949806949807,False,False,20,40,30,60
cifar10_lenet5,600,"[2, 4, 4, 0]",60.100000000000001,1.1228705902099609,32.782904322486644,"[20.0, 40.0, 40.0, 0.0]",1.8798508161642133,1.4020217729393469,0.32782904322486645,0.15000000000000002,1.7298508161642134,False,391,0.69884169884169889,False,False,20,40,40,0
cifar10_lenet5,601,"[2, 4, 4, 1]",60.033333333333331,1.1222892990112305,34.414764448761538,"[20.0, 40.0, 40.0, 10.0]",1.8946142074736185,1.4004665629860031,0.34414764448761537,0.15000000000000002,1.7446142074736186,False,356,0.72586872586872586,False,False,20,40,40,10
cifar10_lenet5,602,"[2, 4, 4, 2]",60.033333333333331,1.1262543182373046,36.046624575036425,"[20.0, 40.0, 40.0, 20.0]",1.8609328087363675,1.4004665629860031,0.36046624575036423,0.10000000000000001,1.7609328087363674,False,434,0.66563706563706559,False,False,20,40,40,20
cifar10_lenet5,603,"[2, 4, 4, 3]",60.299999999999997,1.1213184763590496,37.678484701311319,"[20.0, 40.0, 40.0, 30.0]",1.9334722498124912,1.4066874027993781,0.37678484701311321,0.15000000000000002,1.7834722498124911,False,287,0.77915057915057917,False,False,20,40,40,30
cifar10_lenet5,604,"[2, 4, 4, 4]",59.799999999999997,1.1312309315999349,39.310344827586206,"[20.0, 40.0, 40.0, 40.0]",1.8881267764251626,1.3950233281493003,0.39310344827586208,0.10000000000000001,1.788126776425162,False,369,0.7158301158301158,False,False,20,40,40,40
cifar10_lenet5,605,"[2, 4, 4, 5]",59.366666666666667,1.1244364369710287,42.574065080135988,"[20.0, 40.0, 40.0, 60.0]",1.9606551142539259,1.3849144634525661,0.42574065080135987,0.15000000000000002,1.810655114253926,False,245,0.8115830115830116,False,False,20,40,40,60
cifar10_lenet5,606,"[2, 4, 5, 0]",58.200000000000003,1.1540513763427733,48.324429334628462,"[20.0, 40.0, 60.0, 0.0]",2.0409425826153362,1.3576982892690515,0.48324429334628466,0.20000000000000001,1.8409425826153361,False,148,0.88648648648648654,False,False,20,40,60,0
cifar10_lenet5,607,"[2, 4, 5, 1]",58.100000000000001,1.1544738794962566,49.956289460903349,"[20.0, 40.0, 60.0, 10.0]",2.0549283689480697,1.355365474339036,0.49956289460903353,0.20000000000000001,1.8549283689480696,False,135,0.89652509652509649,False,False,20,40,60,10
cifar10_lenet5,608,"[2, 4, 5, 2]",57.799999999999997,1.1592548370361329,51.588149587178243,"[20.0, 40.0, 60.0, 20.0]",2.0142485254207716,1.3483670295489891,0.51588149587178245,0.15000000000000002,1.8642485254207712,False,175,0.86563706563706566,False,False,20,40,60,20
cifar10_lenet5,609,"[2, 4, 5, 3]",58.299999999999997,1.1514082794189453,53.22000971345313,"[20.0, 40.0, 60.0, 30.0]",2.0922312013335982,1.3600311041990669,0.53220009713453131,0.20000000000000001,1.892231201333598,False,77,0.94131274131274134,False,False,20,40,60,30
cifar10_lenet5,610,"[2, 4, 5, 4]",58.033333333333331,1.1603789545694987,54.851869839728025,"[20.0, 40.0, 60.0, 40.0]",2.0523289627829722,1.353810264385692,0.54851869839728029,0.15000000000000002,1.9023289627829725,False,137,0.89498069498069499,False,False,20,40,60,40
cifar10_lenet5,611,"[2, 4, 5, 5]",57.600000000000001,1.1658090820312501,58.115590092277806,"[20.0, 40.0, 60.0, 60.0]",2.0748573006117361,1.3437013996889582,0.58115590092277802,0.15000000000000002,1.9248573006117362,False,103,0.92123552123552122,False,False,20,40,60,60
cifar10_lenet5,612,"[2, 5, 0, 0]",54.5,1.3579343846638998,2.4769305488101021,"[20.0, 60.0, 0.0, 0.0]",1.4461534423465769,1.271384136858476,0.024769305488101023,0.15000000000000002,1.296153442346577,False,1165,0.10115830115830116,False,False,20,60,0,0
cifar10_lenet5,613,"[2, 5, 0, 1]",54.366666666666667,1.3623471145629882,4.1087906750849923,"[20.0, 60.0, 0.0, 10.0]",1.5093616237026384,1.2682737169517886,0.041087906750849924,0.20000000000000001,1.3093616237026384,False,1109,0.1444015444015444,False,False,20,60,0,10
cifar10_lenet5,614,"[2, 5, 0, 2]",53.966666666666669,1.3707932383219401,5.7406508013598838,"[20.0, 60.0, 0.0, 20.0]",1.4663489652453254,1.2589424572317265,0.057406508013598839,0.15000000000000002,1.3163489652453253,False,1149,0.11351351351351352,False,False,20,60,0,20
cifar10_lenet5,615,"[2, 5, 0, 3]",53.833333333333336,1.359570541381836,7.3725109276347744,"[20.0, 60.0, 0.0, 30.0]",1.5295571466013866,1.2558320373250389,0.073725109276347747,0.20000000000000001,1.3295571466013867,False,1100,0.15135135135135136,False,False,20,60,0,30
cifar10_lenet5,616,"[2, 5, 0, 4]",54.033333333333331,1.344017588297526,9.0043710539096651,"[20.0, 60.0, 0.0, 40.0]",1.5505413777241668,1.2604976671850701,0.090043710539096655,0.20000000000000001,1.3505413777241668,False,1078,0.16833976833976835,False,False,20,60,0,40
cifar10_lenet5,617,"[2, 5, 0, 5]",53.366666666666667,1.3578705800374349,12.268091306459446,"[20.0, 60.0, 0.0, 60.0]",1.5176264807162276,1.2449455676516332,0.12268091306459447,0.15000000000000002,1.3676264807162275,False,1105,0.14749034749034748,False,False,20,60,0,60
cifar10_lenet5,618,"[2, 5, 1, 0]",54.399999999999999,1.3567341105143229,10.24769305488101,"[20.0, 60.0, 10.0, 0.0]",1.5715282524772702,1.2690513219284603,0.1024769305488101,0.20000000000000001,1.3715282524772703,False,1054,0.18687258687258687,False,False,20,60,10,0
cifar10_lenet5,619,"[2, 5, 1, 1]",54.5,1.3611594263712565,11.879553181155901,"[20.0, 60.0, 10.0, 10.0]",1.5401796686700351,1.271384136858476,0.11879553181155901,0.15000000000000002,1.390179668670035,False,1090,0.15907335907335907,False,False,20,60,10,10
cifar10_lenet5,620,"[2, 5, 1, 2]",54.100000000000001,1.3695945739746094,13.511413307430791,"[20.0, 60.0, 10.0, 20.0]",1.5471670102127217,1.2620528771384136,0.13511413307430792,0.15000000000000002,1.3971670102127218,False,1082,0.16525096525096525,False,False,20,60,10,20
cifar10_lenet5,621,"[2, 5, 1, 3]",53.966666666666669,1.3584565989176431,15.143273433705682,"[20.0, 60.0, 10.0, 30.0]",1.6103751915687832,1.2589424572317265,0.15143273433705681,0.20000000000000001,1.4103751915687832,False,1008,0.22239382239382238,False,False,20,60,10,30
cifar10_lenet5,622,"[2, 5, 1, 4]",54.100000000000001,1.3427549565633139,16.775133559980574,"[20.0, 60.0, 10.0, 40.0]",1.6298042127382193,1.2620528771384136,0.16775133559980573,0.20000000000000001,1.4298042127382196,False,972,0.25019305019305021,False,False,20,60,10,40
cifar10_lenet5,623,"[2, 5, 1, 5]",53.333333333333336,1.356544527689616,20.038853812530355,"[20.0, 60.0, 10.0, 60.0]",1.5945565008002647,1.2441679626749611,0.20038853812530355,0.15000000000000002,1.4445565008002648,False,1027,0.20772200772200772,False,False,20,60,10,60
cifar10_lenet5,624,"[2, 5, 2, 0]",54.5,1.3510742568969727,18.018455560951917,"[20.0, 60.0, 20.0, 0.0]",1.6015686924679953,1.271384136858476,0.18018455560951918,0.15000000000000002,1.4515686924679951,False,1019,0.2138996138996139,False,False,20,60,20,0
cifar10_lenet5,625,"[2, 5, 2, 1]",54.43333333333333,1.3555270665486654,19.650315687226808,"[20.0, 60.0, 20.0, 10.0]",1.6163320837774005,1.2698289269051322,0.19650315687226808,0.15000000000000002,1.4663320837774003,False,1000,0.22857142857142856,False,False,20,60,20,10
cifar10_lenet5,626,"[2, 5, 2, 2]",54.299999999999997,1.3639268086751302,21.282175813501699,"[20.0, 60.0, 20.0, 20.0]",1.5795402651334618,1.2667185069984448,0.212821758135017,0.10000000000000001,1.4795402651334615,False,1044,0.19459459459459461,False,False,20,60,20,20
cifar10_lenet5,627,"[2, 5, 2, 3]",54.333333333333336,1.3519776865641275,22.914035939776589,"[20.0, 60.0, 20.0, 30.0]",1.6466364713728825,1.2674961119751167,0.22914035939776589,0.15000000000000002,1.4966364713728826,False,935,0.27876447876447874,False,False,20,60,20,30
cifar10_lenet5,628,"[2, 5, 2, 4]",54.333333333333336,1.337151268005371,24.54589606605148,"[20.0, 60.0, 20.0, 40.0]",1.6629550726356315,1.2674961119751167,0.24545896066051481,0.15000000000000002,1.5129550726356316,False,907,0.30038610038610036,False,False,20,60,20,40
cifar10_lenet5,629,"[2, 5, 2, 5]",53.299999999999997,1.3515840403238932,27.809616318601261,"[20.0, 60.0, 20.0, 60.0]",1.6214865208843019,1.2433903576982892,0.2780961631860126,0.10000000000000001,1.5214865208843018,False,989,0.23706563706563707,False,False,20,60,20,60
cifar10_lenet5,630,"[2, 5, 3, 0]",54.93333333333333,1.3374606933593749,25.789218067022826,"[20.0, 60.0, 30.0, 0.0]",1.7393851822254383,1.28149300155521,0.25789218067022829,0.20000000000000001,1.5393851822254383,False,739,0.4301158301158301,False,False,20,60,30,0
cifar10_lenet5,631,"[2, 5, 3, 1]",54.666666666666664,1.3416265029907226,27.421078193297717,"[20.0, 60.0, 30.0, 10.0]",1.7494829436748123,1.2752721617418352,0.27421078193297715,0.20000000000000001,1.5494829436748123,False,715,0.44864864864864867,False,False,20,60,30,10
cifar10_lenet5,632,"[2, 5, 3, 2]",54.233333333333334,1.3495111516316731,29.052938319572608,"[20.0, 60.0, 30.0, 20.0]",1.7056926802408272,1.2651632970451012,0.29052938319572608,0.15000000000000002,1.5556926802408271,False,804,0.3799227799227799,False,False,20,60,30,20
cifar10_lenet5,633,"[2, 5, 3, 3]",54.666666666666664,1.3378866348266603,30.684798445847498,"[20.0, 60.0, 30.0, 30.0]",1.7321201462003102,1.2752721617418352,0.306847984458475,0.15000000000000002,1.5821201462003103,False,749,0.42239382239382239,False,False,20,60,30,30
cifar10_lenet5,634,"[2, 5, 3, 4]",54.266666666666666,1.324375358581543,32.316658572122392,"[20.0, 60.0, 30.0, 40.0]",1.7891074877429969,1.2659409020217729,0.32316658572122392,0.20000000000000001,1.5891074877429969,False,610,0.52972972972972976,False,False,20,60,30,40
cifar10_lenet5,635,"[2, 5, 3, 5]",53.866666666666667,1.3394583587646485,35.580378824672174,"[20.0, 60.0, 30.0, 60.0]",1.7624134305484325,1.2566096423017108,0.35580378824672176,0.15000000000000002,1.6124134305484326,False,685,0.47181467181467179,False,False,20,60,30,60
cifar10_lenet5,636,"[2, 5, 4, 0]",53.93333333333333,1.3493127619425456,33.559980573093732,"[20.0, 60.0, 40.0, 0.0]",1.7937646579859916,1.2581648522550544,0.33559980573093734,0.20000000000000001,1.5937646579859917,False,596,0.54054054054054057,False,False,20,60,40,0
cifar10_lenet5,637,"[2, 5, 4, 1]",54.100000000000001,1.3536366297403972,35.191840699368626,"[20.0, 60.0, 40.0, 10.0]",1.8139712841320998,1.2620528771384136,0.35191840699368626,0.20000000000000001,1.6139712841321001,False,555,0.57220077220077215,False,False,20,60,40,10
cifar10_lenet5,638,"[2, 5, 4, 2]",53.866666666666667,1.361617197672526,36.823700825643513,"[20.0, 60.0, 40.0, 20.0]",1.7748466505581457,1.2566096423017108,0.36823700825643513,0.15000000000000002,1.6248466505581458,False,652,0.49729729729729732,False,False,20,60,40,20
cifar10_lenet5,639,"[2, 5, 4, 3]",54.133333333333333,1.3488242441813152,38.455560951918407,"[20.0, 60.0, 40.0, 30.0]",1.8473860916342695,1.2628304821150855,0.38455560951918411,0.20000000000000001,1.6473860916342695,False,469,0.63861003861003862,False,False,20,60,40,30
cifar10_lenet5,640,"[2, 5, 4, 4]",54.133333333333333,1.3361795221964519,40.087421078193294,"[20.0, 60.0, 40.0, 40.0]",1.8137046928970184,1.2628304821150855,0.40087421078193297,0.15000000000000002,1.6637046928970185,False,557,0.57065637065637065,False,False,20,60,40,40
cifar10_lenet5,641,"[2, 5, 4, 5]",53.266666666666666,1.3525518620808918,43.351141330743076,"[20.0, 60.0, 40.0, 60.0]",1.8261241660290479,1.2426127527216173,0.43351141330743076,0.15000000000000002,1.6761241660290482,False,525,0.59536679536679538,False,False,20,60,40,60
cifar10_lenet5,642,"[2, 5, 5, 0]",51.666666666666664,1.4055953903198242,49.10150558523555,"[20.0, 60.0, 60.0, 0.0]",1.846302769693724,1.2052877138413685,0.4910150558523555,0.15000000000000002,1.6963027696937241,False,472,0.63629343629343627,False,False,20,60,60,0
cifar10_lenet5,643,"[2, 5, 5, 1]",51.533333333333331,1.41092578125,50.733365711510444,"[20.0, 60.0, 60.0, 10.0]",1.8595109510497858,1.2021772939346813,0.50733365711510447,0.15000000000000002,1.7095109510497855,False,436,0.6640926640926641,False,False,20,60,60,10
cifar10_lenet5,644,"[2, 5, 5, 2]",51.033333333333331,1.4192813008626302,52.365225837785331,"[20.0, 60.0, 60.0, 20.0]",1.8141654776624569,1.1905132192846035,0.52365225837785334,0.10000000000000001,1.7141654776624569,False,554,0.572972972972973,False,False,20,60,60,20
cifar10_lenet5,645,"[2, 5, 5, 3]",51.700000000000003,1.4018964894612631,53.997085964060226,"[20.0, 60.0, 60.0, 30.0]",1.896036178458643,1.2060653188180406,0.53997085964060232,0.15000000000000002,1.7460361784586429,False,352,0.72895752895752897,False,False,20,60,60,30
cifar10_lenet5,646,"[2, 5, 5, 4]",52,1.3908241246541342,55.628946090335113,"[20.0, 60.0, 60.0, 40.0]",1.9193532245114384,1.2130637636080872,0.55628946090335119,0.15000000000000002,1.7693532245114385,False,307,0.76370656370656376,False,False,20,60,60,40
cifar10_lenet5,647,"[2, 5, 5, 5]",50.833333333333336,1.4171900838216145,58.892666342884894,"[20.0, 60.0, 60.0, 60.0]",1.8747742528534213,1.1858475894245724,0.58892666342884892,0.10000000000000001,1.7747742528534212,False,409,0.68494208494208497,True,True,20,60,60,60
cifar10_lenet5,648,"[3, 0, 0, 0]",63.033333333333331,1.0294106775919596,0.2185526954832443,"[30.0, 0.0, 0.0, 0.0]",1.5726365378413023,1.4704510108864697,0.0021855269548324428,0.10000000000000001,1.4726365378413022,False,1049,0.19073359073359072,False,False,30,0,0,0
cifar10_lenet5,649,"[3, 0, 0, 1]",63.100000000000001,1.0293952573140461,1.850412821758135,"[30.0, 0.0, 0.0, 10.0]",1.6405103490573949,1.4720062208398135,0.01850412821758135,0.15000000000000002,1.4905103490573948,False,956,0.26254826254826252,False,False,30,0,0,10
cifar10_lenet5,650,"[3, 0, 0, 2]",63.166666666666664,1.0293303845723469,3.4822729480330259,"[30.0, 0.0, 0.0, 20.0]",1.6583841602734872,1.473561430793157,0.034822729480330258,0.15000000000000002,1.5083841602734873,False,915,0.29420849420849421,False,False,30,0,0,20
cifar10_lenet5,651,"[3, 0, 0, 3]",63.266666666666666,1.0296758130391439,5.1141330743079161,"[30.0, 0.0, 0.0, 30.0]",1.6270355764662521,1.4758942457231727,0.051141330743079159,0.10000000000000001,1.527035576466252,False,979,0.24478764478764478,False,False,30,0,0,30
cifar10_lenet5,652,"[3, 0, 0, 4]",63.133333333333333,1.0331737289428711,6.7459932005828076,"[30.0, 0.0, 0.0, 40.0]",1.6902437578223135,1.4727838258164854,0.067459932005828074,0.15000000000000002,1.5402437578223134,False,846,0.34749034749034752,False,False,30,0,0,40
cifar10_lenet5,653,"[3, 0, 0, 5]",62.56666666666667,1.044554094950358,10.009713453132589,"[30.0, 0.0, 0.0, 60.0]",1.7096616757443899,1.459564541213064,0.10009713453132589,0.15000000000000002,1.55966167574439,False,798,0.38455598455598455,False,False,30,0,0,60
cifar10_lenet5,654,"[3, 0, 1, 0]",63.100000000000001,1.0293071924845378,7.9893152015541524,"[30.0, 0.0, 10.0, 0.0]",1.7018993728553551,1.4720062208398135,0.079893152015541521,0.15000000000000002,1.551899372855355,False,810,0.37528957528957529,False,False,30,0,10,0
cifar10_lenet5,655,"[3, 0, 1, 1]",63.100000000000001,1.0293003896077475,9.6211753278290431,"[30.0, 0.0, 10.0, 10.0]",1.7182179741181041,1.4720062208398135,0.096211753278290429,0.15000000000000002,1.5682179741181039,False,780,0.39845559845559847,False,False,30,0,10,10
cifar10_lenet5,656,"[3, 0, 1, 2]",63.233333333333334,1.0292944399515789,11.253035454103934,"[30.0, 0.0, 10.0, 20.0]",1.7876469952875402,1.4751166407465008,0.11253035454103934,0.20000000000000001,1.5876469952875403,False,615,0.52586872586872591,False,False,30,0,10,20
cifar10_lenet5,657,"[3, 0, 1, 3]",63.43333333333333,1.0296018931070963,12.884895580378824,"[30.0, 0.0, 10.0, 30.0]",1.7586312264103201,1.479782270606532,0.12884895580378825,0.15000000000000002,1.60863122641032,False,697,0.46254826254826253,False,False,30,0,10,30
cifar10_lenet5,658,"[3, 0, 1, 4]",63.333333333333336,1.0329726282755534,14.516755706653715,"[30.0, 0.0, 10.0, 40.0]",1.8226170127430537,1.4774494556765165,0.14516755706653714,0.20000000000000001,1.6226170127430535,False,530,0.59150579150579152,False,False,30,0,10,40
cifar10_lenet5,659,"[3, 0, 1, 5]",62.533333333333331,1.0444740219116211,17.780475959203496,"[30.0, 0.0, 10.0, 60.0]",1.8365916958284267,1.4587869362363919,0.17780475959203496,0.20000000000000001,1.6365916958284268,False,500,0.61467181467181464,False,False,30,0,10,60
cifar10_lenet5,660,"[3, 0, 2, 0]",62.93333333333333,1.029531125386556,15.760077707625062,"[30.0, 0.0, 20.0, 0.0]",1.775718973032705,1.4681181959564542,0.15760077707625061,0.15000000000000002,1.6257189730327046,False,650,0.49884169884169882,False,False,30,0,20,0
cifar10_lenet5,661,"[3, 0, 2, 1]",63,1.0296359799702963,17.391937833899952,"[30.0, 0.0, 20.0, 10.0]",1.8435927842487974,1.4696734059097978,0.17391937833899954,0.20000000000000001,1.6435927842487974,False,479,0.63088803088803092,False,False,30,0,20,10
cifar10_lenet5,662,"[3, 0, 2, 2]",63.166666666666664,1.0297390213012696,19.023797960174843,"[30.0, 0.0, 20.0, 20.0]",1.8137994103949056,1.473561430793157,0.19023797960174843,0.15000000000000002,1.6637994103949054,False,556,0.5714285714285714,False,False,30,0,20,20
cifar10_lenet5,663,"[3, 0, 2, 3]",63.166666666666664,1.0297943598429362,20.655658086449733,"[30.0, 0.0, 20.0, 30.0]",1.8301180116576545,1.473561430793157,0.20655658086449735,0.15000000000000002,1.6801180116576544,False,516,0.60231660231660233,False,False,30,0,20,30
cifar10_lenet5,664,"[3, 0, 2, 4]",63,1.0333914972941081,22.287518212724624,"[30.0, 0.0, 20.0, 40.0]",1.8925485880370441,1.4696734059097978,0.22287518212724625,0.20000000000000001,1.6925485880370441,False,362,0.72123552123552126,False,False,30,0,20,40
cifar10_lenet5,665,"[3, 0, 2, 5]",62.033333333333331,1.0459632364908855,25.551238465274405,"[30.0, 0.0, 20.0, 60.0]",1.9026352462390581,1.4471228615863141,0.25551238465274406,0.20000000000000001,1.7026352462390582,False,342,0.73667953667953667,False,False,30,0,20,60
cifar10_lenet5,666,"[3, 0, 3, 0]",62.700000000000003,1.0337038205464681,23.530840213695971,"[30.0, 0.0, 30.0, 0.0]",1.797983363256711,1.4626749611197511,0.23530840213695972,0.10000000000000001,1.6979833632567112,False,590,0.54517374517374517,False,False,30,0,30,0
cifar10_lenet5,667,"[3, 0, 3, 1]",62.93333333333333,1.0336807492574056,25.162700339970861,"[30.0, 0.0, 30.0, 10.0]",1.8697451993561627,1.4681181959564542,0.25162700339970862,0.15000000000000002,1.7197451993561625,False,417,0.67876447876447876,False,False,30,0,30,10
cifar10_lenet5,668,"[3, 0, 3, 2]",62.633333333333333,1.0337177797953288,26.794560466245752,"[30.0, 0.0, 30.0, 20.0]",1.8790653558288652,1.4611197511664076,0.26794560466245754,0.15000000000000002,1.7290653558288651,False,394,0.69652509652509653,False,False,30,0,30,20
cifar10_lenet5,669,"[3, 0, 3, 3]",63.100000000000001,1.0339254837036134,28.426420592520643,"[30.0, 0.0, 30.0, 30.0]",1.8562704267650201,1.4720062208398135,0.28426420592520646,0.10000000000000001,1.75627042676502,False,446,0.65637065637065639,False,False,30,0,30,30
cifar10_lenet5,670,"[3, 0, 3, 4]",63.266666666666666,1.0384174868265788,30.058280718795533,"[30.0, 0.0, 30.0, 40.0]",1.9264770529111281,1.4758942457231727,0.30058280718795533,0.15000000000000002,1.776477052911128,False,296,0.77220077220077221,False,False,30,0,30,40
cifar10_lenet5,671,"[3, 0, 3, 5]",62.233333333333334,1.0498215866088867,33.322000971345311,"[30.0, 0.0, 30.0, 60.0]",1.9350085011597984,1.4517884914463455,0.33322000971345311,0.15000000000000002,1.7850085011597985,False,282,0.78301158301158302,False,False,30,0,30,60
cifar10_lenet5,672,"[3, 0, 4, 0]",62.733333333333334,1.042541446685791,31.301602719766876,"[30.0, 0.0, 40.0, 0.0]",1.9264685932940919,1.463452566096423,0.31301602719766874,0.15000000000000002,1.7764685932940918,False,297,0.77142857142857146,False,False,30,0,40,0
cifar10_lenet5,673,"[3, 0, 4, 1]",62.799999999999997,1.0424723358154298,32.93346284604177,"[30.0, 0.0, 40.0, 10.0]",1.9943424045101845,1.4650077760497668,0.32933462846041772,0.20000000000000001,1.7943424045101843,False,199,0.84710424710424714,False,False,30,0,40,10
cifar10_lenet5,674,"[3, 0, 4, 2]",62.733333333333334,1.0421849861145021,34.565322972316658,"[30.0, 0.0, 40.0, 20.0]",2.0091057958195897,1.463452566096423,0.34565322972316659,0.20000000000000001,1.8091057958195895,False,184,0.8586872586872587,False,False,30,0,40,20
cifar10_lenet5,675,"[3, 0, 4, 3]",62.666666666666664,1.0411419169108074,36.197183098591552,"[30.0, 0.0, 40.0, 30.0]",1.9738691871289946,1.4618973561430793,0.36197183098591551,0.15000000000000002,1.8238691871289949,False,230,0.82316602316602316,False,False,30,0,40,30
cifar10_lenet5,676,"[3, 0, 4, 4]",62.866666666666667,1.0473271954854328,37.829043224866439,"[30.0, 0.0, 40.0, 40.0]",1.994853418251775,1.4665629860031104,0.37829043224866438,0.15000000000000002,1.8448534182517748,False,198,0.84787644787644789,False,False,30,0,40,40
cifar10_lenet5,677,"[3, 0, 4, 5]",62.100000000000001,1.0577967656453451,41.09276347741622,"[30.0, 0.0, 40.0, 60.0]",2.0596057063138202,1.4486780715396579,0.41092763477416222,0.20000000000000001,1.8596057063138203,False,126,0.90347490347490345,False,False,30,0,40,60
cifar10_lenet5,678,"[3, 0, 5, 0]",61.166666666666664,1.0767453651428223,46.843127731908694,"[30.0, 0.0, 60.0, 0.0]",2.0453364095119331,1.4269051321928461,0.46843127731908696,0.15000000000000002,1.8953364095119332,False,144,0.88957528957528953,False,False,30,0,60,0
cifar10_lenet5,679,"[3, 0, 5, 1]",61.399999999999999,1.0774828122456868,48.474987858183582,"[30.0, 0.0, 60.0, 10.0]",2.1170982456113849,1.4323483670295492,0.48474987858183582,0.20000000000000001,1.9170982456113848,False,54,0.95907335907335911,False,False,30,0,60,10
cifar10_lenet5,680,"[3, 0, 5, 2]",61.700000000000003,1.077847329457601,50.106847984458476,"[30.0, 0.0, 60.0, 20.0]",2.1404152916641808,1.4393468118195958,0.5010684798445848,0.20000000000000001,1.9404152916641806,False,36,0.97297297297297303,False,False,30,0,60,20
cifar10_lenet5,681,"[3, 0, 5, 3]",61.866666666666667,1.0750064748128256,51.738708110733363,"[30.0, 0.0, 60.0, 30.0]",2.1106219178102883,1.4432348367029548,0.51738708110733367,0.15000000000000002,1.9606219178102884,False,61,0.95366795366795365,False,False,30,0,60,30
cifar10_lenet5,682,"[3, 0, 5, 4]",61.399999999999999,1.081356844584147,53.370568237008257,"[30.0, 0.0, 60.0, 40.0]",2.1660540493996319,1.4323483670295492,0.53370568237008253,0.20000000000000001,1.9660540493996315,False,13,0.99073359073359069,False,False,30,0,60,40
cifar10_lenet5,683,"[3, 0, 5, 5]",61.200000000000003,1.100363141377767,56.634288489558038,"[30.0, 0.0, 60.0, 60.0]",2.1440256220650982,1.427682737169518,0.56634288489558038,0.15000000000000002,1.9940256220650987,False,32,0.97606177606177602,False,False,30,0,60,60
cifar10_lenet5,684,"[3, 1, 0, 0]",63.100000000000001,1.0300718612670898,0.60709082078678966,"[30.0, 10.0, 0.0, 0.0]",1.6280771290476812,1.4720062208398135,0.0060709082078678964,0.15000000000000002,1.4780771290476813,False,977,0.24633204633204633,False,False,30,10,0,0
cifar10_lenet5,685,"[3, 1, 0, 1]",63.100000000000001,1.0301981328328451,2.2389509470616806,"[30.0, 10.0, 0.0, 10.0]",1.6443957303104302,1.4720062208398135,0.022389509470616808,0.15000000000000002,1.4943957303104303,False,943,0.27258687258687259,False,False,30,10,0,10
cifar10_lenet5,686,"[3, 1, 0, 2]",63.06666666666667,1.0304997584025064,3.8708110733365713,"[30.0, 10.0, 0.0, 20.0]",1.7099367265965075,1.4712286158631418,0.038708110733365712,0.20000000000000001,1.5099367265965076,False,796,0.38610038610038611,False,False,30,10,0,20
cifar10_lenet5,687,"[3, 1, 0, 3]",63.333333333333336,1.0302340253194173,5.5026711996114619,"[30.0, 10.0, 0.0, 30.0]",1.6824761676726312,1.4774494556765165,0.05502671199611462,0.15000000000000002,1.5324761676726308,False,868,0.3305019305019305,False,False,30,10,0,30
cifar10_lenet5,688,"[3, 1, 0, 4]",63.233333333333334,1.0335381749471029,7.1345313258863525,"[30.0, 10.0, 0.0, 40.0]",1.7464619540053643,1.4751166407465008,0.071345313258863521,0.20000000000000001,1.5464619540053643,False,722,0.44324324324324327,False,False,30,10,0,40
cifar10_lenet5,689,"[3, 1, 0, 5]",62.366666666666667,1.0449467252095541,10.398251578436135,"[30.0, 10.0, 0.0, 60.0]",1.7588814271373938,1.4548989113530326,0.10398251578436135,0.20000000000000001,1.5588814271373939,False,695,0.46409266409266409,False,False,30,10,0,60
cifar10_lenet5,690,"[3, 1, 1, 0]",63.06666666666667,1.030015230814616,8.3778533268576982,"[30.0, 10.0, 10.0, 0.0]",1.7050071491317187,1.4712286158631418,0.083778533268576982,0.15000000000000002,1.5550071491317188,False,805,0.37915057915057915,False,False,30,10,10,0
cifar10_lenet5,691,"[3, 1, 1, 1]",63.166666666666664,1.03015513865153,10.009713453132589,"[30.0, 10.0, 10.0, 10.0]",1.6736585653244831,1.473561430793157,0.10009713453132589,0.10000000000000001,1.573658565324483,False,885,0.31737451737451738,False,False,30,10,10,10
cifar10_lenet5,692,"[3, 1, 1, 2]",63.133333333333333,1.0304879659016928,11.641573579407479,"[30.0, 10.0, 10.0, 20.0]",1.73919956161056,1.4727838258164854,0.1164157357940748,0.15000000000000002,1.5891995616105601,False,740,0.42934362934362935,False,False,30,10,10,20
cifar10_lenet5,693,"[3, 1, 1, 3]",63.200000000000003,1.0302409960428873,13.27343370568237,"[30.0, 10.0, 10.0, 30.0]",1.7070733728266527,1.4743390357698289,0.13273433705682369,0.10000000000000001,1.6070733728266529,False,799,0.38378378378378381,False,False,30,10,10,30
cifar10_lenet5,694,"[3, 1, 1, 4]",63.233333333333334,1.0334225107828776,14.905293831957261,"[30.0, 10.0, 10.0, 40.0]",1.7741695790660734,1.4751166407465008,0.14905293831957261,0.15000000000000002,1.6241695790660735,False,654,0.49575289575289577,False,False,30,10,10,40
cifar10_lenet5,695,"[3, 1, 1, 5]",62.299999999999997,1.0449470342000327,18.169014084507044,"[30.0, 10.0, 10.0, 60.0]",1.7850338422447596,1.453343701399689,0.18169014084507043,0.15000000000000002,1.6350338422447592,False,629,0.51505791505791509,False,False,30,10,10,60
cifar10_lenet5,696,"[3, 1, 2, 0]",62.966666666666669,1.030502104441325,16.148615832928606,"[30.0, 10.0, 20.0, 0.0]",1.8303819592624122,1.4688958009331261,0.16148615832928606,0.20000000000000001,1.6303819592624123,False,512,0.60540540540540544,False,False,30,10,20,0
cifar10_lenet5,697,"[3, 1, 2, 1]",63.033333333333331,1.0307741724650066,17.780475959203496,"[30.0, 10.0, 20.0, 10.0]",1.7982557704785047,1.4704510108864697,0.17780475959203496,0.15000000000000002,1.6482557704785046,False,589,0.54594594594594592,False,False,30,10,20,10
cifar10_lenet5,698,"[3, 1, 2, 2]",63.033333333333331,1.0311973393758138,19.412336085478387,"[30.0, 10.0, 20.0, 20.0]",1.8145743717412537,1.4704510108864697,0.19412336085478388,0.15000000000000002,1.6645743717412536,False,552,0.5745173745173745,False,False,30,10,20,20
cifar10_lenet5,699,"[3, 1, 2, 3]",62.93333333333333,1.0307388305664062,21.044196211753277,"[30.0, 10.0, 20.0, 30.0]",1.8285601580739872,1.4681181959564542,0.21044196211753277,0.15000000000000002,1.6785601580739868,False,520,0.59922779922779923,False,False,30,10,20,30
cifar10_lenet5,700,"[3, 1, 2, 4]",63.133333333333333,1.0341082191467286,22.676056338028168,"[30.0, 10.0, 20.0, 40.0]",1.8995443891967669,1.4727838258164854,0.22676056338028169,0.20000000000000001,1.699544389196767,False,345,0.73436293436293432,False,False,30,10,20,40
cifar10_lenet5,701,"[3, 1, 2, 5]",62.133333333333333,1.0467036501566569,25.939776590577949,"[30.0, 10.0, 20.0, 60.0]",1.9088534424221093,1.4494556765163298,0.25939776590577951,0.20000000000000001,1.7088534424221093,False,331,0.74517374517374513,False,False,30,10,20,60
cifar10_lenet5,702,"[3, 1, 3, 0]",62.866666666666667,1.0346798286437988,23.919378338999515,"[30.0, 10.0, 30.0, 0.0]",1.8557567693931056,1.4665629860031104,0.23919378338999514,0.15000000000000002,1.7057567693931055,False,449,0.65405405405405403,False,False,30,10,30,0
cifar10_lenet5,703,"[3, 1, 3, 1]",62.93333333333333,1.0348003857930501,25.551238465274405,"[30.0, 10.0, 30.0, 10.0]",1.8236305806091984,1.4681181959564542,0.25551238465274406,0.10000000000000001,1.723630580609198,False,528,0.59305019305019302,False,False,30,10,30,10
cifar10_lenet5,704,"[3, 1, 3, 2]",62.833333333333336,1.0351857732137044,27.183098591549296,"[30.0, 10.0, 30.0, 20.0]",1.8876163669419319,1.4657853810264387,0.27183098591549298,0.15000000000000002,1.7376163669419318,False,370,0.71505791505791505,False,False,30,10,30,20
cifar10_lenet5,705,"[3, 1, 3, 3]",63.06666666666667,1.0348576825459799,28.814958717824187,"[30.0, 10.0, 30.0, 30.0]",1.8593782030413837,1.4712286158631418,0.28814958717824185,0.10000000000000001,1.7593782030413836,False,438,0.6625482625482626,False,False,30,10,30,30
cifar10_lenet5,706,"[3, 1, 3, 4]",63.233333333333334,1.0391150054931642,30.446818844099077,"[30.0, 10.0, 30.0, 40.0]",1.9295848291874917,1.4751166407465008,0.30446818844099077,0.15000000000000002,1.7795848291874916,False,290,0.77683397683397681,False,False,30,10,30,40
cifar10_lenet5,707,"[3, 1, 3, 5]",62.100000000000001,1.0504654528299968,33.710539096648859,"[30.0, 10.0, 30.0, 60.0]",1.9357834625061465,1.4486780715396579,0.33710539096648862,0.15000000000000002,1.7857834625061466,False,280,0.78455598455598452,False,False,30,10,30,60
cifar10_lenet5,708,"[3, 1, 4, 0]",62.833333333333336,1.0432045453389485,31.690140845070424,"[30.0, 10.0, 40.0, 0.0]",1.9826867894771429,1.4657853810264387,0.31690140845070425,0.20000000000000001,1.782686789477143,False,218,0.83243243243243248,False,False,30,10,40,0
cifar10_lenet5,709,"[3, 1, 4, 1]",63,1.0432828432718912,33.322000971345311,"[30.0, 10.0, 40.0, 10.0]",1.9528934156232509,1.4696734059097978,0.33322000971345311,0.15000000000000002,1.802893415623251,False,258,0.80154440154440154,False,False,30,10,40,10
cifar10_lenet5,710,"[3, 1, 4, 2]",62.899999999999999,1.0433706410725911,34.953861097620205,"[30.0, 10.0, 40.0, 20.0]",2.0168792019559842,1.4673405909797823,0.34953861097620204,0.20000000000000001,1.8168792019559843,False,173,0.86718146718146716,False,False,30,10,40,20
cifar10_lenet5,711,"[3, 1, 4, 3]",62.799999999999997,1.0418022206624349,36.585721223895092,"[30.0, 10.0, 40.0, 30.0]",1.9808649882887179,1.4650077760497668,0.3658572122389509,0.15000000000000002,1.8308649882887176,False,219,0.83166023166023162,False,False,30,10,40,30
cifar10_lenet5,712,"[3, 1, 4, 4]",62.966666666666669,1.0477312304178874,38.217581350169986,"[30.0, 10.0, 40.0, 40.0]",2.0010716144348262,1.4688958009331261,0.38217581350169988,0.15000000000000002,1.851071614434826,False,193,0.85173745173745175,False,False,30,10,40,40
cifar10_lenet5,713,"[3, 1, 4, 5]",62.266666666666666,1.0582628746032714,41.481301602719768,"[30.0, 10.0, 40.0, 60.0]",2.0673791124502148,1.4525660964230172,0.41481301602719767,0.20000000000000001,1.8673791124502148,False,118,0.90965250965250966,False,False,30,10,40,60
cifar10_lenet5,714,"[3, 1, 5, 0]",61.799999999999997,1.0774990717569988,47.231665857212242,"[30.0, 10.0, 60.0, 0.0]",2.1139962853217336,1.4416796267496113,0.47231665857212241,0.20000000000000001,1.9139962853217334,False,56,0.9575289575289575,False,False,30,10,60,0
cifar10_lenet5,715,"[3, 1, 5, 1]",61.766666666666666,1.0783849512736003,48.863525983487129,"[30.0, 10.0, 60.0, 10.0]",2.0795372816078106,1.4409020217729394,0.48863525983487133,0.15000000000000002,1.9295372816078109,False,99,0.92432432432432432,False,False,30,10,60,10
cifar10_lenet5,716,"[3, 1, 5, 2]",61.799999999999997,1.0790962944030762,50.495386109762023,"[30.0, 10.0, 60.0, 20.0]",2.1466334878472315,1.4416796267496113,0.50495386109762019,0.20000000000000001,1.9466334878472313,False,29,0.97837837837837838,False,False,30,10,60,20
cifar10_lenet5,717,"[3, 1, 5, 3]",61.833333333333336,1.075899787902832,52.12724623603691,"[30.0, 10.0, 60.0, 30.0]",2.1137296940866523,1.4424572317262832,0.52127246236036906,0.15000000000000002,1.9637296940866522,False,57,0.95675675675675675,False,False,30,10,60,30
cifar10_lenet5,718,"[3, 1, 5, 4]",61.633333333333333,1.0820159416198731,53.759106362311805,"[30.0, 10.0, 60.0, 40.0]",2.1753826654893702,1.437791601866252,0.53759106362311804,0.20000000000000001,1.97538266548937,False,8,0.99459459459459465,False,False,30,10,60,40
cifar10_lenet5,719,"[3, 1, 5, 5]",61.033333333333331,1.100832218170166,57.022826614861586,"[30.0, 10.0, 60.0, 60.0]",2.1440229784347742,1.4237947122861585,0.57022826614861588,0.15000000000000002,1.9940229784347747,False,33,0.97528957528957527,False,False,30,10,60,60
cifar10_lenet5,720,"[3, 2, 0, 0]",62.666666666666664,1.0343332888285319,0.99562894609033514,"[30.0, 20.0, 0.0, 0.0]",1.6218536456039825,1.4618973561430793,0.0099562894609033521,0.15000000000000002,1.4718536456039828,False,988,0.23783783783783785,False,False,30,20,0,0
cifar10_lenet5,721,"[3, 2, 0, 1]",62.833333333333336,1.0347233072916666,2.627489072365226,"[30.0, 20.0, 0.0, 10.0]",1.692060271750091,1.4657853810264387,0.026274890723652262,0.20000000000000001,1.492060271750091,False,840,0.35212355212355212,False,False,30,20,0,10
cifar10_lenet5,722,"[3, 2, 0, 2]",62.56666666666667,1.0359224548339845,4.2593491986401162,"[30.0, 20.0, 0.0, 20.0]",1.652158033199465,1.459564541213064,0.042593491986401159,0.15000000000000002,1.5021580331994651,False,931,0.28185328185328185,False,False,30,20,0,20
cifar10_lenet5,723,"[3, 2, 0, 3]",62.56666666666667,1.0352119916280111,5.8912093249150077,"[30.0, 20.0, 0.0, 30.0]",1.6684766344622139,1.459564541213064,0.058912093249150081,0.15000000000000002,1.518476634462214,False,895,0.30965250965250968,False,False,30,20,0,30
cifar10_lenet5,724,"[3, 2, 0, 4]",62.833333333333336,1.03654119237264,7.5230694511898983,"[30.0, 20.0, 0.0, 40.0]",1.7410160755383377,1.4657853810264387,0.075230694511898982,0.20000000000000001,1.5410160755383377,False,736,0.43243243243243246,False,False,30,20,0,40
cifar10_lenet5,725,"[3, 2, 0, 5]",62.200000000000003,1.0465431772867839,10.786789703739679,"[30.0, 20.0, 0.0, 60.0]",1.7588787835070701,1.4510108864696734,0.10786789703739678,0.20000000000000001,1.5588787835070703,False,696,0.46332046332046334,False,False,30,20,0,60
cifar10_lenet5,726,"[3, 2, 1, 0]",62.666666666666664,1.0343061459859213,8.766391452161244,"[30.0, 20.0, 10.0, 0.0]",1.7495612706646917,1.4618973561430793,0.087663914521612443,0.20000000000000001,1.549561270664692,False,714,0.44942084942084942,False,False,30,20,10,0
cifar10_lenet5,727,"[3, 2, 1, 1]",62.633333333333333,1.0347089029947916,10.398251578436135,"[30.0, 20.0, 10.0, 10.0]",1.7151022669507689,1.4611197511664076,0.10398251578436135,0.15000000000000002,1.565102266950769,False,785,0.39459459459459462,False,False,30,20,10,10
cifar10_lenet5,728,"[3, 2, 1, 2]",62.466666666666669,1.0359467684427897,12.030111704711025,"[30.0, 20.0, 10.0, 20.0]",1.7275328433301587,1.4572317262830483,0.12030111704711026,0.15000000000000002,1.5775328433301585,False,760,0.41389961389961388,False,False,30,20,10,20
cifar10_lenet5,729,"[3, 2, 1, 3]",62.533333333333331,1.0352465311686199,13.661971830985916,"[30.0, 20.0, 10.0, 30.0]",1.745406654546251,1.4587869362363919,0.13661971830985917,0.15000000000000002,1.5954066545462511,False,724,0.44169884169884172,False,False,30,20,10,30
cifar10_lenet5,730,"[3, 2, 1, 4]",62.799999999999997,1.036423391977946,15.293831957260807,"[30.0, 20.0, 10.0, 40.0]",1.8179460956223747,1.4650077760497668,0.15293831957260806,0.20000000000000001,1.6179460956223748,False,542,0.58223938223938221,False,False,30,20,10,40
cifar10_lenet5,731,"[3, 2, 1, 5]",62.266666666666666,1.0464816004435222,18.557552209810588,"[30.0, 20.0, 10.0, 60.0]",1.838141618521123,1.4525660964230172,0.18557552209810588,0.20000000000000001,1.6381416185211231,False,496,0.61776061776061775,False,False,30,20,10,60
cifar10_lenet5,732,"[3, 2, 2, 0]",62.533333333333331,1.0340196406046549,16.537153958232153,"[30.0, 20.0, 20.0, 0.0]",1.7741584758187132,1.4587869362363919,0.16537153958232154,0.15000000000000002,1.6241584758187133,False,655,0.49498069498069497,False,False,30,20,20,0
cifar10_lenet5,733,"[3, 2, 2, 1]",62.56666666666667,1.0345378392537434,18.169014084507044,"[30.0, 20.0, 20.0, 10.0]",1.7912546820581343,1.459564541213064,0.18169014084507043,0.15000000000000002,1.6412546820581344,False,605,0.53359073359073361,False,False,30,20,20,10
cifar10_lenet5,734,"[3, 2, 2, 2]",62.533333333333331,1.0359676678975422,19.800874210781934,"[30.0, 20.0, 20.0, 20.0]",1.7567956783442114,1.4587869362363919,0.19800874210781935,0.10000000000000001,1.6567956783442113,False,702,0.45868725868725868,False,False,30,20,20,20
cifar10_lenet5,735,"[3, 2, 2, 3]",62.333333333333336,1.0349515749613445,21.432734337056825,"[30.0, 20.0, 20.0, 30.0]",1.7684486497469294,1.4541213063763609,0.21432734337056825,0.10000000000000001,1.6684486497469293,False,668,0.48494208494208496,False,False,30,20,20,30
cifar10_lenet5,736,"[3, 2, 2, 4]",62.533333333333331,1.0363268763224285,23.064594463331716,"[30.0, 20.0, 20.0, 40.0]",1.8394328808697091,1.4587869362363919,0.23064594463331717,0.15000000000000002,1.689432880869709,False,489,0.62316602316602321,False,False,30,20,20,40
cifar10_lenet5,737,"[3, 2, 2, 5]",62.133333333333333,1.0474617169698079,26.328314715881497,"[30.0, 20.0, 20.0, 60.0]",1.8627388236751448,1.4494556765163298,0.26328314715881496,0.15000000000000002,1.7127388236751449,False,431,0.66795366795366795,False,False,30,20,20,60
cifar10_lenet5,738,"[3, 2, 3, 0]",62.56666666666667,1.0374473063151042,24.307916464303059,"[30.0, 20.0, 30.0, 0.0]",1.8526437058560945,1.459564541213064,0.24307916464303059,0.15000000000000002,1.7026437058560946,False,458,0.64710424710424708,False,False,30,20,30,0
cifar10_lenet5,739,"[3, 2, 3, 1]",62.5,1.0378594894409179,25.939776590577949,"[30.0, 20.0, 30.0, 10.0]",1.8674070971654997,1.4580093312597202,0.25939776590577951,0.15000000000000002,1.7174070971654998,False,425,0.67258687258687255,False,False,30,20,30,10
cifar10_lenet5,740,"[3, 2, 3, 2]",62.399999999999999,1.0391540959676107,27.57163671685284,"[30.0, 20.0, 30.0, 20.0]",1.8313928834982329,1.4556765163297045,0.27571636716852843,0.10000000000000001,1.7313928834982328,False,510,0.60694980694980694,False,False,30,20,30,20
cifar10_lenet5,741,"[3, 2, 3, 3]",62.399999999999999,1.0384333165486654,29.203496843127731,"[30.0, 20.0, 30.0, 30.0]",1.8477114847609819,1.4556765163297045,0.2920349684312773,0.10000000000000001,1.7477114847609818,False,468,0.63938223938223937,False,False,30,20,30,30
cifar10_lenet5,742,"[3, 2, 3, 4]",62.833333333333336,1.0408591486612955,30.835356969402621,"[30.0, 20.0, 30.0, 40.0]",1.9241389507204651,1.4657853810264387,0.30835356969402622,0.15000000000000002,1.774138950720465,False,300,0.76911196911196911,False,False,30,20,30,40
cifar10_lenet5,743,"[3, 2, 3, 5]",62.133333333333333,1.0508104375203451,34.099077221952406,"[30.0, 20.0, 30.0, 60.0]",1.9404464487358539,1.4494556765163298,0.34099077221952406,0.15000000000000002,1.7904464487358538,False,273,0.78996138996138998,False,False,30,20,30,60
cifar10_lenet5,744,"[3, 2, 4, 0]",62.5,1.0454076347351073,32.078678970373971,"[30.0, 20.0, 40.0, 0.0]",1.9787961209634599,1.4580093312597202,0.32078678970373969,0.20000000000000001,1.77879612096346,False,223,0.82857142857142863,False,False,30,20,40,0
cifar10_lenet5,745,"[3, 2, 4, 1]",62.43333333333333,1.0457554740905761,33.710539096648859,"[30.0, 20.0, 40.0, 10.0]",1.9935595122728651,1.4564541213063764,0.33710539096648862,0.20000000000000001,1.7935595122728647,False,201,0.84555984555984554,False,False,30,20,40,10
cifar10_lenet5,746,"[3, 2, 4, 2]",62.5,1.0466391283671062,35.342399222923753,"[30.0, 20.0, 40.0, 20.0]",1.9614333234889578,1.4580093312597202,0.35342399222923754,0.15000000000000002,1.8114333234889577,False,244,0.81235521235521235,False,False,30,20,40,20
cifar10_lenet5,747,"[3, 2, 4, 3]",62.43333333333333,1.0448705113728842,36.97425934919864,"[30.0, 20.0, 40.0, 30.0]",1.976196714798363,1.4564541213063764,0.3697425934919864,0.15000000000000002,1.8261967147983627,False,226,0.82625482625482627,False,False,30,20,40,30
cifar10_lenet5,748,"[3, 2, 4, 4]",62.733333333333334,1.0487745310465495,38.606119475473534,"[30.0, 20.0, 40.0, 40.0]",1.9995137608511584,1.463452566096423,0.38606119475473533,0.15000000000000002,1.8495137608511585,False,195,0.85019305019305025,False,False,30,20,40,40
cifar10_lenet5,749,"[3, 2, 4, 5]",62.200000000000003,1.0579414278666179,41.869839728023315,"[30.0, 20.0, 40.0, 60.0]",2.0697092837499067,1.4510108864696734,0.41869839728023317,0.20000000000000001,1.8697092837499067,False,114,0.91274131274131276,False,False,30,20,40,60
cifar10_lenet5,750,"[3, 2, 5, 0]",61.700000000000003,1.0797533493041993,47.620203982515783,"[30.0, 20.0, 60.0, 0.0]",2.1155488516447538,1.4393468118195958,0.47620203982515785,0.20000000000000001,1.9155488516447536,False,55,0.95830115830115825,False,False,30,20,60,0
cifar10_lenet5,751,"[3, 2, 5, 1]",61.666666666666664,1.0808132464090983,49.252064108790677,"[30.0, 20.0, 60.0, 10.0]",2.1310898479308307,1.4385692068429237,0.49252064108790677,0.20000000000000001,1.9310898479308307,False,42,0.96833976833976831,False,False,30,20,60,10
cifar10_lenet5,752,"[3, 2, 5, 2]",61.533333333333331,1.0823091684977213,50.883924235065564,"[30.0, 20.0, 60.0, 20.0]",2.0942980292868918,1.4354587869362363,0.5088392423506557,0.15000000000000002,1.9442980292868923,False,75,0.94285714285714284,False,False,30,20,60,20
cifar10_lenet5,753,"[3, 2, 5, 3]",61.56666666666667,1.0785703697204589,52.515784361340458,"[30.0, 20.0, 60.0, 30.0]",2.1113942355263129,1.4362363919129084,0.52515784361340456,0.15000000000000002,1.961394235526313,False,60,0.9544401544401544,False,False,30,20,60,30
cifar10_lenet5,754,"[3, 2, 5, 4]",61.56666666666667,1.0830961443583171,54.147644487615345,"[30.0, 20.0, 60.0, 40.0]",2.1777128367890621,1.4362363919129084,0.54147644487615343,0.20000000000000001,1.977712836789062,False,7,0.9953667953667954,False,False,30,20,60,40
cifar10_lenet5,755,"[3, 2, 5, 5]",61.233333333333334,1.1005862058003744,57.411364740165126,"[30.0, 20.0, 60.0, 60.0]",2.1525739895478408,1.4284603421461899,0.57411364740165127,0.15000000000000002,2.0025739895478409,False,24,0.98223938223938223,False,False,30,20,60,60
cifar10_lenet5,756,"[3, 3, 0, 0]",62.700000000000003,1.0455619799296061,1.3841670713938805,"[30.0, 30.0, 0.0, 0.0]",1.5765166318336901,1.4626749611197511,0.013841670713938806,0.10000000000000001,1.4765166318336902,False,1048,0.1915057915057915,False,False,30,30,0,0
cifar10_lenet5,757,"[3, 3, 0, 1]",62.600000000000001,1.0451675415039063,3.0160271976687714,"[30.0, 30.0, 0.0, 10.0]",1.6405024181664234,1.4603421461897357,0.030160271976687716,0.15000000000000002,1.4905024181664235,False,957,0.26177606177606177,False,False,30,30,0,10
cifar10_lenet5,758,"[3, 3, 0, 2]",62.600000000000001,1.0464218762715658,4.647887323943662,"[30.0, 30.0, 0.0, 20.0]",1.6568210194291724,1.4603421461897357,0.04647887323943662,0.15000000000000002,1.5068210194291722,False,918,0.29189189189189191,False,False,30,30,0,20
cifar10_lenet5,759,"[3, 3, 0, 3]",62.600000000000001,1.0468281847635905,6.2797474502185526,"[30.0, 30.0, 0.0, 30.0]",1.6231396206919213,1.4603421461897357,0.062797474502185521,0.10000000000000001,1.5231396206919212,False,987,0.2386100386100386,False,False,30,30,0,30
cifar10_lenet5,760,"[3, 3, 0, 4]",62.5,1.0505848541259766,7.9116075764934433,"[30.0, 30.0, 0.0, 40.0]",1.6871254070246549,1.4580093312597202,0.079116075764934429,0.15000000000000002,1.5371254070246547,False,856,0.33976833976833976,False,False,30,30,0,40
cifar10_lenet5,761,"[3, 3, 0, 5]",62.799999999999997,1.0541946881612141,11.175327829043225,"[30.0, 30.0, 0.0, 60.0]",1.7267610543401992,1.4650077760497668,0.11175327829043225,0.15000000000000002,1.5767610543401989,False,762,0.41235521235521233,False,False,30,30,0,60
cifar10_lenet5,762,"[3, 3, 1, 0]",62.733333333333334,1.0453943773905436,9.1549295774647881,"[30.0, 30.0, 10.0, 0.0]",1.7050018618710707,1.463452566096423,0.091549295774647876,0.15000000000000002,1.5550018618710708,False,806,0.3783783783783784,False,False,30,30,10,0
cifar10_lenet5,763,"[3, 3, 1, 1]",62.666666666666664,1.0450272382100423,10.786789703739679,"[30.0, 30.0, 10.0, 10.0]",1.6697652531804761,1.4618973561430793,0.10786789703739678,0.10000000000000001,1.5697652531804762,False,893,0.31119691119691117,False,False,30,30,10,10
cifar10_lenet5,764,"[3, 3, 1, 2]",62.633333333333333,1.046289301554362,12.418649830014569,"[30.0, 30.0, 10.0, 20.0]",1.7353062494665532,1.4611197511664076,0.12418649830014569,0.15000000000000002,1.5853062494665533,False,743,0.42702702702702705,False,False,30,30,10,20
cifar10_lenet5,765,"[3, 3, 1, 3]",62.700000000000003,1.0466549237569174,14.050509956289462,"[30.0, 30.0, 10.0, 30.0]",1.7031800606826459,1.4626749611197511,0.14050509956289461,0.10000000000000001,1.6031800606826461,False,809,0.37606177606177604,False,False,30,30,10,30
cifar10_lenet5,766,"[3, 3, 1, 4]",62.5,1.050279349009196,15.682370082564352,"[30.0, 30.0, 10.0, 40.0]",1.7648330320853636,1.4580093312597202,0.15682370082564354,0.15000000000000002,1.6148330320853637,False,677,0.477992277992278,False,False,30,30,10,40
cifar10_lenet5,767,"[3, 3, 1, 5]",62.866666666666667,1.0539855524698893,18.946090335114132,"[30.0, 30.0, 10.0, 60.0]",1.8060238893542517,1.4665629860031104,0.18946090335114132,0.15000000000000002,1.6560238893542518,False,572,0.55907335907335909,False,False,30,30,10,60
cifar10_lenet5,768,"[3, 3, 2, 0]",63.033333333333331,1.0440219942728679,16.925692083535697,"[30.0, 30.0, 20.0, 0.0]",1.7897079317218267,1.4704510108864697,0.16925692083535698,0.15000000000000002,1.6397079317218266,False,609,0.53050193050193051,False,False,30,30,20,0
cifar10_lenet5,769,"[3, 3, 2, 1]",62.966666666666669,1.0437175572713215,18.557552209810588,"[30.0, 30.0, 20.0, 10.0]",1.8044713230312319,1.4688958009331261,0.18557552209810588,0.15000000000000002,1.654471323031232,False,574,0.55752895752895748,False,False,30,30,20,10
cifar10_lenet5,770,"[3, 3, 2, 2]",62.966666666666669,1.0451320203145344,20.189412336085478,"[30.0, 30.0, 20.0, 20.0]",1.7707899242939811,1.4688958009331261,0.2018941233608548,0.10000000000000001,1.670789924293981,False,665,0.48725868725868726,False,False,30,30,20,20
cifar10_lenet5,771,"[3, 3, 2, 3]",62.733333333333334,1.0452045199076334,21.821272462360369,"[30.0, 30.0, 20.0, 30.0]",1.7816652907200268,1.463452566096423,0.21821272462360369,0.10000000000000001,1.6816652907200267,False,632,0.51274131274131274,False,False,30,30,20,30
cifar10_lenet5,772,"[3, 3, 2, 4]",62.333333333333336,1.0490852101643879,23.45313258863526,"[30.0, 30.0, 20.0, 40.0]",1.8386526322627135,1.4541213063763609,0.23453132588635262,0.15000000000000002,1.6886526322627136,False,494,0.61930501930501936,False,False,30,30,20,40
cifar10_lenet5,773,"[3, 3, 2, 5]",62.533333333333331,1.0539633356730143,26.716852841185041,"[30.0, 30.0, 20.0, 60.0]",1.8759554646482424,1.4587869362363919,0.2671685284118504,0.15000000000000002,1.7259554646482422,False,406,0.68725868725868722,False,False,30,30,20,60
cifar10_lenet5,774,"[3, 3, 3, 0]",62.366666666666667,1.0488481114705404,24.696454589606606,"[30.0, 30.0, 30.0, 0.0]",1.8018634572490988,1.4548989113530326,0.24696454589606606,0.10000000000000001,1.7018634572490987,False,579,0.55366795366795363,False,False,30,30,30,0
cifar10_lenet5,775,"[3, 3, 3, 1]",62.366666666666667,1.0484485804239909,26.328314715881497,"[30.0, 30.0, 30.0, 10.0]",1.8181820585118476,1.4548989113530326,0.26328314715881496,0.10000000000000001,1.7181820585118475,False,541,0.58301158301158296,False,False,30,30,30,10
cifar10_lenet5,776,"[3, 3, 3, 2]",62.399999999999999,1.0498666508992514,27.960174842156388,"[30.0, 30.0, 30.0, 20.0]",1.8352782647512684,1.4556765163297045,0.27960174842156388,0.10000000000000001,1.7352782647512683,False,503,0.6123552123552124,False,False,30,30,30,20
cifar10_lenet5,777,"[3, 3, 3, 3]",62.266666666666666,1.050168924967448,29.592034968431278,"[30.0, 30.0, 30.0, 30.0]",1.79848644610733,1.4525660964230172,0.2959203496843128,0.050000000000000003,1.74848644610733,False,587,0.54749034749034753,False,False,30,30,30,30
cifar10_lenet5,778,"[3, 3, 3, 4]",62.166666666666664,1.0551394653320312,31.223895094706169,"[30.0, 30.0, 30.0, 40.0]",1.8624722324400633,1.4502332814930015,0.31223895094706172,0.10000000000000001,1.7624722324400635,False,432,0.6671814671814672,False,False,30,30,30,40
cifar10_lenet5,779,"[3, 3, 3, 5]",62.5,1.0588750228881836,34.487615347255947,"[30.0, 30.0, 30.0, 60.0]",1.9028854847322798,1.4580093312597202,0.34487615347255945,0.10000000000000001,1.8028854847322797,False,339,0.73899613899613903,False,False,30,30,30,60
cifar10_lenet5,780,"[3, 3, 4, 0]",61.93333333333333,1.0596549123128256,32.467217095677512,"[30.0, 30.0, 40.0, 0.0]",1.9194622176130736,1.4447900466562986,0.32467217095677514,0.15000000000000002,1.7694622176130737,False,306,0.76447876447876451,False,False,30,30,40,0
cifar10_lenet5,781,"[3, 3, 4, 1]",61.799999999999997,1.0591770909627278,34.099077221952406,"[30.0, 30.0, 40.0, 10.0]",1.9326703989691354,1.4416796267496113,0.34099077221952406,0.15000000000000002,1.782670398969135,False,288,0.77837837837837842,False,False,30,30,40,10
cifar10_lenet5,782,"[3, 3, 4, 2]",61.600000000000001,1.060211908976237,35.730937348227293,"[30.0, 30.0, 40.0, 20.0]",1.944323370371853,1.4370139968895801,0.35730937348227293,0.15000000000000002,1.7943233703718533,False,270,0.79227799227799223,False,False,30,30,40,20
cifar10_lenet5,783,"[3, 3, 4, 3]",61.866666666666667,1.0595776087443034,37.362797474502187,"[30.0, 30.0, 40.0, 30.0]",1.9168628114479769,1.4432348367029548,0.37362797474502191,0.10000000000000001,1.8168628114479768,False,311,0.76061776061776065,False,False,30,30,40,30
cifar10_lenet5,784,"[3, 3, 4, 4]",62.06666666666667,1.0661302375793458,38.994657600777074,"[30.0, 30.0, 40.0, 40.0]",1.937847042570757,1.4479004665629862,0.38994657600777077,0.10000000000000001,1.8378470425707569,False,276,0.78764478764478763,False,False,30,30,40,40
cifar10_lenet5,785,"[3, 3, 4, 5]",62.200000000000003,1.0684869257609049,42.258377853326856,"[30.0, 30.0, 40.0, 60.0]",2.0235946650029417,1.4510108864696734,0.42258377853326856,0.15000000000000002,1.8735946650029422,False,164,0.87413127413127412,False,False,30,30,40,60
cifar10_lenet5,786,"[3, 3, 5, 0]",61.200000000000003,1.0844477971394857,48.00874210781933,"[30.0, 30.0, 60.0, 0.0]",2.0577701582477115,1.427682737169518,0.4800874210781933,0.15000000000000002,1.9077701582477116,False,130,0.90038610038610034,False,False,30,30,60,0
cifar10_lenet5,787,"[3, 3, 5, 1]",61.033333333333331,1.0847589810689291,49.640602234094217,"[30.0, 30.0, 60.0, 10.0]",2.0702007346271007,1.4237947122861585,0.49640602234094217,0.15000000000000002,1.9202007346271008,False,113,0.91351351351351351,False,False,30,30,60,10
cifar10_lenet5,788,"[3, 3, 5, 2]",61.399999999999999,1.0863339462280273,51.272462360369111,"[30.0, 30.0, 60.0, 20.0]",2.0950729906332404,1.4323483670295492,0.51272462360369109,0.15000000000000002,1.94507299063324,False,72,0.94517374517374519,False,False,30,30,60,20
cifar10_lenet5,789,"[3, 3, 5, 3]",61.533333333333331,1.0840765991210937,52.904322486643999,"[30.0, 30.0, 60.0, 30.0]",2.0645020118026762,1.4354587869362363,0.52904322486643995,0.10000000000000001,1.9645020118026766,False,121,0.9073359073359073,False,False,30,30,60,30
cifar10_lenet5,790,"[3, 3, 5, 4]",60.966666666666669,1.0903053321838378,54.536182612918893,"[30.0, 30.0, 60.0, 40.0]",2.1176013284620039,1.4222395023328152,0.54536182612918893,0.15000000000000002,1.967601328462004,False,53,0.95984555984555986,False,False,30,30,60,40
cifar10_lenet5,791,"[3, 3, 5, 5]",61.100000000000001,1.1021309763590494,57.799902865468674,"[30.0, 30.0, 60.0, 60.0]",2.1033489508941892,1.4253499222395023,0.57799902865468678,0.10000000000000001,2.0033489508941891,False,70,0.94671814671814669,True,True,30,30,60,60
cifar10_lenet5,792,"[3, 4, 0, 0]",60.200000000000003,1.1151745198567709,1.7727051966974259,"[30.0, 40.0, 0.0, 0.0]",1.5720816398363366,1.4043545878693624,0.017727051966974258,0.15000000000000002,1.422081639836337,False,1052,0.18841698841698842,False,False,30,40,0,0
cifar10_lenet5,793,"[3, 4, 0, 1]",60.366666666666667,1.114112164815267,3.4045653229723167,"[30.0, 40.0, 0.0, 10.0]",1.6422882659824447,1.4082426127527217,0.034045653229723166,0.20000000000000001,1.4422882659824448,False,953,0.26486486486486488,False,False,30,40,0,10
cifar10_lenet5,794,"[3, 4, 0, 2]",60.233333333333334,1.1167834777832031,5.0364254492472078,"[30.0, 40.0, 0.0, 20.0]",1.6554964473385063,1.4051321928460343,0.050364254492472081,0.20000000000000001,1.4554964473385061,False,924,0.28725868725868725,False,False,30,40,0,20
cifar10_lenet5,795,"[3, 4, 0, 3]",60.166666666666664,1.1146725896199545,6.6682855755220984,"[30.0, 40.0, 0.0, 30.0]",1.6202598386479115,1.4035769828926905,0.066682855755220982,0.15000000000000002,1.4702598386479115,False,991,0.23552123552123552,False,False,30,40,0,30
cifar10_lenet5,796,"[3, 4, 0, 4]",60.43333333333333,1.1200228830973307,8.3001457017969891,"[30.0, 40.0, 0.0, 40.0]",1.6427992797240352,1.4097978227060652,0.08300145701796989,0.15000000000000002,1.492799279724035,False,951,0.26640926640926643,False,False,30,40,0,40
cifar10_lenet5,797,"[3, 4, 0, 5]",60.666666666666664,1.1136710535685221,11.56386595434677,"[30.0, 40.0, 0.0, 60.0]",1.730879717086236,1.4152410575427683,0.11563865954346771,0.20000000000000001,1.530879717086236,False,752,0.42007722007722009,False,False,30,40,0,60
cifar10_lenet5,798,"[3, 4, 1, 0]",60.200000000000003,1.1147318522135417,9.5434677027683339,"[30.0, 40.0, 10.0, 0.0]",1.6997892648970456,1.4043545878693624,0.095434677027683337,0.20000000000000001,1.4997892648970459,False,817,0.36988416988416989,False,False,30,40,10,0
cifar10_lenet5,799,"[3, 4, 1, 1]",60.399999999999999,1.1136631520589193,11.175327829043225,"[30.0, 40.0, 10.0, 10.0]",1.6707734960198257,1.4090202177293936,0.11175327829043225,0.15000000000000002,1.5207734960198256,False,890,0.31351351351351353,False,False,30,40,10,10
cifar10_lenet5,800,"[3, 4, 1, 2]",60.166666666666664,1.1163516362508139,12.807187955318115,"[30.0, 40.0, 10.0, 20.0]",1.7316488624458717,1.4035769828926905,0.12807187955318117,0.20000000000000001,1.5316488624458717,False,750,0.42162162162162165,False,False,30,40,10,20
cifar10_lenet5,801,"[3, 4, 1, 3]",60.166666666666664,1.1141851374308269,14.439048081593006,"[30.0, 40.0, 10.0, 30.0]",1.6979674637086206,1.4035769828926905,0.14439048081593006,0.15000000000000002,1.5479674637086205,False,825,0.36370656370656368,False,False,30,40,10,30
cifar10_lenet5,802,"[3, 4, 1, 4]",60.533333333333331,1.1194180653889974,16.070908207867898,"[30.0, 40.0, 10.0, 40.0]",1.7228397197147598,1.4121306376360807,0.16070908207867898,0.15000000000000002,1.5728397197147599,False,770,0.40617760617760618,False,False,30,40,10,40
cifar10_lenet5,803,"[3, 4, 1, 5]",60.733333333333334,1.1130612157185873,19.334628460417679,"[30.0, 40.0, 10.0, 60.0]",1.8101425521002887,1.4167962674961121,0.1933462846041768,0.20000000000000001,1.6101425521002888,False,565,0.56447876447876444,False,False,30,40,10,60
cifar10_lenet5,804,"[3, 4, 2, 0]",60.533333333333331,1.1119819463094076,17.314230208839241,"[30.0, 40.0, 20.0, 0.0]",1.7852729397244731,1.4121306376360807,0.1731423020883924,0.20000000000000001,1.5852729397244734,False,628,0.51583011583011584,False,False,30,40,20,0
cifar10_lenet5,805,"[3, 4, 2, 1]",60.533333333333331,1.1110582199096679,18.946090335114132,"[30.0, 40.0, 20.0, 10.0]",1.8015915409872221,1.4121306376360807,0.18946090335114132,0.20000000000000001,1.6015915409872223,False,580,0.55289575289575288,False,False,30,40,20,10
cifar10_lenet5,806,"[3, 4, 2, 2]",60.333333333333336,1.1138327713012695,20.577950461389023,"[30.0, 40.0, 20.0, 20.0]",1.7632445123899401,1.40746500777605,0.20577950461389022,0.15000000000000002,1.6132445123899399,False,682,0.47413127413127415,False,False,30,40,20,20
cifar10_lenet5,807,"[3, 4, 2, 3]",60.333333333333336,1.111421122233073,22.209810587663913,"[30.0, 40.0, 20.0, 30.0]",1.779563113652689,1.40746500777605,0.22209810587663914,0.15000000000000002,1.6295631136526889,False,634,0.51119691119691124,False,False,30,40,20,30
cifar10_lenet5,808,"[3, 4, 2, 4]",60.466666666666669,1.1168293177286783,23.841670713938804,"[30.0, 40.0, 20.0, 40.0]",1.7989921348221256,1.4105754276827374,0.23841670713938803,0.15000000000000002,1.6489921348221255,False,585,0.54903474903474903,False,False,30,40,20,40
cifar10_lenet5,809,"[3, 4, 2, 5]",60.799999999999997,1.1120010274251302,27.105390966488585,"[30.0, 40.0, 20.0, 60.0]",1.8894053871143415,1.4183514774494557,0.27105390966488585,0.20000000000000001,1.6894053871143415,False,366,0.71814671814671815,False,False,30,40,20,60
cifar10_lenet5,810,"[3, 4, 3, 0]",60.43333333333333,1.1165738372802734,25.08499271491015,"[30.0, 40.0, 30.0, 0.0]",1.8106477498551667,1.4097978227060652,0.25084992714910148,0.15000000000000002,1.6606477498551668,False,564,0.5652509652509653,False,False,30,40,30,0
cifar10_lenet5,811,"[3, 4, 3, 1]",60.466666666666669,1.1156000239054362,26.716852841185041,"[30.0, 40.0, 30.0, 10.0]",1.8277439560945878,1.4105754276827374,0.2671685284118504,0.15000000000000002,1.6777439560945877,False,522,0.59768339768339773,False,False,30,40,30,10
cifar10_lenet5,812,"[3, 4, 3, 2]",60.266666666666666,1.1181749699910482,28.348712967459932,"[30.0, 40.0, 30.0, 20.0]",1.8393969274973054,1.405909797822706,0.28348712967459933,0.15000000000000002,1.6893969274973055,False,490,0.62239382239382235,False,False,30,40,30,20
cifar10_lenet5,813,"[3, 4, 3, 3]",60.166666666666664,1.1159267857869466,29.980573093734822,"[30.0, 40.0, 30.0, 30.0]",1.8033827138300389,1.4035769828926905,0.29980573093734825,0.10000000000000001,1.7033827138300388,False,576,0.55598455598455598,False,False,30,40,30,30
cifar10_lenet5,814,"[3, 4, 3, 4]",60.333333333333336,1.1228089345296224,31.612433220009713,"[30.0, 40.0, 30.0, 40.0]",1.8235893399761471,1.40746500777605,0.31612433220009711,0.10000000000000001,1.7235893399761468,False,529,0.59227799227799227,False,False,30,40,30,40
cifar10_lenet5,815,"[3, 4, 3, 5]",60.633333333333333,1.1170174306233724,34.876153472559494,"[30.0, 40.0, 30.0, 60.0]",1.9132249872916915,1.4144634525660966,0.34876153472559496,0.15000000000000002,1.7632249872916916,False,319,0.75444015444015444,False,False,30,40,30,60
cifar10_lenet5,816,"[3, 4, 4, 0]",59.733333333333334,1.1369778696695965,32.855755220981059,"[30.0, 40.0, 40.0, 0.0]",1.8720256704057672,1.3934681181959565,0.32855755220981059,0.15000000000000002,1.722025670405767,False,412,0.68262548262548262,False,False,30,40,40,0
cifar10_lenet5,817,"[3, 4, 4, 1]",59.899999999999999,1.1359479370117187,34.487615347255947,"[30.0, 40.0, 40.0, 10.0]",1.8922322965518754,1.3973561430793158,0.34487615347255945,0.15000000000000002,1.7422322965518753,False,363,0.72046332046332051,False,False,30,40,40,10
cifar10_lenet5,818,"[3, 4, 4, 2]",60.100000000000001,1.1381918436686198,36.119475473530841,"[30.0, 40.0, 40.0, 20.0]",1.9132165276746553,1.4020217729393469,0.36119475473530843,0.15000000000000002,1.7632165276746554,False,320,0.75366795366795369,False,False,30,40,40,20
cifar10_lenet5,819,"[3, 4, 4, 3]",60.06666666666667,1.1350828679402669,37.751335599805728,"[30.0, 40.0, 40.0, 30.0]",1.8787575239607324,1.401244167962675,0.3775133559980573,0.10000000000000001,1.7787575239607325,False,396,0.69498069498069504,False,False,30,40,40,30
cifar10_lenet5,820,"[3, 4, 4, 4]",59.633333333333333,1.1435150502522786,39.383195726080622,"[30.0, 40.0, 40.0, 40.0]",1.8849672605267473,1.391135303265941,0.39383195726080622,0.10000000000000001,1.7849672605267473,False,378,0.70888030888030884,False,False,30,40,40,40
cifar10_lenet5,821,"[3, 4, 4, 5]",59.700000000000003,1.1351526133219401,42.646915978630403,"[30.0, 40.0, 40.0, 60.0]",1.9691596730055885,1.3926905132192846,0.42646915978630406,0.15000000000000002,1.819159673005589,False,234,0.82007722007722006,False,False,30,40,40,60
cifar10_lenet5,822,"[3, 4, 5, 0]",58.866666666666667,1.1518555552164713,48.397280233122878,"[30.0, 40.0, 60.0, 0.0]",2.0572231911337173,1.3732503888024883,0.4839728023312288,0.20000000000000001,1.8572231911337171,False,131,0.89961389961389959,False,False,30,40,60,0
cifar10_lenet5,823,"[3, 4, 5, 1]",58.866666666666667,1.1516056823730469,50.029140359397765,"[30.0, 40.0, 60.0, 10.0]",2.0735417923964659,1.3732503888024883,0.50029140359397761,0.20000000000000001,1.8735417923964659,False,106,0.91891891891891897,False,False,30,40,60,10
cifar10_lenet5,824,"[3, 4, 5, 2]",58.866666666666667,1.154542709350586,51.661000485672659,"[30.0, 40.0, 60.0, 20.0]",2.0898603936592148,1.3732503888024883,0.51661000485672659,0.20000000000000001,1.8898603936592149,False,81,0.93822393822393824,False,False,30,40,60,20
cifar10_lenet5,825,"[3, 4, 5, 3]",59,1.1489215011596681,53.292860611947546,"[30.0, 40.0, 60.0, 30.0]",2.0592894148286511,1.3763608087091759,0.53292860611947546,0.15000000000000002,1.9092894148286512,False,129,0.9011583011583012,False,False,30,40,60,30
cifar10_lenet5,826,"[3, 4, 5, 4]",58.899999999999999,1.1564738540649413,54.92472073822244,"[30.0, 40.0, 60.0, 40.0]",2.0732752011613846,1.3740279937791602,0.54924720738222443,0.15000000000000002,1.9232752011613847,False,108,0.91737451737451736,False,False,30,40,60,40
cifar10_lenet5,827,"[3, 4, 5, 5]",58.033333333333331,1.1615979588826497,58.188440990772222,"[30.0, 40.0, 60.0, 60.0]",2.0856946742934142,1.353810264385692,0.58188440990772228,0.15000000000000002,1.9356946742934145,False,87,0.93359073359073363,True,True,30,40,60,60
cifar10_lenet5,828,"[3, 5, 0, 0]",53.033333333333331,1.3753897908528645,2.5497814473045168,"[30.0, 60.0, 0.0, 0.0]",1.4126673323579597,1.2371695178849145,0.02549781447304517,0.15000000000000002,1.2626673323579596,False,1185,0.085714285714285715,False,False,30,60,0,0
cifar10_lenet5,829,"[3, 5, 0, 1]",52.700000000000003,1.3791937815348307,4.1816415735794079,"[30.0, 60.0, 0.0, 10.0]",1.4712098838539902,1.2293934681181962,0.041816415735794081,0.20000000000000001,1.2712098838539903,False,1144,0.11737451737451737,False,False,30,60,0,10
cifar10_lenet5,830,"[3, 5, 0, 2]",52.399999999999999,1.3866011377970378,5.8135016998542985,"[30.0, 60.0, 0.0, 20.0]",1.4805300403266923,1.2223950233281493,0.058135016998542989,0.20000000000000001,1.2805300403266924,False,1134,0.12509652509652511,False,False,30,60,0,20
cifar10_lenet5,831,"[3, 5, 0, 3]",52.899999999999999,1.3759445622762043,7.4453618261291892,"[30.0, 60.0, 0.0, 30.0]",1.4585127162395191,1.2340590979782271,0.07445361826129189,0.15000000000000002,1.3085127162395189,False,1157,0.10733590733590734,False,False,30,60,0,30
cifar10_lenet5,832,"[3, 5, 0, 4]",52.899999999999999,1.3594290466308594,9.0772219524040789,"[30.0, 60.0, 0.0, 40.0]",1.5248313175022679,1.2340590979782271,0.090772219524040784,0.20000000000000001,1.3248313175022679,False,1104,0.14826254826254825,False,False,30,60,0,40
cifar10_lenet5,833,"[3, 5, 0, 5]",51.833333333333336,1.3727488988240559,12.340942204953862,"[30.0, 60.0, 0.0, 60.0]",1.4825851607742666,1.2091757387247279,0.12340942204953863,0.15000000000000002,1.3325851607742665,False,1131,0.12741312741312741,False,False,30,60,0,60
cifar10_lenet5,834,"[3, 5, 1, 0]",53.200000000000003,1.3742324752807618,10.320543953375426,"[30.0, 60.0, 10.0, 0.0]",1.5442629823020282,1.241057542768274,0.10320543953375426,0.20000000000000001,1.3442629823020282,False,1085,0.16293436293436295,False,False,30,60,10,0
cifar10_lenet5,835,"[3, 5, 1, 1]",52.766666666666666,1.3780486373901366,11.952404079650316,"[30.0, 60.0, 10.0, 10.0]",1.5004727188680427,1.2309486780715395,0.11952404079650317,0.15000000000000002,1.350472718868043,False,1117,0.13822393822393822,False,False,30,60,10,10
cifar10_lenet5,836,"[3, 5, 1, 2]",52.533333333333331,1.3854637120564779,13.584264205925207,"[30.0, 60.0, 10.0, 20.0]",1.5613480852940889,1.2255054432348369,0.13584264205925206,0.20000000000000001,1.3613480852940887,False,1066,0.17760617760617761,False,False,30,60,10,20
cifar10_lenet5,837,"[3, 5, 1, 3]",52.93333333333333,1.3748443196614584,15.216124332200097,"[30.0, 60.0, 10.0, 30.0]",1.5369979462768999,1.2348367029548988,0.15216124332200098,0.15000000000000002,1.3869979462768998,False,1093,0.15675675675675677,False,False,30,60,10,30
cifar10_lenet5,838,"[3, 5, 1, 4]",53,1.3581798248291015,16.847984458474986,"[30.0, 60.0, 10.0, 40.0]",1.6048717574929925,1.2363919129082426,0.16847984458474988,0.20000000000000001,1.4048717574929925,False,1013,0.21853281853281853,False,False,30,60,10,40
cifar10_lenet5,839,"[3, 5, 1, 5]",51.666666666666664,1.3713361434936524,20.111704711024768,"[30.0, 60.0, 10.0, 60.0]",1.5564047609516161,1.2052877138413685,0.20111704711024769,0.15000000000000002,1.4064047609516164,False,1072,0.17297297297297298,False,False,30,60,10,60
cifar10_lenet5,840,"[3, 5, 2, 0]",53.299999999999997,1.3669929911295573,18.091306459446333,"[30.0, 60.0, 20.0, 0.0]",1.6243034222927524,1.2433903576982892,0.18091306459446332,0.20000000000000001,1.4243034222927524,False,982,0.24247104247104248,False,False,30,60,20,0
cifar10_lenet5,841,"[3, 5, 2, 1]",53.133333333333333,1.3708369827270508,19.723166585721223,"[30.0, 60.0, 20.0, 10.0]",1.6367339986721423,1.2395023328149302,0.19723166585721225,0.20000000000000001,1.4367339986721424,False,962,0.25791505791505792,False,False,30,60,20,10
cifar10_lenet5,842,"[3, 5, 2, 2]",52.56666666666667,1.3782680206298827,21.355026711996114,"[30.0, 60.0, 20.0, 20.0]",1.5898333153314699,1.2262830482115088,0.21355026711996114,0.15000000000000002,1.43983331533147,False,1032,0.20386100386100386,False,False,30,60,20,20
cifar10_lenet5,843,"[3, 5, 2, 3]",52.700000000000003,1.3670360158284505,22.986886838271005,"[30.0, 60.0, 20.0, 30.0]",1.6092623365009064,1.2293934681181962,0.22986886838271006,0.15000000000000002,1.4592623365009063,False,1010,0.22084942084942086,False,False,30,60,20,30
cifar10_lenet5,844,"[3, 5, 2, 4]",53.56666666666667,1.3513772761027019,24.618746964545895,"[30.0, 60.0, 20.0, 40.0]",1.695798667157123,1.2496111975116642,0.24618746964545896,0.20000000000000001,1.4957986671571231,False,828,0.36138996138996138,False,False,30,60,20,40
cifar10_lenet5,845,"[3, 5, 2, 5]",52.166666666666664,1.3650391006469726,27.882467217095677,"[30.0, 60.0, 20.0, 60.0]",1.645776460662403,1.2169517884914463,0.2788246721709568,0.15000000000000002,1.4957764606624033,False,938,0.27644787644787644,False,False,30,60,20,60
cifar10_lenet5,846,"[3, 5, 3, 0]",53.466666666666669,1.3558917236328125,25.862068965517242,"[30.0, 60.0, 30.0, 0.0]",1.6558990722368212,1.2472783825816487,0.25862068965517243,0.15000000000000002,1.5058990722368211,False,922,0.2888030888030888,False,False,30,60,30,0
cifar10_lenet5,847,"[3, 5, 3, 1]",53.466666666666669,1.3594464975992839,27.493929091792133,"[30.0, 60.0, 30.0, 10.0]",1.6722176734995702,1.2472783825816487,0.27493929091792135,0.15000000000000002,1.52221767349957,False,887,0.31583011583011583,False,False,30,60,30,10
cifar10_lenet5,848,"[3, 5, 3, 2]",52.833333333333336,1.3664228388468425,29.125789218067023,"[30.0, 60.0, 30.0, 20.0]",1.6737617802055538,1.2325038880248835,0.29125789218067022,0.15000000000000002,1.5237617802055534,False,884,0.31814671814671813,False,False,30,60,30,20
cifar10_lenet5,849,"[3, 5, 3, 3]",53.100000000000001,1.3554189071655274,30.757649344341914,"[30.0, 60.0, 30.0, 30.0]",1.6463012212816774,1.2387247278382583,0.30757649344341914,0.10000000000000001,1.5463012212816774,False,936,0.27799227799227799,False,False,30,60,30,30
cifar10_lenet5,850,"[3, 5, 3, 4]",53.700000000000003,1.341250727335612,32.389509470616801,"[30.0, 60.0, 30.0, 40.0]",1.7266167121245197,1.2527216174183518,0.32389509470616801,0.15000000000000002,1.5766167121245198,False,763,0.41158301158301158,False,False,30,60,30,40
cifar10_lenet5,851,"[3, 5, 3, 5]",52.200000000000003,1.3554673970540365,35.653229723166582,"[30.0, 60.0, 30.0, 60.0]",1.6742616906997843,1.2177293934681184,0.35653229723166585,0.10000000000000001,1.5742616906997842,False,883,0.31891891891891894,False,False,30,60,30,60
cifar10_lenet5,852,"[3, 5, 4, 0]",53.233333333333334,1.3652671381632486,33.632831471588148,"[30.0, 60.0, 40.0, 0.0]",1.7781634624608271,1.2418351477449456,0.33632831471588148,0.20000000000000001,1.5781634624608272,False,644,0.50347490347490342,False,False,30,60,40,0
cifar10_lenet5,853,"[3, 5, 4, 1]",53.133333333333333,1.3689711456298828,35.264691597863042,"[30.0, 60.0, 40.0, 10.0]",1.7921492487935604,1.2395023328149302,0.3526469159786304,0.20000000000000001,1.5921492487935605,False,602,0.53590733590733586,False,False,30,60,40,10
cifar10_lenet5,854,"[3, 5, 4, 2]",52.5,1.3761506423950196,36.896551724137929,"[30.0, 60.0, 40.0, 20.0]",1.793693355499544,1.2247278382581648,0.36896551724137927,0.20000000000000001,1.5936933554995443,False,597,0.53976833976833982,False,False,30,60,40,20
cifar10_lenet5,855,"[3, 5, 4, 3]",52.600000000000001,1.3642910486857096,38.528411850412823,"[30.0, 60.0, 40.0, 30.0]",1.7623447716923089,1.2270606531881805,0.38528411850412825,0.15000000000000002,1.6123447716923087,False,687,0.4702702702702703,False,False,30,60,40,30
cifar10_lenet5,856,"[3, 5, 4, 4]",53.533333333333331,1.3503096567789714,40.16027197668771,"[30.0, 60.0, 40.0, 40.0]",1.8004363123018692,1.2488335925349923,0.40160271976687711,0.15000000000000002,1.6504363123018693,False,582,0.55135135135135138,False,False,30,60,40,40
cifar10_lenet5,857,"[3, 5, 4, 5]",51.600000000000001,1.3662349650065104,43.423992229237491,"[30.0, 60.0, 40.0, 60.0]",1.7879724261803998,1.2037325038880249,0.4342399222923749,0.15000000000000002,1.6379724261804001,False,614,0.52664092664092665,False,False,30,60,40,60
cifar10_lenet5,858,"[3, 5, 5, 0]",51.366666666666667,1.4091201731363932,49.174356483729966,"[30.0, 60.0, 60.0, 0.0]",1.8400328338886216,1.198289269051322,0.4917435648372997,0.15000000000000002,1.6900328338886217,False,488,0.62393822393822396,False,False,30,60,60,0
cifar10_lenet5,859,"[3, 5, 5, 1]",51.06666666666667,1.4136980590820312,50.80621661000486,"[30.0, 60.0, 60.0, 10.0]",1.8493529903613242,1.1912908242612754,0.50806216610004862,0.15000000000000002,1.699352990361324,False,464,0.64247104247104247,False,False,30,60,60,10
cifar10_lenet5,860,"[3, 5, 5, 2]",50.466666666666669,1.4211100031534831,52.438076736279747,"[30.0, 60.0, 60.0, 20.0]",1.8516747020439794,1.1772939346811819,0.52438076736279748,0.15000000000000002,1.7016747020439795,False,461,0.64478764478764483,False,False,30,60,60,20
cifar10_lenet5,861,"[3, 5, 5, 3]",51.033333333333331,1.4060499114990235,54.069936862554641,"[30.0, 60.0, 60.0, 30.0]",1.8312125879101502,1.1905132192846035,0.54069936862554646,0.10000000000000001,1.7312125879101501,False,511,0.60617760617760619,False,False,30,60,60,30
cifar10_lenet5,862,"[3, 5, 5, 4]",51.366666666666667,1.3930474624633788,55.701796988829528,"[30.0, 60.0, 60.0, 40.0]",1.9053072389396175,1.198289269051322,0.55701796988829533,0.15000000000000002,1.7553072389396174,False,338,0.73976833976833978,False,False,30,60,60,40
cifar10_lenet5,863,"[3, 5, 5, 5]",50.033333333333331,1.4187808939615885,58.96551724137931,"[30.0, 60.0, 60.0, 60.0]",1.8568402423982411,1.1671850699844479,0.58965517241379306,0.10000000000000001,1.756840242398241,False,443,0.65868725868725864,True,True,30,60,60,60
cifar10_lenet5,864,"[4, 0, 0, 0]",59.233333333333334,1.1398020757039389,0.29140359397765908,"[40.0, 0.0, 0.0, 0.0]",1.4847180794856554,1.3818040435458787,0.0029140359397765909,0.10000000000000001,1.3847180794856553,True,1128,0.12972972972972974,False,False,40,0,0,0
cifar10_lenet5,865,"[4, 0, 0, 1]",59.43333333333333,1.1393365020751953,1.9232637202525498,"[40.0, 0.0, 0.0, 10.0]",1.5557023106084351,1.3864696734059097,0.019232637202525497,0.15000000000000002,1.4057023106084352,True,1074,0.17142857142857143,False,False,40,0,0,10
cifar10_lenet5,866,"[4, 0, 0, 2]",59.266666666666666,1.1352821502685546,3.5551238465274406,"[40.0, 0.0, 0.0, 20.0]",1.5681328869878248,1.3825816485225506,0.035551238465274408,0.15000000000000002,1.4181328869878249,True,1056,0.18532818532818532,False,False,40,0,0,20
cifar10_lenet5,867,"[4, 0, 0, 3]",59.366666666666667,1.1344655125935872,5.1869839728023308,"[40.0, 0.0, 0.0, 30.0]",1.5867843031805893,1.3849144634525661,0.051869839728023309,0.15000000000000002,1.4367843031805894,True,1036,0.20077220077220076,False,False,40,0,0,30
cifar10_lenet5,868,"[4, 0, 0, 4]",59.100000000000001,1.1370820083618165,6.8188440990772223,"[40.0, 0.0, 0.0, 40.0]",1.5468820646299637,1.3786936236391913,0.068188440990772231,0.10000000000000001,1.4468820646299636,True,1083,0.16447876447876447,False,False,40,0,0,40
cifar10_lenet5,869,"[4, 0, 0, 5]",58.399999999999999,1.1619619191487631,10.082564351627003,"[40.0, 0.0, 0.0, 60.0]",1.6131895626453523,1.3623639191290824,0.10082564351627003,0.15000000000000002,1.4631895626453524,True,1005,0.22471042471042471,False,False,40,0,0,60
cifar10_lenet5,870,"[4, 0, 1, 0]",59.333333333333336,1.1396166737874349,8.062166100048568,"[40.0, 0.0, 10.0, 0.0]",1.6147585194763803,1.3841368584758944,0.080621661000485678,0.15000000000000002,1.4647585194763801,True,1003,0.22625482625482626,False,False,40,0,10,0
cifar10_lenet5,871,"[4, 0, 1, 1]",59.266666666666666,1.1391643397013347,9.6940262263234587,"[40.0, 0.0, 10.0, 10.0]",1.629521910785785,1.3825816485225506,0.096940262263234586,0.15000000000000002,1.4795219107857851,True,975,0.24787644787644789,False,False,40,0,10,10
cifar10_lenet5,872,"[4, 0, 1, 2]",59.200000000000003,1.1351603215535482,11.325886352598349,"[40.0, 0.0, 10.0, 20.0]",1.6942853020951905,1.381026438569207,0.11325886352598349,0.20000000000000001,1.4942853020951905,True,833,0.35752895752895753,False,False,40,0,10,20
cifar10_lenet5,873,"[4, 0, 1, 3]",59.299999999999997,1.134309341430664,12.95774647887324,"[40.0, 0.0, 10.0, 30.0]",1.7129367182879549,1.3833592534992225,0.12957746478873239,0.20000000000000001,1.5129367182879547,True,791,0.38996138996138996,False,False,40,0,10,30
cifar10_lenet5,874,"[4, 0, 1, 4]",59.200000000000003,1.1367130533854166,14.589606605148131,"[40.0, 0.0, 10.0, 40.0]",1.6769225046206881,1.381026438569207,0.14589606605148131,0.15000000000000002,1.5269225046206882,True,878,0.32277992277992279,False,False,40,0,10,40
cifar10_lenet5,875,"[4, 0, 1, 5]",58.266666666666666,1.1617968648274739,17.853326857697912,"[40.0, 0.0, 10.0, 60.0]",1.7377867677993741,1.359253499222395,0.17853326857697913,0.20000000000000001,1.5377867677993744,True,742,0.4277992277992278,False,False,40,0,10,60
cifar10_lenet5,876,"[4, 0, 2, 0]",59.366666666666667,1.1386305313110352,15.832928606119475,"[40.0, 0.0, 20.0, 0.0]",1.6932437495137607,1.3849144634525661,0.15832928606119476,0.15000000000000002,1.5432437495137608,True,837,0.35444015444015442,False,False,40,0,20,0
cifar10_lenet5,877,"[4, 0, 2, 1]",59.466666666666669,1.138291659037272,17.464788732394368,"[40.0, 0.0, 20.0, 10.0]",1.7618951657065254,1.3872472783825818,0.17464788732394368,0.20000000000000001,1.5618951657065254,True,691,0.46718146718146719,False,False,40,0,20,10
cifar10_lenet5,878,"[4, 0, 2, 2]",59.366666666666667,1.1342340494791667,19.096648858669258,"[40.0, 0.0, 20.0, 20.0]",1.7258809520392586,1.3849144634525661,0.1909664885866926,0.15000000000000002,1.5758809520392587,True,765,0.41003861003861003,False,False,40,0,20,20
cifar10_lenet5,879,"[4, 0, 2, 3]",59.233333333333334,1.1332889099121093,20.728508984944149,"[40.0, 0.0, 20.0, 30.0]",1.7890891333953201,1.3818040435458787,0.2072850898494415,0.20000000000000001,1.5890891333953201,True,611,0.52895752895752901,False,False,40,0,20,30
cifar10_lenet5,880,"[4, 0, 2, 4]",59.399999999999999,1.1361554082234699,22.36036911121904,"[40.0, 0.0, 20.0, 40.0]",1.7592957595414283,1.385692068429238,0.22360369111219039,0.15000000000000002,1.6092957595414283,True,694,0.46486486486486489,False,False,40,0,20,40
cifar10_lenet5,881,"[4, 0, 2, 5]",58.266666666666666,1.1625704676310222,25.624089363768821,"[40.0, 0.0, 20.0, 60.0]",1.8154943928600831,1.359253499222395,0.25624089363768821,0.20000000000000001,1.6154943928600836,True,550,0.57606177606177611,False,False,40,0,20,60
cifar10_lenet5,882,"[4, 0, 3, 0]",58.93333333333333,1.1434556070963542,23.603691112190383,"[40.0, 0.0, 30.0, 0.0]",1.7608425098777358,1.3748055987558321,0.23603691112190384,0.15000000000000002,1.6108425098777357,True,693,0.46563706563706564,False,False,40,0,30,0
cifar10_lenet5,883,"[4, 0, 3, 1]",58.833333333333336,1.1429707921346028,25.235551238465273,"[40.0, 0.0, 30.0, 10.0]",1.8248282962104694,1.3724727838258166,0.25235551238465276,0.20000000000000001,1.6248282962104694,True,527,0.59382239382239377,False,False,40,0,30,10
cifar10_lenet5,884,"[4, 0, 3, 2]",59.333333333333336,1.1390786056518554,26.867411364740164,"[40.0, 0.0, 30.0, 20.0]",1.8528109721232959,1.3841368584758944,0.26867411364740162,0.20000000000000001,1.652810972123296,True,456,0.64864864864864868,False,False,40,0,30,20
cifar10_lenet5,885,"[4, 0, 3, 3]",59.366666666666667,1.1381594721476238,28.499271491015055,"[40.0, 0.0, 30.0, 30.0]",1.8199071783627168,1.3849144634525661,0.28499271491015055,0.15000000000000002,1.6699071783627166,True,536,0.58687258687258692,False,False,40,0,30,30
cifar10_lenet5,886,"[4, 0, 3, 4]",59,1.1420120188395182,30.131131617289945,"[40.0, 0.0, 30.0, 40.0]",1.8276721248820755,1.3763608087091759,0.30131131617289947,0.15000000000000002,1.6776721248820754,True,523,0.59691119691119687,False,False,40,0,30,40
cifar10_lenet5,887,"[4, 0, 3, 5]",58.5,1.1670405019124348,33.394851869839727,"[40.0, 0.0, 30.0, 60.0]",1.8986452527574953,1.3646967340590981,0.33394851869839726,0.20000000000000001,1.6986452527574953,True,347,0.73281853281853282,False,False,40,0,30,60
cifar10_lenet5,888,"[4, 0, 4, 0]",59.100000000000001,1.1519769134521485,31.374453618261292,"[40.0, 0.0, 40.0, 0.0]",1.7924381598218044,1.3786936236391913,0.31374453618261294,0.10000000000000001,1.6924381598218043,True,601,0.53667953667953672,False,False,40,0,40,0
cifar10_lenet5,889,"[4, 0, 4, 1]",59,1.1513763478597006,33.006313744536186,"[40.0, 0.0, 40.0, 10.0]",1.8564239461545378,1.3763608087091759,0.33006313744536186,0.15000000000000002,1.7064239461545379,True,445,0.65714285714285714,False,False,40,0,40,10
cifar10_lenet5,890,"[4, 0, 4, 2]",59.299999999999997,1.1473254725138347,34.638173870811073,"[40.0, 0.0, 40.0, 20.0]",1.8797409922073332,1.3833592534992225,0.34638173870811073,0.15000000000000002,1.729740992207333,True,392,0.69806949806949803,False,False,40,0,40,20
cifar10_lenet5,891,"[4, 0, 4, 3]",59.233333333333334,1.14503746287028,36.270033997085967,"[40.0, 0.0, 40.0, 30.0]",1.8945043835167383,1.3818040435458787,0.36270033997085965,0.15000000000000002,1.7445043835167384,True,357,0.72509652509652511,False,False,40,0,40,30
cifar10_lenet5,892,"[4, 0, 4, 4]",59,1.1509268290201824,37.901894123360854,"[40.0, 0.0, 40.0, 40.0]",1.8553797499427844,1.3763608087091759,0.37901894123360858,0.10000000000000001,1.7553797499427843,True,451,0.65250965250965254,False,False,40,0,40,40
cifar10_lenet5,893,"[4, 0, 4, 5]",57.866666666666667,1.1749073130289713,41.165614375910636,"[40.0, 0.0, 40.0, 60.0]",1.9115783832614395,1.3499222395023329,0.41165614375910636,0.15000000000000002,1.7615783832614393,True,323,0.75135135135135134,False,False,40,0,40,60
cifar10_lenet5,894,"[4, 0, 5, 0]",57.866666666666667,1.1822000732421876,46.91597863040311,"[40.0, 0.0, 60.0, 0.0]",1.9690820258063639,1.3499222395023329,0.4691597863040311,0.15000000000000002,1.819082025806364,True,235,0.81930501930501931,False,False,40,0,60,0
cifar10_lenet5,895,"[4, 0, 5, 1]",57.966666666666669,1.1824073816935221,48.547838756677997,"[40.0, 0.0, 60.0, 10.0]",2.0377334419991286,1.3522550544323484,0.48547838756677997,0.20000000000000001,1.8377334419991285,True,151,0.88416988416988418,False,False,40,0,60,10
cifar10_lenet5,896,"[4, 0, 5, 2]",58.200000000000003,1.1787096786499023,50.179698882952891,"[40.0, 0.0, 60.0, 20.0]",2.0594952780985807,1.3576982892690515,0.50179698882952894,0.20000000000000001,1.8594952780985805,True,128,0.90193050193050195,False,False,40,0,60,20
cifar10_lenet5,897,"[4, 0, 5, 3]",58.56666666666667,1.1739235153198242,51.811559009227778,"[40.0, 0.0, 60.0, 30.0]",2.0843675341047194,1.3662519440124417,0.51811559009227781,0.20000000000000001,1.8843675341047197,True,92,0.92972972972972978,False,False,40,0,60,30
cifar10_lenet5,898,"[4, 0, 5, 4]",58.299999999999997,1.1791718419392903,53.443419135502673,"[40.0, 0.0, 60.0, 40.0]",2.0444652955540938,1.3600311041990669,0.53443419135502679,0.15000000000000002,1.8944652955540935,True,145,0.88880308880308878,False,False,40,0,60,40
cifar10_lenet5,899,"[4, 0, 5, 5]",56.799999999999997,1.2122994079589844,56.707139388052454,"[40.0, 0.0, 60.0, 60.0]",2.042110274129358,1.3250388802488335,0.56707139388052452,0.15000000000000002,1.8921102741293581,True,147,0.88725868725868728,False,False,40,0,60,60
cifar10_lenet5,900,"[4, 1, 0, 0]",59.366666666666667,1.1398116099039715,0.6799417192812045,"[40.0, 10.0, 0.0, 0.0]",1.5417138806453781,1.3849144634525661,0.0067994171928120453,0.15000000000000002,1.3917138806453782,True,1088,0.16061776061776062,False,False,40,10,0,0
cifar10_lenet5,901,"[4, 1, 0, 1]",59.333333333333336,1.1394947331746419,2.3118018455560954,"[40.0, 10.0, 0.0, 10.0]",1.5572548769314554,1.3841368584758944,0.023118018455560954,0.15000000000000002,1.4072548769314555,True,1070,0.17451737451737451,False,False,40,10,0,10
cifar10_lenet5,902,"[4, 1, 0, 2]",59.5,1.1358597666422525,3.943661971830986,"[40.0, 10.0, 0.0, 20.0]",1.6274615030775634,1.3880248833592537,0.039436619718309862,0.20000000000000001,1.4274615030775635,True,978,0.24555984555984556,False,False,40,10,0,20
cifar10_lenet5,903,"[4, 1, 0, 3]",59.366666666666667,1.134442268371582,5.5755220981058766,"[40.0, 10.0, 0.0, 30.0]",1.6406696844336248,1.3849144634525661,0.05575522098105877,0.20000000000000001,1.4406696844336249,True,954,0.26409266409266408,False,False,40,10,0,30
cifar10_lenet5,904,"[4, 1, 0, 4]",59.866666666666667,1.1370390726725261,7.2073822243807673,"[40.0, 10.0, 0.0, 40.0]",1.6186523603464518,1.3965785381026439,0.072073822243807678,0.15000000000000002,1.4686523603464516,True,996,0.23166023166023167,False,False,40,10,0,40
cifar10_lenet5,905,"[4, 1, 0, 5]",58.399999999999999,1.1618722610473633,10.471102476930549,"[40.0, 10.0, 0.0, 60.0]",1.6670749438983878,1.3623639191290824,0.10471102476930549,0.20000000000000001,1.4670749438983879,True,896,0.30888030888030887,False,False,40,10,0,60
cifar10_lenet5,906,"[4, 1, 1, 0]",59.533333333333331,1.1396610107421874,8.4507042253521121,"[40.0, 10.0, 10.0, 0.0]",1.6233095305894465,1.3888024883359253,0.084507042253521125,0.15000000000000002,1.4733095305894466,True,986,0.23938223938223938,False,False,40,10,10,0
cifar10_lenet5,907,"[4, 1, 1, 1]",59.333333333333336,1.139364356994629,10.082564351627003,"[40.0, 10.0, 10.0, 10.0]",1.5849625019921645,1.3841368584758944,0.10082564351627003,0.10000000000000001,1.4849625019921644,True,1038,0.19922779922779923,False,False,40,10,10,10
cifar10_lenet5,908,"[4, 1, 1, 2]",59.56666666666667,1.1357493057250976,11.714424477901893,"[40.0, 10.0, 10.0, 20.0]",1.6567243380916161,1.3895800933125972,0.11714424477901894,0.15000000000000002,1.5067243380916164,True,919,0.2911196911196911,False,False,40,10,10,20
cifar10_lenet5,909,"[4, 1, 1, 3]",59.299999999999997,1.1343307571411132,13.346284604176784,"[40.0, 10.0, 10.0, 30.0]",1.6668220995409904,1.3833592534992225,0.13346284604176784,0.15000000000000002,1.51682209954099,True,897,0.30810810810810813,False,False,40,10,10,30
cifar10_lenet5,910,"[4, 1, 1, 4]",59.833333333333336,1.1367297185262044,14.978144730451676,"[40.0, 10.0, 10.0, 40.0]",1.645582380430489,1.3958009331259722,0.14978144730451676,0.10000000000000001,1.5455823804304887,True,939,0.27567567567567569,False,False,40,10,10,40
cifar10_lenet5,911,"[4, 1, 1, 5]",58.366666666666667,1.1617488377888998,18.241864983001456,"[40.0, 10.0, 10.0, 60.0]",1.6940049639824255,1.3615863141524107,0.18241864983001457,0.15000000000000002,1.5440049639824251,True,835,0.35598455598455597,False,False,40,10,10,60
cifar10_lenet5,912,"[4, 1, 2, 0]",59.399999999999999,1.138923952738444,16.221466731423021,"[40.0, 10.0, 20.0, 0.0]",1.7479067357434681,1.385692068429238,0.1622146673142302,0.20000000000000001,1.5479067357434682,True,719,0.44555984555984557,False,False,40,10,20,0
cifar10_lenet5,913,"[4, 1, 2, 1]",59.43333333333333,1.1387568359375,17.853326857697912,"[40.0, 10.0, 20.0, 10.0]",1.7150029419828887,1.3864696734059097,0.17853326857697913,0.15000000000000002,1.5650029419828888,True,786,0.39382239382239381,False,False,40,10,20,10
cifar10_lenet5,914,"[4, 1, 2, 2]",59.56666666666667,1.1351266504923503,19.485186983972802,"[40.0, 10.0, 20.0, 20.0]",1.7344319631523253,1.3895800933125972,0.19485186983972802,0.15000000000000002,1.5844319631523254,True,745,0.4254826254826255,False,False,40,10,20,20
cifar10_lenet5,915,"[4, 1, 2, 3]",59.533333333333331,1.1335850880940754,21.117047110247693,"[40.0, 10.0, 20.0, 30.0]",1.7999729594384022,1.3888024883359253,0.21117047110247694,0.20000000000000001,1.5999729594384022,True,583,0.55057915057915063,False,False,40,10,20,30
cifar10_lenet5,916,"[4, 1, 2, 4]",59.766666666666666,1.1364561971028646,22.748907236522584,"[40.0, 10.0, 20.0, 40.0]",1.7717347955378542,1.3942457231726284,0.22748907236522584,0.15000000000000002,1.6217347955378543,True,662,0.48957528957528956,False,False,40,10,20,40
cifar10_lenet5,917,"[4, 1, 2, 5]",58.233333333333334,1.1627081909179688,26.012627489072365,"[40.0, 10.0, 20.0, 60.0]",1.8186021691364467,1.3584758942457231,0.26012627489072365,0.20000000000000001,1.6186021691364467,True,539,0.58455598455598456,False,False,40,10,20,60
cifar10_lenet5,918,"[4, 1, 3, 0]",59.133333333333333,1.1439123840332031,23.99222923749393,"[40.0, 10.0, 30.0, 0.0]",1.8193935209908025,1.3794712286158632,0.23992229237493931,0.20000000000000001,1.6193935209908026,True,538,0.58532818532818531,False,False,40,10,30,0
cifar10_lenet5,919,"[4, 1, 3, 1]",59.166666666666664,1.143587776184082,25.624089363768821,"[40.0, 10.0, 30.0, 10.0]",1.7864897272302231,1.3802488335925349,0.25624089363768821,0.15000000000000002,1.6364897272302232,True,620,0.52200772200772205,False,False,40,10,30,10
cifar10_lenet5,920,"[4, 1, 3, 2]",59.533333333333331,1.1401068827311198,27.255949490043712,"[40.0, 10.0, 30.0, 20.0]",1.8613619832363624,1.3888024883359253,0.27255949490043713,0.20000000000000001,1.6613619832363624,True,433,0.66640926640926645,False,False,40,10,30,20
cifar10_lenet5,921,"[4, 1, 3, 3]",59.700000000000003,1.1386169865926106,28.887809616318602,"[40.0, 10.0, 30.0, 30.0]",1.8315686093824706,1.3926905132192846,0.28887809616318605,0.15000000000000002,1.6815686093824709,True,508,0.60849420849420854,False,False,40,10,30,30
cifar10_lenet5,922,"[4, 1, 3, 4]",59.299999999999997,1.142481300354004,30.519669742593493,"[40.0, 10.0, 30.0, 40.0]",1.8385559509251572,1.3833592534992225,0.30519669742593492,0.15000000000000002,1.6885559509251573,True,495,0.6185328185328185,False,False,40,10,30,40
cifar10_lenet5,923,"[4, 1, 3, 5]",58.366666666666667,1.1672303314208985,33.783389995143274,"[40.0, 10.0, 30.0, 60.0]",1.8994202141038434,1.3615863141524107,0.33783389995143276,0.20000000000000001,1.6994202141038433,True,346,0.73359073359073357,False,False,40,10,30,60
cifar10_lenet5,924,"[4, 1, 4, 0]",59.299999999999997,1.1523493067423503,31.762991743564836,"[40.0, 10.0, 40.0, 0.0]",1.8509891709348709,1.3833592534992225,0.31762991743564839,0.15000000000000002,1.7009891709348706,True,462,0.64401544401544397,False,False,40,10,40,0
cifar10_lenet5,925,"[4, 1, 4, 1]",59.166666666666664,1.1519017944335936,33.394851869839727,"[40.0, 10.0, 40.0, 10.0]",1.8141973522909323,1.3802488335925349,0.33394851869839726,0.10000000000000001,1.7141973522909324,True,553,0.57374517374517375,False,False,40,10,40,10
cifar10_lenet5,926,"[4, 1, 4, 2]",59.266666666666666,1.148306261698405,35.026711996114621,"[40.0, 10.0, 40.0, 20.0]",1.8828487684836968,1.3825816485225506,0.35026711996114623,0.15000000000000002,1.7328487684836968,True,385,0.70347490347490349,False,False,40,10,40,20
cifar10_lenet5,927,"[4, 1, 4, 3]",59.533333333333331,1.1454113210042318,36.658572122389508,"[40.0, 10.0, 40.0, 30.0]",1.9053882095598205,1.3888024883359253,0.3665857212238951,0.15000000000000002,1.7553882095598206,True,337,0.74054054054054053,False,False,40,10,40,30
cifar10_lenet5,928,"[4, 1, 4, 4]",59.299999999999997,1.1512006225585938,38.290432248664402,"[40.0, 10.0, 40.0, 40.0]",1.8662635759858666,1.3833592534992225,0.38290432248664402,0.10000000000000001,1.7662635759858663,True,427,0.67104247104247106,False,False,40,10,40,40
cifar10_lenet5,929,"[4, 1, 4, 5]",57.866666666666667,1.1751668701171876,41.554152501214183,"[40.0, 10.0, 40.0, 60.0]",1.9154637645144748,1.3499222395023329,0.41554152501214187,0.15000000000000002,1.7654637645144748,True,314,0.7583011583011583,False,False,40,10,40,60
cifar10_lenet5,930,"[4, 1, 5, 0]",57.966666666666669,1.1826859563191732,47.304516755706651,"[40.0, 10.0, 60.0, 0.0]",2.025300221989415,1.3522550544323484,0.47304516755706649,0.20000000000000001,1.8253002219894148,True,162,0.87567567567567572,False,False,40,10,60,0
cifar10_lenet5,931,"[4, 1, 5, 1]",57.766666666666666,1.18304185740153,48.936376881981545,"[40.0, 10.0, 60.0, 10.0]",1.9869531933921327,1.3475894245723172,0.48936376881981547,0.15000000000000002,1.8369531933921328,True,213,0.83629343629343633,False,False,40,10,60,10
cifar10_lenet5,932,"[4, 1, 5, 2]",57.93333333333333,1.1797060139973958,50.568237008256432,"[40.0, 10.0, 60.0, 20.0]",2.0571598195382408,1.3514774494556765,0.50568237008256434,0.20000000000000001,1.8571598195382408,True,132,0.89884169884169884,False,False,40,10,60,20
cifar10_lenet5,933,"[4, 1, 5, 3]",58.200000000000003,1.1745666681925455,52.200097134531326,"[40.0, 10.0, 60.0, 30.0]",2.0796992606143649,1.3576982892690515,0.52200097134531331,0.20000000000000001,1.8796992606143648,True,97,0.92586872586872582,False,False,40,10,60,30
cifar10_lenet5,934,"[4, 1, 5, 4]",57.866666666666667,1.1797800750732421,53.831957260806213,"[40.0, 10.0, 60.0, 40.0]",2.0382418121103951,1.3499222395023329,0.53831957260806218,0.15000000000000002,1.8882418121103952,True,150,0.88494208494208493,False,False,40,10,60,40
cifar10_lenet5,935,"[4, 1, 5, 5]",56.966666666666669,1.2127670110066733,57.095677513356001,"[40.0, 10.0, 60.0, 60.0]",2.049883680265753,1.328926905132193,0.57095677513356002,0.15000000000000002,1.899883680265753,True,140,0.89266409266409263,False,False,40,10,60,60
cifar10_lenet5,936,"[4, 2, 0, 0]",59.600000000000001,1.1312987391153972,1.0684798445847499,"[40.0, 20.0, 0.0, 0.0]",1.5510424967351168,1.3903576982892691,0.010684798445847498,0.15000000000000002,1.4010424967351167,True,1077,0.1691119691119691,False,False,40,20,0,0
cifar10_lenet5,937,"[4, 2, 0, 1]",59.600000000000001,1.1313187942504883,2.7003399708596407,"[40.0, 20.0, 0.0, 10.0]",1.6173610979978654,1.3903576982892691,0.027003399708596408,0.20000000000000001,1.4173610979978655,True,998,0.23011583011583012,False,False,40,20,0,10
cifar10_lenet5,938,"[4, 2, 0, 2]",60,1.1287089767456056,4.3322000971345309,"[40.0, 20.0, 0.0, 20.0]",1.5930109589806767,1.3996889580093312,0.043322000971345309,0.15000000000000002,1.4430109589806766,True,1029,0.20617760617760617,False,False,40,20,0,20
cifar10_lenet5,939,"[4, 2, 0, 3]",59.966666666666669,1.1267298456827799,5.9640602234094224,"[40.0, 20.0, 0.0, 30.0]",1.6585519552667538,1.3989113530326596,0.059640602234094224,0.20000000000000001,1.4585519552667539,True,913,0.29575289575289576,False,False,40,20,0,30
cifar10_lenet5,940,"[4, 2, 0, 4]",59.633333333333333,1.1282701288859049,7.5959203496843131,"[40.0, 20.0, 0.0, 40.0]",1.617094506762784,1.391135303265941,0.075959203496843139,0.15000000000000002,1.4670945067627841,True,999,0.22934362934362934,False,False,40,20,0,40
cifar10_lenet5,941,"[4, 2, 0, 5]",58.899999999999999,1.1510672175089518,10.859640602234094,"[40.0, 20.0, 0.0, 60.0]",1.6826243998015011,1.3740279937791602,0.10859640602234094,0.20000000000000001,1.4826243998015012,True,867,0.3312741312741313,False,False,40,20,0,60
cifar10_lenet5,942,"[4, 2, 1, 0]",59.5,1.1312268397013345,8.8392423506556579,"[40.0, 20.0, 10.0, 0.0]",1.6764173068658101,1.3880248833592537,0.088392423506556586,0.20000000000000001,1.4764173068658102,True,879,0.32200772200772199,False,False,40,20,10,0
cifar10_lenet5,943,"[4, 2, 1, 1]",59.533333333333331,1.1312742767333985,10.471102476930549,"[40.0, 20.0, 10.0, 10.0]",1.6435135131052307,1.3888024883359253,0.10471102476930549,0.15000000000000002,1.4935135131052308,True,947,0.26949806949806948,False,False,40,20,10,10
cifar10_lenet5,944,"[4, 2, 1, 2]",60.06666666666667,1.128704086303711,12.102962603205439,"[40.0, 20.0, 10.0, 20.0]",1.6722737939947296,1.401244167962675,0.12102962603205439,0.15000000000000002,1.5222737939947297,True,886,0.31660231660231658,False,False,40,20,10,20
cifar10_lenet5,945,"[4, 2, 1, 3]",59.899999999999999,1.1266713383992513,13.73482272948033,"[40.0, 20.0, 10.0, 30.0]",1.734704370374119,1.3973561430793158,0.13734822729480331,0.20000000000000001,1.534704370374119,True,744,0.42625482625482625,False,False,40,20,10,30
cifar10_lenet5,946,"[4, 2, 1, 4]",59.700000000000003,1.1279814758300781,15.36668285575522,"[40.0, 20.0, 10.0, 40.0]",1.6963573417768369,1.3926905132192846,0.1536668285575522,0.15000000000000002,1.546357341776837,True,827,0.36216216216216218,False,False,40,20,10,40
cifar10_lenet5,947,"[4, 2, 1, 5]",58.766666666666666,1.1509608637491862,18.630403108305003,"[40.0, 20.0, 10.0, 60.0]",1.7572216049555227,1.3709175738724728,0.18630403108305005,0.20000000000000001,1.5572216049555232,True,701,0.45945945945945948,False,False,40,20,10,60
cifar10_lenet5,948,"[4, 2, 2, 0]",59.600000000000001,1.1302000859578452,16.610004856726565,"[40.0, 20.0, 20.0, 0.0]",1.7064577468565347,1.3903576982892691,0.16610004856726565,0.15000000000000002,1.5564577468565348,True,801,0.38223938223938225,False,False,40,20,20,0
cifar10_lenet5,949,"[4, 2, 2, 1]",59.56666666666667,1.1303585128784179,18.241864983001456,"[40.0, 20.0, 20.0, 10.0]",1.721998743142612,1.3895800933125972,0.18241864983001457,0.15000000000000002,1.5719987431426121,True,771,0.40540540540540543,False,False,40,20,20,10
cifar10_lenet5,950,"[4, 2, 2, 2]",59.833333333333336,1.1277728118896484,19.873725109276347,"[40.0, 20.0, 20.0, 20.0]",1.6945381842187357,1.3958009331259722,0.19873725109276347,0.10000000000000001,1.5945381842187354,True,831,0.35907335907335908,False,False,40,20,20,20
cifar10_lenet5,951,"[4, 2, 2, 3]",59.93333333333333,1.1254968109130858,21.505585235551237,"[40.0, 20.0, 20.0, 30.0]",1.7631896004114997,1.3981337480559874,0.21505585235551239,0.15000000000000002,1.6131896004114998,True,683,0.47335907335907335,False,False,40,20,20,30
cifar10_lenet5,952,"[4, 2, 2, 4]",59.600000000000001,1.1274155680338542,23.137445361826128,"[40.0, 20.0, 20.0, 40.0]",1.7217321519075306,1.3903576982892691,0.23137445361826128,0.10000000000000001,1.6217321519075305,True,773,0.40386100386100388,False,False,40,20,20,40
cifar10_lenet5,953,"[4, 2, 2, 5]",58.833333333333336,1.1515745722452799,26.401165614375909,"[40.0, 20.0, 20.0, 60.0]",1.7864844399695756,1.3724727838258166,0.2640116561437591,0.15000000000000002,1.6364844399695757,True,621,0.52123552123552119,False,False,40,20,20,60
cifar10_lenet5,954,"[4, 2, 3, 0]",59.799999999999997,1.1344043248494466,24.380767362797474,"[40.0, 20.0, 30.0, 0.0]",1.8388310017772751,1.3950233281493003,0.24380767362797476,0.20000000000000001,1.6388310017772749,True,492,0.62084942084942085,False,False,40,20,30,0
cifar10_lenet5,955,"[4, 2, 3, 1]",59.733333333333334,1.134399533589681,26.012627489072365,"[40.0, 20.0, 30.0, 10.0]",1.8535943930866801,1.3934681181959565,0.26012627489072365,0.20000000000000001,1.6535943930866801,True,453,0.65096525096525093,False,False,40,20,30,10
cifar10_lenet5,956,"[4, 2, 3, 2]",60.133333333333333,1.1319764862060546,27.644487615347256,"[40.0, 20.0, 30.0, 20.0]",1.8292442540694913,1.4027993779160188,0.27644487615347257,0.15000000000000002,1.6792442540694914,True,518,0.60077220077220073,False,False,40,20,30,20
cifar10_lenet5,957,"[4, 2, 3, 3]",59.93333333333333,1.1298660430908203,29.276347741622146,"[40.0, 20.0, 30.0, 30.0]",1.8408972254722089,1.3981337480559874,0.2927634774162215,0.15000000000000002,1.690897225472209,True,486,0.62548262548262545,False,False,40,20,30,30
cifar10_lenet5,958,"[4, 2, 3, 4]",59.93333333333333,1.1328910903930665,30.908207867897037,"[40.0, 20.0, 30.0, 40.0]",1.8572158267349579,1.3981337480559874,0.30908207867897036,0.15000000000000002,1.7072158267349578,True,441,0.66023166023166024,False,False,40,20,30,40
cifar10_lenet5,959,"[4, 2, 3, 5]",58.533333333333331,1.1558096364339192,34.171928120446822,"[40.0, 20.0, 30.0, 60.0]",1.907193620240238,1.3654743390357698,0.34171928120446821,0.20000000000000001,1.707193620240238,True,334,0.74285714285714288,False,False,40,20,30,60
cifar10_lenet5,960,"[4, 2, 4, 0]",59.666666666666664,1.1425957819620769,32.15152986886838,"[40.0, 20.0, 40.0, 0.0]",1.8634282069312964,1.3919129082426127,0.32151529868868378,0.15000000000000002,1.7134282069312965,True,429,0.66949806949806945,False,False,40,20,40,0
cifar10_lenet5,961,"[4, 2, 4, 1]",59.799999999999997,1.1424442189534505,33.783389995143274,"[40.0, 20.0, 40.0, 10.0]",1.882857228100733,1.3950233281493003,0.33783389995143276,0.15000000000000002,1.7328572281007328,True,384,0.70424710424710424,False,False,40,20,40,10
cifar10_lenet5,962,"[4, 2, 4, 2]",59.93333333333333,1.139872075398763,35.415250121418161,"[40.0, 20.0, 40.0, 20.0]",1.8522862492701693,1.3981337480559874,0.35415250121418163,0.10000000000000001,1.7522862492701692,True,459,0.64633204633204633,False,False,40,20,40,20
cifar10_lenet5,963,"[4, 2, 4, 3]",59.56666666666667,1.1365560251871745,37.047110247693055,"[40.0, 20.0, 40.0, 30.0]",1.9100511957895279,1.3895800933125972,0.37047110247693055,0.15000000000000002,1.760051195789528,True,328,0.74749034749034748,False,False,40,20,40,30
cifar10_lenet5,964,"[4, 2, 4, 4]",59.56666666666667,1.1412800013224285,38.678970373967942,"[40.0, 20.0, 40.0, 40.0]",1.8763697970522768,1.3895800933125972,0.38678970373967941,0.10000000000000001,1.7763697970522769,True,404,0.68880308880308883,False,False,40,20,40,40
cifar10_lenet5,965,"[4, 2, 4, 5]",58.233333333333334,1.1637379379272461,41.942690626517724,"[40.0, 20.0, 40.0, 60.0]",1.9279028005109002,1.3584758942457231,0.41942690626517726,0.15000000000000002,1.7779028005109003,True,295,0.77297297297297296,False,False,40,20,40,60
cifar10_lenet5,966,"[4, 2, 5, 0]",58.266666666666666,1.1749235865275065,47.693054881010198,"[40.0, 20.0, 60.0, 0.0]",2.0361840480324971,1.359253499222395,0.476930548810102,0.20000000000000001,1.8361840480324974,True,153,0.88262548262548257,False,False,40,20,60,0
cifar10_lenet5,967,"[4, 2, 5, 1]",58.133333333333333,1.1756413396199543,49.324915007285092,"[40.0, 20.0, 60.0, 10.0]",2.0493922293885585,1.3561430793157077,0.49324915007285092,0.20000000000000001,1.8493922293885585,True,141,0.89189189189189189,False,False,40,20,60,10
cifar10_lenet5,968,"[4, 2, 5, 2]",58.200000000000003,1.1732650299072265,50.956775133559979,"[40.0, 20.0, 60.0, 20.0]",2.0172660406046514,1.3576982892690515,0.50956775133559984,0.15000000000000002,1.8672660406046513,True,172,0.86795366795366791,False,False,40,20,60,20
cifar10_lenet5,969,"[4, 2, 5, 3]",58.666666666666664,1.1676040369669596,52.588635259834874,"[40.0, 20.0, 60.0, 30.0]",2.0944711115408063,1.3685847589424573,0.52588635259834871,0.20000000000000001,1.8944711115408062,True,74,0.94362934362934359,False,False,40,20,60,30
cifar10_lenet5,970,"[4, 2, 5, 4]",58.5,1.1718196640014649,54.220495386109761,"[40.0, 20.0, 60.0, 40.0]",2.0569016879201958,1.3646967340590981,0.54220495386109757,0.15000000000000002,1.9069016879201957,True,133,0.8980694980694981,False,False,40,20,60,40
cifar10_lenet5,971,"[4, 2, 5, 5]",57.43333333333333,1.2031478729248046,57.484215638659542,"[40.0, 20.0, 60.0, 60.0]",2.0646555311921939,1.3398133748055987,0.57484215638659542,0.15000000000000002,1.914655531192194,True,120,0.90810810810810816,False,False,40,20,60,60
cifar10_lenet5,972,"[4, 3, 0, 0]",60.133333333333333,1.1371835937500001,1.4570179698882952,"[40.0, 30.0, 0.0, 0.0]",1.5673695576149016,1.4027993779160188,0.014570179698882952,0.15000000000000002,1.4173695576149017,True,1057,0.18455598455598454,False,False,40,30,0,0
cifar10_lenet5,973,"[4, 3, 0, 1]",60.033333333333331,1.1364501088460286,3.0888780961631861,"[40.0, 30.0, 0.0, 10.0]",1.6313553439476349,1.4004665629860031,0.030888780961631862,0.20000000000000001,1.431355343947635,True,969,0.25250965250965252,False,False,40,30,0,10
cifar10_lenet5,974,"[4, 3, 0, 2]",60.299999999999997,1.1341131490071614,4.7207382224380767,"[40.0, 30.0, 0.0, 20.0]",1.6538947850237589,1.4066874027993781,0.04720738222438077,0.20000000000000001,1.4538947850237587,True,927,0.28494208494208495,False,False,40,30,0,20
cifar10_lenet5,975,"[4, 3, 0, 3]",60.299999999999997,1.1339623591105144,6.3525983487129674,"[40.0, 30.0, 0.0, 30.0]",1.6202133862865078,1.4066874027993781,0.063525983487129678,0.15000000000000002,1.4702133862865074,True,992,0.23474903474903475,False,False,40,30,0,30
cifar10_lenet5,976,"[4, 3, 0, 4]",60.200000000000003,1.1385126851399741,7.984458474987858,"[40.0, 30.0, 0.0, 40.0]",1.6341991726192409,1.4043545878693624,0.079844584749878586,0.15000000000000002,1.4841991726192412,True,965,0.25559845559845562,False,False,40,30,0,40
cifar10_lenet5,977,"[4, 3, 0, 5]",59.233333333333334,1.1525383783976237,11.24817872753764,"[40.0, 30.0, 0.0, 60.0]",1.6942858308212552,1.3818040435458787,0.1124817872753764,0.20000000000000001,1.4942858308212552,True,832,0.35830115830115827,False,False,40,30,0,60
cifar10_lenet5,978,"[4, 3, 1, 0]",60,1.1369148763020833,9.2277804759592037,"[40.0, 30.0, 10.0, 0.0]",1.6919667627689232,1.3996889580093312,0.092277804759592033,0.20000000000000001,1.4919667627689233,True,841,0.35135135135135137,False,False,40,30,10,0
cifar10_lenet5,979,"[4, 3, 1, 1]",60.033333333333331,1.1361963933308918,10.859640602234094,"[40.0, 30.0, 10.0, 10.0]",1.6590629690083443,1.4004665629860031,0.10859640602234094,0.15000000000000002,1.5090629690083441,True,911,0.29729729729729731,False,False,40,30,10,10
cifar10_lenet5,980,"[4, 3, 1, 2]",60.333333333333336,1.1339102325439454,12.491500728508985,"[40.0, 30.0, 10.0, 20.0]",1.7323800150611397,1.40746500777605,0.12491500728508985,0.20000000000000001,1.5323800150611395,True,747,0.42393822393822395,False,False,40,30,10,20
cifar10_lenet5,981,"[4, 3, 1, 3]",60.43333333333333,1.133719736735026,14.123360854783876,"[40.0, 30.0, 10.0, 30.0]",1.7010314312539041,1.4097978227060652,0.14123360854783876,0.15000000000000002,1.551031431253904,True,813,0.37297297297297299,False,False,40,30,10,30
cifar10_lenet5,982,"[4, 3, 1, 4]",60.266666666666666,1.1381392771402994,15.755220981058766,"[40.0, 30.0, 10.0, 40.0]",1.7134620076332938,1.405909797822706,0.15755220981058768,0.15000000000000002,1.5634620076332939,True,789,0.39150579150579151,False,False,40,30,10,40
cifar10_lenet5,983,"[4, 3, 1, 5]",59.06666666666667,1.1522351888020834,19.018941233608547,"[40.0, 30.0, 10.0, 60.0]",1.7681054309986048,1.3779160186625194,0.19018941233608547,0.20000000000000001,1.5681054309986051,True,669,0.48416988416988416,False,False,40,30,10,60
cifar10_lenet5,984,"[4, 3, 2, 0]",60.266666666666666,1.13429931640625,16.998542982030113,"[40.0, 30.0, 20.0, 0.0]",1.7758952276430071,1.405909797822706,0.16998542982030113,0.20000000000000001,1.5758952276430074,True,649,0.49961389961389963,False,False,40,30,20,0
cifar10_lenet5,985,"[4, 3, 2, 1]",60.200000000000003,1.1336888860066732,18.630403108305003,"[40.0, 30.0, 20.0, 10.0]",1.7906586189524123,1.4043545878693624,0.18630403108305005,0.20000000000000001,1.5906586189524128,True,607,0.532046332046332,False,False,40,30,20,10
cifar10_lenet5,986,"[4, 3, 2, 2]",60.166666666666664,1.1314972127278646,20.262263234579894,"[40.0, 30.0, 20.0, 20.0]",1.7561996152384896,1.4035769828926905,0.20262263234579894,0.15000000000000002,1.6061996152384894,True,706,0.45559845559845558,False,False,40,30,20,20
cifar10_lenet5,987,"[4, 3, 2, 3]",60.233333333333334,1.1310400365193685,21.894123360854785,"[40.0, 30.0, 20.0, 30.0]",1.7740734264545823,1.4051321928460343,0.21894123360854786,0.15000000000000002,1.624073426454582,True,656,0.49420849420849422,False,False,40,30,20,30
cifar10_lenet5,988,"[4, 3, 2, 4]",60.166666666666664,1.1359950764973958,23.525983487129675,"[40.0, 30.0, 20.0, 40.0]",1.7888368177639871,1.4035769828926905,0.23525983487129676,0.15000000000000002,1.6388368177639872,True,613,0.5274131274131274,False,False,40,30,20,40
cifar10_lenet5,989,"[4, 3, 2, 5]",58.766666666666666,1.1515843607584635,26.789703739679457,"[40.0, 30.0, 20.0, 60.0]",1.8388146112692674,1.3709175738724728,0.26789703739679455,0.20000000000000001,1.6388146112692676,True,493,0.6200772200772201,False,False,40,30,20,60
cifar10_lenet5,990,"[4, 3, 3, 0]",59.966666666666669,1.1403969777425129,24.769305488101018,"[40.0, 30.0, 30.0, 0.0]",1.7966044079136698,1.3989113530326596,0.24769305488101018,0.15000000000000002,1.6466044079136697,True,594,0.54208494208494207,False,False,40,30,30,0
cifar10_lenet5,991,"[4, 3, 3, 1]",60.06666666666667,1.1396203587849936,26.401165614375909,"[40.0, 30.0, 30.0, 10.0]",1.8152558241064343,1.401244167962675,0.2640116561437591,0.15000000000000002,1.6652558241064344,True,551,0.57528957528957525,False,False,40,30,30,10
cifar10_lenet5,992,"[4, 3, 3, 2]",60.233333333333334,1.1375654627482097,28.0330257406508,"[40.0, 30.0, 30.0, 20.0]",1.8354624502525425,1.4051321928460343,0.28033025740650802,0.15000000000000002,1.6854624502525422,True,502,0.61312741312741315,False,False,40,30,30,20
cifar10_lenet5,993,"[4, 3, 3, 3]",60.266666666666666,1.1372117182413737,29.664885866925694,"[40.0, 30.0, 30.0, 30.0]",1.8025586564919629,1.405909797822706,0.29664885866925694,0.10000000000000001,1.7025586564919633,True,578,0.55444015444015449,False,False,40,30,30,30
cifar10_lenet5,994,"[4, 3, 3, 4]",60.166666666666664,1.143225112915039,31.296745993200584,"[40.0, 30.0, 30.0, 40.0]",1.8165444428246964,1.4035769828926905,0.31296745993200586,0.10000000000000001,1.7165444428246963,True,546,0.5791505791505791,False,False,40,30,30,40
cifar10_lenet5,995,"[4, 3, 3, 5]",58.899999999999999,1.1577195409138998,34.560466245750362,"[40.0, 30.0, 30.0, 60.0]",1.8696326562366639,1.3740279937791602,0.34560466245750365,0.15000000000000002,1.7196326562366639,True,418,0.67799227799227801,False,False,40,30,30,60
cifar10_lenet5,996,"[4, 3, 4, 0]",59.799999999999997,1.1515238571166992,32.540067994171928,"[40.0, 30.0, 40.0, 0.0]",1.8704240080910197,1.3950233281493003,0.32540067994171928,0.15000000000000002,1.7204240080910194,True,415,0.68030888030888026,False,False,40,30,40,0
cifar10_lenet5,997,"[4, 3, 4, 1]",59.799999999999997,1.1506218541463216,34.171928120446822,"[40.0, 30.0, 40.0, 10.0]",1.8867426093537687,1.3950233281493003,0.34171928120446821,0.15000000000000002,1.7367426093537683,True,373,0.71274131274131269,False,False,40,30,40,10
cifar10_lenet5,998,"[4, 3, 4, 2]",60,1.1483649597167969,35.803788246721709,"[40.0, 30.0, 40.0, 20.0]",1.9077268404765482,1.3996889580093312,0.35803788246721707,0.15000000000000002,1.7577268404765483,True,333,0.74362934362934363,False,False,40,30,40,20
cifar10_lenet5,999,"[4, 3, 4, 3]",60.06666666666667,1.1469603678385416,37.435648372996603,"[40.0, 30.0, 40.0, 30.0]",1.8756006516926411,1.401244167962675,0.37435648372996605,0.10000000000000001,1.7756006516926413,True,407,0.68648648648648647,False,False,40,30,40,30
cifar10_lenet5,1000,"[4, 3, 4, 4]",59.600000000000001,1.1547146708170573,39.06750849927149,"[40.0, 30.0, 40.0, 40.0]",1.8810327832819842,1.3903576982892691,0.39067508499271492,0.10000000000000001,1.7810327832819841,True,389,0.70038610038610039,False,False,40,30,40,40
cifar10_lenet5,1001,"[4, 3, 4, 5]",58.733333333333334,1.1677476755777996,42.331228751821271,"[40.0, 30.0, 40.0, 60.0]",1.9434522564140138,1.3701399688958009,0.4233122875182127,0.15000000000000002,1.7934522564140136,True,272,0.79073359073359073,False,False,40,30,40,60
cifar10_lenet5,1002,"[4, 3, 5, 0]",58.233333333333334,1.1738576914469401,48.081593006313746,"[40.0, 30.0, 60.0, 0.0]",2.0392918243088607,1.3584758942457231,0.48081593006313744,0.20000000000000001,1.8392918243088605,True,149,0.88571428571428568,False,False,40,30,60,0
cifar10_lenet5,1003,"[4, 3, 5, 1]",58.399999999999999,1.1738838043212891,49.713453132588633,"[40.0, 30.0, 60.0, 10.0]",2.0594984504549689,1.3623639191290824,0.49713453132588636,0.20000000000000001,1.8594984504549688,True,127,0.9027027027027027,False,False,40,30,60,10
cifar10_lenet5,1004,"[4, 3, 5, 2]",58.333333333333336,1.1718841222127279,51.345313258863527,"[40.0, 30.0, 60.0, 20.0]",2.0742618417643741,1.3608087091757388,0.51345313258863523,0.20000000000000001,1.8742618417643739,True,105,0.91969111969111972,False,False,40,30,60,20
cifar10_lenet5,1005,"[4, 3, 5, 3]",58.799999999999997,1.1678778711954754,52.977173385138414,"[40.0, 30.0, 60.0, 30.0]",2.0514669127005289,1.3716951788491447,0.5297717338513841,0.15000000000000002,1.9014669127005286,True,139,0.89343629343629338,False,False,40,30,60,30
cifar10_lenet5,1006,"[4, 3, 5, 4]",58.466666666666669,1.1746238835652669,54.609033511413308,"[40.0, 30.0, 60.0, 40.0]",2.0600094641965594,1.3639191290824262,0.54609033511413307,0.15000000000000002,1.9100094641965593,True,125,0.90424710424710419,False,False,40,30,60,40
cifar10_lenet5,1007,"[4, 3, 5, 5]",57.700000000000003,1.1974911397298178,57.87275376396309,"[40.0, 30.0, 60.0, 60.0]",2.0747617522586044,1.3460342146189737,0.57872753763963092,0.15000000000000002,1.9247617522586049,True,104,0.92046332046332047,False,False,40,30,60,60
cifar10_lenet5,1008,"[4, 4, 0, 0]",58,1.2191496810913085,1.8455560951918406,"[40.0, 40.0, 0.0, 0.0]",1.4714882203609387,1.3530326594090203,0.018455560951918408,0.10000000000000001,1.3714882203609386,True,1143,0.11814671814671815,False,False,40,40,0,0
cifar10_lenet5,1009,"[4, 4, 0, 1]",57.833333333333336,1.2176618932088217,3.4774162214667315,"[40.0, 40.0, 0.0, 10.0]",1.5339187967403287,1.3491446345256612,0.034774162214667316,0.15000000000000002,1.3839187967403284,True,1096,0.15444015444015444,False,False,40,40,0,10
cifar10_lenet5,1010,"[4, 4, 0, 2]",57.966666666666669,1.216457005818685,5.1092763477416225,"[40.0, 40.0, 0.0, 20.0]",1.5533478179097648,1.3522550544323484,0.051092763477416224,0.15000000000000002,1.4033478179097647,True,1076,0.16988416988416988,False,False,40,40,0,20
cifar10_lenet5,1011,"[4, 4, 0, 3]",57.93333333333333,1.2141490071614582,6.7411364740165132,"[40.0, 40.0, 0.0, 30.0]",1.5688888141958417,1.3514774494556765,0.067411364740165139,0.15000000000000002,1.4188888141958416,True,1055,0.18610038610038609,False,False,40,40,0,30
cifar10_lenet5,1012,"[4, 4, 0, 4]",57.733333333333334,1.222124387105306,8.3729966002914029,"[40.0, 40.0, 0.0, 40.0]",1.5305417855985595,1.3468118195956453,0.083729966002914033,0.10000000000000001,1.4305417855985594,True,1098,0.15289575289575288,False,False,40,40,0,40
cifar10_lenet5,1013,"[4, 4, 0, 5]",57.266666666666666,1.2216723480224609,11.636716852841184,"[40.0, 40.0, 0.0, 60.0]",1.6022925184506516,1.3359253499222397,0.11636716852841185,0.15000000000000002,1.4522925184506514,True,1018,0.21467181467181468,False,False,40,40,0,60
cifar10_lenet5,1014,"[4, 4, 1, 0]",58,1.2187206904093424,9.6163186012627495,"[40.0, 40.0, 10.0, 0.0]",1.5991958454216477,1.3530326594090203,0.096163186012627494,0.15000000000000002,1.4491958454216478,True,1020,0.21312741312741312,False,False,40,40,10,0
cifar10_lenet5,1015,"[4, 4, 1, 1]",57.866666666666667,1.2172208989461264,11.24817872753764,"[40.0, 40.0, 10.0, 10.0]",1.5624040267777095,1.3499222395023329,0.1124817872753764,0.10000000000000001,1.4624040267777094,True,1064,0.17915057915057914,False,False,40,40,10,10
cifar10_lenet5,1016,"[4, 4, 1, 2]",57.93333333333333,1.2160872472127278,12.880038853812531,"[40.0, 40.0, 10.0, 20.0]",1.6302778379938019,1.3514774494556765,0.12880038853812531,0.15000000000000002,1.4802778379938017,True,970,0.25173745173745171,False,False,40,40,10,20
cifar10_lenet5,1017,"[4, 4, 1, 3]",57.799999999999997,1.2137222544352213,14.511898980087421,"[40.0, 40.0, 10.0, 30.0]",1.6434860193498633,1.3483670295489891,0.1451189898008742,0.15000000000000002,1.4934860193498631,True,948,0.26872586872586873,False,False,40,40,10,30
cifar10_lenet5,1018,"[4, 4, 1, 4]",57.766666666666666,1.2215697402954102,16.14375910636231,"[40.0, 40.0, 10.0, 40.0]",1.6090270156359403,1.3475894245723172,0.1614375910636231,0.10000000000000001,1.5090270156359407,True,1011,0.22007722007722008,False,False,40,40,10,40
cifar10_lenet5,1019,"[4, 4, 1, 5]",57.5,1.2210839462280274,19.407479358912092,"[40.0, 40.0, 10.0, 60.0]",1.6854433783480633,1.3413685847589425,0.19407479358912091,0.15000000000000002,1.5354433783480634,True,861,0.3359073359073359,False,False,40,40,10,60
cifar10_lenet5,1020,"[4, 4, 2, 0]",58.133333333333333,1.2148789189656575,17.387081107333657,"[40.0, 40.0, 20.0, 0.0]",1.680013890389044,1.3561430793157077,0.17387081107333657,0.15000000000000002,1.5300138903890441,True,871,0.3281853281853282,False,False,40,40,20,0
cifar10_lenet5,1021,"[4, 4, 2, 1]",58.100000000000001,1.2135606714884439,19.018941233608547,"[40.0, 40.0, 20.0, 10.0]",1.6955548866751213,1.355365474339036,0.19018941233608547,0.15000000000000002,1.5455548866751214,True,829,0.36061776061776063,False,False,40,40,20,10
cifar10_lenet5,1022,"[4, 4, 2, 2]",58.133333333333333,1.2124914957682291,20.650801359883438,"[40.0, 40.0, 20.0, 20.0]",1.6626510929145422,1.3561430793157077,0.20650801359883439,0.10000000000000001,1.5626510929145421,True,908,0.29961389961389961,False,False,40,40,20,20
cifar10_lenet5,1023,"[4, 4, 2, 3]",57.833333333333336,1.2097996317545572,22.282661486158329,"[40.0, 40.0, 20.0, 30.0]",1.7219712493872446,1.3491446345256612,0.22282661486158328,0.15000000000000002,1.5719712493872442,True,772,0.40463320463320462,False,False,40,40,20,30
cifar10_lenet5,1024,"[4, 4, 2, 4]",57.866666666666667,1.21831920115153,23.914521612433219,"[40.0, 40.0, 20.0, 40.0]",1.6890674556266652,1.3499222395023329,0.2391452161243322,0.10000000000000001,1.5890674556266651,True,849,0.34517374517374516,False,False,40,40,20,40
cifar10_lenet5,1025,"[4, 4, 2, 5]",57.466666666666669,1.2194682210286458,27.178241864983001,"[40.0, 40.0, 20.0, 60.0]",1.7623733984321004,1.3405909797822706,0.27178241864982999,0.15000000000000002,1.6123733984321009,True,686,0.47104247104247104,False,False,40,40,20,60
cifar10_lenet5,1026,"[4, 4, 3, 0]",58.033333333333331,1.2214048614501953,25.157843613404566,"[40.0, 40.0, 30.0, 0.0]",1.7553887005197377,1.353810264385692,0.25157843613404568,0.15000000000000002,1.6053887005197378,True,709,0.45328185328185328,False,False,40,40,30,0
cifar10_lenet5,1027,"[4, 4, 3, 1]",57.733333333333334,1.2200264104207357,26.789703739679457,"[40.0, 40.0, 30.0, 10.0]",1.7647088569924398,1.3468118195956453,0.26789703739679455,0.15000000000000002,1.6147088569924399,True,678,0.4772200772200772,False,False,40,40,30,10
cifar10_lenet5,1028,"[4, 4, 3, 2]",57.666666666666664,1.2189212900797526,28.421563865954347,"[40.0, 40.0, 30.0, 20.0]",1.779472248301845,1.3452566096423018,0.28421563865954347,0.15000000000000002,1.6294722483018451,True,635,0.51042471042471038,False,False,40,40,30,20
cifar10_lenet5,1029,"[4, 4, 3, 3]",57.466666666666669,1.2162605107625326,30.053423992229238,"[40.0, 40.0, 30.0, 30.0]",1.741125219704563,1.3405909797822706,0.30053423992229239,0.10000000000000001,1.6411252197045632,True,734,0.43397683397683395,False,False,40,40,30,30
cifar10_lenet5,1030,"[4, 4, 3, 4]",58.100000000000001,1.2261174850463867,31.685284118504129,"[40.0, 40.0, 30.0, 40.0]",1.7722183155240774,1.355365474339036,0.31685284118504131,0.10000000000000001,1.6722183155240773,True,661,0.49034749034749037,False,False,40,40,30,40
cifar10_lenet5,1031,"[4, 4, 3, 5]",57.200000000000003,1.2265507532755533,34.94900437105391,"[40.0, 40.0, 30.0, 60.0]",1.8338601836794348,1.3343701399688959,0.3494900437105391,0.15000000000000002,1.6838601836794351,True,506,0.61003861003861004,False,False,40,40,30,60
cifar10_lenet5,1032,"[4, 4, 4, 0]",57.366666666666667,1.2418047180175782,32.928606119475475,"[40.0, 40.0, 40.0, 0.0]",1.76754422604701,1.3382581648522551,0.32928606119475473,0.10000000000000001,1.6675442260470099,True,671,0.4826254826254826,False,False,40,40,40,0
cifar10_lenet5,1033,"[4, 4, 4, 1]",57.466666666666669,1.2403324559529623,34.560466245750362,"[40.0, 40.0, 40.0, 10.0]",1.7861956422397745,1.3405909797822706,0.34560466245750365,0.10000000000000001,1.6861956422397744,True,622,0.52046332046332044,False,False,40,40,40,10
cifar10_lenet5,1034,"[4, 4, 4, 2]",57.299999999999997,1.2391383539835612,36.192326372025256,"[40.0, 40.0, 40.0, 20.0]",1.7986262186191639,1.3367029548989113,0.36192326372025257,0.10000000000000001,1.6986262186191639,True,586,0.54826254826254828,False,False,40,40,40,20
cifar10_lenet5,1035,"[4, 4, 4, 3]",57.333333333333336,1.2351158879597981,37.824186498300143,"[40.0, 40.0, 40.0, 30.0]",1.815722424858585,1.3374805598755835,0.37824186498300144,0.10000000000000001,1.7157224248585847,True,549,0.57683397683397686,False,False,40,40,40,30
cifar10_lenet5,1036,"[4, 4, 4, 4]",56.966666666666669,1.2475190505981446,39.456046624575038,"[40.0, 40.0, 40.0, 40.0]",1.7734873713779435,1.328926905132193,0.39456046624575036,0.050000000000000003,1.7234873713779435,True,659,0.49189189189189192,False,False,40,40,40,40
cifar10_lenet5,1037,"[4, 4, 4, 5]",56.700000000000003,1.2447440999348958,42.719766877124819,"[40.0, 40.0, 40.0, 60.0]",1.8499037340900666,1.3227060653188183,0.42719766877124821,0.10000000000000001,1.7499037340900665,True,463,0.64324324324324322,False,False,40,40,40,60
cifar10_lenet5,1038,"[4, 4, 5, 0]",55.600000000000001,1.2568303654988606,48.470131131617293,"[40.0, 40.0, 60.0, 0.0]",1.93174641240482,1.297045101088647,0.48470131131617294,0.15000000000000002,1.7817464124048199,True,289,0.77760617760617756,False,False,40,40,60,0
cifar10_lenet5,1039,"[4, 4, 5, 1]",55.533333333333331,1.25619544728597,50.10199125789218,"[40.0, 40.0, 60.0, 10.0]",1.9465098037142252,1.2954898911353032,0.50101991257892187,0.15000000000000002,1.7965098037142251,True,267,0.79459459459459458,False,False,40,40,60,10
cifar10_lenet5,1040,"[4, 4, 5, 2]",55.366666666666667,1.2558712488810222,51.733851384167075,"[40.0, 40.0, 60.0, 20.0]",1.9589403800936149,1.2916018662519442,0.51733851384167073,0.15000000000000002,1.8089403800936146,True,249,0.8084942084942085,False,False,40,40,60,20
cifar10_lenet5,1041,"[4, 4, 5, 3]",55.866666666666667,1.2486622619628907,53.365711510441962,"[40.0, 40.0, 60.0, 30.0]",1.9869230560064417,1.303265940902022,0.5336571151044196,0.15000000000000002,1.8369230560064413,True,214,0.83552123552123547,False,False,40,40,60,30
cifar10_lenet5,1042,"[4, 4, 5, 4]",55.06666666666667,1.2578183314005533,54.997571636716856,"[40.0, 40.0, 60.0, 40.0]",1.9345791378290662,1.2846034214618975,0.54997571636716858,0.10000000000000001,1.8345791378290661,True,284,0.78146718146718142,False,False,40,40,60,40
cifar10_lenet5,1043,"[4, 4, 5, 5]",54.333333333333336,1.2692042236328125,58.261291889266637,"[40.0, 40.0, 60.0, 60.0]",1.9501090308677833,1.2674961119751167,0.58261291889266642,0.10000000000000001,1.8501090308677832,True,260,0.80000000000000004,True,True,40,40,60,60
cifar10_lenet5,1044,"[4, 5, 0, 0]",50.399999999999999,1.4532971496582032,2.6226323457989316,"[40.0, 60.0, 0.0, 0.0]",1.3519650481858276,1.1757387247278384,0.026226323457989316,0.15000000000000002,1.2019650481858275,True,1221,0.057915057915057917,False,False,40,60,0,0
cifar10_lenet5,1045,"[4, 5, 0, 1]",50.133333333333333,1.4573188934326171,4.2544924720738226,"[40.0, 60.0, 0.0, 10.0]",1.4120628096352015,1.1695178849144634,0.042544924720738224,0.20000000000000001,1.2120628096352017,True,1186,0.084942084942084939,False,False,40,60,0,10
cifar10_lenet5,1046,"[4, 5, 0, 2]",50.100000000000001,1.462252176920573,5.8863525983487133,"[40.0, 60.0, 0.0, 20.0]",1.4276038059212788,1.1687402799377917,0.058863525983487132,0.20000000000000001,1.2276038059212788,True,1174,0.094208494208494212,False,False,40,60,0,20
cifar10_lenet5,1047,"[4, 5, 0, 3]",50.43333333333333,1.4488702952067056,7.5182127246236039,"[40.0, 60.0, 0.0, 30.0]",1.4516984569507461,1.17651632970451,0.075182127246236047,0.20000000000000001,1.2516984569507461,True,1161,0.10424710424710425,False,False,40,60,0,30
cifar10_lenet5,1048,"[4, 5, 0, 4]",50.666666666666664,1.4344532521565756,9.1500728508984945,"[40.0, 60.0, 0.0, 40.0]",1.4234602930501978,1.1819595645412131,0.091500728508984941,0.15000000000000002,1.2734602930501979,True,1176,0.092664092664092659,False,False,40,60,0,40
cifar10_lenet5,1049,"[4, 5, 0, 5]",49.166666666666664,1.4618111877441406,12.413793103448276,"[40.0, 60.0, 0.0, 60.0]",1.4211052716254624,1.1469673405909797,0.12413793103448276,0.15000000000000002,1.2711052716254627,True,1180,0.089575289575289568,False,False,40,60,0,60
cifar10_lenet5,1050,"[4, 5, 1, 0]",50.43333333333333,1.4521502482096353,10.393394851869839,"[40.0, 60.0, 10.0, 0.0]",1.4804502782232083,1.17651632970451,0.1039339485186984,0.20000000000000001,1.2804502782232083,True,1135,0.12432432432432433,False,False,40,60,10,0
cifar10_lenet5,1051,"[4, 5, 1, 1]",50.200000000000003,1.4561766891479493,12.02525497814473,"[40.0, 60.0, 10.0, 10.0]",1.4413256446492544,1.1710730948678072,0.1202525497814473,0.15000000000000002,1.2913256446492547,True,1166,0.10038610038610038,False,False,40,60,10,10
cifar10_lenet5,1052,"[4, 5, 1, 2]",50.266666666666666,1.4611296844482422,13.657115104419621,"[40.0, 60.0, 10.0, 20.0]",1.509199455865347,1.1726283048211508,0.1365711510441962,0.20000000000000001,1.3091994558653473,True,1110,0.14362934362934363,False,False,40,60,10,20
cifar10_lenet5,1053,"[4, 5, 1, 3]",50.399999999999999,1.4478133214314779,15.288975230694511,"[40.0, 60.0, 10.0, 30.0]",1.5286284770347833,1.1757387247278384,0.15288975230694513,0.20000000000000001,1.3286284770347834,True,1102,0.14980694980694981,False,False,40,60,10,30
cifar10_lenet5,1054,"[4, 5, 1, 4]",50.666666666666664,1.433173792521159,16.920835356969402,"[40.0, 60.0, 10.0, 40.0]",1.501167918110907,1.1819595645412131,0.16920835356969402,0.15000000000000002,1.3511679181109071,True,1116,0.138996138996139,False,False,40,60,10,40
cifar10_lenet5,1055,"[4, 5, 1, 5]",49.200000000000003,1.4603821716308594,20.184555609519183,"[40.0, 60.0, 10.0, 60.0]",1.4995905016628437,1.1477449455676518,0.20184555609519184,0.15000000000000002,1.3495905016628438,True,1119,0.13667953667953667,False,False,40,60,10,60
cifar10_lenet5,1056,"[4, 5, 2, 0]",50.399999999999999,1.4457314834594726,18.164157357940748,"[40.0, 60.0, 20.0, 0.0]",1.5573802983072458,1.1757387247278384,0.18164157357940749,0.20000000000000001,1.3573802983072456,True,1069,0.17528957528957528,False,False,40,60,20,0
cifar10_lenet5,1057,"[4, 5, 2, 1]",50.333333333333336,1.4497782313028971,19.796017484215639,"[40.0, 60.0, 20.0, 10.0]",1.5721436896166512,1.1741835147744948,0.19796017484215639,0.20000000000000001,1.372143689616651,True,1051,0.1891891891891892,False,False,40,60,20,10
cifar10_lenet5,1058,"[4, 5, 2, 2]",50.166666666666664,1.4547202428181967,21.42787761049053,"[40.0, 60.0, 20.0, 20.0]",1.5345742659960404,1.1702954898911353,0.21427877610490531,0.15000000000000002,1.3845742659960405,True,1095,0.15521235521235521,False,False,40,60,20,20
cifar10_lenet5,1059,"[4, 5, 2, 3]",50.333333333333336,1.4409987462361653,23.05973773676542,"[40.0, 60.0, 20.0, 30.0]",1.6047808921421489,1.1741835147744948,0.2305973773676542,0.20000000000000001,1.4047808921421487,True,1014,0.21776061776061775,False,False,40,60,20,30
cifar10_lenet5,1060,"[4, 5, 2, 4]",50.799999999999997,1.4274410247802733,24.691597863040311,"[40.0, 60.0, 20.0, 40.0]",1.5819859630783037,1.1850699844479005,0.24691597863040313,0.15000000000000002,1.4319859630783034,True,1040,0.19768339768339768,False,False,40,60,20,40
cifar10_lenet5,1061,"[4, 5, 2, 5]",49,1.4553378728230795,27.955318115590092,"[40.0, 60.0, 20.0, 60.0]",1.5726324968635215,1.1430793157076207,0.27955318115590094,0.15000000000000002,1.4226324968635216,True,1050,0.18996138996138995,False,False,40,60,20,60
cifar10_lenet5,1062,"[4, 5, 3, 0]",50.733333333333334,1.4339891967773437,25.934919864011658,"[40.0, 60.0, 30.0, 0.0]",1.6428639731346735,1.1835147744945569,0.25934919864011657,0.20000000000000001,1.4428639731346733,True,949,0.26795366795366793,False,False,40,60,30,0
cifar10_lenet5,1063,"[4, 5, 3, 1]",50.600000000000001,1.4377909876505535,27.566779990286548,"[40.0, 60.0, 30.0, 10.0]",1.6560721544907351,1.1804043545878695,0.2756677999028655,0.20000000000000001,1.4560721544907351,True,921,0.28957528957528955,False,False,40,60,30,10
cifar10_lenet5,1064,"[4, 5, 3, 2]",50.700000000000003,1.4423916091918945,29.198640116561439,"[40.0, 60.0, 30.0, 20.0]",1.6747235706834993,1.182737169517885,0.29198640116561442,0.20000000000000001,1.4747235706834996,True,882,0.31969111969111969,False,False,40,60,30,20
cifar10_lenet5,1065,"[4, 5, 3, 3]",50.766666666666666,1.4287130940755208,30.83050024283633,"[40.0, 60.0, 30.0, 30.0]",1.6425973818995918,1.1842923794712286,0.30830500242836328,0.15000000000000002,1.4925973818995921,True,952,0.26563706563706563,False,False,40,60,30,30
cifar10_lenet5,1066,"[4, 5, 3, 4]",51.233333333333334,1.4168815155029297,32.462360369111217,"[40.0, 60.0, 30.0, 40.0]",1.6698024528357469,1.1951788491446347,0.32462360369111215,0.15000000000000002,1.5198024528357466,True,892,0.31196911196911198,False,False,40,60,30,40
cifar10_lenet5,1067,"[4, 5, 3, 5]",49.600000000000001,1.4452065760294597,35.726080621660998,"[40.0, 60.0, 30.0, 60.0]",1.6643370115043239,1.1570762052877139,0.35726080621660999,0.15000000000000002,1.514337011504324,True,904,0.30270270270270272,False,False,40,60,30,60
cifar10_lenet5,1068,"[4, 5, 4, 0]",50.56666666666667,1.442808708190918,33.705682370082563,"[40.0, 60.0, 40.0, 0.0]",1.6666835733120231,1.1796267496111976,0.33705682370082563,0.15000000000000002,1.5166835733120232,True,898,0.30733590733590732,False,False,40,60,40,0
cifar10_lenet5,1069,"[4, 5, 4, 1]",50.43333333333333,1.4466455510457357,35.337542496357457,"[40.0, 60.0, 40.0, 10.0]",1.6798917546680845,1.17651632970451,0.3533754249635746,0.15000000000000002,1.5298917546680846,True,872,0.32741312741312739,False,False,40,60,40,10
cifar10_lenet5,1070,"[4, 5, 4, 2]",50.100000000000001,1.4515360717773438,36.969402622632344,"[40.0, 60.0, 40.0, 20.0]",1.6884343061641154,1.1687402799377917,0.36969402622632347,0.15000000000000002,1.5384343061641153,True,853,0.34208494208494211,False,False,40,60,40,20
cifar10_lenet5,1071,"[4, 5, 4, 3]",50.766666666666666,1.4368487396240235,38.601262748907239,"[40.0, 60.0, 40.0, 30.0]",1.720305006960301,1.1842923794712286,0.38601262748907239,0.15000000000000002,1.5703050069603011,True,778,0.40000000000000002,False,False,40,60,40,30
cifar10_lenet5,1072,"[4, 5, 4, 4]",50.866666666666667,1.4261987813313801,40.233122875182126,"[40.0, 60.0, 40.0, 40.0]",1.6889564231530656,1.1866251944012443,0.40233122875182126,0.10000000000000001,1.5889564231530655,True,850,0.34440154440154441,False,False,40,60,40,40
cifar10_lenet5,1073,"[4, 5, 4, 5]",49.166666666666664,1.456349505106608,43.496843127731907,"[40.0, 60.0, 40.0, 60.0]",1.6819357718682988,1.1469673405909797,0.4349684312773191,0.10000000000000001,1.5819357718682991,True,869,0.32972972972972975,False,False,40,60,40,60
cifar10_lenet5,1074,"[4, 5, 5, 0]",48.06666666666667,1.502106086730957,49.247207382224381,"[40.0, 60.0, 60.0, 0.0]",1.7637784501830529,1.1213063763608089,0.49247207382224384,0.15000000000000002,1.6137784501830528,True,680,0.4756756756756757,False,False,40,60,60,0
cifar10_lenet5,1075,"[4, 5, 5, 1]",47.966666666666669,1.5069051767985027,50.879067508499269,"[40.0, 60.0, 60.0, 10.0]",1.777764236515786,1.1189735614307932,0.50879067508499265,0.15000000000000002,1.6277642365157858,True,646,0.50193050193050193,False,False,40,60,60,10
cifar10_lenet5,1076,"[4, 5, 5, 2]",47.600000000000001,1.5122186253865559,52.510927634774163,"[40.0, 60.0, 60.0, 20.0]",1.7855291830351447,1.110419906687403,0.52510927634774163,0.15000000000000002,1.6355291830351446,True,627,0.51660231660231659,False,False,40,60,60,20
cifar10_lenet5,1077,"[4, 5, 5, 3]",48.233333333333334,1.4934983139038085,54.14278776104905,"[40.0, 60.0, 60.0, 30.0]",1.8166222788546587,1.1251944012441681,0.54142787761049049,0.15000000000000002,1.6666222788546583,True,545,0.57992277992277996,False,False,40,60,60,30
cifar10_lenet5,1078,"[4, 5, 5, 4]",48.399999999999999,1.4822655690511068,55.774647887323944,"[40.0, 60.0, 60.0, 40.0]",1.7868289050007671,1.1290824261275274,0.55774647887323947,0.10000000000000001,1.6868289050007665,True,618,0.52355212355212355,False,False,40,60,60,40
cifar10_lenet5,1079,"[4, 5, 5, 5]",46.43333333333333,1.5213439229329426,59.038368139873725,"[40.0, 60.0, 60.0, 60.0]",1.7735874139026255,1.0832037325038881,0.59038368139873731,0.10000000000000001,1.6735874139026252,True,658,0.49266409266409267,True,True,40,60,60,60
cifar10_lenet5,1080,"[5, 0, 0, 0]",44.43333333333333,1.6850972417195638,0.43710539096648859,"[60.0, 0.0, 0.0, 0.0]",1.1409184878132419,1.036547433903577,0.0043710539096648857,0.10000000000000001,1.0409184878132418,True,1288,0.0061776061776061776,False,False,60,0,0,0
cifar10_lenet5,1081,"[5, 0, 0, 1]",44.200000000000003,1.6847402089436849,2.0689655172413794,"[60.0, 0.0, 0.0, 10.0]",1.2017938542392881,1.0311041990668741,0.020689655172413796,0.15000000000000002,1.0517938542392882,True,1280,0.012355212355212355,False,False,60,0,0,10
cifar10_lenet5,1082,"[5, 0, 0, 2]",44.43333333333333,1.6786977818806965,3.7008256435162701,"[60.0, 0.0, 0.0, 20.0]",1.2235556903387397,1.036547433903577,0.037008256435162701,0.15000000000000002,1.0735556903387398,True,1274,0.01698841698841699,False,False,60,0,0,20
cifar10_lenet5,1083,"[5, 0, 0, 3]",44.366666666666667,1.6655150477091472,5.3326857697911612,"[60.0, 0.0, 0.0, 30.0]",1.2383190816481449,1.0349922239502334,0.053326857697911616,0.15000000000000002,1.0883190816481449,True,1270,0.020077220077220077,False,False,60,0,0,30
cifar10_lenet5,1084,"[5, 0, 0, 4]",44.533333333333331,1.6611724243164063,6.9645458960660518,"[60.0, 0.0, 0.0, 40.0]",1.2585257077942531,1.0388802488335926,0.069645458960660517,0.15000000000000002,1.1085257077942532,True,1264,0.02471042471042471,False,False,60,0,0,40
cifar10_lenet5,1085,"[5, 0, 0, 5]",43.466666666666669,1.6637778803507488,10.228266148615832,"[60.0, 0.0, 0.0, 60.0]",1.2162795510662519,1.0139968895800935,0.10228266148615832,0.10000000000000001,1.1162795510662518,True,1276,0.015444015444015444,False,False,60,0,0,60
cifar10_lenet5,1086,"[5, 0, 1, 0]",44.366666666666667,1.6842593332926432,8.2078678970373975,"[60.0, 0.0, 10.0, 0.0]",1.2670709029206075,1.0349922239502334,0.082078678970373978,0.15000000000000002,1.1170709029206074,True,1260,0.027799227799227798,False,False,60,0,10,0
cifar10_lenet5,1087,"[5, 0, 1, 1]",44.233333333333334,1.6838941396077474,9.8397280233122881,"[60.0, 0.0, 10.0, 10.0]",1.2802790842766689,1.031881804043546,0.098397280233122886,0.15000000000000002,1.1302790842766686,True,1253,0.033204633204633204,False,False,60,0,10,10
cifar10_lenet5,1088,"[5, 0, 1, 2]",44.466666666666669,1.6779009450276692,11.471588149587179,"[60.0, 0.0, 10.0, 20.0]",1.3520409203761206,1.0373250388802489,0.11471588149587179,0.20000000000000001,1.1520409203761206,True,1220,0.058687258687258687,False,False,60,0,10,20
cifar10_lenet5,1089,"[5, 0, 1, 3]",44.466666666666669,1.6648772735595703,13.103448275862069,"[60.0, 0.0, 10.0, 30.0]",1.3683595216388695,1.0373250388802489,0.1310344827586207,0.20000000000000001,1.1683595216388696,True,1210,0.066409266409266407,False,False,60,0,10,30
cifar10_lenet5,1090,"[5, 0, 1, 4]",44.700000000000003,1.6601388041178387,14.73530840213696,"[60.0, 0.0, 10.0, 40.0]",1.3901213577383216,1.0427682737169519,0.1473530840213696,0.20000000000000001,1.1901213577383216,True,1197,0.076447876447876442,False,False,60,0,10,40
cifar10_lenet5,1091,"[5, 0, 1, 5]",43.600000000000001,1.6628367131551107,17.99902865468674,"[60.0, 0.0, 10.0, 60.0]",1.3470975960336484,1.0171073094867809,0.17999028654686741,0.15000000000000002,1.1970975960336483,True,1222,0.057142857142857141,False,False,60,0,10,60
cifar10_lenet5,1092,"[5, 0, 2, 0]",44.399999999999999,1.6844146652221679,15.978630403108305,"[60.0, 0.0, 20.0, 0.0]",1.3455561329579879,1.0357698289269051,0.15978630403108304,0.15000000000000002,1.195556132957988,True,1223,0.056370656370656372,False,False,60,0,20,0
cifar10_lenet5,1093,"[5, 0, 2, 1]",44.200000000000003,1.6840728098551432,17.610490529383195,"[60.0, 0.0, 20.0, 10.0]",1.407209104360706,1.0311041990668741,0.17610490529383196,0.20000000000000001,1.2072091043607063,True,1189,0.082625482625482624,False,False,60,0,20,10
cifar10_lenet5,1094,"[5, 0, 2, 2]",44.366666666666667,1.6783066050211588,19.242350655658086,"[60.0, 0.0, 20.0, 20.0]",1.3774157305068142,1.0349922239502334,0.19242350655658086,0.15000000000000002,1.2274157305068143,True,1207,0.068725868725868722,False,False,60,0,20,20
cifar10_lenet5,1095,"[5, 0, 2, 3]",44.833333333333336,1.6653291168212891,20.874210781932977,"[60.0, 0.0, 20.0, 30.0]",1.4546208014429689,1.0458786936236393,0.20874210781932978,0.20000000000000001,1.2546208014429689,True,1159,0.10579150579150579,False,False,60,0,20,30
cifar10_lenet5,1096,"[5, 0, 2, 4]",44.93333333333333,1.6608569208780926,22.506070908207867,"[60.0, 0.0, 20.0, 40.0]",1.4732722176357333,1.0482115085536547,0.22506070908207867,0.20000000000000001,1.2732722176357334,True,1141,0.11969111969111969,False,False,60,0,20,40
cifar10_lenet5,1097,"[5, 0, 2, 5]",43.466666666666669,1.6645141525268554,25.769791160757649,"[60.0, 0.0, 20.0, 60.0]",1.42169480118767,1.0139968895800935,0.25769791160757649,0.15000000000000002,1.2716948011876701,True,1178,0.091119691119691121,False,False,60,0,20,60
cifar10_lenet5,1098,"[5, 0, 3, 0]",44.266666666666666,1.6901970011393228,23.749392909179214,"[60.0, 0.0, 30.0, 0.0]",1.4201533381120099,1.0326594090202179,0.23749392909179215,0.15000000000000002,1.27015333811201,True,1181,0.088803088803088806,False,False,60,0,30,0
cifar10_lenet5,1099,"[5, 0, 3, 1]",44.100000000000001,1.6897272822062175,25.381253035454105,"[60.0, 0.0, 30.0, 10.0]",1.4825839144913997,1.0287713841368586,0.25381253035454104,0.20000000000000001,1.2825839144913997,True,1132,0.12664092664092663,False,False,60,0,30,10
cifar10_lenet5,1100,"[5, 0, 3, 2]",44.06666666666667,1.6842415618896485,27.013113161728995,"[60.0, 0.0, 30.0, 20.0]",1.4981249107774766,1.0279937791601867,0.27013113161728997,0.20000000000000001,1.2981249107774766,True,1120,0.13590733590733592,False,False,60,0,30,20
cifar10_lenet5,1101,"[5, 0, 3, 3]",44.133333333333333,1.6716818669637044,28.644973288003886,"[60.0, 0.0, 30.0, 30.0]",1.4659987219935693,1.0295489891135303,0.28644973288003889,0.15000000000000002,1.3159987219935692,True,1150,0.11274131274131274,False,False,60,0,30,30
cifar10_lenet5,1102,"[5, 0, 3, 4]",44.033333333333331,1.6688504740397136,30.276833414278777,"[60.0, 0.0, 30.0, 40.0]",1.5299845083263026,1.0272161741835149,0.30276833414278775,0.20000000000000001,1.3299845083263027,True,1099,0.15212355212355214,False,False,60,0,30,40
cifar10_lenet5,1103,"[5, 0, 3, 5]",43.700000000000003,1.6701031443277994,33.540553666828558,"[60.0, 0.0, 30.0, 60.0]",1.5048456610850818,1.0194401244167963,0.3354055366682856,0.15000000000000002,1.3548456610850821,True,1112,0.14208494208494207,False,False,60,0,30,60
cifar10_lenet5,1104,"[5, 0, 4, 0]",44.233333333333334,1.7117767740885417,31.520155415250123,"[60.0, 0.0, 40.0, 0.0]",1.4970833581960474,1.031881804043546,0.31520155415250123,0.15000000000000002,1.3470833581960471,True,1122,0.13436293436293437,False,False,60,0,40,0
cifar10_lenet5,1105,"[5, 0, 4, 1]",44.233333333333334,1.7111699930826823,33.15201554152501,"[60.0, 0.0, 40.0, 10.0]",1.563401959458796,1.031881804043546,0.3315201554152501,0.20000000000000001,1.3634019594587958,True,1061,0.18146718146718147,False,False,60,0,40,10
cifar10_lenet5,1106,"[5, 0, 4, 2]",44.266666666666666,1.7056857248942057,34.783875667799904,"[60.0, 0.0, 40.0, 20.0]",1.5804981656982169,1.0326594090202179,0.34783875667799907,0.20000000000000001,1.3804981656982169,True,1042,0.19613899613899613,False,False,60,0,40,20
cifar10_lenet5,1107,"[5, 0, 4, 3]",43.93333333333333,1.6908513590494791,36.415735794074791,"[60.0, 0.0, 40.0, 30.0]",1.5890407171942473,1.0248833592534994,0.36415735794074794,0.20000000000000001,1.3890407171942472,True,1034,0.20231660231660231,False,False,60,0,40,30
cifar10_lenet5,1108,"[5, 0, 4, 4]",44.366666666666667,1.6901698913574219,38.047595920349686,"[60.0, 0.0, 40.0, 40.0]",1.56546818315373,1.0349922239502334,0.38047595920349686,0.15000000000000002,1.4154681831537301,True,1058,0.18378378378378379,False,False,60,0,40,40
cifar10_lenet5,1109,"[5, 0, 4, 5]",43.233333333333334,1.6912367197672526,41.311316172899467,"[60.0, 0.0, 40.0, 60.0]",1.5716668164723853,1.0085536547433904,0.4131131617289947,0.15000000000000002,1.4216668164723849,True,1053,0.18764478764478765,False,False,60,0,40,60
cifar10_lenet5,1110,"[5, 0, 5, 0]",43.233333333333334,1.7303783899943035,47.061680427391941,"[60.0, 0.0, 60.0, 0.0]",1.5791704590173099,1.0085536547433904,0.47061680427391944,0.10000000000000001,1.4791704590173096,True,1045,0.19382239382239383,False,False,60,0,60,0
cifar10_lenet5,1111,"[5, 0, 5, 1]",43.166666666666664,1.7320430653889973,48.693540553666828,"[60.0, 0.0, 60.0, 10.0]",1.6439338503267149,1.0069984447900466,0.48693540553666831,0.15000000000000002,1.493933850326715,True,945,0.27104247104247103,False,False,60,0,60,10
cifar10_lenet5,1112,"[5, 0, 5, 2]",43.100000000000001,1.7284206848144532,50.325400679941723,"[60.0, 0.0, 60.0, 20.0]",1.6586972416361201,1.0054432348367031,0.50325400679941723,0.15000000000000002,1.5086972416361202,True,912,0.29652509652509651,False,False,60,0,60,20
cifar10_lenet5,1113,"[5, 0, 5, 3]",43.266666666666666,1.7092689793904623,51.95726080621661,"[60.0, 0.0, 60.0, 30.0]",1.6789038677822283,1.0093312597200623,0.5195726080621661,0.15000000000000002,1.5289038677822284,True,874,0.32586872586872589,False,False,60,0,60,30
cifar10_lenet5,1114,"[5, 0, 5, 4]",43.766666666666666,1.7051435139973958,53.589120932491504,"[60.0, 0.0, 60.0, 40.0]",1.7068865436950551,1.0209953343701401,0.53589120932491507,0.15000000000000002,1.5568865436950552,True,800,0.383011583011583,False,False,60,0,60,40
cifar10_lenet5,1115,"[5, 0, 5, 5]",41.866666666666667,1.7229282608032226,56.852841185041285,"[60.0, 0.0, 60.0, 60.0]",1.6452002625502575,0.97667185069984452,0.56852841185041292,0.10000000000000001,1.5452002625502574,True,941,0.27413127413127414,False,False,60,0,60,60
cifar10_lenet5,1116,"[5, 1, 0, 0]",44.299999999999997,1.6928452224731445,0.82564351627003396,"[60.0, 10.0, 0.0, 0.0]",1.1916934491595899,1.0334370139968896,0.0082564351627003405,0.15000000000000002,1.0416934491595897,True,1283,0.010038610038610039,False,False,60,10,0,0
cifar10_lenet5,1117,"[5, 1, 0, 1]",44.366666666666667,1.6926980667114258,2.4575036425449248,"[60.0, 10.0, 0.0, 10.0]",1.2095672603756826,1.0349922239502334,0.02457503642544925,0.15000000000000002,1.0595672603756827,True,1278,0.013899613899613899,False,False,60,10,0,10
cifar10_lenet5,1118,"[5, 1, 0, 2]",44.333333333333336,1.6869857686360676,4.0893637688198154,"[60.0, 10.0, 0.0, 20.0]",1.2751082566617595,1.0342146189735615,0.040893637688198155,0.20000000000000001,1.0751082566617596,True,1255,0.031660231660231658,False,False,60,10,0,20
cifar10_lenet5,1119,"[5, 1, 0, 3]",44.533333333333331,1.6729852981567384,5.7212238950947061,"[60.0, 10.0, 0.0, 30.0]",1.2960924877845397,1.0388802488335926,0.057212238950947063,0.20000000000000001,1.0960924877845397,True,1244,0.040154440154440155,False,False,60,10,0,30
cifar10_lenet5,1120,"[5, 1, 0, 4]",44.299999999999997,1.6677859649658202,7.3530840213695967,"[60.0, 10.0, 0.0, 40.0]",1.3069678542105856,1.0334370139968896,0.073530840213695964,0.20000000000000001,1.1069678542105854,True,1238,0.044787644787644784,False,False,60,10,0,40
cifar10_lenet5,1121,"[5, 1, 0, 5]",43.5,1.6703721644083658,10.616804273919378,"[60.0, 10.0, 0.0, 60.0]",1.2709425372959591,1.0147744945567652,0.10616804273919378,0.15000000000000002,1.1209425372959589,True,1257,0.030115830115830116,False,False,60,10,0,60
cifar10_lenet5,1122,"[5, 1, 1, 0]",44.299999999999997,1.6920544408162435,8.5964060223409415,"[60.0, 10.0, 10.0, 0.0]",1.269401074220299,1.0334370139968896,0.085964060223409411,0.15000000000000002,1.1194010742202987,True,1258,0.029343629343629343,False,False,60,10,10,0
cifar10_lenet5,1123,"[5, 1, 1, 1]",44.299999999999997,1.6919201354980469,10.228266148615832,"[60.0, 10.0, 10.0, 10.0]",1.235719675483048,1.0334370139968896,0.10228266148615832,0.10000000000000001,1.1357196754830476,True,1271,0.019305019305019305,False,False,60,10,10,10
cifar10_lenet5,1124,"[5, 1, 1, 2]",44.333333333333336,1.6862607625325521,11.860126274890723,"[60.0, 10.0, 10.0, 20.0]",1.3028158817224686,1.0342146189735615,0.11860126274890723,0.15000000000000002,1.1528158817224687,True,1241,0.042471042471042469,False,False,60,10,10,20
cifar10_lenet5,1125,"[5, 1, 1, 3]",44.533333333333331,1.6723726882934571,13.491986401165615,"[60.0, 10.0, 10.0, 30.0]",1.323800112845249,1.0388802488335926,0.13491986401165615,0.15000000000000002,1.1738001128452489,True,1231,0.05019305019305019,False,False,60,10,10,30
cifar10_lenet5,1126,"[5, 1, 1, 4]",44.366666666666667,1.6668119633992513,15.123846527440506,"[60.0, 10.0, 10.0, 40.0]",1.3362306892246383,1.0349922239502334,0.15123846527440507,0.15000000000000002,1.1862306892246384,True,1226,0.054054054054054057,False,False,60,10,10,40
cifar10_lenet5,1127,"[5, 1, 1, 5]",43.5,1.6694937718709311,18.387566779990287,"[60.0, 10.0, 10.0, 60.0]",1.2986501623566682,1.0147744945567652,0.18387566779990289,0.10000000000000001,1.1986501623566681,True,1243,0.040926640926640924,False,False,60,10,10,60
cifar10_lenet5,1128,"[5, 1, 2, 0]",44.233333333333334,1.6924109420776368,16.367168528411849,"[60.0, 10.0, 20.0, 0.0]",1.3955534893276644,1.031881804043546,0.16367168528411849,0.20000000000000001,1.1955534893276643,True,1194,0.078764478764478771,False,False,60,10,20,0
cifar10_lenet5,1129,"[5, 1, 2, 1]",44.033333333333331,1.6923144048055012,17.99902865468674,"[60.0, 10.0, 20.0, 10.0]",1.3572064607303824,1.0272161741835149,0.17999028654686741,0.15000000000000002,1.2072064607303823,True,1218,0.060231660231660232,False,False,60,10,20,10
cifar10_lenet5,1130,"[5, 1, 2, 2]",44.299999999999997,1.6869847157796225,19.63088878096163,"[60.0, 10.0, 20.0, 20.0]",1.3797459018065057,1.0334370139968896,0.19630888780961631,0.15000000000000002,1.2297459018065058,True,1205,0.070270270270270274,False,False,60,10,20,20
cifar10_lenet5,1131,"[5, 1, 2, 3]",44.866666666666667,1.6729920756022136,21.262748907236524,"[60.0, 10.0, 20.0, 30.0]",1.4592837876726763,1.0466562986003112,0.21262748907236526,0.20000000000000001,1.2592837876726761,True,1155,0.10888030888030888,False,False,60,10,20,30
cifar10_lenet5,1132,"[5, 1, 2, 4]",44.733333333333334,1.6676581242879231,22.894609033511415,"[60.0, 10.0, 20.0, 40.0]",1.4724919690287377,1.0435458786936236,0.22894609033511415,0.20000000000000001,1.2724919690287377,True,1142,0.11891891891891893,False,False,60,10,20,40
cifar10_lenet5,1133,"[5, 1, 2, 5]",43.366666666666667,1.671403045654297,26.158329286061196,"[60.0, 10.0, 20.0, 60.0]",1.4232473675106898,1.0116640746500778,0.26158329286061199,0.15000000000000002,1.2732473675106899,True,1177,0.091891891891891897,False,False,60,10,20,60
cifar10_lenet5,1134,"[5, 1, 3, 0]",43.966666666666669,1.6982145996093749,24.137931034482758,"[60.0, 10.0, 30.0, 0.0]",1.4670402745749989,1.0256609642301713,0.2413793103448276,0.20000000000000001,1.2670402745749987,True,1147,0.11505791505791506,False,False,60,10,30,0
cifar10_lenet5,1135,"[5, 1, 3, 1]",43.866666666666667,1.6979913050333659,25.769791160757649,"[60.0, 10.0, 30.0, 10.0]",1.4310260609077319,1.0233281493001556,0.25769791160757649,0.15000000000000002,1.281026060907732,True,1172,0.09575289575289575,False,False,60,10,30,10
cifar10_lenet5,1136,"[5, 1, 3, 2]",44.299999999999997,1.6928280537923177,27.401651287032539,"[60.0, 10.0, 30.0, 20.0]",1.5074535268672149,1.0334370139968896,0.27401651287032541,0.20000000000000001,1.3074535268672147,True,1111,0.14285714285714285,False,False,60,10,30,20
cifar10_lenet5,1137,"[5, 1, 3, 3]",44,1.6793750305175781,29.03351141330743,"[60.0, 10.0, 30.0, 30.0]",1.4667736833399174,1.026438569206843,0.29033511413307428,0.15000000000000002,1.3167736833399173,True,1148,0.11428571428571428,False,False,60,10,30,30
cifar10_lenet5,1138,"[5, 1, 3, 4]",44.033333333333331,1.6756107762654622,30.665371539582321,"[60.0, 10.0, 30.0, 40.0]",1.5338698895793381,1.0272161741835149,0.3066537153958232,0.20000000000000001,1.3338698895793382,True,1097,0.15366795366795366,False,False,60,10,30,40
cifar10_lenet5,1139,"[5, 1, 3, 5]",43.43333333333333,1.6770438461303712,33.929091792132105,"[60.0, 10.0, 30.0, 60.0]",1.5025102025247428,1.0132192846034216,0.33929091792132104,0.15000000000000002,1.3525102025247424,True,1114,0.14054054054054055,False,False,60,10,30,60
cifar10_lenet5,1140,"[5, 1, 4, 0]",43.966666666666669,1.7201089833577474,31.908693540553667,"[60.0, 10.0, 40.0, 0.0]",1.544747899635708,1.0256609642301713,0.31908693540553668,0.20000000000000001,1.3447478996357076,True,1084,0.1637065637065637,False,False,60,10,40,0
cifar10_lenet5,1141,"[5, 1, 4, 1]",43.93333333333333,1.7196839599609375,33.540553666828558,"[60.0, 10.0, 40.0, 10.0]",1.5102888959217848,1.0248833592534994,0.3354055366682856,0.15000000000000002,1.3602888959217847,True,1108,0.14517374517374518,False,False,60,10,40,10
cifar10_lenet5,1142,"[5, 1, 4, 2]",44.100000000000001,1.7144673182169596,35.172413793103445,"[60.0, 10.0, 40.0, 20.0]",1.5804955220678931,1.0287713841368586,0.35172413793103446,0.20000000000000001,1.3804955220678932,True,1043,0.19536679536679535,False,False,60,10,40,20
cifar10_lenet5,1143,"[5, 1, 4, 3]",44.100000000000001,1.6988359120686849,36.804273919378339,"[60.0, 10.0, 40.0, 30.0]",1.5968141233306421,1.0287713841368586,0.36804273919378339,0.20000000000000001,1.3968141233306421,True,1025,0.20926640926640927,False,False,60,10,40,30
cifar10_lenet5,1144,"[5, 1, 4, 4]",44.100000000000001,1.6972483545939128,38.436134045653233,"[60.0, 10.0, 40.0, 40.0]",1.563132724593391,1.0287713841368586,0.38436134045653236,0.15000000000000002,1.4131327245933911,True,1062,0.18069498069498069,False,False,60,10,40,40
cifar10_lenet5,1145,"[5, 1, 4, 5]",43.366666666666667,1.6984480056762696,41.699854298203014,"[60.0, 10.0, 40.0, 60.0]",1.5786626176321081,1.0116640746500778,0.41699854298203015,0.15000000000000002,1.428662617632108,True,1047,0.19227799227799228,False,False,60,10,40,60
cifar10_lenet5,1146,"[5, 1, 5, 0]",43.06666666666667,1.7397025934855144,47.450218552695482,"[60.0, 10.0, 60.0, 0.0]",1.6291678153869862,1.0046656298600312,0.47450218552695483,0.15000000000000002,1.4791678153869863,True,976,0.24710424710424711,False,False,60,10,60,0
cifar10_lenet5,1147,"[5, 1, 5, 1]",43.166666666666664,1.7415790303548178,49.082078678970376,"[60.0, 10.0, 60.0, 10.0]",1.5978192315797504,1.0069984447900466,0.49082078678970376,0.10000000000000001,1.4978192315797503,True,1022,0.21158301158301157,False,False,60,10,60,10
cifar10_lenet5,1148,"[5, 1, 5, 2]",43.233333333333334,1.7382532908121744,50.713938805245263,"[60.0, 10.0, 60.0, 20.0]",1.665693042795843,1.0085536547433904,0.50713938805245262,0.15000000000000002,1.5156930427958428,True,900,0.30579150579150577,False,False,60,10,60,20
cifar10_lenet5,1149,"[5, 1, 5, 3]",43.466666666666669,1.7184585825602214,52.345798931520157,"[60.0, 10.0, 60.0, 30.0]",1.687454878895295,1.0139968895800935,0.5234579893152016,0.15000000000000002,1.5374548788952951,True,855,0.34054054054054056,False,False,60,10,60,30
cifar10_lenet5,1150,"[5, 1, 5, 4]",43.333333333333336,1.7135898488362631,53.977659057795044,"[60.0, 10.0, 60.0, 40.0]",1.7006630602513564,1.0108864696734059,0.53977659057795047,0.15000000000000002,1.5506630602513565,True,814,0.37220077220077219,False,False,60,10,60,40
cifar10_lenet5,1151,"[5, 1, 5, 5]",41.466666666666669,1.7310985870361328,57.241379310344826,"[60.0, 10.0, 60.0, 60.0]",1.6397543840832309,0.96734059097978242,0.57241379310344831,0.10000000000000001,1.5397543840832306,True,960,0.25945945945945947,False,False,60,10,60,60
cifar10_lenet5,1152,"[5, 2, 0, 0]",44.366666666666667,1.694407839457194,1.2141816415735793,"[60.0, 20.0, 0.0, 0.0]",1.1971340403659694,1.0349922239502334,0.012141816415735793,0.15000000000000002,1.0471340403659692,True,1281,0.011583011583011582,False,False,60,20,0,0
cifar10_lenet5,1153,"[5, 2, 0, 1]",44.266666666666666,1.6948047943115234,2.8460417678484702,"[60.0, 20.0, 0.0, 10.0]",1.2611198266987025,1.0326594090202179,0.028460417678484701,0.20000000000000001,1.0611198266987025,True,1263,0.025482625482625483,False,False,60,20,0,10
cifar10_lenet5,1154,"[5, 2, 0, 2]",44.166666666666664,1.6905762227376302,4.4779018941233613,"[60.0, 20.0, 0.0, 20.0]",1.2251056130314355,1.030326594090202,0.044779018941233616,0.15000000000000002,1.0751056130314358,True,1273,0.017760617760617759,False,False,60,20,0,20
cifar10_lenet5,1155,"[5, 2, 0, 3]",44.733333333333334,1.6752727127075195,6.1097620203982519,"[60.0, 20.0, 0.0, 30.0]",1.3046434988976061,1.0435458786936236,0.061097620203982524,0.20000000000000001,1.1046434988976062,True,1240,0.043243243243243246,False,False,60,20,0,30
cifar10_lenet5,1156,"[5, 2, 0, 4]",44.56666666666667,1.6692413024902344,7.7416221466731425,"[60.0, 20.0, 0.0, 40.0]",1.3170740752769958,1.0396578538102645,0.077416221466731425,0.20000000000000001,1.1170740752769959,True,1234,0.047876447876447875,False,False,60,20,0,40
cifar10_lenet5,1157,"[5, 2, 0, 5]",44.133333333333333,1.6696399002075195,11.005342399222924,"[60.0, 20.0, 0.0, 60.0]",1.2896024131057597,1.0295489891135303,0.11005342399222924,0.15000000000000002,1.1396024131057596,True,1249,0.036293436293436294,False,False,60,20,0,60
cifar10_lenet5,1158,"[5, 2, 1, 0]",44.466666666666669,1.6934941024780275,8.9849441476444873,"[60.0, 20.0, 10.0, 0.0]",1.3271744803566936,1.0373250388802489,0.089849441476444872,0.20000000000000001,1.1271744803566937,True,1230,0.050965250965250966,False,False,60,20,10,0
cifar10_lenet5,1159,"[5, 2, 1, 1]",44.200000000000003,1.6939247080485027,10.616804273919378,"[60.0, 20.0, 10.0, 10.0]",1.2872722418060678,1.0311041990668741,0.10616804273919378,0.15000000000000002,1.1372722418060681,True,1250,0.035521235521235518,False,False,60,20,10,10
cifar10_lenet5,1160,"[5, 2, 1, 2]",44.266666666666666,1.6897654876708985,12.248664400194269,"[60.0, 20.0, 10.0, 20.0]",1.3051460530221606,1.0326594090202179,0.12248664400194269,0.15000000000000002,1.1551460530221607,True,1239,0.044015444015444015,False,False,60,20,10,20
cifar10_lenet5,1161,"[5, 2, 1, 3]",44.633333333333333,1.6745598347981772,13.880524526469159,"[60.0, 20.0, 10.0, 30.0]",1.3800183090282996,1.0412130637636081,0.1388052452646916,0.20000000000000001,1.1800183090282996,True,1204,0.071042471042471037,False,False,60,20,10,30
cifar10_lenet5,1162,"[5, 2, 1, 4]",44.600000000000001,1.6681996637980143,15.51238465274405,"[60.0, 20.0, 10.0, 40.0]",1.3955593053143769,1.0404354587869364,0.15512384652744049,0.20000000000000001,1.1955593053143769,True,1193,0.079536679536679533,False,False,60,20,10,40
cifar10_lenet5,1163,"[5, 2, 1, 5]",44.100000000000001,1.6685993957519532,18.776104905293831,"[60.0, 20.0, 10.0, 60.0]",1.3665324331897968,1.0287713841368586,0.18776104905293831,0.15000000000000002,1.2165324331897969,True,1212,0.064864864864864868,False,False,60,20,10,60
cifar10_lenet5,1164,"[5, 2, 2, 0]",44.633333333333333,1.6937617390950521,16.755706653715396,"[60.0, 20.0, 20.0, 0.0]",1.358770130300762,1.0412130637636081,0.16755706653715396,0.15000000000000002,1.2087701303007621,True,1217,0.061003861003861001,False,False,60,20,20,0
cifar10_lenet5,1165,"[5, 2, 2, 1]",44.533333333333331,1.6942323074340819,18.387566779990287,"[60.0, 20.0, 20.0, 10.0]",1.3727559166334955,1.0388802488335926,0.18387566779990289,0.15000000000000002,1.2227559166334956,True,1208,0.067953667953667959,False,False,60,20,20,10
cifar10_lenet5,1166,"[5, 2, 2, 2]",44.43333333333333,1.6903298263549804,20.019426906265178,"[60.0, 20.0, 20.0, 20.0]",1.3367417029662287,1.036547433903577,0.20019426906265178,0.10000000000000001,1.2367417029662287,True,1225,0.054826254826254826,False,False,60,20,20,20
cifar10_lenet5,1167,"[5, 2, 2, 3]",44.799999999999997,1.6750742162068686,21.651287032540068,"[60.0, 20.0, 20.0, 30.0]",1.4116139589723682,1.0451010886469674,0.21651287032540067,0.15000000000000002,1.2616139589723678,True,1187,0.084169884169884177,False,False,60,20,20,30
cifar10_lenet5,1168,"[5, 2, 2, 4]",44.700000000000003,1.6689810256958009,23.283147158814959,"[60.0, 20.0, 20.0, 40.0]",1.4255997453051017,1.0427682737169519,0.2328314715881496,0.15000000000000002,1.2755997453051016,True,1175,0.093436293436293436,False,False,60,20,20,40
cifar10_lenet5,1169,"[5, 2, 2, 5]",43.866666666666667,1.6702451960245768,26.54686741136474,"[60.0, 20.0, 20.0, 60.0]",1.3887968234138031,1.0233281493001556,0.26546867411364738,0.10000000000000001,1.288796823413803,True,1199,0.074903474903474904,False,False,60,20,20,60
cifar10_lenet5,1170,"[5, 2, 3, 0]",44.233333333333334,1.6992305628458659,24.526469159786306,"[60.0, 20.0, 30.0, 0.0]",1.4771464956414091,1.031881804043546,0.24526469159786307,0.20000000000000001,1.2771464956414089,True,1138,0.122007722007722,False,False,60,20,30,0
cifar10_lenet5,1171,"[5, 2, 3, 1]",44.299999999999997,1.6994507726033528,26.158329286061196,"[60.0, 20.0, 30.0, 10.0]",1.4950203068575016,1.0334370139968896,0.26158329286061199,0.20000000000000001,1.2950203068575012,True,1123,0.13359073359073359,False,False,60,20,30,10
cifar10_lenet5,1172,"[5, 2, 3, 2]",43.899999999999999,1.6956139958699545,27.790189412336087,"[60.0, 20.0, 30.0, 20.0]",1.4520076484001883,1.0241057542768273,0.27790189412336086,0.15000000000000002,1.3020076484001881,True,1160,0.10501930501930502,False,False,60,20,30,20
cifar10_lenet5,1173,"[5, 2, 3, 3]",44.533333333333331,1.6809254201253254,29.422049538610977,"[60.0, 20.0, 30.0, 30.0]",1.4831007442197026,1.0388802488335926,0.29422049538610978,0.15000000000000002,1.3331007442197025,True,1130,0.12818532818532818,False,False,60,20,30,30
cifar10_lenet5,1174,"[5, 2, 3, 4]",44.233333333333334,1.6766888224283854,31.053909664885868,"[60.0, 20.0, 30.0, 40.0]",1.5424209006924048,1.031881804043546,0.3105390966488587,0.20000000000000001,1.3424209006924044,True,1086,0.16216216216216217,False,False,60,20,30,40
cifar10_lenet5,1175,"[5, 2, 3, 5]",43.633333333333333,1.675968002319336,34.317629917435646,"[60.0, 20.0, 30.0, 60.0]",1.511061213637809,1.0178849144634525,0.34317629917435649,0.15000000000000002,1.3610612136378093,True,1107,0.14594594594594595,False,False,60,20,30,60
cifar10_lenet5,1176,"[5, 2, 4, 0]",44,1.7213689778645833,32.297231665857211,"[60.0, 20.0, 40.0, 0.0]",1.549410885865415,1.026438569206843,0.32297231665857212,0.20000000000000001,1.349410885865415,True,1080,0.1667953667953668,False,False,60,20,40,0
cifar10_lenet5,1177,"[5, 2, 4, 1]",43.799999999999997,1.7214653854370117,33.929091792132105,"[60.0, 20.0, 40.0, 10.0]",1.5610638572681328,1.0217729393468118,0.33929091792132104,0.20000000000000001,1.3610638572681328,True,1067,0.17683397683397684,False,False,60,20,40,10
cifar10_lenet5,1178,"[5, 2, 4, 2]",44.299999999999997,1.7176262664794921,35.560951918406992,"[60.0, 20.0, 40.0, 20.0]",1.5390465331809593,1.0334370139968896,0.35560951918406991,0.15000000000000002,1.3890465331809594,True,1091,0.15830115830115829,False,False,60,20,40,20
cifar10_lenet5,1179,"[5, 2, 4, 3]",43.899999999999999,1.7009043986002603,37.192812044681887,"[60.0, 20.0, 40.0, 30.0]",1.596033874723646,1.0241057542768273,0.37192812044681889,0.20000000000000001,1.396033874723646,True,1026,0.20849420849420849,False,False,60,20,40,30
cifar10_lenet5,1180,"[5, 2, 4, 4]",44,1.6984571762084961,38.824672170956774,"[60.0, 20.0, 40.0, 40.0]",1.5646852909164108,1.026438569206843,0.38824672170956775,0.15000000000000002,1.4146852909164107,True,1059,0.18301158301158302,False,False,60,20,40,40
cifar10_lenet5,1181,"[5, 2, 4, 5]",43.333333333333336,1.6976693903605142,42.088392423506555,"[60.0, 20.0, 40.0, 60.0]",1.5817703939084713,1.0108864696734059,0.42088392423506554,0.15000000000000002,1.4317703939084714,True,1041,0.19691119691119691,False,False,60,20,40,60
cifar10_lenet5,1182,"[5, 2, 5, 0]",43.366666666666667,1.7435227076212565,47.838756677999029,"[60.0, 20.0, 60.0, 0.0]",1.6400516414300679,1.0116640746500778,0.47838756677999028,0.15000000000000002,1.490051641430068,True,958,0.26100386100386103,False,False,60,20,60,0
cifar10_lenet5,1183,"[5, 2, 5, 1]",43.266666666666666,1.7457668584187827,49.470616804273917,"[60.0, 20.0, 60.0, 10.0]",1.6540374277628014,1.0093312597200623,0.4947061680427392,0.15000000000000002,1.5040374277628015,True,926,0.2857142857142857,False,False,60,20,60,10
cifar10_lenet5,1184,"[5, 2, 5, 2]",43.466666666666669,1.7437426325480143,51.102476930548811,"[60.0, 20.0, 60.0, 20.0]",1.6250216588855817,1.0139968895800935,0.51102476930548812,0.10000000000000001,1.5250216588855816,True,981,0.24324324324324326,False,False,60,20,60,20
cifar10_lenet5,1185,"[5, 2, 5, 3]",43.533333333333331,1.7229769795735677,52.734337056823698,"[60.0, 20.0, 60.0, 30.0]",1.6928954701016741,1.0155520995334371,0.52734337056823699,0.15000000000000002,1.5428954701016742,True,839,0.35289575289575292,False,False,60,20,60,30
cifar10_lenet5,1186,"[5, 2, 5, 4]",43.333333333333336,1.7174866663614909,54.366197183098592,"[60.0, 20.0, 60.0, 40.0]",1.7045484415043917,1.0108864696734059,0.54366197183098597,0.15000000000000002,1.5545484415043918,True,807,0.3776061776061776,False,False,60,20,60,40
cifar10_lenet5,1187,"[5, 2, 5, 5]",41.799999999999997,1.732943997701009,57.629917435648373,"[60.0, 20.0, 60.0, 60.0]",1.6514158151029847,0.97511664074650084,0.5762991743564837,0.10000000000000001,1.5514158151029844,True,932,0.2810810810810811,False,False,60,20,60,60
cifar10_lenet5,1188,"[5, 3, 0, 0]",44.5,1.6960635604858398,1.6027197668771249,"[60.0, 30.0, 0.0, 0.0]",1.2041298415256918,1.0381026438569207,0.01602719766877125,0.15000000000000002,1.0541298415256919,True,1279,0.013127413127413128,False,False,60,30,0,0
cifar10_lenet5,1189,"[5, 3, 0, 1]",44.333333333333336,1.6955257670084636,3.2345798931520156,"[60.0, 30.0, 0.0, 10.0]",1.2665604179050816,1.0342146189735615,0.032345798931520155,0.20000000000000001,1.0665604179050816,True,1261,0.027027027027027029,False,False,60,30,0,10
cifar10_lenet5,1190,"[5, 3, 0, 2]",44.366666666666667,1.6916544545491536,4.8664400194269062,"[60.0, 30.0, 0.0, 20.0]",1.2836566241445024,1.0349922239502334,0.048664400194269063,0.20000000000000001,1.0836566241445025,True,1252,0.03397683397683398,False,False,60,30,0,20
cifar10_lenet5,1191,"[5, 3, 0, 3]",44.43333333333333,1.678025764465332,6.4983001457017968,"[60.0, 30.0, 0.0, 30.0]",1.2515304353605949,1.036547433903577,0.064983001457017964,0.15000000000000002,1.101530435360595,True,1266,0.023166023166023165,False,False,60,30,0,30
cifar10_lenet5,1192,"[5, 3, 0, 4]",44.399999999999999,1.6750483652750652,8.1301602719766883,"[60.0, 30.0, 0.0, 40.0]",1.3170714316466718,1.0357698289269051,0.081301602719766886,0.20000000000000001,1.1170714316466719,True,1235,0.047104247104247106,False,False,60,30,0,40
cifar10_lenet5,1193,"[5, 3, 0, 5]",44.06666666666667,1.6674965184529622,11.39388052452647,"[60.0, 30.0, 0.0, 60.0]",1.2919325844054517,1.0279937791601867,0.1139388052452647,0.15000000000000002,1.1419325844054515,True,1247,0.03783783783783784,False,False,60,30,0,60
cifar10_lenet5,1194,"[5, 3, 1, 0]",44.56666666666667,1.6950839589436848,9.3734822729480332,"[60.0, 30.0, 10.0, 0.0]",1.3333926765397448,1.0396578538102645,0.093734822729480333,0.20000000000000001,1.1333926765397448,True,1228,0.052509652509652512,False,False,60,30,10,0
cifar10_lenet5,1195,"[5, 3, 1, 1]",44.399999999999999,1.6945721766153972,11.005342399222924,"[60.0, 30.0, 10.0, 10.0]",1.2958232529191345,1.0357698289269051,0.11005342399222924,0.15000000000000002,1.1458232529191343,True,1245,0.039382239382239385,False,False,60,30,10,10
cifar10_lenet5,1196,"[5, 3, 1, 2]",44.5,1.6907846705118814,12.637202525497814,"[60.0, 30.0, 10.0, 20.0]",1.364474669111899,1.0381026438569207,0.12637202525497815,0.20000000000000001,1.164474669111899,True,1214,0.063320463320463316,False,False,60,30,10,20
cifar10_lenet5,1197,"[5, 3, 1, 3]",44.399999999999999,1.6771585210164388,14.269062651772705,"[60.0, 30.0, 10.0, 30.0]",1.328460455444632,1.0357698289269051,0.14269062651772704,0.15000000000000002,1.1784604554446321,True,1229,0.051737451737451735,False,False,60,30,10,30
cifar10_lenet5,1198,"[5, 3, 1, 4]",44.266666666666666,1.6738931681315103,15.900922778047596,"[60.0, 30.0, 10.0, 40.0]",1.3916686368006939,1.0326594090202179,0.15900922778047596,0.20000000000000001,1.1916686368006939,True,1196,0.077220077220077218,False,False,60,30,10,40
cifar10_lenet5,1199,"[5, 3, 1, 5]",43.966666666666669,1.666282371520996,19.164643030597379,"[60.0, 30.0, 10.0, 60.0]",1.3673073945361449,1.0256609642301713,0.19164643030597378,0.15000000000000002,1.2173073945361448,True,1211,0.065637065637065631,False,False,60,30,10,60
cifar10_lenet5,1200,"[5, 3, 2, 0]",44.366666666666667,1.6938540700276692,17.144244779018941,"[60.0, 30.0, 20.0, 0.0]",1.4064346717404228,1.0349922239502334,0.17144244779018941,0.20000000000000001,1.2064346717404228,True,1190,0.081853281853281848,False,False,60,30,20,0
cifar10_lenet5,1201,"[5, 3, 2, 1]",44.200000000000003,1.6933775533040365,18.776104905293831,"[60.0, 30.0, 20.0, 10.0]",1.4188652481198123,1.0311041990668741,0.18776104905293831,0.20000000000000001,1.2188652481198126,True,1182,0.08803088803088803,False,False,60,30,20,10
cifar10_lenet5,1202,"[5, 3, 2, 2]",44.366666666666667,1.6899073028564453,20.407965031568722,"[60.0, 30.0, 20.0, 20.0]",1.3890718742659205,1.0349922239502334,0.20407965031568723,0.15000000000000002,1.2390718742659206,True,1198,0.07567567567567568,False,False,60,30,20,20
cifar10_lenet5,1203,"[5, 3, 2, 3]",44.366666666666667,1.6763225809733073,22.039825157843612,"[60.0, 30.0, 20.0, 30.0]",1.4053904755286695,1.0349922239502334,0.22039825157843612,0.15000000000000002,1.2553904755286696,True,1192,0.080308880308880309,False,False,60,30,20,30
cifar10_lenet5,1204,"[5, 3, 2, 4]",44.200000000000003,1.6732891464233399,23.671685284118503,"[60.0, 30.0, 20.0, 40.0]",1.4678210519080592,1.0311041990668741,0.23671685284118504,0.20000000000000001,1.2678210519080593,True,1145,0.1166023166023166,False,False,60,30,20,40
cifar10_lenet5,1205,"[5, 3, 2, 5]",43.766666666666666,1.6667597732543946,26.935405536668284,"[60.0, 30.0, 20.0, 60.0]",1.4403493897368231,1.0209953343701401,0.26935405536668283,0.15000000000000002,1.290349389736823,True,1167,0.099613899613899617,False,False,60,30,20,60
cifar10_lenet5,1206,"[5, 3, 3, 0]",44.266666666666666,1.7017650782267253,24.91500728508985,"[60.0, 30.0, 30.0, 0.0]",1.4318094818711162,1.0326594090202179,0.24915007285089849,0.15000000000000002,1.2818094818711163,True,1171,0.096525096525096526,False,False,60,30,30,0
cifar10_lenet5,1207,"[5, 3, 3, 1]",44.233333333333334,1.7010771458943685,26.54686741136474,"[60.0, 30.0, 30.0, 10.0]",1.4473504781571935,1.031881804043546,0.26546867411364738,0.15000000000000002,1.2973504781571932,True,1164,0.10193050193050193,False,False,60,30,30,10
cifar10_lenet5,1208,"[5, 3, 3, 2]",44.033333333333331,1.6975806833902995,28.178727537639631,"[60.0, 30.0, 30.0, 20.0]",1.4590034495599111,1.0272161741835149,0.28178727537639631,0.15000000000000002,1.3090034495599112,True,1156,0.10810810810810811,False,False,60,30,30,20
cifar10_lenet5,1209,"[5, 3, 3, 3]",44.233333333333334,1.6845965983072917,29.810587663914522,"[60.0, 30.0, 30.0, 30.0]",1.4299876806826912,1.031881804043546,0.29810587663914523,0.10000000000000001,1.3299876806826911,True,1173,0.094980694980694974,False,False,60,30,30,30
cifar10_lenet5,1210,"[5, 3, 3, 4]",44.06666666666667,1.6831047770182292,31.442447790189412,"[60.0, 30.0, 30.0, 40.0]",1.4924182570620808,1.0279937791601867,0.31442447790189415,0.15000000000000002,1.3424182570620808,True,1124,0.13281853281853281,False,False,60,30,30,40
cifar10_lenet5,1211,"[5, 3, 3, 5]",43.333333333333336,1.6749028778076172,34.706168042739193,"[60.0, 30.0, 30.0, 60.0]",1.457948150100798,1.0108864696734059,0.34706168042739194,0.10000000000000001,1.3579481501007979,True,1158,0.10656370656370656,False,False,60,30,30,60
cifar10_lenet5,1212,"[5, 3, 4, 0]",43.799999999999997,1.7269375940958658,32.685769791160759,"[60.0, 30.0, 40.0, 0.0]",1.5486306372584193,1.0217729393468118,0.32685769791160757,0.20000000000000001,1.3486306372584194,True,1081,0.16602316602316602,False,False,60,30,40,0
cifar10_lenet5,1213,"[5, 3, 4, 1]",43.766666666666666,1.7262005437215169,34.317629917435646,"[60.0, 30.0, 40.0, 10.0]",1.5641716335444966,1.0209953343701401,0.34317629917435649,0.20000000000000001,1.3641716335444967,True,1060,0.18223938223938224,False,False,60,30,40,10
cifar10_lenet5,1214,"[5, 3, 4, 2]",43.866666666666667,1.7227339757283529,35.94949004371054,"[60.0, 30.0, 40.0, 20.0]",1.5828230497372611,1.0233281493001556,0.35949490043710541,0.20000000000000001,1.3828230497372611,True,1039,0.19845559845559846,False,False,60,30,40,20
cifar10_lenet5,1215,"[5, 3, 4, 3]",43.56666666666667,1.7076021499633789,37.581350169985427,"[60.0, 30.0, 40.0, 30.0]",1.5421432062099631,1.016329704510109,0.37581350169985428,0.15000000000000002,1.3921432062099632,True,1087,0.16138996138996139,False,False,60,30,40,30
cifar10_lenet5,1216,"[5, 3, 4, 4]",43.766666666666666,1.7080535278320312,39.213210296260321,"[60.0, 30.0, 40.0, 40.0]",1.5631274373327435,1.0209953343701401,0.3921321029626032,0.15000000000000002,1.4131274373327434,True,1063,0.17992277992277991,False,False,60,30,40,40
cifar10_lenet5,1217,"[5, 3, 4, 5]",43.700000000000003,1.6991206614176433,42.476930548810103,"[60.0, 30.0, 40.0, 60.0]",1.5942094299048972,1.0194401244167963,0.42476930548810105,0.15000000000000002,1.4442094299048975,True,1028,0.20694980694980694,False,False,60,30,40,60
cifar10_lenet5,1218,"[5, 3, 5, 0]",42.866666666666667,1.7401399790445964,48.227294803302577,"[60.0, 30.0, 60.0, 0.0]",1.6322729480330258,1,0.48227294803302578,0.15000000000000002,1.4822729480330259,True,968,0.25328185328185326,False,False,60,30,60,0
cifar10_lenet5,1219,"[5, 3, 5, 1]",42.866666666666667,1.7414836146036783,49.859154929577464,"[60.0, 30.0, 60.0, 10.0]",1.6485915492957748,1,0.49859154929577465,0.15000000000000002,1.4985915492957746,True,934,0.27953667953667954,False,False,60,30,60,10
cifar10_lenet5,1220,"[5, 3, 5, 2]",43.033333333333331,1.7401686884562175,51.491015055852358,"[60.0, 30.0, 60.0, 20.0]",1.668798175441883,1.0038880248833593,0.51491015055852363,0.15000000000000002,1.5187981754418829,True,894,0.31042471042471043,False,False,60,30,60,20
cifar10_lenet5,1221,"[5, 3, 5, 3]",43,1.7212778015136718,53.122875182127245,"[60.0, 30.0, 60.0, 30.0]",1.6343391717279601,1.0031104199066874,0.53122875182127249,0.10000000000000001,1.53433917172796,True,964,0.25637065637065637,False,False,60,30,60,30
cifar10_lenet5,1222,"[5, 3, 5, 4]",43.033333333333331,1.7176899668375651,54.75473530840214,"[60.0, 30.0, 60.0, 40.0]",1.7014353779673805,1.0038880248833593,0.54754735308402136,0.15000000000000002,1.5514353779673806,True,812,0.37374517374517374,False,False,60,30,60,40
cifar10_lenet5,1223,"[5, 3, 5, 5]",41.93333333333333,1.7253281707763672,58.018455560951921,"[60.0, 30.0, 60.0, 60.0]",1.6584116162627074,0.9782270606531881,0.5801845556095192,0.10000000000000001,1.5584116162627073,True,914,0.29498069498069496,False,False,60,30,60,60
cifar10_lenet5,1224,"[5, 4, 0, 0]",43.399999999999999,1.8304595413208007,1.9912578921806703,"[60.0, 40.0, 0.0, 0.0]",1.1823542585485565,1.0124416796267497,0.019912578921806704,0.15000000000000002,1.0323542585485561,True,1285,0.0084942084942084949,False,False,60,40,0,0
cifar10_lenet5,1225,"[5, 4, 0, 1]",43.399999999999999,1.8290307057698567,3.6231180184555609,"[60.0, 40.0, 0.0, 10.0]",1.2486728598113053,1.0124416796267497,0.036231180184555609,0.20000000000000001,1.0486728598113051,True,1267,0.022393822393822392,False,False,60,40,0,10
cifar10_lenet5,1226,"[5, 4, 0, 2]",43.5,1.8274331715901693,5.254978144730452,"[60.0, 40.0, 0.0, 20.0]",1.2673242760040697,1.0147744945567652,0.052549781447304524,0.20000000000000001,1.0673242760040698,True,1259,0.028571428571428571,False,False,60,40,0,20
cifar10_lenet5,1227,"[5, 4, 0, 3]",43.200000000000003,1.8109924240112305,6.8868382710053426,"[60.0, 40.0, 0.0, 30.0]",1.2766444324767718,1.0077760497667185,0.068868382710053425,0.20000000000000001,1.0766444324767721,True,1254,0.032432432432432434,False,False,60,40,0,30
cifar10_lenet5,1228,"[5, 4, 0, 4]",43.100000000000001,1.8111858520507813,8.5186983972802324,"[60.0, 40.0, 0.0, 40.0]",1.2406302188095055,1.0054432348367031,0.085186983972802319,0.15000000000000002,1.0906302188095054,True,1268,0.021621621621621623,False,False,60,40,0,40
cifar10_lenet5,1229,"[5, 4, 0, 5]",42.466666666666669,1.7899770634969077,11.782418649830015,"[60.0, 40.0, 0.0, 60.0]",1.2584929267782381,0.9906687402799379,0.11782418649830016,0.15000000000000002,1.108492926778238,True,1265,0.023938223938223938,False,False,60,40,0,60
cifar10_lenet5,1230,"[5, 4, 1, 0]",43.366666666666667,1.8290013987223308,9.762020398251579,"[60.0, 40.0, 10.0, 0.0]",1.3092842786325936,1.0116640746500778,0.097620203982515794,0.20000000000000001,1.1092842786325936,True,1237,0.04555984555984556,False,False,60,40,10,0
cifar10_lenet5,1231,"[5, 4, 1, 1]",43.299999999999997,1.8276091435750326,11.39388052452647,"[60.0, 40.0, 10.0, 10.0]",1.2740476699419987,1.010108864696734,0.1139388052452647,0.15000000000000002,1.1240476699419988,True,1256,0.030888030888030889,False,False,60,40,10,10
cifar10_lenet5,1232,"[5, 4, 1, 2]",43.366666666666667,1.8260899149576824,13.02574065080136,"[60.0, 40.0, 10.0, 20.0]",1.3419214811580913,1.0116640746500778,0.1302574065080136,0.20000000000000001,1.1419214811580913,True,1224,0.055598455598455596,False,False,60,40,10,20
cifar10_lenet5,1233,"[5, 4, 1, 3]",43.299999999999997,1.809629150390625,14.657600777076251,"[60.0, 40.0, 10.0, 30.0]",1.3566848724674965,1.010108864696734,0.14657600777076252,0.20000000000000001,1.1566848724674965,True,1219,0.059459459459459463,False,False,60,40,10,30
cifar10_lenet5,1234,"[5, 4, 1, 4]",42.966666666666669,1.8095286560058594,16.289460903351141,"[60.0, 40.0, 10.0, 40.0]",1.3152274239635271,1.0023328149300157,0.16289460903351141,0.15000000000000002,1.1652274239635272,True,1236,0.04633204633204633,False,False,60,40,10,40
cifar10_lenet5,1235,"[5, 4, 1, 5]",42.366666666666667,1.7883067525227865,19.553181155900923,"[60.0, 40.0, 10.0, 60.0]",1.3338677369089313,0.98833592534992232,0.19553181155900923,0.15000000000000002,1.1838677369089314,True,1227,0.053281853281853281,False,False,60,40,10,60
cifar10_lenet5,1236,"[5, 4, 2, 0]",43.233333333333334,1.826915786743164,17.532782904322488,"[60.0, 40.0, 20.0, 0.0]",1.3838814837866154,1.0085536547433904,0.17532782904322489,0.20000000000000001,1.1838814837866152,True,1203,0.071814671814671813,False,False,60,40,20,0
cifar10_lenet5,1237,"[5, 4, 2, 1]",42.966666666666669,1.8255816802978515,19.164643030597379,"[60.0, 40.0, 20.0, 10.0]",1.3939792452359894,1.0023328149300157,0.19164643030597378,0.20000000000000001,1.1939792452359894,True,1195,0.077992277992277995,False,False,60,40,20,10
cifar10_lenet5,1238,"[5, 4, 2, 2]",43.233333333333334,1.8243123067220053,20.796503156872269,"[60.0, 40.0, 20.0, 20.0]",1.366518686312113,1.0085536547433904,0.2079650315687227,0.15000000000000002,1.2165186863121129,True,1213,0.064092664092664092,False,False,60,40,20,20
cifar10_lenet5,1239,"[5, 4, 2, 3]",43.266666666666666,1.8077478129069011,22.42836328314716,"[60.0, 40.0, 20.0, 30.0]",1.433614892551534,1.0093312597200623,0.2242836328314716,0.20000000000000001,1.233614892551534,True,1169,0.098069498069498065,False,False,60,40,20,30
cifar10_lenet5,1240,"[5, 4, 2, 4]",42.666666666666664,1.8083858846028646,24.060223409422051,"[60.0, 40.0, 20.0, 40.0]",1.3859366042341894,0.99533437013996884,0.24060223409422052,0.15000000000000002,1.2359366042341895,True,1201,0.073359073359073365,False,False,60,40,20,40
cifar10_lenet5,1241,"[5, 4, 2, 5]",42.133333333333333,1.7885010274251303,27.323943661971832,"[60.0, 40.0, 20.0, 60.0]",1.4061321271329379,0.98289269051321937,0.27323943661971833,0.15000000000000002,1.2561321271329378,True,1191,0.081081081081081086,False,False,60,40,20,60
cifar10_lenet5,1242,"[5, 4, 3, 0]",42.766666666666666,1.8357834472656249,25.303545410393394,"[60.0, 40.0, 30.0, 0.0]",1.4507026391739184,0.99766718506998442,0.25303545410393397,0.20000000000000001,1.2507026391739184,True,1162,0.10347490347490347,False,False,60,40,30,0
cifar10_lenet5,1243,"[5, 4, 3, 1]",42.633333333333333,1.8342612482706706,26.935405536668284,"[60.0, 40.0, 30.0, 10.0]",1.46391082052998,0.99455676516329716,0.26935405536668283,0.20000000000000001,1.2639108205299801,True,1152,0.11119691119691119,False,False,60,40,30,10
cifar10_lenet5,1244,"[5, 4, 3, 2]",42.833333333333336,1.8330204722086589,28.567265662943175,"[60.0, 40.0, 30.0, 20.0]",1.4848950516527599,0.99922239502332832,0.28567265662943175,0.20000000000000001,1.28489505165276,True,1127,0.13050193050193051,False,False,60,40,30,20
cifar10_lenet5,1245,"[5, 4, 3, 3]",42.799999999999997,1.8168893610636394,30.199125789218066,"[60.0, 40.0, 30.0, 30.0]",1.4504360479388367,0.99844479004665621,0.30199125789218068,0.15000000000000002,1.3004360479388368,True,1163,0.10270270270270271,False,False,60,40,30,30
cifar10_lenet5,1246,"[5, 4, 3, 4]",42.600000000000001,1.8192421747843424,31.830985915492956,"[60.0, 40.0, 30.0, 40.0]",1.4620890193415548,0.99377916018662527,0.31830985915492954,0.15000000000000002,1.3120890193415549,True,1153,0.11042471042471043,False,False,60,40,30,40
cifar10_lenet5,1247,"[5, 4, 3, 5]",41.733333333333334,1.7983673884073894,35.094706168042741,"[60.0, 40.0, 30.0, 60.0]",1.4745084924735847,0.97356143079315727,0.35094706168042744,0.15000000000000002,1.3245084924735846,True,1139,0.12123552123552124,False,False,60,40,30,60
cifar10_lenet5,1248,"[5, 4, 4, 0]",42.299999999999997,1.8705758183797201,33.074307916464306,"[60.0, 40.0, 40.0, 0.0]",1.4675237945612216,0.98678071539657863,0.33074307916464307,0.15000000000000002,1.3175237945612217,True,1146,0.11583011583011583,False,False,60,40,40,0
cifar10_lenet5,1249,"[5, 4, 4, 1]",42.166666666666664,1.8690436350504558,34.706168042739193,"[60.0, 40.0, 40.0, 10.0]",1.480731975917283,0.98367029548989104,0.34706168042739194,0.15000000000000002,1.3307319759172831,True,1133,0.12586872586872586,False,False,60,40,40,10
cifar10_lenet5,1250,"[5, 4, 4, 2]",42.299999999999997,1.8677649612426759,36.338028169014088,"[60.0, 40.0, 40.0, 20.0]",1.5001609970867196,0.98678071539657863,0.36338028169014086,0.15000000000000002,1.3501609970867194,True,1118,0.13745173745173744,False,False,60,40,40,20
cifar10_lenet5,1251,"[5, 4, 4, 3]",42.233333333333334,1.8495571695963542,37.969888295288975,"[60.0, 40.0, 40.0, 30.0]",1.5149243883961248,0.98522550544323484,0.37969888295288978,0.15000000000000002,1.3649243883961248,True,1106,0.14671814671814673,False,False,60,40,40,30
cifar10_lenet5,1252,"[5, 4, 4, 4]",42.633333333333333,1.8532779897054037,39.601748421563869,"[60.0, 40.0, 40.0, 40.0]",1.490574249378936,0.99455676516329716,0.3960174842156387,0.10000000000000001,1.3905742493789359,True,1125,0.13204633204633204,False,False,60,40,40,40
cifar10_lenet5,1253,"[5, 4, 4, 5]",41.533333333333331,1.8305696461995442,42.86546867411365,"[60.0, 40.0, 40.0, 60.0]",1.4975504876742627,0.96889580093312599,0.42865468674113649,0.10000000000000001,1.3975504876742626,True,1121,0.13513513513513514,False,False,60,40,40,60
cifar10_lenet5,1254,"[5, 4, 5, 0]",41.600000000000001,1.8836232020060222,48.615832928606117,"[60.0, 40.0, 60.0, 0.0]",1.6066093401725308,0.97045101088646968,0.48615832928606117,0.15000000000000002,1.4566093401725309,True,1012,0.21930501930501931,False,False,60,40,60,0
cifar10_lenet5,1255,"[5, 4, 5, 1]",41.633333333333333,1.883810666402181,50.247693054881012,"[60.0, 40.0, 60.0, 10.0]",1.6237055464119519,0.97122861586314158,0.50247693054881015,0.15000000000000002,1.4737055464119517,True,984,0.24092664092664093,False,False,60,40,60,10
cifar10_lenet5,1256,"[5, 4, 5, 2]",41.633333333333333,1.8847528737386068,51.879553181155899,"[60.0, 40.0, 60.0, 20.0]",1.6400241476747004,0.97122861586314158,0.51879553181155902,0.15000000000000002,1.4900241476747005,True,959,0.26023166023166022,False,False,60,40,60,20
cifar10_lenet5,1257,"[5, 4, 5, 3]",41.93333333333333,1.8626581064860026,53.511413307430793,"[60.0, 40.0, 60.0, 30.0]",1.6633411937274962,0.9782270606531881,0.535114133074308,0.15000000000000002,1.5133411937274961,True,905,0.30193050193050192,False,False,60,40,60,30
cifar10_lenet5,1258,"[5, 4, 5, 4]",41.700000000000003,1.8611202443440755,55.14327343370568,"[60.0, 40.0, 60.0, 40.0]",1.6242165601535423,0.97278382581648526,0.55143273433705686,0.10000000000000001,1.5242165601535422,True,983,0.2416988416988417,False,False,60,40,60,40
cifar10_lenet5,1259,"[5, 4, 5, 5]",40.533333333333331,1.8543141784667969,58.406993686255461,"[60.0, 40.0, 60.0, 60.0]",1.629637588495525,0.94556765163297041,0.5840699368625546,0.10000000000000001,1.5296375884955249,True,973,0.24942084942084941,False,False,60,40,60,60
cifar10_lenet5,1260,"[5, 5, 0, 0]",37.799999999999997,2.1113741989135741,2.768334142787761,"[60.0, 60.0, 0.0, 0.0]",1.0094873849737562,0.8818040435458786,0.027683341427877612,0.10000000000000001,0.90948738497375636,True,1296,0,False,False,60,60,0,0
cifar10_lenet5,1261,"[5, 5, 0, 1]",37.399999999999999,2.1180193634033202,4.4001942690626521,"[60.0, 60.0, 0.0, 10.0]",1.0664747265164429,0.8724727838258165,0.044001942690626523,0.15000000000000002,0.91647472651644291,True,1295,0.0007722007722007722,False,False,60,60,0,10
cifar10_lenet5,1262,"[5, 5, 0, 2]",37.399999999999999,2.1270968526204426,6.0320543953375427,"[60.0, 60.0, 0.0, 20.0]",1.0827933277791919,0.8724727838258165,0.060320543953375431,0.15000000000000002,0.93279332777919177,True,1294,0.0015444015444015444,False,False,60,60,0,20
cifar10_lenet5,1263,"[5, 5, 0, 3]",37.799999999999997,2.0953555221557618,7.6639145216124334,"[60.0, 60.0, 0.0, 30.0]",1.108443188762003,0.8818040435458786,0.076639145216124333,0.15000000000000002,0.95844318876200307,True,1291,0.0038610038610038611,False,False,60,60,0,30
cifar10_lenet5,1264,"[5, 5, 0, 4]",38.399999999999999,2.0743006337483725,9.295774647887324,"[60.0, 60.0, 0.0, 40.0]",1.1387586796048454,0.89580093312597209,0.09295774647887324,0.15000000000000002,0.9887586796048452,True,1290,0.004633204633204633,False,False,60,60,0,40
cifar10_lenet5,1265,"[5, 5, 0, 5]",37.033333333333331,2.074539118448893,12.559494900437105,"[60.0, 60.0, 0.0, 60.0]",1.0895140780867973,0.86391912908242618,0.12559494900437104,0.10000000000000001,0.98951407808679714,True,1293,0.0023166023166023165,False,False,60,60,0,60
cifar10_lenet5,1266,"[5, 5, 1, 0]",37.899999999999999,2.1098021291097004,10.539096648858669,"[60.0, 60.0, 10.0, 0.0]",1.1395278249644809,0.88413685847589429,0.10539096648858669,0.15000000000000002,0.98952782496448088,True,1289,0.0054054054054054057,False,False,60,60,10,0
cifar10_lenet5,1267,"[5, 5, 1, 1]",37.533333333333331,2.1164291712443033,12.170956775133559,"[60.0, 60.0, 10.0, 10.0]",1.0972927714838394,0.87558320373250376,0.1217095677513356,0.10000000000000001,0.99729277148383944,True,1292,0.0030888030888030888,False,False,60,60,10,10
cifar10_lenet5,1268,"[5, 5, 1, 2]",37.533333333333331,2.1255546391805011,13.80281690140845,"[60.0, 60.0, 10.0, 20.0]",1.1636113727465882,0.87558320373250376,0.13802816901408452,0.15000000000000002,1.0136113727465883,True,1286,0.0077220077220077222,False,False,60,60,10,20
cifar10_lenet5,1269,"[5, 5, 1, 3]",37.899999999999999,2.0940629603068035,15.434677027683341,"[60.0, 60.0, 10.0, 30.0]",1.1884836287527278,0.88413685847589429,0.15434677027683341,0.15000000000000002,1.0384836287527275,True,1284,0.0092664092664092659,False,False,60,60,10,30
cifar10_lenet5,1270,"[5, 5, 1, 4]",38.533333333333331,2.0725863622029621,17.066537153958233,"[60.0, 60.0, 10.0, 40.0]",1.2195767245722418,0.89891135303265934,0.17066537153958233,0.15000000000000002,1.0695767245722418,True,1275,0.016216216216216217,False,False,60,60,10,40
cifar10_lenet5,1271,"[5, 5, 1, 5]",36.866666666666667,2.0728058802286782,20.330257406508014,"[60.0, 60.0, 10.0, 60.0]",1.1633336782641472,0.86003110419906692,0.20330257406508015,0.10000000000000001,1.0633336782641472,True,1287,0.0069498069498069494,False,False,60,60,10,60
cifar10_lenet5,1272,"[5, 5, 2, 0]",37.700000000000003,2.107963534037272,18.309859154929576,"[60.0, 60.0, 20.0, 0.0]",1.2125698201651591,0.87947122861586324,0.18309859154929575,0.15000000000000002,1.062569820165159,True,1277,0.014671814671814672,False,False,60,60,20,0
cifar10_lenet5,1273,"[5, 5, 2, 1]",37.633333333333333,2.1145301564534504,19.941719281204467,"[60.0, 60.0, 20.0, 10.0]",1.2273332114745643,0.87791601866251945,0.19941719281204467,0.15000000000000002,1.0773332114745642,True,1272,0.018532818532818532,False,False,60,60,20,10
cifar10_lenet5,1274,"[5, 5, 2, 2]",37.56666666666667,2.123617665608724,21.573579407479357,"[60.0, 60.0, 20.0, 20.0]",1.1920966027839695,0.87636080870917588,0.21573579407479357,0.10000000000000001,1.0920966027839694,True,1282,0.010810810810810811,False,False,60,60,20,20
cifar10_lenet5,1275,"[5, 5, 2, 3]",37.766666666666666,2.0917122726440431,23.205439533754248,"[60.0, 60.0, 20.0, 30.0]",1.2630808339067494,0.88102643856920682,0.23205439533754249,0.15000000000000002,1.1130808339067493,True,1262,0.026254826254826256,False,False,60,60,20,30
cifar10_lenet5,1276,"[5, 5, 2, 4]",38.233333333333334,2.071355677286784,24.837299660029139,"[60.0, 60.0, 20.0, 40.0]",1.2902859048429041,0.89191290824261282,0.24837299660029138,0.15000000000000002,1.1402859048429042,True,1248,0.037065637065637064,False,False,60,60,20,40
cifar10_lenet5,1277,"[5, 5, 2, 5]",36.766666666666666,2.0713396937052408,28.101019912578924,"[60.0, 60.0, 20.0, 60.0]",1.2387084883948407,0.85769828926905145,0.28101019912578923,0.10000000000000001,1.1387084883948406,True,1269,0.02084942084942085,False,False,60,60,20,60
cifar10_lenet5,1278,"[5, 5, 3, 0]",37.56666666666667,2.0956150792439781,26.080621661000485,"[60.0, 60.0, 30.0, 0.0]",1.2871670253191807,0.87636080870917588,0.26080621661000486,0.15000000000000002,1.1371670253191808,True,1251,0.034749034749034749,False,False,60,60,30,0
cifar10_lenet5,1279,"[5, 5, 3, 1]",37.5,2.1017507705688478,27.712481787275376,"[60.0, 60.0, 30.0, 10.0]",1.3019304166285859,0.87480559875583208,0.27712481787275378,0.15000000000000002,1.151930416628586,True,1242,0.0416988416988417,False,False,60,60,30,10
cifar10_lenet5,1280,"[5, 5, 3, 2]",37.5,2.1103502680460613,29.344341913550267,"[60.0, 60.0, 30.0, 20.0]",1.3182490178913349,0.87480559875583208,0.29344341913550265,0.15000000000000002,1.1682490178913347,True,1233,0.048648648648648651,False,False,60,60,30,20
cifar10_lenet5,1281,"[5, 5, 3, 3]",37.833333333333336,2.0791070378621419,30.976202039825157,"[60.0, 60.0, 30.0, 30.0]",1.2923436689208023,0.88258164852255072,0.30976202039825157,0.10000000000000001,1.1923436689208022,True,1246,0.038610038610038609,False,False,60,60,30,30
cifar10_lenet5,1282,"[5, 5, 3, 4]",37.899999999999999,2.0607595926920572,32.608062166100048,"[60.0, 60.0, 30.0, 40.0]",1.3602174801368947,0.88413685847589429,0.32608062166100049,0.15000000000000002,1.2102174801368948,True,1215,0.062548262548262554,False,False,60,60,30,40
cifar10_lenet5,1283,"[5, 5, 3, 5]",36.866666666666667,2.0601951293945313,35.871782418649829,"[60.0, 60.0, 30.0, 60.0]",1.3187489283855653,0.86003110419906692,0.35871782418649828,0.10000000000000001,1.2187489283855653,True,1232,0.049420849420849421,False,False,60,60,30,60
cifar10_lenet5,1284,"[5, 5, 4, 0]",37.366666666666667,2.1186552149454752,33.851384167071394,"[60.0, 60.0, 40.0, 0.0]",1.3602090205198585,0.87169517884914471,0.33851384167071397,0.15000000000000002,1.2102090205198586,True,1216,0.061776061776061778,False,False,60,60,40,0
cifar10_lenet5,1285,"[5, 5, 4, 1]",37.200000000000003,2.1248557383219402,35.483244293346281,"[60.0, 60.0, 40.0, 10.0]",1.3726395968992482,0.86780715396578545,0.35483244293346283,0.15000000000000002,1.2226395968992483,True,1209,0.067181467181467183,False,False,60,60,40,10
cifar10_lenet5,1286,"[5, 5, 4, 2]",37.166666666666664,2.1335216496785483,37.115104419621176,"[60.0, 60.0, 40.0, 20.0]",1.3881805931853255,0.86702954898911355,0.37115104419621175,0.15000000000000002,1.2381805931853254,True,1200,0.074131274131274127,False,False,60,60,40,20
cifar10_lenet5,1287,"[5, 5, 4, 3]",37.633333333333333,2.1011771469116209,38.746964545896063,"[60.0, 60.0, 40.0, 30.0]",1.4153856641214801,0.87791601866251945,0.38746964545896062,0.15000000000000002,1.2653856641214802,True,1183,0.087258687258687254,False,False,60,60,40,30
cifar10_lenet5,1288,"[5, 5, 4, 4]",37.533333333333331,2.0837382303873699,40.378824672170957,"[60.0, 60.0, 40.0, 40.0]",1.3793714504542134,0.87558320373250376,0.4037882467217096,0.10000000000000001,1.2793714504542135,True,1206,0.069498069498069498,False,False,60,60,40,40
cifar10_lenet5,1289,"[5, 5, 4, 5]",36.333333333333336,2.0861859690348306,43.642544924720738,"[60.0, 60.0, 40.0, 60.0]",1.3840148738195248,0.84758942457231734,0.43642544924720739,0.10000000000000001,1.2840148738195247,True,1202,0.072586872586872589,False,False,60,60,40,60
cifar10_lenet5,1290,"[5, 5, 5, 0]",34.93333333333333,2.1770646718343101,49.392909179213213,"[60.0, 60.0, 60.0, 0.0]",1.4088591073442318,0.81493001555209954,0.49392909179213212,0.10000000000000001,1.3088591073442315,True,1188,0.0833976833976834,False,False,60,60,60,0
cifar10_lenet5,1291,"[5, 5, 5, 1]",34.766666666666666,2.1847561264038085,51.0247693054881,"[60.0, 60.0, 60.0, 10.0]",1.4212896837236215,0.81104199066874028,0.51024769305488105,0.10000000000000001,1.3212896837236214,True,1179,0.090347490347490345,False,False,60,60,60,10
cifar10_lenet5,1292,"[5, 5, 5, 2]",34.633333333333333,2.1942895278930665,52.656629431762994,"[60.0, 60.0, 60.0, 20.0]",1.4344978650796829,0.80793157076205291,0.52656629431762991,0.10000000000000001,1.3344978650796828,True,1168,0.098841698841698841,False,False,60,60,60,20
cifar10_lenet5,1293,"[5, 5, 5, 3]",35.233333333333334,2.1579999669392902,54.288489558037881,"[60.0, 60.0, 60.0, 30.0]",1.4648133559225252,0.82192846034214617,0.54288489558037878,0.10000000000000001,1.3648133559225251,True,1151,0.11196911196911197,False,False,60,60,60,30
cifar10_lenet5,1294,"[5, 5, 5, 4]",35.56666666666667,2.1390113042195638,55.920349684312775,"[60.0, 60.0, 60.0, 40.0]",1.4889080069519927,0.8297045101088647,0.55920349684312776,0.10000000000000001,1.3889080069519926,True,1126,0.13127413127413126,False,False,60,60,60,40
cifar10_lenet5,1295,"[5, 5, 5, 5]",33.93333333333333,2.1535073369344078,59.184069936862556,"[60.0, 60.0, 60.0, 60.0]",1.4334425656205696,0.79160186625194395,0.5918406993686256,0.050000000000000003,1.3834425656205696,True,1170,0.097297297297297303,True,True,60,60,60,60
