run_id,setting,dataset,arch,condition,seed,beta,actions,unit_ratios_percent,total_sparsity,zero_count,val_accuracy_vrl,test_accuracy,reward,reward_rank,pareto_val_accuracy,utility,destructive,mean_action_entropy,runtime_seconds,train_seconds,reference_sha256,reward_accuracy_term,reward_sparsity_term,reward_diversity_term,reward_total,policy,dense_test_accuracy,accuracy_drop_test,accuracy_retention_test,vrl_auc,rank_auc,utility_auc,destructive_frequency,worst_trajectory_vrl,uniform_test_accuracy,global_test_accuracy,lamp_test_accuracy,erk_test_accuracy,random_test_accuracy,excess_over_global,ratio_unit1,ratio_unit2,ratio_unit3,ratio_unit4
cifar100_lenet5_P0_seed300,cifar100_lenet5,cifar100,lenet5,P0,300,0,"[2, 2, 4, 4]","[20, 20, 40, 40]",34.33145824318477,23802,32.600000000000001,31.050000000000001,1.9117830509003164,199,True,1.8117830509003165,False,1.2950693964958191,16.300000000000001,14,8e1b1aee6cff5a8ebdcb774550502782a63130f4545a48071cf6bb6ccd6cd623,1.4684684684684686,0.3433145824318477,0.10000000000000001,1.9117830509003164,"[2, 2, 4, 4]",32.280000000000001,1.2300000000000004,96.189591078066911,30.285225048923678,0.61785506501749166,1.6173737979787666,0.291015625,15.866666666666667,27.719999999999999,31.420000000000002,31.920000000000002,31.07,3.3560000000000003,-0.37000000000000099,20,20,40,40
cifar100_lenet5_P0_seed301,cifar100_lenet5,cifar100,lenet5,P0,301,0,"[2, 2, 4, 4]","[20, 20, 40, 40]",34.33145824318477,23802,32.600000000000001,31.050000000000001,1.9117830509003164,199,True,1.8117830509003165,False,1.3308710753917694,15.1,13.1,8e1b1aee6cff5a8ebdcb774550502782a63130f4545a48071cf6bb6ccd6cd623,1.4684684684684686,0.3433145824318477,0.10000000000000001,1.9117830509003164,"[2, 2, 4, 4]",32.280000000000001,1.2300000000000004,96.189591078066911,30.865035877364644,0.63388767576634497,1.6328769333096467,0.18359375,15.733333333333333,27.719999999999999,31.420000000000002,31.920000000000002,31.07,3.3560000000000003,-0.37000000000000099,20,20,40,40
cifar100_lenet5_P0_seed302,cifar100_lenet5,cifar100,lenet5,P0,302,0,"[1, 1, 5, 1]","[10, 10, 60, 10]",43.405452185201213,30093,32.166666666666664,31.07,1.9830034708009612,92,True,1.8830034708009613,False,1.3417427539825439,15.5,13.800000000000001,8e1b1aee6cff5a8ebdcb774550502782a63130f4545a48071cf6bb6ccd6cd623,1.4489489489489489,0.43405452185201215,0.10000000000000001,1.9830034708009612,"[1, 1, 5, 1]",32.280000000000001,1.2100000000000009,96.251548946716227,30.44393346379648,0.69171281989285915,1.6601572584616753,0.169921875,14.866666666666667,19.77,29.609999999999999,31.039999999999999,26.800000000000001,1.9940000000000002,1.4600000000000009,10,10,60,10
cifar100_lenet5_P0_seed303,cifar100_lenet5,cifar100,lenet5,P0,303,0,"[0, 2, 4, 4]","[0, 20, 40, 40]",34.201644309822591,23712,32.966666666666669,31.43,1.9770014280832111,98,True,1.8270014280832112,False,1.0017473846673965,16.5,13.5,8e1b1aee6cff5a8ebdcb774550502782a63130f4545a48071cf6bb6ccd6cd623,1.4849849849849852,0.34201644309822593,0.15000000000000002,1.9770014280832111,"[0, 2, 4, 4]",32.280000000000001,0.85000000000000142,97.366790582403965,31.087051532941945,0.67583661380138871,1.6476802459722149,0.134765625,19.5,27.91,31.449999999999999,31.920000000000002,31.140000000000001,3.343,-0.019999999999999574,0,20,40,40
cifar100_lenet5_P0_seed304,cifar100_lenet5,cifar100,lenet5,P0,304,0,"[3, 3, 4, 4]","[30, 30, 40, 40]",34.742535698831674,24087,31.166666666666668,30.5,1.8513292608922209,288,False,1.7513292608922209,False,1.5482655763626099,15.6,13.300000000000001,8e1b1aee6cff5a8ebdcb774550502782a63130f4545a48071cf6bb6ccd6cd623,1.4039039039039041,0.34742535698831672,0.10000000000000001,1.8513292608922209,"[3, 3, 4, 4]",32.280000000000001,1.7800000000000011,94.485749690210653,30.67879973907371,0.61703828514004644,1.6149842340822942,0.19921875,15.133333333333333,27.039999999999999,31.460000000000001,32,30.989999999999998,3.2320000000000002,-0.96000000000000085,30,30,40,40
cifar100_lenet5_P0_seed305,cifar100_lenet5,cifar100,lenet5,P0,305,0,"[2, 2, 4, 4]","[20, 20, 40, 40]",34.33145824318477,23802,32.600000000000001,31.050000000000001,1.9117830509003164,199,True,1.8117830509003165,False,1.3202622830867767,20.199999999999999,17.800000000000001,8e1b1aee6cff5a8ebdcb774550502782a63130f4545a48071cf6bb6ccd6cd623,1.4684684684684686,0.3433145824318477,0.10000000000000001,1.9117830509003164,"[2, 2, 4, 4]",32.280000000000001,1.2300000000000004,96.189591078066911,30.747195042400524,0.68579135467589469,1.6553731030358596,0.1953125,15.366666666666667,27.719999999999999,31.420000000000002,31.920000000000002,31.07,3.3560000000000003,-0.37000000000000099,20,20,40,40
cifar100_lenet5_P0_seed306,cifar100_lenet5,cifar100,lenet5,P0,306,0,"[1, 1, 4, 4]","[10, 10, 40, 40]",33.920380787537866,23517,32.633333333333333,31.370000000000001,1.909173777845349,211,False,1.8091737778453489,False,1.3045741319656372,14,12,8e1b1aee6cff5a8ebdcb774550502782a63130f4545a48071cf6bb6ccd6cd623,1.4699699699699702,0.33920380787537868,0.10000000000000001,1.909173777845349,"[1, 1, 4, 4]",32.280000000000001,0.91000000000000014,97.180916976456004,30.762133072407046,0.61421695668271004,1.6112602226002701,0.1953125,15.866666666666667,28.300000000000001,31.379999999999999,31.899999999999999,31.059999999999999,3.3659999999999997,-0.0099999999999980105,10,10,40,40
cifar100_lenet5_P0_seed307,cifar100_lenet5,cifar100,lenet5,P0,307,0,"[1, 1, 4, 4]","[10, 10, 40, 40]",33.920380787537866,23517,32.633333333333333,31.370000000000001,1.909173777845349,211,False,1.8091737778453489,False,1.1936651021242142,13.9,11.699999999999999,8e1b1aee6cff5a8ebdcb774550502782a63130f4545a48071cf6bb6ccd6cd623,1.4699699699699702,0.33920380787537868,0.10000000000000001,1.909173777845349,"[1, 1, 4, 4]",32.280000000000001,0.91000000000000014,97.180916976456004,30.579745596868882,0.65019153903694016,1.6354156605711114,0.244140625,15.9,28.300000000000001,31.379999999999999,31.899999999999999,31.059999999999999,3.3659999999999997,-0.0099999999999980105,10,10,40,40
cifar100_lenet5_P0_seed308,cifar100_lenet5,cifar100,lenet5,P0,308,0,"[1, 1, 4, 4]","[10, 10, 40, 40]",33.920380787537866,23517,32.633333333333333,31.370000000000001,1.909173777845349,211,False,1.8091737778453489,False,1.0896010398864746,13.300000000000001,11.5,8e1b1aee6cff5a8ebdcb774550502782a63130f4545a48071cf6bb6ccd6cd623,1.4699699699699702,0.33920380787537868,0.10000000000000001,1.909173777845349,"[1, 1, 4, 4]",32.280000000000001,0.91000000000000014,97.180916976456004,30.897716894977165,0.64547370966157658,1.6290403980587322,0.1875,13.9,28.300000000000001,31.379999999999999,31.899999999999999,31.059999999999999,3.3659999999999997,-0.0099999999999980105,10,10,40,40
cifar100_lenet5_P0_seed309,cifar100_lenet5,cifar100,lenet5,P0,309,0,"[2, 2, 4, 4]","[20, 20, 40, 40]",34.33145824318477,23802,32.600000000000001,31.050000000000001,1.9117830509003164,199,True,1.8117830509003165,False,1.2859799563884735,14.699999999999999,12.300000000000001,8e1b1aee6cff5a8ebdcb774550502782a63130f4545a48071cf6bb6ccd6cd623,1.4684684684684686,0.3433145824318477,0.10000000000000001,1.9117830509003164,"[2, 2, 4, 4]",32.280000000000001,1.2300000000000004,96.189591078066911,31.091324200913242,0.65060710696718527,1.6343454276677161,0.154296875,15.233333333333333,27.719999999999999,31.420000000000002,31.920000000000002,31.07,3.3560000000000003,-0.37000000000000099,20,20,40,40
cifar100_lenet5_P0_seed310,cifar100_lenet5,cifar100,lenet5,P0,310,0,"[1, 1, 4, 4]","[10, 10, 40, 40]",33.920380787537866,23517,32.633333333333333,31.370000000000001,1.909173777845349,211,False,1.8091737778453489,False,1.2395464479923248,15,12.5,8e1b1aee6cff5a8ebdcb774550502782a63130f4545a48071cf6bb6ccd6cd623,1.4699699699699702,0.33920380787537868,0.10000000000000001,1.909173777845349,"[1, 1, 4, 4]",32.280000000000001,0.91000000000000014,97.180916976456004,30.924755381604694,0.6461575078013434,1.6309327367948139,0.158203125,14.733333333333333,28.300000000000001,31.379999999999999,31.899999999999999,31.059999999999999,3.3659999999999997,-0.0099999999999980105,10,10,40,40
cifar100_lenet5_P0_seed311,cifar100_lenet5,cifar100,lenet5,P0,311,0,"[2, 2, 4, 4]","[20, 20, 40, 40]",34.33145824318477,23802,32.600000000000001,31.050000000000001,1.9117830509003164,199,True,1.8117830509003165,False,1.370075523853302,13.800000000000001,12,8e1b1aee6cff5a8ebdcb774550502782a63130f4545a48071cf6bb6ccd6cd623,1.4684684684684686,0.3433145824318477,0.10000000000000001,1.9117830509003164,"[2, 2, 4, 4]",32.280000000000001,1.2300000000000004,96.189591078066911,30.735518590998048,0.66774210609827056,1.6442558270922321,0.185546875,15.166666666666666,27.719999999999999,31.420000000000002,31.920000000000002,31.07,3.3560000000000003,-0.37000000000000099,20,20,40,40
cifar100_lenet5_P0_seed312,cifar100_lenet5,cifar100,lenet5,P0,312,0,"[1, 2, 4, 4]","[10, 20, 40, 40]",34.266551276503677,23757,32.93333333333333,31.32,1.9761489962485204,99,True,1.82614899624852,False,1.4624115824699402,14.6,12.800000000000001,8e1b1aee6cff5a8ebdcb774550502782a63130f4545a48071cf6bb6ccd6cd623,1.4834834834834836,0.34266551276503676,0.15000000000000002,1.9761489962485204,"[1, 2, 4, 4]",32.280000000000001,0.96000000000000085,97.026022304832708,30.990247879973911,0.63040068304256169,1.6157133866857467,0.15234375,14.9,27.850000000000001,31.43,31.969999999999999,31.109999999999999,3.3759999999999999,-0.10999999999999943,10,20,40,40
cifar100_lenet5_P0_seed313,cifar100_lenet5,cifar100,lenet5,P0,313,0,"[2, 2, 4, 4]","[20, 20, 40, 40]",34.33145824318477,23802,32.600000000000001,31.050000000000001,1.9117830509003164,199,True,1.8117830509003165,False,1.370278537273407,13.4,11.1,8e1b1aee6cff5a8ebdcb774550502782a63130f4545a48071cf6bb6ccd6cd623,1.4684684684684686,0.3433145824318477,0.10000000000000001,1.9117830509003164,"[2, 2, 4, 4]",32.280000000000001,1.2300000000000004,96.189591078066911,30.533235485975212,0.61705944132558621,1.6147050553836446,0.236328125,18.833333333333332,27.719999999999999,31.420000000000002,31.920000000000002,31.07,3.3560000000000003,-0.37000000000000099,20,20,40,40
cifar100_lenet5_P0_seed314,cifar100_lenet5,cifar100,lenet5,P0,314,0,"[0, 0, 4, 4]","[0, 0, 40, 40]",33.509303331890955,23232,32.766666666666666,31.379999999999999,1.9110690092948857,203,False,1.8110690092948856,False,1.3182412087917328,13.5,11.699999999999999,8e1b1aee6cff5a8ebdcb774550502782a63130f4545a48071cf6bb6ccd6cd623,1.4759759759759761,0.33509303331890955,0.10000000000000001,1.9110690092948857,"[0, 0, 4, 4]",32.280000000000001,0.90000000000000213,97.211895910780669,30.7571754729289,0.65016433822696051,1.6300109961763873,0.224609375,14.699999999999999,28.07,31.390000000000001,31.780000000000001,31.350000000000001,3.4460000000000002,-0.010000000000001563,0,0,40,40
cifar100_lenet5_P0_seed315,cifar100_lenet5,cifar100,lenet5,P0,315,0,"[1, 1, 4, 4]","[10, 10, 40, 40]",33.920380787537866,23517,32.633333333333333,31.370000000000001,1.909173777845349,211,False,1.8091737778453489,False,1.1829228401184082,12.6,10.800000000000001,8e1b1aee6cff5a8ebdcb774550502782a63130f4545a48071cf6bb6ccd6cd623,1.4699699699699702,0.33920380787537868,0.10000000000000001,1.909173777845349,"[1, 1, 4, 4]",32.280000000000001,0.91000000000000014,97.180916976456004,30.990247879973907,0.66360682740330501,1.6366438299584127,0.185546875,18.966666666666665,28.300000000000001,31.379999999999999,31.899999999999999,31.059999999999999,3.3659999999999997,-0.0099999999999980105,10,10,40,40
cifar100_lenet5_P0_seed316,cifar100_lenet5,cifar100,lenet5,P0,316,0,"[1, 1, 4, 4]","[10, 10, 40, 40]",33.920380787537866,23517,32.633333333333333,31.370000000000001,1.909173777845349,211,False,1.8091737778453489,False,1.2837091982364655,13.6,11.800000000000001,8e1b1aee6cff5a8ebdcb774550502782a63130f4545a48071cf6bb6ccd6cd623,1.4699699699699702,0.33920380787537868,0.10000000000000001,1.909173777845349,"[1, 1, 4, 4]",32.280000000000001,0.91000000000000014,97.180916976456004,30.828277886497066,0.65263356731067101,1.6323490588133187,0.177734375,14.233333333333333,28.300000000000001,31.379999999999999,31.899999999999999,31.059999999999999,3.3659999999999997,-0.0099999999999980105,10,10,40,40
cifar100_lenet5_P0_seed317,cifar100_lenet5,cifar100,lenet5,P0,317,0,"[2, 2, 4, 4]","[20, 20, 40, 40]",34.33145824318477,23802,32.600000000000001,31.050000000000001,1.9117830509003164,199,True,1.8117830509003165,False,1.3828114867210388,14.5,12.199999999999999,8e1b1aee6cff5a8ebdcb774550502782a63130f4545a48071cf6bb6ccd6cd623,1.4684684684684686,0.3433145824318477,0.10000000000000001,1.9117830509003164,"[2, 2, 4, 4]",32.280000000000001,1.2300000000000004,96.189591078066911,30.964840182648402,0.6293897196049838,1.6247102177156771,0.15625,15.1,27.719999999999999,31.420000000000002,31.920000000000002,31.07,3.3560000000000003,-0.37000000000000099,20,20,40,40
cifar100_lenet5_P0_seed318,cifar100_lenet5,cifar100,lenet5,P0,318,0,"[2, 2, 4, 4]","[20, 20, 40, 40]",34.33145824318477,23802,32.600000000000001,31.050000000000001,1.9117830509003164,199,True,1.8117830509003165,False,1.2047300338745117,14.6,12.5,8e1b1aee6cff5a8ebdcb774550502782a63130f4545a48071cf6bb6ccd6cd623,1.4684684684684686,0.3433145824318477,0.10000000000000001,1.9117830509003164,"[2, 2, 4, 4]",32.280000000000001,1.2300000000000004,96.189591078066911,30.639041095890409,0.65687462693333543,1.6359712885112552,0.158203125,14.9,27.719999999999999,31.420000000000002,31.920000000000002,31.07,3.3560000000000003,-0.37000000000000099,20,20,40,40
cifar100_lenet5_P0_seed319,cifar100_lenet5,cifar100,lenet5,P0,319,0,"[0, 0, 4, 4]","[0, 0, 40, 40]",33.509303331890955,23232,32.766666666666666,31.379999999999999,1.9110690092948857,203,False,1.8110690092948856,False,1.0945912748575211,17.199999999999999,14.6,8e1b1aee6cff5a8ebdcb774550502782a63130f4545a48071cf6bb6ccd6cd623,1.4759759759759761,0.33509303331890955,0.10000000000000001,1.9110690092948857,"[0, 0, 4, 4]",32.280000000000001,0.90000000000000213,97.211895910780669,31.100750163078931,0.65861321203786949,1.6347924183306484,0.126953125,14.699999999999999,28.07,31.390000000000001,31.780000000000001,31.350000000000001,3.4460000000000002,-0.010000000000001563,0,0,40,40
cifar100_lenet5_P1_seed300,cifar100_lenet5,cifar100,lenet5,P1,300,0.5,"[1, 2, 4, 4]","[10, 20, 40, 40]",34.266551276503677,23757,32.93333333333333,31.32,1.9761489962485204,99,True,1.82614899624852,False,1.3500533401966095,16.399999999999999,14.6,8e1b1aee6cff5a8ebdcb774550502782a63130f4545a48071cf6bb6ccd6cd623,1.4834834834834836,0.34266551276503676,0.15000000000000002,1.9761489962485204,"[1, 2, 4, 4]",32.280000000000001,0.96000000000000085,97.026022304832708,30.488062622309197,0.65093351668694133,1.6355400187688294,0.212890625,14.166666666666666,27.850000000000001,31.43,31.969999999999999,31.109999999999999,3.3759999999999999,-0.10999999999999943,10,20,40,40
cifar100_lenet5_P1_seed301,cifar100_lenet5,cifar100,lenet5,P1,301,0.5,"[1, 1, 4, 4]","[10, 10, 40, 40]",33.920380787537866,23517,32.633333333333333,31.370000000000001,1.909173777845349,211,False,1.8091737778453489,False,1.1625935733318329,14.4,12.6,8e1b1aee6cff5a8ebdcb774550502782a63130f4545a48071cf6bb6ccd6cd623,1.4699699699699702,0.33920380787537868,0.10000000000000001,1.909173777845349,"[1, 1, 4, 4]",32.280000000000001,0.91000000000000014,97.180916976456004,30.878473581213306,0.6783836674247633,1.6559071053650285,0.19140625,18.566666666666666,28.300000000000001,31.379999999999999,31.899999999999999,31.059999999999999,3.3659999999999997,-0.0099999999999980105,10,10,40,40
cifar100_lenet5_P1_seed302,cifar100_lenet5,cifar100,lenet5,P1,302,0.5,"[1, 1, 5, 1]","[10, 10, 60, 10]",43.405452185201213,30093,32.166666666666664,31.07,1.9830034708009612,92,True,1.8830034708009613,False,1.2595273405313492,13.9,12.199999999999999,8e1b1aee6cff5a8ebdcb774550502782a63130f4545a48071cf6bb6ccd6cd623,1.4489489489489489,0.43405452185201215,0.10000000000000001,1.9830034708009612,"[1, 1, 5, 1]",32.280000000000001,1.2100000000000009,96.251548946716227,30.134213959556423,0.70095505066150854,1.6686397332272038,0.1875,14.866666666666667,19.77,29.609999999999999,31.039999999999999,26.800000000000001,1.9940000000000002,1.4600000000000009,10,10,60,10
cifar100_lenet5_P1_seed303,cifar100_lenet5,cifar100,lenet5,P1,303,0.5,"[0, 2, 4, 4]","[0, 20, 40, 40]",34.201644309822591,23712,32.966666666666669,31.43,1.9770014280832111,98,True,1.8270014280832112,False,1.2676480859518051,14.1,12.4,8e1b1aee6cff5a8ebdcb774550502782a63130f4545a48071cf6bb6ccd6cd623,1.4849849849849852,0.34201644309822593,0.15000000000000002,1.9770014280832111,"[0, 2, 4, 4]",32.280000000000001,0.85000000000000142,97.366790582403965,30.925440313111547,0.67719212083204261,1.6480527936696472,0.1328125,19.5,27.91,31.449999999999999,31.920000000000002,31.140000000000001,3.343,-0.019999999999999574,0,20,40,40
cifar100_lenet5_P1_seed304,cifar100_lenet5,cifar100,lenet5,P1,304,0.5,"[0, 0, 4, 4]","[0, 0, 40, 40]",33.509303331890955,23232,32.766666666666666,31.379999999999999,1.9110690092948857,203,False,1.8110690092948856,False,1.3440713286399841,14.6,12.300000000000001,8e1b1aee6cff5a8ebdcb774550502782a63130f4545a48071cf6bb6ccd6cd623,1.4759759759759761,0.33509303331890955,0.10000000000000001,1.9110690092948857,"[0, 0, 4, 4]",32.280000000000001,0.90000000000000213,97.211895910780669,30.903522504892369,0.66550106158716726,1.6408918490256703,0.16796875,15.133333333333333,28.07,31.390000000000001,31.780000000000001,31.350000000000001,3.4460000000000002,-0.010000000000001563,0,0,40,40
cifar100_lenet5_P1_seed305,cifar100_lenet5,cifar100,lenet5,P1,305,0.5,"[1, 1, 4, 4]","[10, 10, 40, 40]",33.920380787537866,23517,32.633333333333333,31.370000000000001,1.909173777845349,211,False,1.8091737778453489,False,1.353194922208786,15.4,13.5,8e1b1aee6cff5a8ebdcb774550502782a63130f4545a48071cf6bb6ccd6cd623,1.4699699699699702,0.33920380787537868,0.10000000000000001,1.909173777845349,"[1, 1, 4, 4]",32.280000000000001,0.91000000000000014,97.180916976456004,30.978245270711025,0.69854853455636245,1.6646538539359057,0.1640625,14.166666666666666,28.300000000000001,31.379999999999999,31.899999999999999,31.059999999999999,3.3659999999999997,-0.0099999999999980105,10,10,40,40
cifar100_lenet5_P1_seed306,cifar100_lenet5,cifar100,lenet5,P1,306,0.5,"[1, 1, 5, 5]","[10, 10, 60, 60]",50.67503245348334,35133,29.800000000000001,28.809999999999999,1.949092666877176,129,False,1.8490926668771759,False,1.2145684659481049,18.100000000000001,15.6,8e1b1aee6cff5a8ebdcb774550502782a63130f4545a48071cf6bb6ccd6cd623,1.3423423423423426,0.50675032453483337,0.10000000000000001,1.949092666877176,"[1, 1, 5, 5]",32.280000000000001,3.4700000000000024,89.250309789343248,30.322015655577303,0.68936901676627704,1.6562758185737625,0.12109375,15.533333333333333,14.33,25.460000000000001,30.02,23.109999999999999,1.605,3.3499999999999979,10,10,60,60
cifar100_lenet5_P1_seed307,cifar100_lenet5,cifar100,lenet5,P1,307,0.5,"[1, 1, 4, 4]","[10, 10, 40, 40]",33.920380787537866,23517,32.633333333333333,31.370000000000001,1.909173777845349,211,False,1.8091737778453489,False,1.0957811772823334,17.699999999999999,15.4,8e1b1aee6cff5a8ebdcb774550502782a63130f4545a48071cf6bb6ccd6cd623,1.4699699699699702,0.33920380787537868,0.10000000000000001,1.909173777845349,"[1, 1, 4, 4]",32.280000000000001,0.91000000000000014,97.180916976456004,30.9370189171559,0.66137711656302656,1.643253463036751,0.208984375,15.9,28.300000000000001,31.379999999999999,31.899999999999999,31.059999999999999,3.3659999999999997,-0.0099999999999980105,10,10,40,40
cifar100_lenet5_P1_seed308,cifar100_lenet5,cifar100,lenet5,P1,308,0.5,"[1, 1, 4, 4]","[10, 10, 40, 40]",33.920380787537866,23517,32.633333333333333,31.370000000000001,1.909173777845349,211,False,1.8091737778453489,False,1.1118404567241669,22.600000000000001,20,8e1b1aee6cff5a8ebdcb774550502782a63130f4545a48071cf6bb6ccd6cd623,1.4699699699699702,0.33920380787537868,0.10000000000000001,1.909173777845349,"[1, 1, 4, 4]",32.280000000000001,0.91000000000000014,97.180916976456004,30.977756033920418,0.66778592962546002,1.6380689894320359,0.162109375,13.9,28.300000000000001,31.379999999999999,31.899999999999999,31.059999999999999,3.3659999999999997,-0.0099999999999980105,10,10,40,40
cifar100_lenet5_P1_seed309,cifar100_lenet5,cifar100,lenet5,P1,309,0.5,"[2, 2, 4, 4]","[20, 20, 40, 40]",34.33145824318477,23802,32.600000000000001,31.050000000000001,1.9117830509003164,199,True,1.8117830509003165,False,1.2695739567279816,21.600000000000001,19,8e1b1aee6cff5a8ebdcb774550502782a63130f4545a48071cf6bb6ccd6cd623,1.4684684684684686,0.3433145824318477,0.10000000000000001,1.9117830509003164,"[2, 2, 4, 4]",32.280000000000001,1.2300000000000004,96.189591078066911,31.255609915198956,0.65833591489168786,1.6365689204918503,0.134765625,18.566666666666666,27.719999999999999,31.420000000000002,31.920000000000002,31.07,3.3560000000000003,-0.37000000000000099,20,20,40,40
cifar100_lenet5_P1_seed310,cifar100_lenet5,cifar100,lenet5,P1,310,0.5,"[1, 1, 3, 3]","[10, 10, 30, 30]",25.543054954565122,17709,32.799999999999997,31.620000000000001,1.8329080270231288,324,False,1.7329080270231287,False,1.3547942936420441,19,17,8e1b1aee6cff5a8ebdcb774550502782a63130f4545a48071cf6bb6ccd6cd623,1.4774774774774775,0.2554305495456512,0.10000000000000001,1.8329080270231288,"[1, 1, 3, 3]",32.280000000000001,0.66000000000000014,97.955390334572485,31.230169602087411,0.65244845068719814,1.6359844713303158,0.119140625,14.733333333333333,31.170000000000002,31.82,32.119999999999997,31.91,6.0579999999999998,-0.19999999999999929,10,10,30,30
cifar100_lenet5_P1_seed311,cifar100_lenet5,cifar100,lenet5,P1,311,0.5,"[2, 2, 5, 5]","[20, 20, 60, 60]",51.086109909130244,35418,29.5,28.68,1.9396899279201314,147,True,1.8396899279201313,False,1.3211624324321747,17.5,14.800000000000001,8e1b1aee6cff5a8ebdcb774550502782a63130f4545a48071cf6bb6ccd6cd623,1.328828828828829,0.5108610990913024,0.10000000000000001,1.9396899279201314,"[2, 2, 5, 5]",32.280000000000001,3.6000000000000014,88.847583643122675,30.573483365949119,0.70793054726518512,1.6700257935799097,0.140625,15.166666666666666,14.09,25.289999999999999,29.989999999999998,22.850000000000001,1.6030000000000002,3.3900000000000006,20,20,60,60
cifar100_lenet5_P1_seed312,cifar100_lenet5,cifar100,lenet5,P1,312,0.5,"[1, 1, 5, 5]","[10, 10, 60, 60]",50.67503245348334,35133,29.800000000000001,28.809999999999999,1.949092666877176,129,False,1.8490926668771759,False,1.3473405838012695,24.100000000000001,22.199999999999999,8e1b1aee6cff5a8ebdcb774550502782a63130f4545a48071cf6bb6ccd6cd623,1.3423423423423426,0.50675032453483337,0.10000000000000001,1.949092666877176,"[1, 1, 5, 5]",32.280000000000001,3.4700000000000024,89.250309789343248,30.560567514677103,0.6414925688898292,1.6222430426134571,0.169921875,14.9,14.33,25.460000000000001,30.02,23.109999999999999,1.605,3.3499999999999979,10,10,60,60
cifar100_lenet5_P1_seed313,cifar100_lenet5,cifar100,lenet5,P1,313,0.5,"[2, 2, 4, 4]","[20, 20, 40, 40]",34.33145824318477,23802,32.600000000000001,31.050000000000001,1.9117830509003164,199,True,1.8117830509003165,False,1.3907894194126129,16.600000000000001,13.300000000000001,8e1b1aee6cff5a8ebdcb774550502782a63130f4545a48071cf6bb6ccd6cd623,1.4684684684684686,0.3433145824318477,0.10000000000000001,1.9117830509003164,"[2, 2, 4, 4]",32.280000000000001,1.2300000000000004,96.189591078066911,30.870939334637963,0.61318634821570239,1.6125341519400902,0.193359375,19.333333333333332,27.719999999999999,31.420000000000002,31.920000000000002,31.07,3.3560000000000003,-0.37000000000000099,20,20,40,40
cifar100_lenet5_P1_seed314,cifar100_lenet5,cifar100,lenet5,P1,314,0.5,"[2, 2, 4, 4]","[20, 20, 40, 40]",34.33145824318477,23802,32.600000000000001,31.050000000000001,1.9117830509003164,199,True,1.8117830509003165,False,1.4301183223724365,19.899999999999999,18,8e1b1aee6cff5a8ebdcb774550502782a63130f4545a48071cf6bb6ccd6cd623,1.4684684684684686,0.3433145824318477,0.10000000000000001,1.9117830509003164,"[2, 2, 4, 4]",32.280000000000001,1.2300000000000004,96.189591078066911,30.513307240704503,0.66580707069943856,1.6363636796050567,0.18359375,14.699999999999999,27.719999999999999,31.420000000000002,31.920000000000002,31.07,3.3560000000000003,-0.37000000000000099,20,20,40,40
cifar100_lenet5_P1_seed315,cifar100_lenet5,cifar100,lenet5,P1,315,0.5,"[1, 1, 4, 4]","[10, 10, 40, 40]",33.920380787537866,23517,32.633333333333333,31.370000000000001,1.909173777845349,211,False,1.8091737778453489,False,1.1325525492429733,18,15.4,8e1b1aee6cff5a8ebdcb774550502782a63130f4545a48071cf6bb6ccd6cd623,1.4699699699699702,0.33920380787537868,0.10000000000000001,1.909173777845349,"[1, 1, 4, 4]",32.280000000000001,0.91000000000000014,97.180916976456004,31.242889758643184,0.68425677564620802,1.6536555044850689,0.140625,18.966666666666665,28.300000000000001,31.379999999999999,31.899999999999999,31.059999999999999,3.3659999999999997,-0.0099999999999980105,10,10,40,40
cifar100_lenet5_P1_seed316,cifar100_lenet5,cifar100,lenet5,P1,316,0.5,"[0, 0, 4, 4]","[0, 0, 40, 40]",33.509303331890955,23232,32.766666666666666,31.379999999999999,1.9110690092948857,203,False,1.8110690092948856,False,1.1938185393810272,19.600000000000001,17.600000000000001,8e1b1aee6cff5a8ebdcb774550502782a63130f4545a48071cf6bb6ccd6cd623,1.4759759759759761,0.33509303331890955,0.10000000000000001,1.9110690092948857,"[0, 0, 4, 4]",32.280000000000001,0.90000000000000213,97.211895910780669,30.922048271363334,0.67866776477343993,1.6543902299262314,0.1796875,18.100000000000001,28.07,31.390000000000001,31.780000000000001,31.350000000000001,3.4460000000000002,-0.010000000000001563,0,0,40,40
cifar100_lenet5_P1_seed317,cifar100_lenet5,cifar100,lenet5,P1,317,0.5,"[1, 1, 3, 3]","[10, 10, 30, 30]",25.543054954565122,17709,32.799999999999997,31.620000000000001,1.8329080270231288,324,False,1.7329080270231287,False,1.3114694058895111,19.5,16.800000000000001,8e1b1aee6cff5a8ebdcb774550502782a63130f4545a48071cf6bb6ccd6cd623,1.4774774774774775,0.2554305495456512,0.10000000000000001,1.8329080270231288,"[1, 1, 3, 3]",32.280000000000001,0.66000000000000014,97.955390334572485,31.133887801696023,0.6241074734225418,1.6244829181564153,0.08203125,15.1,31.170000000000002,31.82,32.119999999999997,31.91,6.0579999999999998,-0.19999999999999929,10,10,30,30
cifar100_lenet5_P1_seed318,cifar100_lenet5,cifar100,lenet5,P1,318,0.5,"[2, 2, 4, 4]","[20, 20, 40, 40]",34.33145824318477,23802,32.600000000000001,31.050000000000001,1.9117830509003164,199,True,1.8117830509003165,False,1.238129734992981,16.800000000000001,14.699999999999999,8e1b1aee6cff5a8ebdcb774550502782a63130f4545a48071cf6bb6ccd6cd623,1.4684684684684686,0.3433145824318477,0.10000000000000001,1.9117830509003164,"[2, 2, 4, 4]",32.280000000000001,1.2300000000000004,96.189591078066911,30.760176125244616,0.67933796250821687,1.6490522941282562,0.1328125,14.9,27.719999999999999,31.420000000000002,31.920000000000002,31.07,3.3560000000000003,-0.37000000000000099,20,20,40,40
cifar100_lenet5_P1_seed319,cifar100_lenet5,cifar100,lenet5,P1,319,0.5,"[0, 0, 5, 5]","[0, 0, 60, 60]",50.263954997836436,34848,30.033333333333335,28.940000000000001,1.9554924028312173,124,False,1.8554924028312176,False,1.2238544449210167,32.100000000000001,29.5,8e1b1aee6cff5a8ebdcb774550502782a63130f4545a48071cf6bb6ccd6cd623,1.3528528528528529,0.50263954997836435,0.10000000000000001,1.9554924028312173,"[0, 0, 5, 5]",32.280000000000001,3.3399999999999999,89.653035935563807,30.428538812785387,0.72081693099305633,1.6770845441032101,0.111328125,14.699999999999999,14.449999999999999,25.649999999999999,30.039999999999999,23.739999999999998,1.6819999999999999,3.2900000000000027,0,0,60,60
cifar100_lenet5_P2_seed300,cifar100_lenet5,cifar100,lenet5,P2,300,0.5,"[2, 2, 4, 4]","[20, 20, 40, 40]",34.33145824318477,23802,32.600000000000001,31.050000000000001,1.9117830509003164,199,True,1.8117830509003165,False,1.0881477147340775,18.5,16.600000000000001,8e1b1aee6cff5a8ebdcb774550502782a63130f4545a48071cf6bb6ccd6cd623,1.4684684684684686,0.3433145824318477,0.10000000000000001,1.9117830509003164,"[2, 2, 4, 4]",32.280000000000001,1.2300000000000004,96.189591078066911,30.326190476190479,0.62002055172309567,1.623182858145485,0.294921875,15.166666666666666,27.719999999999999,31.420000000000002,31.920000000000002,31.07,3.3560000000000003,-0.37000000000000099,20,20,40,40
cifar100_lenet5_P2_seed301,cifar100_lenet5,cifar100,lenet5,P2,301,0.5,"[2, 2, 4, 4]","[20, 20, 40, 40]",34.33145824318477,23802,32.600000000000001,31.050000000000001,1.9117830509003164,199,True,1.8117830509003165,False,1.2760937213897705,15.300000000000001,13.5,8e1b1aee6cff5a8ebdcb774550502782a63130f4545a48071cf6bb6ccd6cd623,1.4684684684684686,0.3433145824318477,0.10000000000000001,1.9117830509003164,"[2, 2, 4, 4]",32.280000000000001,1.2300000000000004,96.189591078066911,30.852902804957601,0.64303923716839573,1.6368247719758957,0.189453125,15.733333333333333,27.719999999999999,31.420000000000002,31.920000000000002,31.07,3.3560000000000003,-0.37000000000000099,20,20,40,40
cifar100_lenet5_P2_seed302,cifar100_lenet5,cifar100,lenet5,P2,302,0.5,"[1, 1, 4, 4]","[10, 10, 40, 40]",33.920380787537866,23517,32.633333333333333,31.370000000000001,1.909173777845349,211,False,1.8091737778453489,False,1.2797537297010422,14.9,12.9,8e1b1aee6cff5a8ebdcb774550502782a63130f4545a48071cf6bb6ccd6cd623,1.4699699699699702,0.33920380787537868,0.10000000000000001,1.909173777845349,"[1, 1, 4, 4]",32.280000000000001,0.91000000000000014,97.180916976456004,30.771559034572736,0.66111039750961476,1.6435650174685641,0.1953125,14.866666666666667,28.300000000000001,31.379999999999999,31.899999999999999,31.059999999999999,3.3659999999999997,-0.0099999999999980105,10,10,40,40
cifar100_lenet5_P2_seed303,cifar100_lenet5,cifar100,lenet5,P2,303,0.5,"[2, 2, 4, 4]","[20, 20, 40, 40]",34.33145824318477,23802,32.600000000000001,31.050000000000001,1.9117830509003164,199,True,1.8117830509003165,False,1.0706730037927628,16.199999999999999,14.1,8e1b1aee6cff5a8ebdcb774550502782a63130f4545a48071cf6bb6ccd6cd623,1.4684684684684686,0.3433145824318477,0.10000000000000001,1.9117830509003164,"[2, 2, 4, 4]",32.280000000000001,1.2300000000000004,96.189591078066911,31.069667318982383,0.63065455726903874,1.6212756456670321,0.15625,19.5,27.719999999999999,31.420000000000002,31.920000000000002,31.07,3.3560000000000003,-0.37000000000000099,20,20,40,40
cifar100_lenet5_P2_seed304,cifar100_lenet5,cifar100,lenet5,P2,304,0.5,"[2, 2, 3, 3]","[20, 20, 30, 30]",25.954132410212029,17994,32.100000000000001,31.57,1.8054872700480664,381,False,1.7054872700480666,False,1.4976296722888947,14.6,12.5,8e1b1aee6cff5a8ebdcb774550502782a63130f4545a48071cf6bb6ccd6cd623,1.4459459459459461,0.25954132410212027,0.10000000000000001,1.8054872700480664,"[2, 2, 3, 3]",32.280000000000001,0.71000000000000085,97.800495662949189,30.867318982387477,0.60716741342964431,1.6105378851844536,0.16015625,15.133333333333333,30.960000000000001,31.800000000000001,32.159999999999997,32.009999999999998,5.8579999999999997,-0.23000000000000043,20,20,30,30
cifar100_lenet5_P2_seed305,cifar100_lenet5,cifar100,lenet5,P2,305,0.5,"[0, 2, 4, 2]","[0, 20, 40, 20]",31.293812202509734,21696,32.700000000000003,32.060000000000002,1.9359110949980707,157,False,1.7859110949980705,False,1.3313418477773666,15.699999999999999,13.800000000000001,8e1b1aee6cff5a8ebdcb774550502782a63130f4545a48071cf6bb6ccd6cd623,1.4729729729729732,0.31293812202509735,0.15000000000000002,1.9359110949980707,"[0, 2, 4, 2]",32.280000000000001,0.21999999999999886,99.3184634448575,30.807990867579907,0.67891861668769704,1.6498724065557497,0.185546875,15.366666666666667,29.359999999999999,31.460000000000001,32.060000000000002,31.57,4.0289999999999999,0.60000000000000142,0,20,40,20
cifar100_lenet5_P2_seed306,cifar100_lenet5,cifar100,lenet5,P2,306,0.5,"[1, 1, 4, 4]","[10, 10, 40, 40]",33.920380787537866,23517,32.633333333333333,31.370000000000001,1.909173777845349,211,False,1.8091737778453489,False,1.3289889693260193,15,13,8e1b1aee6cff5a8ebdcb774550502782a63130f4545a48071cf6bb6ccd6cd623,1.4699699699699702,0.33920380787537868,0.10000000000000001,1.909173777845349,"[1, 1, 4, 4]",32.280000000000001,0.91000000000000014,97.180916976456004,30.867677756033924,0.61866731142660703,1.613547684175948,0.19140625,15.866666666666667,28.300000000000001,31.379999999999999,31.899999999999999,31.059999999999999,3.3659999999999997,-0.0099999999999980105,10,10,40,40
cifar100_lenet5_P2_seed307,cifar100_lenet5,cifar100,lenet5,P2,307,0.5,"[1, 1, 4, 4]","[10, 10, 40, 40]",33.920380787537866,23517,32.633333333333333,31.370000000000001,1.909173777845349,211,False,1.8091737778453489,False,0.99131980538368225,15.199999999999999,13,8e1b1aee6cff5a8ebdcb774550502782a63130f4545a48071cf6bb6ccd6cd623,1.4699699699699702,0.33920380787537868,0.10000000000000001,1.909173777845349,"[1, 1, 4, 4]",32.280000000000001,0.91000000000000014,97.180916976456004,30.815622961513373,0.66376927668512797,1.6444091592144681,0.24609375,19.433333333333334,28.300000000000001,31.379999999999999,31.899999999999999,31.059999999999999,3.3659999999999997,-0.0099999999999980105,10,10,40,40
cifar100_lenet5_P2_seed308,cifar100_lenet5,cifar100,lenet5,P2,308,0.5,"[1, 1, 4, 4]","[10, 10, 40, 40]",33.920380787537866,23517,32.633333333333333,31.370000000000001,1.909173777845349,211,False,1.8091737778453489,False,1.0475703179836273,16.300000000000001,14.5,8e1b1aee6cff5a8ebdcb774550502782a63130f4545a48071cf6bb6ccd6cd623,1.4699699699699702,0.33920380787537868,0.10000000000000001,1.909173777845349,"[1, 1, 4, 4]",32.280000000000001,0.91000000000000014,97.180916976456004,31.109523809523811,0.64579407475689277,1.6269004517731573,0.150390625,13.9,28.300000000000001,31.379999999999999,31.899999999999999,31.059999999999999,3.3659999999999997,-0.0099999999999980105,10,10,40,40
cifar100_lenet5_P2_seed309,cifar100_lenet5,cifar100,lenet5,P2,309,0.5,"[2, 2, 4, 4]","[20, 20, 40, 40]",34.33145824318477,23802,32.600000000000001,31.050000000000001,1.9117830509003164,199,True,1.8117830509003165,False,1.4649918377399445,20.699999999999999,17.699999999999999,8e1b1aee6cff5a8ebdcb774550502782a63130f4545a48071cf6bb6ccd6cd623,1.4684684684684686,0.3433145824318477,0.10000000000000001,1.9117830509003164,"[2, 2, 4, 4]",32.280000000000001,1.2300000000000004,96.189591078066911,31.008219178082189,0.62645127654912391,1.6228419979363946,0.173828125,15.233333333333333,27.719999999999999,31.420000000000002,31.920000000000002,31.07,3.3560000000000003,-0.37000000000000099,20,20,40,40
cifar100_lenet5_P2_seed310,cifar100_lenet5,cifar100,lenet5,P2,310,0.5,"[1, 1, 4, 4]","[10, 10, 40, 40]",33.920380787537866,23517,32.633333333333333,31.370000000000001,1.909173777845349,211,False,1.8091737778453489,False,1.2446839809417725,15.699999999999999,13.800000000000001,8e1b1aee6cff5a8ebdcb774550502782a63130f4545a48071cf6bb6ccd6cd623,1.4699699699699702,0.33920380787537868,0.10000000000000001,1.909173777845349,"[1, 1, 4, 4]",32.280000000000001,0.91000000000000014,97.180916976456004,31.027951728636658,0.6553687598697383,1.6369199217906711,0.1640625,14.733333333333333,28.300000000000001,31.379999999999999,31.899999999999999,31.059999999999999,3.3659999999999997,-0.0099999999999980105,10,10,40,40
cifar100_lenet5_P2_seed311,cifar100_lenet5,cifar100,lenet5,P2,311,0.5,"[0, 0, 5, 5]","[0, 0, 60, 60]",50.263954997836436,34848,30.033333333333335,28.940000000000001,1.9554924028312173,124,False,1.8554924028312176,False,1.2975450456142426,14.300000000000001,12.5,8e1b1aee6cff5a8ebdcb774550502782a63130f4545a48071cf6bb6ccd6cd623,1.3528528528528529,0.50263954997836435,0.10000000000000001,1.9554924028312173,"[0, 0, 5, 5]",32.280000000000001,3.3399999999999999,89.653035935563807,30.913405088062621,0.70513037499338871,1.6690182016355826,0.1484375,15.166666666666666,14.449999999999999,25.649999999999999,30.039999999999999,23.739999999999998,1.6819999999999999,3.2900000000000027,0,0,60,60
cifar100_lenet5_P2_seed312,cifar100_lenet5,cifar100,lenet5,P2,312,0.5,"[1, 1, 4, 4]","[10, 10, 40, 40]",33.920380787537866,23517,32.633333333333333,31.370000000000001,1.909173777845349,211,False,1.8091737778453489,False,1.3255079388618469,14.199999999999999,12.300000000000001,8e1b1aee6cff5a8ebdcb774550502782a63130f4545a48071cf6bb6ccd6cd623,1.4699699699699702,0.33920380787537868,0.10000000000000001,1.909173777845349,"[1, 1, 4, 4]",32.280000000000001,0.91000000000000014,97.180916976456004,30.736431833007174,0.63447475991507296,1.6205958867402355,0.1640625,14.9,28.300000000000001,31.379999999999999,31.899999999999999,31.059999999999999,3.3659999999999997,-0.0099999999999980105,10,10,40,40
cifar100_lenet5_P2_seed313,cifar100_lenet5,cifar100,lenet5,P2,313,0.5,"[2, 2, 4, 4]","[20, 20, 40, 40]",34.33145824318477,23802,32.600000000000001,31.050000000000001,1.9117830509003164,199,True,1.8117830509003165,False,1.2100385427474976,14.4,12.5,8e1b1aee6cff5a8ebdcb774550502782a63130f4545a48071cf6bb6ccd6cd623,1.4684684684684686,0.3433145824318477,0.10000000000000001,1.9117830509003164,"[2, 2, 4, 4]",32.280000000000001,1.2300000000000004,96.189591078066911,30.861285061969991,0.61567220001662259,1.6151475735359839,0.193359375,19.333333333333332,27.719999999999999,31.420000000000002,31.920000000000002,31.07,3.3560000000000003,-0.37000000000000099,20,20,40,40
cifar100_lenet5_P2_seed314,cifar100_lenet5,cifar100,lenet5,P2,314,0.5,"[0, 0, 4, 4]","[0, 0, 40, 40]",33.509303331890955,23232,32.766666666666666,31.379999999999999,1.9110690092948857,203,False,1.8110690092948856,False,1.3920073509216309,16,13.300000000000001,8e1b1aee6cff5a8ebdcb774550502782a63130f4545a48071cf6bb6ccd6cd623,1.4759759759759761,0.33509303331890955,0.10000000000000001,1.9110690092948857,"[0, 0, 4, 4]",32.280000000000001,0.90000000000000213,97.211895910780669,30.782583170254405,0.66595667515432688,1.6365830304642894,0.21484375,14.699999999999999,28.07,31.390000000000001,31.780000000000001,31.350000000000001,3.4460000000000002,-0.010000000000001563,0,0,40,40
cifar100_lenet5_P2_seed315,cifar100_lenet5,cifar100,lenet5,P2,315,0.5,"[1, 1, 4, 4]","[10, 10, 40, 40]",33.920380787537866,23517,32.633333333333333,31.370000000000001,1.909173777845349,211,False,1.8091737778453489,False,1.0432455167174339,14.300000000000001,12.4,8e1b1aee6cff5a8ebdcb774550502782a63130f4545a48071cf6bb6ccd6cd623,1.4699699699699702,0.33920380787537868,0.10000000000000001,1.909173777845349,"[1, 1, 4, 4]",32.280000000000001,0.91000000000000014,97.180916976456004,31.155870841487278,0.677325102569721,1.647282436396738,0.171875,18.966666666666665,28.300000000000001,31.379999999999999,31.899999999999999,31.059999999999999,3.3659999999999997,-0.0099999999999980105,10,10,40,40
cifar100_lenet5_P2_seed316,cifar100_lenet5,cifar100,lenet5,P2,316,0.5,"[2, 2, 4, 4]","[20, 20, 40, 40]",34.33145824318477,23802,32.600000000000001,31.050000000000001,1.9117830509003164,199,True,1.8117830509003165,False,1.2659468054771423,15.199999999999999,13.5,8e1b1aee6cff5a8ebdcb774550502782a63130f4545a48071cf6bb6ccd6cd623,1.4684684684684686,0.3433145824318477,0.10000000000000001,1.9117830509003164,"[2, 2, 4, 4]",32.280000000000001,1.2300000000000004,96.189591078066911,30.721983039791262,0.66057318151251621,1.6402823447265455,0.193359375,15.800000000000001,27.719999999999999,31.420000000000002,31.920000000000002,31.07,3.3560000000000003,-0.37000000000000099,20,20,40,40
cifar100_lenet5_P2_seed317,cifar100_lenet5,cifar100,lenet5,P2,317,0.5,"[2, 2, 4, 4]","[20, 20, 40, 40]",34.33145824318477,23802,32.600000000000001,31.050000000000001,1.9117830509003164,199,True,1.8117830509003165,False,1.439588189125061,13.9,11.9,8e1b1aee6cff5a8ebdcb774550502782a63130f4545a48071cf6bb6ccd6cd623,1.4684684684684686,0.3433145824318477,0.10000000000000001,1.9117830509003164,"[2, 2, 4, 4]",32.280000000000001,1.2300000000000004,96.189591078066911,31.039204174820611,0.63090692033940554,1.6284078958548294,0.13671875,15.1,27.719999999999999,31.420000000000002,31.920000000000002,31.07,3.3560000000000003,-0.37000000000000099,20,20,40,40
cifar100_lenet5_P2_seed318,cifar100_lenet5,cifar100,lenet5,P2,318,0.5,"[2, 2, 4, 4]","[20, 20, 40, 40]",34.33145824318477,23802,32.600000000000001,31.050000000000001,1.9117830509003164,199,True,1.8117830509003165,False,1.1495446562767029,13.9,12.1,8e1b1aee6cff5a8ebdcb774550502782a63130f4545a48071cf6bb6ccd6cd623,1.4684684684684686,0.3433145824318477,0.10000000000000001,1.9117830509003164,"[2, 2, 4, 4]",32.280000000000001,1.2300000000000004,96.189591078066911,30.867025440313114,0.690627809805892,1.6551330656708156,0.138671875,14.9,27.719999999999999,31.420000000000002,31.920000000000002,31.07,3.3560000000000003,-0.37000000000000099,20,20,40,40
cifar100_lenet5_P2_seed319,cifar100_lenet5,cifar100,lenet5,P2,319,0.5,"[2, 2, 4, 4]","[20, 20, 40, 40]",34.33145824318477,23802,32.600000000000001,31.050000000000001,1.9117830509003164,199,True,1.8117830509003165,False,1.3008871376514435,13.199999999999999,11.199999999999999,8e1b1aee6cff5a8ebdcb774550502782a63130f4545a48071cf6bb6ccd6cd623,1.4684684684684686,0.3433145824318477,0.10000000000000001,1.9117830509003164,"[2, 2, 4, 4]",32.280000000000001,1.2300000000000004,96.189591078066911,31.097782126549252,0.63749178308865195,1.6263429254063684,0.173828125,14.699999999999999,27.719999999999999,31.420000000000002,31.920000000000002,31.07,3.3560000000000003,-0.37000000000000099,20,20,40,40
cifar100_lenet5_P3_seed300,cifar100_lenet5,cifar100,lenet5,P3,300,0.5,"[2, 2, 4, 4]","[20, 20, 40, 40]",34.33145824318477,23802,32.600000000000001,31.050000000000001,1.9117830509003164,199,True,1.8117830509003165,False,1.1880683898925781,16.300000000000001,14.4,8e1b1aee6cff5a8ebdcb774550502782a63130f4545a48071cf6bb6ccd6cd623,1.4684684684684686,0.3433145824318477,0.10000000000000001,1.9117830509003164,"[2, 2, 4, 4]",32.280000000000001,1.2300000000000004,96.189591078066911,30.372113502935417,0.62653816802544793,1.6252391844017364,0.2734375,16.100000000000001,27.719999999999999,31.420000000000002,31.920000000000002,31.07,3.3560000000000003,-0.37000000000000099,20,20,40,40
cifar100_lenet5_P3_seed301,cifar100_lenet5,cifar100,lenet5,P3,301,0.5,"[2, 2, 4, 4]","[20, 20, 40, 40]",34.33145824318477,23802,32.600000000000001,31.050000000000001,1.9117830509003164,199,True,1.8117830509003165,False,1.1623205691576004,16.5,14.300000000000001,8e1b1aee6cff5a8ebdcb774550502782a63130f4545a48071cf6bb6ccd6cd623,1.4684684684684686,0.3433145824318477,0.10000000000000001,1.9117830509003164,"[2, 2, 4, 4]",32.280000000000001,1.2300000000000004,96.189591078066911,31.00202217873451,0.65559241097401566,1.6463957351066651,0.162109375,18.566666666666666,27.719999999999999,31.420000000000002,31.920000000000002,31.07,3.3560000000000003,-0.37000000000000099,20,20,40,40
cifar100_lenet5_P3_seed302,cifar100_lenet5,cifar100,lenet5,P3,302,0.5,"[2, 2, 5, 5]","[20, 20, 60, 60]",51.086109909130244,35418,29.5,28.68,1.9396899279201314,147,True,1.8396899279201313,False,1.3735753297805786,15.199999999999999,13.1,8e1b1aee6cff5a8ebdcb774550502782a63130f4545a48071cf6bb6ccd6cd623,1.328828828828829,0.5108610990913024,0.10000000000000001,1.9396899279201314,"[2, 2, 5, 5]",32.280000000000001,3.6000000000000014,88.847583643122675,30.49768427919113,0.68721108584122281,1.6552238677058631,0.173828125,14.866666666666667,14.09,25.289999999999999,29.989999999999998,22.850000000000001,1.6030000000000002,3.3900000000000006,20,20,60,60
cifar100_lenet5_P3_seed303,cifar100_lenet5,cifar100,lenet5,P3,303,0.5,"[0, 2, 4, 4]","[0, 20, 40, 40]",34.201644309822591,23712,32.966666666666669,31.43,1.9770014280832111,98,True,1.8270014280832112,False,1.0726575702428818,15.699999999999999,13.6,8e1b1aee6cff5a8ebdcb774550502782a63130f4545a48071cf6bb6ccd6cd623,1.4849849849849852,0.34201644309822593,0.15000000000000002,1.9770014280832111,"[0, 2, 4, 4]",32.280000000000001,0.85000000000000142,97.366790582403965,31.06441617742988,0.65640919085146077,1.6352780788674046,0.1484375,19.5,27.91,31.449999999999999,31.920000000000002,31.140000000000001,3.343,-0.019999999999999574,0,20,40,40
cifar100_lenet5_P3_seed304,cifar100_lenet5,cifar100,lenet5,P3,304,0.5,"[2, 3, 4, 4]","[20, 30, 40, 40]",34.677628732150588,24042,31.633333333333333,30.93,1.9217012122464308,183,False,1.7717012122464311,False,1.4734958112239838,15.1,13.1,8e1b1aee6cff5a8ebdcb774550502782a63130f4545a48071cf6bb6ccd6cd623,1.424924924924925,0.34677628732150589,0.15000000000000002,1.9217012122464308,"[2, 3, 4, 4]",32.280000000000001,1.3500000000000014,95.817843866171003,30.850880626223091,0.62149770682060312,1.6162047905638715,0.173828125,15.133333333333333,27.039999999999999,31.440000000000001,31.949999999999999,31.079999999999998,3.2629999999999995,-0.51000000000000156,20,30,40,40
cifar100_lenet5_P3_seed305,cifar100_lenet5,cifar100,lenet5,P3,305,0.5,"[0, 0, 4, 0]","[0, 0, 40, 0]",27.693639117265253,19200,32.700000000000003,32.009999999999998,1.8499093641456259,291,False,1.7499093641456258,False,1.3411189317703247,15.4,13.199999999999999,8e1b1aee6cff5a8ebdcb774550502782a63130f4545a48071cf6bb6ccd6cd623,1.4729729729729732,0.27693639117265251,0.10000000000000001,1.8499093641456259,"[0, 0, 4, 0]",32.280000000000001,0.27000000000000313,99.163568773234203,30.772178734507499,0.6795835253760889,1.6513815561825973,0.205078125,15.366666666666667,30.329999999999998,31.780000000000001,32.079999999999998,32.140000000000001,5.25,0.22999999999999687,0,0,40,0
cifar100_lenet5_P3_seed306,cifar100_lenet5,cifar100,lenet5,P3,306,0.5,"[1, 1, 4, 4]","[10, 10, 40, 40]",33.920380787537866,23517,32.633333333333333,31.370000000000001,1.909173777845349,211,False,1.8091737778453489,False,1.2946179360151291,16.300000000000001,14.5,8e1b1aee6cff5a8ebdcb774550502782a63130f4545a48071cf6bb6ccd6cd623,1.4699699699699702,0.33920380787537868,0.10000000000000001,1.909173777845349,"[1, 1, 4, 4]",32.280000000000001,0.91000000000000014,97.180916976456004,30.895140247879972,0.62937536362193891,1.619211278402283,0.177734375,15.866666666666667,28.300000000000001,31.379999999999999,31.899999999999999,31.059999999999999,3.3659999999999997,-0.0099999999999980105,10,10,40,40
cifar100_lenet5_P3_seed307,cifar100_lenet5,cifar100,lenet5,P3,307,0.5,"[1, 1, 4, 4]","[10, 10, 40, 40]",33.920380787537866,23517,32.633333333333333,31.370000000000001,1.909173777845349,211,False,1.8091737778453489,False,1.3497235178947449,20.300000000000001,17.699999999999999,8e1b1aee6cff5a8ebdcb774550502782a63130f4545a48071cf6bb6ccd6cd623,1.4699699699699702,0.33920380787537868,0.10000000000000001,1.909173777845349,"[1, 1, 4, 4]",32.280000000000001,0.91000000000000014,97.180916976456004,30.970645792563602,0.62989444574571773,1.624811729440278,0.20703125,15.9,28.300000000000001,31.379999999999999,31.899999999999999,31.059999999999999,3.3659999999999997,-0.0099999999999980105,10,10,40,40
cifar100_lenet5_P3_seed308,cifar100_lenet5,cifar100,lenet5,P3,308,0.5,"[1, 1, 4, 4]","[10, 10, 40, 40]",33.920380787537866,23517,32.633333333333333,31.370000000000001,1.909173777845349,211,False,1.8091737778453489,False,1.0936657786369324,15.6,13.699999999999999,8e1b1aee6cff5a8ebdcb774550502782a63130f4545a48071cf6bb6ccd6cd623,1.4699699699699702,0.33920380787537868,0.10000000000000001,1.909173777845349,"[1, 1, 4, 4]",32.280000000000001,0.91000000000000014,97.180916976456004,30.951663405088063,0.65995965213186347,1.6329756021622797,0.171875,13.9,28.300000000000001,31.379999999999999,31.899999999999999,31.059999999999999,3.3659999999999997,-0.0099999999999980105,10,10,40,40
cifar100_lenet5_P3_seed309,cifar100_lenet5,cifar100,lenet5,P3,309,0.5,"[2, 2, 4, 4]","[20, 20, 40, 40]",34.33145824318477,23802,32.600000000000001,31.050000000000001,1.9117830509003164,199,True,1.8117830509003165,False,1.2222901582717896,13.699999999999999,11.9,8e1b1aee6cff5a8ebdcb774550502782a63130f4545a48071cf6bb6ccd6cd623,1.4684684684684686,0.3433145824318477,0.10000000000000001,1.9117830509003164,"[2, 2, 4, 4]",32.280000000000001,1.2300000000000004,96.189591078066911,31.06448140900196,0.658739393573053,1.639725683719863,0.1640625,15.233333333333333,27.719999999999999,31.420000000000002,31.920000000000002,31.07,3.3560000000000003,-0.37000000000000099,20,20,40,40
cifar100_lenet5_P3_seed310,cifar100_lenet5,cifar100,lenet5,P3,310,0.5,"[1, 1, 4, 4]","[10, 10, 40, 40]",33.920380787537866,23517,32.633333333333333,31.370000000000001,1.909173777845349,211,False,1.8091737778453489,False,1.3165518045425415,14,12.199999999999999,8e1b1aee6cff5a8ebdcb774550502782a63130f4545a48071cf6bb6ccd6cd623,1.4699699699699702,0.33920380787537868,0.10000000000000001,1.909173777845349,"[1, 1, 4, 4]",32.280000000000001,0.91000000000000014,97.180916976456004,31.12074363992172,0.64345933856697057,1.6289477816409763,0.138671875,14.733333333333333,28.300000000000001,31.379999999999999,31.899999999999999,31.059999999999999,3.3659999999999997,-0.0099999999999980105,10,10,40,40
cifar100_lenet5_P3_seed311,cifar100_lenet5,cifar100,lenet5,P3,311,0.5,"[0, 0, 5, 5]","[0, 0, 60, 60]",50.263954997836436,34848,30.033333333333335,28.940000000000001,1.9554924028312173,124,False,1.8554924028312176,False,1.4499142169952393,14.9,13,8e1b1aee6cff5a8ebdcb774550502782a63130f4545a48071cf6bb6ccd6cd623,1.3528528528528529,0.50263954997836435,0.10000000000000001,1.9554924028312173,"[0, 0, 5, 5]",32.280000000000001,3.3399999999999999,89.653035935563807,30.865916503587737,0.67190458560321575,1.6475873539005199,0.162109375,15.166666666666666,14.449999999999999,25.649999999999999,30.039999999999999,23.739999999999998,1.6819999999999999,3.2900000000000027,0,0,60,60
cifar100_lenet5_P3_seed312,cifar100_lenet5,cifar100,lenet5,P3,312,0.5,"[1, 1, 4, 4]","[10, 10, 40, 40]",33.920380787537866,23517,32.633333333333333,31.370000000000001,1.909173777845349,211,False,1.8091737778453489,False,1.4022270739078522,15.199999999999999,12.6,8e1b1aee6cff5a8ebdcb774550502782a63130f4545a48071cf6bb6ccd6cd623,1.4699699699699702,0.33920380787537868,0.10000000000000001,1.909173777845349,"[1, 1, 4, 4]",32.280000000000001,0.91000000000000014,97.180916976456004,31.009099804305286,0.62125818857717086,1.6115600363103375,0.14453125,14.9,28.300000000000001,31.379999999999999,31.899999999999999,31.059999999999999,3.3659999999999997,-0.0099999999999980105,10,10,40,40
cifar100_lenet5_P3_seed313,cifar100_lenet5,cifar100,lenet5,P3,313,0.5,"[2, 2, 4, 4]","[20, 20, 40, 40]",34.33145824318477,23802,32.600000000000001,31.050000000000001,1.9117830509003164,199,True,1.8117830509003165,False,1.1838504672050476,14.300000000000001,12.4,8e1b1aee6cff5a8ebdcb774550502782a63130f4545a48071cf6bb6ccd6cd623,1.4684684684684686,0.3433145824318477,0.10000000000000001,1.9117830509003164,"[2, 2, 4, 4]",32.280000000000001,1.2300000000000004,96.189591078066911,30.841454664057405,0.61817467453475272,1.6155271324811877,0.2109375,19.333333333333332,27.719999999999999,31.420000000000002,31.920000000000002,31.07,3.3560000000000003,-0.37000000000000099,20,20,40,40
cifar100_lenet5_P3_seed314,cifar100_lenet5,cifar100,lenet5,P3,314,0.5,"[0, 0, 4, 4]","[0, 0, 40, 40]",33.509303331890955,23232,32.766666666666666,31.379999999999999,1.9110690092948857,203,False,1.8110690092948856,False,1.2364732474088669,15.1,13.300000000000001,8e1b1aee6cff5a8ebdcb774550502782a63130f4545a48071cf6bb6ccd6cd623,1.4759759759759761,0.33509303331890955,0.10000000000000001,1.9110690092948857,"[0, 0, 4, 4]",32.280000000000001,0.90000000000000213,97.211895910780669,30.742628832354857,0.65704312083959837,1.6316720697763123,0.212890625,14.699999999999999,28.07,31.390000000000001,31.780000000000001,31.350000000000001,3.4460000000000002,-0.010000000000001563,0,0,40,40
cifar100_lenet5_P3_seed315,cifar100_lenet5,cifar100,lenet5,P3,315,0.5,"[1, 1, 4, 4]","[10, 10, 40, 40]",33.920380787537866,23517,32.633333333333333,31.370000000000001,1.909173777845349,211,False,1.8091737778453489,False,1.0879203006625175,13.800000000000001,11.300000000000001,8e1b1aee6cff5a8ebdcb774550502782a63130f4545a48071cf6bb6ccd6cd623,1.4699699699699702,0.33920380787537868,0.10000000000000001,1.909173777845349,"[1, 1, 4, 4]",32.280000000000001,0.91000000000000014,97.180916976456004,31.264677103718199,0.6881041791022221,1.6543269041553008,0.13671875,18.966666666666665,28.300000000000001,31.379999999999999,31.899999999999999,31.059999999999999,3.3659999999999997,-0.0099999999999980105,10,10,40,40
cifar100_lenet5_P3_seed316,cifar100_lenet5,cifar100,lenet5,P3,316,0.5,"[2, 2, 4, 4]","[20, 20, 40, 40]",34.33145824318477,23802,32.600000000000001,31.050000000000001,1.9117830509003164,199,True,1.8117830509003165,False,1.2308580875396729,14.199999999999999,12.4,8e1b1aee6cff5a8ebdcb774550502782a63130f4545a48071cf6bb6ccd6cd623,1.4684684684684686,0.3433145824318477,0.10000000000000001,1.9117830509003164,"[2, 2, 4, 4]",32.280000000000001,1.2300000000000004,96.189591078066911,30.740834964122634,0.6600790334645521,1.6380524083644359,0.18359375,15.300000000000001,27.719999999999999,31.420000000000002,31.920000000000002,31.07,3.3560000000000003,-0.37000000000000099,20,20,40,40
cifar100_lenet5_P3_seed317,cifar100_lenet5,cifar100,lenet5,P3,317,0.5,"[1, 1, 3, 3]","[10, 10, 30, 30]",25.543054954565122,17709,32.799999999999997,31.620000000000001,1.8329080270231288,324,False,1.7329080270231287,False,1.3355564475059509,13,11.1,8e1b1aee6cff5a8ebdcb774550502782a63130f4545a48071cf6bb6ccd6cd623,1.4774774774774775,0.2554305495456512,0.10000000000000001,1.8329080270231288,"[1, 1, 3, 3]",32.280000000000001,0.66000000000000014,97.955390334572485,31.135061969993476,0.60478734255642297,1.6143472354642281,0.095703125,15.1,31.170000000000002,31.82,32.119999999999997,31.91,6.0579999999999998,-0.19999999999999929,10,10,30,30
cifar100_lenet5_P3_seed318,cifar100_lenet5,cifar100,lenet5,P3,318,0.5,"[2, 2, 4, 4]","[20, 20, 40, 40]",34.33145824318477,23802,32.600000000000001,31.050000000000001,1.9117830509003164,199,True,1.8117830509003165,False,1.2443093657493591,13.800000000000001,12,8e1b1aee6cff5a8ebdcb774550502782a63130f4545a48071cf6bb6ccd6cd623,1.4684684684684686,0.3433145824318477,0.10000000000000001,1.9117830509003164,"[2, 2, 4, 4]",32.280000000000001,1.2300000000000004,96.189591078066911,30.547716894977167,0.64905590522028866,1.631874521701318,0.162109375,14.9,27.719999999999999,31.420000000000002,31.920000000000002,31.07,3.3560000000000003,-0.37000000000000099,20,20,40,40
cifar100_lenet5_P3_seed319,cifar100_lenet5,cifar100,lenet5,P3,319,0.5,"[0, 2, 4, 4]","[0, 20, 40, 40]",34.201644309822591,23712,32.966666666666669,31.43,1.9770014280832111,98,True,1.8270014280832112,False,1.1505530923604965,15.1,13.1,8e1b1aee6cff5a8ebdcb774550502782a63130f4545a48071cf6bb6ccd6cd623,1.4849849849849852,0.34201644309822593,0.15000000000000002,1.9770014280832111,"[0, 2, 4, 4]",32.280000000000001,0.85000000000000142,97.366790582403965,31.05671885192433,0.6535659506305298,1.6326120610250119,0.138671875,14.699999999999999,27.91,31.449999999999999,31.920000000000002,31.140000000000001,3.343,-0.019999999999999574,0,20,40,40
cifar100_resnet8_P0_seed300,cifar100_resnet8,cifar100,resnet8,P0,300,0,"[1, 1, 1, 1]","[10, 10, 10, 10]",9.2288257940327245,7671,43.166666666666664,42.990000000000002,1.6217246631193067,114,False,1.5717246631193067,False,0.95225884020328522,39.100000000000001,18.800000000000001,8b84bfad252eae4116720ddfd986cc1ddde78a790f9c9690621bcdf199b7153f,1.4794364051789795,0.092288257940327245,0.050000000000000003,1.6217246631193067,"[1, 1, 1, 1]",43.990000000000002,1,97.726756080927473,38.325407697325502,0.84902870441030909,1.4261542299832783,0.048828125,5.0333333333333332,42.990000000000002,42.740000000000002,43.780000000000001,43.840000000000003,4.3330000000000002,0.25,10,10,10,10
cifar100_resnet8_P0_seed301,cifar100_resnet8,cifar100,resnet8,P0,301,0,"[1, 1, 1, 1]","[10, 10, 10, 10]",9.2288257940327245,7671,43.166666666666664,42.990000000000002,1.6217246631193067,114,False,1.5717246631193067,False,1.0000179260969162,39.899999999999999,20.899999999999999,8b84bfad252eae4116720ddfd986cc1ddde78a790f9c9690621bcdf199b7153f,1.4794364051789795,0.092288257940327245,0.050000000000000003,1.6217246631193067,"[1, 1, 1, 1]",43.990000000000002,1,97.726756080927473,38.590671885192435,0.85321762914717902,1.4312182818427894,0.05078125,3.6666666666666665,42.990000000000002,42.740000000000002,43.780000000000001,43.840000000000003,4.3330000000000002,0.25,10,10,10,10
cifar100_resnet8_P0_seed302,cifar100_resnet8,cifar100,resnet8,P0,302,0,"[1, 1, 1, 1]","[10, 10, 10, 10]",9.2288257940327245,7671,43.166666666666664,42.990000000000002,1.6217246631193067,114,False,1.5717246631193067,False,0.99586056172847748,40.100000000000001,16.800000000000001,8b84bfad252eae4116720ddfd986cc1ddde78a790f9c9690621bcdf199b7153f,1.4794364051789795,0.092288257940327245,0.050000000000000003,1.6217246631193067,"[1, 1, 1, 1]",43.990000000000002,1,97.726756080927473,37.488714938030007,0.82814981601674353,1.3905467920477896,0.0625,4.2000000000000002,42.990000000000002,42.740000000000002,43.780000000000001,43.840000000000003,4.3330000000000002,0.25,10,10,10,10
cifar100_resnet8_P0_seed303,cifar100_resnet8,cifar100,resnet8,P0,303,0,"[1, 1, 1, 1]","[10, 10, 10, 10]",9.2288257940327245,7671,43.166666666666664,42.990000000000002,1.6217246631193067,114,False,1.5717246631193067,False,0.89504706859588623,32.5,12.9,8b84bfad252eae4116720ddfd986cc1ddde78a790f9c9690621bcdf199b7153f,1.4794364051789795,0.092288257940327245,0.050000000000000003,1.6217246631193067,"[1, 1, 1, 1]",43.990000000000002,1,97.726756080927473,38.862883235485974,0.84507098655826629,1.4186457838727171,0.0390625,3.6666666666666665,42.990000000000002,42.740000000000002,43.780000000000001,43.840000000000003,4.3330000000000002,0.25,10,10,10,10
cifar100_resnet8_P0_seed304,cifar100_resnet8,cifar100,resnet8,P0,304,0,"[1, 1, 1, 1]","[10, 10, 10, 10]",9.2288257940327245,7671,43.166666666666664,42.990000000000002,1.6217246631193067,114,False,1.5717246631193067,False,0.92271965742111206,34.100000000000001,13.9,8b84bfad252eae4116720ddfd986cc1ddde78a790f9c9690621bcdf199b7153f,1.4794364051789795,0.092288257940327245,0.050000000000000003,1.6217246631193067,"[1, 1, 1, 1]",43.990000000000002,1,97.726756080927473,38.424396607958258,0.85097960694829566,1.4229524938222176,0.04296875,3.4333333333333331,42.990000000000002,42.740000000000002,43.780000000000001,43.840000000000003,4.3330000000000002,0.25,10,10,10,10
cifar100_resnet8_P0_seed305,cifar100_resnet8,cifar100,resnet8,P0,305,0,"[1, 1, 1, 1]","[10, 10, 10, 10]",9.2288257940327245,7671,43.166666666666664,42.990000000000002,1.6217246631193067,114,False,1.5717246631193067,False,0.88497282564640045,33.600000000000001,14.6,8b84bfad252eae4116720ddfd986cc1ddde78a790f9c9690621bcdf199b7153f,1.4794364051789795,0.092288257940327245,0.050000000000000003,1.6217246631193067,"[1, 1, 1, 1]",43.990000000000002,1,97.726756080927473,37.55812133072407,0.84093646344135586,1.4053675456304782,0.052734375,3.5666666666666669,42.990000000000002,42.740000000000002,43.780000000000001,43.840000000000003,4.3330000000000002,0.25,10,10,10,10
cifar100_resnet8_P0_seed306,cifar100_resnet8,cifar100,resnet8,P0,306,0,"[1, 1, 1, 1]","[10, 10, 10, 10]",9.2288257940327245,7671,43.166666666666664,42.990000000000002,1.6217246631193067,114,False,1.5717246631193067,False,0.94315993785858154,42.700000000000003,15.300000000000001,8b84bfad252eae4116720ddfd986cc1ddde78a790f9c9690621bcdf199b7153f,1.4794364051789795,0.092288257940327245,0.050000000000000003,1.6217246631193067,"[1, 1, 1, 1]",43.990000000000002,1,97.726756080927473,38.781604696673192,0.85829964714504825,1.4337933882004643,0.03515625,4.8666666666666663,42.990000000000002,42.740000000000002,43.780000000000001,43.840000000000003,4.3330000000000002,0.25,10,10,10,10
cifar100_resnet8_P0_seed307,cifar100_resnet8,cifar100,resnet8,P0,307,0,"[1, 1, 1, 1]","[10, 10, 10, 10]",9.2288257940327245,7671,43.166666666666664,42.990000000000002,1.6217246631193067,114,False,1.5717246631193067,False,1.0354526340961456,35.799999999999997,15.800000000000001,8b84bfad252eae4116720ddfd986cc1ddde78a790f9c9690621bcdf199b7153f,1.4794364051789795,0.092288257940327245,0.050000000000000003,1.6217246631193067,"[1, 1, 1, 1]",43.990000000000002,1,97.726756080927473,37.461709067188522,0.83168365457993643,1.3896578629717025,0.037109375,4.8666666666666663,42.990000000000002,42.740000000000002,43.780000000000001,43.840000000000003,4.3330000000000002,0.25,10,10,10,10
cifar100_resnet8_P0_seed308,cifar100_resnet8,cifar100,resnet8,P0,308,0,"[1, 1, 1, 1]","[10, 10, 10, 10]",9.2288257940327245,7671,43.166666666666664,42.990000000000002,1.6217246631193067,114,False,1.5717246631193067,False,0.78392805159091949,35.100000000000001,15.699999999999999,8b84bfad252eae4116720ddfd986cc1ddde78a790f9c9690621bcdf199b7153f,1.4794364051789795,0.092288257940327245,0.050000000000000003,1.6217246631193067,"[1, 1, 1, 1]",43.990000000000002,1,97.726756080927473,37.456849315068496,0.8332341007487778,1.4014953713936364,0.05859375,4.9666666666666668,42.990000000000002,42.740000000000002,43.780000000000001,43.840000000000003,4.3330000000000002,0.25,10,10,10,10
cifar100_resnet8_P0_seed309,cifar100_resnet8,cifar100,resnet8,P0,309,0,"[1, 1, 1, 1]","[10, 10, 10, 10]",9.2288257940327245,7671,43.166666666666664,42.990000000000002,1.6217246631193067,114,False,1.5717246631193067,False,0.97763766348361969,35.299999999999997,15.199999999999999,8b84bfad252eae4116720ddfd986cc1ddde78a790f9c9690621bcdf199b7153f,1.4794364051789795,0.092288257940327245,0.050000000000000003,1.6217246631193067,"[1, 1, 1, 1]",43.990000000000002,1,97.726756080927473,38.371069797782127,0.85190745679982482,1.4228263880740264,0.05078125,5.166666666666667,42.990000000000002,42.740000000000002,43.780000000000001,43.840000000000003,4.3330000000000002,0.25,10,10,10,10
cifar100_resnet8_P0_seed310,cifar100_resnet8,cifar100,resnet8,P0,310,0,"[1, 1, 1, 1]","[10, 10, 10, 10]",9.2288257940327245,7671,43.166666666666664,42.990000000000002,1.6217246631193067,114,False,1.5717246631193067,False,0.89861765503883362,35.799999999999997,15.5,8b84bfad252eae4116720ddfd986cc1ddde78a790f9c9690621bcdf199b7153f,1.4794364051789795,0.092288257940327245,0.050000000000000003,1.6217246631193067,"[1, 1, 1, 1]",43.990000000000002,1,97.726756080927473,37.967221135029355,0.8369258551254638,1.4048429885419611,0.048828125,5.1333333333333337,42.990000000000002,42.740000000000002,43.780000000000001,43.840000000000003,4.3330000000000002,0.25,10,10,10,10
cifar100_resnet8_P0_seed311,cifar100_resnet8,cifar100,resnet8,P0,311,0,"[1, 1, 1, 1]","[10, 10, 10, 10]",9.2288257940327245,7671,43.166666666666664,42.990000000000002,1.6217246631193067,114,False,1.5717246631193067,False,0.82812651991844177,36.100000000000001,17.100000000000001,8b84bfad252eae4116720ddfd986cc1ddde78a790f9c9690621bcdf199b7153f,1.4794364051789795,0.092288257940327245,0.050000000000000003,1.6217246631193067,"[1, 1, 1, 1]",43.990000000000002,1,97.726756080927473,37.540606653620351,0.83552652456762044,1.4010158043228822,0.060546875,3.5666666666666669,42.990000000000002,42.740000000000002,43.780000000000001,43.840000000000003,4.3330000000000002,0.25,10,10,10,10
cifar100_resnet8_P0_seed312,cifar100_resnet8,cifar100,resnet8,P0,312,0,"[1, 1, 1, 1]","[10, 10, 10, 10]",9.2288257940327245,7671,43.166666666666664,42.990000000000002,1.6217246631193067,114,False,1.5717246631193067,False,1.1249053478240967,29.800000000000001,13.9,8b84bfad252eae4116720ddfd986cc1ddde78a790f9c9690621bcdf199b7153f,1.4794364051789795,0.092288257940327245,0.050000000000000003,1.6217246631193067,"[1, 1, 1, 1]",43.990000000000002,1,97.726756080927473,37.285029354207438,0.82802741237183519,1.3855225867819094,0.03515625,4.7000000000000002,42.990000000000002,42.740000000000002,43.780000000000001,43.840000000000003,4.3330000000000002,0.25,10,10,10,10
cifar100_resnet8_P0_seed313,cifar100_resnet8,cifar100,resnet8,P0,313,0,"[1, 1, 1, 1]","[10, 10, 10, 10]",9.2288257940327245,7671,43.166666666666664,42.990000000000002,1.6217246631193067,114,False,1.5717246631193067,False,1.0454015731811523,30.899999999999999,14,8b84bfad252eae4116720ddfd986cc1ddde78a790f9c9690621bcdf199b7153f,1.4794364051789795,0.092288257940327245,0.050000000000000003,1.6217246631193067,"[1, 1, 1, 1]",43.990000000000002,1,97.726756080927473,37.887312459230266,0.83537918684689727,1.4036602577480419,0.048828125,5.4666666666666668,42.990000000000002,42.740000000000002,43.780000000000001,43.840000000000003,4.3330000000000002,0.25,10,10,10,10
cifar100_resnet8_P0_seed314,cifar100_resnet8,cifar100,resnet8,P0,314,0,"[1, 1, 1, 1]","[10, 10, 10, 10]",9.2288257940327245,7671,43.166666666666664,42.990000000000002,1.6217246631193067,114,False,1.5717246631193067,False,0.93285557627677917,36.899999999999999,19.800000000000001,8b84bfad252eae4116720ddfd986cc1ddde78a790f9c9690621bcdf199b7153f,1.4794364051789795,0.092288257940327245,0.050000000000000003,1.6217246631193067,"[1, 1, 1, 1]",43.990000000000002,1,97.726756080927473,37.897455968688845,0.83911098686049768,1.4063790531587967,0.0625,3.6666666666666665,42.990000000000002,42.740000000000002,43.780000000000001,43.840000000000003,4.3330000000000002,0.25,10,10,10,10
cifar100_resnet8_P0_seed315,cifar100_resnet8,cifar100,resnet8,P0,315,0,"[1, 1, 1, 1]","[10, 10, 10, 10]",9.2288257940327245,7671,43.166666666666664,42.990000000000002,1.6217246631193067,114,False,1.5717246631193067,False,1.0617847740650177,33.799999999999997,18.600000000000001,8b84bfad252eae4116720ddfd986cc1ddde78a790f9c9690621bcdf199b7153f,1.4794364051789795,0.092288257940327245,0.050000000000000003,1.6217246631193067,"[1, 1, 1, 1]",43.990000000000002,1,97.726756080927473,39.101076320939328,0.85925243107239191,1.437993757966975,0.046875,5.2333333333333334,42.990000000000002,42.740000000000002,43.780000000000001,43.840000000000003,4.3330000000000002,0.25,10,10,10,10
cifar100_resnet8_P0_seed316,cifar100_resnet8,cifar100,resnet8,P0,316,0,"[0, 0, 0, 2]","[0, 0, 0, 20]",13.798123195380173,11469,43.600000000000001,43.399999999999999,1.7322691222812963,45,False,1.6322691222812962,False,1.051668107509613,32.600000000000001,15.699999999999999,8b84bfad252eae4116720ddfd986cc1ddde78a790f9c9690621bcdf199b7153f,1.4942878903274943,0.13798123195380174,0.10000000000000001,1.7322691222812963,"[0, 0, 0, 2]",43.990000000000002,0.59000000000000341,98.658786087747217,37.215981735159822,0.83302027215921537,1.4003114483646097,0.064453125,4.1333333333333337,38.82,42.649999999999999,43.380000000000003,43.200000000000003,2.7350000000000003,0.75,0,0,0,20
cifar100_resnet8_P0_seed317,cifar100_resnet8,cifar100,resnet8,P0,317,0,"[1, 1, 1, 1]","[10, 10, 10, 10]",9.2288257940327245,7671,43.166666666666664,42.990000000000002,1.6217246631193067,114,False,1.5717246631193067,False,1.1305360794067383,36,17.800000000000001,8b84bfad252eae4116720ddfd986cc1ddde78a790f9c9690621bcdf199b7153f,1.4794364051789795,0.092288257940327245,0.050000000000000003,1.6217246631193067,"[1, 1, 1, 1]",43.990000000000002,1,97.726756080927473,37.841128506197002,0.8443728324354548,1.4143492024391735,0.05078125,5.1333333333333337,42.990000000000002,42.740000000000002,43.780000000000001,43.840000000000003,4.3330000000000002,0.25,10,10,10,10
cifar100_resnet8_P0_seed318,cifar100_resnet8,cifar100,resnet8,P0,318,0,"[1, 1, 1, 1]","[10, 10, 10, 10]",9.2288257940327245,7671,43.166666666666664,42.990000000000002,1.6217246631193067,114,False,1.5717246631193067,False,1.1622363030910492,29.800000000000001,18.100000000000001,8b84bfad252eae4116720ddfd986cc1ddde78a790f9c9690621bcdf199b7153f,1.4794364051789795,0.092288257940327245,0.050000000000000003,1.6217246631193067,"[1, 1, 1, 1]",43.990000000000002,1,97.726756080927473,38.20016307893021,0.84470604235770574,1.4125714916723224,0.037109375,4.7000000000000002,42.990000000000002,42.740000000000002,43.780000000000001,43.840000000000003,4.3330000000000002,0.25,10,10,10,10
cifar100_resnet8_P0_seed319,cifar100_resnet8,cifar100,resnet8,P0,319,0,"[1, 1, 1, 1]","[10, 10, 10, 10]",9.2288257940327245,7671,43.166666666666664,42.990000000000002,1.6217246631193067,114,False,1.5717246631193067,False,1.0654283165931702,30.899999999999999,19.100000000000001,8b84bfad252eae4116720ddfd986cc1ddde78a790f9c9690621bcdf199b7153f,1.4794364051789795,0.092288257940327245,0.050000000000000003,1.6217246631193067,"[1, 1, 1, 1]",43.990000000000002,1,97.726756080927473,38.549412915851271,0.85674768982009686,1.4350482900611363,0.0390625,5.4000000000000004,42.990000000000002,42.740000000000002,43.780000000000001,43.840000000000003,4.3330000000000002,0.25,10,10,10,10
cifar100_resnet8_P1_seed300,cifar100_resnet8,cifar100,resnet8,P1,300,0.5,"[1, 1, 1, 1]","[10, 10, 10, 10]",9.2288257940327245,7671,43.166666666666664,42.990000000000002,1.6217246631193067,114,False,1.5717246631193067,False,0.96489056944847107,41.399999999999999,22.5,8b84bfad252eae4116720ddfd986cc1ddde78a790f9c9690621bcdf199b7153f,1.4794364051789795,0.092288257940327245,0.050000000000000003,1.6217246631193067,"[1, 1, 1, 1]",43.990000000000002,1,97.726756080927473,39.353522504892368,0.87064730371971077,1.4587460829089047,0.037109375,5.0333333333333332,42.990000000000002,42.740000000000002,43.780000000000001,43.840000000000003,4.3330000000000002,0.25,10,10,10,10
cifar100_resnet8_P1_seed301,cifar100_resnet8,cifar100,resnet8,P1,301,0.5,"[1, 1, 1, 1]","[10, 10, 10, 10]",9.2288257940327245,7671,43.166666666666664,42.990000000000002,1.6217246631193067,114,False,1.5717246631193067,False,1.0451589822769165,34.899999999999999,16.800000000000001,8b84bfad252eae4116720ddfd986cc1ddde78a790f9c9690621bcdf199b7153f,1.4794364051789795,0.092288257940327245,0.050000000000000003,1.6217246631193067,"[1, 1, 1, 1]",43.990000000000002,1,97.726756080927473,38.783039791258972,0.86444627462239987,1.4443482264755987,0.044921875,3.6666666666666665,42.990000000000002,42.740000000000002,43.780000000000001,43.840000000000003,4.3330000000000002,0.25,10,10,10,10
cifar100_resnet8_P1_seed302,cifar100_resnet8,cifar100,resnet8,P1,302,0.5,"[1, 1, 1, 1]","[10, 10, 10, 10]",9.2288257940327245,7671,43.166666666666664,42.990000000000002,1.6217246631193067,114,False,1.5717246631193067,False,0.76577730476856232,35.399999999999999,16.899999999999999,8b84bfad252eae4116720ddfd986cc1ddde78a790f9c9690621bcdf199b7153f,1.4794364051789795,0.092288257940327245,0.050000000000000003,1.6217246631193067,"[1, 1, 1, 1]",43.990000000000002,1,97.726756080927473,38.557534246575337,0.8474064783262435,1.4240703929422152,0.046875,4.2000000000000002,42.990000000000002,42.740000000000002,43.780000000000001,43.840000000000003,4.3330000000000002,0.25,10,10,10,10
cifar100_resnet8_P1_seed303,cifar100_resnet8,cifar100,resnet8,P1,303,0.5,"[0, 0, 0, 0]","[0, 0, 0, 0]",0,0,43.766666666666666,43.990000000000002,1.55,177,False,1.5000000000000002,False,0.90480941534042358,37.700000000000003,17.600000000000001,8b84bfad252eae4116720ddfd986cc1ddde78a790f9c9690621bcdf199b7153f,1.5,0,0.050000000000000003,1.55,"[0, 0, 0, 0]",43.990000000000002,0,100,39.413176777560345,0.85904464710726947,1.4375157887614882,0.029296875,3.6666666666666665,43.990000000000002,43.990000000000002,43.990000000000002,43.990000000000002,43.990000000000002,0,0,0,0,0
cifar100_resnet8_P1_seed304,cifar100_resnet8,cifar100,resnet8,P1,304,0.5,"[1, 1, 1, 1]","[10, 10, 10, 10]",9.2288257940327245,7671,43.166666666666664,42.990000000000002,1.6217246631193067,114,False,1.5717246631193067,False,0.87709908187389374,33.899999999999999,16.399999999999999,8b84bfad252eae4116720ddfd986cc1ddde78a790f9c9690621bcdf199b7153f,1.4794364051789795,0.092288257940327245,0.050000000000000003,1.6217246631193067,"[1, 1, 1, 1]",43.990000000000002,1,97.726756080927473,38.865688193085454,0.85971560042010131,1.4377446934910798,0.0390625,3.4333333333333331,42.990000000000002,42.740000000000002,43.780000000000001,43.840000000000003,4.3330000000000002,0.25,10,10,10,10
cifar100_resnet8_P1_seed305,cifar100_resnet8,cifar100,resnet8,P1,305,0.5,"[1, 1, 1, 1]","[10, 10, 10, 10]",9.2288257940327245,7671,43.166666666666664,42.990000000000002,1.6217246631193067,114,False,1.5717246631193067,False,1.0252925753593445,30.800000000000001,14.199999999999999,8b84bfad252eae4116720ddfd986cc1ddde78a790f9c9690621bcdf199b7153f,1.4794364051789795,0.092288257940327245,0.050000000000000003,1.6217246631193067,"[1, 1, 1, 1]",43.990000000000002,1,97.726756080927473,38.770384866275279,0.86117311048817902,1.4362488178547668,0.037109375,4.833333333333333,42.990000000000002,42.740000000000002,43.780000000000001,43.840000000000003,4.3330000000000002,0.25,10,10,10,10
cifar100_resnet8_P1_seed306,cifar100_resnet8,cifar100,resnet8,P1,306,0.5,"[1, 1, 1, 1]","[10, 10, 10, 10]",9.2288257940327245,7671,43.166666666666664,42.990000000000002,1.6217246631193067,114,False,1.5717246631193067,False,1.0352934449911118,35.399999999999999,14.4,8b84bfad252eae4116720ddfd986cc1ddde78a790f9c9690621bcdf199b7153f,1.4794364051789795,0.092288257940327245,0.050000000000000003,1.6217246631193067,"[1, 1, 1, 1]",43.990000000000002,1,97.726756080927473,38.855968688845401,0.87151924079517029,1.4490936742736289,0.029296875,5.2333333333333334,42.990000000000002,42.740000000000002,43.780000000000001,43.840000000000003,4.3330000000000002,0.25,10,10,10,10
cifar100_resnet8_P1_seed307,cifar100_resnet8,cifar100,resnet8,P1,307,0.5,"[1, 1, 1, 1]","[10, 10, 10, 10]",9.2288257940327245,7671,43.166666666666664,42.990000000000002,1.6217246631193067,114,False,1.5717246631193067,False,1.0681962668895721,35.700000000000003,17.399999999999999,8b84bfad252eae4116720ddfd986cc1ddde78a790f9c9690621bcdf199b7153f,1.4794364051789795,0.092288257940327245,0.050000000000000003,1.6217246631193067,"[1, 1, 1, 1]",43.990000000000002,1,97.726756080927473,38.164122635355518,0.85284437358801357,1.418644435125316,0.0234375,5,42.990000000000002,42.740000000000002,43.780000000000001,43.840000000000003,4.3330000000000002,0.25,10,10,10,10
cifar100_resnet8_P1_seed308,cifar100_resnet8,cifar100,resnet8,P1,308,0.5,"[1, 1, 1, 1]","[10, 10, 10, 10]",9.2288257940327245,7671,43.166666666666664,42.990000000000002,1.6217246631193067,114,False,1.5717246631193067,False,0.95256990194320679,33.700000000000003,16.800000000000001,8b84bfad252eae4116720ddfd986cc1ddde78a790f9c9690621bcdf199b7153f,1.4794364051789795,0.092288257940327245,0.050000000000000003,1.6217246631193067,"[1, 1, 1, 1]",43.990000000000002,1,97.726756080927473,37.389008480104373,0.83657904479822287,1.4003044533131688,0.056640625,4.9666666666666668,42.990000000000002,42.740000000000002,43.780000000000001,43.840000000000003,4.3330000000000002,0.25,10,10,10,10
cifar100_resnet8_P1_seed309,cifar100_resnet8,cifar100,resnet8,P1,309,0.5,"[1, 1, 1, 1]","[10, 10, 10, 10]",9.2288257940327245,7671,43.166666666666664,42.990000000000002,1.6217246631193067,114,False,1.5717246631193067,False,1.1000810265541077,35.600000000000001,17.100000000000001,8b84bfad252eae4116720ddfd986cc1ddde78a790f9c9690621bcdf199b7153f,1.4794364051789795,0.092288257940327245,0.050000000000000003,1.6217246631193067,"[1, 1, 1, 1]",43.990000000000002,1,97.726756080927473,38.94432485322897,0.8610544847335454,1.4350927146729717,0.0390625,5.8666666666666663,42.990000000000002,42.740000000000002,43.780000000000001,43.840000000000003,4.3330000000000002,0.25,10,10,10,10
cifar100_resnet8_P1_seed310,cifar100_resnet8,cifar100,resnet8,P1,310,0.5,"[0, 0, 0, 0]","[0, 0, 0, 0]",0,0,43.766666666666666,43.990000000000002,1.55,177,False,1.5000000000000002,False,0.83954785764217377,37.399999999999999,19.399999999999999,8b84bfad252eae4116720ddfd986cc1ddde78a790f9c9690621bcdf199b7153f,1.5,0,0.050000000000000003,1.55,"[0, 0, 0, 0]",43.990000000000002,0,100,38.474853228962822,0.85000037778902748,1.4211445095863289,0.0390625,5.2333333333333334,43.990000000000002,43.990000000000002,43.990000000000002,43.990000000000002,43.990000000000002,0,0,0,0,0
cifar100_resnet8_P1_seed311,cifar100_resnet8,cifar100,resnet8,P1,311,0.5,"[0, 0, 0, 1]","[0, 0, 0, 10]",6.8984600577478341,5734,44.100000000000001,43.810000000000002,1.68040881992249,69,True,1.5804088199224899,False,0.92414464056491852,30.600000000000001,14.1,8b84bfad252eae4116720ddfd986cc1ddde78a790f9c9690621bcdf199b7153f,1.5114242193450116,0.068984600577478336,0.10000000000000001,1.68040881992249,"[0, 0, 0, 1]",43.990000000000002,0.17999999999999972,99.590816094566947,38.288943248532291,0.8484015746246667,1.4204494280192113,0.04296875,4.7666666666666666,43.189999999999998,43.240000000000002,43.880000000000003,43.979999999999997,5.2219999999999995,0.57000000000000028,0,0,0,10
cifar100_resnet8_P1_seed312,cifar100_resnet8,cifar100,resnet8,P1,312,0.5,"[1, 1, 1, 1]","[10, 10, 10, 10]",9.2288257940327245,7671,43.166666666666664,42.990000000000002,1.6217246631193067,114,False,1.5717246631193067,False,1.1158974766731262,24.300000000000001,14.6,8b84bfad252eae4116720ddfd986cc1ddde78a790f9c9690621bcdf199b7153f,1.4794364051789795,0.092288257940327245,0.050000000000000003,1.6217246631193067,"[1, 1, 1, 1]",43.990000000000002,1,97.726756080927473,38.449739073711676,0.85363697496769908,1.4227324367665553,0.025390625,5.2333333333333334,42.990000000000002,42.740000000000002,43.780000000000001,43.840000000000003,4.3330000000000002,0.25,10,10,10,10
cifar100_resnet8_P1_seed313,cifar100_resnet8,cifar100,resnet8,P1,313,0.5,"[1, 1, 1, 1]","[10, 10, 10, 10]",9.2288257940327245,7671,43.166666666666664,42.990000000000002,1.6217246631193067,114,False,1.5717246631193067,False,1.1145667731761932,21.899999999999999,12.199999999999999,8b84bfad252eae4116720ddfd986cc1ddde78a790f9c9690621bcdf199b7153f,1.4794364051789795,0.092288257940327245,0.050000000000000003,1.6217246631193067,"[1, 1, 1, 1]",43.990000000000002,1,97.726756080927473,38.502185257664713,0.85323500744244374,1.4282100835282074,0.033203125,5.5999999999999996,42.990000000000002,42.740000000000002,43.780000000000001,43.840000000000003,4.3330000000000002,0.25,10,10,10,10
cifar100_resnet8_P1_seed314,cifar100_resnet8,cifar100,resnet8,P1,314,0.5,"[1, 1, 1, 1]","[10, 10, 10, 10]",9.2288257940327245,7671,43.166666666666664,42.990000000000002,1.6217246631193067,114,False,1.5717246631193067,False,0.97532877326011658,20.5,11.199999999999999,8b84bfad252eae4116720ddfd986cc1ddde78a790f9c9690621bcdf199b7153f,1.4794364051789795,0.092288257940327245,0.050000000000000003,1.6217246631193067,"[1, 1, 1, 1]",43.990000000000002,1,97.726756080927473,37.855512067840834,0.84475968839961013,1.4119942091989908,0.06640625,5.1333333333333337,42.990000000000002,42.740000000000002,43.780000000000001,43.840000000000003,4.3330000000000002,0.25,10,10,10,10
cifar100_resnet8_P1_seed315,cifar100_resnet8,cifar100,resnet8,P1,315,0.5,"[1, 1, 1, 1]","[10, 10, 10, 10]",9.2288257940327245,7671,43.166666666666664,42.990000000000002,1.6217246631193067,114,False,1.5717246631193067,False,0.98951472342014313,18.899999999999999,10.199999999999999,8b84bfad252eae4116720ddfd986cc1ddde78a790f9c9690621bcdf199b7153f,1.4794364051789795,0.092288257940327245,0.050000000000000003,1.6217246631193067,"[1, 1, 1, 1]",43.990000000000002,1,97.726756080927473,39.264220482713633,0.86495855654368381,1.4432934363632515,0.046875,6.5666666666666664,42.990000000000002,42.740000000000002,43.780000000000001,43.840000000000003,4.3330000000000002,0.25,10,10,10,10
cifar100_resnet8_P1_seed316,cifar100_resnet8,cifar100,resnet8,P1,316,0.5,"[0, 0, 0, 2]","[0, 0, 0, 20]",13.798123195380173,11469,43.600000000000001,43.399999999999999,1.7322691222812963,45,False,1.6322691222812962,False,1.1111709773540497,19.5,10.800000000000001,8b84bfad252eae4116720ddfd986cc1ddde78a790f9c9690621bcdf199b7153f,1.4942878903274943,0.13798123195380174,0.10000000000000001,1.7322691222812963,"[0, 0, 0, 2]",43.990000000000002,0.59000000000000341,98.658786087747217,37.814970645792556,0.84300599173397617,1.4122895178441173,0.044921875,4.1333333333333337,38.82,42.649999999999999,43.380000000000003,43.200000000000003,2.7350000000000003,0.75,0,0,0,20
cifar100_resnet8_P1_seed317,cifar100_resnet8,cifar100,resnet8,P1,317,0.5,"[1, 1, 1, 1]","[10, 10, 10, 10]",9.2288257940327245,7671,43.166666666666664,42.990000000000002,1.6217246631193067,114,False,1.5717246631193067,False,1.128575325012207,21.199999999999999,11.699999999999999,8b84bfad252eae4116720ddfd986cc1ddde78a790f9c9690621bcdf199b7153f,1.4794364051789795,0.092288257940327245,0.050000000000000003,1.6217246631193067,"[1, 1, 1, 1]",43.990000000000002,1,97.726756080927473,38.204924983692109,0.85455197999229304,1.4285397388889298,0.037109375,5.1333333333333337,42.990000000000002,42.740000000000002,43.780000000000001,43.840000000000003,4.3330000000000002,0.25,10,10,10,10
cifar100_resnet8_P1_seed318,cifar100_resnet8,cifar100,resnet8,P1,318,0.5,"[1, 1, 1, 2]","[10, 10, 10, 20]",16.128488931665064,13406,43.06666666666667,42.479999999999997,1.7372940286921268,44,True,1.6372940286921267,False,1.1683396399021149,21.800000000000001,11.800000000000001,8b84bfad252eae4116720ddfd986cc1ddde78a790f9c9690621bcdf199b7153f,1.4760091393754762,0.16128488931665064,0.10000000000000001,1.7372940286921268,"[1, 1, 1, 2]",43.990000000000002,1.5100000000000051,96.567401682200497,38.664187866927598,0.85754558024616734,1.431586263986296,0.03515625,4.7000000000000002,35.030000000000001,39,43.280000000000001,43.149999999999999,2.5499999999999998,3.4799999999999969,10,10,10,20
cifar100_resnet8_P1_seed319,cifar100_resnet8,cifar100,resnet8,P1,319,0.5,"[1, 1, 1, 1]","[10, 10, 10, 10]",9.2288257940327245,7671,43.166666666666664,42.990000000000002,1.6217246631193067,114,False,1.5717246631193067,False,1.07405686378479,21.100000000000001,11.800000000000001,8b84bfad252eae4116720ddfd986cc1ddde78a790f9c9690621bcdf199b7153f,1.4794364051789795,0.092288257940327245,0.050000000000000003,1.6217246631193067,"[1, 1, 1, 1]",43.990000000000002,1,97.726756080927473,38.919471624266144,0.86884751679272221,1.4528174118460975,0.029296875,6.4333333333333336,42.990000000000002,42.740000000000002,43.780000000000001,43.840000000000003,4.3330000000000002,0.25,10,10,10,10
cifar100_resnet8_P2_seed300,cifar100_resnet8,cifar100,resnet8,P2,300,0.5,"[1, 1, 1, 1]","[10, 10, 10, 10]",9.2288257940327245,7671,43.166666666666664,42.990000000000002,1.6217246631193067,114,False,1.5717246631193067,False,0.93294335901737213,27.699999999999999,14.699999999999999,8b84bfad252eae4116720ddfd986cc1ddde78a790f9c9690621bcdf199b7153f,1.4794364051789795,0.092288257940327245,0.050000000000000003,1.6217246631193067,"[1, 1, 1, 1]",43.990000000000002,1,97.726756080927473,38.151304631441619,0.84599883640979534,1.4191782219204909,0.046875,4.7999999999999998,42.990000000000002,42.740000000000002,43.780000000000001,43.840000000000003,4.3330000000000002,0.25,10,10,10,10
cifar100_resnet8_P2_seed301,cifar100_resnet8,cifar100,resnet8,P2,301,0.5,"[1, 1, 1, 1]","[10, 10, 10, 10]",9.2288257940327245,7671,43.166666666666664,42.990000000000002,1.6217246631193067,114,False,1.5717246631193067,False,1.0217902660369873,29.699999999999999,14,8b84bfad252eae4116720ddfd986cc1ddde78a790f9c9690621bcdf199b7153f,1.4794364051789795,0.092288257940327245,0.050000000000000003,1.6217246631193067,"[1, 1, 1, 1]",43.990000000000002,1,97.726756080927473,38.747292889758647,0.85956221807493827,1.4420132145216638,0.0546875,3.6666666666666665,42.990000000000002,42.740000000000002,43.780000000000001,43.840000000000003,4.3330000000000002,0.25,10,10,10,10
cifar100_resnet8_P2_seed302,cifar100_resnet8,cifar100,resnet8,P2,302,0.5,"[1, 1, 1, 1]","[10, 10, 10, 10]",9.2288257940327245,7671,43.166666666666664,42.990000000000002,1.6217246631193067,114,False,1.5717246631193067,False,0.72821107506752014,39.5,18.899999999999999,8b84bfad252eae4116720ddfd986cc1ddde78a790f9c9690621bcdf199b7153f,1.4794364051789795,0.092288257940327245,0.050000000000000003,1.6217246631193067,"[1, 1, 1, 1]",43.990000000000002,1,97.726756080927473,38.432615786040444,0.83728399912352958,1.4095848218267781,0.046875,4.2000000000000002,42.990000000000002,42.740000000000002,43.780000000000001,43.840000000000003,4.3330000000000002,0.25,10,10,10,10
cifar100_resnet8_P2_seed303,cifar100_resnet8,cifar100,resnet8,P2,303,0.5,"[1, 1, 1, 1]","[10, 10, 10, 10]",9.2288257940327245,7671,43.166666666666664,42.990000000000002,1.6217246631193067,114,False,1.5717246631193067,False,0.79189296066761017,39.299999999999997,20.600000000000001,8b84bfad252eae4116720ddfd986cc1ddde78a790f9c9690621bcdf199b7153f,1.4794364051789795,0.092288257940327245,0.050000000000000003,1.6217246631193067,"[1, 1, 1, 1]",43.990000000000002,1,97.726756080927473,39.044748858447491,0.8536936433218234,1.4278031574107444,0.029296875,3.6666666666666665,42.990000000000002,42.740000000000002,43.780000000000001,43.840000000000003,4.3330000000000002,0.25,10,10,10,10
cifar100_resnet8_P2_seed304,cifar100_resnet8,cifar100,resnet8,P2,304,0.5,"[1, 1, 1, 1]","[10, 10, 10, 10]",9.2288257940327245,7671,43.166666666666664,42.990000000000002,1.6217246631193067,114,False,1.5717246631193067,False,0.90744908154010773,37.600000000000001,15.199999999999999,8b84bfad252eae4116720ddfd986cc1ddde78a790f9c9690621bcdf199b7153f,1.4794364051789795,0.092288257940327245,0.050000000000000003,1.6217246631193067,"[1, 1, 1, 1]",43.990000000000002,1,97.726756080927473,38.617221135029347,0.85086173677171717,1.4225838752473845,0.044921875,3.4333333333333331,42.990000000000002,42.740000000000002,43.780000000000001,43.840000000000003,4.3330000000000002,0.25,10,10,10,10
cifar100_resnet8_P2_seed305,cifar100_resnet8,cifar100,resnet8,P2,305,0.5,"[1, 1, 1, 1]","[10, 10, 10, 10]",9.2288257940327245,7671,43.166666666666664,42.990000000000002,1.6217246631193067,114,False,1.5717246631193067,False,0.91163617372512817,33.700000000000003,14.4,8b84bfad252eae4116720ddfd986cc1ddde78a790f9c9690621bcdf199b7153f,1.4794364051789795,0.092288257940327245,0.050000000000000003,1.6217246631193067,"[1, 1, 1, 1]",43.990000000000002,1,97.726756080927473,38.030854533594258,0.84825801479421836,1.4138720592244685,0.048828125,3.5666666666666669,42.990000000000002,42.740000000000002,43.780000000000001,43.840000000000003,4.3330000000000002,0.25,10,10,10,10
cifar100_resnet8_P2_seed306,cifar100_resnet8,cifar100,resnet8,P2,306,0.5,"[1, 1, 1, 1]","[10, 10, 10, 10]",9.2288257940327245,7671,43.166666666666664,42.990000000000002,1.6217246631193067,114,False,1.5717246631193067,False,0.99630661308765411,35,15.1,8b84bfad252eae4116720ddfd986cc1ddde78a790f9c9690621bcdf199b7153f,1.4794364051789795,0.092288257940327245,0.050000000000000003,1.6217246631193067,"[1, 1, 1, 1]",43.990000000000002,1,97.726756080927473,38.847684279191121,0.86197175649230451,1.4391240107187595,0.03125,5.2333333333333334,42.990000000000002,42.740000000000002,43.780000000000001,43.840000000000003,4.3330000000000002,0.25,10,10,10,10
cifar100_resnet8_P2_seed307,cifar100_resnet8,cifar100,resnet8,P2,307,0.5,"[1, 1, 1, 1]","[10, 10, 10, 10]",9.2288257940327245,7671,43.166666666666664,42.990000000000002,1.6217246631193067,114,False,1.5717246631193067,False,1.0556864440441132,33.700000000000003,14.9,8b84bfad252eae4116720ddfd986cc1ddde78a790f9c9690621bcdf199b7153f,1.4794364051789795,0.092288257940327245,0.050000000000000003,1.6217246631193067,"[1, 1, 1, 1]",43.990000000000002,1,97.726756080927473,37.963600782778869,0.84358249778993422,1.4071020906259646,0.033203125,5,42.990000000000002,42.740000000000002,43.780000000000001,43.840000000000003,4.3330000000000002,0.25,10,10,10,10
cifar100_resnet8_P2_seed308,cifar100_resnet8,cifar100,resnet8,P2,308,0.5,"[1, 1, 1, 1]","[10, 10, 10, 10]",9.2288257940327245,7671,43.166666666666664,42.990000000000002,1.6217246631193067,114,False,1.5717246631193067,False,0.79584415256977081,43.200000000000003,16,8b84bfad252eae4116720ddfd986cc1ddde78a790f9c9690621bcdf199b7153f,1.4794364051789795,0.092288257940327245,0.050000000000000003,1.6217246631193067,"[1, 1, 1, 1]",43.990000000000002,1,97.726756080927473,37.710730593607309,0.83592093631232578,1.4041810875810596,0.044921875,4.9666666666666668,42.990000000000002,42.740000000000002,43.780000000000001,43.840000000000003,4.3330000000000002,0.25,10,10,10,10
cifar100_resnet8_P2_seed309,cifar100_resnet8,cifar100,resnet8,P2,309,0.5,"[1, 1, 1, 1]","[10, 10, 10, 10]",9.2288257940327245,7671,43.166666666666664,42.990000000000002,1.6217246631193067,114,False,1.5717246631193067,False,1.0772481560707092,36.5,16.199999999999999,8b84bfad252eae4116720ddfd986cc1ddde78a790f9c9690621bcdf199b7153f,1.4794364051789795,0.092288257940327245,0.050000000000000003,1.6217246631193067,"[1, 1, 1, 1]",43.990000000000002,1,97.726756080927473,38.697292889758643,0.8583570710772277,1.431220790011241,0.0390625,5.166666666666667,42.990000000000002,42.740000000000002,43.780000000000001,43.840000000000003,4.3330000000000002,0.25,10,10,10,10
cifar100_resnet8_P2_seed310,cifar100_resnet8,cifar100,resnet8,P2,310,0.5,"[1, 1, 1, 1]","[10, 10, 10, 10]",9.2288257940327245,7671,43.166666666666664,42.990000000000002,1.6217246631193067,114,False,1.5717246631193067,False,0.86003980040550232,34.799999999999997,15.1,8b84bfad252eae4116720ddfd986cc1ddde78a790f9c9690621bcdf199b7153f,1.4794364051789795,0.092288257940327245,0.050000000000000003,1.6217246631193067,"[1, 1, 1, 1]",43.990000000000002,1,97.726756080927473,39.040345727332024,0.85466229438832186,1.4325858785348093,0.046875,5.2333333333333334,42.990000000000002,42.740000000000002,43.780000000000001,43.840000000000003,4.3330000000000002,0.25,10,10,10,10
cifar100_resnet8_P2_seed311,cifar100_resnet8,cifar100,resnet8,P2,311,0.5,"[1, 1, 1, 1]","[10, 10, 10, 10]",9.2288257940327245,7671,43.166666666666664,42.990000000000002,1.6217246631193067,114,False,1.5717246631193067,False,0.9036928117275238,35,15.1,8b84bfad252eae4116720ddfd986cc1ddde78a790f9c9690621bcdf199b7153f,1.4794364051789795,0.092288257940327245,0.050000000000000003,1.6217246631193067,"[1, 1, 1, 1]",43.990000000000002,1,97.726756080927473,37.408838878016965,0.82965266076812072,1.3898376057168682,0.05859375,3.5666666666666669,42.990000000000002,42.740000000000002,43.780000000000001,43.840000000000003,4.3330000000000002,0.25,10,10,10,10
cifar100_resnet8_P2_seed312,cifar100_resnet8,cifar100,resnet8,P2,312,0.5,"[1, 1, 1, 1]","[10, 10, 10, 10]",9.2288257940327245,7671,43.166666666666664,42.990000000000002,1.6217246631193067,114,False,1.5717246631193067,False,0.90625271201133728,37.200000000000003,16.399999999999999,8b84bfad252eae4116720ddfd986cc1ddde78a790f9c9690621bcdf199b7153f,1.4794364051789795,0.092288257940327245,0.050000000000000003,1.6217246631193067,"[1, 1, 1, 1]",43.990000000000002,1,97.726756080927473,38.257240704500973,0.84646805038194473,1.4131006784208393,0.029296875,4.7000000000000002,42.990000000000002,42.740000000000002,43.780000000000001,43.840000000000003,4.3330000000000002,0.25,10,10,10,10
cifar100_resnet8_P2_seed313,cifar100_resnet8,cifar100,resnet8,P2,313,0.5,"[1, 1, 1, 1]","[10, 10, 10, 10]",9.2288257940327245,7671,43.166666666666664,42.990000000000002,1.6217246631193067,114,False,1.5717246631193067,False,1.0727320313453674,36.399999999999999,16.699999999999999,8b84bfad252eae4116720ddfd986cc1ddde78a790f9c9690621bcdf199b7153f,1.4794364051789795,0.092288257940327245,0.050000000000000003,1.6217246631193067,"[1, 1, 1, 1]",43.990000000000002,1,97.726756080927473,38.342433137638608,0.84413029187980271,1.4185066576859959,0.044921875,5.4666666666666668,42.990000000000002,42.740000000000002,43.780000000000001,43.840000000000003,4.3330000000000002,0.25,10,10,10,10
cifar100_resnet8_P2_seed314,cifar100_resnet8,cifar100,resnet8,P2,314,0.5,"[1, 1, 1, 1]","[10, 10, 10, 10]",9.2288257940327245,7671,43.166666666666664,42.990000000000002,1.6217246631193067,114,False,1.5717246631193067,False,0.95789223909378052,31.199999999999999,14.1,8b84bfad252eae4116720ddfd986cc1ddde78a790f9c9690621bcdf199b7153f,1.4794364051789795,0.092288257940327245,0.050000000000000003,1.6217246631193067,"[1, 1, 1, 1]",43.990000000000002,1,97.726756080927473,38.445792563600776,0.84595199057038595,1.4173664423085548,0.064453125,3.6666666666666665,42.990000000000002,42.740000000000002,43.780000000000001,43.840000000000003,4.3330000000000002,0.25,10,10,10,10
cifar100_resnet8_P2_seed315,cifar100_resnet8,cifar100,resnet8,P2,315,0.5,"[1, 1, 1, 1]","[10, 10, 10, 10]",9.2288257940327245,7671,43.166666666666664,42.990000000000002,1.6217246631193067,114,False,1.5717246631193067,False,1.0516780912876129,33.100000000000001,13.4,8b84bfad252eae4116720ddfd986cc1ddde78a790f9c9690621bcdf199b7153f,1.4794364051789795,0.092288257940327245,0.050000000000000003,1.6217246631193067,"[1, 1, 1, 1]",43.990000000000002,1,97.726756080927473,39.368786692759286,0.86526985470233997,1.4459707447285597,0.052734375,5.2333333333333334,42.990000000000002,42.740000000000002,43.780000000000001,43.840000000000003,4.3330000000000002,0.25,10,10,10,10
cifar100_resnet8_P2_seed316,cifar100_resnet8,cifar100,resnet8,P2,316,0.5,"[0, 1, 1, 1]","[0, 10, 10, 10]",9.1770933589990378,7628,43.5,43.310000000000002,1.6826315581139812,67,False,1.5826315581139812,False,1.1593144536018372,36.5,18.600000000000001,8b84bfad252eae4116720ddfd986cc1ddde78a790f9c9690621bcdf199b7153f,1.4908606245239908,0.091770933589990375,0.10000000000000001,1.6826315581139812,"[0, 1, 1, 1]",43.990000000000002,0.67999999999999972,98.45419413503069,37.969569471624261,0.84110495734761881,1.4065570828936316,0.044921875,4.1333333333333337,43.060000000000002,42.689999999999998,43.75,43.799999999999997,4.3630000000000004,0.62000000000000455,0,10,10,10
cifar100_resnet8_P2_seed317,cifar100_resnet8,cifar100,resnet8,P2,317,0.5,"[1, 1, 1, 1]","[10, 10, 10, 10]",9.2288257940327245,7671,43.166666666666664,42.990000000000002,1.6217246631193067,114,False,1.5717246631193067,False,1.0114919245243073,35.299999999999997,17.899999999999999,8b84bfad252eae4116720ddfd986cc1ddde78a790f9c9690621bcdf199b7153f,1.4794364051789795,0.092288257940327245,0.050000000000000003,1.6217246631193067,"[1, 1, 1, 1]",43.990000000000002,1,97.726756080927473,38.222146118721469,0.85017113842945546,1.4213581746250563,0.037109375,5.1333333333333337,42.990000000000002,42.740000000000002,43.780000000000001,43.840000000000003,4.3330000000000002,0.25,10,10,10,10
cifar100_resnet8_P2_seed318,cifar100_resnet8,cifar100,resnet8,P2,318,0.5,"[1, 1, 1, 1]","[10, 10, 10, 10]",9.2288257940327245,7671,43.166666666666664,42.990000000000002,1.6217246631193067,114,False,1.5717246631193067,False,1.1247578561306,35.100000000000001,16.300000000000001,8b84bfad252eae4116720ddfd986cc1ddde78a790f9c9690621bcdf199b7153f,1.4794364051789795,0.092288257940327245,0.050000000000000003,1.6217246631193067,"[1, 1, 1, 1]",43.990000000000002,1,97.726756080927473,38.768917155903452,0.85871597065334826,1.4340950092122291,0.04296875,4.7000000000000002,42.990000000000002,42.740000000000002,43.780000000000001,43.840000000000003,4.3330000000000002,0.25,10,10,10,10
cifar100_resnet8_P2_seed319,cifar100_resnet8,cifar100,resnet8,P2,319,0.5,"[1, 1, 1, 1]","[10, 10, 10, 10]",9.2288257940327245,7671,43.166666666666664,42.990000000000002,1.6217246631193067,114,False,1.5717246631193067,False,1.0714703500270844,38.899999999999999,19.199999999999999,8b84bfad252eae4116720ddfd986cc1ddde78a790f9c9690621bcdf199b7153f,1.4794364051789795,0.092288257940327245,0.050000000000000003,1.6217246631193067,"[1, 1, 1, 1]",43.990000000000002,1,97.726756080927473,38.436301369863017,0.86093812571307671,1.4357338722008055,0.033203125,5.4000000000000004,42.990000000000002,42.740000000000002,43.780000000000001,43.840000000000003,4.3330000000000002,0.25,10,10,10,10
cifar100_resnet8_P3_seed300,cifar100_resnet8,cifar100,resnet8,P3,300,0.5,"[1, 1, 1, 1]","[10, 10, 10, 10]",9.2288257940327245,7671,43.166666666666664,42.990000000000002,1.6217246631193067,114,False,1.5717246631193067,False,0.99909736216068268,33.299999999999997,16.699999999999999,8b84bfad252eae4116720ddfd986cc1ddde78a790f9c9690621bcdf199b7153f,1.4794364051789795,0.092288257940327245,0.050000000000000003,1.6217246631193067,"[1, 1, 1, 1]",43.990000000000002,1,97.726756080927473,38.363111545988261,0.85301060076011159,1.4305582743157397,0.04296875,5.0333333333333332,42.990000000000002,42.740000000000002,43.780000000000001,43.840000000000003,4.3330000000000002,0.25,10,10,10,10
cifar100_resnet8_P3_seed301,cifar100_resnet8,cifar100,resnet8,P3,301,0.5,"[0, 0, 0, 0]","[0, 0, 0, 0]",0,0,43.766666666666666,43.990000000000002,1.55,177,False,1.5000000000000002,False,0.94118532538414001,37.299999999999997,17.5,8b84bfad252eae4116720ddfd986cc1ddde78a790f9c9690621bcdf199b7153f,1.5,0,0.050000000000000003,1.55,"[0, 0, 0, 0]",43.990000000000002,0,100,39.040443574690144,0.86048477888008235,1.4429974739921774,0.044921875,3.6666666666666665,43.990000000000002,43.990000000000002,43.990000000000002,43.990000000000002,43.990000000000002,0,0,0,0,0
cifar100_resnet8_P3_seed302,cifar100_resnet8,cifar100,resnet8,P3,302,0.5,"[1, 1, 1, 1]","[10, 10, 10, 10]",9.2288257940327245,7671,43.166666666666664,42.990000000000002,1.6217246631193067,114,False,1.5717246631193067,False,0.7773875892162323,39.200000000000003,21.100000000000001,8b84bfad252eae4116720ddfd986cc1ddde78a790f9c9690621bcdf199b7153f,1.4794364051789795,0.092288257940327245,0.050000000000000003,1.6217246631193067,"[1, 1, 1, 1]",43.990000000000002,1,97.726756080927473,38.466666666666669,0.84355605255800958,1.4181581700061996,0.046875,4.2000000000000002,42.990000000000002,42.740000000000002,43.780000000000001,43.840000000000003,4.3330000000000002,0.25,10,10,10,10
cifar100_resnet8_P3_seed303,cifar100_resnet8,cifar100,resnet8,P3,303,0.5,"[1, 1, 1, 1]","[10, 10, 10, 10]",9.2288257940327245,7671,43.166666666666664,42.990000000000002,1.6217246631193067,114,False,1.5717246631193067,False,0.89139209687709808,37.299999999999997,14.699999999999999,8b84bfad252eae4116720ddfd986cc1ddde78a790f9c9690621bcdf199b7153f,1.4794364051789795,0.092288257940327245,0.050000000000000003,1.6217246631193067,"[1, 1, 1, 1]",43.990000000000002,1,97.726756080927473,39.096673189823875,0.84932489100786568,1.42354351667987,0.037109375,3.6666666666666665,42.990000000000002,42.740000000000002,43.780000000000001,43.840000000000003,4.3330000000000002,0.25,10,10,10,10
cifar100_resnet8_P3_seed304,cifar100_resnet8,cifar100,resnet8,P3,304,0.5,"[1, 1, 1, 1]","[10, 10, 10, 10]",9.2288257940327245,7671,43.166666666666664,42.990000000000002,1.6217246631193067,114,False,1.5717246631193067,False,0.97579441964626312,33.600000000000001,13.9,8b84bfad252eae4116720ddfd986cc1ddde78a790f9c9690621bcdf199b7153f,1.4794364051789795,0.092288257940327245,0.050000000000000003,1.6217246631193067,"[1, 1, 1, 1]",43.990000000000002,1,97.726756080927473,38.757925636007833,0.85805332869912121,1.4327716462546471,0.037109375,3.4333333333333331,42.990000000000002,42.740000000000002,43.780000000000001,43.840000000000003,4.3330000000000002,0.25,10,10,10,10
cifar100_resnet8_P3_seed305,cifar100_resnet8,cifar100,resnet8,P3,305,0.5,"[1, 1, 1, 1]","[10, 10, 10, 10]",9.2288257940327245,7671,43.166666666666664,42.990000000000002,1.6217246631193067,114,False,1.5717246631193067,False,0.98125086724758148,38.100000000000001,17.5,8b84bfad252eae4116720ddfd986cc1ddde78a790f9c9690621bcdf199b7153f,1.4794364051789795,0.092288257940327245,0.050000000000000003,1.6217246631193067,"[1, 1, 1, 1]",43.990000000000002,1,97.726756080927473,37.929941291585131,0.85007518001647164,1.4175370102344009,0.044921875,3.5666666666666669,42.990000000000002,42.740000000000002,43.780000000000001,43.840000000000003,4.3330000000000002,0.25,10,10,10,10
cifar100_resnet8_P3_seed306,cifar100_resnet8,cifar100,resnet8,P3,306,0.5,"[1, 1, 1, 1]","[10, 10, 10, 10]",9.2288257940327245,7671,43.166666666666664,42.990000000000002,1.6217246631193067,114,False,1.5717246631193067,False,1.0476371347904205,33.100000000000001,15.199999999999999,8b84bfad252eae4116720ddfd986cc1ddde78a790f9c9690621bcdf199b7153f,1.4794364051789795,0.092288257940327245,0.050000000000000003,1.6217246631193067,"[1, 1, 1, 1]",43.990000000000002,1,97.726756080927473,38.753750815394646,0.86846670545300675,1.4442623229949336,0.029296875,5.2333333333333334,42.990000000000002,42.740000000000002,43.780000000000001,43.840000000000003,4.3330000000000002,0.25,10,10,10,10
cifar100_resnet8_P3_seed307,cifar100_resnet8,cifar100,resnet8,P3,307,0.5,"[1, 1, 1, 1]","[10, 10, 10, 10]",9.2288257940327245,7671,43.166666666666664,42.990000000000002,1.6217246631193067,114,False,1.5717246631193067,False,0.91101150214672089,44.100000000000001,18.600000000000001,8b84bfad252eae4116720ddfd986cc1ddde78a790f9c9690621bcdf199b7153f,1.4794364051789795,0.092288257940327245,0.050000000000000003,1.6217246631193067,"[1, 1, 1, 1]",43.990000000000002,1,97.726756080927473,38.30437051532941,0.84960747720043228,1.4207058910608281,0.029296875,5,42.990000000000002,42.740000000000002,43.780000000000001,43.840000000000003,4.3330000000000002,0.25,10,10,10,10
cifar100_resnet8_P3_seed308,cifar100_resnet8,cifar100,resnet8,P3,308,0.5,"[1, 1, 1, 1]","[10, 10, 10, 10]",9.2288257940327245,7671,43.166666666666664,42.990000000000002,1.6217246631193067,114,False,1.5717246631193067,False,0.82946598529815674,37.200000000000003,16.899999999999999,8b84bfad252eae4116720ddfd986cc1ddde78a790f9c9690621bcdf199b7153f,1.4794364051789795,0.092288257940327245,0.050000000000000003,1.6217246631193067,"[1, 1, 1, 1]",43.990000000000002,1,97.726756080927473,37.702576647097196,0.83374638267006185,1.4016906942351635,0.05078125,4.9666666666666668,42.990000000000002,42.740000000000002,43.780000000000001,43.840000000000003,4.3330000000000002,0.25,10,10,10,10
cifar100_resnet8_P3_seed309,cifar100_resnet8,cifar100,resnet8,P3,309,0.5,"[1, 1, 1, 1]","[10, 10, 10, 10]",9.2288257940327245,7671,43.166666666666664,42.990000000000002,1.6217246631193067,114,False,1.5717246631193067,False,1.0822414755821228,35.600000000000001,15.199999999999999,8b84bfad252eae4116720ddfd986cc1ddde78a790f9c9690621bcdf199b7153f,1.4794364051789795,0.092288257940327245,0.050000000000000003,1.6217246631193067,"[1, 1, 1, 1]",43.990000000000002,1,97.726756080927473,38.577658186562296,0.85308464740950063,1.422189564180363,0.046875,5.5666666666666664,42.990000000000002,42.740000000000002,43.780000000000001,43.840000000000003,4.3330000000000002,0.25,10,10,10,10
cifar100_resnet8_P3_seed310,cifar100_resnet8,cifar100,resnet8,P3,310,0.5,"[0, 0, 0, 0]","[0, 0, 0, 0]",0,0,43.766666666666666,43.990000000000002,1.55,177,False,1.5000000000000002,False,0.86826485395431519,35.700000000000003,15.5,8b84bfad252eae4116720ddfd986cc1ddde78a790f9c9690621bcdf199b7153f,1.5,0,0.050000000000000003,1.55,"[0, 0, 0, 0]",43.990000000000002,0,100,38.241748206131767,0.84097650907827026,1.4101842797260755,0.044921875,5.2333333333333334,43.990000000000002,43.990000000000002,43.990000000000002,43.990000000000002,43.990000000000002,0,0,0,0,0
cifar100_resnet8_P3_seed311,cifar100_resnet8,cifar100,resnet8,P3,311,0.5,"[0, 0, 1, 2]","[0, 0, 10, 20]",15.523339749759383,12903,43.733333333333334,43.060000000000002,1.8040909755630929,21,True,1.6540909755630926,False,1.0536117404699326,38.200000000000003,16.899999999999999,8b84bfad252eae4116720ddfd986cc1ddde78a790f9c9690621bcdf199b7153f,1.4988575780654989,0.15523339749759385,0.15000000000000002,1.8040909755630929,"[0, 0, 1, 2]",43.990000000000002,0.92999999999999972,97.885883155262562,37.943281148075663,0.84702188909625309,1.4145369488735489,0.048828125,3.5666666666666669,38.68,40.140000000000001,43.549999999999997,43.219999999999999,2.6079999999999997,2.9200000000000017,0,0,10,20
cifar100_resnet8_P3_seed312,cifar100_resnet8,cifar100,resnet8,P3,312,0.5,"[1, 1, 1, 1]","[10, 10, 10, 10]",9.2288257940327245,7671,43.166666666666664,42.990000000000002,1.6217246631193067,114,False,1.5717246631193067,False,0.95885616540908813,34.399999999999999,15.699999999999999,8b84bfad252eae4116720ddfd986cc1ddde78a790f9c9690621bcdf199b7153f,1.4794364051789795,0.092288257940327245,0.050000000000000003,1.6217246631193067,"[1, 1, 1, 1]",43.990000000000002,1,97.726756080927473,38.633887801696019,0.85106045380017981,1.4212269800083435,0.033203125,4.7000000000000002,42.990000000000002,42.740000000000002,43.780000000000001,43.840000000000003,4.3330000000000002,0.25,10,10,10,10
cifar100_resnet8_P3_seed313,cifar100_resnet8,cifar100,resnet8,P3,313,0.5,"[1, 1, 1, 1]","[10, 10, 10, 10]",9.2288257940327245,7671,43.166666666666664,42.990000000000002,1.6217246631193067,114,False,1.5717246631193067,False,1.0830938518047333,31.300000000000001,13.800000000000001,8b84bfad252eae4116720ddfd986cc1ddde78a790f9c9690621bcdf199b7153f,1.4794364051789795,0.092288257940327245,0.050000000000000003,1.6217246631193067,"[1, 1, 1, 1]",43.990000000000002,1,97.726756080927473,38.50877364644488,0.8495477865340878,1.4237166571291684,0.033203125,5.5999999999999996,42.990000000000002,42.740000000000002,43.780000000000001,43.840000000000003,4.3330000000000002,0.25,10,10,10,10
cifar100_resnet8_P3_seed314,cifar100_resnet8,cifar100,resnet8,P3,314,0.5,"[1, 1, 1, 1]","[10, 10, 10, 10]",9.2288257940327245,7671,43.166666666666664,42.990000000000002,1.6217246631193067,114,False,1.5717246631193067,False,0.99531862139701843,35.5,13.9,8b84bfad252eae4116720ddfd986cc1ddde78a790f9c9690621bcdf199b7153f,1.4794364051789795,0.092288257940327245,0.050000000000000003,1.6217246631193067,"[1, 1, 1, 1]",43.990000000000002,1,97.726756080927473,38.301891715590337,0.84828068213586805,1.4180138783758589,0.0625,3.6666666666666665,42.990000000000002,42.740000000000002,43.780000000000001,43.840000000000003,4.3330000000000002,0.25,10,10,10,10
cifar100_resnet8_P3_seed315,cifar100_resnet8,cifar100,resnet8,P3,315,0.5,"[1, 1, 1, 1]","[10, 10, 10, 10]",9.2288257940327245,7671,43.166666666666664,42.990000000000002,1.6217246631193067,114,False,1.5717246631193067,False,1.0409709513187408,34.899999999999999,16.899999999999999,8b84bfad252eae4116720ddfd986cc1ddde78a790f9c9690621bcdf199b7153f,1.4794364051789795,0.092288257940327245,0.050000000000000003,1.6217246631193067,"[1, 1, 1, 1]",43.990000000000002,1,97.726756080927473,39.300228310502284,0.86451578780345895,1.4442691053646635,0.05078125,5.2333333333333334,42.990000000000002,42.740000000000002,43.780000000000001,43.840000000000003,4.3330000000000002,0.25,10,10,10,10
cifar100_resnet8_P3_seed316,cifar100_resnet8,cifar100,resnet8,P3,316,0.5,"[1, 1, 1, 1]","[10, 10, 10, 10]",9.2288257940327245,7671,43.166666666666664,42.990000000000002,1.6217246631193067,114,False,1.5717246631193067,False,1.1039658486843109,34.399999999999999,17.100000000000001,8b84bfad252eae4116720ddfd986cc1ddde78a790f9c9690621bcdf199b7153f,1.4794364051789795,0.092288257940327245,0.050000000000000003,1.6217246631193067,"[1, 1, 1, 1]",43.990000000000002,1,97.726756080927473,37.325799086757989,0.83022161104352898,1.3927105139693803,0.05078125,5.166666666666667,42.990000000000002,42.740000000000002,43.780000000000001,43.840000000000003,4.3330000000000002,0.25,10,10,10,10
cifar100_resnet8_P3_seed317,cifar100_resnet8,cifar100,resnet8,P3,317,0.5,"[1, 1, 1, 1]","[10, 10, 10, 10]",9.2288257940327245,7671,43.166666666666664,42.990000000000002,1.6217246631193067,114,False,1.5717246631193067,False,1.1121443212032318,36.299999999999997,17.800000000000001,8b84bfad252eae4116720ddfd986cc1ddde78a790f9c9690621bcdf199b7153f,1.4794364051789795,0.092288257940327245,0.050000000000000003,1.6217246631193067,"[1, 1, 1, 1]",43.990000000000002,1,97.726756080927473,38.067938682322243,0.84595199057038584,1.4197234462793944,0.048828125,5.0333333333333332,42.990000000000002,42.740000000000002,43.780000000000001,43.840000000000003,4.3330000000000002,0.25,10,10,10,10
cifar100_resnet8_P3_seed318,cifar100_resnet8,cifar100,resnet8,P3,318,0.5,"[1, 1, 1, 1]","[10, 10, 10, 10]",9.2288257940327245,7671,43.166666666666664,42.990000000000002,1.6217246631193067,114,False,1.5717246631193067,False,1.1335996389389038,37.5,19.399999999999999,8b84bfad252eae4116720ddfd986cc1ddde78a790f9c9690621bcdf199b7153f,1.4794364051789795,0.092288257940327245,0.050000000000000003,1.6217246631193067,"[1, 1, 1, 1]",43.990000000000002,1,97.726756080927473,38.68861709067189,0.85484967774595955,1.4282437222491431,0.037109375,4.7000000000000002,42.990000000000002,42.740000000000002,43.780000000000001,43.840000000000003,4.3330000000000002,0.25,10,10,10,10
cifar100_resnet8_P3_seed319,cifar100_resnet8,cifar100,resnet8,P3,319,0.5,"[1, 1, 1, 1]","[10, 10, 10, 10]",9.2288257940327245,7671,43.166666666666664,42.990000000000002,1.6217246631193067,114,False,1.5717246631193067,False,1.0991798937320709,30.800000000000001,14,8b84bfad252eae4116720ddfd986cc1ddde78a790f9c9690621bcdf199b7153f,1.4794364051789795,0.092288257940327245,0.050000000000000003,1.6217246631193067,"[1, 1, 1, 1]",43.990000000000002,1,97.726756080927473,38.981572080887148,0.86516482935269634,1.444938112586176,0.03125,5.4000000000000004,42.990000000000002,42.740000000000002,43.780000000000001,43.840000000000003,4.3330000000000002,0.25,10,10,10,10
cifar100_simplecnn_P0_seed300,cifar100_simplecnn,cifar100,simplecnn,P0,300,0,"[1, 1, 5, 5]","[10, 10, 60, 60]",56.110167487929921,360739,48.833333333333336,49.280000000000001,2.1154365524438261,65,True,2.015436552443826,False,0.989150270819664,80.700000000000003,62,d75dd19ca3178d43473031630469bcfc5d738e1cf54c3c9685b35cf808b684ff,1.4543348775645268,0.56110167487929918,0.10000000000000001,2.1154365524438261,"[1, 1, 5, 5]",50.5,1.2199999999999989,97.584158415841586,45.513307240704506,0.63911552032882746,1.628821139429014,0.146484375,18.733333333333334,18.82,49.460000000000001,50.270000000000003,44.130000000000003,2.1060000000000003,-0.17999999999999972,10,10,60,60
cifar100_simplecnn_P0_seed301,cifar100_simplecnn,cifar100,simplecnn,P0,301,0,"[1, 1, 5, 5]","[10, 10, 60, 60]",56.110167487929921,360739,48.833333333333336,49.280000000000001,2.1154365524438261,65,True,2.015436552443826,False,1.0112832337617874,89,74.099999999999994,d75dd19ca3178d43473031630469bcfc5d738e1cf54c3c9685b35cf808b684ff,1.4543348775645268,0.56110167487929918,0.10000000000000001,2.1154365524438261,"[1, 1, 5, 5]",50.5,1.2199999999999989,97.584158415841586,45.102152641878668,0.73340108349893074,1.723544856967425,0.12109375,18.800000000000001,18.82,49.460000000000001,50.270000000000003,44.130000000000003,2.1060000000000003,-0.17999999999999972,10,10,60,60
cifar100_simplecnn_P0_seed302,cifar100_simplecnn,cifar100,simplecnn,P0,302,0,"[0, 0, 5, 5]","[0, 0, 60, 60]",55.810126424767311,358810,49.200000000000003,49.109999999999999,2.123356062394596,62,False,2.0233560623945959,False,1.0014179870486259,81.5,67.700000000000003,d75dd19ca3178d43473031630469bcfc5d738e1cf54c3c9685b35cf808b684ff,1.4652547981469226,0.55810126424767315,0.10000000000000001,2.123356062394596,"[0, 0, 5, 5]",50.5,1.3900000000000006,97.247524752475243,45.655903457273318,0.72169264595879079,1.7071457916565849,0.138671875,18.866666666666667,19.059999999999999,49.5,50.280000000000001,44.5,2.1659999999999999,-0.39000000000000057,0,0,60,60
cifar100_simplecnn_P0_seed303,cifar100_simplecnn,cifar100,simplecnn,P0,303,0,"[0, 0, 5, 5]","[0, 0, 60, 60]",55.810126424767311,358810,49.200000000000003,49.109999999999999,2.123356062394596,62,False,2.0233560623945959,False,0.88178923353552818,85.5,72.299999999999997,d75dd19ca3178d43473031630469bcfc5d738e1cf54c3c9685b35cf808b684ff,1.4652547981469226,0.55810126424767315,0.10000000000000001,2.123356062394596,"[0, 0, 5, 5]",50.5,1.3900000000000006,97.247524752475243,45.088486627527722,0.7440177107496091,1.7390917159110624,0.146484375,18.966666666666665,19.059999999999999,49.5,50.280000000000001,44.5,2.1659999999999999,-0.39000000000000057,0,0,60,60
cifar100_simplecnn_P0_seed304,cifar100_simplecnn,cifar100,simplecnn,P0,304,0,"[0, 0, 5, 5]","[0, 0, 60, 60]",55.810126424767311,358810,49.200000000000003,49.109999999999999,2.123356062394596,62,False,2.0233560623945959,False,1.0125835686922073,80.099999999999994,65.700000000000003,d75dd19ca3178d43473031630469bcfc5d738e1cf54c3c9685b35cf808b684ff,1.4652547981469226,0.55810126424767315,0.10000000000000001,2.123356062394596,"[0, 0, 5, 5]",50.5,1.3900000000000006,97.247524752475243,46.334213959556422,0.72993826927290717,1.7204392802719179,0.10546875,19,19.059999999999999,49.5,50.280000000000001,44.5,2.1659999999999999,-0.39000000000000057,0,0,60,60
cifar100_simplecnn_P0_seed305,cifar100_simplecnn,cifar100,simplecnn,P0,305,0,"[0, 0, 0, 5]","[0, 0, 0, 60]",48.929402468767108,314573,50.033333333333331,50.380000000000003,2.0793668241582206,85,False,1.9793668241582203,False,1.1128895059227943,87.700000000000003,73.799999999999997,d75dd19ca3178d43473031630469bcfc5d738e1cf54c3c9685b35cf808b684ff,1.4900727994705494,0.48929402468767108,0.10000000000000001,2.0793668241582206,"[0, 0, 0, 5]",50.5,0.11999999999999744,99.762376237623769,45.900293542074365,0.77210859167806345,1.7627773665577029,0.119140625,18.899999999999999,21.739999999999998,49.960000000000001,50.329999999999998,46.869999999999997,2.7679999999999998,0.42000000000000171,0,0,0,60
cifar100_simplecnn_P0_seed306,cifar100_simplecnn,cifar100,simplecnn,P0,306,0,"[1, 1, 5, 5]","[10, 10, 60, 60]",56.110167487929921,360739,48.833333333333336,49.280000000000001,2.1154365524438261,65,True,2.015436552443826,False,1.1040735095739365,70,56.700000000000003,d75dd19ca3178d43473031630469bcfc5d738e1cf54c3c9685b35cf808b684ff,1.4543348775645268,0.56110167487929918,0.10000000000000001,2.1154365524438261,"[1, 1, 5, 5]",50.5,1.2199999999999989,97.584158415841586,46.291128506197005,0.66072807501378927,1.6396476646124498,0.09765625,19.166666666666668,18.82,49.460000000000001,50.270000000000003,44.130000000000003,2.1060000000000003,-0.17999999999999972,10,10,60,60
cifar100_simplecnn_P0_seed307,cifar100_simplecnn,cifar100,simplecnn,P0,307,0,"[0, 0, 0, 5]","[0, 0, 0, 60]",48.929402468767108,314573,50.033333333333331,50.380000000000003,2.0793668241582206,85,False,1.9793668241582203,False,1.0999710559844971,77.299999999999997,64,d75dd19ca3178d43473031630469bcfc5d738e1cf54c3c9685b35cf808b684ff,1.4900727994705494,0.48929402468767108,0.10000000000000001,2.0793668241582206,"[0, 0, 0, 5]",50.5,0.11999999999999744,99.762376237623769,45.50287018917156,0.68333950388744913,1.6670925142091462,0.14453125,18.733333333333334,21.739999999999998,49.960000000000001,50.329999999999998,46.869999999999997,2.7679999999999998,0.42000000000000171,0,0,0,60
cifar100_simplecnn_P0_seed308,cifar100_simplecnn,cifar100,simplecnn,P0,308,0,"[1, 1, 5, 5]","[10, 10, 60, 60]",56.110167487929921,360739,48.833333333333336,49.280000000000001,2.1154365524438261,65,True,2.015436552443826,False,1.2026437669992447,74,59.700000000000003,d75dd19ca3178d43473031630469bcfc5d738e1cf54c3c9685b35cf808b684ff,1.4543348775645268,0.56110167487929918,0.10000000000000001,2.1154365524438261,"[1, 1, 5, 5]",50.5,1.2199999999999989,97.584158415841586,45.647945205479452,0.67757973237425284,1.6528473284452907,0.15625,18.966666666666665,18.82,49.460000000000001,50.270000000000003,44.130000000000003,2.1060000000000003,-0.17999999999999972,10,10,60,60
cifar100_simplecnn_P0_seed309,cifar100_simplecnn,cifar100,simplecnn,P0,309,0,"[0, 0, 5, 5]","[0, 0, 60, 60]",55.810126424767311,358810,49.200000000000003,49.109999999999999,2.123356062394596,62,False,2.0233560623945959,False,0.91757726669311523,82.200000000000003,68.200000000000003,d75dd19ca3178d43473031630469bcfc5d738e1cf54c3c9685b35cf808b684ff,1.4652547981469226,0.55810126424767315,0.10000000000000001,2.123356062394596,"[0, 0, 5, 5]",50.5,1.3900000000000006,97.247524752475243,45.963209393346389,0.71774323946535301,1.7014933995069033,0.1171875,19,19.059999999999999,49.5,50.280000000000001,44.5,2.1659999999999999,-0.39000000000000057,0,0,60,60
cifar100_simplecnn_P0_seed310,cifar100_simplecnn,cifar100,simplecnn,P0,310,0,"[0, 0, 0, 5]","[0, 0, 0, 60]",48.929402468767108,314573,50.033333333333331,50.380000000000003,2.0793668241582206,85,False,1.9793668241582203,False,0.91178102791309357,85.799999999999997,72.700000000000003,d75dd19ca3178d43473031630469bcfc5d738e1cf54c3c9685b35cf808b684ff,1.4900727994705494,0.48929402468767108,0.10000000000000001,2.0793668241582206,"[0, 0, 0, 5]",50.5,0.11999999999999744,99.762376237623769,46.493476842791907,0.76573226847199449,1.7643601397743087,0.095703125,18.966666666666665,21.739999999999998,49.960000000000001,50.329999999999998,46.869999999999997,2.7679999999999998,0.42000000000000171,0,0,0,60
cifar100_simplecnn_P0_seed311,cifar100_simplecnn,cifar100,simplecnn,P0,311,0,"[1, 1, 5, 5]","[10, 10, 60, 60]",56.110167487929921,360739,48.833333333333336,49.280000000000001,2.1154365524438261,65,True,2.015436552443826,False,1.0544918775558472,82.599999999999994,69.700000000000003,d75dd19ca3178d43473031630469bcfc5d738e1cf54c3c9685b35cf808b684ff,1.4543348775645268,0.56110167487929918,0.10000000000000001,2.1154365524438261,"[1, 1, 5, 5]",50.5,1.2199999999999989,97.584158415841586,45.917971298108291,0.74832601681916755,1.7388827808226199,0.11328125,18.966666666666665,18.82,49.460000000000001,50.270000000000003,44.130000000000003,2.1060000000000003,-0.17999999999999972,10,10,60,60
cifar100_simplecnn_P0_seed312,cifar100_simplecnn,cifar100,simplecnn,P0,312,0,"[0, 0, 1, 5]","[0, 0, 10, 60]",50.07621571848091,321946,50.133333333333333,50.350000000000001,2.1438131168141936,47,False,1.9938131168141937,False,1.1026327311992645,80.799999999999997,67.299999999999997,d75dd19ca3178d43473031630469bcfc5d738e1cf54c3c9685b35cf808b684ff,1.4930509596293846,0.5007621571848091,0.15000000000000002,2.1438131168141936,"[0, 0, 1, 5]",50.5,0.14999999999999858,99.702970297029708,45.518754076973252,0.72000241784977603,1.7046195277427869,0.126953125,18.966666666666665,21.239999999999998,49.899999999999999,50.409999999999997,46.579999999999998,2.5390000000000001,0.45000000000000284,0,0,10,60
cifar100_simplecnn_P0_seed313,cifar100_simplecnn,cifar100,simplecnn,P0,313,0,"[1, 1, 5, 5]","[10, 10, 60, 60]",56.110167487929921,360739,48.833333333333336,49.280000000000001,2.1154365524438261,65,True,2.015436552443826,False,0.94628280401229858,83.299999999999997,69.900000000000006,d75dd19ca3178d43473031630469bcfc5d738e1cf54c3c9685b35cf808b684ff,1.4543348775645268,0.56110167487929918,0.10000000000000001,2.1154365524438261,"[1, 1, 5, 5]",50.5,1.2199999999999989,97.584158415841586,44.870091324200914,0.71041111001972068,1.7001312779387392,0.154296875,18.733333333333334,18.82,49.460000000000001,50.270000000000003,44.130000000000003,2.1060000000000003,-0.17999999999999972,10,10,60,60
cifar100_simplecnn_P0_seed314,cifar100_simplecnn,cifar100,simplecnn,P0,314,0,"[0, 0, 0, 5]","[0, 0, 0, 60]",48.929402468767108,314573,50.033333333333331,50.380000000000003,2.0793668241582206,85,False,1.9793668241582203,False,0.98657795786857605,77.400000000000006,64.299999999999997,d75dd19ca3178d43473031630469bcfc5d738e1cf54c3c9685b35cf808b684ff,1.4900727994705494,0.48929402468767108,0.10000000000000001,2.0793668241582206,"[0, 0, 0, 5]",50.5,0.11999999999999744,99.762376237623769,45.957305936073062,0.70910622671875112,1.6963372338286624,0.14453125,18.966666666666665,21.739999999999998,49.960000000000001,50.329999999999998,46.869999999999997,2.7679999999999998,0.42000000000000171,0,0,0,60
cifar100_simplecnn_P0_seed315,cifar100_simplecnn,cifar100,simplecnn,P0,315,0,"[0, 0, 0, 5]","[0, 0, 0, 60]",48.929402468767108,314573,50.033333333333331,50.380000000000003,2.0793668241582206,85,False,1.9793668241582203,False,0.91675319522619247,81.5,67.299999999999997,d75dd19ca3178d43473031630469bcfc5d738e1cf54c3c9685b35cf808b684ff,1.4900727994705494,0.48929402468767108,0.10000000000000001,2.0793668241582206,"[0, 0, 0, 5]",50.5,0.11999999999999744,99.762376237623769,45.888943248532293,0.73208939999546652,1.7190896948632699,0.12109375,19.166666666666668,21.739999999999998,49.960000000000001,50.329999999999998,46.869999999999997,2.7679999999999998,0.42000000000000171,0,0,0,60
cifar100_simplecnn_P0_seed316,cifar100_simplecnn,cifar100,simplecnn,P0,316,0,"[0, 0, 5, 5]","[0, 0, 60, 60]",55.810126424767311,358810,49.200000000000003,49.109999999999999,2.123356062394596,62,False,2.0233560623945959,False,1.0594613514840603,81.700000000000003,68.400000000000006,d75dd19ca3178d43473031630469bcfc5d738e1cf54c3c9685b35cf808b684ff,1.4652547981469226,0.55810126424767315,0.10000000000000001,2.123356062394596,"[0, 0, 5, 5]",50.5,1.3900000000000006,97.247524752475243,46.189269406392697,0.7386954189302527,1.7321080191140976,0.111328125,18.899999999999999,19.059999999999999,49.5,50.280000000000001,44.5,2.1659999999999999,-0.39000000000000057,0,0,60,60
cifar100_simplecnn_P0_seed317,cifar100_simplecnn,cifar100,simplecnn,P0,317,0,"[1, 1, 1, 5]","[10, 10, 10, 60]",50.376256781643519,323875,49.866666666666667,50.159999999999997,2.0888717670222592,81,False,1.9888717670222591,False,0.91345769166946411,84.5,68.5,d75dd19ca3178d43473031630469bcfc5d738e1cf54c3c9685b35cf808b684ff,1.4851091992058238,0.50376256781643525,0.10000000000000001,2.0888717670222592,"[1, 1, 1, 5]",50.5,0.34000000000000341,99.32673267326733,44.477658186562302,0.65743828816235861,1.6478653650128403,0.12109375,18.800000000000001,20.309999999999999,49.880000000000003,50.369999999999997,46.560000000000002,2.5940000000000003,0.27999999999999403,10,10,10,60
cifar100_simplecnn_P0_seed318,cifar100_simplecnn,cifar100,simplecnn,P0,318,0,"[0, 0, 5, 5]","[0, 0, 60, 60]",55.810126424767311,358810,49.200000000000003,49.109999999999999,2.123356062394596,62,False,2.0233560623945959,False,1.0956434160470963,101,85.400000000000006,d75dd19ca3178d43473031630469bcfc5d738e1cf54c3c9685b35cf808b684ff,1.4652547981469226,0.55810126424767315,0.10000000000000001,2.123356062394596,"[0, 0, 5, 5]",50.5,1.3900000000000006,97.247524752475243,45.666731898238751,0.74017484076192497,1.7328199370255766,0.103515625,18.866666666666667,19.059999999999999,49.5,50.280000000000001,44.5,2.1659999999999999,-0.39000000000000057,0,0,60,60
cifar100_simplecnn_P0_seed319,cifar100_simplecnn,cifar100,simplecnn,P0,319,0,"[0, 0, 0, 5]","[0, 0, 0, 60]",48.929402468767108,314573,50.033333333333331,50.380000000000003,2.0793668241582206,85,False,1.9793668241582203,False,1.0791845172643661,92.5,76.5,d75dd19ca3178d43473031630469bcfc5d738e1cf54c3c9685b35cf808b684ff,1.4900727994705494,0.48929402468767108,0.10000000000000001,2.0793668241582206,"[0, 0, 0, 5]",50.5,0.11999999999999744,99.762376237623769,45.585909980430529,0.72639007472666972,1.714250864066325,0.109375,18.966666666666665,21.739999999999998,49.960000000000001,50.329999999999998,46.869999999999997,2.7679999999999998,0.42000000000000171,0,0,0,60
cifar100_simplecnn_P1_seed300,cifar100_simplecnn,cifar100,simplecnn,P1,300,0.5,"[1, 1, 5, 5]","[10, 10, 60, 60]",56.110167487929921,360739,48.833333333333336,49.280000000000001,2.1154365524438261,65,True,2.015436552443826,False,1.0639726668596268,82.299999999999997,65,d75dd19ca3178d43473031630469bcfc5d738e1cf54c3c9685b35cf808b684ff,1.4543348775645268,0.56110167487929918,0.10000000000000001,2.1154365524438261,"[1, 1, 5, 5]",50.5,1.2199999999999989,97.584158415841586,45.168917155903458,0.67093895684893723,1.6584481046698738,0.138671875,18.733333333333334,18.82,49.460000000000001,50.270000000000003,44.130000000000003,2.1060000000000003,-0.17999999999999972,10,10,60,60
cifar100_simplecnn_P1_seed301,cifar100_simplecnn,cifar100,simplecnn,P1,301,0.5,"[1, 1, 5, 5]","[10, 10, 60, 60]",56.110167487929921,360739,48.833333333333336,49.280000000000001,2.1154365524438261,65,True,2.015436552443826,False,1.0118103884160519,85.5,72.599999999999994,d75dd19ca3178d43473031630469bcfc5d738e1cf54c3c9685b35cf808b684ff,1.4543348775645268,0.56110167487929918,0.10000000000000001,2.1154365524438261,"[1, 1, 5, 5]",50.5,1.2199999999999989,97.584158415841586,45.796020874103064,0.76071069671852454,1.7554652652024241,0.1171875,18.899999999999999,18.82,49.460000000000001,50.270000000000003,44.130000000000003,2.1060000000000003,-0.17999999999999972,10,10,60,60
cifar100_simplecnn_P1_seed302,cifar100_simplecnn,cifar100,simplecnn,P1,302,0.5,"[0, 0, 1, 5]","[0, 0, 10, 60]",50.07621571848091,321946,50.133333333333333,50.350000000000001,2.1438131168141936,47,False,1.9938131168141937,False,1.0989984273910522,84,70.299999999999997,d75dd19ca3178d43473031630469bcfc5d738e1cf54c3c9685b35cf808b684ff,1.4930509596293846,0.5007621571848091,0.15000000000000002,2.1438131168141936,"[0, 0, 1, 5]",50.5,0.14999999999999858,99.702970297029708,45.735420743639914,0.74313141769110469,1.7301337337104117,0.119140625,18.866666666666667,21.239999999999998,49.899999999999999,50.409999999999997,46.579999999999998,2.5390000000000001,0.45000000000000284,0,0,10,60
cifar100_simplecnn_P1_seed303,cifar100_simplecnn,cifar100,simplecnn,P1,303,0.5,"[0, 0, 5, 5]","[0, 0, 60, 60]",55.810126424767311,358810,49.200000000000003,49.109999999999999,2.123356062394596,62,False,2.0233560623945959,False,0.84073523432016373,91.200000000000003,77.599999999999994,d75dd19ca3178d43473031630469bcfc5d738e1cf54c3c9685b35cf808b684ff,1.4652547981469226,0.55810126424767315,0.10000000000000001,2.123356062394596,"[0, 0, 5, 5]",50.5,1.3900000000000006,97.247524752475243,45.541682974559684,0.77898586313459117,1.7752366537102591,0.1171875,18.966666666666665,19.059999999999999,49.5,50.280000000000001,44.5,2.1659999999999999,-0.39000000000000057,0,0,60,60
cifar100_simplecnn_P1_seed304,cifar100_simplecnn,cifar100,simplecnn,P1,304,0.5,"[0, 0, 1, 5]","[0, 0, 10, 60]",50.07621571848091,321946,50.133333333333333,50.350000000000001,2.1438131168141936,47,False,1.9938131168141937,False,1.1174468323588371,83.799999999999997,65.799999999999997,d75dd19ca3178d43473031630469bcfc5d738e1cf54c3c9685b35cf808b684ff,1.4930509596293846,0.5007621571848091,0.15000000000000002,2.1438131168141936,"[0, 0, 1, 5]",50.5,0.14999999999999858,99.702970297029708,46.698043052837569,0.72974937475915946,1.7245324407070746,0.083984375,18.733333333333334,21.239999999999998,49.899999999999999,50.409999999999997,46.579999999999998,2.5390000000000001,0.45000000000000284,0,0,10,60
cifar100_simplecnn_P1_seed305,cifar100_simplecnn,cifar100,simplecnn,P1,305,0.5,"[0, 0, 5, 5]","[0, 0, 60, 60]",55.810126424767311,358810,49.200000000000003,49.109999999999999,2.123356062394596,62,False,2.0233560623945959,False,1.0746805779635906,89.299999999999997,75.299999999999997,d75dd19ca3178d43473031630469bcfc5d738e1cf54c3c9685b35cf808b684ff,1.4652547981469226,0.55810126424767315,0.10000000000000001,2.123356062394596,"[0, 0, 5, 5]",50.5,1.3900000000000006,97.247524752475243,46.148369210697979,0.78802257667228315,1.7802039461765904,0.103515625,18.899999999999999,19.059999999999999,49.5,50.280000000000001,44.5,2.1659999999999999,-0.39000000000000057,0,0,60,60
cifar100_simplecnn_P1_seed306,cifar100_simplecnn,cifar100,simplecnn,P1,306,0.5,"[0, 1, 5, 5]","[0, 10, 60, 60]",56.096790851625109,360653,49.200000000000003,49.18,2.1762227066631739,26,True,2.0262227066631739,False,1.101704828441143,78.299999999999997,65.299999999999997,d75dd19ca3178d43473031630469bcfc5d738e1cf54c3c9685b35cf808b684ff,1.4652547981469226,0.56096790851625111,0.15000000000000002,2.1762227066631739,"[0, 1, 5, 5]",50.5,1.3200000000000003,97.386138613861391,46.235388127853881,0.7114794973894778,1.7002178675477255,0.095703125,19.166666666666668,18.879999999999999,49.439999999999998,50.280000000000001,44.240000000000002,2.0979999999999999,-0.25999999999999801,0,10,60,60
cifar100_simplecnn_P1_seed307,cifar100_simplecnn,cifar100,simplecnn,P1,307,0.5,"[1, 1, 5, 5]","[10, 10, 60, 60]",56.110167487929921,360739,48.833333333333336,49.280000000000001,2.1154365524438261,65,True,2.015436552443826,False,1.0420106947422028,87.5,72.599999999999994,d75dd19ca3178d43473031630469bcfc5d738e1cf54c3c9685b35cf808b684ff,1.4543348775645268,0.56110167487929918,0.10000000000000001,2.1154365524438261,"[1, 1, 5, 5]",50.5,1.2199999999999989,97.584158415841586,46.021069797782125,0.74751225925394216,1.734174354902394,0.12890625,18.866666666666667,18.82,49.460000000000001,50.270000000000003,44.130000000000003,2.1060000000000003,-0.17999999999999972,10,10,60,60
cifar100_simplecnn_P1_seed308,cifar100_simplecnn,cifar100,simplecnn,P1,308,0.5,"[1, 1, 5, 5]","[10, 10, 60, 60]",56.110167487929921,360739,48.833333333333336,49.280000000000001,2.1154365524438261,65,True,2.015436552443826,False,1.2388439774513245,77.200000000000003,62.5,d75dd19ca3178d43473031630469bcfc5d738e1cf54c3c9685b35cf808b684ff,1.4543348775645268,0.56110167487929918,0.10000000000000001,2.1154365524438261,"[1, 1, 5, 5]",50.5,1.2199999999999989,97.584158415841586,46.039889106327458,0.70002115618553973,1.6753545639221372,0.1171875,18.966666666666665,18.82,49.460000000000001,50.270000000000003,44.130000000000003,2.1060000000000003,-0.17999999999999972,10,10,60,60
cifar100_simplecnn_P1_seed309,cifar100_simplecnn,cifar100,simplecnn,P1,309,0.5,"[0, 0, 5, 5]","[0, 0, 60, 60]",55.810126424767311,358810,49.200000000000003,49.109999999999999,2.123356062394596,62,False,2.0233560623945959,False,0.86349241435527802,79.700000000000003,66.400000000000006,d75dd19ca3178d43473031630469bcfc5d738e1cf54c3c9685b35cf808b684ff,1.4652547981469226,0.55810126424767315,0.10000000000000001,2.123356062394596,"[0, 0, 5, 5]",50.5,1.3900000000000006,97.247524752475243,45.385942596216573,0.71143567386228834,1.6979239678698124,0.126953125,19.066666666666666,19.059999999999999,49.5,50.280000000000001,44.5,2.1659999999999999,-0.39000000000000057,0,0,60,60
cifar100_simplecnn_P1_seed310,cifar100_simplecnn,cifar100,simplecnn,P1,310,0.5,"[0, 0, 0, 5]","[0, 0, 0, 60]",48.929402468767108,314573,50.033333333333331,50.380000000000003,2.0793668241582206,85,False,1.9793668241582203,False,0.87920033186674118,90.299999999999997,77.599999999999994,d75dd19ca3178d43473031630469bcfc5d738e1cf54c3c9685b35cf808b684ff,1.4900727994705494,0.48929402468767108,0.10000000000000001,2.0793668241582206,"[0, 0, 0, 5]",50.5,0.11999999999999744,99.762376237623769,46.31232876712329,0.8033902787327446,1.8033499716998116,0.08984375,18.966666666666665,21.739999999999998,49.960000000000001,50.329999999999998,46.869999999999997,2.7679999999999998,0.42000000000000171,0,0,0,60
cifar100_simplecnn_P1_seed311,cifar100_simplecnn,cifar100,simplecnn,P1,311,0.5,"[0, 0, 5, 5]","[0, 0, 60, 60]",55.810126424767311,358810,49.200000000000003,49.109999999999999,2.123356062394596,62,False,2.0233560623945959,False,1.0615890622138977,83.400000000000006,70,d75dd19ca3178d43473031630469bcfc5d738e1cf54c3c9685b35cf808b684ff,1.4652547981469226,0.55810126424767315,0.10000000000000001,2.123356062394596,"[0, 0, 5, 5]",50.5,1.3900000000000006,97.247524752475243,46.475962165688195,0.76344891158981187,1.7516319878767213,0.111328125,18.966666666666665,19.059999999999999,49.5,50.280000000000001,44.5,2.1659999999999999,-0.39000000000000057,0,0,60,60
cifar100_simplecnn_P1_seed312,cifar100_simplecnn,cifar100,simplecnn,P1,312,0.5,"[0, 1, 5, 5]","[0, 10, 60, 60]",56.096790851625109,360653,49.200000000000003,49.18,2.1762227066631739,26,True,2.0262227066631739,False,1.0701081976294518,83.099999999999994,68.400000000000006,d75dd19ca3178d43473031630469bcfc5d738e1cf54c3c9685b35cf808b684ff,1.4652547981469226,0.56096790851625111,0.15000000000000002,2.1762227066631739,"[0, 1, 5, 5]",50.5,1.3200000000000003,97.386138613861391,45.859980430528367,0.73138444567016003,1.7178195540985473,0.11328125,18.966666666666665,18.879999999999999,49.439999999999998,50.280000000000001,44.240000000000002,2.0979999999999999,-0.25999999999999801,0,10,60,60
cifar100_simplecnn_P1_seed313,cifar100_simplecnn,cifar100,simplecnn,P1,313,0.5,"[0, 1, 5, 5]","[0, 10, 60, 60]",56.096790851625109,360653,49.200000000000003,49.18,2.1762227066631739,26,True,2.0262227066631739,False,1.0591801404953003,78.5,65.200000000000003,d75dd19ca3178d43473031630469bcfc5d738e1cf54c3c9685b35cf808b684ff,1.4652547981469226,0.56096790851625111,0.15000000000000002,2.1762227066631739,"[0, 1, 5, 5]",50.5,1.3200000000000003,97.386138613861391,45.835029354207435,0.7092293859417147,1.6994614232457597,0.126953125,18.733333333333334,18.879999999999999,49.439999999999998,50.280000000000001,44.240000000000002,2.0979999999999999,-0.25999999999999801,0,10,60,60
cifar100_simplecnn_P1_seed314,cifar100_simplecnn,cifar100,simplecnn,P1,314,0.5,"[0, 0, 5, 5]","[0, 0, 60, 60]",55.810126424767311,358810,49.200000000000003,49.109999999999999,2.123356062394596,62,False,2.0233560623945959,False,1.0183816254138947,83.200000000000003,69.700000000000003,d75dd19ca3178d43473031630469bcfc5d738e1cf54c3c9685b35cf808b684ff,1.4652547981469226,0.55810126424767315,0.10000000000000001,2.123356062394596,"[0, 0, 5, 5]",50.5,1.3900000000000006,97.247524752475243,46.00146771037182,0.73795721917052637,1.7235117956532,0.123046875,18.966666666666665,19.059999999999999,49.5,50.280000000000001,44.5,2.1659999999999999,-0.39000000000000057,0,0,60,60
cifar100_simplecnn_P1_seed315,cifar100_simplecnn,cifar100,simplecnn,P1,315,0.5,"[0, 0, 0, 5]","[0, 0, 0, 60]",48.929402468767108,314573,50.033333333333331,50.380000000000003,2.0793668241582206,85,False,1.9793668241582203,False,0.85480095446109772,85.700000000000003,67.299999999999997,d75dd19ca3178d43473031630469bcfc5d738e1cf54c3c9685b35cf808b684ff,1.4900727994705494,0.48929402468767108,0.10000000000000001,2.0793668241582206,"[0, 0, 0, 5]",50.5,0.11999999999999744,99.762376237623769,46.93336594911937,0.7360078277886497,1.730333299192431,0.09765625,19.133333333333333,21.739999999999998,49.960000000000001,50.329999999999998,46.869999999999997,2.7679999999999998,0.42000000000000171,0,0,0,60
cifar100_simplecnn_P1_seed316,cifar100_simplecnn,cifar100,simplecnn,P1,316,0.5,"[0, 0, 5, 5]","[0, 0, 60, 60]",55.810126424767311,358810,49.200000000000003,49.109999999999999,2.123356062394596,62,False,2.0233560623945959,False,0.98541083931922913,101.59999999999999,86.099999999999994,d75dd19ca3178d43473031630469bcfc5d738e1cf54c3c9685b35cf808b684ff,1.4652547981469226,0.55810126424767315,0.10000000000000001,2.123356062394596,"[0, 0, 5, 5]",50.5,1.3900000000000006,97.247524752475243,46.582093933463796,0.76626948446909304,1.7606232719739725,0.095703125,18.899999999999999,19.059999999999999,49.5,50.280000000000001,44.5,2.1659999999999999,-0.39000000000000057,0,0,60,60
cifar100_simplecnn_P1_seed317,cifar100_simplecnn,cifar100,simplecnn,P1,317,0.5,"[1, 1, 5, 5]","[10, 10, 60, 60]",56.110167487929921,360739,48.833333333333336,49.280000000000001,2.1154365524438261,65,True,2.015436552443826,False,0.82144331932067871,93.099999999999994,76.5,d75dd19ca3178d43473031630469bcfc5d738e1cf54c3c9685b35cf808b684ff,1.4543348775645268,0.56110167487929918,0.10000000000000001,2.1154365524438261,"[1, 1, 5, 5]",50.5,1.2199999999999989,97.584158415841586,45.209425962165696,0.68816009187829141,1.6812989609558169,0.109375,18.966666666666665,18.82,49.460000000000001,50.270000000000003,44.130000000000003,2.1060000000000003,-0.17999999999999972,10,10,60,60
cifar100_simplecnn_P1_seed318,cifar100_simplecnn,cifar100,simplecnn,P1,318,0.5,"[0, 0, 5, 5]","[0, 0, 60, 60]",55.810126424767311,358810,49.200000000000003,49.109999999999999,2.123356062394596,62,False,2.0233560623945959,False,1.0635733008384705,106.40000000000001,82.200000000000003,d75dd19ca3178d43473031630469bcfc5d738e1cf54c3c9685b35cf808b684ff,1.4652547981469226,0.55810126424767315,0.10000000000000001,2.123356062394596,"[0, 0, 5, 5]",50.5,1.3900000000000006,97.247524752475243,45.969145466405742,0.75881646253466217,1.7526635826916239,0.09375,18.866666666666667,19.059999999999999,49.5,50.280000000000001,44.5,2.1659999999999999,-0.39000000000000057,0,0,60,60
cifar100_simplecnn_P1_seed319,cifar100_simplecnn,cifar100,simplecnn,P1,319,0.5,"[0, 0, 0, 5]","[0, 0, 0, 60]",48.929402468767108,314573,50.033333333333331,50.380000000000003,2.0793668241582206,85,False,1.9793668241582203,False,1.0641725137829781,89.299999999999997,76.200000000000003,d75dd19ca3178d43473031630469bcfc5d738e1cf54c3c9685b35cf808b684ff,1.4900727994705494,0.48929402468767108,0.10000000000000001,2.0793668241582206,"[0, 0, 0, 5]",50.5,0.11999999999999744,99.762376237623769,46.606751467710367,0.77699491495968998,1.7675023654995703,0.08203125,19,21.739999999999998,49.960000000000001,50.329999999999998,46.869999999999997,2.7679999999999998,0.42000000000000171,0,0,0,60
cifar100_simplecnn_P2_seed300,cifar100_simplecnn,cifar100,simplecnn,P2,300,0.5,"[1, 1, 5, 5]","[10, 10, 60, 60]",56.110167487929921,360739,48.833333333333336,49.280000000000001,2.1154365524438261,65,True,2.015436552443826,False,0.98871323466300964,86.700000000000003,71.299999999999997,d75dd19ca3178d43473031630469bcfc5d738e1cf54c3c9685b35cf808b684ff,1.4543348775645268,0.56110167487929918,0.10000000000000001,2.1154365524438261,"[1, 1, 5, 5]",50.5,1.2199999999999989,97.584158415841586,45.667612524461845,0.67576256715199967,1.662877869272491,0.130859375,18.733333333333334,18.82,49.460000000000001,50.270000000000003,44.130000000000003,2.1060000000000003,-0.17999999999999972,10,10,60,60
cifar100_simplecnn_P2_seed301,cifar100_simplecnn,cifar100,simplecnn,P2,301,0.5,"[0, 0, 5, 5]","[0, 0, 60, 60]",55.810126424767311,358810,49.200000000000003,49.109999999999999,2.123356062394596,62,False,2.0233560623945959,False,0.99432744085788727,90.5,75.5,d75dd19ca3178d43473031630469bcfc5d738e1cf54c3c9685b35cf808b684ff,1.4652547981469226,0.55810126424767315,0.10000000000000001,2.123356062394596,"[0, 0, 5, 5]",50.5,1.3900000000000006,97.247524752475243,45.801565557729937,0.73966482557480595,1.7341109982062597,0.119140625,18.800000000000001,19.059999999999999,49.5,50.280000000000001,44.5,2.1659999999999999,-0.39000000000000057,0,0,60,60
cifar100_simplecnn_P2_seed302,cifar100_simplecnn,cifar100,simplecnn,P2,302,0.5,"[0, 0, 1, 5]","[0, 0, 10, 60]",50.07621571848091,321946,50.133333333333333,50.350000000000001,2.1438131168141936,47,False,1.9938131168141937,False,1.0366449877619743,82,68.700000000000003,d75dd19ca3178d43473031630469bcfc5d738e1cf54c3c9685b35cf808b684ff,1.4930509596293846,0.5007621571848091,0.15000000000000002,2.1438131168141936,"[0, 0, 1, 5]",50.5,0.14999999999999858,99.702970297029708,45.581669928245262,0.72636665180696491,1.7123394227429432,0.138671875,18.866666666666667,21.239999999999998,49.899999999999999,50.409999999999997,46.579999999999998,2.5390000000000001,0.45000000000000284,0,0,10,60
cifar100_simplecnn_P2_seed303,cifar100_simplecnn,cifar100,simplecnn,P2,303,0.5,"[0, 0, 5, 5]","[0, 0, 60, 60]",55.810126424767311,358810,49.200000000000003,49.109999999999999,2.123356062394596,62,False,2.0233560623945959,False,1.0196046903729439,88.200000000000003,75.200000000000003,d75dd19ca3178d43473031630469bcfc5d738e1cf54c3c9685b35cf808b684ff,1.4652547981469226,0.55810126424767315,0.10000000000000001,2.123356062394596,"[0, 0, 5, 5]",50.5,1.3900000000000006,97.247524752475243,45.214840182648402,0.77496921019425924,1.7685287706960044,0.14453125,19.166666666666668,19.059999999999999,49.5,50.280000000000001,44.5,2.1659999999999999,-0.39000000000000057,0,0,60,60
cifar100_simplecnn_P2_seed304,cifar100_simplecnn,cifar100,simplecnn,P2,304,0.5,"[0, 0, 0, 5]","[0, 0, 0, 60]",48.929402468767108,314573,50.033333333333331,50.380000000000003,2.0793668241582206,85,False,1.9793668241582203,False,1.1434399783611298,75.099999999999994,61.299999999999997,d75dd19ca3178d43473031630469bcfc5d738e1cf54c3c9685b35cf808b684ff,1.4900727994705494,0.48929402468767108,0.10000000000000001,2.0793668241582206,"[0, 0, 0, 5]",50.5,0.11999999999999744,99.762376237623769,46.291258969341165,0.70462640443070979,1.6872735791136189,0.109375,19,21.739999999999998,49.960000000000001,50.329999999999998,46.869999999999997,2.7679999999999998,0.42000000000000171,0,0,0,60
cifar100_simplecnn_P2_seed305,cifar100_simplecnn,cifar100,simplecnn,P2,305,0.5,"[1, 1, 4, 4]","[10, 10, 40, 40]",37.506688318152406,241135,50,50.200000000000003,1.9641469625991284,172,False,1.8641469625991283,False,1.314888671040535,75.700000000000003,62.399999999999999,d75dd19ca3178d43473031630469bcfc5d738e1cf54c3c9685b35cf808b684ff,1.4890800794176042,0.37506688318152409,0.10000000000000001,1.9641469625991284,"[1, 1, 4, 4]",50.5,0.29999999999999716,99.405940594059402,45.724233529028055,0.70966308774527953,1.6711593104096094,0.12109375,18.899999999999999,33,50.439999999999998,50.539999999999999,48.990000000000002,4.6589999999999998,-0.23999999999999488,10,10,40,40
cifar100_simplecnn_P2_seed306,cifar100_simplecnn,cifar100,simplecnn,P2,306,0.5,"[1, 1, 5, 5]","[10, 10, 60, 60]",56.110167487929921,360739,48.833333333333336,49.280000000000001,2.1154365524438261,65,True,2.015436552443826,False,1.0985363572835922,70.099999999999994,57,d75dd19ca3178d43473031630469bcfc5d738e1cf54c3c9685b35cf808b684ff,1.4543348775645268,0.56110167487929918,0.10000000000000001,2.1154365524438261,"[1, 1, 5, 5]",50.5,1.2199999999999989,97.584158415841586,46.342791911285062,0.66512553929383678,1.6453389459417271,0.099609375,19.166666666666668,18.82,49.460000000000001,50.270000000000003,44.130000000000003,2.1060000000000003,-0.17999999999999972,10,10,60,60
cifar100_simplecnn_P2_seed307,cifar100_simplecnn,cifar100,simplecnn,P2,307,0.5,"[0, 0, 5, 5]","[0, 0, 60, 60]",55.810126424767311,358810,49.200000000000003,49.109999999999999,2.123356062394596,62,False,2.0233560623945959,False,1.0938788205385208,73.5,60.299999999999997,d75dd19ca3178d43473031630469bcfc5d738e1cf54c3c9685b35cf808b684ff,1.4652547981469226,0.55810126424767315,0.10000000000000001,2.123356062394596,"[0, 0, 5, 5]",50.5,1.3900000000000006,97.247524752475243,45.301696020874097,0.65830720292559819,1.6393433559231645,0.15625,18.733333333333334,19.059999999999999,49.5,50.280000000000001,44.5,2.1659999999999999,-0.39000000000000057,0,0,60,60
cifar100_simplecnn_P2_seed308,cifar100_simplecnn,cifar100,simplecnn,P2,308,0.5,"[1, 1, 5, 5]","[10, 10, 60, 60]",56.110167487929921,360739,48.833333333333336,49.280000000000001,2.1154365524438261,65,True,2.015436552443826,False,1.2961788922548294,73.799999999999997,60.600000000000001,d75dd19ca3178d43473031630469bcfc5d738e1cf54c3c9685b35cf808b684ff,1.4543348775645268,0.56110167487929918,0.10000000000000001,2.1154365524438261,"[1, 1, 5, 5]",50.5,1.2199999999999989,97.584158415841586,45.315133724722763,0.66541643684500829,1.6387430775175273,0.1640625,18.966666666666665,18.82,49.460000000000001,50.270000000000003,44.130000000000003,2.1060000000000003,-0.17999999999999972,10,10,60,60
cifar100_simplecnn_P2_seed309,cifar100_simplecnn,cifar100,simplecnn,P2,309,0.5,"[0, 0, 5, 5]","[0, 0, 60, 60]",55.810126424767311,358810,49.200000000000003,49.109999999999999,2.123356062394596,62,False,2.0233560623945959,False,0.99898544698953629,79.799999999999997,66.599999999999994,d75dd19ca3178d43473031630469bcfc5d738e1cf54c3c9685b35cf808b684ff,1.4652547981469226,0.55810126424767315,0.10000000000000001,2.123356062394596,"[0, 0, 5, 5]",50.5,1.3900000000000006,97.247524752475243,45.615818656229614,0.7190602120152022,1.7011325625038582,0.123046875,19,19.059999999999999,49.5,50.280000000000001,44.5,2.1659999999999999,-0.39000000000000057,0,0,60,60
cifar100_simplecnn_P2_seed310,cifar100_simplecnn,cifar100,simplecnn,P2,310,0.5,"[0, 0, 5, 5]","[0, 0, 60, 60]",55.810126424767311,358810,49.200000000000003,49.109999999999999,2.123356062394596,62,False,2.0233560623945959,False,0.97684914991259575,88.5,75.700000000000003,d75dd19ca3178d43473031630469bcfc5d738e1cf54c3c9685b35cf808b684ff,1.4652547981469226,0.55810126424767315,0.10000000000000001,2.123356062394596,"[0, 0, 5, 5]",50.5,1.3900000000000006,97.247524752475243,45.352087410306581,0.73983407505912402,1.7314385730454269,0.142578125,18.966666666666665,19.059999999999999,49.5,50.280000000000001,44.5,2.1659999999999999,-0.39000000000000057,0,0,60,60
cifar100_simplecnn_P2_seed311,cifar100_simplecnn,cifar100,simplecnn,P2,311,0.5,"[1, 1, 5, 5]","[10, 10, 60, 60]",56.110167487929921,360739,48.833333333333336,49.280000000000001,2.1154365524438261,65,True,2.015436552443826,False,0.9965934231877327,84.299999999999997,71.5,d75dd19ca3178d43473031630469bcfc5d738e1cf54c3c9685b35cf808b684ff,1.4543348775645268,0.56110167487929918,0.10000000000000001,2.1154365524438261,"[1, 1, 5, 5]",50.5,1.2199999999999989,97.584158415841586,46.00159817351598,0.75654821721357934,1.7474889930184141,0.12109375,18.966666666666665,18.82,49.460000000000001,50.270000000000003,44.130000000000003,2.1060000000000003,-0.17999999999999972,10,10,60,60
cifar100_simplecnn_P2_seed312,cifar100_simplecnn,cifar100,simplecnn,P2,312,0.5,"[0, 0, 0, 5]","[0, 0, 0, 60]",48.929402468767108,314573,50.033333333333331,50.380000000000003,2.0793668241582206,85,False,1.9793668241582203,False,1.053418293595314,79.799999999999997,67,d75dd19ca3178d43473031630469bcfc5d738e1cf54c3c9685b35cf808b684ff,1.4900727994705494,0.48929402468767108,0.10000000000000001,2.0793668241582206,"[0, 0, 0, 5]",50.5,0.11999999999999744,99.762376237623769,45.704533594259622,0.72325744811067705,1.7093166632845291,0.123046875,18.966666666666665,21.739999999999998,49.960000000000001,50.329999999999998,46.869999999999997,2.7679999999999998,0.42000000000000171,0,0,0,60
cifar100_simplecnn_P2_seed313,cifar100_simplecnn,cifar100,simplecnn,P2,313,0.5,"[1, 1, 5, 5]","[10, 10, 60, 60]",56.110167487929921,360739,48.833333333333336,49.280000000000001,2.1154365524438261,65,True,2.015436552443826,False,0.99131752550601959,81.299999999999997,68.200000000000003,d75dd19ca3178d43473031630469bcfc5d738e1cf54c3c9685b35cf808b684ff,1.4543348775645268,0.56110167487929918,0.10000000000000001,2.1154365524438261,"[1, 1, 5, 5]",50.5,1.2199999999999989,97.584158415841586,44.892139595564259,0.71179684017257394,1.6982629177146764,0.15625,18.733333333333334,18.82,49.460000000000001,50.270000000000003,44.130000000000003,2.1060000000000003,-0.17999999999999972,10,10,60,60
cifar100_simplecnn_P2_seed314,cifar100_simplecnn,cifar100,simplecnn,P2,314,0.5,"[0, 0, 5, 5]","[0, 0, 60, 60]",55.810126424767311,358810,49.200000000000003,49.109999999999999,2.123356062394596,62,False,2.0233560623945959,False,0.91522112488746643,78.400000000000006,65.299999999999997,d75dd19ca3178d43473031630469bcfc5d738e1cf54c3c9685b35cf808b684ff,1.4652547981469226,0.55810126424767315,0.10000000000000001,2.123356062394596,"[0, 0, 5, 5]",50.5,1.3900000000000006,97.247524752475243,46.111643835616441,0.72277463373353779,1.7104894738044907,0.146484375,18.966666666666665,19.059999999999999,49.5,50.280000000000001,44.5,2.1659999999999999,-0.39000000000000057,0,0,60,60
cifar100_simplecnn_P2_seed315,cifar100_simplecnn,cifar100,simplecnn,P2,315,0.5,"[0, 0, 5, 5]","[0, 0, 60, 60]",55.810126424767311,358810,49.200000000000003,49.109999999999999,2.123356062394596,62,False,2.0233560623945959,False,0.87535610795021057,80.599999999999994,67.200000000000003,d75dd19ca3178d43473031630469bcfc5d738e1cf54c3c9685b35cf808b684ff,1.4652547981469226,0.55810126424767315,0.10000000000000001,2.123356062394596,"[0, 0, 5, 5]",50.5,1.3900000000000006,97.247524752475243,46.634344422700593,0.74162479504945256,1.7371753856133283,0.09765625,20.966666666666665,19.059999999999999,49.5,50.280000000000001,44.5,2.1659999999999999,-0.39000000000000057,0,0,60,60
cifar100_simplecnn_P2_seed316,cifar100_simplecnn,cifar100,simplecnn,P2,316,0.5,"[1, 1, 5, 5]","[10, 10, 60, 60]",56.110167487929921,360739,48.833333333333336,49.280000000000001,2.1154365524438261,65,True,2.015436552443826,False,1.1065962910652161,74.099999999999994,61.100000000000001,d75dd19ca3178d43473031630469bcfc5d738e1cf54c3c9685b35cf808b684ff,1.4543348775645268,0.56110167487929918,0.10000000000000001,2.1154365524438261,"[1, 1, 5, 5]",50.5,1.2199999999999989,97.584158415841586,46.056196999347684,0.68435197848113694,1.666111105843862,0.12890625,18.866666666666667,18.82,49.460000000000001,50.270000000000003,44.130000000000003,2.1060000000000003,-0.17999999999999972,10,10,60,60
cifar100_simplecnn_P2_seed317,cifar100_simplecnn,cifar100,simplecnn,P2,317,0.5,"[1, 1, 1, 5]","[10, 10, 10, 60]",50.376256781643519,323875,49.866666666666667,50.159999999999997,2.0888717670222592,81,False,1.9888717670222591,False,0.8744494840502739,82.400000000000006,69,d75dd19ca3178d43473031630469bcfc5d738e1cf54c3c9685b35cf808b684ff,1.4851091992058238,0.50376256781643525,0.10000000000000001,2.0888717670222592,"[1, 1, 1, 5]",50.5,0.34000000000000341,99.32673267326733,44.597097195042394,0.68841849957309842,1.6817945340254172,0.130859375,19.133333333333333,20.309999999999999,49.880000000000003,50.369999999999997,46.560000000000002,2.5940000000000003,0.27999999999999403,10,10,10,60
cifar100_simplecnn_P2_seed318,cifar100_simplecnn,cifar100,simplecnn,P2,318,0.5,"[0, 0, 5, 5]","[0, 0, 60, 60]",55.810126424767311,358810,49.200000000000003,49.109999999999999,2.123356062394596,62,False,2.0233560623945959,False,1.0573625937104225,100,79.099999999999994,d75dd19ca3178d43473031630469bcfc5d738e1cf54c3c9685b35cf808b684ff,1.4652547981469226,0.55810126424767315,0.10000000000000001,2.123356062394596,"[0, 0, 5, 5]",50.5,1.3900000000000006,97.247524752475243,45.514742335290279,0.7477895564001239,1.7434065596343831,0.1171875,18.866666666666667,19.059999999999999,49.5,50.280000000000001,44.5,2.1659999999999999,-0.39000000000000057,0,0,60,60
cifar100_simplecnn_P2_seed319,cifar100_simplecnn,cifar100,simplecnn,P2,319,0.5,"[0, 0, 0, 5]","[0, 0, 0, 60]",48.929402468767108,314573,50.033333333333331,50.380000000000003,2.0793668241582206,85,False,1.9793668241582203,False,1.0308805629611015,95.200000000000003,78.799999999999997,d75dd19ca3178d43473031630469bcfc5d738e1cf54c3c9685b35cf808b684ff,1.4900727994705494,0.48929402468767108,0.10000000000000001,2.0793668241582206,"[0, 0, 0, 5]",50.5,0.11999999999999744,99.762376237623769,45.969797782126548,0.72398280304346829,1.7116551134854006,0.1015625,19,21.739999999999998,49.960000000000001,50.329999999999998,46.869999999999997,2.7679999999999998,0.42000000000000171,0,0,0,60
cifar100_simplecnn_P3_seed300,cifar100_simplecnn,cifar100,simplecnn,P3,300,0.5,"[1, 1, 5, 5]","[10, 10, 60, 60]",56.110167487929921,360739,48.833333333333336,49.280000000000001,2.1154365524438261,65,True,2.015436552443826,False,1.0101176500320435,88.799999999999997,70.900000000000006,d75dd19ca3178d43473031630469bcfc5d738e1cf54c3c9685b35cf808b684ff,1.4543348775645268,0.56110167487929918,0.10000000000000001,2.1154365524438261,"[1, 1, 5, 5]",50.5,1.2199999999999989,97.584158415841586,45.770156555772992,0.67972784078459236,1.6705910592681485,0.12890625,18.733333333333334,18.82,49.460000000000001,50.270000000000003,44.130000000000003,2.1060000000000003,-0.17999999999999972,10,10,60,60
cifar100_simplecnn_P3_seed301,cifar100_simplecnn,cifar100,simplecnn,P3,301,0.5,"[0, 0, 5, 5]","[0, 0, 60, 60]",55.810126424767311,358810,49.200000000000003,49.109999999999999,2.123356062394596,62,False,2.0233560623945959,False,1.0297432392835617,93,77.799999999999997,d75dd19ca3178d43473031630469bcfc5d738e1cf54c3c9685b35cf808b684ff,1.4652547981469226,0.55810126424767315,0.10000000000000001,2.123356062394596,"[0, 0, 5, 5]",50.5,1.3900000000000006,97.247524752475243,45.828701891715589,0.75268948008674041,1.7459851184640602,0.119140625,18.899999999999999,19.059999999999999,49.5,50.280000000000001,44.5,2.1659999999999999,-0.39000000000000057,0,0,60,60
cifar100_simplecnn_P3_seed302,cifar100_simplecnn,cifar100,simplecnn,P3,302,0.5,"[0, 0, 5, 5]","[0, 0, 60, 60]",55.810126424767311,358810,49.200000000000003,49.109999999999999,2.123356062394596,62,False,2.0233560623945959,False,1.0484137088060379,83.400000000000006,66.799999999999997,d75dd19ca3178d43473031630469bcfc5d738e1cf54c3c9685b35cf808b684ff,1.4652547981469226,0.55810126424767315,0.10000000000000001,2.123356062394596,"[0, 0, 5, 5]",50.5,1.3900000000000006,97.247524752475243,45.735094585779514,0.71690530340236791,1.7023537811060221,0.140625,18.866666666666667,19.059999999999999,49.5,50.280000000000001,44.5,2.1659999999999999,-0.39000000000000057,0,0,60,60
cifar100_simplecnn_P3_seed303,cifar100_simplecnn,cifar100,simplecnn,P3,303,0.5,"[0, 0, 5, 5]","[0, 0, 60, 60]",55.810126424767311,358810,49.200000000000003,49.109999999999999,2.123356062394596,62,False,2.0233560623945959,False,0.90786075592041016,87.400000000000006,72.799999999999997,d75dd19ca3178d43473031630469bcfc5d738e1cf54c3c9685b35cf808b684ff,1.4652547981469226,0.55810126424767315,0.10000000000000001,2.123356062394596,"[0, 0, 5, 5]",50.5,1.3900000000000006,97.247524752475243,45.093281148075661,0.74962107760542196,1.7473802446206883,0.134765625,19.166666666666668,19.059999999999999,49.5,50.280000000000001,44.5,2.1659999999999999,-0.39000000000000057,0,0,60,60
cifar100_simplecnn_P3_seed304,cifar100_simplecnn,cifar100,simplecnn,P3,304,0.5,"[0, 0, 0, 5]","[0, 0, 0, 60]",48.929402468767108,314573,50.033333333333331,50.380000000000003,2.0793668241582206,85,False,1.9793668241582203,False,1.0542415902018547,81.400000000000006,65.099999999999994,d75dd19ca3178d43473031630469bcfc5d738e1cf54c3c9685b35cf808b684ff,1.4900727994705494,0.48929402468767108,0.10000000000000001,2.0793668241582206,"[0, 0, 0, 5]",50.5,0.11999999999999744,99.762376237623769,46.340443574690148,0.72992315771180749,1.718482382180226,0.1015625,18.733333333333334,21.739999999999998,49.960000000000001,50.329999999999998,46.869999999999997,2.7679999999999998,0.42000000000000171,0,0,0,60
cifar100_simplecnn_P3_seed305,cifar100_simplecnn,cifar100,simplecnn,P3,305,0.5,"[1, 1, 5, 5]","[10, 10, 60, 60]",56.110167487929921,360739,48.833333333333336,49.280000000000001,2.1154365524438261,65,True,2.015436552443826,False,1.0770300626754761,82.099999999999994,68,d75dd19ca3178d43473031630469bcfc5d738e1cf54c3c9685b35cf808b684ff,1.4543348775645268,0.56110167487929918,0.10000000000000001,2.1154365524438261,"[1, 1, 5, 5]",50.5,1.2199999999999989,97.584158415841586,45.703359425962162,0.7285374275589539,1.7059137613689199,0.109375,18.899999999999999,18.82,49.460000000000001,50.270000000000003,44.130000000000003,2.1060000000000003,-0.17999999999999972,10,10,60,60
cifar100_simplecnn_P3_seed306,cifar100_simplecnn,cifar100,simplecnn,P3,306,0.5,"[1, 1, 5, 5]","[10, 10, 60, 60]",56.110167487929921,360739,48.833333333333336,49.280000000000001,2.1154365524438261,65,True,2.015436552443826,False,1.1206682473421097,71.200000000000003,57.100000000000001,d75dd19ca3178d43473031630469bcfc5d738e1cf54c3c9685b35cf808b684ff,1.4543348775645268,0.56110167487929918,0.10000000000000001,2.1154365524438261,"[1, 1, 5, 5]",50.5,1.2199999999999989,97.584158415841586,46.448695368558383,0.66757739008228245,1.6450063885023101,0.091796875,19.466666666666665,18.82,49.460000000000001,50.270000000000003,44.130000000000003,2.1060000000000003,-0.17999999999999972,10,10,60,60
cifar100_simplecnn_P3_seed307,cifar100_simplecnn,cifar100,simplecnn,P3,307,0.5,"[1, 1, 5, 5]","[10, 10, 60, 60]",56.110167487929921,360739,48.833333333333336,49.280000000000001,2.1154365524438261,65,True,2.015436552443826,False,1.2341828793287277,74.5,59.700000000000003,d75dd19ca3178d43473031630469bcfc5d738e1cf54c3c9685b35cf808b684ff,1.4543348775645268,0.56110167487929918,0.10000000000000001,2.1154365524438261,"[1, 1, 5, 5]",50.5,1.2199999999999989,97.584158415841586,45.449380300065229,0.66602014371094609,1.6415274265382203,0.16015625,18.733333333333334,18.82,49.460000000000001,50.270000000000003,44.130000000000003,2.1060000000000003,-0.17999999999999972,10,10,60,60
cifar100_simplecnn_P3_seed308,cifar100_simplecnn,cifar100,simplecnn,P3,308,0.5,"[1, 1, 5, 5]","[10, 10, 60, 60]",56.110167487929921,360739,48.833333333333336,49.280000000000001,2.1154365524438261,65,True,2.015436552443826,False,1.2290972024202347,75.400000000000006,61.5,d75dd19ca3178d43473031630469bcfc5d738e1cf54c3c9685b35cf808b684ff,1.4543348775645268,0.56110167487929918,0.10000000000000001,2.1154365524438261,"[1, 1, 5, 5]",50.5,1.2199999999999989,97.584158415841586,45.471819960861055,0.67409500638463449,1.6488017576440956,0.158203125,18.966666666666665,18.82,49.460000000000001,50.270000000000003,44.130000000000003,2.1060000000000003,-0.17999999999999972,10,10,60,60
cifar100_simplecnn_P3_seed309,cifar100_simplecnn,cifar100,simplecnn,P3,309,0.5,"[0, 0, 0, 5]","[0, 0, 0, 60]",48.929402468767108,314573,50.033333333333331,50.380000000000003,2.0793668241582206,85,False,1.9793668241582203,False,1.0568628758192062,78.700000000000003,65.599999999999994,d75dd19ca3178d43473031630469bcfc5d738e1cf54c3c9685b35cf808b684ff,1.4900727994705494,0.48929402468767108,0.10000000000000001,2.0793668241582206,"[0, 0, 0, 5]",50.5,0.11999999999999744,99.762376237623769,45.726320939334641,0.71390792525821878,1.6912648516996438,0.12109375,19,21.739999999999998,49.960000000000001,50.329999999999998,46.869999999999997,2.7679999999999998,0.42000000000000171,0,0,0,60
cifar100_simplecnn_P3_seed310,cifar100_simplecnn,cifar100,simplecnn,P3,310,0.5,"[0, 0, 0, 5]","[0, 0, 0, 60]",48.929402468767108,314573,50.033333333333331,50.380000000000003,2.0793668241582206,85,False,1.9793668241582203,False,0.91083291172981262,89.700000000000003,76.900000000000006,d75dd19ca3178d43473031630469bcfc5d738e1cf54c3c9685b35cf808b684ff,1.4900727994705494,0.48929402468767108,0.10000000000000001,2.0793668241582206,"[0, 0, 0, 5]",50.5,0.11999999999999744,99.762376237623769,46.567384213959556,0.77692842409085061,1.7761780580763038,0.091796875,18.966666666666665,21.739999999999998,49.960000000000001,50.329999999999998,46.869999999999997,2.7679999999999998,0.42000000000000171,0,0,0,60
cifar100_simplecnn_P3_seed311,cifar100_simplecnn,cifar100,simplecnn,P3,311,0.5,"[1, 1, 5, 5]","[10, 10, 60, 60]",56.110167487929921,360739,48.833333333333336,49.280000000000001,2.1154365524438261,65,True,2.015436552443826,False,1.0952927768230438,84.599999999999994,71.900000000000006,d75dd19ca3178d43473031630469bcfc5d738e1cf54c3c9685b35cf808b684ff,1.4543348775645268,0.56110167487929918,0.10000000000000001,2.1154365524438261,"[1, 1, 5, 5]",50.5,1.2199999999999989,97.584158415841586,46.132713633398566,0.76202011348782384,1.7521048718415182,0.1171875,18.966666666666665,18.82,49.460000000000001,50.270000000000003,44.130000000000003,2.1060000000000003,-0.17999999999999972,10,10,60,60
cifar100_simplecnn_P3_seed312,cifar100_simplecnn,cifar100,simplecnn,P3,312,0.5,"[0, 0, 5, 5]","[0, 0, 60, 60]",55.810126424767311,358810,49.200000000000003,49.109999999999999,2.123356062394596,62,False,2.0233560623945959,False,1.1131879314780235,80.099999999999994,67,d75dd19ca3178d43473031630469bcfc5d738e1cf54c3c9685b35cf808b684ff,1.4652547981469226,0.55810126424767315,0.10000000000000001,2.123356062394596,"[0, 0, 5, 5]",50.5,1.3900000000000006,97.247524752475243,45.852870189171554,0.72418832027442603,1.7082537516644338,0.119140625,18.966666666666665,19.059999999999999,49.5,50.280000000000001,44.5,2.1659999999999999,-0.39000000000000057,0,0,60,60
cifar100_simplecnn_P3_seed313,cifar100_simplecnn,cifar100,simplecnn,P3,313,0.5,"[1, 1, 5, 5]","[10, 10, 60, 60]",56.110167487929921,360739,48.833333333333336,49.280000000000001,2.1154365524438261,65,True,2.015436552443826,False,0.99113926291465759,83,69.599999999999994,d75dd19ca3178d43473031630469bcfc5d738e1cf54c3c9685b35cf808b684ff,1.4543348775645268,0.56110167487929918,0.10000000000000001,2.1154365524438261,"[1, 1, 5, 5]",50.5,1.2199999999999989,97.584158415841586,44.445433789954343,0.7003951673227603,1.6882061678715397,0.162109375,18.733333333333334,18.82,49.460000000000001,50.270000000000003,44.130000000000003,2.1060000000000003,-0.17999999999999972,10,10,60,60
cifar100_simplecnn_P3_seed314,cifar100_simplecnn,cifar100,simplecnn,P3,314,0.5,"[0, 0, 5, 5]","[0, 0, 60, 60]",55.810126424767311,358810,49.200000000000003,49.109999999999999,2.123356062394596,62,False,2.0233560623945959,False,0.9503256231546402,78.200000000000003,65.200000000000003,d75dd19ca3178d43473031630469bcfc5d738e1cf54c3c9685b35cf808b684ff,1.4652547981469226,0.55810126424767315,0.10000000000000001,2.123356062394596,"[0, 0, 5, 5]",50.5,1.3900000000000006,97.247524752475243,46.270026092628825,0.71862499905552746,1.7089935509512488,0.1328125,18.966666666666665,19.059999999999999,49.5,50.280000000000001,44.5,2.1659999999999999,-0.39000000000000057,0,0,60,60
cifar100_simplecnn_P3_seed315,cifar100_simplecnn,cifar100,simplecnn,P3,315,0.5,"[0, 0, 0, 5]","[0, 0, 0, 60]",48.929402468767108,314573,50.033333333333331,50.380000000000003,2.0793668241582206,85,False,1.9793668241582203,False,0.84136129170656204,79.200000000000003,65.900000000000006,d75dd19ca3178d43473031630469bcfc5d738e1cf54c3c9685b35cf808b684ff,1.4900727994705494,0.48929402468767108,0.10000000000000001,2.0793668241582206,"[0, 0, 0, 5]",50.5,0.11999999999999744,99.762376237623769,46.2554794520548,0.7202358914687681,1.7145824616882985,0.115234375,19.166666666666668,21.739999999999998,49.960000000000001,50.329999999999998,46.869999999999997,2.7679999999999998,0.42000000000000171,0,0,0,60
cifar100_simplecnn_P3_seed316,cifar100_simplecnn,cifar100,simplecnn,P3,316,0.5,"[0, 0, 5, 5]","[0, 0, 60, 60]",55.810126424767311,358810,49.200000000000003,49.109999999999999,2.123356062394596,62,False,2.0233560623945959,False,1.0504456609487534,84.5,71.400000000000006,d75dd19ca3178d43473031630469bcfc5d738e1cf54c3c9685b35cf808b684ff,1.4652547981469226,0.55810126424767315,0.10000000000000001,2.123356062394596,"[0, 0, 5, 5]",50.5,1.3900000000000006,97.247524752475243,46.439562948467064,0.75941185804199507,1.7542133863123019,0.1015625,18.899999999999999,19.059999999999999,49.5,50.280000000000001,44.5,2.1659999999999999,-0.39000000000000057,0,0,60,60
cifar100_simplecnn_P3_seed317,cifar100_simplecnn,cifar100,simplecnn,P3,317,0.5,"[1, 1, 5, 5]","[10, 10, 60, 60]",56.110167487929921,360739,48.833333333333336,49.280000000000001,2.1154365524438261,65,True,2.015436552443826,False,0.88457170128822327,80.599999999999994,67.299999999999997,d75dd19ca3178d43473031630469bcfc5d738e1cf54c3c9685b35cf808b684ff,1.4543348775645268,0.56110167487929918,0.10000000000000001,2.1154365524438261,"[1, 1, 5, 5]",50.5,1.2199999999999989,97.584158415841586,44.866829745596867,0.68386689736983286,1.6759716817745558,0.123046875,18.899999999999999,18.82,49.460000000000001,50.270000000000003,44.130000000000003,2.1060000000000003,-0.17999999999999972,10,10,60,60
cifar100_simplecnn_P3_seed318,cifar100_simplecnn,cifar100,simplecnn,P3,318,0.5,"[0, 0, 5, 5]","[0, 0, 60, 60]",55.810126424767311,358810,49.200000000000003,49.109999999999999,2.123356062394596,62,False,2.0233560623945959,False,1.0178481489419937,103.3,87.599999999999994,d75dd19ca3178d43473031630469bcfc5d738e1cf54c3c9685b35cf808b684ff,1.4652547981469226,0.55810126424767315,0.10000000000000001,2.123356062394596,"[0, 0, 5, 5]",50.5,1.3900000000000006,97.247524752475243,45.87116764514024,0.7459716355998155,1.7398529257450415,0.1015625,19.066666666666666,19.059999999999999,49.5,50.280000000000001,44.5,2.1659999999999999,-0.39000000000000057,0,0,60,60
cifar100_simplecnn_P3_seed319,cifar100_simplecnn,cifar100,simplecnn,P3,319,0.5,"[0, 0, 0, 5]","[0, 0, 0, 60]",48.929402468767108,314573,50.033333333333331,50.380000000000003,2.0793668241582206,85,False,1.9793668241582203,False,1.0516741275787354,91.400000000000006,77,d75dd19ca3178d43473031630469bcfc5d738e1cf54c3c9685b35cf808b684ff,1.4900727994705494,0.48929402468767108,0.10000000000000001,2.0793668241582206,"[0, 0, 0, 5]",50.5,0.11999999999999744,99.762376237623769,45.966797129810836,0.72820346205864794,1.7163149086799998,0.1015625,19,21.739999999999998,49.960000000000001,50.329999999999998,46.869999999999997,2.7679999999999998,0.42000000000000171,0,0,0,60
cifar10_lenet5_P0_seed300,cifar10_lenet5,cifar10,lenet5,P0,300,0,"[2, 2, 5, 5]","[20, 20, 60, 60]",57.338513841670711,35418,60.866666666666667,60.859999999999999,2.0932918258195068,76,False,1.9932918258195067,False,1.136922150850296,24.199999999999999,18.600000000000001,5ca6e0fce0fd4346562cd041230beff7722a4815cce5c9c4ea78039c396f9bdf,1.4199066874027995,0.57338513841670713,0.10000000000000001,2.0932918258195068,"[2, 2, 5, 5]",64.959999999999994,4.0999999999999943,93.688423645320199,58.320808871493803,0.63723866444023014,1.7196305499794486,0.349609375,34.633333333333333,40.020000000000003,57.530000000000001,62.899999999999999,58.259999999999998,11.118,3.3299999999999983,20,20,60,60
cifar10_lenet5_P0_seed301,cifar10_lenet5,cifar10,lenet5,P0,301,0,"[0, 0, 5, 5]","[0, 0, 60, 60]",56.415735794074791,34848,61.333333333333336,62.189999999999998,2.0949505150169534,73,False,1.9949505150169533,False,1.0245562419295311,13.699999999999999,11.5,5ca6e0fce0fd4346562cd041230beff7722a4815cce5c9c4ea78039c396f9bdf,1.4307931570762054,0.56415735794074795,0.10000000000000001,2.0949505150169534,"[0, 0, 5, 5]",64.959999999999994,2.769999999999996,95.735837438423658,59.667579908675798,0.7042667492765341,1.7683601749710489,0.21484375,37.5,39.68,57.560000000000002,63.140000000000001,59.240000000000002,11.09,4.6299999999999955,0,0,60,60
cifar10_lenet5_P0_seed302,cifar10_lenet5,cifar10,lenet5,P0,302,0,"[1, 1, 5, 5]","[10, 10, 60, 60]",56.877124817872755,35133,61.5,62.07,2.1034524301382924,69,True,2.0034524301382923,False,1.0299880877137184,14,12.1,5ca6e0fce0fd4346562cd041230beff7722a4815cce5c9c4ea78039c396f9bdf,1.4346811819595646,0.5687712481787276,0.10000000000000001,2.1034524301382924,"[1, 1, 5, 5]",64.959999999999994,2.8899999999999935,95.551108374384242,60.019569471624266,0.70641787999909333,1.7644875526894483,0.212890625,35.56666666666667,39.829999999999998,57.979999999999997,62.859999999999999,59.170000000000002,11.281000000000001,4.0900000000000034,10,10,60,60
cifar10_lenet5_P0_seed303,cifar10_lenet5,cifar10,lenet5,P0,303,0,"[2, 5, 5, 5]","[20, 60, 60, 60]",58.892666342884894,36378,50.833333333333336,51.219999999999999,1.8747742528534213,409,True,1.7747742528534212,False,0.86121011711657047,14.1,12.1,5ca6e0fce0fd4346562cd041230beff7722a4815cce5c9c4ea78039c396f9bdf,1.1858475894245724,0.58892666342884892,0.10000000000000001,1.8747742528534213,"[2, 5, 5, 5]",64.959999999999994,13.739999999999995,78.848522167487687,59.112002609262873,0.74579483033494764,1.7981882012237751,0.173828125,36.866666666666667,35.659999999999997,55.439999999999998,62.68,56.859999999999999,10.727,-4.2199999999999989,20,60,60,60
cifar10_lenet5_P0_seed304,cifar10_lenet5,cifar10,lenet5,P0,304,0,"[1, 1, 5, 5]","[10, 10, 60, 60]",56.877124817872755,35133,61.5,62.07,2.1034524301382924,69,True,2.0034524301382923,False,1.2217747122049332,14.6,12.6,5ca6e0fce0fd4346562cd041230beff7722a4815cce5c9c4ea78039c396f9bdf,1.4346811819595646,0.5687712481787276,0.10000000000000001,2.1034524301382924,"[1, 1, 5, 5]",64.959999999999994,2.8899999999999935,95.551108374384242,59.94748858447489,0.65206083914498791,1.7271390849772714,0.259765625,35.56666666666667,39.829999999999998,57.979999999999997,62.859999999999999,59.170000000000002,11.281000000000001,4.0900000000000034,10,10,60,60
cifar10_lenet5_P0_seed305,cifar10_lenet5,cifar10,lenet5,P0,305,0,"[0, 1, 5, 5]","[0, 10, 60, 60]",56.804273919378339,35088,61.333333333333336,62.259999999999998,2.1488358962699889,27,False,1.9988358962699888,False,1.0858211070299149,15.699999999999999,13.5,5ca6e0fce0fd4346562cd041230beff7722a4815cce5c9c4ea78039c396f9bdf,1.4307931570762054,0.56804273919378345,0.15000000000000002,2.1488358962699889,"[0, 1, 5, 5]",64.959999999999994,2.6999999999999957,95.84359605911331,59.733170254403127,0.72067639347482793,1.7783709192995862,0.205078125,36.333333333333336,40.149999999999999,57.689999999999998,62.960000000000001,59.109999999999999,11.199,4.5700000000000003,0,10,60,60
cifar10_lenet5_P0_seed306,cifar10_lenet5,cifar10,lenet5,P0,306,0,"[1, 1, 5, 5]","[10, 10, 60, 60]",56.877124817872755,35133,61.5,62.07,2.1034524301382924,69,True,2.0034524301382923,False,1.1698352247476578,14.1,11.9,5ca6e0fce0fd4346562cd041230beff7722a4815cce5c9c4ea78039c396f9bdf,1.4346811819595646,0.5687712481787276,0.10000000000000001,2.1034524301382924,"[1, 1, 5, 5]",64.959999999999994,2.8899999999999935,95.551108374384242,59.964318330071755,0.65991129513634394,1.7324835094560456,0.18359375,37.366666666666667,39.829999999999998,57.979999999999997,62.859999999999999,59.170000000000002,11.281000000000001,4.0900000000000034,10,10,60,60
cifar10_lenet5_P0_seed307,cifar10_lenet5,cifar10,lenet5,P0,307,0,"[1, 1, 4, 4]","[10, 10, 40, 40]",38.071879553181155,23517,63.766666666666666,64.189999999999998,1.968277115905062,236,False,1.868277115905062,False,1.0225018784403801,15.800000000000001,13.800000000000001,5ca6e0fce0fd4346562cd041230beff7722a4815cce5c9c4ea78039c396f9bdf,1.4875583203732505,0.38071879553181154,0.10000000000000001,1.968277115905062,"[1, 1, 4, 4]",64.959999999999994,0.76999999999999602,98.814655172413808,60.401076320939346,0.65117983513286837,1.7251813013427173,0.291015625,37.399999999999999,59.710000000000001,62.159999999999997,64.329999999999998,62.859999999999999,17.398,2.0300000000000011,10,10,40,40
cifar10_lenet5_P0_seed308,cifar10_lenet5,cifar10,lenet5,P0,308,0,"[3, 3, 4, 4]","[30, 30, 40, 40]",38.994657600777074,24087,62.06666666666667,62.729999999999997,1.937847042570757,276,False,1.8378470425707569,False,1.1621749252080917,14.300000000000001,12.300000000000001,5ca6e0fce0fd4346562cd041230beff7722a4815cce5c9c4ea78039c396f9bdf,1.4479004665629862,0.38994657600777077,0.10000000000000001,1.937847042570757,"[3, 3, 4, 4]",64.959999999999994,2.2299999999999969,96.567118226600996,60.178897586431837,0.6169015255120931,1.7058904424134487,0.2734375,33.93333333333333,58.549999999999997,62.909999999999997,64.239999999999995,62.409999999999997,17.09,-0.17999999999999972,30,30,40,40
cifar10_lenet5_P0_seed309,cifar10_lenet5,cifar10,lenet5,P0,309,0,"[2, 2, 4, 4]","[20, 20, 40, 40]",38.533268576979118,23802,62.899999999999999,62.979999999999997,1.9526732767495736,259,False,1.8526732767495735,False,1.1577833890914917,22.199999999999999,20.399999999999999,5ca6e0fce0fd4346562cd041230beff7722a4815cce5c9c4ea78039c396f9bdf,1.4673405909797823,0.38533268576979118,0.10000000000000001,1.9526732767495736,"[2, 2, 4, 4]",64.959999999999994,1.9799999999999969,96.951970443349765,61.082517938682322,0.64056094114802531,1.7144723832622402,0.17578125,34.93333333333333,59.729999999999997,62.270000000000003,64.189999999999998,62.549999999999997,17.350000000000001,0.70999999999999375,20,20,40,40
cifar10_lenet5_P0_seed310,cifar10_lenet5,cifar10,lenet5,P0,310,0,"[1, 1, 5, 5]","[10, 10, 60, 60]",56.877124817872755,35133,61.5,62.07,2.1034524301382924,69,True,2.0034524301382923,False,1.1048765629529953,14.699999999999999,12.300000000000001,5ca6e0fce0fd4346562cd041230beff7722a4815cce5c9c4ea78039c396f9bdf,1.4346811819595646,0.5687712481787276,0.10000000000000001,2.1034524301382924,"[1, 1, 5, 5]",64.959999999999994,2.8899999999999935,95.551108374384242,59.570417482061309,0.68796741947426876,1.7511288498073529,0.216796875,36.866666666666667,39.829999999999998,57.979999999999997,62.859999999999999,59.170000000000002,11.281000000000001,4.0900000000000034,10,10,60,60
cifar10_lenet5_P0_seed311,cifar10_lenet5,cifar10,lenet5,P0,311,0,"[2, 2, 5, 5]","[20, 20, 60, 60]",57.338513841670711,35418,60.866666666666667,60.859999999999999,2.0932918258195068,76,False,1.9932918258195067,False,1.0047518908977509,14,12.300000000000001,5ca6e0fce0fd4346562cd041230beff7722a4815cce5c9c4ea78039c396f9bdf,1.4199066874027995,0.57338513841670713,0.10000000000000001,2.0932918258195068,"[2, 2, 5, 5]",64.959999999999994,4.0999999999999943,93.688423645320199,59.170580560991517,0.68675320553989827,1.7530289867066073,0.21875,34.633333333333333,40.020000000000003,57.530000000000001,62.899999999999999,58.259999999999998,11.118,3.3299999999999983,20,20,60,60
cifar10_lenet5_P0_seed312,cifar10_lenet5,cifar10,lenet5,P0,312,0,"[2, 2, 5, 5]","[20, 20, 60, 60]",57.338513841670711,35418,60.866666666666667,60.859999999999999,2.0932918258195068,76,False,1.9932918258195067,False,1.1435387432575226,12.1,10.4,5ca6e0fce0fd4346562cd041230beff7722a4815cce5c9c4ea78039c396f9bdf,1.4199066874027995,0.57338513841670713,0.10000000000000001,2.0932918258195068,"[2, 2, 5, 5]",64.959999999999994,4.0999999999999943,93.688423645320199,59.234116112198301,0.64771475417267987,1.7193523499775376,0.263671875,35.56666666666667,40.020000000000003,57.530000000000001,62.899999999999999,58.259999999999998,11.118,3.3299999999999983,20,20,60,60
cifar10_lenet5_P0_seed313,cifar10_lenet5,cifar10,lenet5,P0,313,0,"[2, 2, 4, 4]","[20, 20, 40, 40]",38.533268576979118,23802,62.899999999999999,62.979999999999997,1.9526732767495736,259,False,1.8526732767495735,False,1.2873314619064331,12.1,10.5,5ca6e0fce0fd4346562cd041230beff7722a4815cce5c9c4ea78039c396f9bdf,1.4673405909797823,0.38533268576979118,0.10000000000000001,1.9526732767495736,"[2, 2, 4, 4]",64.959999999999994,1.9799999999999969,96.951970443349765,59.718917155903462,0.61601372129747856,1.7005331911172064,0.26953125,41.533333333333331,59.729999999999997,62.270000000000003,64.189999999999998,62.549999999999997,17.350000000000001,0.70999999999999375,20,20,40,40
cifar10_lenet5_P0_seed314,cifar10_lenet5,cifar10,lenet5,P0,314,0,"[0, 0, 5, 5]","[0, 0, 60, 60]",56.415735794074791,34848,61.333333333333336,62.189999999999998,2.0949505150169534,73,False,1.9949505150169533,False,1.2462878525257111,12.5,10.6,5ca6e0fce0fd4346562cd041230beff7722a4815cce5c9c4ea78039c396f9bdf,1.4307931570762054,0.56415735794074795,0.10000000000000001,2.0949505150169534,"[0, 0, 5, 5]",64.959999999999994,2.769999999999996,95.735837438423658,59.995988258317027,0.67028311509720517,1.7346670676194833,0.2421875,34.633333333333333,39.68,57.560000000000002,63.140000000000001,59.240000000000002,11.09,4.6299999999999955,0,0,60,60
cifar10_lenet5_P0_seed315,cifar10_lenet5,cifar10,lenet5,P0,315,0,"[1, 1, 4, 4]","[10, 10, 40, 40]",38.071879553181155,23517,63.766666666666666,64.189999999999998,1.968277115905062,236,False,1.868277115905062,False,1.0253477394580841,11.699999999999999,10.1,5ca6e0fce0fd4346562cd041230beff7722a4815cce5c9c4ea78039c396f9bdf,1.4875583203732505,0.38071879553181154,0.10000000000000001,1.968277115905062,"[1, 1, 4, 4]",64.959999999999994,0.76999999999999602,98.814655172413808,60.942498369210696,0.66014552433339135,1.7279417333441058,0.228515625,37.533333333333331,59.710000000000001,62.159999999999997,64.329999999999998,62.859999999999999,17.398,2.0300000000000011,10,10,40,40
cifar10_lenet5_P0_seed316,cifar10_lenet5,cifar10,lenet5,P0,316,0,"[3, 3, 5, 5]","[30, 30, 60, 60]",57.799902865468674,35703,61.100000000000001,61.229999999999997,2.1033489508941892,70,True,2.0033489508941891,False,1.0820142850279808,13.300000000000001,11.6,5ca6e0fce0fd4346562cd041230beff7722a4815cce5c9c4ea78039c396f9bdf,1.4253499222395023,0.57799902865468678,0.10000000000000001,2.1033489508941892,"[3, 3, 5, 5]",64.959999999999994,3.7299999999999969,94.258004926108384,59.913013698630131,0.69475779945447269,1.7566123579168247,0.201171875,36.866666666666667,38.109999999999999,57.170000000000002,62.799999999999997,56.909999999999997,11.050999999999998,4.0599999999999952,30,30,60,60
cifar10_lenet5_P0_seed317,cifar10_lenet5,cifar10,lenet5,P0,317,0,"[2, 2, 4, 4]","[20, 20, 40, 40]",38.533268576979118,23802,62.899999999999999,62.979999999999997,1.9526732767495736,259,False,1.8526732767495735,False,1.5996709167957306,12.300000000000001,10.4,5ca6e0fce0fd4346562cd041230beff7722a4815cce5c9c4ea78039c396f9bdf,1.4673405909797823,0.38533268576979118,0.10000000000000001,1.9526732767495736,"[2, 2, 4, 4]",64.959999999999994,1.9799999999999969,96.951970443349765,60.00319634703196,0.61568353368744766,1.7008720160588107,0.23828125,35.56666666666667,59.729999999999997,62.270000000000003,64.189999999999998,62.549999999999997,17.350000000000001,0.70999999999999375,20,20,40,40
cifar10_lenet5_P0_seed318,cifar10_lenet5,cifar10,lenet5,P0,318,0,"[3, 3, 5, 5]","[30, 30, 60, 60]",57.799902865468674,35703,61.100000000000001,61.229999999999997,2.1033489508941892,70,True,2.0033489508941891,False,0.99454388022422791,14.1,12.300000000000001,5ca6e0fce0fd4346562cd041230beff7722a4815cce5c9c4ea78039c396f9bdf,1.4253499222395023,0.57799902865468678,0.10000000000000001,2.1033489508941892,"[3, 3, 5, 5]",64.959999999999994,3.7299999999999969,94.258004926108384,59.527560339204172,0.69225154704606751,1.7564059396101683,0.177734375,33.93333333333333,38.109999999999999,57.170000000000002,62.799999999999997,56.909999999999997,11.050999999999998,4.0599999999999952,30,30,60,60
cifar10_lenet5_P0_seed319,cifar10_lenet5,cifar10,lenet5,P0,319,0,"[0, 0, 5, 5]","[0, 0, 60, 60]",56.415735794074791,34848,61.333333333333336,62.189999999999998,2.0949505150169534,73,False,1.9949505150169533,False,0.89883467182517052,13.199999999999999,11.300000000000001,5ca6e0fce0fd4346562cd041230beff7722a4815cce5c9c4ea78039c396f9bdf,1.4307931570762054,0.56415735794074795,0.10000000000000001,2.0949505150169534,"[0, 0, 5, 5]",64.959999999999994,2.769999999999996,95.735837438423658,60.085877364644489,0.71013003498326388,1.7701884150289482,0.1328125,35.56666666666667,39.68,57.560000000000002,63.140000000000001,59.240000000000002,11.09,4.6299999999999955,0,0,60,60
cifar10_lenet5_P1_seed300,cifar10_lenet5,cifar10,lenet5,P1,300,0.5,"[2, 2, 5, 5]","[20, 20, 60, 60]",57.338513841670711,35418,60.866666666666667,60.859999999999999,2.0932918258195068,76,False,1.9932918258195067,False,1.1802055537700653,16.800000000000001,14.6,5ca6e0fce0fd4346562cd041230beff7722a4815cce5c9c4ea78039c396f9bdf,1.4199066874027995,0.57338513841670713,0.10000000000000001,2.0932918258195068,"[2, 2, 5, 5]",64.959999999999994,4.0999999999999943,93.688423645320199,58.636170906718853,0.66992119320886434,1.7394563190138375,0.30859375,33.93333333333333,40.020000000000003,57.530000000000001,62.899999999999999,58.259999999999998,11.118,3.3299999999999983,20,20,60,60
cifar10_lenet5_P1_seed301,cifar10_lenet5,cifar10,lenet5,P1,301,0.5,"[0, 0, 5, 5]","[0, 0, 60, 60]",56.415735794074791,34848,61.333333333333336,62.189999999999998,2.0949505150169534,73,False,1.9949505150169533,False,1.0350135564804077,17,14.9,5ca6e0fce0fd4346562cd041230beff7722a4815cce5c9c4ea78039c396f9bdf,1.4307931570762054,0.56415735794074795,0.10000000000000001,2.0949505150169534,"[0, 0, 5, 5]",64.959999999999994,2.769999999999996,95.735837438423658,59.88336594911938,0.72461446629744086,1.783049920666923,0.173828125,36.766666666666666,39.68,57.560000000000002,63.140000000000001,59.240000000000002,11.09,4.6299999999999955,0,0,60,60
cifar10_lenet5_P1_seed302,cifar10_lenet5,cifar10,lenet5,P1,302,0.5,"[1, 1, 5, 5]","[10, 10, 60, 60]",56.877124817872755,35133,61.5,62.07,2.1034524301382924,69,True,2.0034524301382923,False,0.90764696896076202,16.5,13.6,5ca6e0fce0fd4346562cd041230beff7722a4815cce5c9c4ea78039c396f9bdf,1.4346811819595646,0.5687712481787276,0.10000000000000001,2.1034524301382924,"[1, 1, 5, 5]",64.959999999999994,2.8899999999999935,95.551108374384242,59.797782126549251,0.72902477540442323,1.7852724401914191,0.173828125,35.56666666666667,39.829999999999998,57.979999999999997,62.859999999999999,59.170000000000002,11.281000000000001,4.0900000000000034,10,10,60,60
cifar10_lenet5_P1_seed303,cifar10_lenet5,cifar10,lenet5,P1,303,0.5,"[2, 2, 5, 5]","[20, 20, 60, 60]",57.338513841670711,35418,60.866666666666667,60.859999999999999,2.0932918258195068,76,False,1.9932918258195067,False,0.89326705038547516,22,20.100000000000001,5ca6e0fce0fd4346562cd041230beff7722a4815cce5c9c4ea78039c396f9bdf,1.4199066874027995,0.57338513841670713,0.10000000000000001,2.0932918258195068,"[2, 2, 5, 5]",64.959999999999994,4.0999999999999943,93.688423645320199,59.510958904109586,0.74149256888982917,1.7961548943108303,0.13671875,37.5,40.020000000000003,57.530000000000001,62.899999999999999,58.259999999999998,11.118,3.3299999999999983,20,20,60,60
cifar10_lenet5_P1_seed304,cifar10_lenet5,cifar10,lenet5,P1,304,0.5,"[1, 2, 5, 5]","[10, 20, 60, 60]",57.265662943176302,35373,61.233333333333334,62.119999999999997,2.1511169715779528,26,False,2.0011169715779529,False,1.0537052378058434,15.4,13.4,5ca6e0fce0fd4346562cd041230beff7722a4815cce5c9c4ea78039c396f9bdf,1.4284603421461899,0.57265662943176299,0.15000000000000002,2.1511169715779528,"[1, 2, 5, 5]",64.959999999999994,2.8399999999999963,95.628078817733993,60.418134377038484,0.69342647092157861,1.7571437274640953,0.185546875,35.56666666666667,38.539999999999999,57.539999999999999,62.939999999999998,58.520000000000003,11.141,4.5799999999999983,10,20,60,60
cifar10_lenet5_P1_seed305,cifar10_lenet5,cifar10,lenet5,P1,305,0.5,"[1, 1, 5, 5]","[10, 10, 60, 60]",56.877124817872755,35133,61.5,62.07,2.1034524301382924,69,True,2.0034524301382923,False,1.0078919604420662,13.199999999999999,11.5,5ca6e0fce0fd4346562cd041230beff7722a4815cce5c9c4ea78039c396f9bdf,1.4346811819595646,0.5687712481787276,0.10000000000000001,2.1034524301382924,"[1, 1, 5, 5]",64.959999999999994,2.8899999999999935,95.551108374384242,60.150260926288325,0.74623608791906249,1.7971772488296327,0.14453125,36.333333333333336,39.829999999999998,57.979999999999997,62.859999999999999,59.170000000000002,11.281000000000001,4.0900000000000034,10,10,60,60
cifar10_lenet5_P1_seed306,cifar10_lenet5,cifar10,lenet5,P1,306,0.5,"[0, 0, 5, 5]","[0, 0, 60, 60]",56.415735794074791,34848,61.333333333333336,62.189999999999998,2.0949505150169534,73,False,1.9949505150169533,False,1.1900789737701416,13.1,11.300000000000001,5ca6e0fce0fd4346562cd041230beff7722a4815cce5c9c4ea78039c396f9bdf,1.4307931570762054,0.56415735794074795,0.10000000000000001,2.0949505150169534,"[0, 0, 5, 5]",64.959999999999994,2.769999999999996,95.735837438423658,59.332452707110242,0.72267791974249906,1.7791496231159463,0.189453125,37.366666666666667,39.68,57.560000000000002,63.140000000000001,59.240000000000002,11.09,4.6299999999999955,0,0,60,60
cifar10_lenet5_P1_seed307,cifar10_lenet5,cifar10,lenet5,P1,307,0.5,"[1, 1, 4, 4]","[10, 10, 40, 40]",38.071879553181155,23517,63.766666666666666,64.189999999999998,1.968277115905062,236,False,1.868277115905062,False,1.0114357769489288,12,10.4,5ca6e0fce0fd4346562cd041230beff7722a4815cce5c9c4ea78039c396f9bdf,1.4875583203732505,0.38071879553181154,0.10000000000000001,1.968277115905062,"[1, 1, 4, 4]",64.959999999999994,0.76999999999999602,98.814655172413808,60.726255707762562,0.65908318158807389,1.7271840850787967,0.26171875,37.399999999999999,59.710000000000001,62.159999999999997,64.329999999999998,62.859999999999999,17.398,2.0300000000000011,10,10,40,40
cifar10_lenet5_P1_seed308,cifar10_lenet5,cifar10,lenet5,P1,308,0.5,"[2, 2, 5, 5]","[20, 20, 60, 60]",57.338513841670711,35418,60.866666666666667,60.859999999999999,2.0932918258195068,76,False,1.9932918258195067,False,1.1342518031597137,13,11.4,5ca6e0fce0fd4346562cd041230beff7722a4815cce5c9c4ea78039c396f9bdf,1.4199066874027995,0.57338513841670713,0.10000000000000001,2.0932918258195068,"[2, 2, 5, 5]",64.959999999999994,4.0999999999999943,93.688423645320199,60.107240704500981,0.67630658335159322,1.7397312806609846,0.189453125,33.93333333333333,40.020000000000003,57.530000000000001,62.899999999999999,58.259999999999998,11.118,3.3299999999999983,20,20,60,60
cifar10_lenet5_P1_seed309,cifar10_lenet5,cifar10,lenet5,P1,309,0.5,"[0, 2, 4, 4]","[0, 20, 40, 40]",38.387566779990287,23712,63.766666666666666,64.189999999999998,2.0214339881731536,168,True,1.8714339881731534,False,1.2855504751205444,13.1,11.4,5ca6e0fce0fd4346562cd041230beff7722a4815cce5c9c4ea78039c396f9bdf,1.4875583203732505,0.3838756677999029,0.15000000000000002,2.0214339881731536,"[0, 2, 4, 4]",64.959999999999994,0.76999999999999602,98.814655172413808,60.517710371819959,0.66032837422269908,1.7253216773738473,0.1796875,37.533333333333331,60,61.850000000000001,64.25,62.729999999999997,17.262999999999998,2.3399999999999963,0,20,40,40
cifar10_lenet5_P1_seed310,cifar10_lenet5,cifar10,lenet5,P1,310,0.5,"[1, 1, 5, 5]","[10, 10, 60, 60]",56.877124817872755,35133,61.5,62.07,2.1034524301382924,69,True,2.0034524301382923,False,1.0561681091785431,12.9,11.1,5ca6e0fce0fd4346562cd041230beff7722a4815cce5c9c4ea78039c396f9bdf,1.4346811819595646,0.5687712481787276,0.10000000000000001,2.1034524301382924,"[1, 1, 5, 5]",64.959999999999994,2.8899999999999935,95.551108374384242,59.592172211350288,0.75539218278944309,1.8065882600845697,0.154296875,36.866666666666667,39.829999999999998,57.979999999999997,62.859999999999999,59.170000000000002,11.281000000000001,4.0900000000000034,10,10,60,60
cifar10_lenet5_P1_seed311,cifar10_lenet5,cifar10,lenet5,P1,311,0.5,"[1, 1, 5, 5]","[10, 10, 60, 60]",56.877124817872755,35133,61.5,62.07,2.1034524301382924,69,True,2.0034524301382923,False,1.1151414066553116,14.4,12.5,5ca6e0fce0fd4346562cd041230beff7722a4815cce5c9c4ea78039c396f9bdf,1.4346811819595646,0.5687712481787276,0.10000000000000001,2.1034524301382924,"[1, 1, 5, 5]",64.959999999999994,2.8899999999999935,95.551108374384242,59.739138943248527,0.7075920482965492,1.7685858979872031,0.16796875,34.633333333333333,39.829999999999998,57.979999999999997,62.859999999999999,59.170000000000002,11.281000000000001,4.0900000000000034,10,10,60,60
cifar10_lenet5_P1_seed312,cifar10_lenet5,cifar10,lenet5,P1,312,0.5,"[2, 2, 5, 5]","[20, 20, 60, 60]",57.338513841670711,35418,60.866666666666667,60.859999999999999,2.0932918258195068,76,False,1.9932918258195067,False,1.0825346112251282,13.6,11.800000000000001,5ca6e0fce0fd4346562cd041230beff7722a4815cce5c9c4ea78039c396f9bdf,1.4199066874027995,0.57338513841670713,0.10000000000000001,2.0932918258195068,"[2, 2, 5, 5]",64.959999999999994,4.0999999999999943,93.688423645320199,59.2527397260274,0.68215777980944314,1.7470690619724256,0.234375,34.633333333333333,40.020000000000003,57.530000000000001,62.899999999999999,58.259999999999998,11.118,3.3299999999999983,20,20,60,60
cifar10_lenet5_P1_seed313,cifar10_lenet5,cifar10,lenet5,P1,313,0.5,"[1, 1, 5, 5]","[10, 10, 60, 60]",56.877124817872755,35133,61.5,62.07,2.1034524301382924,69,True,2.0034524301382923,False,1.2104203552007675,17,13.800000000000001,5ca6e0fce0fd4346562cd041230beff7722a4815cce5c9c4ea78039c396f9bdf,1.4346811819595646,0.5687712481787276,0.10000000000000001,2.1034524301382924,"[1, 1, 5, 5]",64.959999999999994,2.8899999999999935,95.551108374384242,59.876516634050887,0.66646820149755559,1.7355898515056807,0.1796875,37.533333333333331,39.829999999999998,57.979999999999997,62.859999999999999,59.170000000000002,11.281000000000001,4.0900000000000034,10,10,60,60
cifar10_lenet5_P1_seed314,cifar10_lenet5,cifar10,lenet5,P1,314,0.5,"[0, 0, 5, 5]","[0, 0, 60, 60]",56.415735794074791,34848,61.333333333333336,62.189999999999998,2.0949505150169534,73,False,1.9949505150169533,False,0.91877265274524689,18.800000000000001,16.100000000000001,5ca6e0fce0fd4346562cd041230beff7722a4815cce5c9c4ea78039c396f9bdf,1.4307931570762054,0.56415735794074795,0.10000000000000001,2.0949505150169534,"[0, 0, 5, 5]",64.959999999999994,2.769999999999996,95.735837438423658,59.559328114807563,0.7111032195180923,1.7675551971498067,0.193359375,34.633333333333333,39.68,57.560000000000002,63.140000000000001,59.240000000000002,11.09,4.6299999999999955,0,0,60,60
cifar10_lenet5_P1_seed315,cifar10_lenet5,cifar10,lenet5,P1,315,0.5,"[0, 0, 4, 4]","[0, 0, 40, 40]",37.610490529383199,23232,63.866666666666667,64.159999999999997,1.9659960405970982,239,False,1.8659960405970981,False,1.0182860046625137,22.899999999999999,20.100000000000001,5ca6e0fce0fd4346562cd041230beff7722a4815cce5c9c4ea78039c396f9bdf,1.489891135303266,0.376104905293832,0.10000000000000001,1.9659960405970982,"[0, 0, 4, 4]",64.959999999999994,0.79999999999999716,98.768472906403957,61.264024787997393,0.6797081957551625,1.7423301573609533,0.1953125,41.600000000000001,60.100000000000001,62.329999999999998,64.290000000000006,62.920000000000002,17.419999999999998,1.8299999999999983,0,0,40,40
cifar10_lenet5_P1_seed316,cifar10_lenet5,cifar10,lenet5,P1,316,0.5,"[3, 3, 5, 5]","[30, 30, 60, 60]",57.799902865468674,35703,61.100000000000001,61.229999999999997,2.1033489508941892,70,True,2.0033489508941891,False,1.01624396443367,22,18.699999999999999,5ca6e0fce0fd4346562cd041230beff7722a4815cce5c9c4ea78039c396f9bdf,1.4253499222395023,0.57799902865468678,0.10000000000000001,2.1033489508941892,"[3, 3, 5, 5]",64.959999999999994,3.7299999999999969,94.258004926108384,59.686790606653616,0.71601221014136862,1.7739704740888851,0.1875,35.56666666666667,38.109999999999999,57.170000000000002,62.799999999999997,56.909999999999997,11.050999999999998,4.0599999999999952,30,30,60,60
cifar10_lenet5_P1_seed317,cifar10_lenet5,cifar10,lenet5,P1,317,0.5,"[1, 1, 5, 5]","[10, 10, 60, 60]",56.877124817872755,35133,61.5,62.07,2.1034524301382924,69,True,2.0034524301382923,False,1.396598756313324,22.399999999999999,19.699999999999999,5ca6e0fce0fd4346562cd041230beff7722a4815cce5c9c4ea78039c396f9bdf,1.4346811819595646,0.5687712481787276,0.10000000000000001,2.1034524301382924,"[1, 1, 5, 5]",64.959999999999994,2.8899999999999935,95.551108374384242,59.981539465101108,0.64093419670719076,1.721286699311094,0.162109375,33.93333333333333,39.829999999999998,57.979999999999997,62.859999999999999,59.170000000000002,11.281000000000001,4.0900000000000034,10,10,60,60
cifar10_lenet5_P1_seed318,cifar10_lenet5,cifar10,lenet5,P1,318,0.5,"[2, 2, 4, 4]","[20, 20, 40, 40]",38.533268576979118,23802,62.899999999999999,62.979999999999997,1.9526732767495736,259,False,1.8526732767495735,False,1.2416780889034271,22.199999999999999,19.600000000000001,5ca6e0fce0fd4346562cd041230beff7722a4815cce5c9c4ea78039c396f9bdf,1.4673405909797823,0.38533268576979118,0.10000000000000001,1.9526732767495736,"[2, 2, 4, 4]",64.959999999999994,1.9799999999999969,96.951970443349765,60.033105022831045,0.63294093646344141,1.7194394424828574,0.234375,34.633333333333333,59.729999999999997,62.270000000000003,64.189999999999998,62.549999999999997,17.350000000000001,0.70999999999999375,20,20,40,40
cifar10_lenet5_P1_seed319,cifar10_lenet5,cifar10,lenet5,P1,319,0.5,"[0, 0, 5, 5]","[0, 0, 60, 60]",56.415735794074791,34848,61.333333333333336,62.189999999999998,2.0949505150169534,73,False,1.9949505150169533,False,0.85926372185349464,18.100000000000001,15.1,5ca6e0fce0fd4346562cd041230beff7722a4815cce5c9c4ea78039c396f9bdf,1.4307931570762054,0.56415735794074795,0.10000000000000001,2.0949505150169534,"[0, 0, 5, 5]",64.959999999999994,2.769999999999996,95.735837438423658,59.879680365296807,0.73313436444551905,1.7904764719362265,0.125,35.233333333333334,39.68,57.560000000000002,63.140000000000001,59.240000000000002,11.09,4.6299999999999955,0,0,60,60
cifar10_lenet5_P2_seed300,cifar10_lenet5,cifar10,lenet5,P2,300,0.5,"[2, 2, 5, 5]","[20, 20, 60, 60]",57.338513841670711,35418,60.866666666666667,60.859999999999999,2.0932918258195068,76,False,1.9932918258195067,False,1.3265667259693146,25.600000000000001,20.199999999999999,5ca6e0fce0fd4346562cd041230beff7722a4815cce5c9c4ea78039c396f9bdf,1.4199066874027995,0.57338513841670713,0.10000000000000001,2.0932918258195068,"[2, 2, 5, 5]",64.959999999999994,4.0999999999999943,93.688423645320199,58.954827136333989,0.62272929905023844,1.7110617836775266,0.34375,34.633333333333333,40.020000000000003,57.530000000000001,62.899999999999999,58.259999999999998,11.118,3.3299999999999983,20,20,60,60
cifar10_lenet5_P2_seed301,cifar10_lenet5,cifar10,lenet5,P2,301,0.5,"[0, 0, 5, 5]","[0, 0, 60, 60]",56.415735794074791,34848,61.333333333333336,62.189999999999998,2.0949505150169534,73,False,1.9949505150169533,False,1.2102461159229279,14.800000000000001,12.9,5ca6e0fce0fd4346562cd041230beff7722a4815cce5c9c4ea78039c396f9bdf,1.4307931570762054,0.56415735794074795,0.10000000000000001,2.0949505150169534,"[0, 0, 5, 5]",64.959999999999994,2.769999999999996,95.735837438423658,59.95446836268755,0.6918586464574723,1.7549913345020305,0.21484375,37.5,39.68,57.560000000000002,63.140000000000001,59.240000000000002,11.09,4.6299999999999955,0,0,60,60
cifar10_lenet5_P2_seed302,cifar10_lenet5,cifar10,lenet5,P2,302,0.5,"[0, 0, 4, 4]","[0, 0, 40, 40]",37.610490529383199,23232,63.866666666666667,64.159999999999997,1.9659960405970982,239,False,1.8659960405970981,False,1.2617003917694092,13,11.5,5ca6e0fce0fd4346562cd041230beff7722a4815cce5c9c4ea78039c396f9bdf,1.489891135303266,0.376104905293832,0.10000000000000001,1.9659960405970982,"[0, 0, 4, 4]",64.959999999999994,0.79999999999999716,98.768472906403957,60.700358773646457,0.66619619339775904,1.731725664082487,0.236328125,37.533333333333331,60.100000000000001,62.329999999999998,64.290000000000006,62.920000000000002,17.419999999999998,1.8299999999999983,0,0,40,40
cifar10_lenet5_P2_seed303,cifar10_lenet5,cifar10,lenet5,P2,303,0.5,"[2, 2, 5, 5]","[20, 20, 60, 60]",57.338513841670711,35418,60.866666666666667,60.859999999999999,2.0932918258195068,76,False,1.9932918258195067,False,1.1158516407012939,11.300000000000001,11.199999999999999,5ca6e0fce0fd4346562cd041230beff7722a4815cce5c9c4ea78039c396f9bdf,1.4199066874027995,0.57338513841670713,0.10000000000000001,2.0932918258195068,"[2, 2, 5, 5]",64.959999999999994,4.0999999999999943,93.688423645320199,60.160861056751472,0.65304913524091612,1.7207218959329731,0.19140625,37.833333333333336,40.020000000000003,57.530000000000001,62.899999999999999,58.259999999999998,11.118,3.3299999999999983,20,20,60,60
cifar10_lenet5_P2_seed304,cifar10_lenet5,cifar10,lenet5,P2,304,0.5,"[1, 1, 4, 4]","[10, 10, 40, 40]",38.071879553181155,23517,63.766666666666666,64.189999999999998,1.968277115905062,236,False,1.868277115905062,False,1.2241230458021164,24.199999999999999,18.300000000000001,5ca6e0fce0fd4346562cd041230beff7722a4815cce5c9c4ea78039c396f9bdf,1.4875583203732505,0.38071879553181154,0.10000000000000001,1.968277115905062,"[1, 1, 4, 4]",64.959999999999994,0.76999999999999602,98.814655172413808,60.480397912589687,0.63712835004420132,1.7148771274991956,0.248046875,37.533333333333331,59.710000000000001,62.159999999999997,64.329999999999998,62.859999999999999,17.398,2.0300000000000011,10,10,40,40
cifar10_lenet5_P2_seed305,cifar10_lenet5,cifar10,lenet5,P2,305,0.5,"[1, 1, 5, 5]","[10, 10, 60, 60]",56.877124817872755,35133,61.5,62.07,2.1034524301382924,69,True,2.0034524301382923,False,1.2974334061145782,14.199999999999999,11.800000000000001,5ca6e0fce0fd4346562cd041230beff7722a4815cce5c9c4ea78039c396f9bdf,1.4346811819595646,0.5687712481787276,0.10000000000000001,2.1034524301382924,"[1, 1, 5, 5]",64.959999999999994,2.8899999999999935,95.551108374384242,59.685453359425971,0.70793432515546018,1.766585519755171,0.20703125,36.333333333333336,39.829999999999998,57.979999999999997,62.859999999999999,59.170000000000002,11.281000000000001,4.0900000000000034,10,10,60,60
cifar10_lenet5_P2_seed306,cifar10_lenet5,cifar10,lenet5,P2,306,0.5,"[1, 1, 5, 5]","[10, 10, 60, 60]",56.877124817872755,35133,61.5,62.07,2.1034524301382924,69,True,2.0034524301382923,False,1.1455792784690857,14,12.1,5ca6e0fce0fd4346562cd041230beff7722a4815cce5c9c4ea78039c396f9bdf,1.4346811819595646,0.5687712481787276,0.10000000000000001,2.1034524301382924,"[1, 1, 5, 5]",64.959999999999994,2.8899999999999935,95.551108374384242,59.764644487932166,0.67450528526849463,1.7446122266354875,0.212890625,37.366666666666667,39.829999999999998,57.979999999999997,62.859999999999999,59.170000000000002,11.281000000000001,4.0900000000000034,10,10,60,60
cifar10_lenet5_P2_seed307,cifar10_lenet5,cifar10,lenet5,P2,307,0.5,"[1, 1, 4, 4]","[10, 10, 40, 40]",38.071879553181155,23517,63.766666666666666,64.189999999999998,1.968277115905062,236,False,1.868277115905062,False,1.0600400045514107,13.300000000000001,11.199999999999999,5ca6e0fce0fd4346562cd041230beff7722a4815cce5c9c4ea78039c396f9bdf,1.4875583203732505,0.38071879553181154,0.10000000000000001,1.968277115905062,"[1, 1, 4, 4]",64.959999999999994,0.76999999999999602,98.814655172413808,60.497292889758647,0.65420970313338211,1.72660534466194,0.30078125,34.766666666666666,59.710000000000001,62.159999999999997,64.329999999999998,62.859999999999999,17.398,2.0300000000000011,10,10,40,40
cifar10_lenet5_P2_seed308,cifar10_lenet5,cifar10,lenet5,P2,308,0.5,"[1, 3, 4, 4]","[10, 30, 40, 40]",38.848955803788243,23997,63.133333333333333,63.5,2.0112733838543679,179,False,1.8612733838543678,False,1.1165324151515961,14.9,12.800000000000001,5ca6e0fce0fd4346562cd041230beff7722a4815cce5c9c4ea78039c396f9bdf,1.4727838258164854,0.38848955803788243,0.15000000000000002,2.0112733838543679,"[1, 3, 4, 4]",64.959999999999994,1.4599999999999937,97.752463054187203,60.516731898238746,0.62132921291434018,1.7083841368451729,0.25,33.93333333333333,59.18,62.479999999999997,64.209999999999994,62.469999999999999,17.142000000000003,1.0200000000000031,10,30,40,40
cifar10_lenet5_P2_seed309,cifar10_lenet5,cifar10,lenet5,P2,309,0.5,"[1, 1, 4, 4]","[10, 10, 40, 40]",38.071879553181155,23517,63.766666666666666,64.189999999999998,1.968277115905062,236,False,1.868277115905062,False,1.1650101691484451,15.199999999999999,13.1,5ca6e0fce0fd4346562cd041230beff7722a4815cce5c9c4ea78039c396f9bdf,1.4875583203732505,0.38071879553181154,0.10000000000000001,1.968277115905062,"[1, 1, 4, 4]",64.959999999999994,0.76999999999999602,98.814655172413808,60.929973907371171,0.63541545459353688,1.7089993506395482,0.1953125,34.93333333333333,59.710000000000001,62.159999999999997,64.329999999999998,62.859999999999999,17.398,2.0300000000000011,10,10,40,40
cifar10_lenet5_P2_seed310,cifar10_lenet5,cifar10,lenet5,P2,310,0.5,"[1, 1, 5, 5]","[10, 10, 60, 60]",56.877124817872755,35133,61.5,62.07,2.1034524301382924,69,True,2.0034524301382923,False,1.0531717091798782,14.800000000000001,12.699999999999999,5ca6e0fce0fd4346562cd041230beff7722a4815cce5c9c4ea78039c396f9bdf,1.4346811819595646,0.5687712481787276,0.10000000000000001,2.1034524301382924,"[1, 1, 5, 5]",64.959999999999994,2.8899999999999935,95.551108374384242,59.699151989562949,0.69999622210972512,1.7608513781230097,0.234375,37.033333333333331,39.829999999999998,57.979999999999997,62.859999999999999,59.170000000000002,11.281000000000001,4.0900000000000034,10,10,60,60
cifar10_lenet5_P2_seed311,cifar10_lenet5,cifar10,lenet5,P2,311,0.5,"[2, 2, 5, 5]","[20, 20, 60, 60]",57.338513841670711,35418,60.866666666666667,60.859999999999999,2.0932918258195068,76,False,1.9932918258195067,False,1.2439687624573708,16.800000000000001,14.9,5ca6e0fce0fd4346562cd041230beff7722a4815cce5c9c4ea78039c396f9bdf,1.4199066874027995,0.57338513841670713,0.10000000000000001,2.0932918258195068,"[2, 2, 5, 5]",64.959999999999994,4.0999999999999943,93.688423645320199,60.031115459882578,0.71065516173148269,1.769401631104685,0.16796875,34.633333333333333,40.020000000000003,57.530000000000001,62.899999999999999,58.259999999999998,11.118,3.3299999999999983,20,20,60,60
cifar10_lenet5_P2_seed312,cifar10_lenet5,cifar10,lenet5,P2,312,0.5,"[2, 2, 5, 5]","[20, 20, 60, 60]",57.338513841670711,35418,60.866666666666667,60.859999999999999,2.0932918258195068,76,False,1.9932918258195067,False,1.1359823048114777,15,12.9,5ca6e0fce0fd4346562cd041230beff7722a4815cce5c9c4ea78039c396f9bdf,1.4199066874027995,0.57338513841670713,0.10000000000000001,2.0932918258195068,"[2, 2, 5, 5]",64.959999999999994,4.0999999999999943,93.688423645320199,59.487214611872147,0.63463569804078601,1.7098465898145125,0.28125,35.56666666666667,40.020000000000003,57.530000000000001,62.899999999999999,58.259999999999998,11.118,3.3299999999999983,20,20,60,60
cifar10_lenet5_P2_seed313,cifar10_lenet5,cifar10,lenet5,P2,313,0.5,"[3, 3, 5, 5]","[30, 30, 60, 60]",57.799902865468674,35703,61.100000000000001,61.229999999999997,2.1033489508941892,70,True,2.0033489508941891,False,1.1435611695051193,22.600000000000001,20.699999999999999,5ca6e0fce0fd4346562cd041230beff7722a4815cce5c9c4ea78039c396f9bdf,1.4253499222395023,0.57799902865468678,0.10000000000000001,2.1033489508941892,"[3, 3, 5, 5]",64.959999999999994,3.7299999999999969,94.258004926108384,59.496281800391387,0.63935957204058957,1.7161589099535124,0.203125,37.533333333333331,38.109999999999999,57.170000000000002,62.799999999999997,56.909999999999997,11.050999999999998,4.0599999999999952,30,30,60,60
cifar10_lenet5_P2_seed314,cifar10_lenet5,cifar10,lenet5,P2,314,0.5,"[0, 0, 5, 5]","[0, 0, 60, 60]",56.415735794074791,34848,61.333333333333336,62.189999999999998,2.0949505150169534,73,False,1.9949505150169533,False,1.1889619380235672,14.5,12.699999999999999,5ca6e0fce0fd4346562cd041230beff7722a4815cce5c9c4ea78039c396f9bdf,1.4307931570762054,0.56415735794074795,0.10000000000000001,2.0949505150169534,"[0, 0, 5, 5]",64.959999999999994,2.769999999999996,95.735837438423658,60.203685583822576,0.67742483887297977,1.7398067068264242,0.22265625,34.633333333333333,39.68,57.560000000000002,63.140000000000001,59.240000000000002,11.09,4.6299999999999955,0,0,60,60
cifar10_lenet5_P2_seed315,cifar10_lenet5,cifar10,lenet5,P2,315,0.5,"[0, 0, 4, 4]","[0, 0, 40, 40]",37.610490529383199,23232,63.866666666666667,64.159999999999997,1.9659960405970982,239,False,1.8659960405970981,False,1.0104191228747368,13.6,11.9,5ca6e0fce0fd4346562cd041230beff7722a4815cce5c9c4ea78039c396f9bdf,1.489891135303266,0.376104905293832,0.10000000000000001,1.9659960405970982,"[0, 0, 4, 4]",64.959999999999994,0.79999999999999716,98.768472906403957,61.237964774951074,0.68269348465043178,1.7425556625750784,0.212890625,41.600000000000001,60.100000000000001,62.329999999999998,64.290000000000006,62.920000000000002,17.419999999999998,1.8299999999999983,0,0,40,40
cifar10_lenet5_P2_seed316,cifar10_lenet5,cifar10,lenet5,P2,316,0.5,"[2, 2, 4, 4]","[20, 20, 40, 40]",38.533268576979118,23802,62.899999999999999,62.979999999999997,1.9526732767495736,259,False,1.8526732767495735,False,1.0700293183326721,12.300000000000001,10.300000000000001,5ca6e0fce0fd4346562cd041230beff7722a4815cce5c9c4ea78039c396f9bdf,1.4673405909797823,0.38533268576979118,0.10000000000000001,1.9526732767495736,"[2, 2, 4, 4]",64.959999999999994,1.9799999999999969,96.951970443349765,60.071656881930856,0.63743058126619767,1.7159426881166582,0.271484375,37.56666666666667,59.729999999999997,62.270000000000003,64.189999999999998,62.549999999999997,17.350000000000001,0.70999999999999375,20,20,40,40
cifar10_lenet5_P2_seed317,cifar10_lenet5,cifar10,lenet5,P2,317,0.5,"[3, 3, 4, 4]","[30, 30, 40, 40]",38.994657600777074,24087,62.06666666666667,62.729999999999997,1.937847042570757,276,False,1.8378470425707569,False,1.4192405641078949,12.199999999999999,10.5,5ca6e0fce0fd4346562cd041230beff7722a4815cce5c9c4ea78039c396f9bdf,1.4479004665629862,0.38994657600777077,0.10000000000000001,1.937847042570757,"[3, 3, 4, 4]",64.959999999999994,2.2299999999999969,96.567118226600996,59.665362035225051,0.59936002538742261,1.6914949809595574,0.310546875,34.633333333333333,58.549999999999997,62.909999999999997,64.239999999999995,62.409999999999997,17.09,-0.17999999999999972,30,30,40,40
cifar10_lenet5_P2_seed318,cifar10_lenet5,cifar10,lenet5,P2,318,0.5,"[3, 3, 5, 5]","[30, 30, 60, 60]",57.799902865468674,35703,61.100000000000001,61.229999999999997,2.1033489508941892,70,True,2.0033489508941891,False,0.98779824376106262,13.199999999999999,11.4,5ca6e0fce0fd4346562cd041230beff7722a4815cce5c9c4ea78039c396f9bdf,1.4253499222395023,0.57799902865468678,0.10000000000000001,2.1033489508941892,"[3, 3, 5, 5]",64.959999999999994,3.7299999999999969,94.258004926108384,59.844259621656875,0.69775517759862171,1.7596162124717369,0.18359375,33.93333333333333,38.109999999999999,57.170000000000002,62.799999999999997,56.909999999999997,11.050999999999998,4.0599999999999952,30,30,60,60
cifar10_lenet5_P2_seed319,cifar10_lenet5,cifar10,lenet5,P2,319,0.5,"[0, 0, 4, 4]","[0, 0, 40, 40]",37.610490529383199,23232,63.866666666666667,64.159999999999997,1.9659960405970982,239,False,1.8659960405970981,False,1.1862326562404633,11.6,9.9000000000000004,5ca6e0fce0fd4346562cd041230beff7722a4815cce5c9c4ea78039c396f9bdf,1.489891135303266,0.376104905293832,0.10000000000000001,1.9659960405970982,"[0, 0, 4, 4]",64.959999999999994,0.79999999999999716,98.768472906403957,60.854761904761901,0.62614828974907255,1.7063312349924742,0.162109375,36.766666666666666,60.100000000000001,62.329999999999998,64.290000000000006,62.920000000000002,17.419999999999998,1.8299999999999983,0,0,40,40
cifar10_lenet5_P3_seed300,cifar10_lenet5,cifar10,lenet5,P3,300,0.5,"[2, 2, 5, 5]","[20, 20, 60, 60]",57.338513841670711,35418,60.866666666666667,60.859999999999999,2.0932918258195068,76,False,1.9932918258195067,False,1.2058753818273544,16.399999999999999,16.300000000000001,5ca6e0fce0fd4346562cd041230beff7722a4815cce5c9c4ea78039c396f9bdf,1.4199066874027995,0.57338513841670713,0.10000000000000001,2.0932918258195068,"[2, 2, 5, 5]",64.959999999999994,4.0999999999999943,93.688423645320199,58.478245270711021,0.63297644863202585,1.7157767492815015,0.337890625,34.633333333333333,40.020000000000003,57.530000000000001,62.899999999999999,58.259999999999998,11.118,3.3299999999999983,20,20,60,60
cifar10_lenet5_P3_seed301,cifar10_lenet5,cifar10,lenet5,P3,301,0.5,"[0, 0, 5, 5]","[0, 0, 60, 60]",56.415735794074791,34848,61.333333333333336,62.189999999999998,2.0949505150169534,73,False,1.9949505150169533,False,0.98416657745838165,12.6,12.6,5ca6e0fce0fd4346562cd041230beff7722a4815cce5c9c4ea78039c396f9bdf,1.4307931570762054,0.56415735794074795,0.10000000000000001,2.0949505150169534,"[0, 0, 5, 5]",64.959999999999994,2.769999999999996,95.735837438423658,59.915786040443578,0.72021246854906351,1.7806845152514759,0.173828125,36.766666666666666,39.68,57.560000000000002,63.140000000000001,59.240000000000002,11.09,4.6299999999999955,0,0,60,60
cifar10_lenet5_P3_seed302,cifar10_lenet5,cifar10,lenet5,P3,302,0.5,"[1, 1, 5, 5]","[10, 10, 60, 60]",56.877124817872755,35133,61.5,62.07,2.1034524301382924,69,True,2.0034524301382923,False,1.0050551891326904,12.9,11.300000000000001,5ca6e0fce0fd4346562cd041230beff7722a4815cce5c9c4ea78039c396f9bdf,1.4346811819595646,0.5687712481787276,0.10000000000000001,2.1034524301382924,"[1, 1, 5, 5]",64.959999999999994,2.8899999999999935,95.551108374384242,59.761904761904759,0.71187919818056811,1.7723234198950237,0.208984375,35.56666666666667,39.829999999999998,57.979999999999997,62.859999999999999,59.170000000000002,11.281000000000001,4.0900000000000034,10,10,60,60
cifar10_lenet5_P3_seed303,cifar10_lenet5,cifar10,lenet5,P3,303,0.5,"[2, 2, 5, 5]","[20, 20, 60, 60]",57.338513841670711,35418,60.866666666666667,60.859999999999999,2.0932918258195068,76,False,1.9932918258195067,False,0.92956124246120453,24.100000000000001,19.100000000000001,5ca6e0fce0fd4346562cd041230beff7722a4815cce5c9c4ea78039c396f9bdf,1.4199066874027995,0.57338513841670713,0.10000000000000001,2.0932918258195068,"[2, 2, 5, 5]",64.959999999999994,4.0999999999999943,93.688423645320199,59.135812133072406,0.70787992353550089,1.7678732908414458,0.181640625,37.833333333333336,40.020000000000003,57.530000000000001,62.899999999999999,58.259999999999998,11.118,3.3299999999999983,20,20,60,60
cifar10_lenet5_P3_seed304,cifar10_lenet5,cifar10,lenet5,P3,304,0.5,"[1, 1, 4, 4]","[10, 10, 40, 40]",38.071879553181155,23517,63.766666666666666,64.189999999999998,1.968277115905062,236,False,1.868277115905062,False,1.3861435353755951,13,10.9,5ca6e0fce0fd4346562cd041230beff7722a4815cce5c9c4ea78039c396f9bdf,1.4875583203732505,0.38071879553181154,0.10000000000000001,1.968277115905062,"[1, 1, 4, 4]",64.959999999999994,0.76999999999999602,98.814655172413808,60.596053489889108,0.64151070276314892,1.717026851702776,0.244140625,37.533333333333331,59.710000000000001,62.159999999999997,64.329999999999998,62.859999999999999,17.398,2.0300000000000011,10,10,40,40
cifar10_lenet5_P3_seed305,cifar10_lenet5,cifar10,lenet5,P3,305,0.5,"[1, 1, 5, 5]","[10, 10, 60, 60]",56.877124817872755,35133,61.5,62.07,2.1034524301382924,69,True,2.0034524301382923,False,1.2192814946174622,14.6,12.800000000000001,5ca6e0fce0fd4346562cd041230beff7722a4815cce5c9c4ea78039c396f9bdf,1.4346811819595646,0.5687712481787276,0.10000000000000001,2.1034524301382924,"[1, 1, 5, 5]",64.959999999999994,2.8899999999999935,95.551108374384242,60.003424657534246,0.70927849851528912,1.7657525641658414,0.19921875,36.333333333333336,39.829999999999998,57.979999999999997,62.859999999999999,59.170000000000002,11.281000000000001,4.0900000000000034,10,10,60,60
cifar10_lenet5_P3_seed306,cifar10_lenet5,cifar10,lenet5,P3,306,0.5,"[1, 1, 5, 5]","[10, 10, 60, 60]",56.877124817872755,35133,61.5,62.07,2.1034524301382924,69,True,2.0034524301382923,False,1.2365373224020004,13.800000000000001,11.800000000000001,5ca6e0fce0fd4346562cd041230beff7722a4815cce5c9c4ea78039c396f9bdf,1.4346811819595646,0.5687712481787276,0.10000000000000001,2.1034524301382924,"[1, 1, 5, 5]",64.959999999999994,2.8899999999999935,95.551108374384242,59.617449445531634,0.67019849035504619,1.7401831899383262,0.20703125,37.366666666666667,39.829999999999998,57.979999999999997,62.859999999999999,59.170000000000002,11.281000000000001,4.0900000000000034,10,10,60,60
cifar10_lenet5_P3_seed307,cifar10_lenet5,cifar10,lenet5,P3,307,0.5,"[1, 1, 4, 4]","[10, 10, 40, 40]",38.071879553181155,23517,63.766666666666666,64.189999999999998,1.968277115905062,236,False,1.868277115905062,False,1.0864027440547943,15,12.9,5ca6e0fce0fd4346562cd041230beff7722a4815cce5c9c4ea78039c396f9bdf,1.4875583203732505,0.38071879553181154,0.10000000000000001,1.968277115905062,"[1, 1, 4, 4]",64.959999999999994,0.76999999999999602,98.814655172413808,60.571591650358776,0.64484204640760423,1.7181620918231271,0.287109375,37.399999999999999,59.710000000000001,62.159999999999997,64.329999999999998,62.859999999999999,17.398,2.0300000000000011,10,10,40,40
cifar10_lenet5_P3_seed308,cifar10_lenet5,cifar10,lenet5,P3,308,0.5,"[1, 1, 4, 4]","[10, 10, 40, 40]",38.071879553181155,23517,63.766666666666666,64.189999999999998,1.968277115905062,236,False,1.868277115905062,False,1.1944414675235748,15.300000000000001,13.1,5ca6e0fce0fd4346562cd041230beff7722a4815cce5c9c4ea78039c396f9bdf,1.4875583203732505,0.38071879553181154,0.10000000000000001,1.968277115905062,"[1, 1, 4, 4]",64.959999999999994,0.76999999999999602,98.814655172413808,60.54954337899543,0.64375099169619721,1.7147970570583979,0.212890625,33.93333333333333,59.710000000000001,62.159999999999997,64.329999999999998,62.859999999999999,17.398,2.0300000000000011,10,10,40,40
cifar10_lenet5_P3_seed309,cifar10_lenet5,cifar10,lenet5,P3,309,0.5,"[1, 1, 4, 4]","[10, 10, 40, 40]",38.071879553181155,23517,63.766666666666666,64.189999999999998,1.968277115905062,236,False,1.868277115905062,False,1.2319417297840118,13.9,11.800000000000001,5ca6e0fce0fd4346562cd041230beff7722a4815cce5c9c4ea78039c396f9bdf,1.4875583203732505,0.38071879553181154,0.10000000000000001,1.968277115905062,"[1, 1, 4, 4]",64.959999999999994,0.76999999999999602,98.814655172413808,61.18330071754729,0.64161723926890257,1.714082212249926,0.18359375,34.93333333333333,59.710000000000001,62.159999999999997,64.329999999999998,62.859999999999999,17.398,2.0300000000000011,10,10,40,40
cifar10_lenet5_P3_seed310,cifar10_lenet5,cifar10,lenet5,P3,310,0.5,"[0, 0, 4, 4]","[0, 0, 40, 40]",37.610490529383199,23232,63.866666666666667,64.159999999999997,1.9659960405970982,239,False,1.8659960405970981,False,1.1583313494920731,16.199999999999999,14.199999999999999,5ca6e0fce0fd4346562cd041230beff7722a4815cce5c9c4ea78039c396f9bdf,1.489891135303266,0.376104905293832,0.10000000000000001,1.9659960405970982,"[0, 0, 4, 4]",64.959999999999994,0.79999999999999716,98.768472906403957,60.75861056751468,0.66125395734006298,1.7274898307183364,0.2109375,36.866666666666667,60.100000000000001,62.329999999999998,64.290000000000006,62.920000000000002,17.419999999999998,1.8299999999999983,0,0,40,40
cifar10_lenet5_P3_seed311,cifar10_lenet5,cifar10,lenet5,P3,311,0.5,"[2, 2, 5, 5]","[20, 20, 60, 60]",57.338513841670711,35418,60.866666666666667,60.859999999999999,2.0932918258195068,76,False,1.9932918258195067,False,1.2735168859362602,15.6,13.6,5ca6e0fce0fd4346562cd041230beff7722a4815cce5c9c4ea78039c396f9bdf,1.4199066874027995,0.57338513841670713,0.10000000000000001,2.0932918258195068,"[2, 2, 5, 5]",64.959999999999994,4.0999999999999943,93.688423645320199,59.673711676451411,0.70857429976803743,1.764933000999316,0.18359375,34.633333333333333,40.020000000000003,57.530000000000001,62.899999999999999,58.259999999999998,11.118,3.3299999999999983,20,20,60,60
cifar10_lenet5_P3_seed312,cifar10_lenet5,cifar10,lenet5,P3,312,0.5,"[2, 2, 5, 5]","[20, 20, 60, 60]",57.338513841670711,35418,60.866666666666667,60.859999999999999,2.0932918258195068,76,False,1.9932918258195067,False,1.1765597760677338,22.899999999999999,21.100000000000001,5ca6e0fce0fd4346562cd041230beff7722a4815cce5c9c4ea78039c396f9bdf,1.4199066874027995,0.57338513841670713,0.10000000000000001,2.0932918258195068,"[2, 2, 5, 5]",64.959999999999994,4.0999999999999943,93.688423645320199,59.212785388127855,0.64134372001299589,1.7143021565281706,0.263671875,35.56666666666667,40.020000000000003,57.530000000000001,62.899999999999999,58.259999999999998,11.118,3.3299999999999983,20,20,60,60
cifar10_lenet5_P3_seed313,cifar10_lenet5,cifar10,lenet5,P3,313,0.5,"[1, 1, 4, 4]","[10, 10, 40, 40]",38.071879553181155,23517,63.766666666666666,64.189999999999998,1.968277115905062,236,False,1.868277115905062,False,1.3202705085277557,14.199999999999999,12.300000000000001,5ca6e0fce0fd4346562cd041230beff7722a4815cce5c9c4ea78039c396f9bdf,1.4875583203732505,0.38071879553181154,0.10000000000000001,1.968277115905062,"[1, 1, 4, 4]",64.959999999999994,0.76999999999999602,98.814655172413808,59.994618395303327,0.6256276964691837,1.7062228806634661,0.220703125,37.533333333333331,59.710000000000001,62.159999999999997,64.329999999999998,62.859999999999999,17.398,2.0300000000000011,10,10,40,40
cifar10_lenet5_P3_seed314,cifar10_lenet5,cifar10,lenet5,P3,314,0.5,"[0, 0, 5, 5]","[0, 0, 60, 60]",56.415735794074791,34848,61.333333333333336,62.189999999999998,2.0949505150169534,73,False,1.9949505150169533,False,1.2669785618782043,13.699999999999999,11.9,5ca6e0fce0fd4346562cd041230beff7722a4815cce5c9c4ea78039c396f9bdf,1.4307931570762054,0.56415735794074795,0.10000000000000001,2.0949505150169534,"[0, 0, 5, 5]",64.959999999999994,2.769999999999996,95.735837438423658,60.071656881930856,0.66831710099811859,1.7321671962424081,0.25,34.633333333333333,39.68,57.560000000000002,63.140000000000001,59.240000000000002,11.09,4.6299999999999955,0,0,60,60
cifar10_lenet5_P3_seed315,cifar10_lenet5,cifar10,lenet5,P3,315,0.5,"[0, 0, 4, 4]","[0, 0, 40, 40]",37.610490529383199,23232,63.866666666666667,64.159999999999997,1.9659960405970982,239,False,1.8659960405970981,False,0.99334977567195892,12.1,10.199999999999999,5ca6e0fce0fd4346562cd041230beff7722a4815cce5c9c4ea78039c396f9bdf,1.489891135303266,0.376104905293832,0.10000000000000001,1.9659960405970982,"[0, 0, 4, 4]",64.959999999999994,0.79999999999999716,98.768472906403957,61.240541422048274,0.67589101542134822,1.7373636631544214,0.197265625,37.533333333333331,60.100000000000001,62.329999999999998,64.290000000000006,62.920000000000002,17.419999999999998,1.8299999999999983,0,0,40,40
cifar10_lenet5_P3_seed316,cifar10_lenet5,cifar10,lenet5,P3,316,0.5,"[0, 0, 4, 4]","[0, 0, 40, 40]",37.610490529383199,23232,63.866666666666667,64.159999999999997,1.9659960405970982,239,False,1.8659960405970981,False,1.4166805446147919,12.300000000000001,10.699999999999999,5ca6e0fce0fd4346562cd041230beff7722a4815cce5c9c4ea78039c396f9bdf,1.489891135303266,0.376104905293832,0.10000000000000001,1.9659960405970982,"[0, 0, 4, 4]",64.959999999999994,0.79999999999999716,98.768472906403957,60.322309197651656,0.65295317682793219,1.7227924623653357,0.22265625,35.233333333333334,60.100000000000001,62.329999999999998,64.290000000000006,62.920000000000002,17.419999999999998,1.8299999999999983,0,0,40,40
cifar10_lenet5_P3_seed317,cifar10_lenet5,cifar10,lenet5,P3,317,0.5,"[1, 1, 5, 5]","[10, 10, 60, 60]",56.877124817872755,35133,61.5,62.07,2.1034524301382924,69,True,2.0034524301382923,False,1.5377290546894073,12.4,10.699999999999999,5ca6e0fce0fd4346562cd041230beff7722a4815cce5c9c4ea78039c396f9bdf,1.4346811819595646,0.5687712481787276,0.10000000000000001,2.1034524301382924,"[1, 1, 5, 5]",64.959999999999994,2.8899999999999935,95.551108374384242,59.961774298760602,0.614981601674361,1.70152796755349,0.197265625,33.93333333333333,39.829999999999998,57.979999999999997,62.859999999999999,59.170000000000002,11.281000000000001,4.0900000000000034,10,10,60,60
cifar10_lenet5_P3_seed318,cifar10_lenet5,cifar10,lenet5,P3,318,0.5,"[2, 2, 4, 4]","[20, 20, 40, 40]",38.533268576979118,23802,62.899999999999999,62.979999999999997,1.9526732767495736,259,False,1.8526732767495735,False,1.2900233566761017,12,10.4,5ca6e0fce0fd4346562cd041230beff7722a4815cce5c9c4ea78039c396f9bdf,1.4673405909797823,0.38533268576979118,0.10000000000000001,1.9526732767495736,"[2, 2, 4, 4]",64.959999999999994,1.9799999999999969,96.951970443349765,60.039432485322898,0.626019841479724,1.7123057623660256,0.228515625,35.56666666666667,59.729999999999997,62.270000000000003,64.189999999999998,62.549999999999997,17.350000000000001,0.70999999999999375,20,20,40,40
cifar10_lenet5_P3_seed319,cifar10_lenet5,cifar10,lenet5,P3,319,0.5,"[0, 0, 4, 4]","[0, 0, 40, 40]",37.610490529383199,23232,63.866666666666667,64.159999999999997,1.9659960405970982,239,False,1.8659960405970981,False,1.2134617418050766,12.699999999999999,11.1,5ca6e0fce0fd4346562cd041230beff7722a4815cce5c9c4ea78039c396f9bdf,1.489891135303266,0.376104905293832,0.10000000000000001,1.9659960405970982,"[0, 0, 4, 4]",64.959999999999994,0.79999999999999716,98.768472906403957,61.004990215264193,0.63750916138391667,1.7099564887863432,0.173828125,36.766666666666666,60.100000000000001,62.329999999999998,64.290000000000006,62.920000000000002,17.419999999999998,1.8299999999999983,0,0,40,40
cifar10_resnet8_P0_seed300,cifar10_resnet8,cifar10,resnet8,P0,300,0,"[1, 1, 1, 4]","[10, 10, 10, 40]",32.15486039296794,24875,76.233333333333334,76.840000000000003,1.8776182134373198,96,False,1.7776182134373193,False,1.3869289755821228,35.899999999999999,19.100000000000001,41fc5ee592b96fa0b086b2e23ca6f6b74d284e93cb884eace3eb38f1d0dc8b40,1.4560696095076402,0.32154860392967943,0.10000000000000001,1.8776182134373198,"[1, 1, 1, 4]",78.689999999999998,1.8499999999999943,97.64900241453806,69.632322243966087,0.66677345503177199,1.5359697046531982,0.123046875,27.5,61.789999999999999,67.629999999999995,75.290000000000006,76.230000000000004,11.49,9.210000000000008,10,10,10,40
cifar10_resnet8_P0_seed301,cifar10_resnet8,cifar10,resnet8,P0,301,0,"[1, 1, 1, 4]","[10, 10, 10, 40]",32.15486039296794,24875,76.233333333333334,76.840000000000003,1.8776182134373198,96,False,1.7776182134373193,False,1.4168289005756378,41.399999999999999,22.699999999999999,41fc5ee592b96fa0b086b2e23ca6f6b74d284e93cb884eace3eb38f1d0dc8b40,1.4560696095076402,0.32154860392967943,0.10000000000000001,1.8776182134373198,"[1, 1, 1, 4]",78.689999999999998,1.8499999999999943,97.64900241453806,70.26125244618396,0.66987585852556497,1.5351646526438973,0.115234375,26.266666666666666,61.789999999999999,67.629999999999995,75.290000000000006,76.230000000000004,11.49,9.210000000000008,10,10,10,40
cifar10_resnet8_P0_seed302,cifar10_resnet8,cifar10,resnet8,P0,302,0,"[1, 1, 1, 4]","[10, 10, 10, 40]",32.15486039296794,24875,76.233333333333334,76.840000000000003,1.8776182134373198,96,False,1.7776182134373193,False,0.99439594149589539,42.299999999999997,23.199999999999999,41fc5ee592b96fa0b086b2e23ca6f6b74d284e93cb884eace3eb38f1d0dc8b40,1.4560696095076402,0.32154860392967943,0.10000000000000001,1.8776182134373198,"[1, 1, 1, 4]",78.689999999999998,1.8499999999999943,97.64900241453806,69.221983039791255,0.72068999387981769,1.5659463782543306,0.123046875,27.566666666666666,61.789999999999999,67.629999999999995,75.290000000000006,76.230000000000004,11.49,9.210000000000008,10,10,10,40
cifar10_resnet8_P0_seed303,cifar10_resnet8,cifar10,resnet8,P0,303,0,"[1, 1, 1, 3]","[10, 10, 10, 30]",24.741468459152017,19140,77.200000000000003,77.25,1.8219477915524711,162,False,1.721947791552471,False,1.1525774300098419,35.799999999999997,17.300000000000001,41fc5ee592b96fa0b086b2e23ca6f6b74d284e93cb884eace3eb38f1d0dc8b40,1.4745331069609509,0.24741468459152019,0.10000000000000001,1.8219477915524711,"[1, 1, 1, 3]",78.689999999999998,1.4399999999999977,98.170034311856654,70.239726027397253,0.67764773439920212,1.5397325411931411,0.12109375,29.266666666666666,62.259999999999998,71.329999999999998,77.930000000000007,77.909999999999997,13.468999999999999,5.9200000000000017,10,10,10,30
cifar10_resnet8_P0_seed304,cifar10_resnet8,cifar10,resnet8,P0,304,0,"[0, 0, 0, 3]","[0, 0, 0, 30]",22.237590486039299,17203,77.466666666666669,77.819999999999993,1.802002390429154,189,True,1.7020023904291537,False,1.3556364476680756,38.299999999999997,21.199999999999999,41fc5ee592b96fa0b086b2e23ca6f6b74d284e93cb884eace3eb38f1d0dc8b40,1.4796264855687609,0.22237590486039299,0.10000000000000001,1.802002390429154,"[0, 0, 0, 3]",78.689999999999998,0.87000000000000455,98.894395730080049,70.876157860404419,0.68179661349915754,1.537806914112575,0.07421875,26.033333333333335,69.879999999999995,73.409999999999997,78.200000000000003,78.260000000000005,13.147,4.4099999999999966,0,0,0,30
cifar10_resnet8_P0_seed305,cifar10_resnet8,cifar10,resnet8,P0,305,0,"[1, 1, 1, 4]","[10, 10, 10, 40]",32.15486039296794,24875,76.233333333333334,76.840000000000003,1.8776182134373198,96,False,1.7776182134373193,False,1.0653214305639267,31.5,14.5,41fc5ee592b96fa0b086b2e23ca6f6b74d284e93cb884eace3eb38f1d0dc8b40,1.4560696095076402,0.32154860392967943,0.10000000000000001,1.8776182134373198,"[1, 1, 1, 4]",78.689999999999998,1.8499999999999943,97.64900241453806,68.924983692106977,0.7280191010132302,1.5733080315612793,0.103515625,22.399999999999999,61.789999999999999,67.629999999999995,75.290000000000006,76.230000000000004,11.49,9.210000000000008,10,10,10,40
cifar10_resnet8_P0_seed306,cifar10_resnet8,cifar10,resnet8,P0,306,0,"[1, 1, 1, 3]","[10, 10, 10, 30]",24.741468459152017,19140,77.200000000000003,77.25,1.8219477915524711,162,False,1.721947791552471,False,1.0589505136013031,35.100000000000001,16.800000000000001,41fc5ee592b96fa0b086b2e23ca6f6b74d284e93cb884eace3eb38f1d0dc8b40,1.4745331069609509,0.24741468459152019,0.10000000000000001,1.8219477915524711,"[1, 1, 1, 3]",78.689999999999998,1.4399999999999977,98.170034311856654,72.010306588388772,0.69399315446282184,1.5450624116436877,0.076171875,26.466666666666665,62.259999999999998,71.329999999999998,77.930000000000007,77.909999999999997,13.468999999999999,5.9200000000000017,10,10,10,30
cifar10_resnet8_P0_seed307,cifar10_resnet8,cifar10,resnet8,P0,307,0,"[0, 0, 1, 4]","[0, 0, 10, 40]",31.504653567735264,24372,76.5,77.079999999999998,1.9262095237928025,44,True,1.7762095237928026,False,1.3015108108520508,37.600000000000001,18.199999999999999,41fc5ee592b96fa0b086b2e23ca6f6b74d284e93cb884eace3eb38f1d0dc8b40,1.46116298811545,0.31504653567735263,0.15000000000000002,1.9262095237928025,"[0, 0, 1, 4]",78.689999999999998,1.6099999999999994,97.953996695895285,69.163731245923032,0.68810191236805707,1.5432804120540207,0.1015625,25.699999999999999,62.659999999999997,67.760000000000005,75.909999999999997,76.879999999999995,11.837,9.3199999999999932,0,0,10,40
cifar10_resnet8_P0_seed308,cifar10_resnet8,cifar10,resnet8,P0,308,0,"[1, 1, 1, 4]","[10, 10, 10, 40]",32.15486039296794,24875,76.233333333333334,76.840000000000003,1.8776182134373198,96,False,1.7776182134373193,False,1.306972324848175,34.799999999999997,17.899999999999999,41fc5ee592b96fa0b086b2e23ca6f6b74d284e93cb884eace3eb38f1d0dc8b40,1.4560696095076402,0.32154860392967943,0.10000000000000001,1.8776182134373198,"[1, 1, 1, 4]",78.689999999999998,1.8499999999999943,97.64900241453806,68.782746249184612,0.68456278475847954,1.5382588927706868,0.14453125,19.100000000000001,61.789999999999999,67.629999999999995,75.290000000000006,76.230000000000004,11.49,9.210000000000008,10,10,10,40
cifar10_resnet8_P0_seed309,cifar10_resnet8,cifar10,resnet8,P0,309,0,"[1, 1, 1, 3]","[10, 10, 10, 30]",24.741468459152017,19140,77.200000000000003,77.25,1.8219477915524711,162,False,1.721947791552471,False,1.330425351858139,33.200000000000003,16.5,41fc5ee592b96fa0b086b2e23ca6f6b74d284e93cb884eace3eb38f1d0dc8b40,1.4745331069609509,0.24741468459152019,0.10000000000000001,1.8219477915524711,"[1, 1, 1, 3]",78.689999999999998,1.4399999999999977,98.170034311856654,71.530919765166345,0.6907532357630205,1.5430377938532358,0.064453125,24,62.259999999999998,71.329999999999998,77.930000000000007,77.909999999999997,13.468999999999999,5.9200000000000017,10,10,10,30
cifar10_resnet8_P0_seed310,cifar10_resnet8,cifar10,resnet8,P0,310,0,"[0, 0, 0, 2]","[0, 0, 0, 20]",14.825491209927611,11469,77.766666666666666,78.299999999999997,1.733611448601823,294,False,1.6336114486018229,False,1.2997419238090515,32.399999999999999,15.699999999999999,41fc5ee592b96fa0b086b2e23ca6f6b74d284e93cb884eace3eb38f1d0dc8b40,1.4853565365025467,0.1482549120992761,0.10000000000000001,1.733611448601823,"[0, 0, 0, 2]",78.689999999999998,0.39000000000000057,99.504384292794512,71.293835616438344,0.6625006611307982,1.5276905337917719,0.08984375,24.433333333333334,77.849999999999994,78.189999999999998,78.590000000000003,78.560000000000002,18.737000000000002,0.10999999999999943,0,0,0,20
cifar10_resnet8_P0_seed311,cifar10_resnet8,cifar10,resnet8,P0,311,0,"[0, 0, 0, 4]","[0, 0, 0, 40]",29.650982419855222,22938,76.599999999999994,77.200000000000003,1.8595828292919308,122,False,1.7595828292919307,False,1.1274809092283249,38.600000000000001,20.300000000000001,41fc5ee592b96fa0b086b2e23ca6f6b74d284e93cb884eace3eb38f1d0dc8b40,1.4630730050933785,0.29650982419855221,0.10000000000000001,1.8595828292919308,"[0, 0, 0, 4]",78.689999999999998,1.4899999999999949,98.106493836573904,68.486301369863014,0.74366032232959833,1.5829371366753513,0.130859375,24,59.469999999999999,69.280000000000001,77.780000000000001,76.989999999999995,11.994,7.9200000000000017,0,0,0,40
cifar10_resnet8_P0_seed312,cifar10_resnet8,cifar10,resnet8,P0,312,0,"[1, 1, 1, 3]","[10, 10, 10, 30]",24.741468459152017,19140,77.200000000000003,77.25,1.8219477915524711,162,False,1.721947791552471,False,1.428649514913559,35.799999999999997,18.100000000000001,41fc5ee592b96fa0b086b2e23ca6f6b74d284e93cb884eace3eb38f1d0dc8b40,1.4745331069609509,0.24741468459152019,0.10000000000000001,1.8219477915524711,"[1, 1, 1, 3]",78.689999999999998,1.4399999999999977,98.170034311856654,69.820156555772996,0.68716801789208826,1.536988119849553,0.091796875,22.300000000000001,62.259999999999998,71.329999999999998,77.930000000000007,77.909999999999997,13.468999999999999,5.9200000000000017,10,10,10,30
cifar10_resnet8_P0_seed313,cifar10_resnet8,cifar10,resnet8,P0,313,0,"[1, 1, 1, 4]","[10, 10, 10, 40]",32.15486039296794,24875,76.233333333333334,76.840000000000003,1.8776182134373198,96,False,1.7776182134373193,False,1.099042996764183,39.100000000000001,19.800000000000001,41fc5ee592b96fa0b086b2e23ca6f6b74d284e93cb884eace3eb38f1d0dc8b40,1.4560696095076402,0.32154860392967943,0.10000000000000001,1.8776182134373198,"[1, 1, 1, 4]",78.689999999999998,1.8499999999999943,97.64900241453806,68.598630136986301,0.70086362571685468,1.5558955119917821,0.12890625,27.433333333333334,61.789999999999999,67.629999999999995,75.290000000000006,76.230000000000004,11.49,9.210000000000008,10,10,10,40
cifar10_resnet8_P0_seed314,cifar10_resnet8,cifar10,resnet8,P0,314,0,"[1, 1, 2, 3]","[10, 10, 20, 30]",26.593846949327819,20573,74.933333333333337,75.799999999999997,1.8471778582878455,134,False,1.6971778582878454,False,1.3415401577949524,35,16.899999999999999,41fc5ee592b96fa0b086b2e23ca6f6b74d284e93cb884eace3eb38f1d0dc8b40,1.4312393887945674,0.26593846949327821,0.15000000000000002,1.8471778582878455,"[1, 1, 2, 3]",78.689999999999998,2.8900000000000006,96.327360528656754,70.555185909980423,0.67152075195128036,1.527811678872091,0.09375,24,63.890000000000001,68.609999999999999,78.079999999999998,77.450000000000003,12.712999999999999,7.1899999999999977,10,10,20,30
cifar10_resnet8_P0_seed315,cifar10_resnet8,cifar10,resnet8,P0,315,0,"[0, 0, 0, 4]","[0, 0, 0, 40]",29.650982419855222,22938,76.599999999999994,77.200000000000003,1.8595828292919308,122,False,1.7595828292919307,False,1.0339577496051788,38.299999999999997,21,41fc5ee592b96fa0b086b2e23ca6f6b74d284e93cb884eace3eb38f1d0dc8b40,1.4630730050933785,0.29650982419855221,0.10000000000000001,1.8595828292919308,"[0, 0, 0, 4]",78.689999999999998,1.4899999999999949,98.106493836573904,70.705936073059362,0.72341460834611515,1.5700653862523015,0.078125,29.933333333333334,59.469999999999999,69.280000000000001,77.780000000000001,76.989999999999995,11.994,7.9200000000000017,0,0,0,40
cifar10_resnet8_P0_seed316,cifar10_resnet8,cifar10,resnet8,P0,316,0,"[0, 0, 0, 4]","[0, 0, 0, 40]",29.650982419855222,22938,76.599999999999994,77.200000000000003,1.8595828292919308,122,False,1.7595828292919307,False,0.95602722465991974,36,21.100000000000001,41fc5ee592b96fa0b086b2e23ca6f6b74d284e93cb884eace3eb38f1d0dc8b40,1.4630730050933785,0.29650982419855221,0.10000000000000001,1.8595828292919308,"[0, 0, 0, 4]",78.689999999999998,1.4899999999999949,98.106493836573904,69.327103718199595,0.73503615440993131,1.5805510618488627,0.142578125,19.600000000000001,59.469999999999999,69.280000000000001,77.780000000000001,76.989999999999995,11.994,7.9200000000000017,0,0,0,40
cifar10_resnet8_P0_seed317,cifar10_resnet8,cifar10,resnet8,P0,317,0,"[1, 1, 1, 3]","[10, 10, 10, 30]",24.741468459152017,19140,77.200000000000003,77.25,1.8219477915524711,162,False,1.721947791552471,False,1.0395453274250031,33.799999999999997,19.699999999999999,41fc5ee592b96fa0b086b2e23ca6f6b74d284e93cb884eace3eb38f1d0dc8b40,1.4745331069609509,0.24741468459152019,0.10000000000000001,1.8219477915524711,"[1, 1, 1, 3]",78.689999999999998,1.4399999999999977,98.170034311856654,70.729615133724721,0.7202426916712632,1.5689811684271571,0.0703125,28.766666666666666,62.259999999999998,71.329999999999998,77.930000000000007,77.909999999999997,13.468999999999999,5.9200000000000017,10,10,10,30
cifar10_resnet8_P0_seed318,cifar10_resnet8,cifar10,resnet8,P0,318,0,"[1, 1, 1, 4]","[10, 10, 10, 40]",32.15486039296794,24875,76.233333333333334,76.840000000000003,1.8776182134373198,96,False,1.7776182134373193,False,0.97331379354000092,33.200000000000003,17.5,41fc5ee592b96fa0b086b2e23ca6f6b74d284e93cb884eace3eb38f1d0dc8b40,1.4560696095076402,0.32154860392967943,0.10000000000000001,1.8776182134373198,"[1, 1, 1, 4]",78.689999999999998,1.8499999999999943,97.64900241453806,69.00244618395304,0.68956244474835471,1.5430109783965147,0.087890625,22.300000000000001,61.789999999999999,67.629999999999995,75.290000000000006,76.230000000000004,11.49,9.210000000000008,10,10,10,40
cifar10_resnet8_P0_seed319,cifar10_resnet8,cifar10,resnet8,P0,319,0,"[1, 1, 2, 4]","[10, 10, 20, 40]",34.007238883143742,26308,74.86666666666666,74.299999999999997,1.9200384329740521,51,True,1.7700384329740519,False,1.1440794318914413,29.800000000000001,15,41fc5ee592b96fa0b086b2e23ca6f6b74d284e93cb884eace3eb38f1d0dc8b40,1.4299660441426145,0.34007238883143742,0.15000000000000002,1.9200384329740521,"[1, 1, 2, 4]",78.689999999999998,4.3900000000000006,94.421146270174106,69.947325505544669,0.7149287112105116,1.56169326658094,0.091796875,24.399999999999999,59.210000000000001,65.590000000000003,75.180000000000007,74.969999999999999,11.616,8.7099999999999937,10,10,20,40
cifar10_resnet8_P1_seed300,cifar10_resnet8,cifar10,resnet8,P1,300,0.5,"[1, 1, 1, 4]","[10, 10, 10, 40]",32.15486039296794,24875,76.233333333333334,76.840000000000003,1.8776182134373198,96,False,1.7776182134373193,False,1.0075827538967133,45.299999999999997,28.800000000000001,41fc5ee592b96fa0b086b2e23ca6f6b74d284e93cb884eace3eb38f1d0dc8b40,1.4560696095076402,0.32154860392967943,0.10000000000000001,1.8776182134373198,"[1, 1, 1, 4]",78.689999999999998,1.8499999999999943,97.64900241453806,69.712393998695362,0.68752767304626405,1.5517474525771369,0.099609375,28.300000000000001,61.789999999999999,67.629999999999995,75.290000000000006,76.230000000000004,11.49,9.210000000000008,10,10,10,40
cifar10_resnet8_P1_seed301,cifar10_resnet8,cifar10,resnet8,P1,301,0.5,"[0, 0, 0, 4]","[0, 0, 0, 40]",29.650982419855222,22938,76.599999999999994,77.200000000000003,1.8595828292919308,122,False,1.7595828292919307,False,1.0736537426710129,31,16.600000000000001,41fc5ee592b96fa0b086b2e23ca6f6b74d284e93cb884eace3eb38f1d0dc8b40,1.4630730050933785,0.29650982419855221,0.10000000000000001,1.8595828292919308,"[0, 0, 0, 4]",78.689999999999998,1.4899999999999949,98.106493836573904,70.592400521852596,0.72584152505874622,1.5768844896521466,0.087890625,28,59.469999999999999,69.280000000000001,77.780000000000001,76.989999999999995,11.994,7.9200000000000017,0,0,0,40
cifar10_resnet8_P1_seed302,cifar10_resnet8,cifar10,resnet8,P1,302,0.5,"[1, 1, 1, 4]","[10, 10, 10, 40]",32.15486039296794,24875,76.233333333333334,76.840000000000003,1.8776182134373198,96,False,1.7776182134373193,False,0.99225053191184998,34.100000000000001,18.899999999999999,41fc5ee592b96fa0b086b2e23ca6f6b74d284e93cb884eace3eb38f1d0dc8b40,1.4560696095076402,0.32154860392967943,0.10000000000000001,1.8776182134373198,"[1, 1, 1, 4]",78.689999999999998,1.8499999999999943,97.64900241453806,69.423091976516645,0.74657987593408326,1.5857636280761658,0.107421875,26.800000000000001,61.789999999999999,67.629999999999995,75.290000000000006,76.230000000000004,11.49,9.210000000000008,10,10,10,40
cifar10_resnet8_P1_seed303,cifar10_resnet8,cifar10,resnet8,P1,303,0.5,"[1, 1, 1, 3]","[10, 10, 10, 30]",24.741468459152017,19140,77.200000000000003,77.25,1.8219477915524711,162,False,1.721947791552471,False,1.0158683061599731,36.299999999999997,20.399999999999999,41fc5ee592b96fa0b086b2e23ca6f6b74d284e93cb884eace3eb38f1d0dc8b40,1.4745331069609509,0.24741468459152019,0.10000000000000001,1.8219477915524711,"[1, 1, 1, 3]",78.689999999999998,1.4399999999999977,98.170034311856654,70.948532289628176,0.71305563321218912,1.558979601835744,0.0859375,29.533333333333335,62.259999999999998,71.329999999999998,77.930000000000007,77.909999999999997,13.468999999999999,5.9200000000000017,10,10,10,30
cifar10_resnet8_P1_seed304,cifar10_resnet8,cifar10,resnet8,P1,304,0.5,"[1, 1, 1, 4]","[10, 10, 10, 40]",32.15486039296794,24875,76.233333333333334,76.840000000000003,1.8776182134373198,96,False,1.7776182134373193,False,1.2998941838741302,37.200000000000003,22.300000000000001,41fc5ee592b96fa0b086b2e23ca6f6b74d284e93cb884eace3eb38f1d0dc8b40,1.4560696095076402,0.32154860392967943,0.10000000000000001,1.8776182134373198,"[1, 1, 1, 4]",78.689999999999998,1.8499999999999943,97.64900241453806,71.471656881930841,0.70865136872964662,1.5606932131934583,0.056640625,26.800000000000001,61.789999999999999,67.629999999999995,75.290000000000006,76.230000000000004,11.49,9.210000000000008,10,10,10,40
cifar10_resnet8_P1_seed305,cifar10_resnet8,cifar10,resnet8,P1,305,0.5,"[0, 0, 0, 4]","[0, 0, 0, 40]",29.650982419855222,22938,76.599999999999994,77.200000000000003,1.8595828292919308,122,False,1.7595828292919307,False,1.1172332465648651,33.399999999999999,19,41fc5ee592b96fa0b086b2e23ca6f6b74d284e93cb884eace3eb38f1d0dc8b40,1.4630730050933785,0.29650982419855221,0.10000000000000001,1.8595828292919308,"[0, 0, 0, 4]",78.689999999999998,1.4899999999999949,98.106493836573904,70.172765818656231,0.73843247776711585,1.583324293711353,0.068359375,22.399999999999999,59.469999999999999,69.280000000000001,77.780000000000001,76.989999999999995,11.994,7.9200000000000017,0,0,0,40
cifar10_resnet8_P1_seed306,cifar10_resnet8,cifar10,resnet8,P1,306,0.5,"[0, 0, 0, 4]","[0, 0, 0, 40]",29.650982419855222,22938,76.599999999999994,77.200000000000003,1.8595828292919308,122,False,1.7595828292919307,False,1.2976207137107849,32.299999999999997,18.800000000000001,41fc5ee592b96fa0b086b2e23ca6f6b74d284e93cb884eace3eb38f1d0dc8b40,1.4630730050933785,0.29650982419855221,0.10000000000000001,1.8595828292919308,"[0, 0, 0, 4]",78.689999999999998,1.4899999999999949,98.106493836573904,71.084018264840182,0.71567975579717258,1.5595973308525104,0.078125,26.466666666666665,59.469999999999999,69.280000000000001,77.780000000000001,76.989999999999995,11.994,7.9200000000000017,0,0,0,40
cifar10_resnet8_P1_seed307,cifar10_resnet8,cifar10,resnet8,P1,307,0.5,"[0, 1, 1, 4]","[0, 10, 10, 40]",32.099276111685626,24832,76.400000000000006,77.120000000000005,1.9302457322543773,40,True,1.7802457322543774,False,1.1157598942518234,38.700000000000003,21.600000000000001,41fc5ee592b96fa0b086b2e23ca6f6b74d284e93cb884eace3eb38f1d0dc8b40,1.4592529711375213,0.32099276111685626,0.15000000000000002,1.9302457322543773,"[0, 1, 1, 4]",78.689999999999998,1.5699999999999932,98.004829076121496,68.935812133072403,0.7293443849216843,1.5759017832234912,0.12890625,25.699999999999999,62.590000000000003,67.459999999999994,75.439999999999998,76.25,11.494,9.6600000000000108,0,10,10,40
cifar10_resnet8_P1_seed308,cifar10_resnet8,cifar10,resnet8,P1,308,0.5,"[0, 1, 1, 4]","[0, 10, 10, 40]",32.099276111685626,24832,76.400000000000006,77.120000000000005,1.9302457322543773,40,True,1.7802457322543774,False,1.3753514289855957,36.5,20,41fc5ee592b96fa0b086b2e23ca6f6b74d284e93cb884eace3eb38f1d0dc8b40,1.4592529711375213,0.32099276111685626,0.15000000000000002,1.9302457322543773,"[0, 1, 1, 4]",78.689999999999998,1.5699999999999932,98.004829076121496,68.958936725375068,0.70674051182857445,1.553963982529257,0.126953125,19.100000000000001,62.590000000000003,67.459999999999994,75.439999999999998,76.25,11.494,9.6600000000000108,0,10,10,40
cifar10_resnet8_P1_seed309,cifar10_resnet8,cifar10,resnet8,P1,309,0.5,"[0, 0, 0, 4]","[0, 0, 0, 40]",29.650982419855222,22938,76.599999999999994,77.200000000000003,1.8595828292919308,122,False,1.7595828292919307,False,1.1719316393136978,37.399999999999999,21,41fc5ee592b96fa0b086b2e23ca6f6b74d284e93cb884eace3eb38f1d0dc8b40,1.4630730050933785,0.29650982419855221,0.10000000000000001,1.8595828292919308,"[0, 0, 0, 4]",78.689999999999998,1.4899999999999949,98.106493836573904,69.290965427266798,0.71113268706223687,1.5583848623432048,0.091796875,27.633333333333333,59.469999999999999,69.280000000000001,77.780000000000001,76.989999999999995,11.994,7.9200000000000017,0,0,0,40
cifar10_resnet8_P1_seed310,cifar10_resnet8,cifar10,resnet8,P1,310,0.5,"[0, 0, 1, 4]","[0, 0, 10, 40]",31.504653567735264,24372,76.5,77.079999999999998,1.9262095237928025,44,True,1.7762095237928026,False,1.2987805902957916,37.100000000000001,20,41fc5ee592b96fa0b086b2e23ca6f6b74d284e93cb884eace3eb38f1d0dc8b40,1.46116298811545,0.31504653567735263,0.15000000000000002,1.9262095237928025,"[0, 0, 1, 4]",78.689999999999998,1.6099999999999994,97.953996695895285,71.108121330724074,0.69425307331373876,1.5468556335305963,0.0703125,24.433333333333334,62.659999999999997,67.760000000000005,75.909999999999997,76.879999999999995,11.837,9.3199999999999932,0,0,10,40
cifar10_resnet8_P1_seed311,cifar10_resnet8,cifar10,resnet8,P1,311,0.5,"[0, 0, 0, 4]","[0, 0, 0, 40]",29.650982419855222,22938,76.599999999999994,77.200000000000003,1.8595828292919308,122,False,1.7595828292919307,False,1.0103077739477158,39.700000000000003,22.699999999999999,41fc5ee592b96fa0b086b2e23ca6f6b74d284e93cb884eace3eb38f1d0dc8b40,1.4630730050933785,0.29650982419855221,0.10000000000000001,1.8595828292919308,"[0, 0, 0, 4]",78.689999999999998,1.4899999999999949,98.106493836573904,70.077821265492503,0.77475840391691664,1.6075193626018971,0.095703125,24,59.469999999999999,69.280000000000001,77.780000000000001,76.989999999999995,11.994,7.9200000000000017,0,0,0,40
cifar10_resnet8_P1_seed312,cifar10_resnet8,cifar10,resnet8,P1,312,0.5,"[1, 1, 1, 3]","[10, 10, 10, 30]",24.741468459152017,19140,77.200000000000003,77.25,1.8219477915524711,162,False,1.721947791552471,False,1.2295686602592468,37.5,22.199999999999999,41fc5ee592b96fa0b086b2e23ca6f6b74d284e93cb884eace3eb38f1d0dc8b40,1.4745331069609509,0.24741468459152019,0.10000000000000001,1.8219477915524711,"[1, 1, 1, 3]",78.689999999999998,1.4399999999999977,98.170034311856654,70.452641878669269,0.71380441106468517,1.5568083267999888,0.060546875,22.300000000000001,62.259999999999998,71.329999999999998,77.930000000000007,77.909999999999997,13.468999999999999,5.9200000000000017,10,10,10,30
cifar10_resnet8_P1_seed313,cifar10_resnet8,cifar10,resnet8,P1,313,0.5,"[1, 1, 1, 4]","[10, 10, 10, 40]",32.15486039296794,24875,76.233333333333334,76.840000000000003,1.8776182134373198,96,False,1.7776182134373193,False,1.09078149497509,35.299999999999997,20.600000000000001,41fc5ee592b96fa0b086b2e23ca6f6b74d284e93cb884eace3eb38f1d0dc8b40,1.4560696095076402,0.32154860392967943,0.10000000000000001,1.8776182134373198,"[1, 1, 1, 4]",78.689999999999998,1.8499999999999943,97.64900241453806,69.483757338551854,0.71923172823368531,1.571515840093225,0.08203125,27.433333333333334,61.789999999999999,67.629999999999995,75.290000000000006,76.230000000000004,11.49,9.210000000000008,10,10,10,40
cifar10_resnet8_P1_seed314,cifar10_resnet8,cifar10,resnet8,P1,314,0.5,"[1, 2, 2, 3]","[10, 20, 20, 30]",27.191054808686658,21035,74.900000000000006,75.430000000000007,1.8525132645554576,131,False,1.7025132645554577,False,1.3121932148933411,33.100000000000001,16.899999999999999,41fc5ee592b96fa0b086b2e23ca6f6b74d284e93cb884eace3eb38f1d0dc8b40,1.4306027164685911,0.2719105480868666,0.15000000000000002,1.8525132645554576,"[1, 2, 2, 3]",78.689999999999998,3.2599999999999909,95.857161011564386,70.433985649054137,0.68101081232196681,1.5358661247956527,0.078125,24,59.450000000000003,69.359999999999999,78.099999999999994,77.319999999999993,12.209999999999999,6.0700000000000074,10,20,20,30
cifar10_resnet8_P1_seed315,cifar10_resnet8,cifar10,resnet8,P1,315,0.5,"[0, 1, 1, 4]","[0, 10, 10, 40]",32.099276111685626,24832,76.400000000000006,77.120000000000005,1.9302457322543773,40,True,1.7802457322543774,False,0.99825245141983032,32.700000000000003,15.300000000000001,41fc5ee592b96fa0b086b2e23ca6f6b74d284e93cb884eace3eb38f1d0dc8b40,1.4592529711375213,0.32099276111685626,0.15000000000000002,1.9302457322543773,"[0, 1, 1, 4]",78.689999999999998,1.5699999999999932,98.004829076121496,70.568982387475543,0.74134296443494097,1.5839760751679457,0.07421875,29.933333333333334,62.590000000000003,67.459999999999994,75.439999999999998,76.25,11.494,9.6600000000000108,0,10,10,40
cifar10_resnet8_P1_seed316,cifar10_resnet8,cifar10,resnet8,P1,316,0.5,"[0, 0, 0, 4]","[0, 0, 0, 40]",29.650982419855222,22938,76.599999999999994,77.200000000000003,1.8595828292919308,122,False,1.7595828292919307,False,0.98826566338539124,29,14.800000000000001,41fc5ee592b96fa0b086b2e23ca6f6b74d284e93cb884eace3eb38f1d0dc8b40,1.4630730050933785,0.29650982419855221,0.10000000000000001,1.8595828292919308,"[0, 0, 0, 4]",78.689999999999998,1.4899999999999949,98.106493836573904,69.955609915198949,0.74971250255007604,1.5928655712083628,0.123046875,19.600000000000001,59.469999999999999,69.280000000000001,77.780000000000001,76.989999999999995,11.994,7.9200000000000017,0,0,0,40
cifar10_resnet8_P1_seed317,cifar10_resnet8,cifar10,resnet8,P1,317,0.5,"[0, 0, 0, 4]","[0, 0, 0, 40]",29.650982419855222,22938,76.599999999999994,77.200000000000003,1.8595828292919308,122,False,1.7595828292919307,False,1.0967341065406799,29.5,15.300000000000001,41fc5ee592b96fa0b086b2e23ca6f6b74d284e93cb884eace3eb38f1d0dc8b40,1.4630730050933785,0.29650982419855221,0.10000000000000001,1.8595828292919308,"[0, 0, 0, 4]",78.689999999999998,1.4899999999999949,98.106493836573904,70.479876060013055,0.74511254335129085,1.5842924459675958,0.06640625,28.766666666666666,59.469999999999999,69.280000000000001,77.780000000000001,76.989999999999995,11.994,7.9200000000000017,0,0,0,40
cifar10_resnet8_P1_seed318,cifar10_resnet8,cifar10,resnet8,P1,318,0.5,"[1, 1, 1, 4]","[10, 10, 10, 40]",32.15486039296794,24875,76.233333333333334,76.840000000000003,1.8776182134373198,96,False,1.7776182134373193,False,1.136895626783371,30.800000000000001,15.199999999999999,41fc5ee592b96fa0b086b2e23ca6f6b74d284e93cb884eace3eb38f1d0dc8b40,1.4560696095076402,0.32154860392967943,0.10000000000000001,1.8776182134373198,"[1, 1, 1, 4]",78.689999999999998,1.8499999999999943,97.64900241453806,69.223515981735162,0.68995836764917007,1.5450032983195587,0.078125,22.300000000000001,61.789999999999999,67.629999999999995,75.290000000000006,76.230000000000004,11.49,9.210000000000008,10,10,10,40
cifar10_resnet8_P1_seed319,cifar10_resnet8,cifar10,resnet8,P1,319,0.5,"[0, 0, 2, 4]","[0, 0, 20, 40]",33.357032057911063,25805,75.299999999999997,74.510000000000005,1.921813104959416,49,False,1.7718131049594161,False,1.157347247004509,28.300000000000001,14,41fc5ee592b96fa0b086b2e23ca6f6b74d284e93cb884eace3eb38f1d0dc8b40,1.4382427843803056,0.33357032057911062,0.15000000000000002,1.921813104959416,"[0, 0, 2, 4]",78.689999999999998,4.1799999999999926,94.688016266361686,70.62769080234834,0.73525980551420855,1.5780543539151295,0.0703125,24.399999999999999,59.130000000000003,67.709999999999994,75.480000000000004,75.040000000000006,11.407,6.8000000000000114,0,0,20,40
cifar10_resnet8_P2_seed300,cifar10_resnet8,cifar10,resnet8,P2,300,0.5,"[1, 1, 1, 2]","[10, 10, 10, 20]",17.329369183040331,13406,77.63333333333334,78.079999999999998,1.7561035390290454,250,False,1.6561035390290453,False,1.1573719680309296,28.399999999999999,16.699999999999999,41fc5ee592b96fa0b086b2e23ca6f6b74d284e93cb884eace3eb38f1d0dc8b40,1.482809847198642,0.1732936918304033,0.10000000000000001,1.7561035390290454,"[1, 1, 1, 2]",78.689999999999998,0.60999999999999943,99.224806201550393,70.039302022178731,0.64985304006830436,1.5261593253182919,0.12109375,27.5,76.510000000000005,77.75,78.409999999999997,78.579999999999998,16.618000000000002,0.32999999999999829,10,10,10,20
cifar10_resnet8_P2_seed301,cifar10_resnet8,cifar10,resnet8,P2,301,0.5,"[1, 1, 1, 4]","[10, 10, 10, 40]",32.15486039296794,24875,76.233333333333334,76.840000000000003,1.8776182134373198,96,False,1.7776182134373193,False,1.3229449689388275,25.100000000000001,13.699999999999999,41fc5ee592b96fa0b086b2e23ca6f6b74d284e93cb884eace3eb38f1d0dc8b40,1.4560696095076402,0.32154860392967943,0.10000000000000001,1.8776182134373198,"[1, 1, 1, 4]",78.689999999999998,1.8499999999999943,97.64900241453806,70.228832354859748,0.68473278982085239,1.5425812262192582,0.08984375,28,61.789999999999999,67.629999999999995,75.290000000000006,76.230000000000004,11.49,9.210000000000008,10,10,10,40
cifar10_resnet8_P2_seed302,cifar10_resnet8,cifar10,resnet8,P2,302,0.5,"[1, 1, 1, 4]","[10, 10, 10, 40]",32.15486039296794,24875,76.233333333333334,76.840000000000003,1.8776182134373198,96,False,1.7776182134373193,False,1.0161790549755096,35.399999999999999,18,41fc5ee592b96fa0b086b2e23ca6f6b74d284e93cb884eace3eb38f1d0dc8b40,1.4560696095076402,0.32154860392967943,0.10000000000000001,1.8776182134373198,"[1, 1, 1, 4]",78.689999999999998,1.8499999999999943,97.64900241453806,69.484866275277241,0.72150072913282304,1.5645711137447973,0.11328125,26.800000000000001,61.789999999999999,67.629999999999995,75.290000000000006,76.230000000000004,11.49,9.210000000000008,10,10,10,40
cifar10_resnet8_P2_seed303,cifar10_resnet8,cifar10,resnet8,P2,303,0.5,"[1, 1, 1, 3]","[10, 10, 10, 30]",24.741468459152017,19140,77.200000000000003,77.25,1.8219477915524711,162,False,1.721947791552471,False,0.94744734466075897,42.200000000000003,22.399999999999999,41fc5ee592b96fa0b086b2e23ca6f6b74d284e93cb884eace3eb38f1d0dc8b40,1.4745331069609509,0.24741468459152019,0.10000000000000001,1.8219477915524711,"[1, 1, 1, 3]",78.689999999999998,1.4399999999999977,98.170034311856654,70.657208088714938,0.71233330059161781,1.5574263441081255,0.10546875,29.533333333333335,62.259999999999998,71.329999999999998,77.930000000000007,77.909999999999997,13.468999999999999,5.9200000000000017,10,10,10,30
cifar10_resnet8_P2_seed304,cifar10_resnet8,cifar10,resnet8,P2,304,0.5,"[1, 1, 1, 2]","[10, 10, 10, 20]",17.329369183040331,13406,77.63333333333334,78.079999999999998,1.7561035390290454,250,False,1.6561035390290453,False,1.3115259408950806,40.899999999999999,21,41fc5ee592b96fa0b086b2e23ca6f6b74d284e93cb884eace3eb38f1d0dc8b40,1.482809847198642,0.1732936918304033,0.10000000000000001,1.7561035390290454,"[1, 1, 1, 2]",78.689999999999998,0.60999999999999943,99.224806201550393,71.464872798434442,0.66739529577102963,1.5285335639211335,0.072265625,28.199999999999999,76.510000000000005,77.75,78.409999999999997,78.579999999999998,16.618000000000002,0.32999999999999829,10,10,10,20
cifar10_resnet8_P2_seed305,cifar10_resnet8,cifar10,resnet8,P2,305,0.5,"[1, 1, 1, 4]","[10, 10, 10, 40]",32.15486039296794,24875,76.233333333333334,76.840000000000003,1.8776182134373198,96,False,1.7776182134373193,False,1.1247238963842392,37.100000000000001,17.399999999999999,41fc5ee592b96fa0b086b2e23ca6f6b74d284e93cb884eace3eb38f1d0dc8b40,1.4560696095076402,0.32154860392967943,0.10000000000000001,1.8776182134373198,"[1, 1, 1, 4]",78.689999999999998,1.8499999999999943,97.64900241453806,69.399347684279192,0.69249710991393965,1.54513998570841,0.1015625,22.399999999999999,61.789999999999999,67.629999999999995,75.290000000000006,76.230000000000004,11.49,9.210000000000008,10,10,10,40
cifar10_resnet8_P2_seed306,cifar10_resnet8,cifar10,resnet8,P2,306,0.5,"[1, 1, 1, 2]","[10, 10, 10, 20]",17.329369183040331,13406,77.63333333333334,78.079999999999998,1.7561035390290454,250,False,1.6561035390290453,False,1.2191539704799652,37.100000000000001,20.199999999999999,41fc5ee592b96fa0b086b2e23ca6f6b74d284e93cb884eace3eb38f1d0dc8b40,1.482809847198642,0.1732936918304033,0.10000000000000001,1.7561035390290454,"[1, 1, 1, 2]",78.689999999999998,0.60999999999999943,99.224806201550393,71.949412915851269,0.68959569018277433,1.54151779374023,0.072265625,26.466666666666665,76.510000000000005,77.75,78.409999999999997,78.579999999999998,16.618000000000002,0.32999999999999829,10,10,10,20
cifar10_resnet8_P2_seed307,cifar10_resnet8,cifar10,resnet8,P2,307,0.5,"[1, 1, 1, 4]","[10, 10, 10, 40]",32.15486039296794,24875,76.233333333333334,76.840000000000003,1.8776182134373198,96,False,1.7776182134373193,False,1.1007668375968933,31.800000000000001,14.699999999999999,41fc5ee592b96fa0b086b2e23ca6f6b74d284e93cb884eace3eb38f1d0dc8b40,1.4560696095076402,0.32154860392967943,0.10000000000000001,1.8776182134373198,"[1, 1, 1, 4]",78.689999999999998,1.8499999999999943,97.64900241453806,69.286953685583825,0.69998262170473524,1.5525710000508408,0.146484375,25.699999999999999,61.789999999999999,67.629999999999995,75.290000000000006,76.230000000000004,11.49,9.210000000000008,10,10,10,40
cifar10_resnet8_P2_seed308,cifar10_resnet8,cifar10,resnet8,P2,308,0.5,"[1, 1, 1, 4]","[10, 10, 10, 40]",32.15486039296794,24875,76.233333333333334,76.840000000000003,1.8776182134373198,96,False,1.7776182134373193,False,1.2291669547557831,36.399999999999999,18.399999999999999,41fc5ee592b96fa0b086b2e23ca6f6b74d284e93cb884eace3eb38f1d0dc8b40,1.4560696095076402,0.32154860392967943,0.10000000000000001,1.8776182134373198,"[1, 1, 1, 4]",78.689999999999998,1.8499999999999943,97.64900241453806,69.038584474885852,0.7081715766647273,1.5529314216645302,0.14453125,19.100000000000001,61.789999999999999,67.629999999999995,75.290000000000006,76.230000000000004,11.49,9.210000000000008,10,10,10,40
cifar10_resnet8_P2_seed309,cifar10_resnet8,cifar10,resnet8,P2,309,0.5,"[0, 0, 0, 3]","[0, 0, 0, 30]",22.237590486039299,17203,77.466666666666669,77.819999999999993,1.802002390429154,189,True,1.7020023904291537,False,1.282035768032074,39.200000000000003,18.899999999999999,41fc5ee592b96fa0b086b2e23ca6f6b74d284e93cb884eace3eb38f1d0dc8b40,1.4796264855687609,0.22237590486039299,0.10000000000000001,1.802002390429154,"[0, 0, 0, 3]",78.689999999999998,0.87000000000000455,98.894395730080049,71.612328767123273,0.69450241407188573,1.5455845498131122,0.072265625,24,69.879999999999995,73.409999999999997,78.200000000000003,78.260000000000005,13.147,4.4099999999999966,0,0,0,30
cifar10_resnet8_P2_seed310,cifar10_resnet8,cifar10,resnet8,P2,310,0.5,"[0, 0, 0, 4]","[0, 0, 0, 40]",29.650982419855222,22938,76.599999999999994,77.200000000000003,1.8595828292919308,122,False,1.7595828292919307,False,1.3807676732540131,33.600000000000001,17.100000000000001,41fc5ee592b96fa0b086b2e23ca6f6b74d284e93cb884eace3eb38f1d0dc8b40,1.4630730050933785,0.29650982419855221,0.10000000000000001,1.8595828292919308,"[0, 0, 0, 4]",78.689999999999998,1.4899999999999949,98.106493836573904,71.011545988258305,0.67088228849481291,1.5308984565794397,0.099609375,24.433333333333334,59.469999999999999,69.280000000000001,77.780000000000001,76.989999999999995,11.994,7.9200000000000017,0,0,0,40
cifar10_resnet8_P2_seed311,cifar10_resnet8,cifar10,resnet8,P2,311,0.5,"[0, 0, 0, 4]","[0, 0, 0, 40]",29.650982419855222,22938,76.599999999999994,77.200000000000003,1.8595828292919308,122,False,1.7595828292919307,False,0.98463171720504761,34.899999999999999,17.800000000000001,41fc5ee592b96fa0b086b2e23ca6f6b74d284e93cb884eace3eb38f1d0dc8b40,1.4630730050933785,0.29650982419855221,0.10000000000000001,1.8595828292919308,"[0, 0, 0, 4]",78.689999999999998,1.4899999999999949,98.106493836573904,69.303065883887811,0.75676960158369166,1.5918131025414195,0.12890625,24,59.469999999999999,69.280000000000001,77.780000000000001,76.989999999999995,11.994,7.9200000000000017,0,0,0,40
cifar10_resnet8_P2_seed312,cifar10_resnet8,cifar10,resnet8,P2,312,0.5,"[1, 1, 1, 3]","[10, 10, 10, 30]",24.741468459152017,19140,77.200000000000003,77.25,1.8219477915524711,162,False,1.721947791552471,False,1.4552514553070068,33.799999999999997,16.300000000000001,41fc5ee592b96fa0b086b2e23ca6f6b74d284e93cb884eace3eb38f1d0dc8b40,1.4745331069609509,0.24741468459152019,0.10000000000000001,1.8219477915524711,"[1, 1, 1, 3]",78.689999999999998,1.4399999999999977,98.170034311856654,69.428310502283111,0.68632025931438856,1.536948136059048,0.09375,22.300000000000001,62.259999999999998,71.329999999999998,77.930000000000007,77.909999999999997,13.468999999999999,5.9200000000000017,10,10,10,30
cifar10_resnet8_P2_seed313,cifar10_resnet8,cifar10,resnet8,P2,313,0.5,"[1, 1, 1, 4]","[10, 10, 10, 40]",32.15486039296794,24875,76.233333333333334,76.840000000000003,1.8776182134373198,96,False,1.7776182134373193,False,0.99366956949234009,39.100000000000001,22.399999999999999,41fc5ee592b96fa0b086b2e23ca6f6b74d284e93cb884eace3eb38f1d0dc8b40,1.4560696095076402,0.32154860392967943,0.10000000000000001,1.8776182134373198,"[1, 1, 1, 4]",78.689999999999998,1.8499999999999943,97.64900241453806,69.081539465101116,0.7003709888250006,1.554038657145127,0.103515625,27.433333333333334,61.789999999999999,67.629999999999995,75.290000000000006,76.230000000000004,11.49,9.210000000000008,10,10,10,40
cifar10_resnet8_P2_seed314,cifar10_resnet8,cifar10,resnet8,P2,314,0.5,"[2, 2, 2, 2]","[20, 20, 20, 20]",19.83453981385729,15344,73.099999999999994,71.980000000000004,1.6445678090044473,473,False,1.5945678090044473,False,1.3752169907093048,36.600000000000001,20,41fc5ee592b96fa0b086b2e23ca6f6b74d284e93cb884eace3eb38f1d0dc8b40,1.3962224108658743,0.19834539813857291,0.050000000000000003,1.6445678090044473,"[2, 2, 2, 2]",78.689999999999998,6.7099999999999937,91.47286821705427,70.923809523809524,0.66579800376277876,1.5246888490672525,0.0703125,24,71.980000000000004,76.060000000000002,78.439999999999998,78.510000000000005,14.680000000000001,-4.0799999999999983,20,20,20,20
cifar10_resnet8_P2_seed315,cifar10_resnet8,cifar10,resnet8,P2,315,0.5,"[0, 0, 0, 4]","[0, 0, 0, 40]",29.650982419855222,22938,76.599999999999994,77.200000000000003,1.8595828292919308,122,False,1.7595828292919307,False,0.98454278707504272,37.899999999999999,20.399999999999999,41fc5ee592b96fa0b086b2e23ca6f6b74d284e93cb884eace3eb38f1d0dc8b40,1.4630730050933785,0.29650982419855221,0.10000000000000001,1.8595828292919308,"[0, 0, 0, 4]",78.689999999999998,1.4899999999999949,98.106493836573904,70.512818003913907,0.72009157606026497,1.5637700566915562,0.08203125,29.933333333333334,59.469999999999999,69.280000000000001,77.780000000000001,76.989999999999995,11.994,7.9200000000000017,0,0,0,40
cifar10_resnet8_P2_seed316,cifar10_resnet8,cifar10,resnet8,P2,316,0.5,"[0, 0, 0, 4]","[0, 0, 0, 40]",29.650982419855222,22938,76.599999999999994,77.200000000000003,1.8595828292919308,122,False,1.7595828292919307,False,1.1044206470251083,39.299999999999997,21.199999999999999,41fc5ee592b96fa0b086b2e23ca6f6b74d284e93cb884eace3eb38f1d0dc8b40,1.4630730050933785,0.29650982419855221,0.10000000000000001,1.8595828292919308,"[0, 0, 0, 4]",78.689999999999998,1.4899999999999949,98.106493836573904,69.302380952380943,0.72462731112437573,1.5689450225302854,0.138671875,27.433333333333334,59.469999999999999,69.280000000000001,77.780000000000001,76.989999999999995,11.994,7.9200000000000017,0,0,0,40
cifar10_resnet8_P2_seed317,cifar10_resnet8,cifar10,resnet8,P2,317,0.5,"[1, 1, 1, 3]","[10, 10, 10, 30]",24.741468459152017,19140,77.200000000000003,77.25,1.8219477915524711,162,False,1.721947791552471,False,1.1519190073013306,41.799999999999997,22.199999999999999,41fc5ee592b96fa0b086b2e23ca6f6b74d284e93cb884eace3eb38f1d0dc8b40,1.4745331069609509,0.24741468459152019,0.10000000000000001,1.8219477915524711,"[1, 1, 1, 3]",78.689999999999998,1.4399999999999977,98.170034311856654,71.039367253750825,0.73773281248819411,1.5824748385390519,0.0703125,28.766666666666666,62.259999999999998,71.329999999999998,77.930000000000007,77.909999999999997,13.468999999999999,5.9200000000000017,10,10,10,30
cifar10_resnet8_P2_seed318,cifar10_resnet8,cifar10,resnet8,P2,318,0.5,"[0, 0, 0, 4]","[0, 0, 0, 40]",29.650982419855222,22938,76.599999999999994,77.200000000000003,1.8595828292919308,122,False,1.7595828292919307,False,1.1732406616210938,35.899999999999999,19.699999999999999,41fc5ee592b96fa0b086b2e23ca6f6b74d284e93cb884eace3eb38f1d0dc8b40,1.4630730050933785,0.29650982419855221,0.10000000000000001,1.8595828292919308,"[0, 0, 0, 4]",78.689999999999998,1.4899999999999949,98.106493836573904,68.568656229615144,0.70415265699023033,1.5491331353574254,0.080078125,22.300000000000001,59.469999999999999,69.280000000000001,77.780000000000001,76.989999999999995,11.994,7.9200000000000017,0,0,0,40
cifar10_resnet8_P2_seed319,cifar10_resnet8,cifar10,resnet8,P2,319,0.5,"[0, 0, 0, 4]","[0, 0, 0, 40]",29.650982419855222,22938,76.599999999999994,77.200000000000003,1.8595828292919308,122,False,1.7595828292919307,False,1.1083253473043442,34,17.600000000000001,41fc5ee592b96fa0b086b2e23ca6f6b74d284e93cb884eace3eb38f1d0dc8b40,1.4630730050933785,0.29650982419855221,0.10000000000000001,1.8595828292919308,"[0, 0, 0, 4]",78.689999999999998,1.4899999999999949,98.106493836573904,71.053979125896944,0.72015882250715912,1.5677386966779587,0.072265625,24.399999999999999,59.469999999999999,69.280000000000001,77.780000000000001,76.989999999999995,11.994,7.9200000000000017,0,0,0,40
cifar10_resnet8_P3_seed300,cifar10_resnet8,cifar10,resnet8,P3,300,0.5,"[1, 1, 1, 4]","[10, 10, 10, 40]",32.15486039296794,24875,76.233333333333334,76.840000000000003,1.8776182134373198,96,False,1.7776182134373193,False,1.1183024793863297,26.800000000000001,15.199999999999999,41fc5ee592b96fa0b086b2e23ca6f6b74d284e93cb884eace3eb38f1d0dc8b40,1.4560696095076402,0.32154860392967943,0.10000000000000001,1.8776182134373198,"[1, 1, 1, 4]",78.689999999999998,1.8499999999999943,97.64900241453806,69.492791911285053,0.67981019879258631,1.5431410684333049,0.126953125,27.666666666666668,61.789999999999999,67.629999999999995,75.290000000000006,76.230000000000004,11.49,9.210000000000008,10,10,10,40
cifar10_resnet8_P3_seed301,cifar10_resnet8,cifar10,resnet8,P3,301,0.5,"[1, 1, 1, 4]","[10, 10, 10, 40]",32.15486039296794,24875,76.233333333333334,76.840000000000003,1.8776182134373198,96,False,1.7776182134373193,False,1.1066533029079437,28.100000000000001,14.1,41fc5ee592b96fa0b086b2e23ca6f6b74d284e93cb884eace3eb38f1d0dc8b40,1.4560696095076402,0.32154860392967943,0.10000000000000001,1.8776182134373198,"[1, 1, 1, 4]",78.689999999999998,1.8499999999999943,97.64900241453806,68.946510110893669,0.71998126166423626,1.5702134186420735,0.1328125,29.533333333333335,61.789999999999999,67.629999999999995,75.290000000000006,76.230000000000004,11.49,9.210000000000008,10,10,10,40
cifar10_resnet8_P3_seed302,cifar10_resnet8,cifar10,resnet8,P3,302,0.5,"[0, 0, 0, 4]","[0, 0, 0, 40]",29.650982419855222,22938,76.599999999999994,77.200000000000003,1.8595828292919308,122,False,1.7595828292919307,False,1.0156926512718201,39.299999999999997,20.300000000000001,41fc5ee592b96fa0b086b2e23ca6f6b74d284e93cb884eace3eb38f1d0dc8b40,1.4630730050933785,0.29650982419855221,0.10000000000000001,1.8595828292919308,"[0, 0, 0, 4]",78.689999999999998,1.4899999999999949,98.106493836573904,69.061513372472277,0.72751588602860628,1.5719821459412702,0.140625,26.800000000000001,59.469999999999999,69.280000000000001,77.780000000000001,76.989999999999995,11.994,7.9200000000000017,0,0,0,40
cifar10_resnet8_P3_seed303,cifar10_resnet8,cifar10,resnet8,P3,303,0.5,"[1, 1, 1, 3]","[10, 10, 10, 30]",24.741468459152017,19140,77.200000000000003,77.25,1.8219477915524711,162,False,1.721947791552471,False,1.0513928830623627,40.100000000000001,22,41fc5ee592b96fa0b086b2e23ca6f6b74d284e93cb884eace3eb38f1d0dc8b40,1.4745331069609509,0.24741468459152019,0.10000000000000001,1.8219477915524711,"[1, 1, 1, 3]",78.689999999999998,1.4399999999999977,98.170034311856654,71.254207436399213,0.70157991371298611,1.5520223061553564,0.080078125,29.533333333333335,62.259999999999998,71.329999999999998,77.930000000000007,77.909999999999997,13.468999999999999,5.9200000000000017,10,10,10,30
cifar10_resnet8_P3_seed304,cifar10_resnet8,cifar10,resnet8,P3,304,0.5,"[0, 0, 0, 4]","[0, 0, 0, 40]",29.650982419855222,22938,76.599999999999994,77.200000000000003,1.8595828292919308,122,False,1.7595828292919307,False,1.3740345239639282,37.100000000000001,22,41fc5ee592b96fa0b086b2e23ca6f6b74d284e93cb884eace3eb38f1d0dc8b40,1.4630730050933785,0.29650982419855221,0.10000000000000001,1.8595828292919308,"[0, 0, 0, 4]",78.689999999999998,1.4899999999999949,98.106493836573904,71.260828440965412,0.69083786050517937,1.5442295198574891,0.07421875,26.800000000000001,59.469999999999999,69.280000000000001,77.780000000000001,76.989999999999995,11.994,7.9200000000000017,0,0,0,40
cifar10_resnet8_P3_seed305,cifar10_resnet8,cifar10,resnet8,P3,305,0.5,"[1, 1, 1, 4]","[10, 10, 10, 40]",32.15486039296794,24875,76.233333333333334,76.840000000000003,1.8776182134373198,96,False,1.7776182134373193,False,1.0587501898407936,39.799999999999997,21.300000000000001,41fc5ee592b96fa0b086b2e23ca6f6b74d284e93cb884eace3eb38f1d0dc8b40,1.4560696095076402,0.32154860392967943,0.10000000000000001,1.8776182134373198,"[1, 1, 1, 4]",78.689999999999998,1.8499999999999943,97.64900241453806,69.082257012393981,0.73368140295733264,1.5769794555138616,0.09765625,22.399999999999999,61.789999999999999,67.629999999999995,75.290000000000006,76.230000000000004,11.49,9.210000000000008,10,10,10,40
cifar10_resnet8_P3_seed306,cifar10_resnet8,cifar10,resnet8,P3,306,0.5,"[1, 1, 1, 3]","[10, 10, 10, 30]",24.741468459152017,19140,77.200000000000003,77.25,1.8219477915524711,162,False,1.721947791552471,False,1.1955156922340393,31.800000000000001,19.600000000000001,41fc5ee592b96fa0b086b2e23ca6f6b74d284e93cb884eace3eb38f1d0dc8b40,1.4745331069609509,0.24741468459152019,0.10000000000000001,1.8219477915524711,"[1, 1, 1, 3]",78.689999999999998,1.4399999999999977,98.170034311856654,72.182452707110244,0.69858329114689199,1.5477721128710782,0.06640625,26.466666666666665,62.259999999999998,71.329999999999998,77.930000000000007,77.909999999999997,13.468999999999999,5.9200000000000017,10,10,10,30
cifar10_resnet8_P3_seed307,cifar10_resnet8,cifar10,resnet8,P3,307,0.5,"[1, 1, 1, 4]","[10, 10, 10, 40]",32.15486039296794,24875,76.233333333333334,76.840000000000003,1.8776182134373198,96,False,1.7776182134373193,False,1.0676268339157104,33.200000000000003,18.600000000000001,41fc5ee592b96fa0b086b2e23ca6f6b74d284e93cb884eace3eb38f1d0dc8b40,1.4560696095076402,0.32154860392967943,0.10000000000000001,1.8776182134373198,"[1, 1, 1, 4]",78.689999999999998,1.8499999999999943,97.64900241453806,69.054859752120024,0.72040287421892113,1.5699821615478724,0.134765625,25.699999999999999,61.789999999999999,67.629999999999995,75.290000000000006,76.230000000000004,11.49,9.210000000000008,10,10,10,40
cifar10_resnet8_P3_seed308,cifar10_resnet8,cifar10,resnet8,P3,308,0.5,"[0, 1, 1, 4]","[0, 10, 10, 40]",32.099276111685626,24832,76.400000000000006,77.120000000000005,1.9302457322543773,40,True,1.7802457322543774,False,1.2316118627786636,36,20.800000000000001,41fc5ee592b96fa0b086b2e23ca6f6b74d284e93cb884eace3eb38f1d0dc8b40,1.4592529711375213,0.32099276111685626,0.15000000000000002,1.9302457322543773,"[0, 1, 1, 4]",78.689999999999998,1.5699999999999932,98.004829076121496,69.02501630789304,0.7102479051598426,1.5552817410598443,0.138671875,19.100000000000001,62.590000000000003,67.459999999999994,75.439999999999998,76.25,11.494,9.6600000000000108,0,10,10,40
cifar10_resnet8_P3_seed309,cifar10_resnet8,cifar10,resnet8,P3,309,0.5,"[0, 0, 0, 3]","[0, 0, 0, 30]",22.237590486039299,17203,77.466666666666669,77.819999999999993,1.802002390429154,189,True,1.7020023904291537,False,1.3238843381404877,37.799999999999997,21.300000000000001,41fc5ee592b96fa0b086b2e23ca6f6b74d284e93cb884eace3eb38f1d0dc8b40,1.4796264855687609,0.22237590486039299,0.10000000000000001,1.802002390429154,"[0, 0, 0, 3]",78.689999999999998,0.87000000000000455,98.894395730080049,71.400489236790605,0.68455749571209457,1.5384330026771684,0.068359375,24,69.879999999999995,73.409999999999997,78.200000000000003,78.260000000000005,13.147,4.4099999999999966,0,0,0,30
cifar10_resnet8_P3_seed310,cifar10_resnet8,cifar10,resnet8,P3,310,0.5,"[1, 1, 4, 4]","[10, 10, 40, 40]",37.713288521199587,29175,69.599999999999994,69.980000000000004,1.8065047018503659,183,False,1.7065047018503661,False,1.1973609924316406,32.799999999999997,18.100000000000001,41fc5ee592b96fa0b086b2e23ca6f6b74d284e93cb884eace3eb38f1d0dc8b40,1.3293718166383699,0.37713288521199589,0.10000000000000001,1.8065047018503659,"[1, 1, 4, 4]",78.689999999999998,8.7099999999999937,88.931249205744066,71.100424005218528,0.68155633967767038,1.5413183318664267,0.095703125,24.433333333333334,53.789999999999999,66.810000000000002,75.930000000000007,73.920000000000002,12.284000000000001,3.1700000000000017,10,10,40,40
cifar10_resnet8_P3_seed311,cifar10_resnet8,cifar10,resnet8,P3,311,0.5,"[0, 0, 0, 4]","[0, 0, 0, 40]",29.650982419855222,22938,76.599999999999994,77.200000000000003,1.8595828292919308,122,False,1.7595828292919307,False,1.048493504524231,33.700000000000003,19.5,41fc5ee592b96fa0b086b2e23ca6f6b74d284e93cb884eace3eb38f1d0dc8b40,1.4630730050933785,0.29650982419855221,0.10000000000000001,1.8595828292919308,"[0, 0, 0, 4]",78.689999999999998,1.4899999999999949,98.106493836573904,69.653359425962165,0.7606366500691355,1.5949500224393547,0.111328125,24,59.469999999999999,69.280000000000001,77.780000000000001,76.989999999999995,11.994,7.9200000000000017,0,0,0,40
cifar10_resnet8_P3_seed312,cifar10_resnet8,cifar10,resnet8,P3,312,0.5,"[0, 0, 3, 3]","[0, 0, 30, 30]",27.797311271975182,21504,72.36666666666666,73.329999999999998,1.760188732414149,244,False,1.6601887324141489,False,1.2837194502353668,34.200000000000003,17.800000000000001,41fc5ee592b96fa0b086b2e23ca6f6b74d284e93cb884eace3eb38f1d0dc8b40,1.3822156196943971,0.27797311271975184,0.10000000000000001,1.760188732414149,"[0, 0, 3, 3]",78.689999999999998,5.3599999999999994,93.188461049688655,69.777299412915852,0.68828778456958506,1.5394749250767126,0.080078125,22.300000000000001,59.740000000000002,68.75,77.890000000000001,77.340000000000003,11.773999999999999,4.5799999999999983,0,0,30,30
cifar10_resnet8_P3_seed313,cifar10_resnet8,cifar10,resnet8,P3,313,0.5,"[1, 1, 1, 4]","[10, 10, 10, 40]",32.15486039296794,24875,76.233333333333334,76.840000000000003,1.8776182134373198,96,False,1.7776182134373193,False,1.1387583911418915,38.200000000000003,22.199999999999999,41fc5ee592b96fa0b086b2e23ca6f6b74d284e93cb884eace3eb38f1d0dc8b40,1.4560696095076402,0.32154860392967943,0.10000000000000001,1.8776182134373198,"[1, 1, 1, 4]",78.689999999999998,1.8499999999999943,97.64900241453806,68.633333333333326,0.70813379776197793,1.5590641317431153,0.125,27.433333333333334,61.789999999999999,67.629999999999995,75.290000000000006,76.230000000000004,11.49,9.210000000000008,10,10,10,40
cifar10_resnet8_P3_seed314,cifar10_resnet8,cifar10,resnet8,P3,314,0.5,"[1, 1, 2, 2]","[10, 10, 20, 20]",19.181747673216133,14839,75.533333333333331,75.650000000000006,1.7345169673943008,292,False,1.6345169673943007,False,1.3368353247642517,37.600000000000001,21.300000000000001,41fc5ee592b96fa0b086b2e23ca6f6b74d284e93cb884eace3eb38f1d0dc8b40,1.4426994906621393,0.19181747673216135,0.10000000000000001,1.7345169673943008,"[1, 1, 2, 2]",78.689999999999998,3.039999999999992,96.136739102808505,70.827462491846063,0.66520109709933584,1.5243308856287194,0.08984375,24,73.790000000000006,76.650000000000006,78.530000000000001,78.400000000000006,14.871,-1,10,10,20,20
cifar10_resnet8_P3_seed315,cifar10_resnet8,cifar10,resnet8,P3,315,0.5,"[0, 0, 0, 4]","[0, 0, 0, 40]",29.650982419855222,22938,76.599999999999994,77.200000000000003,1.8595828292919308,122,False,1.7595828292919307,False,1.054734081029892,36,21.699999999999999,41fc5ee592b96fa0b086b2e23ca6f6b74d284e93cb884eace3eb38f1d0dc8b40,1.4630730050933785,0.29650982419855221,0.10000000000000001,1.8595828292919308,"[0, 0, 0, 4]",78.689999999999998,1.4899999999999949,98.106493836573904,70.987964774951053,0.72492425329998722,1.570180327066111,0.076171875,29.933333333333334,59.469999999999999,69.280000000000001,77.780000000000001,76.989999999999995,11.994,7.9200000000000017,0,0,0,40
cifar10_resnet8_P3_seed316,cifar10_resnet8,cifar10,resnet8,P3,316,0.5,"[0, 0, 0, 4]","[0, 0, 0, 40]",29.650982419855222,22938,76.599999999999994,77.200000000000003,1.8595828292919308,122,False,1.7595828292919307,False,1.0329691469669342,39.399999999999999,22.699999999999999,41fc5ee592b96fa0b086b2e23ca6f6b74d284e93cb884eace3eb38f1d0dc8b40,1.4630730050933785,0.29650982419855221,0.10000000000000001,1.8595828292919308,"[0, 0, 0, 4]",78.689999999999998,1.4899999999999949,98.106493836573904,70.017906066536199,0.72371155052172653,1.5684441199568966,0.115234375,27.5,59.469999999999999,69.280000000000001,77.780000000000001,76.989999999999995,11.994,7.9200000000000017,0,0,0,40
cifar10_resnet8_P3_seed317,cifar10_resnet8,cifar10,resnet8,P3,317,0.5,"[1, 1, 1, 3]","[10, 10, 10, 30]",24.741468459152017,19140,77.200000000000003,77.25,1.8219477915524711,162,False,1.721947791552471,False,1.0185213536024094,39.600000000000001,22.600000000000001,41fc5ee592b96fa0b086b2e23ca6f6b74d284e93cb884eace3eb38f1d0dc8b40,1.4745331069609509,0.24741468459152019,0.10000000000000001,1.8219477915524711,"[1, 1, 1, 3]",78.689999999999998,1.4399999999999977,98.170034311856654,71.095531637312462,0.73033268101761262,1.5776783400009291,0.0625,28.766666666666666,62.259999999999998,71.329999999999998,77.930000000000007,77.909999999999997,13.468999999999999,5.9200000000000017,10,10,10,30
cifar10_resnet8_P3_seed318,cifar10_resnet8,cifar10,resnet8,P3,318,0.5,"[1, 1, 1, 4]","[10, 10, 10, 40]",32.15486039296794,24875,76.233333333333334,76.840000000000003,1.8776182134373198,96,False,1.7776182134373193,False,1.1442689597606659,36.100000000000001,19.5,41fc5ee592b96fa0b086b2e23ca6f6b74d284e93cb884eace3eb38f1d0dc8b40,1.4560696095076402,0.32154860392967943,0.10000000000000001,1.8776182134373198,"[1, 1, 1, 4]",78.689999999999998,1.8499999999999943,97.64900241453806,68.729321591650347,0.68024163386198622,1.5372778722399021,0.08984375,22.300000000000001,61.789999999999999,67.629999999999995,75.290000000000006,76.230000000000004,11.49,9.210000000000008,10,10,10,40
cifar10_resnet8_P3_seed319,cifar10_resnet8,cifar10,resnet8,P3,319,0.5,"[0, 0, 0, 4]","[0, 0, 0, 40]",29.650982419855222,22938,76.599999999999994,77.200000000000003,1.8595828292919308,122,False,1.7595828292919307,False,1.1544873267412186,32.600000000000001,17.600000000000001,41fc5ee592b96fa0b086b2e23ca6f6b74d284e93cb884eace3eb38f1d0dc8b40,1.4630730050933785,0.29650982419855221,0.10000000000000001,1.8595828292919308,"[0, 0, 0, 4]",78.689999999999998,1.4899999999999949,98.106493836573904,70.535649054142198,0.71817014106642285,1.5646693022423384,0.08203125,24.399999999999999,59.469999999999999,69.280000000000001,77.780000000000001,76.989999999999995,11.994,7.9200000000000017,0,0,0,40
cifar10_simplecnn_P0_seed300,cifar10_simplecnn,cifar10,simplecnn,P0,300,0,"[0, 0, 5, 5]","[0, 0, 60, 60]",57.884530999948375,358810,76.13333333333334,76.650000000000006,2.1626045131177172,92,True,2.0626045131177171,False,1.2600465267896652,87.099999999999994,72.299999999999997,ca28f8345c23365ee7b92686e780ae0a9befa76c9d6bb9b3bb0b9e42272e111c,1.4837592031182332,0.5788453099994838,0.10000000000000001,2.1626045131177172,"[0, 0, 5, 5]",77.030000000000001,0.37999999999999545,99.506685706867458,71.095955642530981,0.66270391162759068,1.767809244565959,0.3203125,40.299999999999997,40.689999999999998,76.540000000000006,77,75.650000000000006,14.725,0.10999999999999943,0,0,60,60
cifar10_simplecnn_P0_seed301,cifar10_simplecnn,cifar10,simplecnn,P0,301,0,"[0, 0, 5, 5]","[0, 0, 60, 60]",57.884530999948375,358810,76.13333333333334,76.650000000000006,2.1626045131177172,92,True,2.0626045131177171,False,1.2225875370204449,71.599999999999994,71.200000000000003,ca28f8345c23365ee7b92686e780ae0a9befa76c9d6bb9b3bb0b9e42272e111c,1.4837592031182332,0.5788453099994838,0.10000000000000001,2.1626045131177172,"[0, 0, 5, 5]",77.030000000000001,0.37999999999999545,99.506685706867458,72.410730593607312,0.74982508368026957,1.84168974185194,0.169921875,40.200000000000003,40.689999999999998,76.540000000000006,77,75.650000000000006,14.725,0.10999999999999943,0,0,60,60
cifar10_simplecnn_P0_seed302,cifar10_simplecnn,cifar10,simplecnn,P0,302,0,"[1, 1, 5, 5]","[10, 10, 60, 60]",58.195724278560732,360739,75.400000000000006,76.489999999999995,2.1514245446478855,109,False,2.0514245446478854,False,1.1935358643531799,68.200000000000003,67.799999999999997,ca28f8345c23365ee7b92686e780ae0a9befa76c9d6bb9b3bb0b9e42272e111c,1.4694673018622781,0.58195724278560734,0.10000000000000001,2.1514245446478855,"[1, 1, 5, 5]",77.030000000000001,0.54000000000000625,99.298974425548479,72.24207436399216,0.71871189053185147,1.8142127071998064,0.189453125,40.299999999999997,41.200000000000003,76.349999999999994,77.019999999999996,75.590000000000003,14.599,0.14000000000000057,10,10,60,60
cifar10_simplecnn_P0_seed303,cifar10_simplecnn,cifar10,simplecnn,P0,303,0,"[0, 0, 5, 5]","[0, 0, 60, 60]",57.884530999948375,358810,76.13333333333334,76.650000000000006,2.1626045131177172,92,True,2.0626045131177171,False,1.1267440691590309,72.5,72.099999999999994,ca28f8345c23365ee7b92686e780ae0a9befa76c9d6bb9b3bb0b9e42272e111c,1.4837592031182332,0.5788453099994838,0.10000000000000001,2.1626045131177172,"[0, 0, 5, 5]",77.030000000000001,0.37999999999999545,99.506685706867458,71.74980430528376,0.75591504280349686,1.8455599698978526,0.220703125,40.200000000000003,40.689999999999998,76.540000000000006,77,75.650000000000006,14.725,0.10999999999999943,0,0,60,60
cifar10_simplecnn_P0_seed304,cifar10_simplecnn,cifar10,simplecnn,P0,304,0,"[0, 0, 5, 5]","[0, 0, 60, 60]",57.884530999948375,358810,76.13333333333334,76.650000000000006,2.1626045131177172,92,True,2.0626045131177171,False,1.2037966884672642,68.200000000000003,67.799999999999997,ca28f8345c23365ee7b92686e780ae0a9befa76c9d6bb9b3bb0b9e42272e111c,1.4837592031182332,0.5788453099994838,0.10000000000000001,2.1626045131177172,"[0, 0, 5, 5]",77.030000000000001,0.37999999999999545,99.506685706867458,72.309491193737756,0.7126627326235937,1.8070551146059022,0.18359375,40.299999999999997,40.689999999999998,76.540000000000006,77,75.650000000000006,14.725,0.10999999999999943,0,0,60,60
cifar10_simplecnn_P0_seed305,cifar10_simplecnn,cifar10,simplecnn,P0,305,0,"[0, 0, 5, 5]","[0, 0, 60, 60]",57.884530999948375,358810,76.13333333333334,76.650000000000006,2.1626045131177172,92,True,2.0626045131177171,False,1.2195164263248444,70.400000000000006,70,ca28f8345c23365ee7b92686e780ae0a9befa76c9d6bb9b3bb0b9e42272e111c,1.4837592031182332,0.5788453099994838,0.10000000000000001,2.1626045131177172,"[0, 0, 5, 5]",77.030000000000001,0.37999999999999545,99.506685706867458,71.967971298108282,0.72235302117885292,1.8119144783604648,0.20703125,40.533333333333331,40.689999999999998,76.540000000000006,77,75.650000000000006,14.725,0.10999999999999943,0,0,60,60
cifar10_simplecnn_P0_seed306,cifar10_simplecnn,cifar10,simplecnn,P0,306,0,"[1, 1, 5, 5]","[10, 10, 60, 60]",58.195724278560732,360739,75.400000000000006,76.489999999999995,2.1514245446478855,109,False,2.0514245446478854,False,1.1365862675011158,68.200000000000003,67.700000000000003,ca28f8345c23365ee7b92686e780ae0a9befa76c9d6bb9b3bb0b9e42272e111c,1.4694673018622781,0.58195724278560734,0.10000000000000001,2.1514245446478855,"[1, 1, 5, 5]",77.030000000000001,0.54000000000000625,99.298974425548479,72.138388780169606,0.70374766715275527,1.7970030402117498,0.158203125,40.200000000000003,41.200000000000003,76.349999999999994,77.019999999999996,75.590000000000003,14.599,0.14000000000000057,10,10,60,60
cifar10_simplecnn_P0_seed307,cifar10_simplecnn,cifar10,simplecnn,P0,307,0,"[0, 0, 1, 4]","[0, 0, 10, 40]",35.021423777812196,217088,77,77.109999999999999,2.0008638696533922,251,False,1.8508638696533926,False,1.2436904013156891,72,59.200000000000003,ca28f8345c23365ee7b92686e780ae0a9befa76c9d6bb9b3bb0b9e42272e111c,1.5006496318752705,0.35021423777812194,0.15000000000000002,2.0008638696533922,"[0, 0, 1, 4]",77.030000000000001,-0.079999999999998295,100.10385564065948,72.069699934768437,0.63263114946089505,1.7306740945966332,0.28515625,40.600000000000001,72.810000000000002,76.950000000000003,77.019999999999996,76.560000000000002,30.408999999999999,0.15999999999999659,0,0,10,40
cifar10_simplecnn_P0_seed308,cifar10_simplecnn,cifar10,simplecnn,P0,308,0,"[1, 1, 4, 4]","[10, 10, 40, 40]",38.900773062825877,241135,76.333333333333329,76.769999999999996,1.9766647249981157,306,False,1.8766647249981157,False,1.2771142423152924,71,58.700000000000003,ca28f8345c23365ee7b92686e780ae0a9befa76c9d6bb9b3bb0b9e42272e111c,1.487656994369857,0.38900773062825877,0.10000000000000001,1.9766647249981157,"[1, 1, 4, 4]",77.030000000000001,0.26000000000000512,99.662469167856685,72.083953033268088,0.62948945590824268,1.7241594754217944,0.236328125,40.200000000000003,67.349999999999994,76.859999999999999,76.959999999999994,76.329999999999998,28.601999999999997,-0.090000000000003411,10,10,40,40
cifar10_simplecnn_P0_seed309,cifar10_simplecnn,cifar10,simplecnn,P0,309,0,"[1, 2, 5, 5]","[10, 20, 60, 60]",58.493043725156163,362582,75.400000000000006,76.5,2.2043977391138396,41,False,2.0543977391138397,False,1.113915242254734,78.5,66.099999999999994,ca28f8345c23365ee7b92686e780ae0a9befa76c9d6bb9b3bb0b9e42272e111c,1.4694673018622781,0.58493043725156169,0.15000000000000002,2.2043977391138396,"[1, 2, 5, 5]",77.030000000000001,0.53000000000000114,99.311956380630917,72.721461187214615,0.7240764947222873,1.8139868733572158,0.15234375,40.200000000000003,40.859999999999999,76.340000000000003,76.959999999999994,75.400000000000006,14.587,0.15999999999999659,10,20,60,60
cifar10_simplecnn_P0_seed310,cifar10_simplecnn,cifar10,simplecnn,P0,310,0,"[0, 0, 5, 5]","[0, 0, 60, 60]",57.884530999948375,358810,76.13333333333334,76.650000000000006,2.1626045131177172,92,True,2.0626045131177171,False,1.1230143122375011,69.700000000000003,69.299999999999997,ca28f8345c23365ee7b92686e780ae0a9befa76c9d6bb9b3bb0b9e42272e111c,1.4837592031182332,0.5788453099994838,0.10000000000000001,2.1626045131177172,"[0, 0, 5, 5]",77.030000000000001,0.37999999999999545,99.506685706867458,72.661545988258311,0.75432606215385078,1.8400925343981458,0.154296875,40.766666666666666,40.689999999999998,76.540000000000006,77,75.650000000000006,14.725,0.10999999999999943,0,0,60,60
cifar10_simplecnn_P0_seed311,cifar10_simplecnn,cifar10,simplecnn,P0,311,0,"[1, 2, 5, 5]","[10, 20, 60, 60]",58.493043725156163,362582,75.400000000000006,76.5,2.2043977391138396,41,False,2.0543977391138397,False,1.1220327690243721,68.900000000000006,68.5,ca28f8345c23365ee7b92686e780ae0a9befa76c9d6bb9b3bb0b9e42272e111c,1.4694673018622781,0.58493043725156169,0.15000000000000002,2.2043977391138396,"[1, 2, 5, 5]",77.030000000000001,0.53000000000000114,99.311956380630917,72.376451402478807,0.74179782242404546,1.8321617351847357,0.1640625,40.200000000000003,40.859999999999999,76.340000000000003,76.959999999999994,75.400000000000006,14.587,0.15999999999999659,10,20,60,60
cifar10_simplecnn_P0_seed312,cifar10_simplecnn,cifar10,simplecnn,P0,312,0,"[2, 2, 5, 5]","[20, 20, 60, 60]",58.507078880801195,362669,74.86666666666666,75.349999999999994,2.1441439806659592,117,False,2.0441439806659591,False,1.1326572820544243,64.400000000000006,63.399999999999999,ca28f8345c23365ee7b92686e780ae0a9befa76c9d6bb9b3bb0b9e42272e111c,1.4590731918579469,0.585070788808012,0.10000000000000001,2.1441439806659592,"[2, 2, 5, 5]",77.030000000000001,1.6800000000000068,97.819031546150839,72.782224396607944,0.69545897588950423,1.791789976334859,0.166015625,40.299999999999997,40.670000000000002,76.370000000000005,76.950000000000003,75.439999999999998,14.605,-1.0200000000000102,20,20,60,60
cifar10_simplecnn_P0_seed313,cifar10_simplecnn,cifar10,simplecnn,P0,313,0,"[1, 1, 5, 5]","[10, 10, 60, 60]",58.195724278560732,360739,75.400000000000006,76.489999999999995,2.1514245446478855,109,False,2.0514245446478854,False,1.1974333822727203,69,68.599999999999994,ca28f8345c23365ee7b92686e780ae0a9befa76c9d6bb9b3bb0b9e42272e111c,1.4694673018622781,0.58195724278560734,0.10000000000000001,2.1514245446478855,"[1, 1, 5, 5]",77.030000000000001,0.54000000000000625,99.298974425548479,71.461937377690802,0.72281316821434238,1.8091441415994791,0.185546875,40.200000000000003,41.200000000000003,76.349999999999994,77.019999999999996,75.590000000000003,14.599,0.14000000000000057,10,10,60,60
cifar10_simplecnn_P0_seed314,cifar10_simplecnn,cifar10,simplecnn,P0,314,0,"[1, 1, 4, 4]","[10, 10, 40, 40]",38.900773062825877,241135,76.333333333333329,76.769999999999996,1.9766647249981157,306,False,1.8766647249981157,False,1.3096379488706589,59.100000000000001,58.700000000000003,ca28f8345c23365ee7b92686e780ae0a9befa76c9d6bb9b3bb0b9e42272e111c,1.487656994369857,0.38900773062825877,0.10000000000000001,1.9766647249981157,"[1, 1, 4, 4]",77.030000000000001,0.26000000000000512,99.662469167856685,71.896118721461193,0.63074900452591254,1.7278574964693192,0.29296875,40.533333333333331,67.349999999999994,76.859999999999999,76.959999999999994,76.329999999999998,28.601999999999997,-0.090000000000003411,10,10,40,40
cifar10_simplecnn_P0_seed315,cifar10_simplecnn,cifar10,simplecnn,P0,315,0,"[2, 2, 5, 5]","[20, 20, 60, 60]",58.507078880801195,362669,74.86666666666666,75.349999999999994,2.1441439806659592,117,False,2.0441439806659591,False,1.2839238047599792,65,64.599999999999994,ca28f8345c23365ee7b92686e780ae0a9befa76c9d6bb9b3bb0b9e42272e111c,1.4590731918579469,0.585070788808012,0.10000000000000001,2.1441439806659592,"[2, 2, 5, 5]",77.030000000000001,1.6800000000000068,97.819031546150839,72.289399869536851,0.65738615327656413,1.7550786965598,0.203125,40.733333333333334,40.670000000000002,76.370000000000005,76.950000000000003,75.439999999999998,14.605,-1.0200000000000102,20,20,60,60
cifar10_simplecnn_P0_seed316,cifar10_simplecnn,cifar10,simplecnn,P0,316,0,"[0, 0, 5, 5]","[0, 0, 60, 60]",57.884530999948375,358810,76.13333333333334,76.650000000000006,2.1626045131177172,92,True,2.0626045131177171,False,1.1064369194209576,88.799999999999997,88.299999999999997,ca28f8345c23365ee7b92686e780ae0a9befa76c9d6bb9b3bb0b9e42272e111c,1.4837592031182332,0.5788453099994838,0.10000000000000001,2.1626045131177172,"[0, 0, 5, 5]",77.030000000000001,0.37999999999999545,99.506685706867458,71.889856490541433,0.72095293504295455,1.8147087169039087,0.2265625,40.299999999999997,40.689999999999998,76.540000000000006,77,75.650000000000006,14.725,0.10999999999999943,0,0,60,60
cifar10_simplecnn_P0_seed317,cifar10_simplecnn,cifar10,simplecnn,P0,317,0,"[1, 1, 5, 5]","[10, 10, 60, 60]",58.195724278560732,360739,75.400000000000006,76.489999999999995,2.1514245446478855,109,False,2.0514245446478854,False,0.97371131926774979,86.900000000000006,86.299999999999997,ca28f8345c23365ee7b92686e780ae0a9befa76c9d6bb9b3bb0b9e42272e111c,1.4694673018622781,0.58195724278560734,0.10000000000000001,2.1514245446478855,"[1, 1, 5, 5]",77.030000000000001,0.54000000000000625,99.298974425548479,71.465492498369215,0.6723246870017906,1.7746485928474449,0.181640625,40.200000000000003,41.200000000000003,76.349999999999994,77.019999999999996,75.590000000000003,14.599,0.14000000000000057,10,10,60,60
cifar10_simplecnn_P0_seed318,cifar10_simplecnn,cifar10,simplecnn,P0,318,0,"[2, 2, 5, 5]","[20, 20, 60, 60]",58.507078880801195,362669,74.86666666666666,75.349999999999994,2.1441439806659592,117,False,2.0441439806659591,False,1.2541858851909637,86.700000000000003,86.099999999999994,ca28f8345c23365ee7b92686e780ae0a9befa76c9d6bb9b3bb0b9e42272e111c,1.4590731918579469,0.585070788808012,0.10000000000000001,2.1441439806659592,"[2, 2, 5, 5]",77.030000000000001,1.6800000000000068,97.819031546150839,71.8745923026745,0.69739778917861117,1.7915643306192408,0.1875,40.299999999999997,40.670000000000002,76.370000000000005,76.950000000000003,75.439999999999998,14.605,-1.0200000000000102,20,20,60,60
cifar10_simplecnn_P0_seed319,cifar10_simplecnn,cifar10,simplecnn,P0,319,0,"[0, 0, 5, 5]","[0, 0, 60, 60]",57.884530999948375,358810,76.13333333333334,76.650000000000006,2.1626045131177172,92,True,2.0626045131177171,False,1.120015699416399,85.599999999999994,84.900000000000006,ca28f8345c23365ee7b92686e780ae0a9befa76c9d6bb9b3bb0b9e42272e111c,1.4837592031182332,0.5788453099994838,0.10000000000000001,2.1626045131177172,"[0, 0, 5, 5]",77.030000000000001,0.37999999999999545,99.506685706867458,72.688356164383563,0.68687938707508178,1.7842864421493636,0.1328125,40.299999999999997,40.689999999999998,76.540000000000006,77,75.650000000000006,14.725,0.10999999999999943,0,0,60,60
cifar10_simplecnn_P1_seed300,cifar10_simplecnn,cifar10,simplecnn,P1,300,0.5,"[1, 1, 5, 5]","[10, 10, 60, 60]",58.195724278560732,360739,75.400000000000006,76.489999999999995,2.1514245446478855,109,False,2.0514245446478854,False,1.2330973818898201,91,76.299999999999997,ca28f8345c23365ee7b92686e780ae0a9befa76c9d6bb9b3bb0b9e42272e111c,1.4694673018622781,0.58195724278560734,0.10000000000000001,2.1514245446478855,"[1, 1, 5, 5]",77.030000000000001,0.54000000000000625,99.298974425548479,71.385420743639912,0.69641478212906782,1.7935649302354928,0.197265625,40.200000000000003,41.200000000000003,76.349999999999994,77.019999999999996,75.590000000000003,14.599,0.14000000000000057,10,10,60,60
cifar10_simplecnn_P1_seed301,cifar10_simplecnn,cifar10,simplecnn,P1,301,0.5,"[0, 0, 5, 5]","[0, 0, 60, 60]",57.884530999948375,358810,76.13333333333334,76.650000000000006,2.1626045131177172,92,True,2.0626045131177171,False,1.157906461507082,72.599999999999994,72.099999999999994,ca28f8345c23365ee7b92686e780ae0a9befa76c9d6bb9b3bb0b9e42272e111c,1.4837592031182332,0.5788453099994838,0.10000000000000001,2.1626045131177172,"[0, 0, 5, 5]",77.030000000000001,0.37999999999999545,99.506685706867458,72.975766470971948,0.76862386568844498,1.8590244131610831,0.13671875,40.200000000000003,40.689999999999998,76.540000000000006,77,75.650000000000006,14.725,0.10999999999999943,0,0,60,60
cifar10_simplecnn_P1_seed302,cifar10_simplecnn,cifar10,simplecnn,P1,302,0.5,"[0, 0, 5, 5]","[0, 0, 60, 60]",57.884530999948375,358810,76.13333333333334,76.650000000000006,2.1626045131177172,92,True,2.0626045131177171,False,1.1620388925075531,68.200000000000003,67.799999999999997,ca28f8345c23365ee7b92686e780ae0a9befa76c9d6bb9b3bb0b9e42272e111c,1.4837592031182332,0.5788453099994838,0.10000000000000001,2.1626045131177172,"[0, 0, 5, 5]",77.030000000000001,0.37999999999999545,99.506685706867458,72.576647097195035,0.72965946097061551,1.8230411392106725,0.1875,40.200000000000003,40.689999999999998,76.540000000000006,77,75.650000000000006,14.725,0.10999999999999943,0,0,60,60
cifar10_simplecnn_P1_seed303,cifar10_simplecnn,cifar10,simplecnn,P1,303,0.5,"[0, 0, 5, 5]","[0, 0, 60, 60]",57.884530999948375,358810,76.13333333333334,76.650000000000006,2.1626045131177172,92,True,2.0626045131177171,False,1.1729277521371841,76.599999999999994,76.099999999999994,ca28f8345c23365ee7b92686e780ae0a9befa76c9d6bb9b3bb0b9e42272e111c,1.4837592031182332,0.5788453099994838,0.10000000000000001,2.1626045131177172,"[0, 0, 5, 5]",77.030000000000001,0.37999999999999545,99.506685706867458,72.959458577951722,0.80337441159358969,1.8928337488993099,0.158203125,40.299999999999997,40.689999999999998,76.540000000000006,77,75.650000000000006,14.725,0.10999999999999943,0,0,60,60
cifar10_simplecnn_P1_seed304,cifar10_simplecnn,cifar10,simplecnn,P1,304,0.5,"[0, 0, 5, 5]","[0, 0, 60, 60]",57.884530999948375,358810,76.13333333333334,76.650000000000006,2.1626045131177172,92,True,2.0626045131177171,False,1.1762905195355415,70.900000000000006,70.400000000000006,ca28f8345c23365ee7b92686e780ae0a9befa76c9d6bb9b3bb0b9e42272e111c,1.4837592031182332,0.5788453099994838,0.10000000000000001,2.1626045131177172,"[0, 0, 5, 5]",77.030000000000001,0.37999999999999545,99.506685706867458,72.931082844096537,0.74675592562089632,1.8401400533166496,0.16015625,40.200000000000003,40.689999999999998,76.540000000000006,77,75.650000000000006,14.725,0.10999999999999943,0,0,60,60
cifar10_simplecnn_P1_seed305,cifar10_simplecnn,cifar10,simplecnn,P1,305,0.5,"[0, 0, 5, 5]","[0, 0, 60, 60]",57.884530999948375,358810,76.13333333333334,76.650000000000006,2.1626045131177172,92,True,2.0626045131177171,False,1.1991659514605999,70,69.599999999999994,ca28f8345c23365ee7b92686e780ae0a9befa76c9d6bb9b3bb0b9e42272e111c,1.4837592031182332,0.5788453099994838,0.10000000000000001,2.1626045131177172,"[0, 0, 5, 5]",77.030000000000001,0.37999999999999545,99.506685706867458,72.985388127853881,0.72930887275309975,1.8158678361916913,0.154296875,40.533333333333331,40.689999999999998,76.540000000000006,77,75.650000000000006,14.725,0.10999999999999943,0,0,60,60
cifar10_simplecnn_P1_seed306,cifar10_simplecnn,cifar10,simplecnn,P1,306,0.5,"[0, 0, 5, 5]","[0, 0, 60, 60]",57.884530999948375,358810,76.13333333333334,76.650000000000006,2.1626045131177172,92,True,2.0626045131177171,False,1.2414011210203171,68.599999999999994,68.200000000000003,ca28f8345c23365ee7b92686e780ae0a9befa76c9d6bb9b3bb0b9e42272e111c,1.4837592031182332,0.5788453099994838,0.10000000000000001,2.1626045131177172,"[0, 0, 5, 5]",77.030000000000001,0.37999999999999545,99.506685706867458,72.549608610567532,0.72363448156011745,1.814841386170448,0.15625,40.200000000000003,40.689999999999998,76.540000000000006,77,75.650000000000006,14.725,0.10999999999999943,0,0,60,60
cifar10_simplecnn_P1_seed307,cifar10_simplecnn,cifar10,simplecnn,P1,307,0.5,"[0, 0, 0, 4]","[0, 0, 0, 40]",33.831984667802388,209715,77.066666666666663,77.040000000000006,1.9402687423038361,357,False,1.840268742303836,False,1.2814478278160095,72.700000000000003,60.100000000000001,ca28f8345c23365ee7b92686e780ae0a9befa76c9d6bb9b3bb0b9e42272e111c,1.501948895625812,0.33831984667802389,0.10000000000000001,1.9402687423038361,"[0, 0, 0, 4]",77.030000000000001,-0.010000000000005116,100.01298195508245,72.675244618395311,0.64787115883006297,1.7401233573390027,0.236328125,40.799999999999997,73.810000000000002,76.920000000000002,77.060000000000002,76.569999999999993,32.5,0.12000000000000455,0,0,0,40
cifar10_simplecnn_P1_seed308,cifar10_simplecnn,cifar10,simplecnn,P1,308,0.5,"[2, 2, 5, 5]","[20, 20, 60, 60]",58.507078880801195,362669,74.86666666666666,75.349999999999994,2.1441439806659592,117,False,2.0441439806659591,False,1.329451248049736,61.100000000000001,60.700000000000003,ca28f8345c23365ee7b92686e780ae0a9befa76c9d6bb9b3bb0b9e42272e111c,1.4590731918579469,0.585070788808012,0.10000000000000001,2.1441439806659592,"[2, 2, 5, 5]",77.030000000000001,1.6800000000000068,97.819031546150839,72.884605348988899,0.66742703004933923,1.7573795778679664,0.177734375,40.200000000000003,40.670000000000002,76.370000000000005,76.950000000000003,75.439999999999998,14.605,-1.0200000000000102,20,20,60,60
cifar10_simplecnn_P1_seed309,cifar10_simplecnn,cifar10,simplecnn,P1,309,0.5,"[1, 2, 5, 5]","[10, 20, 60, 60]",58.493043725156163,362582,75.400000000000006,76.5,2.2043977391138396,41,False,2.0543977391138397,False,1.0516989976167679,83.400000000000006,70.799999999999997,ca28f8345c23365ee7b92686e780ae0a9befa76c9d6bb9b3bb0b9e42272e111c,1.4694673018622781,0.58493043725156169,0.15000000000000002,2.2043977391138396,"[1, 2, 5, 5]",77.030000000000001,0.53000000000000114,99.311956380630917,72.149119373776898,0.74980694980694984,1.8384243537701972,0.171875,40.200000000000003,40.859999999999999,76.340000000000003,76.959999999999994,75.400000000000006,14.587,0.15999999999999659,10,20,60,60
cifar10_simplecnn_P1_seed310,cifar10_simplecnn,cifar10,simplecnn,P1,310,0.5,"[0, 0, 5, 5]","[0, 0, 60, 60]",57.884530999948375,358810,76.13333333333334,76.650000000000006,2.1626045131177172,92,True,2.0626045131177171,False,1.1090129278600216,73,72.700000000000003,ca28f8345c23365ee7b92686e780ae0a9befa76c9d6bb9b3bb0b9e42272e111c,1.4837592031182332,0.5788453099994838,0.10000000000000001,2.1626045131177172,"[0, 0, 5, 5]",77.030000000000001,0.37999999999999545,99.506685706867458,72.646673189823872,0.78257863678607309,1.8702414548500021,0.150390625,40.533333333333331,40.689999999999998,76.540000000000006,77,75.650000000000006,14.725,0.10999999999999943,0,0,60,60
cifar10_simplecnn_P1_seed311,cifar10_simplecnn,cifar10,simplecnn,P1,311,0.5,"[0, 0, 5, 5]","[0, 0, 60, 60]",57.884530999948375,358810,76.13333333333334,76.650000000000006,2.1626045131177172,92,True,2.0626045131177171,False,1.2308521866798401,68.599999999999994,68.099999999999994,ca28f8345c23365ee7b92686e780ae0a9befa76c9d6bb9b3bb0b9e42272e111c,1.4837592031182332,0.5788453099994838,0.10000000000000001,2.1626045131177172,"[0, 0, 5, 5]",77.030000000000001,0.37999999999999545,99.506685706867458,73.270776255707773,0.75464264935889214,1.8419398470682427,0.140625,40.533333333333331,40.689999999999998,76.540000000000006,77,75.650000000000006,14.725,0.10999999999999943,0,0,60,60
cifar10_simplecnn_P1_seed312,cifar10_simplecnn,cifar10,simplecnn,P1,312,0.5,"[0, 2, 5, 5]","[0, 20, 60, 60]",58.479169893139229,362496,75.900000000000006,76.599999999999994,2.2140034789227307,31,False,2.0640034789227304,False,1.2399872317910194,67.099999999999994,66.700000000000003,ca28f8345c23365ee7b92686e780ae0a9befa76c9d6bb9b3bb0b9e42272e111c,1.4792117799913385,0.58479169893139227,0.15000000000000002,2.2140034789227307,"[0, 2, 5, 5]",77.030000000000001,0.43000000000000682,99.441775931455268,72.409882583170244,0.71253957340063012,1.8056068475842941,0.189453125,40.200000000000003,40.789999999999999,76.370000000000005,76.959999999999994,75.450000000000003,14.544999999999998,0.22999999999998977,0,20,60,60
cifar10_simplecnn_P1_seed313,cifar10_simplecnn,cifar10,simplecnn,P1,313,0.5,"[1, 1, 5, 5]","[10, 10, 60, 60]",58.195724278560732,360739,75.400000000000006,76.489999999999995,2.1514245446478855,109,False,2.0514245446478854,False,1.2477300837635994,71.099999999999994,70.700000000000003,ca28f8345c23365ee7b92686e780ae0a9befa76c9d6bb9b3bb0b9e42272e111c,1.4694673018622781,0.58195724278560734,0.10000000000000001,2.1514245446478855,"[1, 1, 5, 5]",77.030000000000001,0.54000000000000625,99.298974425548479,71.861415525114154,0.7439481975685498,1.8319396376355406,0.16015625,40.200000000000003,41.200000000000003,76.349999999999994,77.019999999999996,75.590000000000003,14.599,0.14000000000000057,10,10,60,60
cifar10_simplecnn_P1_seed314,cifar10_simplecnn,cifar10,simplecnn,P1,314,0.5,"[0, 0, 5, 5]","[0, 0, 60, 60]",57.884530999948375,358810,76.13333333333334,76.650000000000006,2.1626045131177172,92,True,2.0626045131177171,False,1.2926139384508133,67.099999999999994,66.599999999999994,ca28f8345c23365ee7b92686e780ae0a9befa76c9d6bb9b3bb0b9e42272e111c,1.4837592031182332,0.5788453099994838,0.10000000000000001,2.1626045131177172,"[0, 0, 5, 5]",77.030000000000001,0.37999999999999545,99.506685706867458,71.874527071102406,0.69960407709918482,1.7931657906270886,0.20703125,40.200000000000003,40.689999999999998,76.540000000000006,77,75.650000000000006,14.725,0.10999999999999943,0,0,60,60
cifar10_simplecnn_P1_seed315,cifar10_simplecnn,cifar10,simplecnn,P1,315,0.5,"[0, 0, 5, 5]","[0, 0, 60, 60]",57.884530999948375,358810,76.13333333333334,76.650000000000006,2.1626045131177172,92,True,2.0626045131177171,False,1.1186653822660446,80.200000000000003,79.700000000000003,ca28f8345c23365ee7b92686e780ae0a9befa76c9d6bb9b3bb0b9e42272e111c,1.4837592031182332,0.5788453099994838,0.10000000000000001,2.1626045131177172,"[0, 0, 5, 5]",77.030000000000001,0.37999999999999545,99.506685706867458,73.01151337247228,0.73397532282072397,1.8223433549056234,0.162109375,40.533333333333331,40.689999999999998,76.540000000000006,77,75.650000000000006,14.725,0.10999999999999943,0,0,60,60
cifar10_simplecnn_P1_seed316,cifar10_simplecnn,cifar10,simplecnn,P1,316,0.5,"[0, 0, 5, 5]","[0, 0, 60, 60]",57.884530999948375,358810,76.13333333333334,76.650000000000006,2.1626045131177172,92,True,2.0626045131177171,False,0.98698077350854874,90,89.5,ca28f8345c23365ee7b92686e780ae0a9befa76c9d6bb9b3bb0b9e42272e111c,1.4837592031182332,0.5788453099994838,0.10000000000000001,2.1626045131177172,"[0, 0, 5, 5]",77.030000000000001,0.37999999999999545,99.506685706867458,72.237214611872147,0.73570332983248832,1.828531360545709,0.203125,40.299999999999997,40.689999999999998,76.540000000000006,77,75.650000000000006,14.725,0.10999999999999943,0,0,60,60
cifar10_simplecnn_P1_seed317,cifar10_simplecnn,cifar10,simplecnn,P1,317,0.5,"[0, 0, 5, 5]","[0, 0, 60, 60]",57.884530999948375,358810,76.13333333333334,76.650000000000006,2.1626045131177172,92,True,2.0626045131177171,False,1.1513967961072922,93.200000000000003,92.700000000000003,ca28f8345c23365ee7b92686e780ae0a9befa76c9d6bb9b3bb0b9e42272e111c,1.4837592031182332,0.5788453099994838,0.10000000000000001,2.1626045131177172,"[0, 0, 5, 5]",77.030000000000001,0.37999999999999545,99.506685706867458,72.149706457925632,0.73864706193473306,1.8294109617796186,0.15625,40.200000000000003,40.689999999999998,76.540000000000006,77,75.650000000000006,14.725,0.10999999999999943,0,0,60,60
cifar10_simplecnn_P1_seed318,cifar10_simplecnn,cifar10,simplecnn,P1,318,0.5,"[2, 2, 5, 5]","[20, 20, 60, 60]",58.507078880801195,362669,74.86666666666666,75.349999999999994,2.1441439806659592,117,False,2.0441439806659591,False,1.2490923777222633,91,89.900000000000006,ca28f8345c23365ee7b92686e780ae0a9befa76c9d6bb9b3bb0b9e42272e111c,1.4590731918579469,0.585070788808012,0.10000000000000001,2.1441439806659592,"[2, 2, 5, 5]",77.030000000000001,1.6800000000000068,97.819031546150839,72.62801696020874,0.71966316330308511,1.8125297486771703,0.146484375,40.299999999999997,40.670000000000002,76.370000000000005,76.950000000000003,75.439999999999998,14.605,-1.0200000000000102,20,20,60,60
cifar10_simplecnn_P1_seed319,cifar10_simplecnn,cifar10,simplecnn,P1,319,0.5,"[0, 2, 5, 5]","[0, 20, 60, 60]",58.479169893139229,362496,75.900000000000006,76.599999999999994,2.2140034789227307,31,False,2.0640034789227304,False,1.1748605370521545,96.5,80.599999999999994,ca28f8345c23365ee7b92686e780ae0a9befa76c9d6bb9b3bb0b9e42272e111c,1.4792117799913385,0.58479169893139227,0.15000000000000002,2.2140034789227307,"[0, 2, 5, 5]",77.030000000000001,0.43000000000000682,99.441775931455268,73.240084801043707,0.74596559097537574,1.8374600572664734,0.12890625,40.200000000000003,40.789999999999999,76.370000000000005,76.959999999999994,75.450000000000003,14.544999999999998,0.22999999999998977,0,20,60,60
cifar10_simplecnn_P2_seed300,cifar10_simplecnn,cifar10,simplecnn,P2,300,0.5,"[2, 2, 5, 5]","[20, 20, 60, 60]",58.507078880801195,362669,74.86666666666666,75.349999999999994,2.1441439806659592,117,False,2.0441439806659591,False,1.260124996304512,84.700000000000003,69.799999999999997,ca28f8345c23365ee7b92686e780ae0a9befa76c9d6bb9b3bb0b9e42272e111c,1.4590731918579469,0.585070788808012,0.10000000000000001,2.1441439806659592,"[2, 2, 5, 5]",77.030000000000001,1.6800000000000068,97.819031546150839,71.861709067188528,0.64873780685913751,1.7508282076826769,0.228515625,40.200000000000003,40.670000000000002,76.370000000000005,76.950000000000003,75.439999999999998,14.605,-1.0200000000000102,20,20,60,60
cifar10_simplecnn_P2_seed301,cifar10_simplecnn,cifar10,simplecnn,P2,301,0.5,"[0, 1, 5, 5]","[0, 10, 60, 60]",58.181850446543805,360653,75.900000000000006,76.560000000000002,2.2110302844567764,33,False,2.0610302844567761,False,1.1747732236981392,84,71.700000000000003,ca28f8345c23365ee7b92686e780ae0a9befa76c9d6bb9b3bb0b9e42272e111c,1.4792117799913385,0.58181850446543804,0.15000000000000002,2.2110302844567764,"[0, 1, 5, 5]",77.030000000000001,0.46999999999999886,99.389848111125531,72.28992172211349,0.74615599664523347,1.8366265814563767,0.17578125,40.200000000000003,41.200000000000003,76.319999999999993,77.040000000000006,75.540000000000006,14.559000000000001,0.24000000000000909,0,10,60,60
cifar10_simplecnn_P2_seed302,cifar10_simplecnn,cifar10,simplecnn,P2,302,0.5,"[0, 0, 5, 5]","[0, 0, 60, 60]",57.884530999948375,358810,76.13333333333334,76.650000000000006,2.1626045131177172,92,True,2.0626045131177171,False,1.210033968091011,68.599999999999994,68.200000000000003,ca28f8345c23365ee7b92686e780ae0a9befa76c9d6bb9b3bb0b9e42272e111c,1.4837592031182332,0.5788453099994838,0.10000000000000001,2.1626045131177172,"[0, 0, 5, 5]",77.030000000000001,0.37999999999999545,99.506685706867458,72.073385518590996,0.72420267625747081,1.8192373628647471,0.212890625,40.200000000000003,40.689999999999998,76.540000000000006,77,75.650000000000006,14.725,0.10999999999999943,0,0,60,60
cifar10_simplecnn_P2_seed303,cifar10_simplecnn,cifar10,simplecnn,P2,303,0.5,"[0, 0, 5, 5]","[0, 0, 60, 60]",57.884530999948375,358810,76.13333333333334,76.650000000000006,2.1626045131177172,92,True,2.0626045131177171,False,1.2096056044101715,72.799999999999997,72.400000000000006,ca28f8345c23365ee7b92686e780ae0a9befa76c9d6bb9b3bb0b9e42272e111c,1.4837592031182332,0.5788453099994838,0.10000000000000001,2.1626045131177172,"[0, 0, 5, 5]",77.030000000000001,0.37999999999999545,99.506685706867458,71.733561643835614,0.75325389689381861,1.840535473003307,0.22265625,40.200000000000003,40.689999999999998,76.540000000000006,77,75.650000000000006,14.725,0.10999999999999943,0,0,60,60
cifar10_simplecnn_P2_seed304,cifar10_simplecnn,cifar10,simplecnn,P2,304,0.5,"[2, 2, 5, 5]","[20, 20, 60, 60]",58.507078880801195,362669,74.86666666666666,75.349999999999994,2.1441439806659592,117,False,2.0441439806659591,False,1.3112046271562576,59.399999999999999,58.899999999999999,ca28f8345c23365ee7b92686e780ae0a9befa76c9d6bb9b3bb0b9e42272e111c,1.4590731918579469,0.585070788808012,0.10000000000000001,2.1441439806659592,"[2, 2, 5, 5]",77.030000000000001,1.6800000000000068,97.819031546150839,72.628799739073713,0.63126657549358123,1.7326747903734163,0.1796875,40.299999999999997,40.670000000000002,76.370000000000005,76.950000000000003,75.439999999999998,14.605,-1.0200000000000102,20,20,60,60
cifar10_simplecnn_P2_seed305,cifar10_simplecnn,cifar10,simplecnn,P2,305,0.5,"[1, 1, 5, 5]","[10, 10, 60, 60]",58.195724278560732,360739,75.400000000000006,76.489999999999995,2.1514245446478855,109,False,2.0514245446478854,False,1.1986098401248455,69.799999999999997,69.200000000000003,ca28f8345c23365ee7b92686e780ae0a9befa76c9d6bb9b3bb0b9e42272e111c,1.4694673018622781,0.58195724278560734,0.10000000000000001,2.1514245446478855,"[1, 1, 5, 5]",77.030000000000001,0.54000000000000625,99.298974425548479,72.175799086757976,0.71619808234289639,1.8043756007892247,0.19921875,40.533333333333331,41.200000000000003,76.349999999999994,77.019999999999996,75.590000000000003,14.599,0.14000000000000057,10,10,60,60
cifar10_simplecnn_P2_seed306,cifar10_simplecnn,cifar10,simplecnn,P2,306,0.5,"[1, 1, 5, 5]","[10, 10, 60, 60]",58.195724278560732,360739,75.400000000000006,76.489999999999995,2.1514245446478855,109,False,2.0514245446478854,False,1.0510372221469879,69,68.599999999999994,ca28f8345c23365ee7b92686e780ae0a9befa76c9d6bb9b3bb0b9e42272e111c,1.4694673018622781,0.58195724278560734,0.10000000000000001,2.1514245446478855,"[1, 1, 5, 5]",77.030000000000001,0.54000000000000625,99.298974425548479,72.359980430528381,0.71208018194319567,1.8061848556641653,0.16015625,40.766666666666666,41.200000000000003,76.349999999999994,77.019999999999996,75.590000000000003,14.599,0.14000000000000057,10,10,60,60
cifar10_simplecnn_P2_seed307,cifar10_simplecnn,cifar10,simplecnn,P2,307,0.5,"[0, 0, 4, 4]","[0, 0, 40, 40]",38.589579784213512,239206,76.833333333333329,76.900000000000006,1.9832972703410523,294,False,1.8832972703410524,False,1.2125634849071503,72.400000000000006,59.200000000000003,ca28f8345c23365ee7b92686e780ae0a9befa76c9d6bb9b3bb0b9e42272e111c,1.4974014724989171,0.38589579784213512,0.10000000000000001,1.9832972703410523,"[0, 0, 4, 4]",77.030000000000001,0.12999999999999545,99.831234583928349,71.941193737769083,0.62840822371155058,1.7282689311656261,0.302734375,40.600000000000001,67.609999999999999,76.890000000000001,76.950000000000003,76.430000000000007,28.792000000000002,0.010000000000005116,0,0,40,40
cifar10_simplecnn_P2_seed308,cifar10_simplecnn,cifar10,simplecnn,P2,308,0.5,"[2, 2, 5, 5]","[20, 20, 60, 60]",58.507078880801195,362669,74.86666666666666,75.349999999999994,2.1441439806659592,117,False,2.0441439806659591,False,1.3572177290916443,61,60.5,ca28f8345c23365ee7b92686e780ae0a9befa76c9d6bb9b3bb0b9e42272e111c,1.4590731918579469,0.585070788808012,0.10000000000000001,2.1441439806659592,"[2, 2, 5, 5]",77.030000000000001,1.6800000000000068,97.819031546150839,72.12237442922374,0.64443630099207394,1.7390852435418824,0.2265625,40.200000000000003,40.670000000000002,76.370000000000005,76.950000000000003,75.439999999999998,14.605,-1.0200000000000102,20,20,60,60
cifar10_simplecnn_P2_seed309,cifar10_simplecnn,cifar10,simplecnn,P2,309,0.5,"[1, 1, 5, 5]","[10, 10, 60, 60]",58.195724278560732,360739,75.400000000000006,76.489999999999995,2.1514245446478855,109,False,2.0514245446478854,False,1.1653629913926125,69.700000000000003,69.400000000000006,ca28f8345c23365ee7b92686e780ae0a9befa76c9d6bb9b3bb0b9e42272e111c,1.4694673018622781,0.58195724278560734,0.10000000000000001,2.1514245446478855,"[1, 1, 5, 5]",77.030000000000001,0.54000000000000625,99.298974425548479,72.23326810176124,0.73532554080499279,1.8232726343805263,0.171875,40.200000000000003,41.200000000000003,76.349999999999994,77.019999999999996,75.590000000000003,14.599,0.14000000000000057,10,10,60,60
cifar10_simplecnn_P2_seed310,cifar10_simplecnn,cifar10,simplecnn,P2,310,0.5,"[0, 0, 5, 5]","[0, 0, 60, 60]",57.884530999948375,358810,76.13333333333334,76.650000000000006,2.1626045131177172,92,True,2.0626045131177171,False,1.1015648953616619,69.099999999999994,68.700000000000003,ca28f8345c23365ee7b92686e780ae0a9befa76c9d6bb9b3bb0b9e42272e111c,1.4837592031182332,0.5788453099994838,0.10000000000000001,2.1626045131177172,"[0, 0, 5, 5]",77.030000000000001,0.37999999999999545,99.506685706867458,72.304729288975864,0.72425481114326518,1.8170555023239927,0.1796875,40.766666666666666,40.689999999999998,76.540000000000006,77,75.650000000000006,14.725,0.10999999999999943,0,0,60,60
cifar10_simplecnn_P2_seed311,cifar10_simplecnn,cifar10,simplecnn,P2,311,0.5,"[2, 2, 5, 5]","[20, 20, 60, 60]",58.507078880801195,362669,74.86666666666666,75.349999999999994,2.1441439806659592,117,False,2.0441439806659591,False,1.1079267375171185,68.599999999999994,68.200000000000003,ca28f8345c23365ee7b92686e780ae0a9befa76c9d6bb9b3bb0b9e42272e111c,1.4590731918579469,0.585070788808012,0.10000000000000001,2.1441439806659592,"[2, 2, 5, 5]",77.030000000000001,1.6800000000000068,97.819031546150839,72.582583170254395,0.73824358325336803,1.8301784521986737,0.1640625,40.200000000000003,40.670000000000002,76.370000000000005,76.950000000000003,75.439999999999998,14.605,-1.0200000000000102,20,20,60,60
cifar10_simplecnn_P2_seed312,cifar10_simplecnn,cifar10,simplecnn,P2,312,0.5,"[2, 2, 5, 5]","[20, 20, 60, 60]",58.507078880801195,362669,74.86666666666666,75.349999999999994,2.1441439806659592,117,False,2.0441439806659591,False,1.169327050447464,64.799999999999997,64.400000000000006,ca28f8345c23365ee7b92686e780ae0a9befa76c9d6bb9b3bb0b9e42272e111c,1.4590731918579469,0.585070788808012,0.10000000000000001,2.1441439806659592,"[2, 2, 5, 5]",77.030000000000001,1.6800000000000068,97.819031546150839,72.552217873450758,0.69098444264784775,1.7909891322602396,0.1796875,40.299999999999997,40.670000000000002,76.370000000000005,76.950000000000003,75.439999999999998,14.605,-1.0200000000000102,20,20,60,60
cifar10_simplecnn_P2_seed313,cifar10_simplecnn,cifar10,simplecnn,P2,313,0.5,"[1, 1, 5, 5]","[10, 10, 60, 60]",58.195724278560732,360739,75.400000000000006,76.489999999999995,2.1514245446478855,109,False,2.0514245446478854,False,1.1437468528747559,69.599999999999994,69.200000000000003,ca28f8345c23365ee7b92686e780ae0a9befa76c9d6bb9b3bb0b9e42272e111c,1.4694673018622781,0.58195724278560734,0.10000000000000001,2.1514245446478855,"[1, 1, 5, 5]",77.030000000000001,0.54000000000000625,99.298974425548479,71.395988258317018,0.72456459814581153,1.8123133389555965,0.181640625,40.200000000000003,41.200000000000003,76.349999999999994,77.019999999999996,75.590000000000003,14.599,0.14000000000000057,10,10,60,60
cifar10_simplecnn_P2_seed314,cifar10_simplecnn,cifar10,simplecnn,P2,314,0.5,"[0, 0, 5, 5]","[0, 0, 60, 60]",57.884530999948375,358810,76.13333333333334,76.650000000000006,2.1626045131177172,92,True,2.0626045131177171,False,1.2798870950937271,67.400000000000006,66.900000000000006,ca28f8345c23365ee7b92686e780ae0a9befa76c9d6bb9b3bb0b9e42272e111c,1.4837592031182332,0.5788453099994838,0.10000000000000001,2.1626045131177172,"[0, 0, 5, 5]",77.030000000000001,0.37999999999999545,99.506685706867458,72.01086105675148,0.7055761660458334,1.7979993880969447,0.216796875,40.533333333333331,40.689999999999998,76.540000000000006,77,75.650000000000006,14.725,0.10999999999999943,0,0,60,60
cifar10_simplecnn_P2_seed315,cifar10_simplecnn,cifar10,simplecnn,P2,315,0.5,"[1, 1, 5, 5]","[10, 10, 60, 60]",58.195724278560732,360739,75.400000000000006,76.489999999999995,2.1514245446478855,109,False,2.0514245446478854,False,1.1855921894311905,69.799999999999997,69.099999999999994,ca28f8345c23365ee7b92686e780ae0a9befa76c9d6bb9b3bb0b9e42272e111c,1.4694673018622781,0.58195724278560734,0.10000000000000001,2.1514245446478855,"[1, 1, 5, 5]",77.030000000000001,0.54000000000000625,99.298974425548479,72.11663405088062,0.70583004027231033,1.7973764660487328,0.19140625,40.733333333333334,41.200000000000003,76.349999999999994,77.019999999999996,75.590000000000003,14.599,0.14000000000000057,10,10,60,60
cifar10_simplecnn_P2_seed316,cifar10_simplecnn,cifar10,simplecnn,P2,316,0.5,"[1, 2, 3, 4]","[10, 20, 30, 40]",38.008653399411493,235605,76.333333333333329,76.760000000000005,2.0677435283639722,160,False,1.8677435283639721,False,1.2959775179624557,92.599999999999994,74,ca28f8345c23365ee7b92686e780ae0a9befa76c9d6bb9b3bb0b9e42272e111c,1.487656994369857,0.38008653399411496,0.20000000000000001,2.0677435283639722,"[1, 2, 3, 4]",77.030000000000001,0.26999999999999602,99.649487212774261,72.62478799739074,0.63649366447800892,1.7358630208711074,0.228515625,40.733333333333334,68.299999999999997,76.959999999999994,76.969999999999999,76.340000000000003,29.000999999999998,-0.19999999999998863,10,20,30,40
cifar10_simplecnn_P2_seed317,cifar10_simplecnn,cifar10,simplecnn,P2,317,0.5,"[1, 1, 1, 5]","[10, 10, 10, 60]",52.2486900521398,323875,76.466666666666669,76.829999999999998,2.1127424223923379,133,False,2.0127424223923378,False,1.0584428608417511,104.7,87.799999999999997,ca28f8345c23365ee7b92686e780ae0a9befa76c9d6bb9b3bb0b9e42272e111c,1.4902555218709397,0.52248690052139801,0.10000000000000001,2.1127424223923379,"[1, 1, 1, 5]",77.030000000000001,0.20000000000000284,99.740360898351284,71.250750163078933,0.67841464612501789,1.7772840940135295,0.19140625,40.666666666666664,56.170000000000002,76.75,76.909999999999997,76.239999999999995,17.324999999999999,0.079999999999998295,10,10,10,60
cifar10_simplecnn_P2_seed318,cifar10_simplecnn,cifar10,simplecnn,P2,318,0.5,"[0, 2, 5, 5]","[0, 20, 60, 60]",58.479169893139229,362496,75.900000000000006,76.599999999999994,2.2140034789227307,31,False,2.0640034789227304,False,1.1866452172398567,89.400000000000006,88.900000000000006,ca28f8345c23365ee7b92686e780ae0a9befa76c9d6bb9b3bb0b9e42272e111c,1.4792117799913385,0.58479169893139227,0.15000000000000002,2.2140034789227307,"[0, 2, 5, 5]",77.030000000000001,0.43000000000000682,99.441775931455268,72.430756686236137,0.73619823345850732,1.8257532243576797,0.162109375,40.299999999999997,40.789999999999999,76.370000000000005,76.959999999999994,75.450000000000003,14.544999999999998,0.22999999999998977,0,20,60,60
cifar10_simplecnn_P2_seed319,cifar10_simplecnn,cifar10,simplecnn,P2,319,0.5,"[2, 2, 5, 5]","[20, 20, 60, 60]",58.507078880801195,362669,74.86666666666666,75.349999999999994,2.1441439806659592,117,False,2.0441439806659591,False,1.0597080737352371,85.599999999999994,84.900000000000006,ca28f8345c23365ee7b92686e780ae0a9befa76c9d6bb9b3bb0b9e42272e111c,1.4590731918579469,0.585070788808012,0.10000000000000001,2.1441439806659592,"[2, 2, 5, 5]",77.030000000000001,1.6800000000000068,97.819031546150839,72.44350945857795,0.67688762287588111,1.7739423357667217,0.142578125,40.666666666666664,40.670000000000002,76.370000000000005,76.950000000000003,75.439999999999998,14.605,-1.0200000000000102,20,20,60,60
cifar10_simplecnn_P3_seed300,cifar10_simplecnn,cifar10,simplecnn,P3,300,0.5,"[1, 1, 5, 5]","[10, 10, 60, 60]",58.195724278560732,360739,75.400000000000006,76.489999999999995,2.1514245446478855,109,False,2.0514245446478854,False,1.3684269338846207,84.700000000000003,68.5,ca28f8345c23365ee7b92686e780ae0a9befa76c9d6bb9b3bb0b9e42272e111c,1.4694673018622781,0.58195724278560734,0.10000000000000001,2.1514245446478855,"[1, 1, 5, 5]",77.030000000000001,0.54000000000000625,99.298974425548479,71.034898891063264,0.60789730183076562,1.7235243663257054,0.3125,40.533333333333331,41.200000000000003,76.349999999999994,77.019999999999996,75.590000000000003,14.599,0.14000000000000057,10,10,60,60
cifar10_simplecnn_P3_seed301,cifar10_simplecnn,cifar10,simplecnn,P3,301,0.5,"[1, 1, 5, 5]","[10, 10, 60, 60]",58.195724278560732,360739,75.400000000000006,76.489999999999995,2.1514245446478855,109,False,2.0514245446478854,False,1.1298073381185532,72.700000000000003,72.299999999999997,ca28f8345c23365ee7b92686e780ae0a9befa76c9d6bb9b3bb0b9e42272e111c,1.4694673018622781,0.58195724278560734,0.10000000000000001,2.1514245446478855,"[1, 1, 5, 5]",77.030000000000001,0.54000000000000625,99.298974425548479,72.761937377690799,0.76178739544688667,1.8510854745429988,0.1484375,40.533333333333331,41.200000000000003,76.349999999999994,77.019999999999996,75.590000000000003,14.599,0.14000000000000057,10,10,60,60
cifar10_simplecnn_P3_seed302,cifar10_simplecnn,cifar10,simplecnn,P3,302,0.5,"[0, 0, 5, 5]","[0, 0, 60, 60]",57.884530999948375,358810,76.13333333333334,76.650000000000006,2.1626045131177172,92,True,2.0626045131177171,False,1.141682006418705,67.099999999999994,66.799999999999997,ca28f8345c23365ee7b92686e780ae0a9befa76c9d6bb9b3bb0b9e42272e111c,1.4837592031182332,0.5788453099994838,0.10000000000000001,2.1626045131177172,"[0, 0, 5, 5]",77.030000000000001,0.37999999999999545,99.506685706867458,72.334311806914542,0.70964873176223464,1.8045903784862261,0.197265625,40.299999999999997,40.689999999999998,76.540000000000006,77,75.650000000000006,14.725,0.10999999999999943,0,0,60,60
cifar10_simplecnn_P3_seed303,cifar10_simplecnn,cifar10,simplecnn,P3,303,0.5,"[0, 0, 5, 5]","[0, 0, 60, 60]",57.884530999948375,358810,76.13333333333334,76.650000000000006,2.1626045131177172,92,True,2.0626045131177171,False,1.1528112068772316,73.599999999999994,73.099999999999994,ca28f8345c23365ee7b92686e780ae0a9befa76c9d6bb9b3bb0b9e42272e111c,1.4837592031182332,0.5788453099994838,0.10000000000000001,2.1626045131177172,"[0, 0, 5, 5]",77.030000000000001,0.37999999999999545,99.506685706867458,71.748695368558373,0.76087163484423759,1.8511268577604716,0.224609375,40.200000000000003,40.689999999999998,76.540000000000006,77,75.650000000000006,14.725,0.10999999999999943,0,0,60,60
cifar10_simplecnn_P3_seed304,cifar10_simplecnn,cifar10,simplecnn,P3,304,0.5,"[0, 0, 5, 5]","[0, 0, 60, 60]",57.884530999948375,358810,76.13333333333334,76.650000000000006,2.1626045131177172,92,True,2.0626045131177171,False,1.1382808983325958,69.5,69,ca28f8345c23365ee7b92686e780ae0a9befa76c9d6bb9b3bb0b9e42272e111c,1.4837592031182332,0.5788453099994838,0.10000000000000001,2.1626045131177172,"[0, 0, 5, 5]",77.030000000000001,0.37999999999999545,99.506685706867458,72.610208741030661,0.72383622090080013,1.8180994959013177,0.169921875,40.200000000000003,40.689999999999998,76.540000000000006,77,75.650000000000006,14.725,0.10999999999999943,0,0,60,60
cifar10_simplecnn_P3_seed305,cifar10_simplecnn,cifar10,simplecnn,P3,305,0.5,"[1, 0, 5, 5]","[10, 0, 60, 60]",57.898404831965308,358896,75.86666666666666,76.459999999999994,2.2075461964357204,37,False,2.0575461964357205,False,1.2282224409282207,82.200000000000003,68.900000000000006,ca28f8345c23365ee7b92686e780ae0a9befa76c9d6bb9b3bb0b9e42272e111c,1.4785621481160676,0.57898404831965311,0.15000000000000002,2.2075461964357204,"[1, 0, 5, 5]",77.030000000000001,0.57000000000000739,99.260028560301166,72.31774298760601,0.71758154576158473,1.8051476429981603,0.189453125,40.533333333333331,40.729999999999997,76.549999999999997,76.989999999999995,75.730000000000004,14.690000000000001,-0.090000000000003411,10,0,60,60
cifar10_simplecnn_P3_seed306,cifar10_simplecnn,cifar10,simplecnn,P3,306,0.5,"[1, 1, 5, 5]","[10, 10, 60, 60]",58.195724278560732,360739,75.400000000000006,76.489999999999995,2.1514245446478855,109,False,2.0514245446478854,False,1.1407737359404564,61.899999999999999,61.399999999999999,ca28f8345c23365ee7b92686e780ae0a9befa76c9d6bb9b3bb0b9e42272e111c,1.4694673018622781,0.58195724278560734,0.10000000000000001,2.1514245446478855,"[1, 1, 5, 5]",77.030000000000001,0.54000000000000625,99.298974425548479,72.971037181996081,0.66242208101307909,1.7630691557098839,0.140625,40.799999999999997,41.200000000000003,76.349999999999994,77.019999999999996,75.590000000000003,14.599,0.14000000000000057,10,10,60,60
cifar10_simplecnn_P3_seed307,cifar10_simplecnn,cifar10,simplecnn,P3,307,0.5,"[0, 0, 0, 4]","[0, 0, 0, 40]",33.831984667802388,209715,77.066666666666663,77.040000000000006,1.9402687423038361,357,False,1.840268742303836,False,1.2386168390512466,72.400000000000006,59.5,ca28f8345c23365ee7b92686e780ae0a9befa76c9d6bb9b3bb0b9e42272e111c,1.501948895625812,0.33831984667802389,0.10000000000000001,1.9402687423038361,"[0, 0, 0, 4]",77.030000000000001,-0.010000000000005116,100.01298195508245,72.202446183953029,0.63221860384286999,1.7310517823206302,0.28515625,40.600000000000001,73.810000000000002,76.920000000000002,77.060000000000002,76.569999999999993,32.5,0.12000000000000455,0,0,0,40
cifar10_simplecnn_P3_seed308,cifar10_simplecnn,cifar10,simplecnn,P3,308,0.5,"[1, 2, 4, 4]","[10, 20, 40, 40]",39.198092509421301,242978,76.066666666666663,76.549999999999997,2.0244408644619045,212,False,1.8744408644619046,False,1.3797685503959656,70.599999999999994,58.200000000000003,ca28f8345c23365ee7b92686e780ae0a9befa76c9d6bb9b3bb0b9e42272e111c,1.4824599393676916,0.39198092509421301,0.15000000000000002,2.0244408644619045,"[1, 2, 4, 4]",77.030000000000001,0.48000000000000398,99.376866156043093,72.221526418786681,0.62692200167738321,1.724887879315123,0.232421875,40.200000000000003,68.209999999999994,76.849999999999994,76.969999999999999,76.299999999999997,28.052,-0.29999999999999716,10,20,40,40
cifar10_simplecnn_P3_seed309,cifar10_simplecnn,cifar10,simplecnn,P3,309,0.5,"[0, 0, 5, 5]","[0, 0, 60, 60]",57.884530999948375,358810,76.13333333333334,76.650000000000006,2.1626045131177172,92,True,2.0626045131177171,False,1.1968202851712704,68,67.599999999999994,ca28f8345c23365ee7b92686e780ae0a9befa76c9d6bb9b3bb0b9e42272e111c,1.4837592031182332,0.5788453099994838,0.10000000000000001,2.1626045131177172,"[0, 0, 5, 5]",77.030000000000001,0.37999999999999545,99.506685706867458,72.566992824527077,0.73169876614103624,1.8210211687653863,0.1640625,40.299999999999997,40.689999999999998,76.540000000000006,77,75.650000000000006,14.725,0.10999999999999943,0,0,60,60
cifar10_simplecnn_P3_seed310,cifar10_simplecnn,cifar10,simplecnn,P3,310,0.5,"[1, 1, 5, 5]","[10, 10, 60, 60]",58.195724278560732,360739,75.400000000000006,76.489999999999995,2.1514245446478855,109,False,2.0514245446478854,False,1.1318646818399429,69.200000000000003,68.700000000000003,ca28f8345c23365ee7b92686e780ae0a9befa76c9d6bb9b3bb0b9e42272e111c,1.4694673018622781,0.58195724278560734,0.10000000000000001,2.1514245446478855,"[1, 1, 5, 5]",77.030000000000001,0.54000000000000625,99.298974425548479,72.348727984344421,0.72956803602596176,1.8211055382183481,0.17578125,40.766666666666666,41.200000000000003,76.349999999999994,77.019999999999996,75.590000000000003,14.599,0.14000000000000057,10,10,60,60
cifar10_simplecnn_P3_seed311,cifar10_simplecnn,cifar10,simplecnn,P3,311,0.5,"[2, 2, 5, 5]","[20, 20, 60, 60]",58.507078880801195,362669,74.86666666666666,75.349999999999994,2.1441439806659592,117,False,2.0441439806659591,False,1.1975782513618469,67.599999999999994,67.099999999999994,ca28f8345c23365ee7b92686e780ae0a9befa76c9d6bb9b3bb0b9e42272e111c,1.4590731918579469,0.585070788808012,0.10000000000000001,2.1441439806659592,"[2, 2, 5, 5]",77.030000000000001,1.6800000000000068,97.819031546150839,72.789693411611225,0.73505051039297609,1.8238217482556924,0.150390625,40.200000000000003,40.670000000000002,76.370000000000005,76.950000000000003,75.439999999999998,14.605,-1.0200000000000102,20,20,60,60
cifar10_simplecnn_P3_seed312,cifar10_simplecnn,cifar10,simplecnn,P3,312,0.5,"[0, 2, 5, 5]","[0, 20, 60, 60]",58.479169893139229,362496,75.900000000000006,76.599999999999994,2.2140034789227307,31,False,2.0640034789227304,False,1.2580780163407326,75.599999999999994,63.600000000000001,ca28f8345c23365ee7b92686e780ae0a9befa76c9d6bb9b3bb0b9e42272e111c,1.4792117799913385,0.58479169893139227,0.15000000000000002,2.2140034789227307,"[0, 2, 5, 5]",77.030000000000001,0.43000000000000682,99.441775931455268,72.497358121330706,0.68409810425466,1.7811270554356939,0.1875,40.299999999999997,40.789999999999999,76.370000000000005,76.959999999999994,75.450000000000003,14.544999999999998,0.22999999999998977,0,20,60,60
cifar10_simplecnn_P3_seed313,cifar10_simplecnn,cifar10,simplecnn,P3,313,0.5,"[1, 1, 5, 5]","[10, 10, 60, 60]",58.195724278560732,360739,75.400000000000006,76.489999999999995,2.1514245446478855,109,False,2.0514245446478854,False,1.1771930232644081,67.099999999999994,66.599999999999994,ca28f8345c23365ee7b92686e780ae0a9befa76c9d6bb9b3bb0b9e42272e111c,1.4694673018622781,0.58195724278560734,0.10000000000000001,2.1514245446478855,"[1, 1, 5, 5]",77.030000000000001,0.54000000000000625,99.298974425548479,71.477071102413547,0.70686593778570306,1.7928537818924624,0.1875,40.200000000000003,41.200000000000003,76.349999999999994,77.019999999999996,75.590000000000003,14.599,0.14000000000000057,10,10,60,60
cifar10_simplecnn_P3_seed314,cifar10_simplecnn,cifar10,simplecnn,P3,314,0.5,"[0, 0, 5, 5]","[0, 0, 60, 60]",57.884530999948375,358810,76.13333333333334,76.650000000000006,2.1626045131177172,92,True,2.0626045131177171,False,1.2855962291359901,66.599999999999994,66.200000000000003,ca28f8345c23365ee7b92686e780ae0a9befa76c9d6bb9b3bb0b9e42272e111c,1.4837592031182332,0.5788453099994838,0.10000000000000001,2.1626045131177172,"[0, 0, 5, 5]",77.030000000000001,0.37999999999999545,99.506685706867458,72.275114155251146,0.7041345231169106,1.7947011645884763,0.197265625,40.200000000000003,40.689999999999998,76.540000000000006,77,75.650000000000006,14.725,0.10999999999999943,0,0,60,60
cifar10_simplecnn_P3_seed315,cifar10_simplecnn,cifar10,simplecnn,P3,315,0.5,"[0, 1, 5, 5]","[0, 10, 60, 60]",58.181850446543805,360653,75.900000000000006,76.560000000000002,2.2110302844567764,33,False,2.0610302844567761,False,1.1912821531295776,73,72.299999999999997,ca28f8345c23365ee7b92686e780ae0a9befa76c9d6bb9b3bb0b9e42272e111c,1.4792117799913385,0.58181850446543804,0.15000000000000002,2.2110302844567764,"[0, 1, 5, 5]",77.030000000000001,0.46999999999999886,99.389848111125531,72.370091324200914,0.69059834226174743,1.7852995269820704,0.19921875,40.200000000000003,41.200000000000003,76.319999999999993,77.040000000000006,75.540000000000006,14.559000000000001,0.24000000000000909,0,10,60,60
cifar10_simplecnn_P3_seed316,cifar10_simplecnn,cifar10,simplecnn,P3,316,0.5,"[0, 0, 5, 5]","[0, 0, 60, 60]",57.884530999948375,358810,76.13333333333334,76.650000000000006,2.1626045131177172,92,True,2.0626045131177171,False,1.292493924498558,81.200000000000003,80.599999999999994,ca28f8345c23365ee7b92686e780ae0a9befa76c9d6bb9b3bb0b9e42272e111c,1.4837592031182332,0.5788453099994838,0.10000000000000001,2.1626045131177172,"[0, 0, 5, 5]",77.030000000000001,0.37999999999999545,99.506685706867458,71.866797129810834,0.6645082320229091,1.7618935901588475,0.24609375,40.533333333333331,40.689999999999998,76.540000000000006,77,75.650000000000006,14.725,0.10999999999999943,0,0,60,60
cifar10_simplecnn_P3_seed317,cifar10_simplecnn,cifar10,simplecnn,P3,317,0.5,"[1, 1, 5, 5]","[10, 10, 60, 60]",58.195724278560732,360739,75.400000000000006,76.489999999999995,2.1514245446478855,109,False,2.0514245446478854,False,1.0455925390124321,86.900000000000006,86.400000000000006,ca28f8345c23365ee7b92686e780ae0a9befa76c9d6bb9b3bb0b9e42272e111c,1.4694673018622781,0.58195724278560734,0.10000000000000001,2.1514245446478855,"[1, 1, 5, 5]",77.030000000000001,0.54000000000000625,99.298974425548479,71.49960861056752,0.67122003188539392,1.7723147960351764,0.1953125,40.200000000000003,41.200000000000003,76.349999999999994,77.019999999999996,75.590000000000003,14.599,0.14000000000000057,10,10,60,60
cifar10_simplecnn_P3_seed318,cifar10_simplecnn,cifar10,simplecnn,P3,318,0.5,"[0, 2, 5, 5]","[0, 20, 60, 60]",58.479169893139229,362496,75.900000000000006,76.599999999999994,2.2140034789227307,31,False,2.0640034789227304,False,1.2490259334445,85.900000000000006,85.400000000000006,ca28f8345c23365ee7b92686e780ae0a9befa76c9d6bb9b3bb0b9e42272e111c,1.4792117799913385,0.58479169893139227,0.15000000000000002,2.2140034789227307,"[0, 2, 5, 5]",77.030000000000001,0.43000000000000682,99.441775931455268,72.377853881278526,0.7034212574329991,1.7983341665700727,0.166015625,40.200000000000003,40.789999999999999,76.370000000000005,76.959999999999994,75.450000000000003,14.544999999999998,0.22999999999998977,0,20,60,60
cifar10_simplecnn_P3_seed319,cifar10_simplecnn,cifar10,simplecnn,P3,319,0.5,"[2, 5, 5, 5]","[20, 60, 60, 60]",59.696517990811003,370042,72.733333333333334,73.219999999999999,2.1144619317487336,130,True,2.0144619317487336,False,0.91571544110774994,106.5,86.299999999999997,ca28f8345c23365ee7b92686e780ae0a9befa76c9d6bb9b3bb0b9e42272e111c,1.4174967518406236,0.59696517990811004,0.10000000000000001,2.1144619317487336,"[2, 5, 5, 5]",77.030000000000001,3.8100000000000023,95.053875113592099,72.590802348336595,0.69107284528028179,1.7881276009353502,0.142578125,40.299999999999997,40.719999999999999,76.400000000000006,76.950000000000003,75.099999999999994,13.831,-3.1800000000000068,20,60,60,60
